model,wilcoxon_stat,p_value
Naive,325236.0,2.6126875854177997e-10
Prophet,251496.0,1.9070949279581237e-40
XGBoost,287742.0,1.041787776504521e-26
HistGB,309157.0,5.595655398703213e-20
LightGBM,280418.0,3.019868092012651e-29
LSTM,319601.0,6.075709411636553e-14
