model,wilcoxon_stat,p_value
Naive,246958.5,9.340617526887135e-09
Prophet,176546.0,3.9030500147278656e-43
XGBoost,242164.0,1.72654852122119e-15
HistGB,236394.0,2.445060332624641e-17
LSTM,253789.0,2.753683283658012e-09
