model,wilcoxon_stat,p_value
Naive,246958.5,9.340617526887135e-09
Prophet,176546.0,3.9030500147278656e-43
XGBoost,266917.0,8.0227713717612e-09
HistGB,242348.0,1.969242339804094e-15
LSTM,263598.0,4.4061740572667845e-07
