model,wilcoxon_stat,p_value
Naive,284854.5,1.0755541385900982e-27
Prophet,267693.0,6.083593713991556e-34
XGBoost,302091.0,4.37366879758471e-22
HistGB,252527.0,5.151753328460085e-40
LightGBM,290306.0,7.546695002391058e-26
LSTM,239910.0,5.070438831029428e-41
