model,wilcoxon_stat,p_value
Naive,219584.5,2.3106476535403933e-23
Prophet,203684.0,6.140282416491634e-30
XGBoost,266497.0,6.430260911315437e-09
HistGB,262871.0,9.000064800746646e-10
LSTM,143808.0,1.7039321838360082e-57
