province,date,actual_t+1,pred_t+1,actual_t+2,pred_t+2,actual_t+3,pred_t+3,actual_t+4,pred_t+4,actual_t+5,pred_t+5,actual_t+6,pred_t+6
squeezed_An Giang,2016-01-01,9.9541645,14.282894,10.648642,13.170561,12.222788,19.773325,12.083893,19.334705,10.09306,21.96249,7.361452,31.209322
squeezed_An Giang,2016-02-01,10.648642,8.1192665,12.222788,12.1972885,12.083893,15.604752,10.09306,24.794333,7.361452,28.492794,9.630075,40.9375
squeezed_An Giang,2016-03-01,12.222788,17.152266,12.083893,22.62869,10.09306,31.370165,7.361452,35.270725,9.630075,35.334206,9.398583,43.657906
squeezed_An Giang,2016-04-01,12.083893,17.83372,10.09306,26.047968,7.361452,39.38129,9.630075,44.814686,9.398583,59.32633,11.389416,58.564667
squeezed_An Giang,2016-05-01,10.09306,20.523518,7.361452,38.67441,9.630075,49.174343,9.398583,60.517277,11.389416,47.580048,13.05616,39.084774
squeezed_An Giang,2016-06-01,7.361452,19.726461,9.630075,29.884428,9.398583,50.337383,11.389416,44.94484,13.05616,32.24116,11.667207,22.45604
squeezed_An Giang,2016-07-01,9.630075,17.060904,9.398583,29.04919,11.389416,24.269413,13.05616,25.640293,11.667207,16.24305,11.308975,9.688671
squeezed_An Giang,2016-08-01,9.398583,16.11905,11.389416,16.60726,13.05616,19.881176,11.667207,20.935608,11.308975,14.287017,11.820694,4.55692
squeezed_An Giang,2016-09-01,11.389416,12.433619,13.05616,17.213467,11.667207,15.180558,11.308975,10.307893,11.820694,4.694548,17.29608,2.1445248
squeezed_An Giang,2016-10-01,13.05616,13.854244,11.667207,14.771791,11.308975,13.65908,11.820694,7.7203474,17.29608,9.399705,18.780064,48.102764
squeezed_An Giang,2016-11-01,11.667207,13.094306,11.308975,14.759714,11.820694,9.382222,17.29608,5.3557787,18.780064,4.973303,17.24491,8.136369
squeezed_An Giang,2016-12-01,11.308975,18.147936,11.820694,4.183061,17.29608,3.2436285,18.780064,3.685321,17.24491,5.9237537,22.87381,15.996072
squeezed_An Giang,2017-01-01,11.820694,10.028524,17.29608,6.895194,18.780064,8.377147,17.24491,11.309089,22.87381,12.873123,29.782007,20.11287
squeezed_An Giang,2017-02-01,17.29608,11.278892,18.780064,11.28087,17.24491,15.5437155,22.87381,20.680277,29.782007,20.66504,33.057007,24.23815
squeezed_An Giang,2017-03-01,18.780064,17.643105,17.24491,25.090052,22.87381,29.058514,29.782007,34.63373,33.057007,34.043762,29.884352,30.177992
squeezed_An Giang,2017-04-01,17.24491,29.358105,22.87381,30.175938,29.782007,40.605873,33.057007,37.897926,29.884352,34.102985,20.468735,31.288065
squeezed_An Giang,2017-05-01,22.87381,24.783192,29.782007,34.92755,33.057007,39.184055,29.884352,34.721954,20.468735,32.309258,13.202333,35.53835
squeezed_An Giang,2017-06-01,29.782007,29.84314,33.057007,28.88982,29.884352,31.425325,20.468735,32.661602,13.202333,31.880066,11.053117,28.858746
squeezed_An Giang,2017-07-01,33.057007,33.466095,29.884352,31.361631,20.468735,27.40805,13.202333,28.642908,11.053117,22.003319,10.875195,19.900974
squeezed_An Giang,2017-08-01,29.884352,30.469543,20.468735,32.232033,13.202333,36.75738,11.053117,33.394905,10.875195,20.136986,6.0590367,11.775797
squeezed_An Giang,2017-09-01,20.468735,30.127716,13.202333,35.764187,11.053117,34.540295,10.875195,24.720642,6.0590367,12.654305,9.684101,7.14761
squeezed_An Giang,2017-10-01,13.202333,22.745115,11.053117,18.20626,10.875195,15.289848,6.0590367,16.183306,9.684101,9.638577,12.532367,11.047655
squeezed_An Giang,2017-11-01,11.053117,12.841342,10.875195,9.879669,6.0590367,10.260565,9.684101,13.013099,12.532367,8.979799,17.037804,11.740846
squeezed_An Giang,2017-12-01,10.875195,13.59479,6.0590367,8.854145,9.684101,8.713501,12.532367,13.405243,17.037804,13.194894,17.711031,21.604643
squeezed_BR Vũng Tàu,2016-01-01,11.813187,10.943683,18.223444,16.248714,14.560439,18.432188,9.70696,15.104635,11.813187,20.343094,16.391941,27.094742
squeezed_BR Vũng Tàu,2016-02-01,18.223444,15.655808,14.560439,20.287493,9.70696,21.070364,11.813187,34.80885,16.391941,36.73425,44.96337,39.34868
squeezed_BR Vũng Tàu,2016-03-01,14.560439,24.53606,9.70696,31.181698,11.813187,39.5565,16.391941,50.01177,44.96337,43.906364,53.38828,43.570896
squeezed_BR Vũng Tàu,2016-04-01,9.70696,24.070356,11.813187,29.95435,16.391941,42.101482,44.96337,45.171482,53.38828,54.715378,55.03663,50.88481
squeezed_BR Vũng Tàu,2016-05-01,11.813187,16.693314,16.391941,23.005762,44.96337,44.801548,53.38828,41.524414,55.03663,49.993504,49.084248,40.175426
squeezed_BR Vũng Tàu,2016-06-01,16.391941,24.368494,44.96337,40.01006,53.38828,45.153713,55.03663,38.828594,49.084248,31.527067,46.61172,62.088905
squeezed_BR Vũng Tàu,2016-07-01,44.96337,29.347036,53.38828,37.968185,55.03663,34.14955,49.084248,30.140095,46.61172,41.010193,26.171043,13.292466
squeezed_BR Vũng Tàu,2016-08-01,53.38828,50.34003,55.03663,45.635143,49.084248,41.543846,46.61172,48.36647,26.171043,22.003784,19.339958,6.846526
squeezed_BR Vũng Tàu,2016-09-01,55.03663,54.8748,49.084248,46.755775,46.61172,26.693205,26.171043,18.56176,19.339958,11.25288,19.606104,0.25730133
squeezed_BR Vũng Tàu,2016-10-01,49.084248,48.858215,46.61172,39.555077,26.171043,26.695028,19.339958,3.7468927,19.606104,0.89680505,12.331441,0.37429953
squeezed_BR Vũng Tàu,2016-11-01,46.61172,126.87117,26.171043,18.98205,19.339958,7.2578015,19.606104,-0.7248171,12.331441,-0.2370772,9.936125,0.8278795
squeezed_BR Vũng Tàu,2016-12-01,26.171043,137.4941,19.339958,13.338431,19.606104,2.966143,12.331441,5.1970797,9.936125,4.3773737,17.654366,4.2772665
squeezed_BR Vũng Tàu,2017-01-01,19.339958,17.589764,19.606104,12.518167,12.331441,14.128193,9.936125,20.180557,17.654366,18.658834,28.477644,22.089123
squeezed_BR Vũng Tàu,2017-02-01,19.606104,19.848919,12.331441,18.18772,9.936125,26.045786,17.654366,26.734394,28.477644,25.552658,37.349182,27.063726
squeezed_BR Vũng Tàu,2017-03-01,12.331441,23.852375,9.936125,21.835485,17.654366,25.707657,28.477644,32.15058,37.349182,37.54732,27.324343,42.528595
squeezed_BR Vũng Tàu,2017-04-01,9.936125,16.267056,17.654366,19.913399,28.477644,28.648844,37.349182,33.252136,27.324343,38.639603,20.84812,41.88655
squeezed_BR Vũng Tàu,2017-05-01,17.654366,13.333865,28.477644,19.780268,37.349182,26.981722,27.324343,36.7846,20.84812,36.310093,17.654366,36.31129
squeezed_BR Vũng Tàu,2017-06-01,28.477644,24.42481,37.349182,38.05069,27.324343,37.266537,20.84812,34.027134,17.654366,28.369936,13.129879,25.959864
squeezed_BR Vũng Tàu,2017-07-01,37.349182,34.973877,27.324343,34.665222,20.84812,34.07398,17.654366,23.958048,13.129879,19.645508,8.872881,15.258387
squeezed_BR Vũng Tàu,2017-08-01,27.324343,35.2276,20.84812,34.461807,17.654366,27.742971,13.129879,22.900764,8.872881,17.162312,5.6224194,10.221327
squeezed_BR Vũng Tàu,2017-09-01,20.84812,29.739023,17.654366,29.886332,13.129879,24.064764,8.872881,16.364334,5.6224194,13.244411,5.88597,6.706937
squeezed_BR Vũng Tàu,2017-10-01,17.654366,21.314423,13.129879,15.626878,8.872881,18.023123,5.6224194,12.979349,5.88597,9.072282,5.71027,11.832809
squeezed_BR Vũng Tàu,2017-11-01,13.129879,11.193206,8.872881,14.268141,5.6224194,9.5037775,5.88597,8.648691,5.71027,6.6787753,6.676623,9.7220955
squeezed_BR Vũng Tàu,2017-12-01,8.872881,16.983837,5.6224194,8.170115,5.88597,8.45541,5.71027,11.728546,6.676623,12.495567,8.345778,13.930757
squeezed_Bình Phước,2016-01-01,10.560435,18.371191,9.828524,18.379059,13.278963,27.194233,10.97867,30.370872,29.381012,40.64185,54.266,39.044365
squeezed_Bình Phước,2016-02-01,9.828524,13.331557,13.278963,18.688616,10.97867,26.42575,29.381012,33.713463,54.266,50.12137,79.046425,59.664345
squeezed_Bình Phước,2016-03-01,13.278963,8.550364,10.97867,14.184873,29.381012,30.901596,54.266,39.86465,79.046425,41.25879,58.552906,55.206524
squeezed_Bình Phước,2016-04-01,10.97867,30.921322,29.381012,78.59772,54.266,87.06209,79.046425,66.3224,58.552906,131.7708,36.072773,63.757545
squeezed_Bình Phước,2016-05-01,29.381012,39.400814,54.266,62.787567,79.046425,92.75757,58.552906,73.568245,36.072773,75.72992,23.002928,38.864853
squeezed_Bình Phước,2016-06-01,54.266,60.10546,79.046425,80.82142,58.552906,76.685036,36.072773,77.64601,23.002928,25.715378,12.547051,18.39365
squeezed_Bình Phước,2016-07-01,79.046425,88.96317,58.552906,85.26446,36.072773,67.184265,23.002928,26.895958,12.547051,15.776558,12.646515,7.731694
squeezed_Bình Phước,2016-08-01,58.552906,76.319855,36.072773,65.33612,23.002928,36.87031,12.547051,19.9711,12.646515,5.8015957,7.505655,4.6379695
squeezed_Bình Phước,2016-09-01,36.072773,42.921917,23.002928,32.25505,12.547051,22.269705,12.646515,7.2961493,7.505655,3.3950548,7.6084723,4.2139945
squeezed_Bình Phước,2016-10-01,23.002928,26.227531,12.547051,18.003962,12.646515,7.142192,7.505655,4.725622,7.6084723,1.1989213,6.6831174,0.7297498
squeezed_Bình Phước,2016-11-01,12.547051,12.763241,12.646515,8.22383,7.505655,11.786012,7.6084723,9.473009,6.6831174,0.6733646,18.815546,6.607006
squeezed_Bình Phước,2016-12-01,12.646515,11.504425,7.505655,3.9235563,7.6084723,0.2984804,6.6831174,0.45572767,18.815546,3.5055718,30.845158,11.066885
squeezed_Bình Phước,2017-01-01,7.505655,7.336159,7.6084723,5.727259,6.6831174,5.9633026,18.815546,10.6144905,30.845158,18.590706,40.50997,25.062494
squeezed_Bình Phước,2017-02-01,7.6084723,5.7275076,6.6831174,4.945244,18.815546,12.198808,30.845158,19.072142,40.50997,25.852938,37.117004,24.075617
squeezed_Bình Phước,2017-03-01,6.6831174,9.18532,18.815546,12.067098,30.845158,23.989183,40.50997,33.820057,37.117004,32.182533,26.218384,25.603062
squeezed_Bình Phước,2017-04-01,18.815546,11.093579,30.845158,14.495194,40.50997,27.790453,37.117004,28.4956,26.218384,24.237398,16.1423,18.242237
squeezed_Bình Phước,2017-05-01,30.845158,28.199768,40.50997,42.9613,37.117004,50.250946,26.218384,40.828434,16.1423,21.897268,12.852149,20.851896
squeezed_Bình Phước,2017-06-01,40.50997,46.090454,37.117004,65.40352,26.218384,35.396675,16.1423,25.992153,12.852149,22.752619,3.1873329,18.14322
squeezed_Bình Phước,2017-07-01,37.117004,41.881924,26.218384,29.502888,16.1423,21.335749,12.852149,19.927095,3.1873329,12.192935,8.224185,7.074242
squeezed_Bình Phước,2017-08-01,26.218384,29.088163,16.1423,26.640894,12.852149,19.985914,3.1873329,14.126831,8.224185,5.950751,4.061326,3.5909653
squeezed_Bình Phước,2017-09-01,16.1423,22.628986,12.852149,17.786175,3.1873329,16.684072,8.224185,10.040368,4.061326,8.395266,10.96558,6.6040616
squeezed_Bình Phước,2017-10-01,12.852149,15.997468,3.1873329,12.879619,8.224185,10.614835,4.061326,19.527351,10.96558,10.148107,10.457914,9.640219
squeezed_Bình Phước,2017-11-01,3.1873329,10.741835,8.224185,9.225747,4.061326,8.214723,10.96558,12.273595,10.457914,13.874523,22.946491,14.449676
squeezed_Bình Phước,2017-12-01,8.224185,7.4963117,4.061326,7.219488,10.96558,8.372874,10.457914,11.884881,22.946491,19.955166,50.157375,19.571108
squeezed_Bình Thuận,2016-01-01,8.096835,11.883763,10.550421,10.265573,6.951828,14.883588,5.806821,16.054016,9.977918,22.494057,19.710476,24.852163
squeezed_Bình Thuận,2016-02-01,10.550421,6.8577943,6.951828,8.410495,5.806821,10.649748,9.977918,22.019737,19.710476,32.512466,39.175594,26.741741
squeezed_Bình Thuận,2016-03-01,6.951828,12.056825,5.806821,17.6003,9.977918,22.305359,19.710476,29.080446,39.175594,31.06126,42.28347,31.910889
squeezed_Bình Thuận,2016-04-01,5.806821,10.179761,9.977918,13.365353,19.710476,17.30234,39.175594,23.345528,42.28347,27.519085,20.446552,30.24056
squeezed_Bình Thuận,2016-05-01,9.977918,8.387613,19.710476,14.20339,39.175594,14.250431,42.28347,16.208439,20.446552,18.211685,20.201195,23.561214
squeezed_Bình Thuận,2016-06-01,19.710476,13.63803,39.175594,17.372849,42.28347,20.442804,20.446552,32.48293,20.201195,22.426521,9.241842,15.335782
squeezed_Bình Thuận,2016-07-01,39.175594,23.354921,42.28347,24.678244,20.446552,27.612158,20.201195,23.203499,9.241842,15.3916235,12.61778,9.650552
squeezed_Bình Thuận,2016-08-01,42.28347,41.691895,20.446552,34.572273,20.201195,25.97501,9.241842,15.667723,12.61778,9.554584,11.388775,2.1277983
squeezed_Bình Thuận,2016-09-01,20.446552,36.396584,20.201195,31.169737,9.241842,21.6635,12.61778,12.417507,11.388775,2.8393888,10.159771,-1.7192739
squeezed_Bình Thuận,2016-10-01,20.201195,15.674766,9.241842,11.484827,12.61778,8.968303,11.388775,3.8089526,10.159771,-2.3928273,7.21016,-2.8593676
squeezed_Bình Thuận,2016-11-01,9.241842,12.011516,12.61778,5.814849,11.388775,5.209014,10.159771,-0.5976672,7.21016,0.47312367,7.9475627,1.2407285
squeezed_Bình Thuận,2016-12-01,12.61778,4.6207232,11.388775,1.8531795,10.159771,2.2348258,7.21016,-0.9282757,7.9475627,-1.2142701,10.733306,8.205653
squeezed_Bình Thuận,2017-01-01,11.388775,14.880936,10.159771,15.888332,7.21016,46.790962,7.9475627,29.612547,10.733306,23.477072,14.256453,46.078526
squeezed_Bình Thuận,2017-02-01,10.159771,12.376327,7.21016,16.786184,7.9475627,20.414059,10.733306,35.854794,14.256453,35.06043,27.365833,38.565945
squeezed_Bình Thuận,2017-03-01,7.21016,17.60946,7.9475627,18.499702,10.733306,28.709312,14.256453,28.17246,27.365833,36.614655,17.943466,37.90182
squeezed_Bình Thuận,2017-04-01,7.9475627,11.128167,10.733306,16.036123,14.256453,21.873407,27.365833,28.019299,17.943466,29.259481,15.56739,31.090124
squeezed_Bình Thuận,2017-05-01,10.733306,11.891022,14.256453,16.410666,27.365833,18.281002,17.943466,23.25112,15.56739,25.266714,13.764851,24.688
squeezed_Bình Thuận,2017-06-01,14.256453,15.422339,27.365833,19.633577,17.943466,22.700274,15.56739,25.565964,13.764851,18.047201,12.453913,13.997999
squeezed_Bình Thuận,2017-07-01,27.365833,17.35118,17.943466,21.444159,15.56739,17.910686,13.764851,15.978253,12.453913,11.876347,10.3479185,12.65709
squeezed_Bình Thuận,2017-08-01,17.943466,29.846615,15.56739,30.26131,13.764851,26.163742,12.453913,19.38324,10.3479185,12.119227,4.481382,7.7548504
squeezed_Bình Thuận,2017-09-01,15.56739,18.636421,13.764851,24.508823,12.453913,21.801826,10.3479185,17.33441,4.481382,14.691651,3.3406665,12.959723
squeezed_Bình Thuận,2017-10-01,13.764851,16.711842,12.453913,16.175938,10.3479185,13.694448,4.481382,17.93832,3.3406665,14.216015,3.2591867,13.995043
squeezed_Bình Thuận,2017-11-01,12.453913,13.231064,10.3479185,13.449746,4.481382,14.34937,3.3406665,15.670103,3.2591867,16.765476,4.3999023,22.624979
squeezed_Bình Thuận,2017-12-01,10.3479185,26.564737,4.481382,13.655841,3.3406665,21.922266,3.2591867,19.946796,4.3999023,19.164946,4.155463,32.09325
squeezed_Bình Định,2016-01-01,34.894398,180.75038,17.709562,40.14695,17.053654,50.564198,13.577332,43.705498,8.461236,83.80492,10.363374,91.41813
squeezed_Bình Định,2016-02-01,17.709562,19.457619,17.053654,19.771395,13.577332,21.596998,8.461236,36.9602,10.363374,44.17166,15.676243,30.85577
squeezed_Bình Định,2016-03-01,17.053654,15.34902,13.577332,19.992498,8.461236,25.101736,10.363374,35.615807,15.676243,39.330055,14.298833,49.039158
squeezed_Bình Định,2016-04-01,13.577332,18.30838,8.461236,26.509192,10.363374,32.442566,15.676243,52.835556,14.298833,52.251534,25.318117,48.511814
squeezed_Bình Định,2016-05-01,8.461236,15.9016485,10.363374,21.532434,15.676243,35.44721,14.298833,44.017097,25.318117,41.095577,30.040667,51.047894
squeezed_Bình Định,2016-06-01,10.363374,12.45097,15.676243,14.787487,14.298833,31.098064,25.318117,35.515537,30.040667,41.222893,19.742884,36.57837
squeezed_Bình Định,2016-07-01,15.676243,14.601058,14.298833,21.490484,25.318117,39.235405,30.040667,49.191025,19.742884,32.186092,12.233649,28.297205
squeezed_Bình Định,2016-08-01,14.298833,23.774294,25.318117,32.284588,30.040667,44.2615,19.742884,32.00482,12.233649,23.018084,11.561471,2.827386
squeezed_Bình Định,2016-09-01,25.318117,26.816832,30.040667,35.73251,19.742884,42.876373,12.233649,24.416544,11.561471,18.505882,11.090946,5.2901983
squeezed_Bình Định,2016-10-01,30.040667,39.94413,19.742884,32.764545,12.233649,16.633503,11.561471,8.742567,11.090946,3.4514532,9.007193,-1.8267269
squeezed_Bình Định,2016-11-01,19.742884,27.14951,12.233649,13.237515,11.561471,9.056786,11.090946,5.2816663,9.007193,0.28776312,9.141628,-0.84011155
squeezed_Bình Định,2016-12-01,12.233649,8.562971,11.561471,5.8569813,11.090946,4.1692777,9.007193,0.7905808,9.141628,-2.1037288,11.494253,4.3706784
squeezed_Bình Định,2017-01-01,11.561471,8.445981,11.090946,6.1580906,9.007193,7.0032,9.141628,11.721428,11.494253,16.861036,12.166431,24.843382
squeezed_Bình Định,2017-02-01,11.090946,10.448922,9.007193,7.733385,9.141628,10.967433,11.494253,35.886204,12.166431,32.25177,15.796195,20.490913
squeezed_Bình Định,2017-03-01,9.007193,11.013894,9.141628,11.428202,11.494253,22.082687,12.166431,27.41485,15.796195,24.115604,23.257378,23.51262
squeezed_Bình Định,2017-04-01,9.141628,11.962757,11.494253,12.094544,12.166431,22.184402,15.796195,26.428238,23.257378,18.644756,30.248034,24.47478
squeezed_Bình Định,2017-05-01,11.494253,11.540212,12.166431,15.66579,15.796195,22.505201,23.257378,17.525414,30.248034,20.49158,40.196278,22.679333
squeezed_Bình Định,2017-06-01,12.166431,16.537973,15.796195,27.629065,23.257378,37.34437,30.248034,36.943027,40.196278,33.391895,35.28937,31.249249
squeezed_Bình Định,2017-07-01,15.796195,15.062314,23.257378,27.122509,30.248034,29.24624,40.196278,28.68064,35.28937,15.689098,22.045975,18.14567
squeezed_Bình Định,2017-08-01,23.257378,18.733257,30.248034,24.666653,40.196278,25.82453,35.28937,34.379116,22.045975,18.626617,6.4524803,10.232902
squeezed_Bình Định,2017-09-01,30.248034,32.750477,40.196278,31.998898,35.28937,33.78744,22.045975,19.769934,6.4524803,10.897885,6.385267,3.069799
squeezed_Bình Định,2017-10-01,40.196278,38.17261,35.28937,26.168108,22.045975,16.548744,6.4524803,12.019018,6.385267,6.212559,4.368867,2.8572586
squeezed_Bình Định,2017-11-01,35.28937,32.867924,22.045975,21.405846,6.4524803,12.09175,6.385267,12.444064,4.368867,9.816647,6.0492,1.4593675
squeezed_Bình Định,2017-12-01,22.045975,18.32418,6.4524803,12.4265175,6.385267,11.524835,4.368867,7.973914,6.0492,10.224284,6.4524803,6.967658
squeezed_Bạc Liêu,2016-01-01,3.272399,6.903548,3.0467162,6.6987505,4.17513,9.678131,4.287971,13.778642,6.7704806,17.071218,7.6732116,30.502438
squeezed_Bạc Liêu,2016-02-01,3.0467162,3.8902314,4.17513,5.903156,4.287971,5.6317887,6.7704806,12.401229,7.6732116,26.745605,7.334687,35.914635
squeezed_Bạc Liêu,2016-03-01,4.17513,4.415743,4.287971,5.9473977,6.7704806,7.4175463,7.6732116,32.008537,7.334687,29.389751,9.704355,29.613132
squeezed_Bạc Liêu,2016-04-01,4.287971,6.9774513,6.7704806,7.5071154,7.6732116,32.571987,7.334687,23.941833,9.704355,26.477514,10.494246,26.741789
squeezed_Bạc Liêu,2016-05-01,6.7704806,7.594342,7.6732116,16.174343,7.334687,25.780804,9.704355,27.560799,10.494246,24.755367,10.719928,24.933718
squeezed_Bạc Liêu,2016-06-01,7.6732116,16.120777,7.334687,25.035772,9.704355,26.684341,10.494246,22.643745,10.719928,24.794497,10.381404,26.02147
squeezed_Bạc Liêu,2016-07-01,7.334687,15.050035,9.704355,20.572556,10.494246,17.676197,10.719928,15.922814,10.381404,17.50293,7.5749135,14.653208
squeezed_Bạc Liêu,2016-08-01,9.704355,11.114312,10.494246,11.415962,10.719928,11.701179,10.381404,11.830407,7.5749135,13.892554,6.4609556,9.126938
squeezed_Bạc Liêu,2016-09-01,10.494246,8.430195,10.719928,9.919748,10.381404,9.619518,7.5749135,12.088436,6.4609556,10.698741,6.5723515,4.5617027
squeezed_Bạc Liêu,2016-10-01,10.719928,10.621373,10.381404,8.6861725,7.5749135,8.145511,6.4609556,8.15745,6.5723515,7.959056,6.0153728,5.907242
squeezed_Bạc Liêu,2016-11-01,10.381404,9.561662,7.5749135,9.92257,6.4609556,6.0531697,6.5723515,8.614943,6.0153728,6.0268664,4.678623,6.624835
squeezed_Bạc Liêu,2016-12-01,7.5749135,17.017017,6.4609556,7.4462504,6.5723515,13.91522,6.0153728,10.589285,4.678623,6.567886,12.0307455,8.804217
squeezed_Bạc Liêu,2017-01-01,6.4609556,5.87885,6.5723515,8.172283,6.0153728,6.098446,4.678623,10.604416,12.0307455,11.74727,14.258661,20.252495
squeezed_Bạc Liêu,2017-02-01,6.5723515,7.1882277,6.0153728,7.5210266,4.678623,10.3075485,12.0307455,19.76618,14.258661,27.75012,16.375181,25.798956
squeezed_Bạc Liêu,2017-03-01,6.0153728,7.680595,4.678623,10.061607,12.0307455,14.112662,14.258661,45.555016,16.375181,32.118687,12.476329,31.378975
squeezed_Bạc Liêu,2017-04-01,4.678623,6.443264,12.0307455,10.051925,14.258661,20.303648,16.375181,21.338917,12.476329,27.193565,6.2381644,29.517551
squeezed_Bạc Liêu,2017-05-01,12.0307455,7.495115,14.258661,14.306088,16.375181,20.389977,12.476329,22.434978,6.2381644,26.019585,4.010248,29.379242
squeezed_Bạc Liêu,2017-06-01,14.258661,18.462858,16.375181,25.181284,12.476329,26.982355,6.2381644,30.57532,4.010248,29.070202,2.6734989,29.122475
squeezed_Bạc Liêu,2017-07-01,16.375181,20.787582,12.476329,21.131813,6.2381644,24.624458,4.010248,22.553892,2.6734989,22.361338,1.3289037,18.62263
squeezed_Bạc Liêu,2017-08-01,12.476329,18.866796,6.2381644,19.775139,4.010248,23.139425,2.6734989,21.13825,1.3289037,16.39856,0.4429679,14.374122
squeezed_Bạc Liêu,2017-09-01,6.2381644,16.069855,4.010248,19.292402,2.6734989,16.592304,1.3289037,18.518625,0.4429679,17.496378,1.3289037,19.065126
squeezed_Bạc Liêu,2017-10-01,4.010248,8.158942,2.6734989,9.724251,1.3289037,12.178198,0.4429679,15.015954,1.3289037,22.05809,0.33222592,19.304178
squeezed_Bạc Liêu,2017-11-01,2.6734989,4.4718146,1.3289037,9.865944,0.4429679,20.431744,1.3289037,15.010831,0.33222592,23.512926,1.4396456,24.553644
squeezed_Bạc Liêu,2017-12-01,1.3289037,10.59461,0.4429679,11.178357,1.3289037,10.657858,0.33222592,14.256656,1.4396456,20.989706,1.8826135,29.40948
squeezed_Bắc Giang,2016-01-01,0.0,0.16572654,0.0,0.70960104,0.0,0.86607563,0.0,0.78956217,0.0,0.36409426,0.0,1.3788127
squeezed_Bắc Giang,2016-02-01,0.0,-0.31903479,0.0,5.2437744,0.0,0.9503309,0.0,0.77057576,0.0,-0.23276365,0.0,-0.21395369
squeezed_Bắc Giang,2016-03-01,0.0,0.06408259,0.0,0.19709243,0.0,0.8635218,0.0,-0.26909366,0.0,0.5176208,0.0,0.9389951
squeezed_Bắc Giang,2016-04-01,0.0,0.22281422,0.0,-0.12977406,0.0,0.33563474,0.0,0.9626001,0.0,0.52837694,0.0,1.9349552
squeezed_Bắc Giang,2016-05-01,0.0,-0.16549045,0.0,-0.11509727,0.0,0.46734458,0.0,-0.29910985,0.0,0.41356504,0.0,0.22992077
squeezed_Bắc Giang,2016-06-01,0.0,0.15090834,0.0,1.0004143,0.0,1.8379879,0.0,1.1944371,0.0,0.4032389,0.0,1.274455
squeezed_Bắc Giang,2016-07-01,0.0,0.627273,0.0,1.4128293,0.0,2.1337364,0.0,0.79330003,0.0,-0.10608474,0.0,0.9599055
squeezed_Bắc Giang,2016-08-01,0.0,0.81750834,0.0,1.2704507,0.0,-0.013023254,0.0,-0.47064558,0.0,0.035029452,0.0,-0.13486038
squeezed_Bắc Giang,2016-09-01,0.0,0.6102962,0.0,0.2662776,0.0,0.4300307,0.0,0.77050626,0.0,0.19082382,0.28788576,2.1816983
squeezed_Bắc Giang,2016-10-01,0.0,0.10938213,0.0,-1.3180834,0.0,1.3576355,0.0,2.025834,0.28788576,1.7673686,0.1151543,2.195741
squeezed_Bắc Giang,2016-11-01,0.0,-0.61229956,0.0,0.048219144,0.0,2.2107077,0.28788576,0.9270088,0.1151543,2.0576844,0.0,1.1210446
squeezed_Bắc Giang,2016-12-01,0.0,0.5440655,0.0,2.5207348,0.28788576,0.3811537,0.1151543,3.1542366,0.0,3.4775355,0.0,0.5575477
squeezed_Bắc Giang,2017-01-01,0.0,-0.008830581,0.28788576,1.2442281,0.1151543,1.16709,0.0,3.9300823,0.0,0.44125086,4.7213264,0.5676791
squeezed_Bắc Giang,2017-02-01,0.28788576,-0.23984495,0.1151543,0.2787129,0.0,0.20941965,0.0,0.23574504,4.7213264,0.5996272,23.088438,0.5950489
squeezed_Bắc Giang,2017-03-01,0.1151543,0.24942352,0.0,0.40563405,0.0,0.77515763,4.7213264,0.5244466,23.088438,0.3426926,18.19438,-0.8848919
squeezed_Bắc Giang,2017-04-01,0.0,0.0071388893,0.0,0.46527335,4.7213264,-0.045116197,23.088438,0.08457054,18.19438,-0.11914721,6.736527,1.7179863
squeezed_Bắc Giang,2017-05-01,0.0,0.2667115,4.7213264,0.31034318,23.088438,0.10648997,18.19438,0.46791956,6.736527,0.4339479,1.7273146,0.4547653
squeezed_Bắc Giang,2017-06-01,4.7213264,0.035146438,23.088438,-0.6595457,18.19438,1.3686415,6.736527,1.3619164,1.7273146,1.8425901,0.40304008,0.7921232
squeezed_Bắc Giang,2017-07-01,23.088438,3.5555298,18.19438,5.407725,6.736527,8.458972,1.7273146,5.888889,0.40304008,4.6894245,0.0,5.1142116
squeezed_Bắc Giang,2017-08-01,18.19438,22.90339,6.736527,19.445444,1.7273146,20.046684,0.40304008,8.134627,0.0,2.4146929,0.05625879,-1.0903673
squeezed_Bắc Giang,2017-09-01,6.736527,19.678305,1.7273146,27.682281,0.40304008,12.890214,0.0,3.0832863,0.05625879,0.550323,0.11251758,-2.4039626
squeezed_Bắc Giang,2017-10-01,1.7273146,6.9387307,0.40304008,2.6235762,0.0,-1.8937787,0.05625879,-1.1858773,0.11251758,0.0662,0.05625879,-3.122057
squeezed_Bắc Giang,2017-11-01,0.40304008,0.6049915,0.0,-2.5205398,0.05625879,-3.7134356,0.11251758,0.274912,0.05625879,-1.5717939,0.0,-2.000642
squeezed_Bắc Giang,2017-12-01,0.0,-0.43472964,0.05625879,-2.0540235,0.11251758,-0.95061004,0.05625879,-0.6765007,0.0,-0.006401758,0.05625879,-0.51698846
squeezed_Bắc Kạn,2016-01-01,0.0,0.47771734,0.0,1.5035632,0.0,1.3135101,0.0,-0.037997477,0.0,1.1430238,0.0,1.652596
squeezed_Bắc Kạn,2016-02-01,0.0,-0.3359234,0.0,-0.49183717,0.0,-0.018004093,0.0,0.17793807,0.0,-0.2663964,0.0,-0.2597773
squeezed_Bắc Kạn,2016-03-01,0.0,-0.110872395,0.0,0.18184662,0.0,0.2603303,0.0,-0.025542818,0.0,0.44196272,0.0,1.4339204
squeezed_Bắc Kạn,2016-04-01,0.0,-0.10668265,0.0,-0.41804492,0.0,-0.8487441,0.0,-1.0742918,0.0,-0.5104427,0.0,0.1638847
squeezed_Bắc Kạn,2016-05-01,0.0,0.005269286,0.0,-0.391976,0.0,-0.58517796,0.0,-0.24287114,0.0,-0.0756267,0.0,-0.42943013
squeezed_Bắc Kạn,2016-06-01,0.0,0.2342403,0.0,0.51598763,0.0,0.19661371,0.0,-0.21056025,0.0,0.28939345,0.0,0.13675761
squeezed_Bắc Kạn,2016-07-01,0.0,0.52632004,0.0,0.83478177,0.0,0.08575858,0.0,-0.07115368,0.0,0.03328302,0.0,1.1407737
squeezed_Bắc Kạn,2016-08-01,0.0,0.6711665,0.0,0.16419193,0.0,-0.7993369,0.0,-0.67088395,0.0,0.5592343,0.0,1.7613956
squeezed_Bắc Kạn,2016-09-01,0.0,0.24959679,0.0,-0.20891401,0.0,-0.46420568,0.0,0.5519477,0.0,3.1820908,0.0,2.3451838
squeezed_Bắc Kạn,2016-10-01,0.0,-0.22121336,0.0,-0.68475294,0.0,0.71484494,0.0,2.8990746,0.0,2.5549664,0.0,5.462657
squeezed_Bắc Kạn,2016-11-01,0.0,0.10986551,0.0,1.4348516,0.0,1.963268,0.0,2.0784392,0.0,2.848552,0.0,1.9687726
squeezed_Bắc Kạn,2016-12-01,0.0,0.64344627,0.0,2.7465246,0.0,1.989787,0.0,10.685156,0.0,1.1935273,0.32268474,1.828727
squeezed_Bắc Kạn,2017-01-01,0.0,2.0145826,0.0,1.7153919,0.0,7.736007,0.0,2.5583313,0.32268474,1.010718,0.64536947,0.52476114
squeezed_Bắc Kạn,2017-02-01,0.0,0.095576935,0.0,0.73803484,0.0,0.96809465,0.32268474,0.8521706,0.64536947,-0.6084924,7.0990644,-0.6720624
squeezed_Bắc Kạn,2017-03-01,0.0,0.3330125,0.0,-0.10144324,0.32268474,0.7787366,0.64536947,-0.39383337,7.0990644,-0.6842328,7.0990644,-1.082948
squeezed_Bắc Kạn,2017-04-01,0.0,-0.1070399,0.32268474,0.10466598,0.64536947,-0.48018724,7.0990644,-0.8458576,7.0990644,-0.00055055274,4.1949015,-0.22136845
squeezed_Bắc Kạn,2017-05-01,0.32268474,0.0001755365,0.64536947,0.2035517,7.0990644,-0.5839106,7.0990644,0.16865392,4.1949015,-0.24979548,0.32268474,-0.9992796
squeezed_Bắc Kạn,2017-06-01,0.64536947,0.2707611,7.0990644,-0.081870556,7.0990644,-0.41920298,4.1949015,-0.3646555,0.32268474,-0.13398872,0.0,1.1365684
squeezed_Bắc Kạn,2017-07-01,7.0990644,0.47304502,7.0990644,0.35854182,4.1949015,1.4893901,0.32268474,0.6472345,0.0,1.8022388,0.0,1.4932253
squeezed_Bắc Kạn,2017-08-01,7.0990644,5.7708673,4.1949015,7.2206993,0.32268474,4.7442527,0.0,5.4818606,0.0,4.4980063,0.0,2.2227814
squeezed_Bắc Kạn,2017-09-01,4.1949015,6.496491,0.32268474,5.999833,0.0,6.9051743,0.0,4.173253,0.0,2.9699192,0.0,2.9469712
squeezed_Bắc Kạn,2017-10-01,0.32268474,2.7935245,0.0,2.6509042,0.0,1.5590093,0.0,4.273658,0.0,0.92302465,0.0,6.1456122
squeezed_Bắc Kạn,2017-11-01,0.0,1.1468245,0.0,0.67536986,0.0,-0.06929738,0.0,-0.6333771,0.0,2.8028994,0.0,7.6454067
squeezed_Bắc Kạn,2017-12-01,0.0,0.5128683,0.0,-0.29322544,0.0,0.97796047,0.0,3.4031453,0.0,1.140747,0.32051283,5.4505806
squeezed_Cao Bằng,2016-01-01,0.0,0.029235713,0.0,1.2848097,0.0,2.0761685,0.0,1.6664611,0.0,2.6864076,0.0,2.4328713
squeezed_Cao Bằng,2016-02-01,0.0,0.11289617,0.0,0.43256897,0.0,0.13994837,0.0,11.6732235,0.0,5.3913636,0.0,2.256393
squeezed_Cao Bằng,2016-03-01,0.0,-0.30461976,0.0,-0.22631507,0.0,0.41611102,0.0,-0.2919037,0.0,0.7666949,0.0,0.021283107
squeezed_Cao Bằng,2016-04-01,0.0,-0.24086484,0.0,-0.3795348,0.0,-0.15842758,0.0,-0.37235186,0.0,1.9172219,0.0,3.723222
squeezed_Cao Bằng,2016-05-01,0.0,0.16688684,0.0,1.7759473,0.0,0.36232182,0.0,0.6959783,0.0,-1.2250035,0.0,1.8264226
squeezed_Cao Bằng,2016-06-01,0.0,0.16044044,0.0,0.62266177,0.0,0.42716232,0.0,0.21197486,0.0,1.9424086,0.0,1.5908482
squeezed_Cao Bằng,2016-07-01,0.0,0.5375948,0.0,2.7406964,0.0,1.8794893,0.0,2.332728,0.0,1.2375004,0.0,2.2057283
squeezed_Cao Bằng,2016-08-01,0.0,0.86936027,0.0,1.025106,0.0,0.991905,0.0,1.0617992,0.0,1.2582061,0.0,1.8017099
squeezed_Cao Bằng,2016-09-01,0.0,0.27518952,0.0,0.045635,0.0,0.23108773,0.0,2.137173,0.0,3.7194824,0.0,3.7960706
squeezed_Cao Bằng,2016-10-01,0.0,-0.13928592,0.0,-0.03938864,0.0,3.379952,0.0,2.7821944,0.0,7.735817,0.0,7.0254335
squeezed_Cao Bằng,2016-11-01,0.0,-0.12169965,0.0,2.278579,0.0,3.0425901,0.0,2.8218546,0.0,1.6826209,0.0,3.6025355
squeezed_Cao Bằng,2016-12-01,0.0,0.67109513,0.0,2.112277,0.0,1.9685075,0.0,2.2329218,0.0,0.038527127,0.0,0.8542369
squeezed_Cao Bằng,2017-01-01,0.0,1.7077909,0.0,1.3706259,0.0,0.34541646,0.0,1.106445,0.0,-0.1921574,0.0,-1.0802417
squeezed_Cao Bằng,2017-02-01,0.0,0.023148088,0.0,-0.15969895,0.0,0.37860537,0.0,0.2618303,0.0,-1.1261127,0.949848,-1.3132924
squeezed_Cao Bằng,2017-03-01,0.0,0.14622083,0.0,-0.289675,0.0,-0.032671448,0.0,-0.23674849,0.949848,-0.8508492,2.2796352,-1.2471613
squeezed_Cao Bằng,2017-04-01,0.0,-0.2416977,0.0,-0.33553222,0.0,-0.6192019,0.949848,-1.2238101,2.2796352,-0.57141745,0.0,-0.1859207
squeezed_Cao Bằng,2017-05-01,0.0,-0.0553274,0.0,0.054064,0.949848,-0.57837313,2.2796352,-0.74474585,0.0,0.0904578,2.2796352,-0.3927998
squeezed_Cao Bằng,2017-06-01,0.0,0.23821646,0.949848,0.13596457,2.2796352,0.6048952,0.0,0.40046045,2.2796352,5.9740596,2.2796352,1.9970512
squeezed_Cao Bằng,2017-07-01,0.949848,0.20741814,2.2796352,0.08329457,0.0,0.50425863,2.2796352,0.33312222,2.2796352,0.46481624,0.0,0.6242528
squeezed_Cao Bằng,2017-08-01,2.2796352,0.8496367,0.0,2.3612049,2.2796352,0.97540176,2.2796352,0.8036486,0.0,2.2646737,0.0,2.412246
squeezed_Cao Bằng,2017-09-01,0.0,1.8531482,2.2796352,3.360075,2.2796352,2.957443,0.0,1.6623254,0.0,1.9316918,0.0,2.2462919
squeezed_Cao Bằng,2017-10-01,2.2796352,0.6434226,2.2796352,0.36394566,0.0,0.110885486,0.0,0.6774964,0.0,0.9396484,0.0,0.8851619
squeezed_Cao Bằng,2017-11-01,2.2796352,1.4673252,0.0,2.1761725,0.0,2.6789281,0.0,1.5813541,0.0,2.4196541,0.0,0.98113513
squeezed_Cao Bằng,2017-12-01,0.0,2.8961446,0.0,2.664596,0.0,3.2933676,0.0,2.838107,0.0,2.2385232,0.18914318,1.6714059
squeezed_Cà Mau,2016-01-01,6.9523964,9.008673,7.688533,6.7641277,7.9339113,11.180462,5.2347455,15.775486,5.3165383,21.845522,8.261083,32.409885
squeezed_Cà Mau,2016-02-01,7.688533,6.224691,7.9339113,9.137004,5.2347455,7.731681,5.3165383,19.3469,8.261083,30.681751,13.25045,38.517204
squeezed_Cà Mau,2016-03-01,7.9339113,9.956266,5.2347455,9.381412,5.3165383,16.449713,8.261083,29.234987,13.25045,39.42965,19.875675,44.876076
squeezed_Cà Mau,2016-04-01,5.2347455,8.643038,5.3165383,14.161237,8.261083,24.115294,13.25045,35.111385,19.875675,45.831253,28.300344,59.707428
squeezed_Cà Mau,2016-05-01,5.3165383,9.84028,8.261083,17.976068,13.25045,29.274704,19.875675,34.807167,28.300344,30.47154,32.308197,31.072063
squeezed_Cà Mau,2016-06-01,8.261083,11.164019,13.25045,28.789377,19.875675,27.690844,28.300344,27.276865,32.308197,28.84558,17.094717,42.81155
squeezed_Cà Mau,2016-07-01,13.25045,19.721977,19.875675,23.238155,28.300344,21.874996,32.308197,26.85258,17.094717,31.733513,9.106098,17.554953
squeezed_Cà Mau,2016-08-01,19.875675,18.977318,28.300344,20.217215,32.308197,22.508875,17.094717,29.582434,9.106098,16.991255,12.3642435,13.399548
squeezed_Cà Mau,2016-09-01,28.300344,22.849213,32.308197,21.358303,17.094717,20.58093,9.106098,13.459787,12.3642435,7.0320454,11.946533,3.350299
squeezed_Cà Mau,2016-10-01,32.308197,66.65945,17.094717,19.373125,9.106098,10.50134,12.3642435,4.7133284,11.946533,3.5259926,15.28822,4.5994663
squeezed_Cà Mau,2016-11-01,17.094717,20.33938,9.106098,13.82631,12.3642435,8.0359955,11.946533,4.420956,15.28822,-0.40267858,17.710943,3.2039225
squeezed_Cà Mau,2016-12-01,9.106098,16.378681,12.3642435,5.4710526,11.946533,6.3140364,15.28822,9.628358,17.710943,10.365196,21.637426,10.951765
squeezed_Cà Mau,2017-01-01,12.3642435,5.0234776,11.946533,5.583221,15.28822,9.291814,17.710943,8.274124,21.637426,11.976952,24.477861,22.932726
squeezed_Cà Mau,2017-02-01,11.946533,10.250993,15.28822,10.677264,17.710943,14.858365,21.637426,20.69641,24.477861,27.137968,29.490393,29.20326
squeezed_Cà Mau,2017-03-01,15.28822,14.14142,17.710943,15.838901,21.637426,28.03491,24.477861,51.79617,29.490393,43.41271,20.802006,34.87547
squeezed_Cà Mau,2017-04-01,17.710943,18.128904,21.637426,23.09794,24.477861,34.761612,29.490393,32.863453,20.802006,40.825462,17.710943,36.173588
squeezed_Cà Mau,2017-05-01,21.637426,23.189735,24.477861,38.952232,29.490393,40.401035,20.802006,36.839878,17.710943,40.519596,9.189641,37.948708
squeezed_Cà Mau,2017-06-01,24.477861,31.904055,29.490393,35.717804,20.802006,34.278126,17.710943,32.62274,9.189641,33.891956,3.926483,24.275908
squeezed_Cà Mau,2017-07-01,29.490393,29.747807,20.802006,24.047535,17.710943,24.46261,9.189641,25.364317,3.926483,21.140007,3.5965207,18.085123
squeezed_Cà Mau,2017-08-01,20.802006,28.630404,17.710943,27.718157,9.189641,30.727198,3.926483,23.50982,3.5965207,17.569462,0.83640015,11.857987
squeezed_Cà Mau,2017-09-01,17.710943,23.691355,9.189641,21.31231,3.926483,20.549156,3.5965207,14.5051,0.83640015,9.356975,3.5128806,13.927355
squeezed_Cà Mau,2017-10-01,9.189641,16.091227,3.926483,17.979517,3.5965207,14.290475,0.83640015,10.229099,3.5128806,12.292432,2.6764805,17.88687
squeezed_Cà Mau,2017-11-01,3.926483,9.1674,3.5965207,10.035295,0.83640015,9.121272,3.5128806,13.963764,2.6764805,14.297598,2.7601204,21.106693
squeezed_Cà Mau,2017-12-01,3.5965207,17.18243,0.83640015,9.98397,3.5128806,9.887181,2.6764805,14.564904,2.7601204,16.284325,3.1783204,19.483019
squeezed_Cần Thơ,2016-01-01,5.8828206,4.8949504,6.518801,5.223885,5.087845,5.078649,3.6568885,8.374352,4.054376,12.222776,3.8158836,12.84629
squeezed_Cần Thơ,2016-02-01,6.518801,6.16892,5.087845,7.063874,3.6568885,8.11936,4.054376,12.786229,3.8158836,19.33171,6.6777964,31.289257
squeezed_Cần Thơ,2016-03-01,5.087845,7.647209,3.6568885,9.649205,4.054376,13.221533,3.8158836,19.47528,6.6777964,25.919682,5.5648303,35.806778
squeezed_Cần Thơ,2016-04-01,3.6568885,5.4102955,4.054376,9.001456,3.8158836,16.528547,6.6777964,23.007048,5.5648303,30.394354,6.200811,31.955488
squeezed_Cần Thơ,2016-05-01,4.054376,6.434448,3.8158836,14.680757,6.6777964,29.79168,5.5648303,27.086813,6.200811,26.590416,8.029255,24.454132
squeezed_Cần Thơ,2016-06-01,3.8158836,7.5717163,6.6777964,20.676525,5.5648303,27.254822,6.200811,20.338684,8.029255,19.532534,4.133874,15.700479
squeezed_Cần Thơ,2016-07-01,6.6777964,9.662462,5.5648303,16.209703,6.200811,16.546425,8.029255,17.497925,4.133874,15.981203,4.8265705,10.635876
squeezed_Cần Thơ,2016-08-01,5.5648303,10.337827,6.200811,12.2057705,8.029255,12.943631,4.133874,11.421919,4.8265705,8.169881,6.708115,9.6014185
squeezed_Cần Thơ,2016-09-01,6.200811,6.650791,8.029255,10.644346,4.133874,8.491111,4.8265705,6.128986,6.708115,4.338787,8.998692,1.5780287
squeezed_Cần Thơ,2016-10-01,8.029255,7.644155,4.133874,6.638762,4.8265705,6.3776464,6.708115,2.5781353,8.998692,4.492405,5.808246,1.5003432
squeezed_Cần Thơ,2016-11-01,4.133874,7.6560183,4.8265705,8.100549,6.708115,4.0421934,8.998692,2.963813,5.808246,4.384506,10.471204,2.2386549
squeezed_Cần Thơ,2016-12-01,4.8265705,13.234226,6.708115,5.921122,8.998692,8.622864,5.808246,4.7738066,10.471204,8.620253,10.880236,0.84787726
squeezed_Cần Thơ,2017-01-01,6.708115,3.671567,8.998692,4.1642056,5.808246,6.6969185,10.471204,2.8100169,10.880236,2.8581731,10.471204,15.816257
squeezed_Cần Thơ,2017-02-01,8.998692,7.0373836,5.808246,7.905102,10.471204,9.259054,10.880236,15.160176,10.471204,19.898863,11.371074,19.126217
squeezed_Cần Thơ,2017-03-01,5.808246,9.701323,10.471204,11.054103,10.880236,21.303228,10.471204,23.299597,11.371074,19.59653,10.634817,24.786156
squeezed_Cần Thơ,2017-04-01,10.471204,6.811298,10.880236,10.629249,10.471204,16.236162,11.371074,15.075928,10.634817,17.471586,6.708115,27.491278
squeezed_Cần Thơ,2017-05-01,10.880236,17.646324,10.471204,24.56988,11.371074,31.272879,10.634817,35.06649,6.708115,27.384958,6.5445027,31.853975
squeezed_Cần Thơ,2017-06-01,10.471204,17.056206,11.371074,23.937475,10.634817,26.372936,6.708115,27.123236,6.5445027,23.83603,5.72644,27.041323
squeezed_Cần Thơ,2017-07-01,11.371074,16.292412,10.634817,18.87273,6.708115,22.744284,6.5445027,23.250332,5.72644,23.80212,4.561375,18.691347
squeezed_Cần Thơ,2017-08-01,10.634817,13.100847,6.708115,16.987383,6.5445027,21.169054,5.72644,19.726423,4.561375,16.125946,2.2806876,15.228928
squeezed_Cần Thơ,2017-09-01,6.708115,15.257822,6.5445027,18.482819,5.72644,18.289377,4.561375,18.496397,2.2806876,14.93314,2.8508594,11.457193
squeezed_Cần Thơ,2017-10-01,6.5445027,9.617268,5.72644,12.037163,4.561375,14.757749,2.2806876,12.86994,2.8508594,14.413097,3.6653905,13.001289
squeezed_Cần Thơ,2017-11-01,5.72644,6.707727,4.561375,10.067115,2.2806876,12.253031,2.8508594,12.256054,3.6653905,14.400155,7.249328,14.768483
squeezed_Cần Thơ,2017-12-01,4.561375,14.2366085,2.2806876,11.888185,2.8508594,9.88983,3.6653905,13.016861,7.249328,15.864122,10.833265,17.199085
squeezed_Gia Lai,2016-01-01,12.629648,19.033024,6.7028856,15.870683,4.4450717,21.030172,18.203627,18.083786,26.45876,25.456478,145.69957,33.878838
squeezed_Gia Lai,2016-02-01,6.7028856,11.378911,4.4450717,14.006552,18.203627,17.131424,26.45876,21.85398,145.69957,27.304234,212.16397,30.436066
squeezed_Gia Lai,2016-03-01,4.4450717,7.112385,18.203627,6.3669944,26.45876,17.84114,145.69957,28.08096,212.16397,49.925117,157.69421,76.20132
squeezed_Gia Lai,2016-04-01,18.203627,5.4705267,26.45876,8.961989,145.69957,22.861155,212.16397,29.481888,157.69421,59.911556,158.682,38.73263
squeezed_Gia Lai,2016-05-01,26.45876,27.981047,145.69957,51.277584,212.16397,56.825817,157.69421,64.73983,158.682,38.029804,99.978836,29.295725
squeezed_Gia Lai,2016-06-01,145.69957,41.5446,212.16397,53.39644,157.69421,55.6657,158.682,32.995304,99.978836,23.59003,56.868694,14.3714075
squeezed_Gia Lai,2016-07-01,212.16397,151.39954,157.69421,136.05763,158.682,102.75764,99.978836,24.429222,56.868694,29.34349,10.960583,-1.2542095
squeezed_Gia Lai,2016-08-01,157.69421,149.46477,158.682,100.01354,99.978836,49.86973,56.868694,4.562237,10.960583,-4.4764843,10.211723,-6.774678
squeezed_Gia Lai,2016-09-01,158.682,108.88964,99.978836,61.14205,56.868694,13.133987,10.960583,-3.9067113,10.211723,-7.534897,7.6928315,-11.735136
squeezed_Gia Lai,2016-10-01,99.978836,107.594444,56.868694,27.538992,10.960583,23.43493,10.211723,-6.8817697,7.6928315,-5.5349646,4.2208457,4.469231
squeezed_Gia Lai,2016-11-01,56.868694,50.021328,10.960583,4.752764,10.211723,6.018682,7.6928315,-2.1782978,4.2208457,8.213073,7.6928315,3.4185483
squeezed_Gia Lai,2016-12-01,10.960583,9.472642,10.211723,1.8368598,7.6928315,7.005226,4.2208457,5.8619623,7.6928315,8.8569975,11.43713,5.6436276
squeezed_Gia Lai,2017-01-01,10.211723,5.1465483,7.6928315,3.1105409,4.2208457,2.8166425,7.6928315,8.383267,11.43713,28.030973,23.282728,32.788334
squeezed_Gia Lai,2017-02-01,7.6928315,13.161789,4.2208457,9.109208,7.6928315,11.9846115,11.43713,31.073225,23.282728,38.06004,26.073933,34.914566
squeezed_Gia Lai,2017-03-01,4.2208457,8.677637,7.6928315,14.953704,11.43713,32.899803,23.282728,35.366264,26.073933,33.022743,18.721493,43.09881
squeezed_Gia Lai,2017-04-01,7.6928315,5.2062125,11.43713,17.132856,23.282728,18.711714,26.073933,17.63948,18.721493,13.532582,25.529308,16.530113
squeezed_Gia Lai,2017-05-01,11.43713,13.15446,23.282728,18.819769,26.073933,17.495306,18.721493,15.524454,25.529308,15.270604,22.193478,14.318032
squeezed_Gia Lai,2017-06-01,23.282728,17.571833,26.073933,20.010422,18.721493,14.852494,25.529308,12.981129,22.193478,13.727422,31.179794,8.257839
squeezed_Gia Lai,2017-07-01,26.073933,23.790073,18.721493,18.161345,25.529308,13.766902,22.193478,12.066997,31.179794,5.263417,8.892158,-3.552401
squeezed_Gia Lai,2017-08-01,18.721493,22.989727,25.529308,19.693615,22.193478,13.608168,31.179794,7.2815604,8.892158,-1.1621802,1.8720331,-3.9311101
squeezed_Gia Lai,2017-09-01,25.529308,18.31591,22.193478,16.85758,31.179794,8.677687,8.892158,1.7019086,1.8720331,-3.3371928,3.3429163,-1.0479163
squeezed_Gia Lai,2017-10-01,22.193478,19.73705,31.179794,10.429275,8.892158,8.761618,1.8720331,4.565649,3.3429163,0.84839827,3.3429163,4.9040265
squeezed_Gia Lai,2017-11-01,31.179794,13.402599,8.892158,7.268427,1.8720331,9.173329,3.3429163,1.4354936,3.3429163,4.6593637,4.746941,5.9761477
squeezed_Gia Lai,2017-12-01,8.892158,14.611711,1.8720331,9.061892,3.3429163,3.4849243,3.3429163,7.2940645,4.746941,10.107472,7.0201244,13.24001
squeezed_Hà Giang,2016-01-01,0.0,-0.1306225,0.0,-0.17963313,0.0,-0.008854932,0.0,0.5616396,0.0,2.0090044,0.0,1.4193093
squeezed_Hà Giang,2016-02-01,0.0,-0.21010117,0.0,-0.5438994,0.0,-0.6306053,0.0,0.16979086,0.0,-0.30652636,0.0,-0.03639507
squeezed_Hà Giang,2016-03-01,0.0,-0.09336126,0.0,0.20882073,0.0,0.93017435,0.0,0.6672723,0.0,1.2870429,0.0,3.4353333
squeezed_Hà Giang,2016-04-01,0.0,0.95086557,0.0,0.2856039,0.0,1.210369,0.0,-0.17898476,0.0,-0.4031676,0.0,2.543202
squeezed_Hà Giang,2016-05-01,0.0,0.012008656,0.0,-0.33457488,0.0,-0.3385901,0.0,-0.8538044,0.0,-0.8280852,0.0,0.8850717
squeezed_Hà Giang,2016-06-01,0.0,0.20455414,0.0,0.3190123,0.0,0.099132925,0.0,0.07473097,0.0,0.3023658,0.0,0.9316979
squeezed_Hà Giang,2016-07-01,0.0,0.287626,0.0,0.7395154,0.0,0.38809505,0.0,-0.25071254,0.0,-0.31684476,0.0,1.3667569
squeezed_Hà Giang,2016-08-01,0.0,1.1903908,0.0,0.9076668,0.0,3.338759,0.0,2.171354,0.0,12.790575,0.0,8.706858
squeezed_Hà Giang,2016-09-01,0.0,0.6675546,0.0,1.1298025,0.0,0.78875196,0.0,1.1273136,0.0,0.93201673,0.0,1.201494
squeezed_Hà Giang,2016-10-01,0.0,0.13638888,0.0,-0.6990062,0.0,0.50549823,0.0,3.1393247,0.0,1.8496656,0.0,4.1359773
squeezed_Hà Giang,2016-11-01,0.0,-0.15462601,0.0,0.28043655,0.0,6.001344,0.0,2.0919752,0.0,4.7771554,0.119947225,1.0986274
squeezed_Hà Giang,2016-12-01,0.0,1.7497927,0.0,3.0978734,0.0,2.5311403,0.0,4.0919313,0.119947225,-0.36062285,0.0,-0.08129173
squeezed_Hà Giang,2017-01-01,0.0,-0.14361301,0.0,1.1071669,0.0,6.275352,0.119947225,-0.20575349,0.0,-0.15072575,0.71968335,-0.3317914
squeezed_Hà Giang,2017-02-01,0.0,-0.22287151,0.0,-0.008300097,0.119947225,-0.73443574,0.0,-0.17956649,0.71968335,-0.39230374,1.9191556,-0.25064915
squeezed_Hà Giang,2017-03-01,0.0,0.13590021,0.119947225,-0.11951357,0.0,0.047901873,0.71968335,0.62486506,1.9191556,0.02656989,1.5593139,-0.99413127
squeezed_Hà Giang,2017-04-01,0.119947225,0.013884991,0.0,0.2844887,0.71968335,-0.3588946,1.9191556,-0.8221655,1.5593139,-0.7085657,0.71968335,0.32719922
squeezed_Hà Giang,2017-05-01,0.0,0.250541,0.71968335,-0.027989013,1.9191556,-0.5098649,1.5593139,-0.06713173,0.71968335,0.4311769,0.119947225,-0.15515573
squeezed_Hà Giang,2017-06-01,0.71968335,0.20319915,1.9191556,1.4373403,1.5593139,0.83316076,0.71968335,0.4117322,0.119947225,10.769486,0.0,1.3471506
squeezed_Hà Giang,2017-07-01,1.9191556,1.0532875,1.5593139,0.5562355,0.71968335,2.782676,0.119947225,0.6771997,0.0,1.7102143,0.0,1.7816075
squeezed_Hà Giang,2017-08-01,1.5593139,1.7672406,0.71968335,1.3651081,0.119947225,0.26801834,0.0,0.27284005,0.0,1.478082,0.0,2.307965
squeezed_Hà Giang,2017-09-01,0.71968335,1.2105316,0.119947225,1.1091928,0.0,0.8992892,0.0,1.0960793,0.0,1.9182839,0.0,3.6965525
squeezed_Hà Giang,2017-10-01,0.119947225,0.44183525,0.0,3.998815,0.0,0.55027366,0.0,1.4441713,0.0,1.7346709,0.11813349,3.3889601
squeezed_Hà Giang,2017-11-01,0.0,0.11764882,0.0,1.7195773,0.0,-0.13302618,0.0,1.2202445,0.11813349,2.6972497,0.0,0.38884592
squeezed_Hà Giang,2017-12-01,0.0,1.537329,0.0,0.5214717,0.0,0.92178196,0.11813349,3.5068963,0.0,4.939799,0.0,2.1062555
squeezed_Hà Nội,2016-01-01,0.39572075,-1.3674009,0.47759402,-0.5753543,0.27291086,0.19952655,0.68227714,3.0984445,0.8869603,8.008058,1.2008078,15.015949
squeezed_Hà Nội,2016-02-01,0.47759402,-1.5310118,0.27291086,1.0276296,0.68227714,10.006692,0.8869603,3.802819,1.2008078,22.755018,5.0761423,25.901073
squeezed_Hà Nội,2016-03-01,0.27291086,0.38473323,0.68227714,1.3320186,0.8869603,1.3455871,1.2008078,5.5516295,5.0761423,19.496346,11.475902,21.181355
squeezed_Hà Nội,2016-04-01,0.68227714,1.731694,0.8869603,2.1595988,1.2008078,12.9218025,5.0761423,10.726648,11.475902,13.053803,17.670979,13.486216
squeezed_Hà Nội,2016-05-01,0.8869603,2.650692,1.2008078,4.2671866,5.0761423,6.2210836,11.475902,9.572149,17.670979,18.591265,24.98499,16.813822
squeezed_Hà Nội,2016-06-01,1.2008078,11.784959,5.0761423,32.822773,11.475902,12.672922,17.670979,22.838175,24.98499,26.907612,12.444736,16.450039
squeezed_Hà Nội,2016-07-01,5.0761423,4.847004,11.475902,4.9974875,17.670979,8.367508,24.98499,14.71413,12.444736,17.679916,3.2290564,3.2527452
squeezed_Hà Nội,2016-08-01,11.475902,5.4762964,17.670979,11.453151,24.98499,18.918238,12.444736,9.676175,3.2290564,5.1428146,1.6145282,-1.8698398
squeezed_Hà Nội,2016-09-01,17.670979,16.494818,24.98499,22.939455,12.444736,15.30624,3.2290564,4.4469843,1.6145282,-0.15084895,1.0462142,-0.41491094
squeezed_Hà Nội,2016-10-01,24.98499,13.798206,12.444736,12.019962,3.2290564,7.316775,1.6145282,1.1945094,1.0462142,1.7008691,1.8082715,1.2913612
squeezed_Hà Nội,2016-11-01,12.444736,18.381433,3.2290564,7.7571893,1.6145282,4.5463443,1.0462142,0.5432264,1.8082715,1.5362206,5.993129,1.7883217
squeezed_Hà Nội,2016-12-01,3.2290564,8.488253,1.6145282,5.550223,1.0462142,4.607977,1.8082715,3.5009522,5.993129,0.17426299,35.881275,8.465777
squeezed_Hà Nội,2017-01-01,1.6145282,3.1384923,1.0462142,3.2690775,1.8082715,5.0830197,5.993129,5.628904,35.881275,11.727174,108.948364,12.596479
squeezed_Hà Nội,2017-02-01,1.0462142,2.1616154,1.8082715,0.2806053,5.993129,0.29346704,35.881275,2.6657538,108.948364,4.354585,170.08086,8.753857
squeezed_Hà Nội,2017-03-01,1.8082715,1.3156927,5.993129,1.7658265,35.881275,2.7179377,108.948364,3.0683725,170.08086,8.980596,87.649506,12.32204
squeezed_Hà Nội,2017-04-01,5.993129,3.4874685,35.881275,3.7123215,108.948364,5.9807777,170.08086,8.874729,87.649506,13.67895,46.97631,18.40801
squeezed_Hà Nội,2017-05-01,35.881275,8.033623,108.948364,11.84494,170.08086,10.363991,87.649506,12.185083,46.97631,20.134287,20.226809,22.203985
squeezed_Hà Nội,2017-06-01,108.948364,52.273983,170.08086,65.89613,87.649506,55.283455,46.97631,46.163227,20.226809,32.46126,3.035313,22.47227
squeezed_Hà Nội,2017-07-01,170.08086,122.99186,87.649506,87.02199,46.97631,90.341354,20.226809,82.506966,3.035313,46.92839,0.55594164,0.43737283
squeezed_Hà Nội,2017-08-01,87.649506,142.5462,46.97631,118.94895,20.226809,161.7584,3.035313,63.12448,0.55594164,11.889145,0.17689052,19.31789
squeezed_Hà Nội,2017-09-01,46.97631,93.275696,20.226809,67.596085,3.035313,70.19283,0.55594164,18.300734,0.17689052,25.075151,0.17689052,-9.113623
squeezed_Hà Nội,2017-10-01,20.226809,38.08678,3.035313,17.140366,0.55594164,0.16369003,0.17689052,-8.127007,0.17689052,3.9223382,0.22743067,-8.886916
squeezed_Hà Nội,2017-11-01,3.035313,2.5321789,0.55594164,-2.8645837,0.17689052,-5.2601023,0.17689052,-6.444221,0.22743067,1.170701,0.55594164,-3.7524612
squeezed_Hà Nội,2017-12-01,0.55594164,-1.8442944,0.17689052,-4.519825,0.17689052,15.702678,0.22743067,1.2980188,0.55594164,6.6517515,1.0487081,4.432166
squeezed_Hà Tĩnh,2016-01-01,0.0,0.00090861775,0.0,-0.7404303,0.0,-0.48172772,0.0,24.383434,0.078945294,31.527565,0.47367173,1.4135286
squeezed_Hà Tĩnh,2016-02-01,0.0,-0.36349812,0.0,-0.24986213,0.0,8.454364,0.078945294,30.310396,0.47367173,6.915792,0.7894529,11.838665
squeezed_Hà Tĩnh,2016-03-01,0.0,-0.22492196,0.0,0.59225506,0.078945294,14.493784,0.47367173,1.6844026,0.7894529,1.7592989,0.31578118,15.128799
squeezed_Hà Tĩnh,2016-04-01,0.0,1.6718378,0.078945294,3.5119734,0.47367173,3.8284302,0.7894529,3.3828223,0.31578118,22.34462,0.0,5.046464
squeezed_Hà Tĩnh,2016-05-01,0.078945294,1.3182194,0.47367173,0.56260896,0.7894529,-0.35458112,0.31578118,1.9516255,0.0,5.4414387,0.0,0.6147587
squeezed_Hà Tĩnh,2016-06-01,0.47367173,0.63572824,0.7894529,0.6300337,0.31578118,0.7801299,0.0,-0.65405726,0.0,1.1687558,0.0,1.7943591
squeezed_Hà Tĩnh,2016-07-01,0.7894529,1.009926,0.31578118,1.3282276,0.0,3.072863,0.0,8.963663,0.0,6.2465854,0.0,6.026473
squeezed_Hà Tĩnh,2016-08-01,0.31578118,1.9344794,0.0,2.6225224,0.0,4.734132,0.0,3.9868586,0.0,2.7160978,0.0,2.6202064
squeezed_Hà Tĩnh,2016-09-01,0.0,1.6924921,0.0,3.8913145,0.0,0.4047275,0.0,1.3769511,0.0,0.8213603,0.0,1.0780606
squeezed_Hà Tĩnh,2016-10-01,0.0,-1.9084749,0.0,2.0912478,0.0,0.7679832,0.0,1.6195868,0.0,1.5644445,0.0,1.9882251
squeezed_Hà Tĩnh,2016-11-01,0.0,-0.5992045,0.0,1.5803659,0.0,0.03699921,0.0,1.3497276,0.0,1.0690931,0.0,0.007573384
squeezed_Hà Tĩnh,2016-12-01,0.0,0.54388314,0.0,1.2485265,0.0,0.8601972,0.0,0.8105308,0.0,1.5560558,0.5493643,0.08766705
squeezed_Hà Tĩnh,2017-01-01,0.0,0.20973033,0.0,0.34911218,0.0,-0.20529729,0.0,0.23415339,0.5493643,-0.54590386,8.789829,2.2382631
squeezed_Hà Tĩnh,2017-02-01,0.0,-0.22223471,0.0,-0.31274593,0.0,-0.6543534,0.5493643,1.5960776,8.789829,0.9961756,4.316434,-1.6843735
squeezed_Hà Tĩnh,2017-03-01,0.0,0.05315355,0.0,-0.7290314,0.5493643,0.10350553,8.789829,-0.22458076,4.316434,0.7841472,0.0,0.657495
squeezed_Hà Tĩnh,2017-04-01,0.0,-0.28677958,0.5493643,2.214804,8.789829,0.6485799,4.316434,-1.2114471,0.0,1.1043105,0.0,8.853398
squeezed_Hà Tĩnh,2017-05-01,0.5493643,0.89740837,8.789829,3.660499,4.316434,-0.008116936,0.0,1.351808,0.0,24.816525,0.0,3.5937254
squeezed_Hà Tĩnh,2017-06-01,8.789829,1.0045571,4.316434,0.48168048,0.0,0.28024527,0.0,25.176823,0.0,4.581057,1.5696123,12.009787
squeezed_Hà Tĩnh,2017-07-01,4.316434,7.7950587,0.0,6.7297707,0.0,18.285395,0.0,11.973005,1.5696123,9.982575,0.54666144,4.3346667
squeezed_Hà Tĩnh,2017-08-01,0.0,7.73263,0.0,17.426678,0.0,8.629616,1.5696123,6.8462257,0.54666144,4.003742,0.46856695,3.5298595
squeezed_Hà Tĩnh,2017-09-01,0.0,3.3231244,0.0,4.844781,1.5696123,9.266214,0.54666144,5.277253,0.46856695,8.283061,0.23428348,5.474294
squeezed_Hà Tĩnh,2017-10-01,0.0,2.5473287,1.5696123,10.720904,0.54666144,3.401994,0.46856695,3.7685935,0.23428348,5.4700294,0.312378,8.627005
squeezed_Hà Tĩnh,2017-11-01,1.5696123,-0.63070667,0.54666144,0.36170658,0.46856695,-1.0693793,0.23428348,0.8939684,0.312378,1.021307,0.23428348,2.903619
squeezed_Hà Tĩnh,2017-12-01,0.54666144,2.2444217,0.46856695,2.086293,0.23428348,2.1430092,0.312378,2.6269584,0.23428348,3.5173593,0.9371339,5.8425326
squeezed_Hòa Bình,2016-01-01,0.0,-0.055918515,0.12029351,0.07922758,0.0,0.2228899,0.0,-0.22629909,0.0,0.78245705,0.0,-0.5276677
squeezed_Hòa Bình,2016-02-01,0.12029351,-0.29779458,0.0,-0.15549994,0.0,-0.23338543,0.0,-0.3439083,0.0,0.38397473,0.0,0.67662936
squeezed_Hòa Bình,2016-03-01,0.0,-0.035425503,0.0,0.095015,0.0,-0.36195695,0.0,-0.9498081,0.0,2.4081302,0.48117405,2.8307936
squeezed_Hòa Bình,2016-04-01,0.0,0.15308587,0.0,-0.19598655,0.0,-0.05345028,0.0,3.0373785,0.48117405,1.0290823,0.8420546,2.596972
squeezed_Hòa Bình,2016-05-01,0.0,0.0137040615,0.0,-0.21129724,0.0,0.69683486,0.48117405,0.20890318,0.8420546,-0.06866723,0.9623481,2.1043162
squeezed_Hòa Bình,2016-06-01,0.0,0.19177754,0.0,0.11912849,0.48117405,2.0447986,0.8420546,2.8222964,0.9623481,3.430377,0.0,1.2235432
squeezed_Hòa Bình,2016-07-01,0.0,0.5398115,0.48117405,1.7246472,0.8420546,2.0163214,0.9623481,1.9481462,0.0,0.054932144,0.0,0.71483344
squeezed_Hòa Bình,2016-08-01,0.48117405,1.2096745,0.8420546,0.82085407,0.9623481,0.43429896,0.0,-0.7673548,0.0,0.5163141,0.0,0.29554808
squeezed_Hòa Bình,2016-09-01,0.8420546,1.1801573,0.9623481,0.4903952,0.0,-0.14647412,0.0,0.7044337,0.0,0.5391912,0.0,0.4441243
squeezed_Hòa Bình,2016-10-01,0.9623481,0.5972521,0.0,-0.37680537,0.0,0.9236463,0.0,1.2037327,0.0,1.7636458,0.0,2.8028316
squeezed_Hòa Bình,2016-11-01,0.0,-0.27323374,0.0,0.18216082,0.0,0.52025443,0.0,0.315934,0.0,1.7052064,0.0,0.5973945
squeezed_Hòa Bình,2016-12-01,0.0,0.51233286,0.0,0.4353061,0.0,0.4109778,0.0,2.525574,0.0,-0.78716767,0.4733728,-0.9466895
squeezed_Hòa Bình,2017-01-01,0.0,0.057620864,0.0,0.5769572,0.0,0.04723956,0.0,0.44445935,0.4733728,-0.58531314,6.9822483,-0.18390517
squeezed_Hòa Bình,2017-02-01,0.0,-0.43883485,0.0,-0.44600335,0.0,-0.6200812,0.4733728,-0.88203984,6.9822483,0.7535139,29.940828,-0.2058628
squeezed_Hòa Bình,2017-03-01,0.0,0.036000855,0.0,-0.10336292,0.4733728,-0.5319821,6.9822483,-0.33263832,29.940828,0.32963568,15.976332,-0.36320972
squeezed_Hòa Bình,2017-04-01,0.0,0.15275142,0.4733728,0.25656933,6.9822483,0.32887214,29.940828,0.039884765,15.976332,1.2747425,5.2071004,2.1086419
squeezed_Hòa Bình,2017-05-01,0.4733728,0.32805553,6.9822483,0.12893118,29.940828,-0.16420266,15.976332,1.1178095,5.2071004,1.5080395,3.4319527,2.022665
squeezed_Hòa Bình,2017-06-01,6.9822483,0.08312256,29.940828,-0.43118668,15.976332,2.077547,5.2071004,2.3485124,3.4319527,12.608679,0.82840234,1.7729933
squeezed_Hòa Bình,2017-07-01,29.940828,6.1352077,15.976332,6.278363,5.2071004,10.217418,3.4319527,8.19782,0.82840234,7.962421,0.0,0.44068024
squeezed_Hòa Bình,2017-08-01,15.976332,28.039867,5.2071004,32.666523,3.4319527,20.28717,0.82840234,8.336893,0.0,3.9508083,0.0,1.0752659
squeezed_Hòa Bình,2017-09-01,5.2071004,19.482258,3.4319527,25.978724,0.82840234,11.489184,0.0,3.9083333,0.0,-0.084201925,0.0,-0.8236852
squeezed_Hòa Bình,2017-10-01,3.4319527,3.6943874,0.82840234,0.5984932,0.0,-2.196781,0.0,-4.839594,0.0,-0.33537686,0.0,-1.4196379
squeezed_Hòa Bình,2017-11-01,0.82840234,-0.15272947,0.0,-1.4972196,0.0,-3.1470704,0.0,0.5096274,0.0,-1.3431523,0.0,-0.9722779
squeezed_Hòa Bình,2017-12-01,0.0,1.5819991,0.0,-0.72614235,0.0,1.2445886,0.0,0.16169497,0.0,1.4833928,0.0,2.4213357
squeezed_Hưng Yên,2016-01-01,0.0,0.03910538,0.0,1.1094824,0.0,2.1787386,0.0,1.254225,0.0,1.8732538,0.0,1.5722471
squeezed_Hưng Yên,2016-02-01,0.0,-0.31724858,0.0,-0.5261724,0.0,0.2852104,0.0,0.5518948,0.0,0.28009176,0.0,0.47933733
squeezed_Hưng Yên,2016-03-01,0.0,-0.05370217,0.0,0.29891482,0.0,0.573264,0.0,0.34736633,0.0,1.3608255,0.0,2.4902728
squeezed_Hưng Yên,2016-04-01,0.0,0.3324989,0.0,-0.06243944,0.0,-0.046671055,0.0,-0.14627789,0.0,0.67556953,0.8545548,1.9071108
squeezed_Hưng Yên,2016-05-01,0.0,-0.14654264,0.0,-0.06417577,0.0,-0.13249184,0.0,-0.32196993,0.8545548,4.18136,0.6836438,2.392617
squeezed_Hưng Yên,2016-06-01,0.0,0.21823642,0.0,0.0391219,0.0,2.8940609,0.8545548,33.033165,0.6836438,10.694347,0.0,6.2665625
squeezed_Hưng Yên,2016-07-01,0.0,0.56149656,0.0,1.7879503,0.8545548,11.181428,0.6836438,5.8605943,0.0,2.3936567,0.08138021,1.5574877
squeezed_Hưng Yên,2016-08-01,0.0,1.9791803,0.8545548,6.678586,0.6836438,1.5554785,0.0,4.0378704,0.08138021,2.8391275,0.08138021,2.0929422
squeezed_Hưng Yên,2016-09-01,0.8545548,3.1729589,0.6836438,2.0189006,0.0,3.0067701,0.08138021,2.8132162,0.08138021,1.1772739,0.32552084,3.5009613
squeezed_Hưng Yên,2016-10-01,0.6836438,2.3963044,0.0,0.80806255,0.08138021,2.327672,0.08138021,4.6298976,0.32552084,6.137828,0.0,18.734785
squeezed_Hưng Yên,2016-11-01,0.0,-0.46244708,0.08138021,-0.38521037,0.08138021,3.9332254,0.32552084,2.1546977,0.0,1.8612545,0.16276042,1.542076
squeezed_Hưng Yên,2016-12-01,0.08138021,0.4958202,0.08138021,1.1673657,0.32552084,6.406541,0.0,9.146688,0.16276042,0.75660014,1.7903646,2.1642363
squeezed_Hưng Yên,2017-01-01,0.08138021,-1.0077138,0.32552084,1.3345569,0.0,4.6346717,0.16276042,1.0465012,1.7903646,1.1116021,7.1614585,-0.33806905
squeezed_Hưng Yên,2017-02-01,0.32552084,0.08582192,0.0,0.3446482,0.16276042,-0.20823862,1.7903646,0.15614465,7.1614585,24.069036,35.48177,43.873177
squeezed_Hưng Yên,2017-03-01,0.0,0.75235,0.16276042,-0.13247393,1.7903646,0.14840105,7.1614585,0.9970018,35.48177,14.295457,24.820963,2.3609202
squeezed_Hưng Yên,2017-04-01,0.16276042,1.2695801,1.7903646,0.9786463,7.1614585,0.48710287,35.48177,1.2178214,24.820963,0.92625785,18.310547,2.9935951
squeezed_Hưng Yên,2017-05-01,1.7903646,0.54581565,7.1614585,0.05482867,35.48177,0.18877767,24.820963,-0.5109597,18.310547,0.79658,2.3600261,0.6509635
squeezed_Hưng Yên,2017-06-01,7.1614585,1.7385252,35.48177,2.603046,24.820963,8.3774185,18.310547,9.80667,2.3600261,8.473881,0.24414062,13.002611
squeezed_Hưng Yên,2017-07-01,35.48177,7.2978888,24.820963,8.57217,18.310547,13.021244,2.3600261,9.451593,0.24414062,9.182816,0.16097875,6.4984202
squeezed_Hưng Yên,2017-08-01,24.820963,28.98049,18.310547,39.644596,2.3600261,35.02889,0.24414062,13.160519,0.16097875,0.29612234,0.0,1.7408675
squeezed_Hưng Yên,2017-09-01,18.310547,28.897457,2.3600261,31.986576,0.24414062,14.263796,0.16097875,1.0969417,0.0,0.42608294,0.0,-0.939418
squeezed_Hưng Yên,2017-10-01,2.3600261,15.228425,0.24414062,8.00913,0.16097875,3.8916166,0.0,-1.9546654,0.0,0.8815264,0.0,-2.7946215
squeezed_Hưng Yên,2017-11-01,0.24414062,0.87790745,0.16097875,-2.9957764,0.0,-4.2877283,0.0,-1.9301491,0.0,-0.24281624,0.0,-1.8556994
squeezed_Hưng Yên,2017-12-01,0.16097875,-1.3664945,0.0,-2.9338744,0.0,-0.99786264,0.0,-0.4920669,0.0,-0.4915619,0.080489375,-0.5530642
squeezed_Hải Dương,2016-01-01,0.0,-0.25537863,0.0,-0.0080941515,0.0,-0.15827098,0.0,-0.33006525,0.0,0.22743595,0.0,3.0570397
squeezed_Hải Dương,2016-02-01,0.0,-0.31179664,0.0,0.43133578,0.0,-0.1918015,0.0,0.31527606,0.0,-0.41558057,0.0,3.0727909
squeezed_Hải Dương,2016-03-01,0.0,-0.087790966,0.0,0.2677908,0.0,-0.59967446,0.0,-0.16148853,0.0,1.4763627,0.0,3.9945948
squeezed_Hải Dương,2016-04-01,0.0,0.17893134,0.0,-0.31819162,0.0,0.34473616,0.0,0.9751228,0.0,0.2971644,0.22398925,4.7045164
squeezed_Hải Dương,2016-05-01,0.0,-0.20385157,0.0,0.34015408,0.0,0.024749318,0.0,0.16689394,0.22398925,0.2268745,0.16799194,1.5890758
squeezed_Hải Dương,2016-06-01,0.0,1.1504599,0.0,-0.4185735,0.0,0.67341965,0.22398925,1.1955378,0.16799194,2.505305,0.0,2.1285586
squeezed_Hải Dương,2016-07-01,0.0,0.28236628,0.0,0.13807109,0.22398925,1.4136642,0.16799194,1.3267454,0.0,1.3406754,0.16210958,-0.92897177
squeezed_Hải Dương,2016-08-01,0.0,0.6814018,0.22398925,1.1188196,0.16799194,0.20001769,0.0,1.1389987,0.16210958,-0.20204829,0.0,0.02415964
squeezed_Hải Dương,2016-09-01,0.22398925,1.8030157,0.16799194,0.99076605,0.0,0.4977752,0.16210958,0.49361804,0.0,1.901406,0.108073056,2.2410963
squeezed_Hải Dương,2016-10-01,0.16799194,-0.0142959915,0.0,-0.790512,0.16210958,0.24951117,0.0,0.99255055,0.108073056,2.0369918,0.16210958,2.4330344
squeezed_Hải Dương,2016-11-01,0.0,-0.6105058,0.16210958,-0.98830044,0.0,4.8715267,0.108073056,1.3832353,0.16210958,0.5180589,0.108073056,0.4717648
squeezed_Hải Dương,2016-12-01,0.16210958,0.87075174,0.0,1.5183485,0.108073056,0.6675112,0.16210958,3.895038,0.108073056,0.50212413,0.3782557,1.4850631
squeezed_Hải Dương,2017-01-01,0.0,2.7912984,0.108073056,2.5889518,0.16210958,1.3615308,0.108073056,2.3430953,0.3782557,0.9104223,1.026694,0.9367141
squeezed_Hải Dương,2017-02-01,0.108073056,-0.24153756,0.16210958,-0.14574327,0.108073056,0.11182089,0.3782557,-0.3283684,1.026694,1.571989,9.726575,1.118889
squeezed_Hải Dương,2017-03-01,0.16210958,0.54568565,0.108073056,0.7693883,0.3782557,-0.015054898,1.026694,0.35338554,9.726575,0.8813327,8.699882,2.4243414
squeezed_Hải Dương,2017-04-01,0.108073056,0.07688294,0.3782557,0.7632253,1.026694,0.44343978,9.726575,1.4983535,8.699882,2.9074287,8.807954,7.700794
squeezed_Hải Dương,2017-05-01,0.3782557,0.34747416,1.026694,0.46595883,9.726575,0.74209845,8.699882,-0.3069084,8.807954,2.484276,1.8912785,2.5500762
squeezed_Hải Dương,2017-06-01,1.026694,-0.016107101,9.726575,-1.0350333,8.699882,10.368837,8.807954,0.18153603,1.8912785,2.4728003,0.21614611,2.789011
squeezed_Hải Dương,2017-07-01,9.726575,0.99475574,8.699882,11.72816,8.807954,1.7959001,1.8912785,2.2054923,0.21614611,0.71524006,0.106513284,0.61995107
squeezed_Hải Dương,2017-08-01,8.699882,8.012859,8.807954,14.740338,1.8912785,11.259603,0.21614611,14.016407,0.106513284,2.2465887,0.15976994,21.5466
squeezed_Hải Dương,2017-09-01,8.807954,9.284226,1.8912785,12.624636,0.21614611,9.163692,0.106513284,8.248906,0.15976994,18.050978,0.0,-0.70626897
squeezed_Hải Dương,2017-10-01,1.8912785,7.761497,0.21614611,4.0755224,0.106513284,3.0362942,0.15976994,10.84226,0.0,4.8798037,0.053256642,4.585929
squeezed_Hải Dương,2017-11-01,0.21614611,1.185952,0.106513284,-0.42320815,0.15976994,-2.3790674,0.0,-1.1873395,0.053256642,-1.0319494,0.15976994,-1.3544345
squeezed_Hải Dương,2017-12-01,0.106513284,-0.5157237,0.15976994,-2.0917807,0.0,-2.0872693,0.053256642,-1.1237067,0.15976994,0.33222014,0.15976994,-0.63513374
squeezed_Hải Phòng,2016-01-01,0.10096931,-0.004093363,0.0,-0.50225997,0.0,-0.5198279,0.0,0.17607416,0.050484654,-0.91516185,0.15145396,1.0740998
squeezed_Hải Phòng,2016-02-01,0.0,0.15280958,0.0,-0.6150601,0.0,0.68095386,0.050484654,1.6822934,0.15145396,1.1079531,0.20193861,5.578677
squeezed_Hải Phòng,2016-03-01,0.0,0.19166172,0.0,0.1841454,0.050484654,-0.08920874,0.15145396,1.819805,0.20193861,4.522241,0.20193861,7.5686746
squeezed_Hải Phòng,2016-04-01,0.0,0.007189749,0.050484654,0.025252063,0.15145396,1.6168967,0.20193861,2.493821,0.20193861,2.4064708,0.20193861,3.9699748
squeezed_Hải Phòng,2016-05-01,0.050484654,0.3310652,0.15145396,0.39448804,0.20193861,2.0093138,0.20193861,3.641769,0.20193861,3.1161635,0.5048465,4.5057216
squeezed_Hải Phòng,2016-06-01,0.15145396,0.79299885,0.20193861,2.113984,0.20193861,2.2400541,0.20193861,2.4026456,0.5048465,5.0642858,0.6563005,3.576056
squeezed_Hải Phòng,2016-07-01,0.20193861,1.396845,0.20193861,2.024592,0.20193861,1.8605701,0.5048465,4.495248,0.6563005,4.640845,0.0,1.2154776
squeezed_Hải Phòng,2016-08-01,0.20193861,1.0323117,0.20193861,1.3711344,0.5048465,0.58829355,0.6563005,3.6014442,0.0,0.7519083,0.3997202,4.334146
squeezed_Hải Phòng,2016-09-01,0.20193861,1.0864266,0.5048465,1.7269187,0.6563005,4.2179446,0.0,4.4347906,0.3997202,3.2927306,0.0,3.500658
squeezed_Hải Phòng,2016-10-01,0.5048465,1.3139504,0.6563005,1.4454997,0.0,0.46299577,0.3997202,2.536808,0.0,4.1645494,0.09993005,6.6990604
squeezed_Hải Phòng,2016-11-01,0.6563005,0.25619698,0.0,1.4563922,0.3997202,4.3957095,0.0,3.8707888,0.09993005,2.915867,0.049965024,5.2954044
squeezed_Hải Phòng,2016-12-01,0.0,2.0448613,0.3997202,4.364174,0.0,2.1875973,0.09993005,2.1030831,0.049965024,4.545709,0.6495453,4.633393
squeezed_Hải Phòng,2017-01-01,0.3997202,0.50473374,0.0,1.9101568,0.09993005,1.5781125,0.049965024,2.6928012,0.6495453,3.3517153,2.2484262,2.9630568
squeezed_Hải Phòng,2017-02-01,0.0,-0.17973958,0.09993005,0.001327257,0.049965024,0.45825756,0.6495453,1.1508313,2.2484262,1.6079017,16.238632,3.6680262
squeezed_Hải Phòng,2017-03-01,0.09993005,0.23483841,0.049965024,-0.12887774,0.6495453,0.7435446,2.2484262,1.0331194,16.238632,2.2446914,12.491256,3.5614464
squeezed_Hải Phòng,2017-04-01,0.049965024,0.3401761,0.6495453,0.56068736,2.2484262,1.1195529,16.238632,1.2937812,12.491256,3.5424674,6.6953135,11.692874
squeezed_Hải Phòng,2017-05-01,0.6495453,0.17545393,2.2484262,0.98374885,16.238632,0.15804471,12.491256,1.1579043,6.6953135,3.9866862,3.4975517,4.778315
squeezed_Hải Phòng,2017-06-01,2.2484262,0.81329423,16.238632,0.47654787,12.491256,3.920256,6.6953135,4.8862486,3.4975517,24.77306,0.5995803,14.935122
squeezed_Hải Phòng,2017-07-01,16.238632,2.0622,12.491256,4.8483434,6.6953135,5.1604176,3.4975517,8.496002,0.5995803,7.2639227,0.14878,6.244476
squeezed_Hải Phòng,2017-08-01,12.491256,14.702731,6.6953135,16.02437,3.4975517,14.967279,0.5995803,14.536438,0.14878,6.985166,0.0,6.571391
squeezed_Hải Phòng,2017-09-01,6.6953135,14.6489525,3.4975517,15.552938,0.5995803,11.390781,0.14878,7.928778,0.0,4.0619116,0.049593333,11.519185
squeezed_Hải Phòng,2017-10-01,3.4975517,5.823774,0.5995803,3.405995,0.14878,3.7621362,0.0,4.1312838,0.049593333,4.8636417,0.14878,7.697354
squeezed_Hải Phòng,2017-11-01,0.5995803,2.0378067,0.14878,1.1669639,0.0,0.6453863,0.049593333,1.2197857,0.14878,1.7925495,0.19837333,1.7795843
squeezed_Hải Phòng,2017-12-01,0.14878,2.1340208,0.0,0.20864142,0.049593333,-0.5291424,0.14878,1.2499907,0.19837333,2.8703563,0.29756,5.352404
squeezed_Khánh Hòa,2016-01-01,54.37469,184.02583,28.999836,93.95804,16.559565,139.94756,13.346515,132.46786,6.6732574,122.88801,12.6874275,166.85526
squeezed_Khánh Hòa,2016-02-01,28.999836,61.87222,16.559565,69.19581,13.346515,93.24566,6.6732574,77.69769,12.6874275,87.55285,19.937387,76.953316
squeezed_Khánh Hòa,2016-03-01,16.559565,29.654896,13.346515,39.6877,6.6732574,48.59006,12.6874275,82.66015,19.937387,73.47042,16.64195,67.33434
squeezed_Khánh Hòa,2016-04-01,13.346515,34.601166,6.6732574,48.419445,12.6874275,52.527946,19.937387,67.21893,16.64195,60.15609,32.789585,72.25728
squeezed_Khánh Hòa,2016-05-01,6.6732574,24.32879,12.6874275,41.209743,19.937387,56.910473,16.64195,67.01134,32.789585,57.449093,45.065086,48.20778
squeezed_Khánh Hòa,2016-06-01,12.6874275,15.134755,19.937387,24.439016,16.64195,25.121012,32.789585,32.791298,45.065086,34.659836,26.198715,40.103954
squeezed_Khánh Hòa,2016-07-01,19.937387,26.243917,16.64195,22.341663,32.789585,27.242615,45.065086,39.75933,26.198715,26.823832,24.664967,33.480824
squeezed_Khánh Hòa,2016-08-01,16.64195,26.620869,32.789585,34.21919,45.065086,51.88963,26.198715,41.246365,24.664967,91.72663,15.456713,29.468124
squeezed_Khánh Hòa,2016-09-01,32.789585,23.732094,45.065086,45.43716,26.198715,34.719776,24.664967,37.31175,15.456713,28.896633,12.4147005,14.453172
squeezed_Khánh Hòa,2016-10-01,45.065086,49.96813,26.198715,47.661144,24.664967,24.048794,15.456713,39.691826,12.4147005,12.65045,14.3878975,6.982774
squeezed_Khánh Hòa,2016-11-01,26.198715,43.2501,24.664967,20.01358,15.456713,24.649408,12.4147005,10.385284,14.3878975,18.649433,12.332483,6.7723355
squeezed_Khánh Hòa,2016-12-01,24.664967,16.130331,15.456713,16.885902,12.4147005,12.596361,14.3878975,23.624004,12.332483,8.918113,22.116255,11.39572
squeezed_Khánh Hòa,2017-01-01,15.456713,27.934553,12.4147005,15.718353,14.3878975,17.969864,12.332483,26.370543,22.116255,27.998438,28.611362,36.67568
squeezed_Khánh Hòa,2017-02-01,12.4147005,9.997308,14.3878975,7.8634963,12.332483,11.261665,22.116255,39.90912,28.611362,44.999405,27.460331,35.303566
squeezed_Khánh Hòa,2017-03-01,14.3878975,15.972622,12.332483,18.510386,22.116255,18.894344,28.611362,29.690815,27.460331,34.528828,27.131464,33.399353
squeezed_Khánh Hòa,2017-04-01,12.332483,18.53113,22.116255,23.03452,28.611362,29.476252,27.460331,33.06412,27.131464,30.584059,25.487133,36.43112
squeezed_Khánh Hòa,2017-05-01,22.116255,20.936924,28.611362,26.88826,27.460331,33.258057,27.131464,25.514292,25.487133,37.06854,20.965223,38.7746
squeezed_Khánh Hòa,2017-06-01,28.611362,30.888504,27.460331,39.556393,27.131464,37.7345,25.487133,48.118423,20.965223,45.2713,23.842802,39.799755
squeezed_Khánh Hòa,2017-07-01,27.460331,45.544304,27.131464,49.73164,25.487133,28.475056,20.965223,32.588634,23.842802,25.411121,21.151491,23.707994
squeezed_Khánh Hòa,2017-08-01,27.131464,39.70755,25.487133,33.05758,20.965223,38.074844,23.842802,39.7101,21.151491,29.526402,15.353206,16.027721
squeezed_Khánh Hòa,2017-09-01,25.487133,35.45196,20.965223,48.396027,23.842802,47.74336,21.151491,40.384476,15.353206,33.38034,11.18824,14.912671
squeezed_Khánh Hòa,2017-10-01,20.965223,36.18409,23.842802,37.00947,21.151491,29.313375,15.353206,28.417423,11.18824,18.061111,9.064924,15.27456
squeezed_Khánh Hòa,2017-11-01,23.842802,26.949118,21.151491,23.511105,15.353206,21.277489,11.18824,27.989597,9.064924,16.988148,11.759902,10.930246
squeezed_Khánh Hòa,2017-12-01,21.151491,19.774017,15.353206,14.888849,11.18824,17.534674,9.064924,20.785288,11.759902,14.472151,12.086566,20.801826
squeezed_Kiên Giang,2016-01-01,2.251365,9.119385,3.6021838,3.6735358,3.3770473,2.1101842,4.052457,4.6812015,4.108741,11.333943,4.727866,8.977623
squeezed_Kiên Giang,2016-02-01,3.6021838,3.3960333,3.3770473,3.2640529,4.052457,4.35532,4.108741,8.658728,4.727866,12.581176,6.5289583,20.150583
squeezed_Kiên Giang,2016-03-01,3.3770473,8.903511,4.052457,4.1289263,4.108741,6.272305,4.727866,12.454702,6.5289583,25.365585,7.6546407,22.404278
squeezed_Kiên Giang,2016-04-01,4.052457,4.1562667,4.108741,7.528318,4.727866,12.88012,6.5289583,15.819705,7.6546407,23.075323,5.7972646,31.992212
squeezed_Kiên Giang,2016-05-01,4.108741,6.804342,4.727866,10.533065,6.5289583,22.411114,7.6546407,27.00282,5.7972646,24.703857,6.0786853,22.414078
squeezed_Kiên Giang,2016-06-01,4.727866,7.3446407,6.5289583,19.871565,7.6546407,25.391113,5.7972646,19.025175,6.0786853,15.088559,4.4464455,16.128532
squeezed_Kiên Giang,2016-07-01,6.5289583,9.712066,7.6546407,17.56794,5.7972646,14.555622,6.0786853,11.2245455,4.4464455,14.342233,2.1600795,12.203209
squeezed_Kiên Giang,2016-08-01,7.6546407,9.099328,5.7972646,6.8216825,6.0786853,11.732467,4.4464455,9.882672,2.1600795,10.77566,2.5103626,14.756562
squeezed_Kiên Giang,2016-09-01,5.7972646,7.7000084,6.0786853,7.070217,4.4464455,7.0047054,2.1600795,7.9403033,2.5103626,6.596097,5.137486,8.44777
squeezed_Kiên Giang,2016-10-01,6.0786853,6.665559,4.4464455,7.156393,2.1600795,10.109982,2.5103626,7.2896013,5.137486,8.185006,4.8455834,10.086789
squeezed_Kiên Giang,2016-11-01,4.4464455,6.4938264,2.1600795,10.305281,2.5103626,10.353212,5.137486,6.6088414,4.8455834,9.335677,5.487769,9.755358
squeezed_Kiên Giang,2016-12-01,2.1600795,14.66736,2.5103626,16.67371,5.137486,9.780165,4.8455834,10.74635,5.487769,17.586727,9.399264,13.623152
squeezed_Kiên Giang,2017-01-01,2.5103626,7.556261,5.137486,7.6788673,4.8455834,9.596588,5.487769,8.795417,9.399264,12.120297,12.143149,11.326227
squeezed_Kiên Giang,2017-02-01,5.137486,3.9929855,4.8455834,8.069119,5.487769,6.4030766,9.399264,11.100687,12.143149,16.131063,13.193998,11.027139
squeezed_Kiên Giang,2017-03-01,4.8455834,6.917578,5.487769,7.270957,9.399264,9.895762,12.143149,14.664236,13.193998,19.261202,11.792866,20.079525
squeezed_Kiên Giang,2017-04-01,5.487769,6.5667768,9.399264,8.44912,12.143149,13.008489,13.193998,12.944427,11.792866,13.750957,6.830521,21.311846
squeezed_Kiên Giang,2017-05-01,9.399264,7.4104586,12.143149,11.63666,13.193998,12.084356,11.792866,13.525055,6.830521,19.407557,5.254247,23.936712
squeezed_Kiên Giang,2017-06-01,12.143149,11.090032,13.193998,12.747574,11.792866,15.165107,6.830521,21.380934,5.254247,21.242218,4.4953003,21.450085
squeezed_Kiên Giang,2017-07-01,13.193998,12.662427,11.792866,14.4647875,6.830521,18.118258,5.254247,19.60655,4.4953003,21.599113,4.6563063,24.83343
squeezed_Kiên Giang,2017-08-01,11.792866,13.068109,6.830521,14.17738,5.254247,17.341705,4.4953003,18.562496,4.6563063,19.673052,2.2699494,24.08532
squeezed_Kiên Giang,2017-09-01,6.830521,14.810626,5.254247,17.907173,4.4953003,17.862894,4.6563063,21.085482,2.2699494,18.766226,3.6668413,22.4254
squeezed_Kiên Giang,2017-10-01,5.254247,7.444802,4.4953003,9.841808,4.6563063,16.575985,2.2699494,18.892807,3.6668413,18.877527,6.9844594,21.660969
squeezed_Kiên Giang,2017-11-01,4.4953003,5.458177,4.6563063,10.866448,2.2699494,13.4224,3.6668413,17.500896,6.9844594,19.4259,10.360282,25.197523
squeezed_Kiên Giang,2017-12-01,4.6563063,12.051983,2.2699494,11.336353,3.6668413,13.672609,6.9844594,19.67299,10.360282,21.82757,11.40795,27.890852
squeezed_Kon Tum,2016-01-01,5.71091,7.7480392,5.317054,12.00821,10.43718,8.606112,23.434423,14.6966095,122.48917,29.08647,135.88026,44.896
squeezed_Kon Tum,2016-02-01,5.317054,5.0083637,10.43718,6.3798075,23.434423,11.174306,122.48917,15.281339,135.88026,37.680435,159.51161,33.547302
squeezed_Kon Tum,2016-03-01,10.43718,5.0154634,23.434423,20.17587,122.48917,26.758726,135.88026,45.29596,159.51161,86.87722,89.99606,77.44101
squeezed_Kon Tum,2016-04-01,23.434423,19.721506,122.48917,30.629421,135.88026,63.88397,159.51161,67.66658,89.99606,84.98762,52.776684,55.167072
squeezed_Kon Tum,2016-05-01,122.48917,38.55983,135.88026,64.19812,159.51161,77.14511,89.99606,59.732193,52.776684,48.037987,40.567154,32.64063
squeezed_Kon Tum,2016-06-01,135.88026,214.6989,159.51161,179.68762,89.99606,94.09001,52.776684,110.06291,40.567154,50.320915,22.646711,70.477615
squeezed_Kon Tum,2016-07-01,159.51161,162.479,89.99606,123.41781,52.776684,41.36657,40.567154,16.132345,22.646711,14.333624,7.690829,12.457105
squeezed_Kon Tum,2016-08-01,89.99606,108.52839,52.776684,57.173077,40.567154,4.263946,22.646711,10.285036,7.690829,-0.9966599,0.38454142,12.082206
squeezed_Kon Tum,2016-09-01,52.776684,69.08316,40.567154,18.522242,22.646711,10.977,7.690829,3.394586,0.38454142,6.494437,2.1149778,4.9138927
squeezed_Kon Tum,2016-10-01,40.567154,37.450874,22.646711,11.944953,7.690829,4.265167,0.38454142,7.182568,2.1149778,25.162365,0.9613536,8.803335
squeezed_Kon Tum,2016-11-01,22.646711,21.68714,7.690829,7.942518,0.38454142,6.7311597,2.1149778,7.103164,0.9613536,13.52372,3.8454144,6.947093
squeezed_Kon Tum,2016-12-01,7.690829,19.93532,0.38454142,11.0035095,2.1149778,19.229137,0.9613536,4.0476236,3.8454144,1.0853814,4.9990387,6.071242
squeezed_Kon Tum,2017-01-01,0.38454142,5.1259747,2.1149778,4.8545647,0.9613536,6.575145,3.8454144,8.069354,4.9990387,24.870628,11.536243,15.258245
squeezed_Kon Tum,2017-02-01,2.1149778,3.0302863,0.9613536,1.0941362,3.8454144,4.2183156,4.9990387,1.823528,11.536243,17.371468,18.650259,16.989624
squeezed_Kon Tum,2017-03-01,0.9613536,3.517862,3.8454144,2.6469772,4.9990387,14.032519,11.536243,12.838066,18.650259,17.78616,18.073448,34.6034
squeezed_Kon Tum,2017-04-01,3.8454144,7.650569,4.9990387,13.20858,11.536243,11.767063,18.650259,22.797153,18.073448,5.31463,17.304365,15.176603
squeezed_Kon Tum,2017-05-01,4.9990387,6.375071,11.536243,13.557742,18.650259,19.473703,18.073448,15.146681,17.304365,13.828433,14.612575,8.235457
squeezed_Kon Tum,2017-06-01,11.536243,6.393811,18.650259,15.629451,18.073448,6.9480844,17.304365,9.8626585,14.612575,6.091239,9.998077,4.7287445
squeezed_Kon Tum,2017-07-01,18.650259,14.4899235,18.073448,15.13219,17.304365,10.725673,14.612575,6.5986233,9.998077,3.1339295,1.6904583,1.0417377
squeezed_Kon Tum,2017-08-01,18.073448,18.504522,17.304365,20.143461,14.612575,11.593415,9.998077,5.9950147,1.6904583,2.610119,1.6904583,1.5124931
squeezed_Kon Tum,2017-09-01,17.304365,15.6921015,14.612575,14.14445,9.998077,4.5045185,1.6904583,0.23504941,1.6904583,0.33846766,1.6904583,3.2907374
squeezed_Kon Tum,2017-10-01,14.612575,11.566693,9.998077,9.194718,1.6904583,4.41592,1.6904583,1.5017838,1.6904583,3.8478832,0.1878287,2.8241417
squeezed_Kon Tum,2017-11-01,9.998077,7.7465925,1.6904583,5.4776955,1.6904583,4.681936,1.6904583,2.2943437,0.1878287,0.9576926,1.5026296,5.8699174
squeezed_Kon Tum,2017-12-01,1.6904583,5.4226522,1.6904583,5.542248,1.6904583,1.845318,0.1878287,4.283314,1.5026296,11.039544,3.5687454,13.692548
squeezed_Lai Châu,2016-01-01,0.0,0.11937047,0.0,-0.19220571,0.0,-0.4143532,0.0,-0.3642365,0.0,-0.56714576,0.0,-0.27358714
squeezed_Lai Châu,2016-02-01,0.0,-0.26745215,0.0,-0.7186963,0.0,0.2911736,0.0,-0.051019117,0.0,-0.2464418,0.0,-0.45045358
squeezed_Lai Châu,2016-03-01,0.0,-0.46898603,0.0,0.1865393,0.0,0.513856,0.0,-0.10900948,0.0,0.91797024,0.0,-0.27723035
squeezed_Lai Châu,2016-04-01,0.0,0.17651987,0.0,0.59420216,0.0,0.07846771,0.0,0.06726519,0.0,0.25741547,0.0,0.6326078
squeezed_Lai Châu,2016-05-01,0.0,0.13264753,0.0,0.20596637,0.0,-0.1374593,0.0,0.2785233,0.0,-0.40129235,0.0,-0.7938439
squeezed_Lai Châu,2016-06-01,0.0,0.06105343,0.0,0.06285615,0.0,-0.28359127,0.0,0.7728273,0.0,0.41956767,0.0,-0.16454855
squeezed_Lai Châu,2016-07-01,0.0,-0.18827604,0.0,-0.10530941,0.0,-0.24189515,0.0,0.734737,0.0,0.81603104,0.0,0.7130036
squeezed_Lai Châu,2016-08-01,0.0,-0.089871325,0.0,-0.07501559,0.0,0.24955891,0.0,0.907467,0.0,1.3929918,0.0,1.3200536
squeezed_Lai Châu,2016-09-01,0.0,-0.04810345,0.0,0.2897654,0.0,0.07868222,0.0,0.6774129,0.0,0.67863035,0.0,0.277938
squeezed_Lai Châu,2016-10-01,0.0,0.19442275,0.0,0.82197773,0.0,0.83298796,0.0,1.0034713,0.0,0.40112218,0.0,0.85406035
squeezed_Lai Châu,2016-11-01,0.0,0.15750512,0.0,0.4366048,0.0,0.8780562,0.0,0.8505129,0.0,-0.28849974,0.0,-0.3965597
squeezed_Lai Châu,2016-12-01,0.0,1.2231811,0.0,1.1020795,0.0,0.393596,0.0,0.052155174,0.0,-0.7963498,0.22497188,0.1615175
squeezed_Lai Châu,2017-01-01,0.0,0.017769825,0.0,0.56514287,0.0,-0.32022926,0.0,-0.37989426,0.22497188,0.46963206,0.22497188,0.22084399
squeezed_Lai Châu,2017-02-01,0.0,-0.20658068,0.0,-0.5830811,0.0,-0.084875666,0.22497188,-0.1982126,0.22497188,-0.26199117,0.6749156,0.4861489
squeezed_Lai Châu,2017-03-01,0.0,-0.09196281,0.0,0.2518505,0.22497188,-0.16903439,0.22497188,-0.045422684,0.6749156,-0.07238376,1.799775,-1.004005
squeezed_Lai Châu,2017-04-01,0.0,0.04410145,0.22497188,0.4696134,0.22497188,0.02388294,0.6749156,-0.4760093,1.799775,-0.064166725,0.44994375,-0.5010867
squeezed_Lai Châu,2017-05-01,0.22497188,-0.02635866,0.22497188,0.37037584,0.6749156,-0.19392698,1.799775,-0.48687807,0.44994375,-0.1644137,0.22497188,-1.1990054
squeezed_Lai Châu,2017-06-01,0.22497188,-0.017297447,0.6749156,-0.041393965,1.799775,0.23304848,0.44994375,0.3594575,0.22497188,0.065453455,0.22497188,0.7007488
squeezed_Lai Châu,2017-07-01,0.6749156,-0.19213004,1.799775,0.06785255,0.44994375,0.2819,0.22497188,0.7013228,0.22497188,0.50978845,0.2205558,0.50164527
squeezed_Lai Châu,2017-08-01,1.799775,0.48450652,0.44994375,0.29268783,0.22497188,0.081099555,0.22497188,0.72872096,0.2205558,1.2721933,0.0,1.3600476
squeezed_Lai Châu,2017-09-01,0.44994375,1.4433192,0.22497188,0.99771726,0.22497188,1.7795646,0.2205558,1.6357583,0.0,1.6566312,0.0,0.6992227
squeezed_Lai Châu,2017-10-01,0.22497188,-0.08650761,0.22497188,0.41660622,0.2205558,-0.31292552,0.0,0.17616728,0.0,0.05165111,0.0,-0.15436938
squeezed_Lai Châu,2017-11-01,0.22497188,0.12482618,0.2205558,0.4773106,0.0,0.1444603,0.0,-0.3747142,0.0,-0.31164536,0.0,-1.5219357
squeezed_Lai Châu,2017-12-01,0.2205558,0.17615032,0.0,-0.08580086,0.0,-0.13397399,0.0,-0.50926024,0.0,-0.5121937,0.0,-0.8598179
squeezed_Long An,2016-01-01,10.532671,15.69165,9.66054,16.073765,12.478197,20.22383,7.715014,19.749044,6.507447,24.722315,8.117537,28.075447
squeezed_Long An,2016-02-01,9.66054,12.302525,12.478197,12.191242,7.715014,20.793728,6.507447,24.236317,8.117537,29.922977,9.66054,40.068035
squeezed_Long An,2016-03-01,12.478197,8.705283,7.715014,17.484034,6.507447,25.964983,8.117537,34.718147,9.66054,39.237045,12.545283,48.946808
squeezed_Long An,2016-04-01,7.715014,18.230259,6.507447,31.83631,8.117537,46.737263,9.66054,46.187588,12.545283,51.428165,13.283241,49.241676
squeezed_Long An,2016-05-01,6.507447,15.704246,8.117537,19.302269,9.66054,36.417717,12.545283,42.480396,13.283241,53.551605,13.417416,41.628685
squeezed_Long An,2016-06-01,8.117537,10.893927,9.66054,23.905334,12.545283,35.52305,13.283241,29.722786,13.417416,30.491,11.807326,21.289867
squeezed_Long An,2016-07-01,9.66054,16.8385,12.545283,26.3992,13.283241,23.60495,13.417416,23.267689,11.807326,20.059942,10.34711,11.494079
squeezed_Long An,2016-08-01,12.545283,13.380368,13.283241,19.802584,13.417416,18.980654,11.807326,18.65353,10.34711,12.210889,9.504903,7.1114964
squeezed_Long An,2016-09-01,13.283241,16.624264,13.417416,23.171986,11.807326,20.996254,10.34711,14.927435,9.504903,9.169768,8.121278,1.635355
squeezed_Long An,2016-10-01,13.417416,15.633374,11.807326,12.511062,10.34711,11.931707,9.504903,6.807261,8.121278,3.6143265,10.106479,4.415481
squeezed_Long An,2016-11-01,11.807326,11.682634,10.34711,7.948451,9.504903,8.444173,8.121278,4.994092,10.106479,1.1546221,14.798773,5.2533493
squeezed_Long An,2016-12-01,10.34711,15.618931,9.504903,6.8668027,8.121278,6.0018706,10.106479,5.307338,14.798773,2.0691903,19.91217,4.1170864
squeezed_Long An,2017-01-01,9.504903,9.731018,8.121278,6.348737,10.106479,9.9687395,14.798773,11.412382,19.91217,11.921085,24.183361,18.569912
squeezed_Long An,2017-02-01,8.121278,6.4581747,10.106479,10.959791,14.798773,14.662518,19.91217,16.779724,24.183361,21.732122,23.46147,24.294132
squeezed_Long An,2017-03-01,10.106479,12.148584,14.798773,11.01218,19.91217,14.072006,24.183361,27.515371,23.46147,26.375206,18.287914,32.553787
squeezed_Long An,2017-04-01,14.798773,10.020386,19.91217,16.147457,24.183361,26.728165,23.46147,32.634277,18.287914,38.375328,14.317512,37.707657
squeezed_Long An,2017-05-01,19.91217,22.39024,24.183361,37.35645,23.46147,36.213722,18.287914,34.91422,14.317512,35.237568,7.880647,32.37257
squeezed_Long An,2017-06-01,24.183361,31.517645,23.46147,38.439297,18.287914,35.561844,14.317512,35.947014,7.880647,31.040382,7.760332,26.553879
squeezed_Long An,2017-07-01,23.46147,29.078506,18.287914,28.676592,14.317512,33.65929,7.880647,33.04575,7.760332,23.399733,5.9562807,22.054409
squeezed_Long An,2017-08-01,18.287914,27.905312,14.317512,34.506363,7.880647,30.875572,7.760332,23.630257,5.9562807,15.79592,3.6333313,16.799965
squeezed_Long An,2017-09-01,14.317512,23.711374,7.880647,28.665188,7.760332,22.468912,5.9562807,19.405582,3.6333313,13.93162,4.2289596,18.357279
squeezed_Long An,2017-10-01,7.880647,17.444576,7.760332,15.478718,5.9562807,18.497686,3.6333313,16.623838,4.2289596,15.910922,3.8715825,15.02457
squeezed_Long An,2017-11-01,7.760332,9.675688,5.9562807,10.041053,3.6333313,14.916651,4.2289596,13.382572,3.8715825,14.993442,4.705462,22.161528
squeezed_Long An,2017-12-01,5.9562807,11.814479,3.6333313,9.193351,4.2289596,15.213746,3.8715825,13.979458,4.705462,20.73223,8.517482,23.357294
squeezed_Lào Cai,2016-01-01,0.0,0.085883014,0.0,0.56852174,0.0,0.8309843,0.0,32.546562,0.0,22.676886,0.0,4.400111
squeezed_Lào Cai,2016-02-01,0.0,0.71445,0.0,5.604442,0.0,5.755221,0.0,6.3400617,0.0,-0.24541338,0.0,0.13654687
squeezed_Lào Cai,2016-03-01,0.0,-0.38420928,0.0,4.262892,0.0,7.9845786,0.0,0.31584916,0.0,1.6135457,0.0,0.021467902
squeezed_Lào Cai,2016-04-01,0.0,-0.014497288,0.0,0.42356953,0.0,0.007798939,0.0,-0.7039265,0.0,1.5885257,0.0,0.5764576
squeezed_Lào Cai,2016-05-01,0.0,0.03684453,0.0,0.554836,0.0,-0.6214761,0.0,0.7111693,0.0,-0.6261552,0.0,0.48062512
squeezed_Lào Cai,2016-06-01,0.0,0.3293687,0.0,-0.12930694,0.0,0.084723935,0.0,0.6235094,0.0,-1.0784093,0.0,-1.2891625
squeezed_Lào Cai,2016-07-01,0.0,-0.109143116,0.0,0.008974413,0.0,0.37289897,0.0,0.4976442,0.0,-0.23243682,0.0,-0.07413039
squeezed_Lào Cai,2016-08-01,0.0,-0.07321181,0.0,0.57590795,0.0,0.3436224,0.0,0.44553387,0.0,0.8134151,0.0,-0.13356176
squeezed_Lào Cai,2016-09-01,0.0,0.6266165,0.0,0.8163767,0.0,0.3394958,0.0,0.5296972,0.0,0.33372948,0.0,-0.01777447
squeezed_Lào Cai,2016-10-01,0.0,-0.13594471,0.0,0.5368936,0.0,0.19985753,0.0,0.32073852,0.0,-0.5702356,0.14112334,-0.10567427
squeezed_Lào Cai,2016-11-01,0.0,0.30533788,0.0,0.9623482,0.0,1.220796,0.0,1.6985657,0.14112334,-0.19644777,0.0,-0.007264478
squeezed_Lào Cai,2016-12-01,0.0,3.4807527,0.0,2.7601967,0.0,1.9047052,0.14112334,1.651626,0.0,-1.032376,0.14112334,0.42213896
squeezed_Lào Cai,2017-01-01,0.0,1.0060292,0.0,0.8291684,0.14112334,0.12648375,0.0,-0.19332273,0.14112334,0.02347249,1.9757268,0.99468696
squeezed_Lào Cai,2017-02-01,0.0,0.18839477,0.14112334,0.0024526478,0.0,-0.4968229,0.14112334,-0.18989372,1.9757268,0.72169495,9.1730175,2.7833788
squeezed_Lào Cai,2017-03-01,0.14112334,0.22002114,0.0,-0.4652797,0.14112334,-0.72701526,1.9757268,0.13719194,9.1730175,2.5849335,6.209427,1.8770863
squeezed_Lào Cai,2017-04-01,0.0,-0.1785092,0.14112334,0.43347833,1.9757268,0.3778586,9.1730175,0.8268734,6.209427,1.9601704,3.5280836,0.978173
squeezed_Lào Cai,2017-05-01,0.14112334,-0.008260913,1.9757268,0.6345911,9.1730175,1.0196105,6.209427,1.0128163,3.5280836,1.9338894,1.6934801,2.0921006
squeezed_Lào Cai,2017-06-01,1.9757268,0.16430591,9.1730175,0.51850027,6.209427,1.1483793,3.5280836,1.8561128,1.6934801,0.28406382,0.14112334,1.236461
squeezed_Lào Cai,2017-07-01,9.1730175,1.513579,6.209427,2.386934,3.5280836,2.3538191,1.6934801,1.7653304,0.14112334,2.453333,0.0,4.049549
squeezed_Lào Cai,2017-08-01,6.209427,6.2169228,3.5280836,3.6775074,1.6934801,7.4115543,0.14112334,6.078865,0.0,5.9976273,0.0,2.7680972
squeezed_Lào Cai,2017-09-01,3.5280836,5.398278,1.6934801,7.2905583,0.14112334,4.554605,0.0,1.9819896,0.0,-0.49571684,0.13873474,0.24049489
squeezed_Lào Cai,2017-10-01,1.6934801,2.9766183,0.14112334,2.1908362,0.0,1.6865945,0.0,0.9831762,0.13873474,-0.9141907,0.0,3.7686489
squeezed_Lào Cai,2017-11-01,0.14112334,2.1554782,0.0,2.3965142,0.0,6.570504,0.13873474,0.86131,0.0,4.8175693,0.13873474,5.711938
squeezed_Lào Cai,2017-12-01,0.0,2.0477931,0.0,0.6982903,0.13873474,2.3386564,0.0,2.065235,0.13873474,1.4249471,0.0,3.2638052
squeezed_Lâm Đồng,2016-01-01,1.8630648,2.9453826,3.0274801,3.3085103,2.7169695,5.476317,6.0549603,8.792772,13.972985,10.44594,28.256481,11.811051
squeezed_Lâm Đồng,2016-02-01,3.0274801,2.5862787,2.7169695,2.3829696,6.0549603,4.263211,13.972985,7.0982685,28.256481,12.0219555,33.147026,11.554174
squeezed_Lâm Đồng,2016-03-01,2.7169695,2.952555,6.0549603,2.9088392,13.972985,6.7326946,28.256481,9.821204,33.147026,14.160255,27.092066,14.017372
squeezed_Lâm Đồng,2016-04-01,6.0549603,3.8377643,13.972985,5.6570325,28.256481,10.130046,33.147026,10.857779,27.092066,8.027827,16.379444,8.909805
squeezed_Lâm Đồng,2016-05-01,13.972985,5.88966,28.256481,8.5990925,33.147026,11.149559,27.092066,12.94587,16.379444,13.126152,11.79941,13.489166
squeezed_Lâm Đồng,2016-06-01,28.256481,15.842665,33.147026,18.76859,27.092066,19.695608,16.379444,16.271296,11.79941,6.7076497,5.2786837,4.7740593
squeezed_Lâm Đồng,2016-07-01,33.147026,28.115025,27.092066,26.93134,16.379444,16.948702,11.79941,7.6768947,5.2786837,7.540918,2.1852806,3.9963038
squeezed_Lâm Đồng,2016-08-01,27.092066,28.169964,16.379444,21.261616,11.79941,15.687157,5.2786837,5.9583497,2.1852806,4.0548496,1.2487317,4.6744843
squeezed_Lâm Đồng,2016-09-01,16.379444,23.344744,11.79941,18.723875,5.2786837,14.528088,2.1852806,3.2758179,1.2487317,2.222565,1.7950519,3.4438636
squeezed_Lâm Đồng,2016-10-01,11.79941,12.168099,5.2786837,9.206224,2.1852806,8.25522,1.2487317,5.001791,1.7950519,4.0545382,0.8585031,4.4649596
squeezed_Lâm Đồng,2016-11-01,5.2786837,8.467044,2.1852806,7.5012946,1.2487317,8.927176,1.7950519,4.9139485,0.8585031,3.840924,1.7170062,1.8164665
squeezed_Lâm Đồng,2016-12-01,2.1852806,8.346943,1.2487317,6.2720156,1.7950519,5.094849,0.8585031,3.3857653,1.7170062,7.875475,6.711933,3.8219697
squeezed_Lâm Đồng,2017-01-01,1.2487317,3.563828,1.7950519,3.584305,0.8585031,2.9712632,1.7170062,5.111518,6.711933,7.511334,6.39975,10.142739
squeezed_Lâm Đồng,2017-02-01,1.7950519,3.078711,0.8585031,2.2930174,1.7170062,2.6605911,6.711933,4.6713963,6.39975,8.641064,4.2925153,6.432202
squeezed_Lâm Đồng,2017-03-01,0.8585031,4.0520463,1.7170062,3.6582358,6.711933,6.2548246,6.39975,7.499664,4.2925153,6.252079,3.824241,5.401045
squeezed_Lâm Đồng,2017-04-01,1.7170062,3.4463544,6.711933,5.4151545,6.39975,7.739292,4.2925153,4.960305,3.824241,2.2635286,1.9511434,2.5765884
squeezed_Lâm Đồng,2017-05-01,6.711933,3.8364182,6.39975,4.986116,4.2925153,4.7282486,3.824241,2.2304273,1.9511434,-1.3825177,2.029189,0.45316544
squeezed_Lâm Đồng,2017-06-01,6.39975,5.583286,4.2925153,5.0226917,3.824241,5.436704,1.9511434,6.4445996,2.029189,0.65168375,1.7950519,-0.7725433
squeezed_Lâm Đồng,2017-07-01,4.2925153,5.2052617,3.824241,3.0708928,1.9511434,2.9421797,2.029189,0.122639254,1.7950519,-1.6131308,1.1615301,-0.7543462
squeezed_Lâm Đồng,2017-08-01,3.824241,3.100575,1.9511434,2.13427,2.029189,0.82672924,1.7950519,-0.72245896,1.1615301,-1.5461442,1.0840948,0.68337274
squeezed_Lâm Đồng,2017-09-01,1.9511434,3.308298,2.029189,2.181832,1.7950519,5.03435,1.1615301,0.45507747,1.0840948,1.5762365,0.6969181,4.2780313
squeezed_Lâm Đồng,2017-10-01,2.029189,2.4422724,1.7950519,1.3643359,1.1615301,0.7952749,1.0840948,5.4342523,0.6969181,1.3319427,0.38717672,1.6483392
squeezed_Lâm Đồng,2017-11-01,1.7950519,1.4239067,1.1615301,2.863784,1.0840948,5.3570924,0.6969181,3.8806834,0.38717672,2.8701622,1.3938361,6.2073092
squeezed_Lâm Đồng,2017-12-01,1.1615301,4.3382683,1.0840948,4.6087394,0.6969181,4.1769567,0.38717672,4.761896,1.3938361,7.235357,3.174849,9.136721
squeezed_Lạng Sơn,2016-01-01,0.0,0.07876196,0.0,-0.08716068,0.0,0.024184331,0.0,-0.17630553,0.0,0.18923192,0.0,0.36804247
squeezed_Lạng Sơn,2016-02-01,0.0,-0.12579305,0.0,-0.41460004,0.0,0.27514085,0.0,0.17961335,0.0,-0.13742533,0.0,-0.955556
squeezed_Lạng Sơn,2016-03-01,0.0,0.06896182,0.0,0.27909777,0.0,0.34692988,0.0,-0.16324775,0.0,0.8295451,0.0,1.0898174
squeezed_Lạng Sơn,2016-04-01,0.0,-0.055340935,0.0,-0.519725,0.0,-0.35910237,0.0,-0.8792629,0.0,-0.8118709,0.0,0.70253986
squeezed_Lạng Sơn,2016-05-01,0.0,0.009079112,0.0,-0.3502453,0.0,-0.5846664,0.0,-0.8203797,0.0,-1.352623,0.0,-0.71886456
squeezed_Lạng Sơn,2016-06-01,0.0,0.18776491,0.0,0.6483119,0.0,0.4652799,0.0,0.31280833,0.0,0.43546763,0.0,0.23228985
squeezed_Lạng Sơn,2016-07-01,0.0,0.6183934,0.0,1.4527006,0.0,5.6801324,0.0,0.4387733,0.0,0.42505252,0.0,0.7358141
squeezed_Lạng Sơn,2016-08-01,0.0,0.85448146,0.0,0.64010894,0.0,-0.41548437,0.0,-0.5379522,0.0,-0.013353562,0.0,1.336741
squeezed_Lạng Sơn,2016-09-01,0.0,0.26287663,0.0,-0.25837427,0.0,-0.86924165,0.0,1.8263884,0.0,2.4232569,0.0,2.527965
squeezed_Lạng Sơn,2016-10-01,0.0,-0.09543342,0.0,-1.14618,0.0,2.6004915,0.0,2.8516314,0.0,4.5337124,0.0,4.4832163
squeezed_Lạng Sơn,2016-11-01,0.0,-0.087563865,0.0,2.31266,0.0,4.472489,0.0,2.637491,0.0,2.690371,0.0,2.1961584
squeezed_Lạng Sơn,2016-12-01,0.0,0.5198441,0.0,2.6568503,0.0,1.4434569,0.0,1.7663621,0.0,1.87135,0.0,2.2612398
squeezed_Lạng Sơn,2017-01-01,0.0,1.8254764,0.0,2.3405414,0.0,1.2392119,0.0,2.04035,0.0,0.38222423,0.0,0.0367468
squeezed_Lạng Sơn,2017-02-01,0.0,0.42508072,0.0,0.8401888,0.0,0.31809905,0.0,-0.009194352,0.0,-0.47704148,8.585924,-0.6564699
squeezed_Lạng Sơn,2017-03-01,0.0,0.69657594,0.0,0.81022096,0.0,0.17321387,0.0,-0.059041668,8.585924,-0.7221857,0.0,-1.0703133
squeezed_Lạng Sơn,2017-04-01,0.0,-0.023984801,0.0,-0.13125719,0.0,-0.56547666,8.585924,-0.9947325,0.0,-0.8044643,0.0,-0.24359101
squeezed_Lạng Sơn,2017-05-01,0.0,0.046245627,0.0,0.039944388,8.585924,-0.47493944,0.0,-0.9784363,0.0,-0.7481222,0.0,-0.2937923
squeezed_Lạng Sơn,2017-06-01,0.0,0.20928186,8.585924,-0.26266578,0.0,2.1825428,0.0,1.4678415,0.0,1.1175338,22.11526,1.2333658
squeezed_Lạng Sơn,2017-07-01,8.585924,0.22161871,0.0,0.122736454,0.0,0.35874933,0.0,0.014844888,22.11526,-0.17380074,0.12888259,-0.64427835
squeezed_Lạng Sơn,2017-08-01,0.0,7.767482,0.0,5.533389,0.0,6.631303,22.11526,6.9108157,0.12888259,2.8007138,0.0,-0.006088998
squeezed_Lạng Sơn,2017-09-01,0.0,1.2213645,0.0,1.8169389,22.11526,1.9959289,0.12888259,0.14696468,0.0,0.45275024,0.0,0.008747563
squeezed_Lạng Sơn,2017-10-01,0.0,-0.08313853,22.11526,-0.5435794,0.12888259,-1.3843476,0.0,-0.668147,0.0,-0.5884752,0.0,0.116819195
squeezed_Lạng Sơn,2017-11-01,22.11526,-0.29704157,0.12888259,-0.96868294,0.0,-1.7827092,0.0,-0.22351104,0.0,0.5671848,0.12888259,0.33122924
squeezed_Lạng Sơn,2017-12-01,0.12888259,10.647354,0.0,10.346216,0.0,8.524415,0.0,2.6257362,0.12888259,4.1423144,0.12888259,9.513027
squeezed_Nam Định,2016-01-01,0.053978194,-0.13964017,0.0,0.27581108,0.0,0.5064084,0.16193458,0.101147145,0.0,-0.0056618894,0.32386917,1.7035155
squeezed_Nam Định,2016-02-01,0.0,0.0835252,0.0,-0.493143,0.16193458,-0.11466621,0.0,0.6223995,0.32386917,-0.40009752,1.6193458,6.8422604
squeezed_Nam Định,2016-03-01,0.0,-0.124896124,0.16193458,-0.37618303,0.0,0.68162113,0.32386917,2.9909263,1.6193458,3.689012,2.4290187,3.442838
squeezed_Nam Định,2016-04-01,0.16193458,0.08287327,0.0,0.023085805,0.32386917,1.4216361,1.6193458,1.5832992,2.4290187,2.3753633,1.403433,4.5953116
squeezed_Nam Định,2016-05-01,0.0,0.7815743,0.32386917,0.4419481,1.6193458,1.465328,2.4290187,3.154095,1.403433,4.8443966,1.6193458,5.385026
squeezed_Nam Định,2016-06-01,0.32386917,0.756679,1.6193458,0.72066766,2.4290187,4.95986,1.403433,24.611597,1.6193458,18.315971,1.5113894,5.908727
squeezed_Nam Định,2016-07-01,1.6193458,0.8329625,2.4290187,1.9554437,1.403433,16.730982,1.6193458,7.861601,1.5113894,3.4675255,0.55922157,-0.038638055
squeezed_Nam Định,2016-08-01,2.4290187,2.4440608,1.403433,8.461004,1.6193458,4.4950867,1.5113894,4.0490737,0.55922157,6.427766,0.16776647,2.4518018
squeezed_Nam Định,2016-09-01,1.403433,4.7416515,1.6193458,6.35916,1.5113894,3.844898,0.55922157,2.915765,0.16776647,2.3851633,0.39145508,4.452606
squeezed_Nam Định,2016-10-01,1.6193458,3.0856135,1.5113894,1.9915714,0.55922157,1.6601049,0.16776647,5.966949,0.39145508,3.381346,0.16776647,4.803087
squeezed_Nam Định,2016-11-01,1.5113894,0.6739963,0.55922157,1.2489783,0.16776647,6.3031,0.39145508,4.680876,0.16776647,2.0938344,1.0065988,2.72885
squeezed_Nam Định,2016-12-01,0.55922157,1.4690908,0.16776647,3.2809713,0.39145508,3.2054727,0.16776647,4.6396146,1.0065988,3.7464685,3.2994072,5.369781
squeezed_Nam Định,2017-01-01,0.16776647,-0.109246515,0.39145508,2.6038234,0.16776647,0.9486449,1.0065988,2.886165,3.2994072,2.1325395,35.454647,5.3992248
squeezed_Nam Định,2017-02-01,0.39145508,-0.13053711,0.16776647,-0.13235894,1.0065988,-0.31320328,3.2994072,1.2989035,35.454647,2.1539974,122.693214,4.7551155
squeezed_Nam Định,2017-03-01,0.16776647,0.2799087,1.0065988,0.47543395,3.2994072,2.438114,35.454647,2.3676376,122.693214,2.7943158,77.67587,6.7931457
squeezed_Nam Định,2017-04-01,1.0065988,1.3951153,3.2994072,2.133398,35.454647,2.4016044,122.693214,2.4057922,77.67587,3.6436112,21.865562,3.2297823
squeezed_Nam Định,2017-05-01,3.2994072,1.3772411,35.454647,1.6902727,122.693214,3.0505073,77.67587,4.070939,21.865562,5.1558256,20.74712,5.6592603
squeezed_Nam Định,2017-06-01,35.454647,3.6529067,122.693214,4.709304,77.67587,14.722077,21.865562,11.478053,20.74712,10.308993,0.9506767,7.146129
squeezed_Nam Định,2017-07-01,122.693214,30.728739,77.67587,32.046444,21.865562,35.53894,20.74712,15.657617,0.9506767,13.141026,0.50442773,9.033384
squeezed_Nam Định,2017-08-01,77.67587,173.62274,21.865562,89.41323,20.74712,59.289764,0.9506767,73.60207,0.50442773,132.28844,0.16814259,58.966507
squeezed_Nam Định,2017-09-01,21.865562,79.81023,20.74712,60.70213,0.9506767,61.177242,0.50442773,20.895761,0.16814259,65.82617,0.44838023,24.36134
squeezed_Nam Định,2017-10-01,20.74712,15.747087,0.9506767,5.4910684,0.50442773,2.2083738,0.16814259,3.9105184,0.44838023,8.764646,0.33628517,3.1354506
squeezed_Nam Định,2017-11-01,0.9506767,9.04237,0.50442773,3.800108,0.16814259,4.045876,0.44838023,-5.6299257,0.33628517,3.5825524,0.05604753,6.2976794
squeezed_Nam Định,2017-12-01,0.50442773,-0.92858005,0.16814259,-3.7287664,0.44838023,5.826386,0.33628517,6.6381464,0.05604753,14.16353,0.72861785,9.854478
squeezed_Nghệ An,2016-01-01,0.0,0.06548735,0.0,-0.92482185,0.0,-0.6640805,0.064401865,-0.2554667,0.032200933,0.556105,0.0,-0.5215526
squeezed_Nghệ An,2016-02-01,0.0,-0.49920774,0.0,-0.60896313,0.064401865,-0.8678283,0.032200933,-0.6810349,0.0,3.361333,0.096602805,3.590478
squeezed_Nghệ An,2016-03-01,0.0,-0.20859116,0.064401865,-0.54570186,0.032200933,-0.85903823,0.0,0.5012454,0.096602805,2.652949,0.032200933,5.491366
squeezed_Nghệ An,2016-04-01,0.064401865,0.71285456,0.032200933,0.24167101,0.0,3.4689934,0.096602805,3.9516487,0.032200933,5.6917305,1.513444,4.1277485
squeezed_Nghệ An,2016-05-01,0.032200933,0.69065374,0.0,1.0778645,0.096602805,2.41831,0.032200933,3.0024936,1.513444,4.8038273,0.7406215,1.5840361
squeezed_Nghệ An,2016-06-01,0.0,1.5233672,0.096602805,2.6179485,0.032200933,3.1097348,1.513444,4.294101,0.7406215,4.091311,0.064401865,2.9074888
squeezed_Nghệ An,2016-07-01,0.096602805,1.318063,0.032200933,4.902012,1.513444,4.66814,0.7406215,7.2657948,0.064401865,6.0624466,0.0,3.8657224
squeezed_Nghệ An,2016-08-01,0.032200933,1.2890872,1.513444,1.8014405,0.7406215,5.7784524,0.064401865,3.6859396,0.0,1.8644214,0.0,0.63588935
squeezed_Nghệ An,2016-09-01,1.513444,1.3686541,0.7406215,2.76088,0.064401865,0.5141421,0.0,0.8964806,0.0,0.3435315,0.030800505,0.6254634
squeezed_Nghệ An,2016-10-01,0.7406215,1.8184706,0.064401865,0.98556346,0.0,1.2355374,0.0,1.650989,0.030800505,1.3247045,0.0,2.5213697
squeezed_Nghệ An,2016-11-01,0.064401865,-0.3280033,0.0,-0.20470582,0.0,0.45335543,0.030800505,0.30020562,0.0,0.3812152,0.06160101,0.19727378
squeezed_Nghệ An,2016-12-01,0.0,0.09022396,0.0,0.9098969,0.030800505,0.6139573,0.0,2.550019,0.06160101,-0.37934652,0.12320202,-1.3748173
squeezed_Nghệ An,2017-01-01,0.0,-0.093815245,0.030800505,-0.020435339,0.0,-0.62214214,0.06160101,0.107877895,0.12320202,-0.42300126,3.7884622,-1.8837477
squeezed_Nghệ An,2017-02-01,0.030800505,-0.37290812,0.0,-0.59606063,0.06160101,-1.189973,0.12320202,-0.2852445,3.7884622,0.4779175,6.776111,-0.0067860307
squeezed_Nghệ An,2017-03-01,0.0,-0.06191927,0.06160101,-0.7101439,0.12320202,-0.4847916,3.7884622,0.054727674,6.776111,1.1427841,1.4168233,3.4884737
squeezed_Nghệ An,2017-04-01,0.06160101,-0.18517917,0.12320202,-0.006464344,3.7884622,1.3359613,6.776111,2.4794703,1.4168233,16.01019,2.4024394,10.967776
squeezed_Nghệ An,2017-05-01,0.12320202,0.8133911,3.7884622,0.74875605,6.776111,2.1244612,1.4168233,8.296397,2.4024394,6.6820455,0.46200758,2.7460167
squeezed_Nghệ An,2017-06-01,3.7884622,0.28394216,6.776111,1.4662719,1.4168233,3.6588218,2.4024394,4.2658896,0.46200758,4.578288,0.8624141,1.5699666
squeezed_Nghệ An,2017-07-01,6.776111,3.4277434,1.4168233,6.0415506,2.4024394,8.598395,0.46200758,5.3750176,0.8624141,6.2832417,0.3342043,1.2698804
squeezed_Nghệ An,2017-08-01,1.4168233,7.367513,2.4024394,9.941223,0.46200758,12.642492,0.8624141,7.1701074,0.3342043,3.8985822,0.030382209,0.36990303
squeezed_Nghệ An,2017-09-01,2.4024394,2.378155,0.46200758,3.3703523,0.8624141,3.4524913,0.3342043,1.6241782,0.030382209,1.6488668,0.21267545,0.5076605
squeezed_Nghệ An,2017-10-01,0.46200758,1.5025192,0.8624141,0.99658906,0.3342043,2.1702418,0.030382209,1.2985964,0.21267545,2.3428874,0.15191104,0.68617564
squeezed_Nghệ An,2017-11-01,0.8624141,-0.09577436,0.3342043,1.3298818,0.030382209,-1.237389,0.21267545,-0.651947,0.15191104,1.0060307,0.3342043,0.6948488
squeezed_Nghệ An,2017-12-01,0.3342043,2.2188392,0.030382209,1.4544382,0.21267545,-0.11225214,0.15191104,1.171066,0.3342043,2.3287046,0.18229325,4.6020017
squeezed_Ninh Bình,2016-01-01,0.0,-0.6696556,0.0,0.5381146,0.0,0.8226296,0.0,1.7183093,0.0,-0.6408729,0.0,0.12090429
squeezed_Ninh Bình,2016-02-01,0.0,-0.2599897,0.0,-0.32375976,0.0,-0.71057624,0.0,-0.39890757,0.0,2.2396424,0.0,3.2602975
squeezed_Ninh Bình,2016-03-01,0.0,-0.037094727,0.0,0.034487717,0.0,-0.40582415,0.0,2.775056,0.0,1.4196366,0.0,7.553665
squeezed_Ninh Bình,2016-04-01,0.0,0.59379774,0.0,3.7158003,0.0,-1.0914845,0.0,0.41804045,0.0,2.5266619,0.83936626,5.5452847
squeezed_Ninh Bình,2016-05-01,0.0,0.15985441,0.0,-0.78869647,0.0,4.075007,0.0,-0.060411394,0.83936626,0.808734,0.0,1.2662026
squeezed_Ninh Bình,2016-06-01,0.0,0.05322939,0.0,0.14772344,0.0,1.6698371,0.83936626,6.7639184,0.0,6.641817,0.0,3.5827286
squeezed_Ninh Bình,2016-07-01,0.0,0.41754404,0.0,2.2601745,0.83936626,7.830115,0.0,2.2181118,0.0,0.8052524,0.0,0.58617586
squeezed_Ninh Bình,2016-08-01,0.0,2.6452549,0.83936626,10.32713,0.0,0.33671954,0.0,-0.21625324,0.0,1.2285532,0.0,0.6259207
squeezed_Ninh Bình,2016-09-01,0.83936626,1.7528204,0.0,0.23454735,0.0,0.32279965,0.0,0.3588312,0.0,0.7275448,0.0,1.6671576
squeezed_Ninh Bình,2016-10-01,0.0,0.87963974,0.0,0.25625378,0.0,0.9552014,0.0,1.2603604,0.0,1.3818052,0.0,3.075007
squeezed_Ninh Bình,2016-11-01,0.0,-0.8081584,0.0,0.16915359,0.0,0.837777,0.0,0.586057,0.0,0.7438627,2.07168,0.37020206
squeezed_Ninh Bình,2016-12-01,0.0,0.05118877,0.0,1.098557,0.0,1.18886,0.0,2.0810416,2.07168,-0.32653314,1.3465921,0.104532465
squeezed_Ninh Bình,2017-01-01,0.0,-0.07325395,0.0,0.7409557,0.0,0.07534879,2.07168,0.61124766,1.3465921,-0.131192,7.3544645,-0.5182809
squeezed_Ninh Bình,2017-02-01,0.0,-0.26244006,0.0,-0.21938793,2.07168,-0.30917498,1.3465921,-0.2557797,7.3544645,0.37527198,32.214626,0.43657428
squeezed_Ninh Bình,2017-03-01,0.0,0.21725705,2.07168,-0.22048539,1.3465921,-0.41508865,7.3544645,-1.2324786,32.214626,0.081666246,21.752642,0.80897295
squeezed_Ninh Bình,2017-04-01,2.07168,0.06543197,1.3465921,0.13862115,7.3544645,-0.16365194,32.214626,-0.10994556,21.752642,1.1168042,9.218977,0.8940774
squeezed_Ninh Bình,2017-05-01,1.3465921,1.9424671,7.3544645,1.6935582,32.214626,1.8368381,21.752642,0.9428377,9.218977,3.7489858,4.14336,3.4862084
squeezed_Ninh Bình,2017-06-01,7.3544645,0.76984394,32.214626,1.5074999,21.752642,8.47196,9.218977,5.5654097,4.14336,14.79504,0.62150407,5.830154
squeezed_Ninh Bình,2017-07-01,32.214626,7.5618825,21.752642,10.988245,9.218977,10.318406,4.14336,9.508952,0.62150407,7.5541534,0.0,1.0343939
squeezed_Ninh Bình,2017-08-01,21.752642,29.90906,9.218977,35.393883,4.14336,25.634773,0.62150407,12.434671,0.0,3.03139,0.0,4.6573033
squeezed_Ninh Bình,2017-09-01,9.218977,25.162117,4.14336,25.46822,0.62150407,12.307901,0.0,3.363616,0.0,-1.4492055,0.0,-2.0838575
squeezed_Ninh Bình,2017-10-01,4.14336,6.5161223,0.62150407,0.0806112,0.0,-1.8855306,0.0,-2.1229923,0.0,1.0929766,0.0,-1.3594255
squeezed_Ninh Bình,2017-11-01,0.62150407,-0.87643725,0.0,-1.2010651,0.0,-1.3598875,0.0,-1.5884984,0.0,-0.86239505,0.0,-3.1826706
squeezed_Ninh Bình,2017-12-01,0.0,0.54326236,0.0,-0.9661628,0.0,0.60928756,0.0,2.551613,0.0,2.6888032,0.10259567,0.97933227
squeezed_Ninh Thuận,2016-01-01,11.140672,19.016516,7.8150983,38.388992,3.9906883,24.925964,3.159295,41.463932,2.9930162,32.55358,6.31859,29.04977
squeezed_Ninh Thuận,2016-02-01,7.8150983,12.129258,3.9906883,28.468409,3.159295,19.038157,2.9930162,45.14671,6.31859,41.381157,13.634852,34.37305
squeezed_Ninh Thuận,2016-03-01,3.9906883,10.275862,3.159295,18.43197,2.9930162,20.68541,6.31859,64.26887,13.634852,24.592253,11.639508,27.23417
squeezed_Ninh Thuận,2016-04-01,3.159295,10.472388,2.9930162,15.552915,6.31859,37.004776,13.634852,25.771738,11.639508,21.071775,9.810442,26.146904
squeezed_Ninh Thuận,2016-05-01,2.9930162,12.867474,6.31859,11.755856,13.634852,13.517914,11.639508,25.779366,9.810442,39.185143,19.288328,32.975
squeezed_Ninh Thuận,2016-06-01,6.31859,10.153262,13.634852,8.79872,11.639508,15.2048,9.810442,32.089928,19.288328,32.987957,19.288328,31.20936
squeezed_Ninh Thuận,2016-07-01,13.634852,11.887211,11.639508,16.244638,9.810442,29.735664,19.288328,40.363575,19.288328,27.139696,8.882815,42.320396
squeezed_Ninh Thuận,2016-08-01,11.639508,23.519417,9.810442,39.020863,19.288328,49.573715,19.288328,33.820854,8.882815,27.011103,10.078579,13.578897
squeezed_Ninh Thuận,2016-09-01,9.810442,26.826233,19.288328,35.097767,19.288328,35.355656,8.882815,24.98659,10.078579,15.049134,5.124701,11.935503
squeezed_Ninh Thuận,2016-10-01,19.288328,17.582897,19.288328,16.692844,8.882815,12.206207,10.078579,7.231674,5.124701,10.845584,4.4414077,9.01769
squeezed_Ninh Thuận,2016-11-01,19.288328,21.725996,8.882815,11.257712,10.078579,8.468463,5.124701,7.1643424,4.4414077,7.4848576,5.6371713,4.609343
squeezed_Ninh Thuận,2016-12-01,8.882815,14.803121,10.078579,7.941319,5.124701,10.886759,4.4414077,9.790438,5.6371713,12.286194,9.053638,8.333994
squeezed_Ninh Thuận,2017-01-01,10.078579,3.5882225,5.124701,3.8912027,4.4414077,4.513527,5.6371713,20.9934,9.053638,13.96772,13.495046,19.679739
squeezed_Ninh Thuận,2017-02-01,5.124701,6.2916408,4.4414077,7.3882484,5.6371713,12.923117,9.053638,41.95141,13.495046,28.748762,10.591049,18.545202
squeezed_Ninh Thuận,2017-03-01,4.4414077,6.890465,5.6371713,10.399316,9.053638,11.442981,13.495046,10.933149,10.591049,11.318035,5.6371713,15.100075
squeezed_Ninh Thuận,2017-04-01,5.6371713,6.078901,9.053638,7.468925,13.495046,13.156844,10.591049,15.263593,5.6371713,13.733292,4.270584,23.725346
squeezed_Ninh Thuận,2017-05-01,9.053638,9.890842,13.495046,11.315906,10.591049,12.761345,5.6371713,13.586844,4.270584,21.293987,6.3204646,20.123669
squeezed_Ninh Thuận,2017-06-01,13.495046,13.618782,10.591049,14.921261,5.6371713,25.830347,4.270584,25.991978,6.3204646,27.893793,6.149641,23.333902
squeezed_Ninh Thuận,2017-07-01,10.591049,15.901936,5.6371713,19.661777,4.270584,21.395502,6.3204646,22.352444,6.149641,14.95659,4.5848193,28.3305
squeezed_Ninh Thuận,2017-08-01,5.6371713,13.506016,4.270584,17.202682,6.3204646,21.102968,6.149641,21.988407,4.5848193,24.232573,2.886738,12.134148
squeezed_Ninh Thuận,2017-09-01,4.270584,9.0055685,6.3204646,14.396995,6.149641,15.527589,4.5848193,17.452913,2.886738,19.34083,2.3773136,11.726688
squeezed_Ninh Thuận,2017-10-01,6.3204646,7.3514457,6.149641,8.155824,4.5848193,12.237852,2.886738,17.914988,2.3773136,13.941034,2.0376973,11.345909
squeezed_Ninh Thuận,2017-11-01,6.149641,7.1568727,4.5848193,8.401598,2.886738,10.065669,2.3773136,10.00209,2.0376973,11.512104,2.0376973,11.157693
squeezed_Ninh Thuận,2017-12-01,4.5848193,11.489326,2.886738,14.090578,2.3773136,13.134076,2.0376973,12.401073,2.0376973,14.58116,1.0188487,18.333048
squeezed_Phú Thọ,2016-01-01,0.0,-0.07514278,0.0,0.5795907,0.0,-0.09369527,0.0,0.84656554,0.0,0.69007653,0.0,1.0979155
squeezed_Phú Thọ,2016-02-01,0.0,0.077169485,0.0,-0.49441093,0.0,0.19499578,0.0,0.7331424,0.0,0.7224243,0.0,-0.031079976
squeezed_Phú Thọ,2016-03-01,0.0,0.05094871,0.0,0.28407523,0.0,0.5437324,0.0,0.79404855,0.0,2.1433213,0.0,4.425341
squeezed_Phú Thọ,2016-04-01,0.0,0.12343164,0.0,-0.07296183,0.0,1.5432817,0.0,1.5527995,0.0,0.41178367,0.0,1.0505668
squeezed_Phú Thọ,2016-05-01,0.0,0.07593032,0.0,-0.42132527,0.0,-0.6052233,0.0,-0.45604807,0.0,-0.6038472,1.302743,0.6491221
squeezed_Phú Thọ,2016-06-01,0.0,0.07267036,0.0,-0.49293372,0.0,1.6220212,0.0,4.179326,1.302743,2.2844033,0.43424767,2.8887892
squeezed_Phú Thọ,2016-07-01,0.0,0.45776984,0.0,1.3341907,0.0,3.8803253,1.302743,2.6656394,0.43424767,-0.24735412,0.13981125,-0.031351388
squeezed_Phú Thọ,2016-08-01,0.0,0.9778752,0.0,0.94949085,1.302743,-0.07418393,0.43424767,-1.2386317,0.13981125,0.11704179,0.13981125,-0.43014157
squeezed_Phú Thọ,2016-09-01,0.0,0.6921708,1.302743,0.32550168,0.43424767,-0.91411144,0.13981125,-0.34347597,0.13981125,0.36569232,0.069905624,-0.45282364
squeezed_Phú Thọ,2016-10-01,1.302743,0.16044913,0.43424767,-1.4272976,0.13981125,-0.26790807,0.13981125,0.48652342,0.069905624,0.48787758,0.069905624,1.6530303
squeezed_Phú Thọ,2016-11-01,0.43424767,-0.06873418,0.13981125,-0.026553854,0.13981125,2.1461675,0.069905624,1.0846885,0.069905624,0.944319,0.34952813,-0.26134986
squeezed_Phú Thọ,2016-12-01,0.13981125,0.31362697,0.13981125,0.5667079,0.069905624,-0.27318537,0.069905624,0.258305,0.34952813,0.6156957,1.11849,1.4352912
squeezed_Phú Thọ,2017-01-01,0.13981125,0.011384577,0.069905624,0.63426137,0.069905624,0.1862298,0.34952813,1.0389323,1.11849,1.0343194,9.856693,-0.9186365
squeezed_Phú Thọ,2017-02-01,0.069905624,-0.1824447,0.069905624,-0.07909248,0.34952813,-0.53854734,1.11849,0.03348017,9.856693,0.22822045,44.809505,0.08369233
squeezed_Phú Thọ,2017-03-01,0.069905624,0.37643272,0.34952813,-0.19162112,1.11849,-0.0131447185,9.856693,-0.6142743,44.809505,0.35750344,30.408947,-0.25480664
squeezed_Phú Thọ,2017-04-01,0.34952813,0.07082896,1.11849,-0.004349096,9.856693,-0.18507707,44.809505,0.20621933,30.408947,0.5973176,19.293953,3.034702
squeezed_Phú Thọ,2017-05-01,1.11849,0.5081746,9.856693,-0.39438006,44.809505,-0.31296557,30.408947,1.3268495,19.293953,2.2331946,5.802167,1.6149534
squeezed_Phú Thọ,2017-06-01,9.856693,0.76442426,44.809505,0.98051876,30.408947,5.378334,19.293953,5.813343,5.802167,12.384971,0.2796225,2.8209774
squeezed_Phú Thọ,2017-07-01,44.809505,8.266055,30.408947,11.127646,19.293953,13.353904,5.802167,16.21755,0.2796225,9.208642,0.068984546,2.1484623
squeezed_Phú Thọ,2017-08-01,30.408947,39.02953,19.293953,44.0001,5.802167,41.452797,0.2796225,17.903257,0.068984546,5.6176887,0.068984546,7.2026186
squeezed_Phú Thọ,2017-09-01,19.293953,28.500782,5.802167,35.577686,0.2796225,14.186564,0.068984546,3.5615773,0.068984546,1.9039797,0.0,-1.0807166
squeezed_Phú Thọ,2017-10-01,5.802167,15.312094,0.2796225,8.703591,0.068984546,8.313736,0.068984546,3.393357,0.0,3.8919094,0.0,0.24272093
squeezed_Phú Thọ,2017-11-01,0.2796225,0.37211448,0.068984546,-2.6466696,0.068984546,-2.1547773,0.0,-4.6015716,0.0,-1.6113452,0.0,1.2146428
squeezed_Phú Thọ,2017-12-01,0.068984546,-1.3778652,0.068984546,-2.6904912,0.0,4.3500457,0.0,-0.68361807,0.0,1.844414,0.0,0.60728717
squeezed_Phú Yên,2016-01-01,34.57861,287.6312,17.789637,41.82143,10.562597,33.974285,13.342228,40.811543,8.894818,38.841267,10.896153,64.21506
squeezed_Phú Yên,2016-02-01,17.789637,17.606348,10.562597,20.85765,13.342228,20.57288,8.894818,32.186844,10.896153,48.337616,22.237047,35.747856
squeezed_Phú Yên,2016-03-01,10.562597,16.31436,13.342228,20.497505,8.894818,35.738506,10.896153,45.365326,22.237047,55.003582,22.792973,38.148098
squeezed_Phú Yên,2016-04-01,13.342228,15.117102,8.894818,24.502403,10.896153,54.897343,22.237047,63.289257,22.792973,49.210487,27.573938,49.177414
squeezed_Phú Yên,2016-05-01,8.894818,21.187553,10.896153,47.51315,22.237047,57.072407,22.792973,46.95682,27.573938,43.7653,29.130531,45.409737
squeezed_Phú Yên,2016-06-01,10.896153,16.311249,22.237047,29.118746,22.792973,34.520508,27.573938,29.308062,29.130531,34.296787,19.457417,30.007755
squeezed_Phú Yên,2016-07-01,22.237047,15.702874,22.792973,27.200436,27.573938,34.361217,29.130531,37.757645,19.457417,37.488876,12.988505,24.141628
squeezed_Phú Yên,2016-08-01,22.792973,27.017397,27.573938,30.945127,29.130531,35.220005,19.457417,28.215908,12.988505,17.365152,13.21839,13.036815
squeezed_Phú Yên,2016-09-01,27.573938,28.204905,29.130531,35.50664,19.457417,39.746582,12.988505,21.245014,13.21839,15.192491,8.045977,-0.0031694323
squeezed_Phú Yên,2016-10-01,29.130531,45.517662,19.457417,35.72471,12.988505,16.599318,13.21839,9.6938715,8.045977,2.2220035,7.9310346,-1.8214377
squeezed_Phú Yên,2016-11-01,19.457417,29.561562,12.988505,10.284474,13.21839,11.824264,8.045977,7.2307935,7.9310346,-0.58605707,8.8505745,2.5089025
squeezed_Phú Yên,2016-12-01,12.988505,12.152338,13.21839,5.0421886,8.045977,2.6110513,7.9310346,6.9315796,8.8505745,14.289846,26.551723,10.422172
squeezed_Phú Yên,2017-01-01,13.21839,7.1188593,8.045977,6.0864587,7.9310346,11.022301,8.8505745,14.481043,26.551723,19.811903,32.183907,28.914164
squeezed_Phú Yên,2017-02-01,8.045977,9.391466,7.9310346,8.641399,8.8505745,12.346235,26.551723,36.393578,32.183907,32.857677,20.574713,32.543175
squeezed_Phú Yên,2017-03-01,7.9310346,7.5287547,8.8505745,8.882366,26.551723,13.23862,32.183907,21.579033,20.574713,25.06561,20.45977,22.49143
squeezed_Phú Yên,2017-04-01,8.8505745,9.172379,26.551723,10.579181,32.183907,21.644384,20.574713,27.470144,20.45977,25.898848,21.494253,27.79586
squeezed_Phú Yên,2017-05-01,26.551723,11.600626,32.183907,14.077696,20.574713,28.561623,20.45977,21.367544,21.494253,19.770151,19.08046,20.959055
squeezed_Phú Yên,2017-06-01,32.183907,43.34836,20.574713,53.897186,20.45977,34.97733,21.494253,32.006462,19.08046,27.324286,17.816092,22.287231
squeezed_Phú Yên,2017-07-01,20.574713,31.101465,20.45977,28.208807,21.494253,33.696686,19.08046,19.189772,17.816092,14.243072,10.441767,8.454341
squeezed_Phú Yên,2017-08-01,20.45977,17.987188,21.494253,24.43156,19.08046,24.769138,17.816092,29.428888,10.441767,9.4984255,5.966724,6.982677
squeezed_Phú Yên,2017-09-01,21.494253,22.699568,19.08046,28.012527,17.816092,33.18792,10.441767,23.067577,5.966724,12.231689,7.6878943,7.263388
squeezed_Phú Yên,2017-10-01,19.08046,24.465,17.816092,21.292992,10.441767,18.337803,5.966724,14.75999,7.6878943,10.847974,3.9013195,11.140457
squeezed_Phú Yên,2017-11-01,17.816092,17.233479,10.441767,18.774405,5.966724,12.05009,7.6878943,12.40345,3.9013195,8.9459095,9.179576,7.1111736
squeezed_Phú Yên,2017-12-01,10.441767,13.18567,5.966724,11.378041,7.6878943,13.011348,3.9013195,13.120923,9.179576,15.450717,8.950086,11.948231
squeezed_Quảng Bình,2016-01-01,0.0,0.4208143,0.0,-1.285732,0.0,-1.1164706,0.0,0.082330756,0.0,1.3131435,1.595078,5.505399
squeezed_Quảng Bình,2016-02-01,0.0,-0.25634614,0.0,-1.031522,0.0,0.28705895,0.0,4.6262074,1.595078,9.337966,1.481144,16.598162
squeezed_Quảng Bình,2016-03-01,0.0,-0.22620897,0.0,0.23482974,0.0,0.7188257,1.595078,1.028435,1.481144,3.0835683,1.481144,7.5891547
squeezed_Quảng Bình,2016-04-01,0.0,2.3421097,0.0,18.31483,1.595078,27.06473,1.481144,16.80052,1.481144,16.883648,3.873761,41.775486
squeezed_Quảng Bình,2016-05-01,0.0,9.644292,1.595078,1.1144853,1.481144,5.7643595,1.481144,7.5283628,3.873761,10.6842375,1.595078,6.363903
squeezed_Quảng Bình,2016-06-01,1.595078,0.9227705,1.481144,2.8753247,1.481144,6.1078706,3.873761,6.818103,1.595078,8.10162,0.6836049,10.285637
squeezed_Quảng Bình,2016-07-01,1.481144,1.9664158,1.481144,4.3568234,3.873761,9.773392,1.595078,15.171212,0.6836049,9.559121,0.0,9.860426
squeezed_Quảng Bình,2016-08-01,1.481144,2.9739118,3.873761,5.669023,1.595078,4.2076597,0.6836049,7.4364467,0.0,5.3669944,4.742012,6.897204
squeezed_Quảng Bình,2016-09-01,3.873761,3.3543704,1.595078,4.492039,0.6836049,-0.6312406,0.0,1.3303179,4.742012,5.1224575,0.79033536,1.4490342
squeezed_Quảng Bình,2016-10-01,1.595078,-1.6415063,0.6836049,3.0666404,0.0,3.6722305,4.742012,0.78452176,0.79033536,-0.3711348,0.2258101,1.2720383
squeezed_Quảng Bình,2016-11-01,0.6836049,4.6085825,0.0,0.9406508,4.742012,-0.9385824,0.79033536,1.8045421,0.2258101,6.842923,0.33871514,0.9805345
squeezed_Quảng Bình,2016-12-01,0.0,1.3995771,4.742012,1.1286423,0.79033536,1.2811017,0.2258101,0.8836324,0.33871514,3.7900178,1.0161455,4.727226
squeezed_Quảng Bình,2017-01-01,4.742012,-0.035415992,0.79033536,1.3990479,0.2258101,0.045090947,0.33871514,1.2057405,1.0161455,0.24953094,2.371006,2.5501335
squeezed_Quảng Bình,2017-02-01,0.79033536,2.053782,0.2258101,1.7936795,0.33871514,4.1897464,1.0161455,14.476225,2.371006,15.135868,10.838884,12.62951
squeezed_Quảng Bình,2017-03-01,0.2258101,1.3887533,0.33871514,0.8489627,1.0161455,3.5775723,2.371006,3.8369508,10.838884,5.3653097,11.064694,11.034287
squeezed_Quảng Bình,2017-04-01,0.33871514,0.5297013,1.0161455,2.5071254,2.371006,5.0901923,10.838884,4.8887544,11.064694,7.8841743,31.839224,8.241676
squeezed_Quảng Bình,2017-05-01,1.0161455,1.9445438,2.371006,2.6396434,10.838884,2.9799855,11.064694,6.1320763,31.839224,9.239086,24.274586,14.576992
squeezed_Quảng Bình,2017-06-01,2.371006,1.9369712,10.838884,3.16719,11.064694,6.6896024,31.839224,17.647217,24.274586,14.336529,13.548606,10.787453
squeezed_Quảng Bình,2017-07-01,10.838884,2.6575227,11.064694,5.535341,31.839224,6.8962703,24.274586,4.7659554,13.548606,6.950459,1.0099877,8.068355
squeezed_Quảng Bình,2017-08-01,11.064694,14.186655,31.839224,21.284615,24.274586,21.3109,13.548606,19.746124,1.0099877,11.098205,0.56110424,4.7199693
squeezed_Quảng Bình,2017-09-01,31.839224,17.352419,24.274586,21.609367,13.548606,28.425898,1.0099877,13.242729,0.56110424,4.674445,0.8977668,3.320449
squeezed_Quảng Bình,2017-10-01,24.274586,31.014381,13.548606,30.948782,1.0099877,15.114441,0.56110424,2.9697778,0.8977668,3.8016849,0.56110424,7.0762386
squeezed_Quảng Bình,2017-11-01,13.548606,18.149366,1.0099877,9.084628,0.56110424,4.685061,0.8977668,0.9831459,0.56110424,4.534036,0.56110424,-1.2424864
squeezed_Quảng Bình,2017-12-01,1.0099877,7.5448003,0.56110424,3.2831435,0.8977668,2.745902,0.56110424,3.1985095,0.56110424,3.5722795,0.4488834,8.786803
squeezed_Quảng Nam,2016-01-01,3.159239,9.533748,1.7476642,3.9911582,2.82315,9.356385,4.100289,14.747379,7.662835,26.64527,13.3091345,35.28779
squeezed_Quảng Nam,2016-02-01,1.7476642,2.1093707,2.82315,2.6941528,4.100289,5.1710157,7.662835,6.6271586,13.3091345,19.727554,18.955435,24.786709
squeezed_Quảng Nam,2016-03-01,2.82315,1.7952487,4.100289,2.3953855,7.662835,7.338431,13.3091345,6.4614797,18.955435,15.762183,24.870605,16.046429
squeezed_Quảng Nam,2016-04-01,4.100289,3.24704,7.662835,6.8228865,13.3091345,15.999755,18.955435,18.97552,24.870605,21.811914,58.54675,21.044193
squeezed_Quảng Nam,2016-05-01,7.662835,5.1882806,13.3091345,10.843536,18.955435,18.540785,24.870605,20.935461,58.54675,21.662481,51.556095,18.245056
squeezed_Quảng Nam,2016-06-01,13.3091345,13.020087,18.955435,15.52952,24.870605,27.961548,58.54675,20.96936,51.556095,18.767448,26.819923,13.604611
squeezed_Quảng Nam,2016-07-01,18.955435,18.02823,24.870605,24.474014,58.54675,24.572464,51.556095,16.240429,26.819923,14.15032,13.483449,8.932326
squeezed_Quảng Nam,2016-08-01,24.870605,25.164385,58.54675,26.969887,51.556095,19.688156,26.819923,14.993638,13.483449,11.01223,16.584642,4.3831835
squeezed_Quảng Nam,2016-09-01,58.54675,26.559708,51.556095,22.072096,26.819923,16.24031,13.483449,7.308457,16.584642,4.5905375,15.371132,2.2997184
squeezed_Quảng Nam,2016-10-01,51.556095,52.190178,26.819923,28.222204,13.483449,10.474368,16.584642,5.209307,15.371132,3.2026536,8.764242,1.0348243
squeezed_Quảng Nam,2016-11-01,26.819923,30.10084,13.483449,10.3254595,16.584642,2.9998212,15.371132,0.95247823,8.764242,2.3037803,12.067687,5.4560037
squeezed_Quảng Nam,2016-12-01,13.483449,7.8608613,16.584642,6.539075,15.371132,6.153351,8.764242,3.0785615,12.067687,-0.77731407,12.809277,6.797263
squeezed_Quảng Nam,2017-01-01,16.584642,11.004228,15.371132,7.192533,8.764242,10.659749,12.067687,12.397708,12.809277,28.265337,21.640936,33.79975
squeezed_Quảng Nam,2017-02-01,15.371132,15.349589,8.764242,13.140391,12.067687,19.481533,12.809277,60.93963,21.640936,45.203274,23.798288,45.20294
squeezed_Quảng Nam,2017-03-01,8.764242,21.21676,12.067687,16.340117,12.809277,25.86866,21.640936,28.784601,23.798288,44.06476,26.966898,40.432976
squeezed_Quảng Nam,2017-04-01,12.067687,10.9625845,12.809277,11.354047,21.640936,22.95402,23.798288,30.714508,26.966898,30.970797,36.540146,35.038147
squeezed_Quảng Nam,2017-05-01,12.809277,16.032028,21.640936,22.055447,23.798288,25.590355,26.966898,25.602495,36.540146,34.796524,30.540012,33.667465
squeezed_Quảng Nam,2017-06-01,21.640936,17.550093,23.798288,23.588747,26.966898,28.800966,36.540146,28.435379,30.540012,23.14783,16.045305,16.605227
squeezed_Quảng Nam,2017-07-01,23.798288,25.22557,26.966898,36.862915,36.540146,26.022802,30.540012,20.055653,16.045305,12.661549,8.988462,7.468692
squeezed_Quảng Nam,2017-08-01,26.966898,25.081808,36.540146,33.950005,30.540012,21.451591,16.045305,15.343751,8.988462,10.296944,4.427153,0.31166428
squeezed_Quảng Nam,2017-09-01,36.540146,29.147482,30.540012,25.798578,16.045305,24.607403,8.988462,10.034355,4.427153,3.7741513,7.915213,0.09961131
squeezed_Quảng Nam,2017-10-01,30.540012,37.142296,16.045305,17.835987,8.988462,7.0200744,4.427153,6.4805675,7.915213,4.4982133,3.6892943,1.6673418
squeezed_Quảng Nam,2017-11-01,16.045305,18.715363,8.988462,13.536021,4.427153,10.527442,7.915213,6.0131483,3.6892943,4.068015,2.481889,13.859622
squeezed_Quảng Nam,2017-12-01,8.988462,14.334556,4.427153,7.3310666,7.915213,9.773162,3.6892943,6.6348653,2.481889,14.029053,3.555138,19.794645
squeezed_Quảng Ngãi,2016-01-01,6.392329,9.358017,3.9952056,10.198541,3.3559728,16.356432,3.3559728,18.657114,4.7942467,28.232471,7.750699,31.59454
squeezed_Quảng Ngãi,2016-02-01,3.9952056,5.8013167,3.3559728,7.016146,3.3559728,9.099814,4.7942467,15.96811,7.750699,28.358488,6.072713,26.862799
squeezed_Quảng Ngãi,2016-03-01,3.3559728,3.986352,3.3559728,6.1360908,4.7942467,8.780711,7.750699,11.922352,6.072713,20.972744,7.830603,31.040607
squeezed_Quảng Ngãi,2016-04-01,3.3559728,4.985658,4.7942467,6.418841,7.750699,19.595194,6.072713,19.035997,7.830603,28.123747,12.465042,25.743774
squeezed_Quảng Ngãi,2016-05-01,4.7942467,5.74285,7.750699,6.0969706,6.072713,16.564924,7.830603,21.190313,12.465042,19.615667,21.97363,16.663132
squeezed_Quảng Ngãi,2016-06-01,7.750699,8.237938,6.072713,19.037596,7.830603,23.947067,12.465042,20.052591,21.97363,17.074831,11.106672,14.407663
squeezed_Quảng Ngãi,2016-07-01,6.072713,11.579194,7.830603,16.954159,12.465042,19.835947,21.97363,22.970404,11.106672,11.566156,7.079502,7.300293
squeezed_Quảng Ngãi,2016-08-01,7.830603,8.337932,12.465042,9.198878,21.97363,15.344469,11.106672,9.6744995,7.079502,8.897427,4.8824153,0.9683769
squeezed_Quảng Ngãi,2016-09-01,12.465042,10.840771,21.97363,13.54252,11.106672,17.299173,7.079502,8.70763,4.8824153,8.8239355,6.265766,0.12669052
squeezed_Quảng Ngãi,2016-10-01,21.97363,17.562683,11.106672,13.859402,7.079502,9.146564,4.8824153,6.31656,6.265766,2.7630334,2.4412076,-1.783976
squeezed_Quảng Ngãi,2016-11-01,11.106672,15.065758,7.079502,6.690485,4.8824153,7.8940477,6.265766,7.436863,2.4412076,2.1797547,4.556921,2.1231735
squeezed_Quảng Ngãi,2016-12-01,7.079502,5.9820695,4.8824153,3.4218888,6.265766,10.371547,2.4412076,4.9482164,4.556921,2.4777284,10.171699,7.1141415
squeezed_Quảng Ngãi,2017-01-01,4.8824153,5.4474206,6.265766,7.349684,2.4412076,4.629904,4.556921,15.667579,10.171699,19.318512,12.9384,37.219646
squeezed_Quảng Ngãi,2017-02-01,6.265766,5.161956,2.4412076,5.4413857,4.556921,5.6748805,10.171699,30.755587,12.9384,11.421227,28.073887,20.041817
squeezed_Quảng Ngãi,2017-03-01,2.4412076,5.5765386,4.556921,6.8366976,10.171699,8.248618,12.9384,14.481237,28.073887,27.730984,8.706974,26.940817
squeezed_Quảng Ngãi,2017-04-01,4.556921,4.294403,10.171699,7.693264,12.9384,10.015779,28.073887,14.148973,8.706974,16.40578,9.032468,17.854088
squeezed_Quảng Ngãi,2017-05-01,10.171699,6.4941773,12.9384,8.247507,28.073887,14.257515,8.706974,17.293692,9.032468,21.262703,11.066808,19.774164
squeezed_Quảng Ngãi,2017-06-01,12.9384,21.30932,28.073887,24.086632,8.706974,39.399162,9.032468,40.209606,11.066808,38.576298,6.0216455,25.384773
squeezed_Quảng Ngãi,2017-07-01,28.073887,19.652016,8.706974,34.199554,9.032468,33.28493,11.066808,23.07422,6.0216455,14.217335,3.982121,13.216379
squeezed_Quảng Ngãi,2017-08-01,8.706974,34.51242,9.032468,42.671814,11.066808,40.292454,6.0216455,25.853155,3.982121,14.457594,2.5193012,6.191464
squeezed_Quảng Ngãi,2017-09-01,9.032468,10.929474,11.066808,18.703768,6.0216455,15.298734,3.982121,11.1996565,2.5193012,6.114783,2.7631044,1.9525204
squeezed_Quảng Ngãi,2017-10-01,11.066808,9.12059,6.0216455,7.90313,3.982121,7.543042,2.5193012,11.08885,2.7631044,4.6478686,2.6818366,6.477291
squeezed_Quảng Ngãi,2017-11-01,6.0216455,8.020043,3.982121,11.966816,2.5193012,6.707794,2.7631044,6.9848676,2.6818366,6.1934505,0.97521335,5.39771
squeezed_Quảng Ngãi,2017-12-01,3.982121,12.25369,2.5193012,8.964036,2.7631044,9.496561,2.6818366,9.595799,0.97521335,13.706479,2.6818366,17.289007
squeezed_Quảng Ninh,2016-01-01,0.24497795,0.5287339,0.40829659,0.57718223,0.16331863,-0.034290534,0.65327454,-0.12242731,1.3065491,-0.08671196,0.16331863,0.9981365
squeezed_Quảng Ninh,2016-02-01,0.40829659,-0.13528554,0.16331863,-0.40864202,0.65327454,-0.5862271,1.3065491,-0.12766455,0.16331863,-0.37258738,0.73493385,0.45856094
squeezed_Quảng Ninh,2016-03-01,0.16331863,0.22903499,0.65327454,-0.034352496,1.3065491,0.06998863,0.16331863,-0.98802763,0.73493385,1.4475484,0.8982525,3.4776697
squeezed_Quảng Ninh,2016-04-01,0.65327454,0.48645592,1.3065491,2.7789586,0.16331863,0.30350792,0.73493385,1.5370167,0.8982525,1.1609044,3.2663727,3.560376
squeezed_Quảng Ninh,2016-05-01,1.3065491,0.554552,0.16331863,0.042144984,0.73493385,1.7118336,0.8982525,3.68704,3.2663727,5.780632,2.041483,3.8605013
squeezed_Quảng Ninh,2016-06-01,0.16331863,1.322939,0.73493385,2.045187,0.8982525,3.9736373,3.2663727,4.941093,2.041483,6.011627,0.65327454,3.5626225
squeezed_Quảng Ninh,2016-07-01,0.73493385,0.5636952,0.8982525,1.2414724,3.2663727,1.914295,2.041483,2.1581292,0.65327454,1.2317868,0.1556178,-0.9631291
squeezed_Quảng Ninh,2016-08-01,0.8982525,1.4183348,3.2663727,0.84978294,2.041483,1.2545359,0.65327454,-0.09966118,0.1556178,0.5304785,0.0,-0.04701798
squeezed_Quảng Ninh,2016-09-01,3.2663727,1.5421749,2.041483,0.89622855,0.65327454,0.22775501,0.1556178,0.52054435,0.0,0.4867953,0.3112356,0.78845567
squeezed_Quảng Ninh,2016-10-01,2.041483,3.4208283,0.65327454,2.9131346,0.1556178,2.615956,0.0,2.9608011,0.3112356,1.9749495,0.4668534,3.5894966
squeezed_Quảng Ninh,2016-11-01,0.65327454,2.0158308,0.1556178,1.3621472,0.0,3.068486,0.3112356,1.8365507,0.4668534,1.4658488,0.70028013,2.1161382
squeezed_Quảng Ninh,2016-12-01,0.1556178,0.9303462,0.0,0.9504651,0.3112356,1.5995572,0.4668534,4.6597624,0.70028013,2.8596253,0.5446623,3.4069543
squeezed_Quảng Ninh,2017-01-01,0.0,0.4981881,0.3112356,1.1224529,0.4668534,0.80111337,0.70028013,1.9974362,0.5446623,1.816399,4.435107,1.9311489
squeezed_Quảng Ninh,2017-02-01,0.3112356,0.006714502,0.4668534,0.5135712,0.70028013,0.75346327,0.5446623,0.043753915,4.435107,-0.39131522,8.870214,2.2919722
squeezed_Quảng Ninh,2017-03-01,0.4668534,0.4809456,0.70028013,0.5436207,0.5446623,1.1350433,4.435107,0.31950918,8.870214,1.2417694,11.3601,3.6840842
squeezed_Quảng Ninh,2017-04-01,0.70028013,0.72418946,0.5446623,0.9032452,4.435107,0.05937709,8.870214,0.6479532,11.3601,2.6483552,13.305322,5.510151
squeezed_Quảng Ninh,2017-05-01,0.5446623,0.6946272,4.435107,0.54796886,8.870214,2.409593,11.3601,4.5964665,13.305322,5.215143,7.002801,2.5522687
squeezed_Quảng Ninh,2017-06-01,4.435107,0.5968028,8.870214,0.8214695,11.3601,3.1085756,13.305322,2.903855,7.002801,2.2783911,3.190165,0.23376223
squeezed_Quảng Ninh,2017-07-01,8.870214,4.1535573,11.3601,6.241855,13.305322,8.268467,7.002801,6.4811234,3.190165,5.117425,0.613544,0.88506985
squeezed_Quảng Ninh,2017-08-01,11.3601,7.3217926,13.305322,7.2395844,7.002801,8.289029,3.190165,6.4231763,0.613544,2.919547,0.306772,0.8973455
squeezed_Quảng Ninh,2017-09-01,13.305322,11.059128,7.002801,12.811218,3.190165,8.336225,0.613544,2.7310257,0.306772,-0.19418232,1.073702,-3.0430663
squeezed_Quảng Ninh,2017-10-01,7.002801,9.493677,3.190165,6.933864,0.613544,2.8418777,0.306772,1.7299892,1.073702,1.147681,0.536851,-3.2128732
squeezed_Quảng Ninh,2017-11-01,3.190165,3.9129274,0.613544,1.3355893,0.306772,-0.36942518,1.073702,1.2782903,0.536851,-1.9248626,0.613544,-0.7601259
squeezed_Quảng Ninh,2017-12-01,0.613544,3.1058977,0.306772,-0.2452418,1.073702,-0.09660282,0.536851,-1.0917833,0.613544,1.1688972,0.613544,1.478647
squeezed_Quảng Trị,2016-01-01,0.6415397,5.5308824,0.96230954,3.6055892,0.16038492,5.558408,0.16038492,43.6032,2.085004,42.125866,2.085004,23.70522
squeezed_Quảng Trị,2016-02-01,0.96230954,0.8878093,0.16038492,0.79563206,0.16038492,26.47048,2.085004,49.673836,2.085004,9.534608,8.981556,32.24516
squeezed_Quảng Trị,2016-03-01,0.16038492,0.58698803,0.16038492,1.5581739,2.085004,7.0840573,2.085004,7.553577,8.981556,12.543071,18.92542,6.9539914
squeezed_Quảng Trị,2016-04-01,0.16038492,10.357478,2.085004,23.122456,2.085004,49.310562,8.981556,24.873095,18.92542,51.21253,19.727346,28.697098
squeezed_Quảng Trị,2016-05-01,2.085004,7.493603,2.085004,5.8409038,8.981556,9.104458,18.92542,17.995302,19.727346,12.6318865,34.963913,11.088544
squeezed_Quảng Trị,2016-06-01,2.085004,4.817415,8.981556,7.691049,18.92542,10.159558,19.727346,10.194033,34.963913,11.796907,10.74579,8.789295
squeezed_Quảng Trị,2016-07-01,8.981556,4.227132,18.92542,9.118297,19.727346,6.9033127,34.963913,7.376903,10.74579,8.613365,1.918772,5.6587114
squeezed_Quảng Trị,2016-08-01,18.92542,9.274524,19.727346,6.6827006,34.963913,10.569415,10.74579,11.001279,1.918772,7.155081,0.959386,2.4664729
squeezed_Quảng Trị,2016-09-01,19.727346,20.630526,34.963913,19.603271,10.74579,10.126456,1.918772,6.4690657,0.959386,0.87441075,0.15989767,0.7387672
squeezed_Quảng Trị,2016-10-01,34.963913,18.374943,10.74579,13.053797,1.918772,4.9608874,0.959386,1.223845,0.15989767,-0.21779132,0.6395907,0.67660064
squeezed_Quảng Trị,2016-11-01,10.74579,21.363384,1.918772,7.151411,0.959386,3.4418523,0.15989767,-0.14254074,0.6395907,-0.93204784,0.6395907,3.0022824
squeezed_Quảng Trị,2016-12-01,1.918772,7.7974997,0.959386,2.6560714,0.15989767,2.4103825,0.6395907,0.7489918,0.6395907,0.46420568,3.837544,12.17998
squeezed_Quảng Trị,2017-01-01,0.959386,0.4456519,0.15989767,-0.46705636,0.6395907,-0.2864274,0.6395907,3.5700958,3.837544,14.651012,10.713143,12.355066
squeezed_Quảng Trị,2017-02-01,0.15989767,0.20471467,0.6395907,0.81763834,0.6395907,2.6806412,3.837544,9.660058,10.713143,8.199172,32.13943,8.234435
squeezed_Quảng Trị,2017-03-01,0.6395907,0.48608142,0.6395907,1.4558156,3.837544,11.183397,10.713143,6.5162435,32.13943,10.0753565,33.57851,13.193112
squeezed_Quảng Trị,2017-04-01,0.6395907,1.9187045,3.837544,4.154032,10.713143,8.084681,32.13943,12.736662,33.57851,16.771334,21.746082,19.844986
squeezed_Quảng Trị,2017-05-01,3.837544,3.6676035,10.713143,7.387033,32.13943,9.997545,33.57851,11.727381,21.746082,11.126679,9.274065,13.535886
squeezed_Quảng Trị,2017-06-01,10.713143,5.008854,32.13943,9.3514185,33.57851,11.89414,21.746082,11.150492,9.274065,10.124297,2.0786695,11.227952
squeezed_Quảng Trị,2017-07-01,32.13943,15.549581,33.57851,14.798264,21.746082,13.862099,9.274065,11.73937,2.0786695,8.819212,0.7940289,2.084341
squeezed_Quảng Trị,2017-08-01,33.57851,26.981705,21.746082,26.222977,9.274065,19.751904,2.0786695,11.678559,0.7940289,4.8021326,0.47641733,1.4031672
squeezed_Quảng Trị,2017-09-01,21.746082,25.311499,9.274065,22.809658,2.0786695,12.858094,0.7940289,4.615816,0.47641733,-1.3222537,0.47641733,-0.29292932
squeezed_Quảng Trị,2017-10-01,9.274065,14.985247,2.0786695,9.822792,0.7940289,0.3882172,0.47641733,-3.562547,0.47641733,-1.8981247,0.31761158,5.346133
squeezed_Quảng Trị,2017-11-01,2.0786695,5.211157,0.7940289,-1.5801828,0.47641733,5.0669727,0.47641733,1.3326685,0.31761158,6.7033787,0.63522315,14.066262
squeezed_Quảng Trị,2017-12-01,0.7940289,5.6184745,0.47641733,3.9410503,0.47641733,3.8770423,0.31761158,10.656578,0.63522315,15.557267,1.2704463,19.67421
squeezed_Sóc Trăng,2016-01-01,7.390476,7.775442,11.580953,8.009276,18.971428,14.296373,15.466666,13.364739,14.933333,21.71242,14.476191,26.22684
squeezed_Sóc Trăng,2016-02-01,11.580953,8.773795,18.971428,10.671049,15.466666,17.658379,14.933333,24.310833,14.476191,32.719822,11.276191,35.37312
squeezed_Sóc Trăng,2016-03-01,18.971428,16.527252,15.466666,23.543085,14.933333,36.29136,14.476191,43.211384,11.276191,57.815727,11.961905,54.20035
squeezed_Sóc Trăng,2016-04-01,15.466666,28.757309,14.933333,47.025497,14.476191,51.932983,11.276191,68.84815,11.961905,50.3688,10.819048,44.951492
squeezed_Sóc Trăng,2016-05-01,14.933333,28.650522,14.476191,37.925884,11.276191,67.091095,11.961905,51.625423,10.819048,43.580597,8.990477,45.41732
squeezed_Sóc Trăng,2016-06-01,14.476191,28.225044,11.276191,49.53147,11.961905,43.12988,10.819048,42.47667,8.990477,33.546177,6.7809525,28.205324
squeezed_Sóc Trăng,2016-07-01,11.276191,30.579088,11.961905,36.914925,10.819048,30.599508,8.990477,30.31883,6.7809525,20.68739,5.417385,14.136175
squeezed_Sóc Trăng,2016-08-01,11.961905,21.314577,10.819048,20.305925,8.990477,20.955826,6.7809525,20.8747,5.417385,15.379993,5.006977,8.488168
squeezed_Sóc Trăng,2016-09-01,10.819048,12.568462,8.990477,20.17026,6.7809525,16.149601,5.417385,14.293503,5.006977,6.9025893,6.0740376,6.8259645
squeezed_Sóc Trăng,2016-10-01,8.990477,12.59786,6.7809525,9.853505,5.417385,6.797052,5.006977,5.1341147,6.0740376,2.8632357,12.39432,3.633241
squeezed_Sóc Trăng,2016-11-01,6.7809525,8.361224,5.417385,5.173576,5.006977,4.7429104,6.0740376,2.996919,12.39432,2.1710353,21.587458,2.7800324
squeezed_Sóc Trăng,2016-12-01,5.417385,12.629536,5.006977,6.9344754,6.0740376,6.370172,12.39432,4.892069,21.587458,4.4461594,34.474266,8.007878
squeezed_Sóc Trăng,2017-01-01,5.006977,4.3997173,6.0740376,4.9727683,12.39432,6.512641,21.587458,7.067532,34.474266,6.1834083,34.720512,17.21859
squeezed_Sóc Trăng,2017-02-01,6.0740376,4.90409,12.39432,6.5756493,21.587458,7.443025,34.474266,10.30104,34.720512,13.421755,34.392185,21.926823
squeezed_Sóc Trăng,2017-03-01,12.39432,7.493786,21.587458,7.791431,34.474266,10.602202,34.720512,14.957733,34.392185,21.43603,27.169006,23.982965
squeezed_Sóc Trăng,2017-04-01,21.587458,15.169842,34.474266,19.975624,34.720512,29.318521,34.392185,30.717611,27.169006,27.412285,16.334236,33.793926
squeezed_Sóc Trăng,2017-05-01,34.474266,29.131079,34.720512,41.08543,34.392185,41.319355,27.169006,37.00508,16.334236,34.40414,7.797751,34.297066
squeezed_Sóc Trăng,2017-06-01,34.720512,43.721165,34.392185,47.565548,27.169006,42.036148,16.334236,39.613754,7.797751,27.792665,3.4474268,28.509487
squeezed_Sóc Trăng,2017-07-01,34.392185,30.582176,27.169006,33.600704,16.334236,30.092644,7.797751,25.303862,3.4474268,25.353281,5.790867,17.628267
squeezed_Sóc Trăng,2017-08-01,27.169006,27.01227,16.334236,27.79636,7.797751,26.596287,3.4474268,20.607712,5.790867,15.284026,3.3090668,13.153697
squeezed_Sóc Trăng,2017-09-01,16.334236,26.033869,7.797751,25.34581,3.4474268,23.752441,5.790867,13.037805,3.3090668,11.618711,3.4745202,10.635738
squeezed_Sóc Trăng,2017-10-01,7.797751,17.8844,3.4474268,14.6896515,5.790867,12.729316,3.3090668,9.988381,3.4745202,15.417871,4.632694,15.970034
squeezed_Sóc Trăng,2017-11-01,3.4474268,8.463102,5.790867,8.837771,3.3090668,6.2975554,3.4745202,9.94914,4.632694,15.054168,9.265388,13.461503
squeezed_Sóc Trăng,2017-12-01,5.790867,11.379006,3.3090668,8.305994,3.4745202,7.142166,4.632694,11.354331,9.265388,15.531472,14.7253475,12.019827
squeezed_Sơn La,2016-01-01,0.0,-0.3097907,0.0,0.052228734,0.0,-0.13789946,0.0,0.13143626,0.0,-1.5637646,0.0,0.5078832
squeezed_Sơn La,2016-02-01,0.0,-0.4429101,0.0,-0.49194673,0.0,-0.35175568,0.0,-1.0453875,0.0,-0.467877,0.16556291,-0.3753078
squeezed_Sơn La,2016-03-01,0.0,-0.6733457,0.0,-0.7491275,0.0,-0.51958174,0.0,-0.5848834,0.16556291,0.18950623,0.0,-1.3373843
squeezed_Sơn La,2016-04-01,0.0,0.1330393,0.0,0.18983112,0.0,-0.8303066,0.16556291,-0.13750893,0.0,-0.2830585,0.0,1.7386531
squeezed_Sơn La,2016-05-01,0.0,0.29344666,0.0,-0.08787961,0.16556291,-0.6276237,0.0,-0.09699509,0.0,-2.0476282,0.0,-0.24881147
squeezed_Sơn La,2016-06-01,0.0,0.4175765,0.16556291,0.49290255,0.0,-0.31333184,0.0,0.19585016,0.0,0.590617,0.0,0.64256173
squeezed_Sơn La,2016-07-01,0.16556291,0.534839,0.0,0.37406084,0.0,-0.064210236,0.0,0.49866942,0.0,0.94923455,0.0,1.2449796
squeezed_Sơn La,2016-08-01,0.0,0.2791217,0.0,-0.14588527,0.0,0.5839973,0.0,0.95482093,0.0,0.94924676,0.0,1.3247417
squeezed_Sơn La,2016-09-01,0.0,0.14721017,0.0,-0.16711237,0.0,0.2902563,0.0,2.2157688,0.0,2.2880144,0.082413055,2.1281824
squeezed_Sơn La,2016-10-01,0.0,0.0041480786,0.0,0.435956,0.0,2.547474,0.0,4.157909,0.082413055,4.730177,0.0,5.359008
squeezed_Sơn La,2016-11-01,0.0,-0.033070467,0.0,1.5946978,0.0,4.3281837,0.082413055,1.6250107,0.0,1.0471112,0.0,0.57529134
squeezed_Sơn La,2016-12-01,0.0,1.4164174,0.0,3.5585392,0.082413055,1.1539363,0.0,1.0002744,0.0,3.9360561,0.0,2.5034356
squeezed_Sơn La,2017-01-01,0.0,2.2083333,0.082413055,1.0876406,0.0,0.9346808,0.0,-0.04226049,0.0,0.792107,0.32965222,3.3293242
squeezed_Sơn La,2017-02-01,0.082413055,-0.14048466,0.0,-0.30765727,0.0,0.78417885,0.0,-0.036679953,0.32965222,0.69919926,7.664414,1.322968
squeezed_Sơn La,2017-03-01,0.0,-0.16299197,0.0,-0.2480527,0.0,0.5222832,0.32965222,-0.07871778,7.664414,0.8108387,0.0,1.5605493
squeezed_Sơn La,2017-04-01,0.0,-0.07339372,0.0,0.5437063,0.32965222,1.6111584,7.664414,0.87186486,0.0,1.1451527,0.0,1.9752755
squeezed_Sơn La,2017-05-01,0.0,0.15161936,0.32965222,0.75072163,7.664414,0.49999607,0.0,1.0801764,0.0,1.8448589,11.373001,0.6854334
squeezed_Sơn La,2017-06-01,0.32965222,0.4544233,7.664414,0.93766177,0.0,0.73672915,0.0,0.8658887,11.373001,1.0557202,0.24723916,2.222364
squeezed_Sơn La,2017-07-01,7.664414,0.17158163,0.0,0.44950423,0.0,1.3438205,11.373001,0.6124431,0.24723916,1.074959,0.0,1.56675
squeezed_Sơn La,2017-08-01,0.0,6.2288475,0.0,5.4788384,11.373001,5.808762,0.24723916,6.1510096,0.0,2.6556807,0.0,0.5779476
squeezed_Sơn La,2017-09-01,0.0,1.3357272,11.373001,1.3662885,0.24723916,2.5216186,0.0,0.32776228,0.0,0.36620927,0.0,-0.2757466
squeezed_Sơn La,2017-10-01,11.373001,-0.22082183,0.24723916,-0.4386403,0.0,-0.7002548,0.0,-0.33308655,0.0,-0.81672794,0.0,0.36679107
squeezed_Sơn La,2017-11-01,0.24723916,7.60766,0.0,5.095064,0.0,4.39706,0.0,2.2871299,0.0,1.5192311,0.0,0.021259168
squeezed_Sơn La,2017-12-01,0.0,1.2303257,0.0,0.1862289,0.0,-0.42910564,0.0,-0.72452545,0.0,-1.7020538,0.0,1.4770403
squeezed_TT Huế,2016-01-01,0.86971647,2.6431758,0.6957732,1.7560865,0.9566881,5.53207,0.6957732,5.9071894,0.5218299,11.771085,2.7830927,16.002834
squeezed_TT Huế,2016-02-01,0.6957732,1.156713,0.9566881,2.2851667,0.6957732,8.7642565,0.5218299,5.521658,2.7830927,8.193443,6.001044,12.491062
squeezed_TT Huế,2016-03-01,0.9566881,1.0967009,0.6957732,2.2233572,0.5218299,6.988515,2.7830927,9.888344,6.001044,8.131572,3.5658376,6.0503592
squeezed_TT Huế,2016-04-01,0.6957732,1.5273854,0.5218299,4.9786563,2.7830927,9.00775,6.001044,12.032417,3.5658376,12.328787,6.435902,17.114758
squeezed_TT Huế,2016-05-01,0.5218299,2.7202418,2.7830927,4.745304,6.001044,5.9120865,3.5658376,5.9765344,6.435902,8.4651985,7.7404766,10.967897
squeezed_TT Huế,2016-06-01,2.7830927,2.8778849,6.001044,3.7184675,3.5658376,6.3689384,6.435902,8.215124,7.7404766,8.145281,2.8700643,8.148338
squeezed_TT Huế,2016-07-01,6.001044,4.275651,3.5658376,6.111629,6.435902,9.698912,7.7404766,12.29605,2.8700643,13.309772,2.0473561,7.107938
squeezed_TT Huế,2016-08-01,3.5658376,7.408334,6.435902,8.201224,7.7404766,13.6751175,2.8700643,13.637827,2.0473561,7.6939454,1.6022788,3.2317657
squeezed_TT Huế,2016-09-01,6.435902,6.778995,7.7404766,7.896414,2.8700643,5.8078547,2.0473561,0.76130337,1.6022788,0.7894409,1.3352324,4.7615776
squeezed_TT Huế,2016-10-01,7.7404766,8.479866,2.8700643,5.627663,2.0473561,3.3327413,1.6022788,2.3182745,1.3352324,2.455715,1.2462169,2.3230002
squeezed_TT Huế,2016-11-01,2.8700643,3.8075752,2.0473561,0.9472349,1.6022788,2.1510086,1.3352324,3.0597205,1.2462169,2.2690687,1.3352324,5.167926
squeezed_TT Huế,2016-12-01,2.0473561,2.8751693,1.6022788,2.2664182,1.3352324,2.5427728,1.2462169,0.68260187,1.3352324,7.5351944,1.6022788,2.005472
squeezed_TT Huế,2017-01-01,1.6022788,2.0589027,1.3352324,3.7851624,1.2462169,2.1479096,1.3352324,4.5258346,1.6022788,10.135696,5.6969914,12.023657
squeezed_TT Huế,2017-02-01,1.3352324,1.3530962,1.2462169,0.97947025,1.3352324,1.7309953,1.6022788,9.735496,5.6969914,7.7017875,2.5814493,11.030416
squeezed_TT Huế,2017-03-01,1.2462169,0.5361629,1.3352324,0.814528,1.6022788,2.686322,5.6969914,7.1420984,2.5814493,13.384614,2.9375112,11.600009
squeezed_TT Huế,2017-04-01,1.3352324,1.0696653,1.6022788,3.5599177,5.6969914,4.889445,2.5814493,8.451465,2.9375112,10.815865,3.827666,14.162324
squeezed_TT Huế,2017-05-01,1.6022788,3.3498263,5.6969914,6.23674,2.5814493,6.929053,2.9375112,7.397085,3.827666,12.575209,2.0473561,17.461588
squeezed_TT Huế,2017-06-01,5.6969914,2.3853688,2.5814493,3.0682893,2.9375112,5.7651253,3.827666,10.420759,2.0473561,12.522183,4.8068366,10.164776
squeezed_TT Huế,2017-07-01,2.5814493,6.127685,2.9375112,10.396488,3.827666,11.689273,2.0473561,16.536829,4.8068366,10.49523,0.26657188,8.750939
squeezed_TT Huế,2017-08-01,2.9375112,4.7463026,3.827666,9.333519,2.0473561,10.499757,4.8068366,8.168881,0.26657188,8.060596,0.44428647,12.053498
squeezed_TT Huế,2017-09-01,3.827666,5.7215376,2.0473561,11.182328,4.8068366,9.098139,0.26657188,6.553912,0.44428647,6.7985024,0.17771459,9.785559
squeezed_TT Huế,2017-10-01,2.0473561,4.6111445,4.8068366,5.963357,0.26657188,4.012334,0.44428647,6.5381413,0.17771459,3.4581215,0.17771459,6.3220243
squeezed_TT Huế,2017-11-01,4.8068366,1.1534492,0.26657188,4.915749,0.44428647,15.473072,0.17771459,10.163393,0.17771459,4.010709,1.1551448,9.14281
squeezed_TT Huế,2017-12-01,0.26657188,9.181733,0.44428647,12.031914,0.17771459,16.463123,0.17771459,10.226296,1.1551448,12.899062,1.5994313,20.662981
squeezed_Thanh Hóa,2016-01-01,0.085026786,0.0838654,0.14171131,-0.35380626,0.11336905,0.116910025,0.056684524,1.0380256,0.14171131,0.67580944,0.056684524,1.7692764
squeezed_Thanh Hóa,2016-02-01,0.14171131,-0.18546234,0.11336905,-0.20557053,0.056684524,-0.90187395,0.14171131,0.34996453,0.056684524,3.5880432,0.4534762,5.6056795
squeezed_Thanh Hóa,2016-03-01,0.11336905,0.1058682,0.056684524,-0.5642825,0.14171131,-1.0879942,0.056684524,1.1126449,0.4534762,7.3306985,0.4534762,12.821994
squeezed_Thanh Hóa,2016-04-01,0.056684524,0.12972793,0.14171131,-0.15803689,0.056684524,1.5634198,0.4534762,4.6102414,0.4534762,7.0612974,1.190375,14.127015
squeezed_Thanh Hóa,2016-05-01,0.14171131,0.30396578,0.056684524,-0.32664487,0.4534762,1.886623,0.4534762,3.7766826,1.190375,6.9783,1.3320863,5.998482
squeezed_Thanh Hóa,2016-06-01,0.056684524,0.5957698,0.4534762,0.78804636,0.4534762,3.1007483,1.190375,5.549316,1.3320863,10.021261,0.5101607,9.668716
squeezed_Thanh Hóa,2016-07-01,0.4534762,0.96024644,0.4534762,2.9174328,1.190375,4.034959,1.3320863,3.8963518,0.5101607,3.897656,0.5272359,7.8140664
squeezed_Thanh Hóa,2016-08-01,0.4534762,2.4100707,1.190375,1.3367289,1.3320863,4.5967627,0.5101607,3.3882341,0.5272359,4.6683903,0.1942448,5.36289
squeezed_Thanh Hóa,2016-09-01,1.190375,1.5392158,1.3320863,2.6270227,0.5101607,1.4209785,0.5272359,2.5319448,0.1942448,3.9420488,0.41623887,5.8515325
squeezed_Thanh Hóa,2016-10-01,1.3320863,1.5319371,0.5101607,0.98579544,0.5272359,1.9268872,0.1942448,3.23077,0.41623887,4.2296004,0.30524182,7.5453224
squeezed_Thanh Hóa,2016-11-01,0.5101607,-0.012170611,0.5272359,0.58328587,0.1942448,1.5819113,0.41623887,2.6013691,0.30524182,3.8115175,0.6937314,4.029057
squeezed_Thanh Hóa,2016-12-01,0.5272359,0.78133905,0.1942448,1.468451,0.41623887,0.8835231,0.30524182,1.5231012,0.6937314,4.1437263,0.0,2.2147262
squeezed_Thanh Hóa,2017-01-01,0.1942448,0.27561468,0.41623887,0.7139898,0.30524182,0.7241266,0.6937314,2.6940014,0.0,2.7458003,8.96301,7.2530017
squeezed_Thanh Hóa,2017-02-01,0.41623887,-0.16151088,0.30524182,-0.41988268,0.6937314,-0.5564769,0.0,0.9103006,8.96301,1.97137,36.074036,4.8951116
squeezed_Thanh Hóa,2017-03-01,0.30524182,0.14658028,0.6937314,-0.25083086,0.0,0.062035456,8.96301,0.38126406,36.074036,5.2514505,0.0,13.230863
squeezed_Thanh Hóa,2017-04-01,0.6937314,-0.10037848,0.0,0.39319906,8.96301,0.37077978,36.074036,2.4740906,0.0,8.45033,0.0,14.330252
squeezed_Thanh Hóa,2017-05-01,0.0,1.10236,8.96301,1.056546,36.074036,2.4065342,0.0,3.0732865,0.0,9.312728,45.120293,13.22085
squeezed_Thanh Hóa,2017-06-01,8.96301,0.2204589,36.074036,-0.59495115,0.0,3.4128327,0.0,4.718594,45.120293,15.592587,1.3319644,10.240418
squeezed_Thanh Hóa,2017-07-01,36.074036,8.825099,0.0,8.95468,0.0,20.011126,45.120293,11.981358,1.3319644,8.418096,0.35799852,3.941475
squeezed_Thanh Hóa,2017-08-01,0.0,33.723793,0.0,40.186832,45.120293,25.891138,1.3319644,11.594632,0.35799852,8.861596,0.11015339,9.542921
squeezed_Thanh Hóa,2017-09-01,0.0,5.7726502,45.120293,12.359187,1.3319644,-0.9101363,0.35799852,6.9830847,0.11015339,1.4408392,0.08261504,-0.33717394
squeezed_Thanh Hóa,2017-10-01,45.120293,-2.6771922,1.3319644,-1.814299,0.35799852,-3.745514,0.11015339,-1.7936165,0.08261504,0.10596402,0.16523008,-1.3734667
squeezed_Thanh Hóa,2017-11-01,1.3319644,25.728033,0.35799852,15.00986,0.11015339,11.7551155,0.08261504,-1.4876059,0.16523008,-0.7706762,0.027538348,1.3138981
squeezed_Thanh Hóa,2017-12-01,0.35799852,0.5163158,0.11015339,-0.77174,0.08261504,9.888751,0.16523008,11.196397,0.027538348,2.1522596,0.27538347,6.026846
squeezed_Thái Bình,2016-01-01,0.83798885,-0.0072075436,0.05586592,0.2691136,0.61452514,0.44574538,0.22346368,0.95892346,0.0,0.3161441,0.2793296,1.7515891
squeezed_Thái Bình,2016-02-01,0.05586592,1.2387383,0.61452514,1.3705902,0.22346368,1.8440359,0.0,1.5211571,0.2793296,1.3521703,0.33519554,5.426283
squeezed_Thái Bình,2016-03-01,0.61452514,-0.4457498,0.22346368,0.18040776,0.0,1.4114145,0.2793296,-0.067150846,0.33519554,2.9049482,0.5586592,4.433705
squeezed_Thái Bình,2016-04-01,0.22346368,0.53044224,0.0,-0.5029301,0.2793296,-0.074104466,0.33519554,0.7760319,0.5586592,2.9522753,1.4525139,5.509346
squeezed_Thái Bình,2016-05-01,0.0,0.28797674,0.2793296,-0.54541755,0.33519554,0.8697489,0.5586592,3.0692031,1.4525139,3.0297194,1.6759777,1.2896502
squeezed_Thái Bình,2016-06-01,0.2793296,0.50871277,0.33519554,0.96545506,0.5586592,3.1777997,1.4525139,4.3007035,1.6759777,2.0993948,0.0,1.5120419
squeezed_Thái Bình,2016-07-01,0.33519554,0.8774768,0.5586592,2.4498634,1.4525139,1.8676689,1.6759777,0.44386014,0.0,-0.36198497,0.37917772,1.5466104
squeezed_Thái Bình,2016-08-01,0.5586592,2.0803087,1.4525139,-0.05854774,1.6759777,-0.30877495,0.0,-0.1958908,0.37917772,1.260949,0.21667299,0.38717258
squeezed_Thái Bình,2016-09-01,1.4525139,0.8455724,1.6759777,0.37353987,0.0,0.9358092,0.37917772,1.5200914,0.21667299,1.1150706,0.16250473,2.3371098
squeezed_Thái Bình,2016-10-01,1.6759777,1.1285614,0.0,0.9583329,0.37917772,2.4291017,0.21667299,3.3903592,0.16250473,2.109013,0.16250473,2.6001384
squeezed_Thái Bình,2016-11-01,0.0,0.9032191,0.37917772,1.4872897,0.21667299,1.9443989,0.16250473,1.7721938,0.16250473,1.8384379,0.37917772,3.322364
squeezed_Thái Bình,2016-12-01,0.37917772,1.2840326,0.21667299,0.7357673,0.16250473,0.48146158,0.16250473,0.9894981,0.37917772,1.2047977,1.0291967,1.6385072
squeezed_Thái Bình,2017-01-01,0.21667299,0.056692433,0.16250473,2.4654078,0.16250473,0.9509112,0.37917772,6.09198,1.0291967,1.4394077,8.287742,0.99916375
squeezed_Thái Bình,2017-02-01,0.16250473,-0.16588281,0.16250473,0.32977077,0.37917772,0.65283984,1.0291967,1.0366414,8.287742,-0.06961215,24.050701,1.7258141
squeezed_Thái Bình,2017-03-01,0.16250473,0.40551922,0.37917772,0.27504203,1.0291967,1.2798519,8.287742,0.09550637,24.050701,0.5323037,0.0,0.58412683
squeezed_Thái Bình,2017-04-01,0.37917772,0.2554224,1.0291967,0.14815204,8.287742,-0.15273659,24.050701,0.3599014,0.0,1.8632854,2.5459075,3.4690452
squeezed_Thái Bình,2017-05-01,1.0291967,0.37668157,8.287742,-0.1792371,24.050701,0.15391997,0.0,1.63316,2.5459075,3.5139344,1.6250474,0.9315952
squeezed_Thái Bình,2017-06-01,8.287742,0.8709228,24.050701,1.306716,0.0,4.8538947,2.5459075,4.7529945,1.6250474,4.7083764,0.16250473,3.0993176
squeezed_Thái Bình,2017-07-01,24.050701,8.037955,0.0,8.640337,2.5459075,10.234807,1.6250474,10.502024,0.16250473,7.9292107,0.26967263,2.2070036
squeezed_Thái Bình,2017-08-01,0.0,22.923504,2.5459075,21.597305,1.6250474,16.475407,0.16250473,9.194579,0.26967263,4.962992,0.053934522,4.1646314
squeezed_Thái Bình,2017-09-01,2.5459075,3.0157907,1.6250474,2.8198874,0.16250473,-0.5538336,0.26967263,-0.87920904,0.053934522,3.3631656,0.0,2.230951
squeezed_Thái Bình,2017-10-01,1.6250474,-0.5317221,0.16250473,0.47501302,0.26967263,1.4816853,0.053934522,-0.30279824,0.0,4.0658383,0.107869044,1.8791497
squeezed_Thái Bình,2017-11-01,0.16250473,-1.7209327,0.26967263,-0.63221765,0.053934522,-1.666103,0.0,0.028709957,0.107869044,0.73270524,0.053934522,0.8961279
squeezed_Thái Bình,2017-12-01,0.26967263,0.44815576,0.053934522,-0.8894575,0.0,-0.68516666,0.107869044,1.1070193,0.053934522,1.9078441,0.21573809,1.8759292
squeezed_Thái Nguyên,2016-01-01,0.0,-0.060456704,0.0,-0.29808578,0.0,-1.1411972,0.0,-0.46342412,0.0,-0.7687185,0.0,-0.54021674
squeezed_Thái Nguyên,2016-02-01,0.0,-0.3854012,0.0,-0.85886234,0.0,-0.86035895,0.0,0.8320709,0.0,0.0138396155,0.0,-0.7758194
squeezed_Thái Nguyên,2016-03-01,0.0,-0.1220723,0.0,-0.30292788,0.0,0.18554558,0.0,0.36189342,0.0,0.044573445,0.0,-0.014852554
squeezed_Thái Nguyên,2016-04-01,0.0,0.23916344,0.0,0.12088597,0.0,1.3099561,0.0,2.4095166,0.0,0.8910261,0.0,2.0119395
squeezed_Thái Nguyên,2016-05-01,0.0,0.36839816,0.0,-0.42227367,0.0,-0.26472437,0.0,0.06499959,0.0,1.1857976,0.0,0.17788133
squeezed_Thái Nguyên,2016-06-01,0.0,-0.04862172,0.0,0.32122365,0.0,1.279406,0.0,1.8099861,0.0,0.19250661,0.0,0.098112844
squeezed_Thái Nguyên,2016-07-01,0.0,0.4365709,0.0,1.3973589,0.0,1.7717593,0.0,2.6317234,0.0,0.28350636,0.0,0.4837269
squeezed_Thái Nguyên,2016-08-01,0.0,1.6702014,0.0,0.93171453,0.0,1.0363235,0.0,0.66606265,0.0,0.21716005,0.0,-0.011272371
squeezed_Thái Nguyên,2016-09-01,0.0,1.0672951,0.0,1.443791,0.0,-0.9288448,0.0,0.6176217,0.0,-0.2941764,0.0,1.4236786
squeezed_Thái Nguyên,2016-10-01,0.0,0.42095333,0.0,-0.5186973,0.0,0.49498463,0.0,1.58054,0.0,1.5937843,0.0,1.881526
squeezed_Thái Nguyên,2016-11-01,0.0,-0.58921295,0.0,-0.67355615,0.0,0.8702578,0.0,0.66703916,0.0,0.9034122,0.0,1.3552026
squeezed_Thái Nguyên,2016-12-01,0.0,-0.13264456,0.0,1.8275598,0.0,-0.032609865,0.0,3.912626,0.0,2.2484612,0.3980575,1.327338
squeezed_Thái Nguyên,2017-01-01,0.0,0.3411804,0.0,0.5873084,0.0,0.5486167,0.0,2.3751068,0.3980575,0.25784856,3.5029058,0.9929785
squeezed_Thái Nguyên,2017-02-01,0.0,-0.42253536,0.0,0.12822153,0.0,0.78601104,0.3980575,0.6583065,3.5029058,0.58679736,13.374731,0.5691638
squeezed_Thái Nguyên,2017-03-01,0.0,0.76448923,0.0,0.74429995,0.3980575,1.0471342,3.5029058,0.3591345,13.374731,0.68020684,8.996099,-0.34313685
squeezed_Thái Nguyên,2017-04-01,0.0,0.24779268,0.3980575,0.32952768,3.5029058,-0.49034235,13.374731,-0.46682492,8.996099,-0.18392941,6.130085,1.230097
squeezed_Thái Nguyên,2017-05-01,0.3980575,0.20117348,3.5029058,0.28374106,13.374731,-0.5756503,8.996099,-0.5810023,6.130085,0.947181,2.1495104,0.71521586
squeezed_Thái Nguyên,2017-06-01,3.5029058,-0.02653153,13.374731,-0.7534328,8.996099,0.39509845,6.130085,1.1435249,2.1495104,1.0440176,0.71650344,1.4023571
squeezed_Thái Nguyên,2017-07-01,13.374731,2.841961,8.996099,3.852772,6.130085,5.7377915,2.1495104,2.4782274,0.71650344,3.9520824,0.15703517,0.029133255
squeezed_Thái Nguyên,2017-08-01,8.996099,13.2427225,6.130085,11.271978,2.1495104,10.797673,0.71650344,9.85383,0.15703517,1.9078178,0.0,-1.6464051
squeezed_Thái Nguyên,2017-09-01,6.130085,9.170165,2.1495104,11.587053,0.71650344,6.700521,0.15703517,9.043342,0.0,1.1394063,0.0,-1.7609305
squeezed_Thái Nguyên,2017-10-01,2.1495104,4.039715,0.71650344,1.6217817,0.15703517,0.9421533,0.0,-1.2961301,0.0,0.036771696,0.078517586,-2.2638645
squeezed_Thái Nguyên,2017-11-01,0.71650344,1.6387906,0.15703517,-0.13657115,0.0,-1.4738677,0.0,-1.435971,0.078517586,-1.8605205,0.078517586,-2.1236613
squeezed_Thái Nguyên,2017-12-01,0.15703517,0.7346322,0.0,-1.1178788,0.0,-0.15615794,0.078517586,1.3617603,0.078517586,2.0864255,0.078517586,0.721926
squeezed_Tiền Giang,2016-01-01,11.492932,9.897983,11.378002,13.5335865,9.654063,17.290918,9.768992,38.09828,7.1830826,25.504646,8.102517,26.857931
squeezed_Tiền Giang,2016-02-01,11.378002,12.52965,9.654063,15.602183,9.768992,23.326794,7.1830826,32.641735,8.102517,28.956882,10.688427,42.73618
squeezed_Tiền Giang,2016-03-01,9.654063,16.955757,9.768992,25.40525,7.1830826,30.310871,8.102517,28.643137,10.688427,35.35193,13.331801,40.330814
squeezed_Tiền Giang,2016-04-01,9.768992,11.03099,7.1830826,19.59732,8.102517,29.258282,10.688427,36.280235,13.331801,45.492264,13.906447,41.37503
squeezed_Tiền Giang,2016-05-01,7.1830826,15.05731,8.102517,28.566872,10.688427,38.855457,13.331801,38.22845,13.906447,45.43173,15.2856,38.431026
squeezed_Tiền Giang,2016-06-01,8.102517,18.052353,10.688427,27.839014,13.331801,33.027866,13.906447,33.30388,15.2856,31.167702,10.745892,28.61639
squeezed_Tiền Giang,2016-07-01,10.688427,17.247087,13.331801,18.841366,13.906447,20.177263,15.2856,24.410341,10.745892,19.525402,13.243521,12.054155
squeezed_Tiền Giang,2016-08-01,13.331801,15.55983,13.906447,14.835306,15.2856,24.982773,10.745892,22.340538,13.243521,11.303401,9.304715,2.6821074
squeezed_Tiền Giang,2016-09-01,13.906447,13.218504,15.2856,18.78871,10.745892,18.46914,13.243521,16.144865,9.304715,9.059695,9.761388,8.651512
squeezed_Tiền Giang,2016-10-01,15.2856,55.96761,10.745892,11.242641,13.243521,8.413058,9.304715,7.731364,9.761388,5.5112844,8.505537,4.5166254
squeezed_Tiền Giang,2016-11-01,10.745892,10.753728,13.243521,7.2503858,9.304715,6.3047223,9.761388,5.5523777,8.505537,3.7463822,10.731819,2.5714576
squeezed_Tiền Giang,2016-12-01,13.243521,12.511776,9.304715,5.921278,9.761388,8.760089,8.505537,6.533019,10.731819,5.652553,14.613541,6.685048
squeezed_Tiền Giang,2017-01-01,9.304715,9.102459,9.761388,8.848151,8.505537,12.725169,10.731819,13.404091,14.613541,16.828547,24.774517,19.70204
squeezed_Tiền Giang,2017-02-01,9.761388,8.338137,8.505537,10.158017,10.731819,13.043636,14.613541,18.936459,24.774517,20.403242,24.317844,24.55517
squeezed_Tiền Giang,2017-03-01,8.505537,9.691089,10.731819,14.419114,14.613541,18.76393,24.774517,26.398888,24.317844,29.608557,23.00491,34.147327
squeezed_Tiền Giang,2017-04-01,10.731819,10.9551525,14.613541,14.850649,24.774517,21.101421,24.317844,30.750374,23.00491,32.53332,13.414773,32.01574
squeezed_Tiền Giang,2017-05-01,14.613541,17.727304,24.774517,31.711418,24.317844,38.47644,23.00491,42.882015,13.414773,41.024685,11.873502,39.821453
squeezed_Tiền Giang,2017-06-01,24.774517,22.087921,24.317844,31.57901,23.00491,32.108177,13.414773,41.125885,11.873502,33.345207,8.334285,33.22397
squeezed_Tiền Giang,2017-07-01,24.317844,32.58822,23.00491,39.30899,13.414773,40.15032,11.873502,37.11724,8.334285,25.669065,5.855267,18.260458
squeezed_Tiền Giang,2017-08-01,23.00491,26.589418,13.414773,29.276014,11.873502,25.484705,8.334285,24.979448,5.855267,22.839594,3.6382241,12.235272
squeezed_Tiền Giang,2017-09-01,13.414773,25.075485,11.873502,24.574953,8.334285,23.599245,5.855267,18.683323,3.6382241,15.173902,3.9793077,9.830719
squeezed_Tiền Giang,2017-10-01,11.873502,12.973534,8.334285,11.845564,5.855267,15.891557,3.6382241,15.791773,3.9793077,16.074066,4.320391,14.748893
squeezed_Tiền Giang,2017-11-01,8.334285,10.453057,5.855267,11.732549,3.6382241,12.718368,3.9793077,12.353077,4.320391,15.539914,4.8320165,17.864357
squeezed_Tiền Giang,2017-12-01,5.855267,11.769275,3.6382241,9.398616,3.9793077,12.225942,4.320391,15.458966,4.8320165,20.654575,6.82167,20.519377
squeezed_Trà Vinh,2016-01-01,5.670351,7.2868605,5.9586735,7.9177413,7.111965,11.183469,4.8053823,11.883819,6.91975,13.181111,11.340702,17.102322
squeezed_Trà Vinh,2016-02-01,5.9586735,6.047968,7.111965,7.0605,4.8053823,9.9710655,6.91975,14.470694,11.340702,21.16791,12.20567,28.874886
squeezed_Trà Vinh,2016-03-01,7.111965,6.4380574,4.8053823,8.537937,6.91975,13.282943,11.340702,22.79586,12.20567,27.255302,14.320039,38.374584
squeezed_Trà Vinh,2016-04-01,4.8053823,9.993224,6.91975,14.349689,11.340702,26.965998,12.20567,36.719975,14.320039,35.649734,15.4733305,40.87135
squeezed_Trà Vinh,2016-05-01,6.91975,6.935063,11.340702,11.21095,12.20567,25.813154,14.320039,33.130413,15.4733305,30.918238,14.031715,34.16063
squeezed_Trà Vinh,2016-06-01,11.340702,13.336529,12.20567,22.116648,14.320039,31.893055,15.4733305,29.116777,14.031715,28.832975,9.706872,26.437767
squeezed_Trà Vinh,2016-07-01,12.20567,20.236095,14.320039,25.56793,15.4733305,30.99396,14.031715,25.414904,9.706872,19.48948,8.630096,13.052096
squeezed_Trà Vinh,2016-08-01,14.320039,16.602806,15.4733305,19.392967,14.031715,20.895588,9.706872,17.63865,8.630096,13.218331,7.042952,8.960757
squeezed_Trà Vinh,2016-09-01,15.4733305,16.527702,14.031715,16.935534,9.706872,13.804412,8.630096,10.781848,7.042952,8.322131,9.225275,7.971753
squeezed_Trà Vinh,2016-10-01,14.031715,13.252945,9.706872,12.552358,8.630096,8.911428,7.042952,8.252416,9.225275,7.7865677,14.78028,5.54485
squeezed_Trà Vinh,2016-11-01,9.706872,11.428452,8.630096,10.747825,7.042952,11.446535,9.225275,7.7314363,14.78028,5.5102725,12.994742,5.489099
squeezed_Trà Vinh,2016-12-01,8.630096,13.116726,7.042952,6.8484664,9.225275,8.839276,14.78028,5.7568803,12.994742,5.893217,18.648943,12.501981
squeezed_Trà Vinh,2017-01-01,7.042952,6.418633,9.225275,6.365752,14.78028,5.8110867,12.994742,8.435993,18.648943,13.243057,21.32725,19.508533
squeezed_Trà Vinh,2017-02-01,9.225275,10.737028,14.78028,8.805392,12.994742,12.184404,18.648943,18.128325,21.32725,27.362741,21.128857,26.766224
squeezed_Trà Vinh,2017-03-01,14.78028,9.775382,12.994742,12.903968,18.648943,18.944967,21.32725,28.021343,21.128857,25.212893,12.79635,28.543835
squeezed_Trà Vinh,2017-04-01,12.994742,17.938938,18.648943,30.350782,21.32725,34.411114,21.128857,35.682037,12.79635,38.306545,7.836524,33.680706
squeezed_Trà Vinh,2017-05-01,18.648943,22.38379,21.32725,30.602928,21.128857,34.983776,12.79635,33.309807,7.836524,32.544975,6.3485765,30.945244
squeezed_Trà Vinh,2017-06-01,21.32725,27.36597,21.128857,35.369053,12.79635,36.44469,7.836524,33.964798,6.3485765,27.807856,4.9598255,23.513994
squeezed_Trà Vinh,2017-07-01,21.128857,27.231928,12.79635,28.775337,7.836524,25.934355,6.3485765,22.247059,4.9598255,18.724419,5.0555115,14.342069
squeezed_Trà Vinh,2017-08-01,12.79635,22.220655,7.836524,23.87762,6.3485765,23.043304,4.9598255,20.36466,5.0555115,14.587765,3.370341,10.253688
squeezed_Trà Vinh,2017-09-01,7.836524,15.243029,6.3485765,18.70321,4.9598255,17.809683,5.0555115,14.604428,3.370341,10.362073,3.5685964,7.9771347
squeezed_Trà Vinh,2017-10-01,6.3485765,9.761117,4.9598255,9.478309,5.0555115,7.975351,3.370341,9.493697,3.5685964,8.407402,4.857256,10.430307
squeezed_Trà Vinh,2017-11-01,4.9598255,7.654819,5.0555115,9.551388,3.370341,8.1117,3.5685964,9.237252,4.857256,12.981419,5.0555115,12.376103
squeezed_Trà Vinh,2017-12-01,5.0555115,11.433406,3.370341,9.421461,3.5685964,11.783941,4.857256,14.505564,5.0555115,16.705662,7.8310866,20.233622
squeezed_Tuyên Quang,2016-01-01,0.0,-0.055299614,0.0,0.83598155,0.0,-0.2637927,0.0,0.86190593,0.0,1.5288295,0.0,0.306085
squeezed_Tuyên Quang,2016-02-01,0.0,-0.35447758,0.0,-0.4792892,0.0,0.4366217,0.0,0.5697619,0.0,-0.5189444,0.0,-0.3596987
squeezed_Tuyên Quang,2016-03-01,0.0,-0.03471575,0.0,0.5021944,0.0,0.09165817,0.0,0.6634541,0.0,1.8567834,0.0,2.270453
squeezed_Tuyên Quang,2016-04-01,0.0,0.36805803,0.0,0.2432075,0.0,1.1499182,0.0,0.13932769,0.0,0.6768427,0.0,2.1987607
squeezed_Tuyên Quang,2016-05-01,0.0,-0.04764563,0.0,-0.47915885,0.0,-0.43756336,0.0,-0.1663081,0.0,-0.18155809,0.0,1.8999903
squeezed_Tuyên Quang,2016-06-01,0.0,0.22965692,0.0,1.0785141,0.0,1.3004493,0.0,1.9386071,0.0,2.2595658,0.0,3.0238276
squeezed_Tuyên Quang,2016-07-01,0.0,0.53479457,0.0,1.8434747,0.0,1.3894538,0.0,1.8883647,0.0,0.65956146,0.0,3.0166624
squeezed_Tuyên Quang,2016-08-01,0.0,1.4366533,0.0,1.0139073,0.0,1.8660607,0.0,2.2078311,0.0,0.8029012,0.64892924,0.5375982
squeezed_Tuyên Quang,2016-09-01,0.0,0.94344765,0.0,2.6415894,0.0,0.9850112,0.0,3.1308951,0.64892924,0.19619495,0.12978585,1.8979809
squeezed_Tuyên Quang,2016-10-01,0.0,0.5064706,0.0,0.7249421,0.0,1.6086608,0.64892924,1.991773,0.12978585,1.3377998,0.0,2.1664855
squeezed_Tuyên Quang,2016-11-01,0.0,-0.91564995,0.0,-0.2632226,0.64892924,1.2671707,0.12978585,0.78096783,0.0,0.65558237,0.12978585,0.9064346
squeezed_Tuyên Quang,2016-12-01,0.0,1.038036,0.64892924,0.24644336,0.12978585,0.052195083,0.0,2.5998216,0.12978585,2.0470796,0.2595717,1.9301732
squeezed_Tuyên Quang,2017-01-01,0.64892924,-0.39876238,0.12978585,1.476734,0.0,0.4327446,0.12978585,0.77124584,0.2595717,2.7615092,1.2978585,2.071878
squeezed_Tuyên Quang,2017-02-01,0.12978585,0.13271601,0.0,0.91942567,0.12978585,0.9188494,0.2595717,1.0632735,1.2978585,3.5374653,17.131733,2.5708742
squeezed_Tuyên Quang,2017-03-01,0.0,0.29355562,0.12978585,0.10336616,0.2595717,0.6974768,1.2978585,0.62029743,17.131733,2.1655138,9.604153,-1.0702682
squeezed_Tuyên Quang,2017-04-01,0.12978585,-0.12528111,0.2595717,0.7823206,1.2978585,-0.29239747,17.131733,-0.20500894,9.604153,0.14350931,13.7573,1.4910173
squeezed_Tuyên Quang,2017-05-01,0.2595717,0.4877063,1.2978585,0.50740665,17.131733,-0.30127457,9.604153,-0.5212189,13.7573,0.43626618,6.748864,-0.08024426
squeezed_Tuyên Quang,2017-06-01,1.2978585,0.047439385,17.131733,-0.91809094,9.604153,0.3851098,13.7573,1.8587284,6.748864,1.520067,0.2595717,0.6540557
squeezed_Tuyên Quang,2017-07-01,17.131733,0.82940817,9.604153,0.7672806,13.7573,2.1060345,6.748864,0.6394377,0.2595717,2.3497257,0.3854555,2.3650956
squeezed_Tuyên Quang,2017-08-01,9.604153,15.408438,13.7573,14.986266,6.748864,12.955509,0.2595717,8.210134,0.3854555,2.5885923,0.0,-0.5223877
squeezed_Tuyên Quang,2017-09-01,13.7573,11.067004,6.748864,14.985838,0.2595717,6.796276,0.3854555,2.6778016,0.0,0.95182604,0.0,1.9022377
squeezed_Tuyên Quang,2017-10-01,6.748864,10.396058,0.2595717,6.5241065,0.3854555,2.842027,0.0,1.5185162,0.0,0.005177719,0.12848516,2.609462
squeezed_Tuyên Quang,2017-11-01,0.2595717,4.997237,0.3854555,3.7872503,0.0,3.1597354,0.0,1.7066617,0.12848516,-0.8902162,0.12848516,0.98500806
squeezed_Tuyên Quang,2017-12-01,0.3854555,0.24940275,0.0,-1.5461074,0.0,-0.22000286,0.12848516,0.33998272,0.12848516,2.6073165,0.12848516,5.0269895
squeezed_Tây Ninh,2016-01-01,9.742581,11.54858,6.882374,11.963453,3.2177334,20.065733,3.3071148,18.947386,3.7540221,25.462477,9.116911,37.971188
squeezed_Tây Ninh,2016-02-01,6.882374,7.663214,3.2177334,14.095713,3.3071148,22.486254,3.7540221,30.239954,9.116911,33.204647,12.155881,42.99998
squeezed_Tây Ninh,2016-03-01,3.2177334,10.376504,3.3071148,12.215368,3.7540221,23.149643,9.116911,32.77017,12.155881,36.177822,14.301037,42.14107
squeezed_Tây Ninh,2016-04-01,3.3071148,5.3464684,3.7540221,9.686162,9.116911,24.021345,12.155881,26.948414,14.301037,41.97711,10.189488,34.64342
squeezed_Tây Ninh,2016-05-01,3.7540221,8.093789,9.116911,13.913861,12.155881,24.913681,14.301037,28.324541,10.189488,35.426926,7.5080442,24.42247
squeezed_Tây Ninh,2016-06-01,9.116911,11.241598,12.155881,19.75413,14.301037,27.441832,10.189488,24.761923,7.5080442,20.265764,6.0779405,14.557345
squeezed_Tây Ninh,2016-07-01,12.155881,19.448666,14.301037,24.336435,10.189488,26.533524,7.5080442,16.021418,6.0779405,11.904232,8.774216,8.136838
squeezed_Tây Ninh,2016-08-01,14.301037,17.013664,10.189488,19.615856,7.5080442,18.74551,6.0779405,14.316548,8.774216,5.3186994,6.4286337,0.97101367
squeezed_Tây Ninh,2016-09-01,10.189488,16.702486,7.5080442,16.034666,6.0779405,9.171251,8.774216,5.983038,6.4286337,2.1536827,6.2548866,-1.7347044
squeezed_Tây Ninh,2016-10-01,7.5080442,10.107866,6.0779405,5.4734845,8.774216,3.9616385,6.4286337,2.1569076,6.2548866,0.18796912,8.166102,-1.710038
squeezed_Tây Ninh,2016-11-01,6.0779405,6.478436,8.774216,3.625567,6.4286337,1.2684913,6.2548866,7.50314,8.166102,-0.37546235,7.9923553,-1.0045099
squeezed_Tây Ninh,2016-12-01,8.774216,8.760267,6.4286337,5.5093226,6.2548866,3.341527,8.166102,3.0834398,7.9923553,1.1241186,15.984711,12.23072
squeezed_Tây Ninh,2017-01-01,6.4286337,5.748837,6.2548866,6.624809,8.166102,10.545144,7.9923553,12.697998,15.984711,10.057226,9.729824,18.067358
squeezed_Tây Ninh,2017-02-01,6.2548866,6.4742794,8.166102,7.092341,7.9923553,10.21632,15.984711,14.179404,9.729824,23.587036,14.507862,24.109074
squeezed_Tây Ninh,2017-03-01,8.166102,9.179947,7.9923553,11.371474,15.984711,16.621101,9.729824,19.323698,14.507862,23.945913,10.511684,28.030891
squeezed_Tây Ninh,2017-04-01,7.9923553,11.780361,15.984711,15.506445,9.729824,25.641111,14.507862,30.875076,10.511684,32.70768,8.3398485,31.72124
squeezed_Tây Ninh,2017-05-01,15.984711,12.782787,9.729824,18.053776,14.507862,25.37712,10.511684,25.257019,8.3398485,27.492775,8.079228,24.14748
squeezed_Tây Ninh,2017-06-01,9.729824,20.974945,14.507862,25.827866,10.511684,27.277586,8.3398485,25.69783,8.079228,25.039293,8.947963,21.402575
squeezed_Tây Ninh,2017-07-01,14.507862,13.485037,10.511684,16.805714,8.3398485,13.948272,8.079228,14.941312,8.947963,14.544996,8.787801,10.386741
squeezed_Tây Ninh,2017-08-01,10.511684,14.748649,8.3398485,16.105495,8.079228,16.915651,8.947963,14.48471,8.787801,11.079415,5.427759,10.946095
squeezed_Tây Ninh,2017-09-01,8.3398485,15.046018,8.079228,13.240146,8.947963,15.890347,8.787801,12.015231,5.427759,11.453743,5.858534,11.213476
squeezed_Tây Ninh,2017-10-01,8.079228,8.029051,8.947963,10.380847,8.787801,10.887644,5.427759,12.794873,5.858534,11.786151,5.686224,10.994992
squeezed_Tây Ninh,2017-11-01,8.947963,8.113766,8.787801,10.226493,5.427759,10.723624,5.858534,11.81571,5.686224,14.714769,4.8246746,16.603792
squeezed_Tây Ninh,2017-12-01,8.787801,12.2062845,5.427759,10.096842,5.858534,11.404834,5.686224,12.189886,4.8246746,21.376171,10.683208,24.304455
squeezed_Vĩnh Phúc,2016-01-01,0.18761726,1.2563828,0.09380863,1.2616981,0.09380863,0.0958424,0.0,1.0693573,0.09380863,1.6142418,0.0,2.8915434
squeezed_Vĩnh Phúc,2016-02-01,0.09380863,-0.34252378,0.09380863,-0.5991126,0.0,-0.3974216,0.09380863,0.1769613,0.0,1.6737181,0.09380863,1.7467247
squeezed_Vĩnh Phúc,2016-03-01,0.09380863,0.08333195,0.0,0.4174805,0.09380863,2.3520968,0.0,-0.17979823,0.09380863,1.396928,0.3752345,4.796721
squeezed_Vĩnh Phúc,2016-04-01,0.0,0.20329165,0.09380863,3.4114459,0.0,1.261144,0.09380863,0.6438583,0.3752345,1.9308916,0.2814259,9.566399
squeezed_Vĩnh Phúc,2016-05-01,0.09380863,0.046124507,0.0,-0.5816311,0.09380863,-0.6258996,0.3752345,2.3693516,0.2814259,1.7196809,0.46904317,4.1713557
squeezed_Vĩnh Phúc,2016-06-01,0.0,0.29155084,0.09380863,-0.18756472,0.3752345,4.142184,0.2814259,11.1658535,0.46904317,11.22849,0.0,4.8787346
squeezed_Vĩnh Phúc,2016-07-01,0.09380863,0.9581242,0.3752345,3.1591141,0.2814259,4.555106,0.46904317,5.552165,0.0,3.1322002,0.089039266,-0.120917246
squeezed_Vĩnh Phúc,2016-08-01,0.3752345,2.1593237,0.2814259,2.2746747,0.46904317,1.8140233,0.0,1.4128089,0.089039266,-0.72366464,0.0,-1.0965894
squeezed_Vĩnh Phúc,2016-09-01,0.2814259,1.9359016,0.46904317,1.8732285,0.0,-0.031347267,0.089039266,1.166322,0.0,0.3846703,0.17807853,0.40211043
squeezed_Vĩnh Phúc,2016-10-01,0.46904317,0.50401324,0.0,2.5719917,0.089039266,-0.4220105,0.0,0.06934042,0.17807853,0.3870835,0.089039266,1.4499025
squeezed_Vĩnh Phúc,2016-11-01,0.0,-0.170504,0.089039266,-1.1429641,0.0,-0.18567735,0.17807853,0.35143062,0.089039266,0.8421391,0.44519633,1.2284943
squeezed_Vĩnh Phúc,2016-12-01,0.089039266,-0.10024462,0.0,-0.058243796,0.17807853,0.04818986,0.089039266,0.4746729,0.44519633,1.0052265,0.0,0.01843257
squeezed_Vĩnh Phúc,2017-01-01,0.0,0.91979057,0.17807853,0.29904035,0.089039266,0.1846065,0.44519633,0.8750216,0.0,0.39520106,6.410827,-1.4412594
squeezed_Vĩnh Phúc,2017-02-01,0.17807853,-0.55375195,0.089039266,0.063468605,0.44519633,-0.6635158,0.0,-0.42223608,6.410827,-0.33432597,27.246016,-0.74879575
squeezed_Vĩnh Phúc,2017-03-01,0.089039266,0.175932,0.44519633,-0.17948477,0.0,-0.2634315,6.410827,-0.8412848,27.246016,-0.47437865,16.739382,0.019653423
squeezed_Vĩnh Phúc,2017-04-01,0.44519633,-0.01050283,0.0,0.038036928,6.410827,-0.6060555,27.246016,-0.045963768,16.739382,1.3160305,7.9244947,0.73802507
squeezed_Vĩnh Phúc,2017-05-01,0.0,0.44195512,6.410827,0.115949735,27.246016,-0.5371858,16.739382,-0.3388394,7.9244947,0.20386651,3.65061,-0.26848447
squeezed_Vĩnh Phúc,2017-06-01,6.410827,0.18741016,27.246016,-0.8479796,16.739382,0.46638143,7.9244947,1.6745428,3.65061,1.5212486,0.62327486,1.0215571
squeezed_Vĩnh Phúc,2017-07-01,27.246016,6.3745637,16.739382,7.4609857,7.9244947,9.429002,3.65061,11.251358,0.62327486,10.477598,0.5270555,3.4424503
squeezed_Vĩnh Phúc,2017-08-01,16.739382,30.428537,7.9244947,40.586403,3.65061,36.63158,0.62327486,20.626808,0.5270555,9.026989,0.0,1.0284528
squeezed_Vĩnh Phúc,2017-09-01,7.9244947,18.056097,3.65061,23.380537,0.62327486,17.183332,0.5270555,5.5851164,0.0,2.9116309,0.0,-2.4936428
squeezed_Vĩnh Phúc,2017-10-01,3.65061,8.278231,0.62327486,3.7630906,0.5270555,-0.5002143,0.0,18.89329,0.0,0.9716015,0.0,-0.74785477
squeezed_Vĩnh Phúc,2017-11-01,0.62327486,0.81375533,0.5270555,-0.5782337,0.0,-2.342999,0.0,-0.79960716,0.0,1.7426487,0.0,-1.91295
squeezed_Vĩnh Phúc,2017-12-01,0.5270555,0.92909056,0.0,-0.80359286,0.0,0.15286094,0.0,1.889628,0.0,1.6041292,0.0,1.0440062
squeezed_Yên Bái,2016-01-01,0.0,0.23776732,0.0,0.02365752,0.0,0.021122396,0.0,0.1575864,0.0,0.4457003,0.0,0.6881697
squeezed_Yên Bái,2016-02-01,0.0,-0.17336655,0.0,-0.76835245,0.0,-0.17088929,0.0,-0.1027944,0.0,0.22616237,0.0,-0.53298485
squeezed_Yên Bái,2016-03-01,0.0,-0.15430908,0.0,-0.3194687,0.0,-0.007511207,0.0,-0.1253574,0.0,0.62757605,0.0,0.95107627
squeezed_Yên Bái,2016-04-01,0.0,-0.1847415,0.0,-0.2916108,0.0,0.07533637,0.0,-0.6684227,0.0,0.11225839,0.0,3.259376
squeezed_Yên Bái,2016-05-01,0.0,0.06688809,0.0,-0.19367574,0.0,-0.21905272,0.0,-0.55961174,0.0,-0.062178914,0.0,1.0334681
squeezed_Yên Bái,2016-06-01,0.0,0.23110962,0.0,0.25604406,0.0,0.16132575,0.0,-0.2972566,0.0,0.09037273,1.2498437,1.8459015
squeezed_Yên Bái,2016-07-01,0.0,0.5156436,0.0,0.21451646,0.0,-0.26367125,0.0,-0.24033932,1.2498437,-0.43809593,0.0,1.5076427
squeezed_Yên Bái,2016-08-01,0.0,0.1957919,0.0,-0.4583617,0.0,-0.43738112,1.2498437,-0.043175377,0.0,0.65131724,0.0,1.2568899
squeezed_Yên Bái,2016-09-01,0.0,0.05165542,0.0,-0.5285538,1.2498437,0.5920488,0.0,1.2435416,0.0,1.6627029,0.0,2.171806
squeezed_Yên Bái,2016-10-01,0.0,-0.23937407,1.2498437,-0.37427297,0.0,1.5172466,0.0,2.918475,0.0,1.8796399,0.12386969,3.295834
squeezed_Yên Bái,2016-11-01,1.2498437,0.091905124,0.0,1.729105,0.0,3.188433,0.0,1.2812005,0.12386969,2.1534069,0.12386969,0.8957746
squeezed_Yên Bái,2016-12-01,0.0,2.5633264,0.0,2.9991875,0.0,1.0668802,0.12386969,4.2249556,0.12386969,1.3822293,0.61934847,1.1931056
squeezed_Yên Bái,2017-01-01,0.0,0.36002263,0.0,1.7737311,0.12386969,0.69575745,0.12386969,-0.1330718,0.61934847,0.08147586,3.96383,-0.74603415
squeezed_Yên Bái,2017-02-01,0.0,-0.02832628,0.12386969,-0.026087552,0.12386969,-0.39985505,0.61934847,-0.679407,3.96383,-1.0295107,15.235971,-1.2283379
squeezed_Yên Bái,2017-03-01,0.12386969,0.12431981,0.12386969,-0.32442424,0.61934847,-0.43011668,3.96383,-0.708699,15.235971,-1.176874,8.5470085,-1.2774441
squeezed_Yên Bái,2017-04-01,0.12386969,-0.0999253,0.61934847,-0.402599,3.96383,-0.57673633,15.235971,-1.14249,8.5470085,-1.1040219,3.592221,0.52276975
squeezed_Yên Bái,2017-05-01,0.61934847,-0.17125148,3.96383,0.10873392,15.235971,-0.63829476,8.5470085,-0.6893161,3.592221,-0.02860185,2.2296543,0.49117446
squeezed_Yên Bái,2017-06-01,3.96383,0.5001187,15.235971,0.08491979,8.5470085,0.058361817,3.592221,1.6130918,2.2296543,1.4326853,0.61934847,3.182775
squeezed_Yên Bái,2017-07-01,15.235971,3.2462695,8.5470085,4.462067,3.592221,6.365142,2.2296543,6.9434595,0.61934847,7.1853056,0.12275964,4.1477323
squeezed_Yên Bái,2017-08-01,8.5470085,15.487103,3.592221,13.432895,2.2296543,11.893373,0.61934847,9.294233,0.12275964,3.8489127,0.0,1.8335977
squeezed_Yên Bái,2017-09-01,3.592221,9.900786,2.2296543,8.433994,0.61934847,6.5611086,0.12275964,3.1912649,0.0,2.5469089,0.0,1.2793567
squeezed_Yên Bái,2017-10-01,2.2296543,2.7517915,0.61934847,1.0325694,0.12275964,0.43365616,0.0,0.39618492,0.0,-0.29555914,0.0,0.9935131
squeezed_Yên Bái,2017-11-01,0.61934847,1.988096,0.12275964,2.3964772,0.0,1.7297654,0.0,0.99732083,0.0,1.0910512,0.12275964,1.5735296
squeezed_Yên Bái,2017-12-01,0.12275964,2.2451408,0.0,0.7156025,0.0,0.7559267,0.0,2.0951545,0.12275964,1.3747376,0.0,2.6814504
squeezed_Điện Biên,2016-01-01,0.0,-0.52123374,0.0,-0.073000945,0.0,0.4936327,0.0,1.356493,0.0,0.8298329,0.0,0.57650435
squeezed_Điện Biên,2016-02-01,0.0,-0.19877662,0.0,-0.4331353,0.0,0.55908877,0.0,0.63649327,0.0,0.26393428,0.0,0.30639085
squeezed_Điện Biên,2016-03-01,0.0,-0.16691317,0.0,0.37042797,0.0,0.10483811,0.0,0.28727528,0.0,0.2828125,0.0,0.73818666
squeezed_Điện Biên,2016-04-01,0.0,0.5350456,0.0,2.2311041,0.0,1.4409572,0.0,1.2364364,0.0,5.0249653,0.0,2.4262803
squeezed_Điện Biên,2016-05-01,0.0,0.6713603,0.0,1.2457337,0.0,2.2721183,0.0,2.4360507,0.0,0.6632409,0.0,3.3536165
squeezed_Điện Biên,2016-06-01,0.0,0.7028903,0.0,0.08902176,0.0,2.2126005,0.0,1.1189986,0.0,0.21857154,0.0,1.6580822
squeezed_Điện Biên,2016-07-01,0.0,0.40045616,0.0,0.49337468,0.0,-0.020062143,0.0,0.61360276,0.0,0.5706078,0.17259234,2.2554839
squeezed_Điện Biên,2016-08-01,0.0,0.263728,0.0,0.12789547,0.0,0.25623032,0.0,1.7914139,0.17259234,0.8196454,0.0,1.6952192
squeezed_Điện Biên,2016-09-01,0.0,0.09249627,0.0,0.40747768,0.0,1.4689472,0.17259234,2.1625078,0.0,1.910124,0.0,2.2060184
squeezed_Điện Biên,2016-10-01,0.0,0.17331532,0.0,0.81801236,0.17259234,0.73153496,0.0,2.193086,0.0,2.8614917,0.0,3.9252818
squeezed_Điện Biên,2016-11-01,0.0,0.09582008,0.17259234,1.065817,0.0,0.7781265,0.0,0.8437094,0.0,2.5482402,0.0,1.7520977
squeezed_Điện Biên,2016-12-01,0.17259234,1.2611536,0.0,2.5249624,0.0,1.4405969,0.0,0.881364,0.0,1.2026353,0.517777,3.6446252
squeezed_Điện Biên,2017-01-01,0.0,0.48258877,0.0,0.8908747,0.0,0.86072844,0.0,0.87717617,0.517777,2.0549843,2.588885,2.2680264
squeezed_Điện Biên,2017-02-01,0.0,-0.12846132,0.0,-0.1315898,0.0,-0.013848547,0.517777,0.18046713,2.588885,0.79579115,11.908872,1.6086718
squeezed_Điện Biên,2017-03-01,0.0,-0.009079793,0.0,-0.15357663,0.517777,0.27385113,2.588885,0.020751601,11.908872,0.6719643,6.558509,1.3108485
squeezed_Điện Biên,2017-04-01,0.0,0.3321881,0.517777,0.49417722,2.588885,1.0363475,11.908872,0.14139876,6.558509,-0.3332104,2.9340696,0.9750949
squeezed_Điện Biên,2017-05-01,0.517777,0.10320363,2.588885,0.90515125,11.908872,0.07212405,6.558509,0.5643883,2.9340696,0.83982587,1.7259234,0.26170215
squeezed_Điện Biên,2017-06-01,2.588885,0.81187224,11.908872,1.5578189,6.558509,1.0129552,2.9340696,0.88724315,1.7259234,1.4116195,0.34518468,1.5536824
squeezed_Điện Biên,2017-07-01,11.908872,1.9807801,6.558509,3.8367853,2.9340696,4.561593,1.7259234,3.3026454,0.34518468,2.939153,0.0,1.882642
squeezed_Điện Biên,2017-08-01,6.558509,12.437078,2.9340696,9.971658,1.7259234,10.2199335,0.34518468,9.644457,0.0,2.3131785,0.0,0.8621892
squeezed_Điện Biên,2017-09-01,2.9340696,8.354731,1.7259234,8.078485,0.34518468,7.7342505,0.0,7.79485,0.0,0.80109847,0.0,0.17328782
squeezed_Điện Biên,2017-10-01,1.7259234,2.1898289,0.34518468,1.3357439,0.0,0.5640069,0.0,-1.031541,0.0,-0.48366633,0.0,2.6218336
squeezed_Điện Biên,2017-11-01,0.34518468,1.9304514,0.0,1.4864902,0.0,-0.19117017,0.0,0.21493253,0.0,2.57416,0.0,2.4622107
squeezed_Điện Biên,2017-12-01,0.0,0.10068255,0.0,-0.77835625,0.0,-0.3471909,0.0,0.95357996,0.0,1.9301155,0.0,3.9874928
squeezed_Đà Nẵng,2016-01-01,29.439878,47.54516,25.520933,30.8008,19.881475,38.498215,15.006691,44.808964,14.337603,40.890923,19.881475,70.07335
squeezed_Đà Nẵng,2016-02-01,25.520933,18.98579,19.881475,23.419567,15.006691,36.421833,14.337603,29.162949,19.881475,46.181046,26.38119,50.96638
squeezed_Đà Nẵng,2016-03-01,19.881475,23.41652,15.006691,29.300608,14.337603,40.049633,19.881475,47.39696,26.38119,59.689598,25.520933,33.735428
squeezed_Đà Nẵng,2016-04-01,15.006691,30.452658,14.337603,104.75512,19.881475,139.91643,26.38119,58.98818,25.520933,102.4268,49.321354,54.833424
squeezed_Đà Nẵng,2016-05-01,14.337603,47.772804,19.881475,50.628193,26.38119,41.866726,25.520933,61.66949,49.321354,60.41903,86.88587,69.04088
squeezed_Đà Nẵng,2016-06-01,19.881475,21.449139,26.38119,29.666145,25.520933,60.4523,49.321354,58.330387,86.88587,61.239872,108.00994,41.08631
squeezed_Đà Nẵng,2016-07-01,26.38119,28.59688,25.520933,44.247696,49.321354,61.27006,86.88587,58.103996,108.00994,44.492386,67.40754,33.203403
squeezed_Đà Nẵng,2016-08-01,25.520933,39.60217,49.321354,56.111523,86.88587,76.93278,108.00994,56.355145,67.40754,36.57391,59.755875,15.969049
squeezed_Đà Nẵng,2016-09-01,49.321354,40.88054,86.88587,59.21914,108.00994,59.429382,67.40754,33.567364,59.755875,20.977251,66.314445,-0.97512543
squeezed_Đà Nẵng,2016-10-01,86.88587,85.25831,108.00994,59.78792,67.40754,26.892143,59.755875,17.936731,66.314445,2.8526433,34.88796,-6.566054
squeezed_Đà Nẵng,2016-11-01,108.00994,76.00918,67.40754,21.287247,59.755875,12.112875,66.314445,3.0389028,34.88796,-4.8487806,30.242302,-5.8814626
squeezed_Đà Nẵng,2016-12-01,67.40754,30.531433,59.755875,23.905386,66.314445,1.0258472,34.88796,-3.0711017,30.242302,7.9305086,42.084167,0.8640939
squeezed_Đà Nẵng,2017-01-01,59.755875,44.077335,66.314445,28.073715,34.88796,50.544884,30.242302,100.046936,42.084167,67.06283,49.553654,55.26155
squeezed_Đà Nẵng,2017-02-01,66.314445,43.40208,34.88796,38.0413,30.242302,72.68982,42.084167,50.521397,49.553654,49.73297,69.04719,30.669697
squeezed_Đà Nẵng,2017-03-01,34.88796,125.22918,30.242302,84.26706,42.084167,75.7998,49.553654,101.932686,69.04719,107.09226,52.286392,40.007866
squeezed_Đà Nẵng,2017-04-01,30.242302,26.636295,42.084167,40.567184,49.553654,31.716236,69.04719,44.197254,52.286392,33.730347,54.290398,36.629086
squeezed_Đà Nẵng,2017-05-01,42.084167,28.894016,49.553654,36.997845,69.04719,41.104053,52.286392,39.688175,54.290398,32.558056,70.9601,35.7524
squeezed_Đà Nẵng,2017-06-01,49.553654,43.835175,69.04719,50.35496,52.286392,41.50578,54.290398,65.79374,70.9601,50.53922,53.197304,30.624977
squeezed_Đà Nẵng,2017-07-01,69.04719,57.605236,52.286392,75.01635,54.290398,57.02118,70.9601,48.943012,53.197304,35.257717,31.3173,11.518588
squeezed_Đà Nẵng,2017-08-01,52.286392,65.27467,54.290398,59.088234,70.9601,73.90315,53.197304,65.850006,31.3173,24.858553,18.126347,10.150587
squeezed_Đà Nẵng,2017-09-01,54.290398,46.184864,70.9601,58.32935,53.197304,62.989616,31.3173,29.854654,18.126347,50.721912,21.984924,-5.67929
squeezed_Đà Nẵng,2017-10-01,70.9601,57.78198,53.197304,48.06742,31.3173,20.812387,18.126347,22.009718,21.984924,0.84535074,7.627423,-1.9431324
squeezed_Đà Nẵng,2017-11-01,53.197304,49.778797,31.3173,21.226828,18.126347,8.993688,21.984924,5.878674,7.627423,8.126804,8.255564,-1.5925633
squeezed_Đà Nẵng,2017-12-01,31.3173,18.056208,18.126347,14.818163,21.984924,6.1498995,7.627423,5.60292,8.255564,2.8893635,11.03733,-1.87793
squeezed_Đắk Lắk,2016-01-01,6.668445,3.339832,5.8682313,5.794475,4.5345426,8.118609,8.96239,10.996944,34.51587,20.108421,78.52761,30.610037
squeezed_Đắk Lắk,2016-02-01,5.8682313,4.5359836,4.5345426,6.4193263,8.96239,7.9421144,34.51587,15.905867,78.52761,26.655106,229.02107,28.284744
squeezed_Đắk Lắk,2016-03-01,4.5345426,4.626157,8.96239,7.150259,34.51587,13.682426,78.52761,18.137884,229.02107,36.512413,159.02907,58.809654
squeezed_Đắk Lắk,2016-04-01,8.96239,5.8224354,34.51587,11.584417,78.52761,24.586367,229.02107,28.584476,159.02907,33.54399,85.782875,49.984646
squeezed_Đắk Lắk,2016-05-01,34.51587,16.712265,78.52761,25.496744,229.02107,41.66536,159.02907,41.8582,85.782875,34.64209,57.882103,34.231785
squeezed_Đắk Lắk,2016-06-01,78.52761,52.542114,229.02107,83.75223,159.02907,49.759377,85.782875,36.586952,57.882103,24.901077,25.34009,13.520879
squeezed_Đắk Lắk,2016-07-01,229.02107,98.67057,159.02907,52.733948,85.782875,36.565384,57.882103,20.925262,25.34009,9.261753,11.619738,1.4517003
squeezed_Đắk Lắk,2016-08-01,159.02907,100.68355,85.782875,83.00685,57.882103,54.787724,25.34009,30.85604,11.619738,0.5119944,5.242393,7.6460676
squeezed_Đắk Lắk,2016-09-01,85.782875,107.38328,57.882103,65.705246,25.34009,38.89821,11.619738,10.651226,5.242393,5.7971506,3.8372157,31.980665
squeezed_Đắk Lắk,2016-10-01,57.882103,75.003624,25.34009,9.758746,11.619738,-3.6091566,5.242393,-1.5343629,3.8372157,26.857988,2.8644004,2.4311163
squeezed_Đắk Lắk,2016-11-01,25.34009,21.91562,11.619738,2.3008685,5.242393,6.0699406,3.8372157,6.2657022,2.8644004,13.005708,4.161487,2.8942683
squeezed_Đắk Lắk,2016-12-01,11.619738,11.982583,5.242393,3.6103868,3.8372157,5.1337028,2.8644004,3.9286106,4.161487,5.146663,5.5126195,5.177419
squeezed_Đắk Lắk,2017-01-01,5.242393,8.677571,3.8372157,10.504994,2.8644004,8.629315,4.161487,9.706802,5.5126195,17.472193,15.565043,14.409587
squeezed_Đắk Lắk,2017-02-01,3.8372157,4.015375,2.8644004,4.1786942,4.161487,5.5038104,5.5126195,5.5573716,15.565043,18.079517,22.915203,24.51788
squeezed_Đắk Lắk,2017-03-01,2.8644004,4.4977756,4.161487,4.116115,5.5126195,9.463946,15.565043,8.043546,22.915203,12.209194,17.67281,8.103811
squeezed_Đắk Lắk,2017-04-01,4.161487,5.796695,5.5126195,7.9267225,15.565043,17.283487,22.915203,12.572362,17.67281,9.574102,17.078312,13.3954
squeezed_Đắk Lắk,2017-05-01,5.5126195,7.7416606,15.565043,10.828062,22.915203,10.4038,17.67281,10.6198845,17.078312,14.0531,9.674107,10.51075
squeezed_Đắk Lắk,2017-06-01,15.565043,8.078087,22.915203,9.790372,17.67281,7.6023254,17.078312,8.465302,9.674107,8.588041,3.945306,5.9923162
squeezed_Đắk Lắk,2017-07-01,22.915203,16.946104,17.67281,14.200092,17.078312,14.3584385,9.674107,11.523638,3.945306,9.86998,1.1818426,2.4428785
squeezed_Đắk Lắk,2017-08-01,17.67281,21.722824,17.078312,20.407135,9.674107,13.761914,3.945306,12.198213,1.1818426,5.480833,0.48348105,4.445377
squeezed_Đắk Lắk,2017-09-01,17.078312,15.785993,9.674107,14.941309,3.945306,8.933119,1.1818426,6.5509944,0.48348105,3.0452054,0.75208163,4.5881257
squeezed_Đắk Lắk,2017-10-01,9.674107,12.310118,3.945306,9.682234,1.1818426,5.1774464,0.48348105,5.3016143,0.75208163,6.439824,1.2355627,7.4546595
squeezed_Đắk Lắk,2017-11-01,3.945306,4.899766,1.1818426,3.2436743,0.48348105,6.481684,0.75208163,5.2725444,1.2355627,4.52636,1.5041633,9.661008
squeezed_Đắk Lắk,2017-12-01,1.1818426,4.4664598,0.48348105,4.9755993,0.75208163,3.2710898,1.2355627,3.905757,1.5041633,6.9026165,2.256245,15.371432
squeezed_Đắk Nông,2016-01-01,6.442022,5.2518344,5.1205816,5.429792,5.2857614,8.440399,17.674265,13.464949,88.04096,25.484953,101.58573,31.176805
squeezed_Đắk Nông,2016-02-01,5.1205816,5.6394887,5.2857614,6.809475,17.674265,7.907977,88.04096,20.256283,101.58573,31.29415,93.161545,37.31012
squeezed_Đắk Nông,2016-03-01,5.2857614,5.1139064,17.674265,8.182146,88.04096,21.874052,101.58573,32.886433,93.161545,42.20979,47.406673,44.507706
squeezed_Đắk Nông,2016-04-01,17.674265,10.509453,88.04096,21.267117,101.58573,25.966688,93.161545,42.185703,47.406673,42.676567,27.750248,39.152866
squeezed_Đắk Nông,2016-05-01,88.04096,25.372923,101.58573,60.192753,93.161545,52.2616,47.406673,37.50792,27.750248,32.329693,13.214404,23.999475
squeezed_Đắk Nông,2016-06-01,101.58573,106.27949,93.161545,71.009026,47.406673,50.157825,27.750248,43.975414,13.214404,20.400894,9.250083,11.984795
squeezed_Đắk Nông,2016-07-01,93.161545,75.93644,47.406673,52.017616,27.750248,40.85693,13.214404,19.86489,9.250083,9.513291,8.431146,3.4295409
squeezed_Đắk Nông,2016-08-01,47.406673,68.287964,27.750248,32.573757,13.214404,28.254381,9.250083,9.43898,8.431146,3.0576448,2.6450653,0.26014844
squeezed_Đắk Nông,2016-09-01,27.750248,33.726013,13.214404,25.854422,9.250083,11.932646,8.431146,-0.9677684,2.6450653,3.906981,4.298231,3.0778522
squeezed_Đắk Nông,2016-10-01,13.214404,17.126366,9.250083,15.666513,8.431146,1.0432683,2.6450653,-1.568731,4.298231,1.700571,3.8022814,7.3842783
squeezed_Đắk Nông,2016-11-01,9.250083,5.0851526,8.431146,2.706187,2.6450653,1.2527366,4.298231,1.6549008,3.8022814,11.310246,7.108613,8.995408
squeezed_Đắk Nông,2016-12-01,8.431146,11.774013,2.6450653,1.4044572,4.298231,2.4693449,3.8022814,11.006248,7.108613,5.1470947,5.951397,11.4918
squeezed_Đắk Nông,2017-01-01,2.6450653,4.3871546,4.298231,4.896657,3.8022814,2.088181,7.108613,12.22013,5.951397,18.545412,13.225327,15.161546
squeezed_Đắk Nông,2017-02-01,4.298231,3.920897,3.8022814,1.3430209,7.108613,4.3673015,5.951397,9.462512,13.225327,12.392744,13.886593,4.812615
squeezed_Đắk Nông,2017-03-01,3.8022814,5.787135,7.108613,7.045977,5.951397,13.781722,13.225327,19.627792,13.886593,24.150957,13.55596,20.397112
squeezed_Đắk Nông,2017-04-01,7.108613,5.7238264,5.951397,11.871873,13.225327,16.068842,13.886593,11.753198,13.55596,15.464145,8.927095,13.832118
squeezed_Đắk Nông,2017-05-01,5.951397,9.485579,13.225327,11.584635,13.886593,6.6527123,13.55596,13.981912,8.927095,13.501156,5.455447,11.775772
squeezed_Đắk Nông,2017-06-01,13.225327,5.3649616,13.886593,3.4294863,13.55596,3.3057272,8.927095,2.883895,5.455447,7.629352,4.6288643,8.890962
squeezed_Đắk Nông,2017-07-01,13.886593,47.54877,13.55596,8.902207,8.927095,8.571448,5.455447,4.09063,4.6288643,5.680285,2.599935,2.5171168
squeezed_Đắk Nông,2017-08-01,13.55596,11.728943,8.927095,8.970889,5.455447,7.620333,4.6288643,3.4543674,2.599935,7.5025578,1.1374716,4.3106217
squeezed_Đắk Nông,2017-09-01,8.927095,11.151557,5.455447,9.62298,4.6288643,7.3540654,2.599935,6.030887,1.1374716,4.2579703,2.274943,4.508748
squeezed_Đắk Nông,2017-10-01,5.455447,5.4670386,4.6288643,2.8978198,2.599935,4.041847,1.1374716,7.82734,2.274943,3.7180512,2.762431,10.376144
squeezed_Đắk Nông,2017-11-01,4.6288643,3.8529212,2.599935,3.0489666,1.1374716,3.900266,2.274943,4.9354525,2.762431,9.018035,2.762431,11.037408
squeezed_Đắk Nông,2017-12-01,2.599935,5.45188,1.1374716,5.110615,2.274943,4.6875253,2.762431,10.32997,2.762431,11.305603,4.549886,21.745571
squeezed_Đồng Tháp,2016-01-01,23.173117,21.890762,22.16559,23.28967,14.9943695,25.455164,13.038583,28.173569,13.038583,29.852695,11.379127,35.468315
squeezed_Đồng Tháp,2016-02-01,22.16559,22.679314,14.9943695,24.058187,13.038583,34.319035,13.038583,38.530296,11.379127,39.21346,15.4685,46.499855
squeezed_Đồng Tháp,2016-03-01,14.9943695,27.866135,13.038583,31.696182,13.038583,44.989796,11.379127,48.975826,15.4685,53.964485,20.743198,51.399105
squeezed_Đồng Tháp,2016-04-01,13.038583,19.295101,13.038583,31.462557,11.379127,43.51395,15.4685,47.130116,20.743198,53.640335,18.491081,54.642548
squeezed_Đồng Tháp,2016-05-01,13.038583,21.422611,11.379127,32.929897,15.4685,45.575634,20.743198,46.054806,18.491081,48.603905,16.772358,57.810684
squeezed_Đồng Tháp,2016-06-01,11.379127,25.894884,15.4685,53.152863,20.743198,41.064537,18.491081,38.786762,16.772358,32.697807,11.142061,31.667105
squeezed_Đồng Tháp,2016-07-01,15.4685,25.58311,20.743198,27.791893,18.491081,29.744106,16.772358,31.326975,11.142061,23.127165,11.906977,17.681301
squeezed_Đồng Tháp,2016-08-01,20.743198,19.892143,18.491081,22.117315,16.772358,29.634901,11.142061,31.350477,11.906977,28.729656,10.604651,8.211409
squeezed_Đồng Tháp,2016-09-01,18.491081,26.131813,16.772358,29.72894,11.142061,29.569548,11.906977,21.484592,10.604651,11.225549,15.317829,9.656225
squeezed_Đồng Tháp,2016-10-01,16.772358,21.533596,11.142061,15.948648,11.906977,14.120176,10.604651,7.286819,15.317829,1.9903492,11.658915,7.166515
squeezed_Đồng Tháp,2016-11-01,11.142061,15.256818,11.906977,17.691132,10.604651,8.811723,15.317829,7.577529,11.658915,6.30575,11.286821,2.6124632
squeezed_Đồng Tháp,2016-12-01,11.906977,18.230816,10.604651,6.4837556,15.317829,8.769026,11.658915,8.954907,11.286821,4.6575966,21.085272,15.40015
squeezed_Đồng Tháp,2017-01-01,10.604651,8.558044,15.317829,7.918123,11.658915,11.595629,11.286821,12.952995,21.085272,11.339163,25.24031,20.344624
squeezed_Đồng Tháp,2017-02-01,15.317829,12.270243,11.658915,12.05738,11.286821,16.174864,21.085272,21.11544,25.24031,23.276838,29.51938,27.102793
squeezed_Đồng Tháp,2017-03-01,11.658915,17.734966,11.286821,20.074352,21.085272,25.638466,25.24031,31.661118,29.51938,29.78346,23.751938,32.980167
squeezed_Đồng Tháp,2017-04-01,11.286821,16.676607,21.085272,22.08935,25.24031,33.278103,29.51938,34.145226,23.751938,32.164562,19.472868,27.87593
squeezed_Đồng Tháp,2017-05-01,21.085272,17.746159,25.24031,27.237553,29.51938,29.201485,23.751938,28.183233,19.472868,27.89568,11.968992,35.64561
squeezed_Đồng Tháp,2017-06-01,25.24031,26.219927,29.51938,32.936203,23.751938,34.363056,19.472868,32.095703,11.968992,27.56773,10.7286825,25.9819
squeezed_Đồng Tháp,2017-07-01,29.51938,30.259315,23.751938,25.55405,19.472868,28.438238,11.968992,22.906849,10.7286825,21.485502,8.280929,18.704763
squeezed_Đồng Tháp,2017-08-01,23.751938,28.75132,19.472868,23.664074,11.968992,26.675743,10.7286825,23.397884,8.280929,17.257273,4.296121,15.300075
squeezed_Đồng Tháp,2017-09-01,19.472868,23.973793,11.968992,21.293377,10.7286825,20.525892,8.280929,19.731098,4.296121,21.214142,6.5998383,17.564753
squeezed_Đồng Tháp,2017-10-01,11.968992,20.774515,10.7286825,16.331572,8.280929,15.235285,4.296121,17.993748,6.5998383,18.604483,7.4715147,25.019773
squeezed_Đồng Tháp,2017-11-01,10.7286825,11.634457,8.280929,12.195105,4.296121,12.262867,6.5998383,19.396404,7.4715147,23.699697,8.77903,27.608643
squeezed_Đồng Tháp,2017-12-01,8.280929,16.608778,4.296121,10.5636015,6.5998383,18.92141,7.4715147,25.411667,8.77903,24.410967,13.946828,31.67956
