province,date,actual_t+1,pred_t+1,actual_t+2,pred_t+2,actual_t+3,pred_t+3,actual_t+4,pred_t+4,actual_t+5,pred_t+5,actual_t+6,pred_t+6
squeezed_An Giang,2016-01-01,27.91796,30.46269334871622,26.482708,30.046279846157304,25.186352,42.51098691375591,25.603037,32.83644408116436,23.612204,32.281893313015075,27.59387,32.58211030963667
squeezed_An Giang,2016-02-01,26.482708,35.31635849685866,25.186352,42.58935211422491,25.603037,32.98980570699635,23.612204,32.80530179679438,27.59387,33.78255729970311,26.760498,30.931529103212622
squeezed_An Giang,2016-03-01,25.186352,38.097540179867224,25.603037,30.84763225078497,23.612204,29.233747883508286,27.59387,32.23252282940819,26.760498,24.748583356193578,15.695171,25.282901670788043
squeezed_An Giang,2016-04-01,25.603037,27.05485200054076,23.612204,26.587764798254344,27.59387,31.253199657143874,26.760498,24.025687842522448,15.695171,23.65367467149264,16.713737,21.337870176424744
squeezed_An Giang,2016-05-01,23.612204,27.34614723490585,27.59387,27.605296124341425,26.760498,25.702777112612253,15.695171,22.45646209474295,16.713737,25.605972064813372,16.06556,19.8850623416411
squeezed_An Giang,2016-06-01,27.59387,24.391998678588223,26.760498,21.902995141111198,15.695171,22.709531438730036,16.713737,15.89113539122876,16.06556,17.334872633242718,0.46298438,20.371419254331062
squeezed_An Giang,2016-07-01,26.760498,28.193513347536747,15.695171,23.92245960166982,16.713737,21.663835349251737,16.06556,17.882920340047885,0.46298438,18.506006162759412,24.357794,22.028647544248287
squeezed_An Giang,2016-08-01,15.695171,25.331897236684785,16.713737,32.53977457003832,16.06556,23.549767643836464,0.46298438,18.97353340979804,24.357794,21.853224228105635,39.402313,22.697436597312894
squeezed_An Giang,2016-09-01,16.713737,22.68710092726834,16.06556,17.707034707199277,0.46298438,18.76308512498242,24.357794,12.950144424407055,39.402313,20.13791968460562,23.74373,21.02943149305181
squeezed_An Giang,2016-10-01,16.06556,15.720199448682457,0.46298438,17.633741894756454,24.357794,19.38614850185683,39.402313,22.308796645389393,23.74373,23.904463996555176,23.794903,32.332305407754916
squeezed_An Giang,2016-11-01,0.46298438,14.472014757693616,24.357794,18.86647005261209,39.402313,21.141245454025192,23.74373,26.854975092279968,23.794903,25.91457876686019,26.814041,35.178602306141414
squeezed_An Giang,2016-12-01,24.357794,26.021760169731024,39.402313,16.799202204636853,23.74373,19.51787106659584,23.794903,22.82763595967869,26.814041,23.714568262489966,24.050762,33.5568854313846
squeezed_An Giang,2017-01-01,39.402313,25.396700519429434,23.74373,35.7052161139567,23.794903,30.01455415095039,26.814041,42.78521768623597,24.050762,30.510190508287018,54.34449,25.72002607738768
squeezed_An Giang,2017-02-01,23.74373,40.30785394930228,23.794903,42.99521420491388,26.814041,48.69575026583994,24.050762,35.62871601675379,54.34449,36.440858454002374,22.924982,42.0538275952244
squeezed_An Giang,2017-03-01,23.794903,33.156512294447396,26.814041,33.5122721321977,24.050762,29.150601804278644,54.34449,31.747683333469237,22.924982,31.482968487613665,20.11053,25.520655165289163
squeezed_An Giang,2017-04-01,26.814041,41.69105443484524,24.050762,21.499018776258243,54.34449,26.69208665185494,22.924982,35.420261389175664,20.11053,20.77090535191136,21.901545,20.115466267508694
squeezed_An Giang,2017-05-01,24.050762,29.408440783883815,54.34449,26.485986755591263,22.924982,26.583809465374394,20.11053,24.242021825599448,21.901545,21.74795544189914,21.952717,23.65894480612186
squeezed_An Giang,2017-06-01,54.34449,23.23991068256808,22.924982,25.716297370972125,20.11053,20.913731989669206,21.901545,16.4046292912684,21.952717,18.94036807838385,21.18514,34.67691997262423
squeezed_An Giang,2017-07-01,22.924982,44.0350920183508,20.11053,35.74061910539166,21.901545,37.46860957357987,21.952717,34.82296921932239,21.18514,45.325643596000056,23.71828,34.47817230551516
squeezed_An Giang,2017-08-01,20.11053,29.994822999218112,21.901545,28.611093924876137,21.952717,27.906856283854044,21.18514,45.285004054626626,23.71828,29.07219855291338,27.757639,25.49651481674264
squeezed_An Giang,2017-09-01,21.901545,19.590509352099545,21.952717,25.788542605570772,21.18514,52.81489929839381,23.71828,27.51648087512663,27.757639,24.955413804739223,35.11134,28.012502160866795
squeezed_An Giang,2017-10-01,21.952717,25.750149759935457,21.18514,43.448824388437586,23.71828,24.76629404308032,27.757639,24.622065780191665,35.11134,30.221428345147068,25.5826,22.875712094182624
squeezed_An Giang,2017-11-01,21.18514,39.14078325530872,23.71828,29.970300036376052,27.757639,21.817764843320084,35.11134,23.377528137675196,25.5826,25.79562940107264,22.4754,26.52545793064573
squeezed_An Giang,2017-12-01,23.71828,31.673817746005337,27.757639,22.737676268370034,35.11134,20.33946007430844,25.5826,24.233965963149704,22.4754,28.782540434719206,25.737959,27.47181774719506
squeezed_BR Vũng Tàu,2016-01-01,81.59341,88.74224589210745,94.41392,95.73077664225035,84.52381,96.20675320273128,90.750916,91.82938966575445,79.7619,92.52937688156901,91.57509,92.05981889348269
squeezed_BR Vũng Tàu,2016-02-01,94.41392,86.45044989675189,84.52381,94.2201831048614,90.750916,96.17017114143958,79.7619,85.47917181092252,91.57509,91.78512640296579,82.234436,79.51692559742088
squeezed_BR Vũng Tàu,2016-03-01,84.52381,94.75996294949653,90.750916,92.38505227661324,79.7619,97.06190818560755,91.57509,93.78765925688229,82.234436,86.95107105941068,77.38095,80.15181610149422
squeezed_BR Vũng Tàu,2016-04-01,90.750916,87.78381954473488,79.7619,92.16402677420295,91.57509,96.42867019400177,82.234436,79.17678005802706,77.38095,76.71329088699888,72.710625,73.41495790455934
squeezed_BR Vũng Tàu,2016-05-01,79.7619,88.38260316659172,91.57509,99.63184031676867,82.234436,87.43423282353204,77.38095,84.41498493402825,72.710625,75.89344089966278,79.30403,74.45255458298655
squeezed_BR Vũng Tàu,2016-06-01,91.57509,96.44988919253522,82.234436,74.88607621008309,77.38095,79.57795283245856,72.710625,69.0082387590422,79.30403,71.75343630433983,79.30403,67.291912579818
squeezed_BR Vũng Tàu,2016-07-01,82.234436,78.20866700384462,77.38095,82.52975948875769,72.710625,78.66638040939623,79.30403,70.98431440352876,79.30403,75.01467094024927,64.40738,66.5211367570881
squeezed_BR Vũng Tàu,2016-08-01,77.38095,81.68809633760925,72.710625,74.79726639632884,79.30403,72.46253611992137,79.30403,79.31254515966775,64.40738,68.87400565791043,78.601845,69.00003747838235
squeezed_BR Vũng Tàu,2016-09-01,72.710625,77.30276647236565,79.30403,70.98879011719855,79.30403,80.70741417226901,64.40738,63.716973250555284,78.601845,72.17963376549031,77.35983,85.80564375003352
squeezed_BR Vũng Tàu,2016-10-01,79.30403,72.38820822239217,79.30403,73.52801803860825,64.40738,69.16645148830113,78.601845,71.6640633455448,77.35983,86.01289830410991,70.97232,77.20195792948714
squeezed_BR Vũng Tàu,2016-11-01,79.30403,77.82408834471771,64.40738,69.8550321494724,78.601845,79.12510196579072,77.35983,89.99386679089476,70.97232,75.14152213977819,76.0291,75.66158111301252
squeezed_BR Vũng Tàu,2016-12-01,64.40738,68.76512937504253,78.601845,69.48463495883443,77.35983,90.20478869293113,70.97232,81.59811512293702,76.0291,83.07941732436228,67.68985,80.9231283333199
squeezed_BR Vũng Tàu,2017-01-01,78.601845,70.12698311980502,77.35983,90.11332065473573,70.97232,75.63778168843263,76.0291,80.39312496700613,67.68985,69.27453103158098,58.01987,73.83927389434683
squeezed_BR Vũng Tàu,2017-02-01,77.35983,88.15783866408341,70.97232,76.23739106798918,76.0291,84.34958904468417,67.68985,75.53160668781021,58.01987,84.68432936416414,67.778564,75.37122194961425
squeezed_BR Vũng Tàu,2017-03-01,70.97232,80.1154141902891,76.0291,82.21749984639159,67.68985,84.29681820020227,58.01987,89.0249432524114,67.778564,82.26227516973536,60.77005,75.61334100895404
squeezed_BR Vũng Tàu,2017-04-01,76.0291,79.69922858776464,67.68985,83.3722548823148,58.01987,85.35141292566253,67.778564,74.27814926483511,60.77005,71.47114598859042,63.786373,73.14074862109501
squeezed_BR Vũng Tàu,2017-05-01,67.68985,77.58003321888225,58.01987,82.03773663989148,67.778564,70.17089457152562,60.77005,69.12359362611399,63.786373,78.88519729893592,59.084457,61.66957587768735
squeezed_BR Vũng Tàu,2017-06-01,58.01987,71.52754020401777,67.778564,69.44819542125975,60.77005,63.68882338980186,63.786373,61.40570592830679,59.084457,56.33694075275177,60.14904,61.26864299533238
squeezed_BR Vũng Tàu,2017-07-01,67.778564,59.92406495253216,60.77005,64.73601344066071,63.786373,58.06295241674148,59.084457,56.632149270882806,60.14904,54.56199454506949,61.14381,55.30130073457389
squeezed_BR Vũng Tàu,2017-08-01,60.77005,64.30330648239358,63.786373,66.14982736022247,59.084457,58.040891687397036,60.14904,57.65912119749436,61.14381,55.834513544746336,59.913906,59.96944331175889
squeezed_BR Vũng Tàu,2017-09-01,63.786373,59.38535217543592,59.084457,56.84327440587529,60.14904,57.83149620580387,61.14381,49.24169119628287,59.913906,59.467765874529,65.27277,64.84311307249587
squeezed_BR Vũng Tàu,2017-10-01,59.084457,56.91267988380391,60.14904,61.70357544524809,61.14381,58.17872225043583,59.913906,60.91237376598603,65.27277,62.694920732182155,64.30642,67.67622390614518
squeezed_BR Vũng Tàu,2017-11-01,60.14904,60.27868172751398,61.14381,59.93744359502235,59.913906,61.59376353961519,65.27277,64.02071717304936,64.30642,69.49626811054951,61.495213,65.601737915144
squeezed_BR Vũng Tàu,2017-12-01,61.14381,57.64507591058887,59.913906,60.9088180690991,65.27277,66.86433233346145,64.30642,63.2316178758945,61.495213,61.28396265164351,51.568127,65.816046350341
squeezed_Bình Phước,2016-01-01,27.917189,37.60216005384842,27.394396,41.27868677830936,29.694689,43.14790159312894,29.171894,45.032012800054176,27.812632,43.830403083713236,33.77248,44.26216624014215
squeezed_Bình Phước,2016-02-01,27.394396,39.1959661168091,29.694689,31.76778203746435,29.171894,42.64493184633034,27.812632,44.58094538411097,33.77248,41.51603334004493,18.193224,50.24983199335284
squeezed_Bình Phước,2016-03-01,29.694689,36.98719987105346,29.171894,41.449740004679406,27.812632,35.00141679166871,33.77248,41.199612016967905,18.193224,39.50982722677483,19.134253,34.61841745001225
squeezed_Bình Phước,2016-04-01,29.171894,37.03793728215805,27.812632,39.50659901011879,33.77248,36.450270513315694,18.193224,34.63655580441637,19.134253,26.12809534544397,15.892932,29.833729165078516
squeezed_Bình Phước,2016-05-01,27.812632,38.88409814979888,33.77248,41.06773845183833,18.193224,31.10601868573594,19.134253,24.829930374672,15.892932,23.69739385919182,15.683814,22.719512076715418
squeezed_Bình Phước,2016-06-01,33.77248,40.08497330353212,18.193224,34.38764033942827,19.134253,25.99683028003697,15.892932,29.357587193277997,15.683814,26.244802992553915,2.4048514,21.437608311068754
squeezed_Bình Phước,2016-07-01,18.193224,30.23447148480877,19.134253,27.33029311636941,15.892932,29.850445685043745,15.683814,19.529888958995237,2.4048514,24.405812860416887,8.019741,34.128217171363104
squeezed_Bình Phước,2016-08-01,19.134253,23.76500758329109,15.892932,17.037257723755648,15.683814,18.94508457314063,2.4048514,14.581126399222223,8.019741,21.060990548562845,8.945096,24.273134495204776
squeezed_Bình Phước,2016-09-01,15.892932,22.0490174099798,15.683814,16.019793884320116,2.4048514,17.79282592587345,8.019741,15.467259110639342,8.945096,22.492293881457307,21.488792,28.131658862501535
squeezed_Bình Phước,2016-10-01,15.683814,14.718774794024311,2.4048514,14.889786337670232,8.019741,19.57420857290492,8.945096,22.10441672375864,21.488792,28.504230947430894,10.8986225,29.922690564455124
squeezed_Bình Phước,2016-11-01,2.4048514,14.04174478445865,8.019741,18.38988684543309,8.945096,28.168728516972873,21.488792,26.75739900727522,10.8986225,28.7512240178595,11.618342,28.478870925935464
squeezed_Bình Phước,2016-12-01,8.019741,35.6791266018059,8.945096,26.06403507916097,21.488792,22.51520874474573,10.8986225,25.642267384476746,11.618342,26.279273203139073,13.571869,31.00483340710128
squeezed_Bình Phước,2017-01-01,8.945096,15.219899685705492,21.488792,21.575501425566493,10.8986225,38.06828540390244,11.618342,28.791647989137356,13.571869,28.01119902514259,12.852149,38.55732345265671
squeezed_Bình Phước,2017-02-01,21.488792,6.286924894462976,10.8986225,16.049239971174664,11.618342,34.29521908431719,13.571869,28.503820836277374,12.852149,52.476200609578434,8.019741,35.04954661147016
squeezed_Bình Phước,2017-03-01,10.8986225,22.991260638394877,11.618342,27.29867247727909,13.571869,29.648741517921053,12.852149,35.50771350527181,8.019741,41.47695538561113,7.8141065,51.216631736741626
squeezed_Bình Phước,2017-04-01,11.618342,17.263773849253354,13.571869,16.879155326607464,12.852149,20.001547732338384,8.019741,34.89260254041295,7.8141065,47.003460002980404,9.459182,41.275950281959695
squeezed_Bình Phước,2017-05-01,13.571869,10.968128682201234,12.852149,16.253532270318185,8.019741,12.794552517823314,7.8141065,14.71606337222405,9.459182,31.186133715927966,8.8422785,15.773572972340729
squeezed_Bình Phước,2017-06-01,12.852149,10.096338372187926,8.019741,10.995357561800898,7.8141065,19.258244350382203,9.459182,12.14675813593945,8.8422785,12.167182344101919,11.412708,37.0492332294892
squeezed_Bình Phước,2017-07-01,8.019741,10.714679741636488,7.8141065,13.828834383627617,9.459182,11.810256973747252,8.8422785,13.363294148024172,11.412708,45.662487202725046,7.7165194,42.12747748271254
squeezed_Bình Phước,2017-08-01,7.8141065,8.825831672104076,9.459182,7.166008978966368,8.8422785,15.941164882310424,11.412708,47.89327952318657,7.7165194,53.25574261330733,11.27018,45.66661024745186
squeezed_Bình Phước,2017-09-01,9.459182,6.748393521087438,8.8422785,11.586593486880716,11.412708,53.51284329637255,7.7165194,59.26598887361484,11.27018,54.843396856541716,13.910042,44.4670563475469
squeezed_Bình Phước,2017-10-01,8.8422785,10.84666089476722,11.412708,53.740328297007686,7.7165194,64.19311426010692,11.27018,64.68270524667012,13.910042,36.127752370377785,14.620773,47.22714889755584
squeezed_Bình Phước,2017-11-01,11.412708,34.948652490399134,7.7165194,61.957709117039094,11.27018,63.82615333964789,13.910042,29.722082353863126,14.620773,38.023594942930764,10.457914,37.30330063967772
squeezed_Bình Phước,2017-12-01,7.7165194,51.72779186578699,11.27018,63.949317162980826,13.910042,31.489469095855306,14.620773,37.02293436729928,10.457914,36.31478780655631,10.356381,31.38132930562901
squeezed_Bình Thuận,2016-01-01,42.52883,39.87610832082211,47.517788,38.78213776616184,49.15351,42.39911647717415,42.6924,56.7775328663503,60.685368,45.70148402890247,63.38431,42.40459398280004
squeezed_Bình Thuận,2016-02-01,47.517788,38.861190083796224,49.15351,43.91118395360382,42.6924,56.780817060640764,60.685368,46.71353942170119,63.38431,46.20334187781436,53.242825,46.19834991105061
squeezed_Bình Thuận,2016-03-01,49.15351,47.85345959905856,42.6924,59.99252440407236,60.685368,48.44254914818571,63.38431,48.555248360320064,53.242825,46.93292479817223,43.18312,46.059533011882905
squeezed_Bình Thuận,2016-04-01,42.6924,66.95165733640289,60.685368,47.180579850359635,63.38431,47.911267295120304,53.242825,46.88719296844255,43.18312,41.94499522261145,49.64423,40.683898091739145
squeezed_Bình Thuận,2016-05-01,60.685368,44.437221604695324,63.38431,44.31839313334021,53.242825,42.669846032340914,43.18312,40.3977958695846,49.64423,39.56224857445267,57.16856,42.97620758545767
squeezed_Bình Thuận,2016-06-01,63.38431,47.425026404395226,53.242825,46.12528708038279,43.18312,46.56910252063094,49.64423,45.93533072896005,57.16856,45.80283571054986,3.925738,42.01688871632507
squeezed_Bình Thuận,2016-07-01,53.242825,52.51619836704045,43.18312,50.140409248840946,49.64423,49.47534028939846,57.16856,48.9239376377437,3.925738,46.23504587988679,33.10119,44.39329199874975
squeezed_Bình Thuận,2016-08-01,43.18312,48.8655721552591,49.64423,48.881782250727206,57.16856,49.460336783312236,3.925738,48.147744665529494,33.10119,44.487599897685875,33.10119,45.26714709753197
squeezed_Bình Thuận,2016-09-01,49.64423,46.307688721603554,57.16856,45.71501898848049,3.925738,43.96664631451962,33.10119,43.38378255375713,33.10119,40.816987110263966,48.50471,45.131137273443926
squeezed_Bình Thuận,2016-10-01,57.16856,46.472020636656424,3.925738,44.640713177151795,33.10119,44.41014957401431,33.10119,47.03852655565537,48.50471,45.60120278460475,58.910282,47.09175351301657
squeezed_Bình Thuận,2016-11-01,3.925738,47.4845389940166,33.10119,48.658384281680895,33.10119,51.29186707620163,48.50471,54.26425791195944,58.910282,54.61009509414627,52.847195,52.91448790231049
squeezed_Bình Thuận,2016-12-01,33.10119,40.12558040946014,33.10119,26.262809108138736,48.50471,25.640720285676565,58.910282,35.29504390142256,52.847195,39.65482675692048,45.0635,36.120656875102156
squeezed_Bình Thuận,2017-01-01,33.10119,34.20371088390285,48.50471,34.75278704109419,58.910282,34.40565755853841,52.847195,41.92378178075018,45.0635,38.20547794794484,0.0,41.85785581050451
squeezed_Bình Thuận,2017-02-01,48.50471,37.52715636136006,58.910282,38.7816162249017,52.847195,42.64137240567902,45.0635,43.683969477762275,0.0,40.398248181129404,40.557148,41.37419044501827
squeezed_Bình Thuận,2017-03-01,58.910282,46.84783199986263,52.847195,47.70440008351191,45.0635,49.69433056305484,0.0,46.74224560606442,40.557148,44.85909949622343,38.836544,44.37697497759934
squeezed_Bình Thuận,2017-04-01,52.847195,52.42927791626843,45.0635,55.389183443596316,0.0,47.67228631607745,40.557148,50.145491572661655,38.836544,53.641336810861375,34.575993,42.71960046488154
squeezed_Bình Thuận,2017-05-01,45.0635,52.12071027347301,0.0,51.34822135971728,40.557148,50.29217364318143,38.836544,49.28166204623208,34.575993,43.14444221259612,48.42278,44.96593994543182
squeezed_Bình Thuận,2017-06-01,0.0,48.394703417824,40.557148,44.66740566607017,38.836544,48.7906320646992,34.575993,42.613005096740096,48.42278,44.42906649759767,0.0,53.46491403433918
squeezed_Bình Thuận,2017-07-01,40.557148,17.610115052993702,38.836544,19.774217188267315,34.575993,17.051909854177254,48.42278,21.623950865941673,0.0,59.96794319913342,55.650616,26.44278224506471
squeezed_Bình Thuận,2017-08-01,38.836544,32.579326627916195,34.575993,33.444527192879086,48.42278,33.74680195137208,0.0,56.591765234259356,55.650616,30.645568482032665,46.117493,34.34809908501709
squeezed_Bình Thuận,2017-09-01,34.575993,36.81482680610855,48.42278,37.92733394941016,0.0,49.099546461091315,55.650616,33.90661894377327,46.117493,32.11336641966523,43.673103,46.508498382497784
squeezed_Bình Thuận,2017-10-01,48.42278,35.27722367361678,0.0,49.338391882458644,55.650616,29.259844843386436,46.117493,35.5897757825313,43.673103,46.857227890450595,45.465656,37.885558886009534
squeezed_Bình Thuận,2017-11-01,0.0,54.57049997488391,55.650616,39.95996338588998,46.117493,42.11776777526351,43.673103,44.9567719902635,45.465656,42.782101186823255,52.79883,40.53459938691444
squeezed_Bình Thuận,2017-12-01,55.650616,36.424334816264256,46.117493,17.209574911462298,43.673103,17.812784970306236,45.465656,24.467539140627046,52.79883,22.508208202971666,50.598877,28.96249496906406
squeezed_Bình Định,2016-01-01,13.905287,13.597095173034866,16.266562,20.325317281351353,18.82461,21.546894156374858,18.299883,39.28786301293553,19.742884,31.883373280479,18.562246,28.741728077261786
squeezed_Bình Định,2016-02-01,16.266562,14.67048186972016,18.82461,21.28494803472711,18.299883,36.54061318480766,19.742884,32.96736823386765,18.562246,32.186643428145516,17.316017,25.143823090459183
squeezed_Bình Định,2016-03-01,18.82461,21.977391396057246,18.299883,33.695014307581985,19.742884,27.9731834263203,18.562246,28.301834911665708,17.316017,27.435712524902232,18.10311,38.3711211109052
squeezed_Bình Định,2016-04-01,18.299883,34.599009550036406,19.742884,20.023696232670787,18.562246,24.82776398413664,17.316017,21.751211522620466,18.10311,25.484496658691057,18.365473,27.07860062927916
squeezed_Bình Định,2016-05-01,19.742884,21.619401612502106,18.562246,21.080511475240453,17.316017,21.41907131720733,18.10311,26.421440688518157,18.365473,20.190352153476738,19.939657,21.16523962653755
squeezed_Bình Định,2016-06-01,18.562246,21.494364099567946,17.316017,16.288952952167485,18.10311,20.239578637573196,18.365473,20.91597236460721,19.939657,21.699115926237898,1.5085924,23.557538141598574
squeezed_Bình Định,2016-07-01,17.316017,15.669536917967855,18.10311,18.292210402454916,18.365473,23.048490167096993,19.939657,21.840197355536862,1.5085924,19.14568968571415,14.519056,21.937613668223946
squeezed_Bình Định,2016-08-01,18.10311,15.078094232894133,18.365473,16.808401033665476,19.939657,17.199410783313454,1.5085924,20.089803559250672,14.519056,22.73686748620524,11.494253,17.83406096248097
squeezed_Bình Định,2016-09-01,18.365473,15.055249036701145,19.939657,15.14849938922356,1.5085924,14.443617629365521,14.519056,15.632855799758662,11.494253,12.593418764242791,15.863413,20.964946137137996
squeezed_Bình Định,2016-10-01,19.939657,15.874312799943366,1.5085924,16.658653346933576,14.519056,17.796070992560875,11.494253,19.435399785877703,15.863413,18.972395786265757,11.561471,22.612422092591014
squeezed_Bình Định,2016-11-01,1.5085924,15.320172882465773,14.519056,18.086122475638447,11.494253,17.826377099873568,15.863413,20.094848746677897,11.561471,21.229879654938326,14.317403,25.680658793238187
squeezed_Bình Định,2016-12-01,14.519056,31.706452424979034,11.494253,12.398569016322028,15.863413,6.654927601636391,11.561471,12.799770898543475,14.317403,24.43742066379629,15.594542,26.09492155143079
squeezed_Bình Định,2017-01-01,11.494253,18.498765570582428,15.863413,21.645401215311303,11.561471,14.885914851828828,14.317403,25.42981961620379,15.594542,33.00235413145425,13.645225,31.92225184092913
squeezed_Bình Định,2017-02-01,15.863413,13.3212763319248,11.561471,17.099743937413184,14.317403,17.898976318448703,15.594542,30.555467001318316,13.645225,36.75141065388053,18.417692,30.86451959487401
squeezed_Bình Định,2017-03-01,11.561471,15.407338438661421,14.317403,19.685717353982106,15.594542,36.05958624696608,13.645225,32.193023724272464,18.417692,28.495352012720517,12.233649,38.69084416745513
squeezed_Bình Định,2017-04-01,14.317403,18.613273366018227,15.594542,22.70735516705501,13.645225,31.749877974235698,18.417692,22.988619019109816,12.233649,39.41917839184656,11.023728,22.10295334794505
squeezed_Bình Định,2017-05-01,15.594542,21.606472537207857,13.645225,21.001235680046413,18.417692,22.522024017937998,12.233649,30.127585935378438,11.023728,21.337786707350958,11.830342,32.85404123839204
squeezed_Bình Định,2017-06-01,13.645225,22.693679487695356,18.417692,15.292663241975756,12.233649,29.985670132098747,11.023728,24.069264118888146,11.830342,34.703764840853225,9.544935,41.105738240608645
squeezed_Bình Định,2017-07-01,18.417692,12.597739930384286,12.233649,23.08698261400832,11.023728,19.734758722103827,11.830342,31.507445081118913,9.544935,50.32401037362892,9.208227,21.851105538227586
squeezed_Bình Định,2017-08-01,12.233649,17.961458987622024,11.023728,17.898358656336363,11.830342,22.391388890677575,9.544935,48.11077038161456,9.208227,18.251565184843237,10.619707,17.43914337251914
squeezed_Bình Định,2017-09-01,11.023728,11.105689401079985,11.830342,19.841106958404875,9.544935,48.366364661469035,9.208227,21.223938875694788,10.619707,15.114062983879421,15.996774,26.401678132997027
squeezed_Bình Định,2017-10-01,11.830342,14.475191437143732,9.544935,49.041109979998026,9.208227,19.25390999390102,10.619707,19.775615170605676,15.996774,23.498129384389888,11.829547,25.061198104311075
squeezed_Bình Định,2017-11-01,9.544935,34.870738727602884,9.208227,19.251970524147627,10.619707,10.67323274380753,15.996774,20.959812782600675,11.829547,27.056068758073113,12.7033205,26.68690805298799
squeezed_Bình Định,2017-12-01,9.208227,20.917072030145242,10.619707,9.038239424605045,15.996774,15.674274842667357,11.829547,23.848119352960378,12.7033205,24.86488570986893,12.7033205,30.601058222365246
squeezed_Bạc Liêu,2016-01-01,35.88355,34.52345896704856,20.311441,37.25330858244056,21.665539,41.638658494304636,26.292034,41.61847273438383,22.342587,41.32194960735485,22.68111,40.09327811450749
squeezed_Bạc Liêu,2016-02-01,20.311441,43.04347255962138,21.665539,39.92394288990036,26.292034,41.95144889847285,22.342587,42.74478865215261,22.68111,43.94814145004121,23.019634,61.19384768653486
squeezed_Bạc Liêu,2016-03-01,21.665539,29.113314432495056,26.292034,29.163610201739544,22.342587,25.520350371421625,22.68111,36.0121973267091,23.019634,42.25101393893805,14.782216,29.465586902644123
squeezed_Bạc Liêu,2016-04-01,26.292034,25.102950677921694,22.342587,30.305892335110123,22.68111,34.193204248130066,23.019634,33.71557783270904,14.782216,27.769725863033646,13.202437,21.159321585004047
squeezed_Bạc Liêu,2016-05-01,22.342587,30.18095843162848,22.68111,29.481545725145974,23.019634,37.609557943989664,14.782216,23.131106782092758,13.202437,21.020638392023645,14.330851,20.32269937929995
squeezed_Bạc Liêu,2016-06-01,22.68111,25.058884213745173,23.019634,30.749647709681252,14.782216,22.371757861923157,13.202437,15.429359717623145,14.330851,17.68499770712212,14.330851,21.782513685291665
squeezed_Bạc Liêu,2016-07-01,23.019634,23.04215455444093,14.782216,24.706446169911697,13.202437,20.263884452203847,14.330851,17.37149001752496,14.330851,18.658480189610714,25.732428,25.51311219973242
squeezed_Bạc Liêu,2016-08-01,14.782216,21.84462539836766,13.202437,20.753739295427057,14.330851,21.703276558891226,14.330851,18.64840082915035,25.732428,20.965587614015078,11.250975,26.429381459709884
squeezed_Bạc Liêu,2016-09-01,13.202437,21.12568693868788,14.330851,16.829681162321975,14.330851,18.650880654991123,25.732428,19.071325022666183,11.250975,22.403292897465533,11.3623705,36.08428608095013
squeezed_Bạc Liêu,2016-10-01,14.330851,11.568169406031275,14.330851,17.76875224372544,25.732428,17.95377319997869,11.250975,26.409221723146693,11.3623705,34.58161594172849,14.927035,29.068089236653368
squeezed_Bạc Liêu,2016-11-01,14.330851,12.825014319611364,25.732428,20.582471159385793,11.250975,23.221920956722958,11.3623705,38.60228627073895,14.927035,31.166619555768467,13.590286,37.773182228640714
squeezed_Bạc Liêu,2016-12-01,25.732428,29.50113135052049,11.250975,21.83104854578477,11.3623705,35.684876873963546,14.927035,32.08288957856275,13.590286,34.68911364669513,13.256099,35.54276856132976
squeezed_Bạc Liêu,2017-01-01,11.250975,25.088192389861455,11.3623705,43.322734536426346,14.927035,32.72165229553387,13.590286,35.066049423221614,13.256099,34.45763722392626,7.5749135,29.700491326514577
squeezed_Bạc Liêu,2017-02-01,11.3623705,38.00368173246972,14.927035,23.334867507431326,13.590286,32.82350153099352,13.256099,33.0819427289858,7.5749135,30.904701291291364,8.243288,27.18446834767751
squeezed_Bạc Liêu,2017-03-01,14.927035,18.619603553293604,13.590286,21.636114060358832,13.256099,28.980071341095286,7.5749135,30.008940422734263,8.243288,26.50495324588735,9.023059,25.64347052315888
squeezed_Bạc Liêu,2017-04-01,13.590286,20.180362470780985,13.256099,22.68339000980961,7.5749135,26.05180320572035,8.243288,20.324156044442052,9.023059,22.796000632841313,10.248413,20.44903394357559
squeezed_Bạc Liêu,2017-05-01,13.256099,20.284974030427538,7.5749135,19.08742995473653,8.243288,14.901474354474978,9.023059,16.889100872757847,10.248413,17.00417702769573,9.580038,18.70521681699464
squeezed_Bạc Liêu,2017-06-01,7.5749135,12.887888288747245,8.243288,13.904249186091741,9.023059,13.150057364550191,10.248413,15.304331460138808,9.580038,13.941065648571012,14.03587,18.229040823673184
squeezed_Bạc Liêu,2017-07-01,8.243288,9.986114956500753,9.023059,10.349765512224076,10.248413,13.821346410088601,9.580038,11.695532841572659,14.03587,13.450589692604064,15.393134,20.09908726815951
squeezed_Bạc Liêu,2017-08-01,9.023059,9.419085492238745,10.248413,9.152682936558357,9.580038,11.194395228015578,14.03587,11.54354504425252,15.393134,14.3272567892753,12.956811,22.980402965699835
squeezed_Bạc Liêu,2017-09-01,10.248413,8.586558430949147,9.580038,7.835895059336773,14.03587,12.623224554835573,15.393134,15.605317782633545,12.956811,19.928396498964744,13.178294,27.186802478546582
squeezed_Bạc Liêu,2017-10-01,9.580038,10.148307249426427,14.03587,12.766550755632945,15.393134,18.84208241037591,12.956811,28.23049622520726,13.178294,28.25689679466587,14.285714,27.109894636431672
squeezed_Bạc Liêu,2017-11-01,14.03587,9.49355011841541,15.393134,14.221302544164093,12.956811,21.378861843955608,13.178294,28.186855074816734,14.285714,32.62876286716102,15.614618,28.9205369927499
squeezed_Bạc Liêu,2017-12-01,15.393134,25.47823875750888,12.956811,22.19479286292358,13.178294,26.556356084871272,14.285714,27.489905020923768,15.614618,34.09285737125576,13.067553,32.78204014676702
squeezed_Bắc Giang,2016-01-01,19.425676,19.66172116958874,27.630308,40.051052000803935,26.30309,32.580738968307934,20.209942,33.49383814398279,22.62307,43.88278279823832,20.149614,46.96374356369308
squeezed_Bắc Giang,2016-02-01,27.630308,33.56061444783502,26.30309,37.19206445177529,20.209942,36.30372349320522,22.62307,38.39952345883672,20.149614,54.727779038301,23.527992,51.87947917182957
squeezed_Bắc Giang,2016-03-01,26.30309,38.14180564833256,20.209942,34.420351464849496,22.62307,39.84740264172615,20.149614,46.15083088516609,23.527992,31.620214549650253,25.337837,30.525130420425835
squeezed_Bắc Giang,2016-04-01,20.209942,27.44716740327642,22.62307,33.74530459022428,20.149614,31.35402226672588,23.527992,23.450741907022437,25.337837,20.32809116189945,27.449324,22.68315715471866
squeezed_Bắc Giang,2016-05-01,22.62307,35.15719462105851,20.149614,19.59268269885237,23.527992,19.78478757052433,25.337837,20.469086562619985,27.449324,18.814003444371743,26.544401,21.369140746090654
squeezed_Bắc Giang,2016-06-01,20.149614,21.982589757325897,23.527992,24.05523072463185,25.337837,20.44155569354372,27.449324,18.24217615481621,26.544401,19.45336782335687,8.506274,21.946478648810338
squeezed_Bắc Giang,2016-07-01,23.527992,18.93536635576532,25.337837,17.85782546748207,27.449324,18.55271161791041,26.544401,18.310404344193884,8.506274,16.115398157897722,21.130816,21.585612852400786
squeezed_Bắc Giang,2016-08-01,25.337837,19.641867420096016,27.449324,21.844198944186434,26.544401,20.438025037550315,8.506274,17.63596721386848,21.130816,17.63288821836882,19.173193,24.412329299426208
squeezed_Bắc Giang,2016-09-01,27.449324,22.529929605458037,26.544401,22.550513575361,8.506274,21.96406975018117,21.130816,22.310751042535816,19.173193,24.611704888962183,23.779364,22.29854872798197
squeezed_Bắc Giang,2016-10-01,26.544401,29.033679200727025,8.506274,23.36605373988268,21.130816,26.71011423939134,19.173193,20.303906221472015,23.779364,29.782792984864436,33.97052,29.08521174751333
squeezed_Bắc Giang,2016-11-01,8.506274,20.30511792810873,21.130816,27.887171127881544,19.173193,19.594575065702536,23.779364,31.47057858222685,33.97052,29.092605038766166,23.549055,30.246401154826675
squeezed_Bắc Giang,2016-12-01,21.130816,28.067964892201132,19.173193,7.2083142934307585,23.779364,4.729769384786408,33.97052,16.78048327589714,23.549055,18.64603979963952,21.994473,25.914013448743308
squeezed_Bắc Giang,2017-01-01,19.173193,17.039466260641603,23.779364,15.28034504118718,33.97052,15.109072393950004,23.549055,21.714546810779467,21.994473,25.35170928531069,26.31276,19.12572645722424
squeezed_Bắc Giang,2017-02-01,23.779364,22.69923867970322,33.97052,22.51954647830125,23.549055,25.67579704858504,21.994473,33.07291602827096,26.31276,33.24189879508599,24.815754,27.75572713400519
squeezed_Bắc Giang,2017-03-01,33.97052,23.927792285441782,23.549055,26.35660375324861,21.994473,29.212308755888422,26.31276,26.74372633177894,24.815754,28.025238045723082,25.90972,28.79682147476006
squeezed_Bắc Giang,2017-04-01,23.549055,34.794440686472704,21.994473,37.734616172527495,26.31276,33.70698146854287,24.815754,26.25281527035295,25.90972,28.177637161096015,27.752188,29.109821865930446
squeezed_Bắc Giang,2017-05-01,21.994473,30.580083739993476,26.31276,28.118013016046287,24.815754,22.708685155562744,25.90972,20.037828018135365,27.752188,21.883910287220733,28.155228,26.273984467286933
squeezed_Bắc Giang,2017-06-01,26.31276,21.888097399562433,24.815754,21.42004288316163,25.90972,20.84698162220133,27.752188,17.886085825172973,28.155228,21.47684388403579,30.57347,41.23473128727478
squeezed_Bắc Giang,2017-07-01,24.815754,21.78790252598182,25.90972,23.095803402769388,27.752188,21.213187229159576,28.155228,20.476307727651147,30.57347,45.57576489914769,24.697609,27.267960693221713
squeezed_Bắc Giang,2017-08-01,25.90972,20.79678190459558,27.752188,22.951849305495394,28.155228,26.040126837845865,30.57347,48.86672110965741,24.697609,24.503953502723242,20.534458,27.310270128743504
squeezed_Bắc Giang,2017-09-01,27.752188,22.290586532513426,28.155228,25.077621704987834,30.57347,52.870028758971706,24.697609,26.870971930579643,20.534458,26.69604793057369,18.734177,33.369011208226254
squeezed_Bắc Giang,2017-10-01,28.155228,29.310903036264524,30.57347,42.09205277628896,24.697609,28.43258644078038,20.534458,32.86479908172904,18.734177,33.71371034664146,17.215189,31.68803531555851
squeezed_Bắc Giang,2017-11-01,30.57347,41.930696223847484,24.697609,27.402699024228905,20.534458,34.37964127046892,18.734177,33.6406243644911,17.215189,35.77361250208588,19.409283,34.245491319365875
squeezed_Bắc Giang,2017-12-01,24.697609,28.262438881245433,20.534458,34.04369706355191,18.734177,37.92245401499122,17.215189,39.08617403952216,19.409283,39.945434416081774,18.396624,38.5057546935137
squeezed_Bắc Kạn,2016-01-01,34.482758,57.896046092392375,50.47022,76.92701368659337,55.485893,71.11477031184931,51.09718,75.30858923827768,51.09718,78.43463568611598,35.4232,73.03952164282751
squeezed_Bắc Kạn,2016-02-01,50.47022,64.43296490159025,55.485893,62.46899477827709,51.09718,77.46344300549835,51.09718,61.144174224065985,35.4232,82.9225957799026,26.332289,72.60586436603096
squeezed_Bắc Kạn,2016-03-01,55.485893,58.77016751798157,51.09718,62.53081151492313,51.09718,77.68386829528531,35.4232,71.45257169428243,26.332289,62.97653328359015,27.899687,60.702119119835636
squeezed_Bắc Kạn,2016-04-01,51.09718,58.726673899604755,51.09718,54.505107343969996,35.4232,57.248139465768396,26.332289,49.077349277485915,27.899687,50.3585529605423,37.304073,58.73609704056749
squeezed_Bắc Kạn,2016-05-01,51.09718,57.70043261601919,35.4232,51.75013788069786,26.332289,43.26452857662514,27.899687,50.65822292728816,37.304073,42.37352986722544,42.63323,45.22645513738437
squeezed_Bắc Kạn,2016-06-01,35.4232,53.47291613561193,26.332289,51.08803239608049,27.899687,50.38396155564998,37.304073,43.05554984950602,42.63323,45.12516730157276,38.557995,45.743981107754415
squeezed_Bắc Kạn,2016-07-01,26.332289,39.96959175565499,27.899687,51.5993403737567,37.304073,49.45337298723576,42.63323,38.12623235372233,38.557995,38.518959586647355,38.076797,44.79766839141851
squeezed_Bắc Kạn,2016-08-01,27.899687,31.193804484500046,37.304073,40.25710496773101,42.63323,31.20397931445639,38.557995,33.98429851052348,38.076797,38.80292689603563,42.91707,37.64582758266333
squeezed_Bắc Kạn,2016-09-01,37.304073,39.377902135740726,42.63323,27.507750263936217,38.557995,29.800860313062735,38.076797,33.76573348964581,42.91707,28.612241225585585,46.466602,35.201627032623264
squeezed_Bắc Kạn,2016-10-01,42.63323,33.55827757149046,38.557995,34.23709609081701,38.076797,39.76616905009022,42.91707,43.5724281484708,46.466602,40.364918641162014,34.204582,48.176609688874244
squeezed_Bắc Kạn,2016-11-01,38.557995,39.471153333359005,38.076797,45.900386011397245,42.91707,43.608915691056794,46.466602,47.30987418812196,34.204582,40.035386147385154,41.303646,63.35022204975732
squeezed_Bắc Kạn,2016-12-01,38.076797,43.02247615974102,42.91707,49.03894363184221,46.466602,36.212269644245175,34.204582,37.16554181911745,41.303646,41.39268552237432,36.78606,63.59214770196394
squeezed_Bắc Kạn,2017-01-01,42.91707,44.609945361882595,46.466602,37.295158098691665,34.204582,42.962690352157296,41.303646,41.826037682625675,36.78606,54.43833823120149,49.370766,55.59711102813099
squeezed_Bắc Kạn,2017-02-01,46.466602,44.245286256555836,34.204582,57.145968426032844,41.303646,52.15965686507334,36.78606,57.30810962685782,49.370766,70.25760822412383,50.984188,54.60339227752368
squeezed_Bắc Kạn,2017-03-01,34.204582,51.11857199746347,41.303646,52.036648910251984,36.78606,57.39977453398323,49.370766,57.434897271929586,50.984188,51.66014085686075,42.594387,43.055644549906425
squeezed_Bắc Kạn,2017-04-01,41.303646,46.32364110118817,36.78606,42.220924391674444,49.370766,56.875423687122364,50.984188,36.987127525063265,42.594387,44.93420907764386,47.111973,37.797422055171346
squeezed_Bắc Kạn,2017-05-01,36.78606,42.48331742082855,49.370766,42.830723560612576,50.984188,53.977165045595584,42.594387,51.40697528092736,47.111973,34.37786775879302,57.43788,37.14899044644506
squeezed_Bắc Kạn,2017-06-01,49.370766,41.602635007331614,50.984188,34.98577567582249,42.594387,58.84330742449294,47.111973,32.45621646218879,57.43788,33.2089402132576,0.0,40.456309477213296
squeezed_Bắc Kạn,2017-07-01,50.984188,47.852547770024884,42.594387,47.51762141546996,47.111973,40.89686973812011,57.43788,34.902112375066885,0.0,44.44619340274014,34.294872,38.74107110550204
squeezed_Bắc Kạn,2017-08-01,42.594387,48.08543849819403,47.111973,45.20779802763643,57.43788,48.521504974247335,0.0,44.66331770208174,34.294872,39.43368012572002,25.320513,39.3714760007077
squeezed_Bắc Kạn,2017-09-01,47.111973,39.17676453292611,57.43788,41.48897892873355,0.0,40.53197984339525,34.294872,36.979019402339645,25.320513,42.03963125940313,50.0,47.91703885695028
squeezed_Bắc Kạn,2017-10-01,57.43788,45.69982871359539,0.0,51.87665608798493,34.294872,44.86654817848625,25.320513,51.211012644687266,50.0,45.74870150989381,38.141026,53.56235054954407
squeezed_Bắc Kạn,2017-11-01,0.0,66.88474733101444,34.294872,44.934099487310114,25.320513,53.844556465290424,50.0,59.87946038094646,38.141026,79.13447673030646,45.192307,66.80981127990856
squeezed_Bắc Kạn,2017-12-01,34.294872,44.71844322843673,25.320513,39.41600896349892,50.0,22.10039331625879,38.141026,34.47333970872824,45.192307,36.42365824633041,32.371796,56.60504673148065
squeezed_Cao Bằng,2016-01-01,119.2903,139.3734213509892,140.05286,162.54199513228536,140.6191,163.19240832744208,166.10042,158.8310684190856,152.69913,184.68643087637784,174.40544,169.9110389066771
squeezed_Cao Bằng,2016-02-01,140.05286,159.7996319810391,140.6191,160.25969736624617,166.10042,164.7280991556087,152.69913,170.6000416903466,174.40544,188.7523426487734,158.36165,164.0568078974838
squeezed_Cao Bằng,2016-03-01,140.6191,150.92840001353787,166.10042,161.64048216893826,152.69913,173.51865937654787,174.40544,167.1321450516358,158.36165,196.87802966959566,156.28539,178.08223702862676
squeezed_Cao Bằng,2016-04-01,166.10042,148.11347569302652,152.69913,164.63623154693622,174.40544,154.01013895984545,158.36165,174.86039350307365,156.28539,156.71668295880883,175.53793,139.25665552652498
squeezed_Cao Bằng,2016-05-01,152.69913,157.58516692695315,174.40544,172.86844736226845,158.36165,173.17030387116455,156.28539,173.71787938157235,175.53793,138.4051682703629,167.98792,142.5150458707307
squeezed_Cao Bằng,2016-06-01,174.40544,178.2595506692094,158.36165,153.81033007201842,156.28539,157.68800773996816,175.53793,142.84630757411367,167.98792,138.56006340761897,163.26917,137.38766297217074
squeezed_Cao Bằng,2016-07-01,158.36165,157.74600539622793,156.28539,155.448962853208,175.53793,143.35943168233254,167.98792,143.24390118326045,163.26917,140.6182500898437,139.43768,130.43995352015875
squeezed_Cao Bằng,2016-08-01,156.28539,155.11733358727156,175.53793,150.03735332663422,167.98792,146.0972691095543,163.26917,140.46864224450718,139.43768,134.41082779546468,144.18694,122.44361417653145
squeezed_Cao Bằng,2016-09-01,175.53793,144.91288979503514,167.98792,138.1120188069803,163.26917,147.0485065788372,139.43768,122.17382669088936,144.18694,121.78335342625542,149.12614,112.44705643684468
squeezed_Cao Bằng,2016-10-01,167.98792,146.22770158821336,163.26917,147.42903730598974,139.43768,133.16820928138597,144.18694,134.96291348962458,149.12614,134.0900423059222,152.5456,144.04406212101657
squeezed_Cao Bằng,2016-11-01,163.26917,151.1546719325004,139.43768,143.97227636904717,144.18694,124.32128132670621,149.12614,141.93889755494726,152.5456,152.1754409228265,0.0,167.82158310141668
squeezed_Cao Bằng,2016-12-01,139.43768,144.22436907754434,144.18694,131.71681792039433,149.12614,127.91445558462014,152.5456,150.31861651945522,0.0,167.3233734794037,143.99696,178.64170928913015
squeezed_Cao Bằng,2017-01-01,144.18694,149.03544311748624,149.12614,143.13052406233328,152.5456,154.88626202571947,0.0,170.6566668709031,143.99696,180.17981882527906,130.12918,170.75186215304066
squeezed_Cao Bằng,2017-02-01,149.12614,143.0695900427048,152.5456,149.9571240339204,0.0,172.78991957148043,143.99696,173.51178924743644,130.12918,182.01116894482755,147.79636,167.15065938068105
squeezed_Cao Bằng,2017-03-01,152.5456,145.0501872656496,0.0,165.8257321090049,143.99696,164.46333571812238,130.12918,152.04028606649644,147.79636,168.01340389914859,125.56991,156.42123973170672
squeezed_Cao Bằng,2017-04-01,0.0,154.39191666905936,143.99696,160.45948645017,130.12918,153.69151450778583,147.79636,157.14144251940564,125.56991,151.13641105001886,0.0,146.14183591798948
squeezed_Cao Bằng,2017-05-01,143.99696,68.71821715350775,130.12918,66.45687551254412,147.79636,59.00241044388117,125.56991,51.000313078175616,0.0,38.08223344689109,111.13222,52.98258645963077
squeezed_Cao Bằng,2017-06-01,130.12918,143.628118092139,147.79636,127.81321239735787,125.56991,110.30066573231593,0.0,97.66923798562594,111.13222,106.40731444969654,100.87386,106.41088576161751
squeezed_Cao Bằng,2017-07-01,147.79636,135.6005572632934,125.56991,126.8954508295744,0.0,103.76958882688085,111.13222,112.65589602191662,100.87386,108.84857108909019,105.54189,106.66176055140811
squeezed_Cao Bằng,2017-08-01,125.56991,133.78036857231461,0.0,117.58427915383561,111.13222,112.42012174526504,100.87386,110.1255332734458,105.54189,108.95137228482311,91.356155,106.31267688756304
squeezed_Cao Bằng,2017-09-01,0.0,124.70359925809761,111.13222,116.84634013492969,100.87386,110.93459625251093,105.54189,103.41136890756256,91.356155,126.74401248813055,0.0,117.62848749380557
squeezed_Cao Bằng,2017-10-01,111.13222,58.16831863117186,100.87386,54.724921207954466,105.54189,47.12555105157144,91.356155,40.543561539153224,0.0,27.350376501600493,99.48931,50.17476449425537
squeezed_Cao Bằng,2017-11-01,100.87386,108.01975350800187,105.54189,95.32194480434133,91.356155,91.08301689992594,0.0,97.8834161121504,99.48931,130.8207354248169,110.27048,118.63332274830871
squeezed_Cao Bằng,2017-12-01,105.54189,94.40688312162649,91.356155,104.82337481522836,0.0,108.39216813645068,99.48931,118.50992530082378,110.27048,146.388821429437,102.13732,126.26650763663575
squeezed_Cà Mau,2016-01-01,30.426958,27.792581608660228,32.14461,35.70805777705301,25.437592,43.95754036046481,27.809586,33.884291771365966,20.938982,55.737291236672654,29.03648,36.129537816259116
squeezed_Cà Mau,2016-02-01,32.14461,33.405222040560865,25.437592,36.12244804880078,27.809586,48.64537477269275,20.938982,48.76181702796226,29.03648,38.44342394784459,30.672338,33.3063916283916
squeezed_Cà Mau,2016-03-01,25.437592,37.11292519691799,27.809586,36.88279719140986,20.938982,55.030042810434026,29.03648,37.062474512108714,30.672338,29.019352019684998,28.954687,31.440480274745774
squeezed_Cà Mau,2016-04-01,27.809586,29.508754745068753,20.938982,34.66536406552865,29.03648,42.83909709956292,30.672338,28.889848563500085,28.954687,26.240934263506002,26.828072,21.32057551407985
squeezed_Cà Mau,2016-05-01,20.938982,41.39669410090134,29.03648,42.055115679470035,30.672338,26.213291302832243,28.954687,27.233588329000547,26.828072,24.29368545853902,25.274006,21.133568163562032
squeezed_Cà Mau,2016-06-01,29.03648,41.02147114348097,30.672338,21.29739805707218,28.954687,18.933265307839307,26.828072,17.382434333461653,25.274006,18.115900625387827,25.274006,22.051836186411695
squeezed_Cà Mau,2016-07-01,30.672338,29.031138034328585,28.954687,25.6092994912723,26.828072,24.875532632298192,25.274006,21.433857182983296,25.274006,20.879654507666334,18.629908,25.670595078084837
squeezed_Cà Mau,2016-08-01,28.954687,30.75221952633163,26.828072,29.338045358956204,25.274006,28.608821629840136,25.274006,24.33373462833369,18.629908,23.838221214543882,15.121136,28.758258783913462
squeezed_Cà Mau,2016-09-01,26.828072,37.85708752245231,25.274006,25.820293047154813,25.274006,28.4897156752162,18.629908,22.56188080587076,15.121136,26.606700517064386,19.632414,32.62452783528399
squeezed_Cà Mau,2016-10-01,25.274006,28.536456639745435,25.274006,27.407419125618425,18.629908,27.873488433699045,15.121136,28.57959633112245,19.632414,31.848492702974866,8.688388,28.715318727436077
squeezed_Cà Mau,2016-11-01,25.274006,21.26109589054124,18.629908,23.37116076578203,15.121136,25.784605421975442,19.632414,29.81917427137528,8.688388,35.77832775101329,13.533834,37.5304760304577
squeezed_Cà Mau,2016-12-01,18.629908,32.99997589721085,15.121136,23.681107242445687,19.632414,30.72804945768299,8.688388,33.252784069195116,13.533834,36.42516157381497,22.13868,35.73365278904689
squeezed_Cà Mau,2017-01-01,15.121136,21.66935416362531,19.632414,24.170223550590272,8.688388,30.705303903390785,13.533834,28.30731119213292,22.13868,36.964753916050825,19.13116,29.427665016669184
squeezed_Cà Mau,2017-02-01,19.632414,21.626054697774194,8.688388,23.04311361778179,13.533834,24.481383884095152,22.13868,31.026886987681024,19.13116,31.446157948686924,17.794487,27.60336857921424
squeezed_Cà Mau,2017-03-01,8.688388,22.099601410559888,13.533834,20.345347420405503,22.13868,27.055332854288753,19.13116,32.954990000748424,17.794487,23.564484685418943,22.723475,26.494092090474208
squeezed_Cà Mau,2017-04-01,13.533834,13.538255431282415,22.13868,20.873069192243737,19.13116,21.71001673472687,17.794487,18.98124190889089,22.723475,18.953810722621856,17.710943,20.68437581667589
squeezed_Cà Mau,2017-05-01,22.13868,15.377520275883173,19.13116,25.80934181093582,17.794487,18.137050450381043,22.723475,17.806262780506195,17.710943,16.282475351401274,18.546366,19.473915805688662
squeezed_Cà Mau,2017-06-01,19.13116,18.230179851356706,17.794487,20.693255917120947,22.723475,18.36333813646989,17.710943,13.696006741501455,18.546366,16.054835924541248,20.802006,18.591624100325912
squeezed_Cà Mau,2017-07-01,17.794487,17.36561972521607,22.723475,14.981532603995504,17.710943,16.871690514317496,18.546366,15.50608038135068,20.802006,14.48340155764925,18.819002,21.169070047015463
squeezed_Cà Mau,2017-08-01,22.723475,17.185004981686056,17.710943,15.658834524492525,18.546366,15.006024185222309,20.802006,14.109062101586954,18.819002,19.050527872902,17.313482,21.704163624256793
squeezed_Cà Mau,2017-09-01,17.710943,19.34440268484984,18.546366,20.709553279856973,20.802006,18.95499517044491,18.819002,16.388702003274336,17.313482,22.212142875966904,17.313482,25.053738867605816
squeezed_Cà Mau,2017-10-01,18.546366,17.023021944428404,20.802006,15.93198086298069,18.819002,21.53893878669164,17.313482,29.113857031830886,17.313482,27.433152637476304,14.971562,44.902852281254994
squeezed_Cà Mau,2017-11-01,20.802006,17.83703732735915,18.819002,17.05015028758045,17.313482,24.134595275401384,17.313482,27.493775686264488,14.971562,60.63955085366889,18.400803,36.610050364461046
squeezed_Cà Mau,2017-12-01,18.819002,30.36064762160598,17.313482,21.63515880675873,17.313482,29.717351764310617,14.971562,66.48208124886965,18.400803,41.49581502643102,15.807962,35.60410697931312
squeezed_Cần Thơ,2016-01-01,11.368154,24.517600199899224,5.087845,30.46140545504,3.736386,30.14132695594401,4.292869,42.09052926406959,7.154782,41.152262018769996,7.7112646,37.99914444174023
squeezed_Cần Thơ,2016-02-01,5.087845,18.798181851862505,3.736386,22.073224667789596,4.292869,29.900072560725476,7.154782,35.137526608701606,7.7112646,32.00082002411798,5.087845,35.288712440907396
squeezed_Cần Thơ,2016-03-01,3.736386,13.307106335217489,4.292869,18.779065925824586,7.154782,21.10250301181252,7.7112646,29.349079245996695,5.087845,32.05710735538775,5.803323,29.491975703536006
squeezed_Cần Thơ,2016-04-01,4.292869,14.89033721569663,7.154782,20.09610641492967,7.7112646,22.293092113845,5.087845,24.25782712906111,5.803323,23.788310736493077,6.121313,18.261943330555447
squeezed_Cần Thơ,2016-05-01,7.154782,15.972696189925697,7.7112646,12.85264117843262,5.087845,16.28463908804129,5.803323,15.175037670415605,6.121313,12.526436935524014,2.4644248,17.855697522710685
squeezed_Cần Thơ,2016-06-01,7.7112646,10.997842651815175,5.087845,12.292882860816988,5.803323,13.371871814990783,6.121313,10.422573263614712,2.4644248,14.527396012533668,2.4644248,23.36514476957235
squeezed_Cần Thơ,2016-07-01,5.087845,10.4827544849821,5.803323,10.155593784635816,6.121313,11.67631827615901,2.4644248,11.363415488874837,2.4644248,13.959874285805347,53.337696,57.12850529185797
squeezed_Cần Thơ,2016-08-01,5.803323,6.579726703420962,6.121313,5.497232399916454,2.4644248,8.666582356517571,2.4644248,13.14211469226387,53.337696,46.208603152077956,50.310863,37.998130329725804
squeezed_Cần Thơ,2016-09-01,6.121313,5.013937447784126,2.4644248,6.5488974540272755,2.4644248,12.242009519715586,53.337696,46.24878935776237,50.310863,24.877064150651556,51.537956,61.5433969748694
squeezed_Cần Thơ,2016-10-01,2.4644248,6.373634440544689,2.4644248,10.043178791534707,53.337696,49.74862609841962,50.310863,34.93881994900755,51.537956,60.84533382306219,56.77356,64.38977709520913
squeezed_Cần Thơ,2016-11-01,2.4644248,4.057603967237626,53.337696,52.42654877949879,50.310863,32.93477539914658,51.537956,72.4289817965314,56.77356,66.54950913857841,52.274216,74.83638284058809
squeezed_Cần Thơ,2016-12-01,53.337696,60.752200261226484,50.310863,24.1419918425811,51.537956,68.11614548695523,56.77356,85.03007380562293,52.274216,75.23719851196128,54.07395,87.85912972870535
squeezed_Cần Thơ,2017-01-01,50.310863,47.54778867750545,51.537956,63.795369394416866,56.77356,73.48688381393893,52.274216,76.31261527049682,54.07395,80.65614475852455,57.837044,83.78714793934317
squeezed_Cần Thơ,2017-02-01,51.537956,64.90826024036504,56.77356,63.24589242331745,52.274216,73.43302449785133,54.07395,70.57944284104144,57.837044,85.73664464756375,53.828533,81.6118325201589
squeezed_Cần Thơ,2017-03-01,56.77356,65.71717227904394,52.274216,56.4500360565861,54.07395,67.26756622440901,57.837044,68.7797693074232,53.828533,73.87696301400857,41.884815,82.22431382948176
squeezed_Cần Thơ,2017-04-01,52.274216,56.697459863075494,54.07395,65.47955570020017,57.837044,65.12591073627667,53.828533,60.34130744124982,41.884815,65.57954429966642,52.028797,59.70301523561488
squeezed_Cần Thơ,2017-05-01,54.07395,60.36477584411771,57.837044,60.564445118960954,53.828533,51.32691750191607,41.884815,53.70219284984397,52.028797,57.20353818861364,43.35733,50.99359051314556
squeezed_Cần Thơ,2017-06-01,57.837044,53.45204297866345,53.828533,52.5820087667778,41.884815,56.73774273340724,52.028797,51.55452596083038,43.35733,58.98509436314221,50.474476,55.374182827224274
squeezed_Cần Thơ,2017-07-01,53.828533,66.31670019711287,41.884815,54.196318995280954,52.028797,49.97820210066593,43.35733,54.05468966675392,50.474476,54.962211507255304,6.8420625,46.60317646958253
squeezed_Cần Thơ,2017-08-01,41.884815,51.03896847283396,52.028797,49.52079033748263,43.35733,53.52009766643259,50.474476,51.314045882395355,6.8420625,44.9345380227607,2.036328,46.81452529322674
squeezed_Cần Thơ,2017-09-01,52.028797,45.62545134778865,43.35733,50.77502465260475,50.474476,47.67904531720364,6.8420625,38.83958756365146,2.036328,42.94439974031332,5.701719,46.76253712623331
squeezed_Cần Thơ,2017-10-01,43.35733,56.160938058773844,50.474476,51.41067849180377,6.8420625,45.96636067582778,2.036328,53.47654753625455,5.701719,45.4717596394237,7.493687,47.54215231221798
squeezed_Cần Thơ,2017-11-01,50.474476,54.74501052266844,6.8420625,45.85738310732909,2.036328,49.6230603185257,5.701719,44.3661421341417,7.493687,44.265437621317105,5.5388126,46.258042240322986
squeezed_Cần Thơ,2017-12-01,6.8420625,41.726910224625044,2.036328,52.76659813266063,5.701719,43.96316125117241,7.493687,47.24222043718188,5.5388126,46.86984435248217,6.3533435,49.46014402719698
squeezed_Gia Lai,2016-01-01,47.696323,47.89725307876929,49.0369,52.56364771093824,51.294716,52.87878797866537,56.374798,56.97132695095501,65.970505,50.225728296356884,56.93925,55.67114596842991
squeezed_Gia Lai,2016-02-01,49.0369,59.09309646498988,51.294716,49.67773524988767,56.374798,48.587301647537636,65.970505,46.48852575763192,56.93925,50.67040040817671,58.773724,57.85552827732443
squeezed_Gia Lai,2016-03-01,51.294716,52.07101730155739,56.374798,52.99864822330372,65.970505,56.5649873790813,56.93925,53.536815118944325,58.773724,53.02236339734958,46.214634,49.81329826306965
squeezed_Gia Lai,2016-04-01,56.374798,47.09517899119925,65.970505,54.95612714627932,56.93925,58.04345261661611,58.773724,51.60645458694005,46.214634,46.69594530472467,44.521275,48.612340797989404
squeezed_Gia Lai,2016-05-01,65.970505,57.90089431896283,56.93925,53.923391562786755,58.773724,54.51034117205888,46.214634,48.55310347300588,44.521275,47.33089373967475,52.000282,43.325210780773325
squeezed_Gia Lai,2016-06-01,56.93925,58.33087154361581,58.773724,54.40278986388683,46.214634,51.525137819519784,44.521275,49.69293522194355,52.000282,47.09059392658668,7.126226,49.54675883170761
squeezed_Gia Lai,2016-07-01,58.773724,55.375367241011354,46.214634,51.54540331375997,44.521275,51.157612461486636,52.000282,49.11708901849763,7.126226,48.045988378382596,30.63517,47.06645409488222
squeezed_Gia Lai,2016-08-01,46.214634,55.22606220007274,44.521275,52.88950412560254,52.000282,49.67694956949996,7.126226,47.20206292406614,30.63517,48.782622367279046,41.05113,51.148334945027145
squeezed_Gia Lai,2016-09-01,44.521275,48.209433501844835,52.000282,42.754009175459714,7.126226,48.057051602640755,30.63517,30.53391027733136,41.05113,40.92107012508961,63.38076,51.14058972772194
squeezed_Gia Lai,2016-10-01,52.000282,43.693358363794054,7.126226,43.27594040917464,30.63517,43.99690301565228,41.05113,39.40093197695998,63.38076,49.703645172905624,59.500305,50.13964088631866
squeezed_Gia Lai,2016-11-01,7.126226,47.189642928124364,30.63517,47.68448400142263,41.05113,42.43794044903213,63.38076,52.56112202842982,59.500305,53.16017678171007,68.21431,51.79595307327182
squeezed_Gia Lai,2016-12-01,30.63517,41.414375721382314,41.05113,27.44861305253093,63.38076,32.45926781214446,59.500305,43.36532521658245,68.21431,39.089535020034575,0.0,40.88969360499467
squeezed_Gia Lai,2017-01-01,41.05113,32.93348277269894,63.38076,36.483446356051004,59.500305,43.54721863916006,68.21431,39.91815475259812,0.0,38.26155887285208,59.023758,44.96947714491318
squeezed_Gia Lai,2017-02-01,63.38076,39.09938469213333,59.500305,45.1816765228483,68.21431,42.597001927395205,0.0,46.327611853688275,59.023758,45.43045405128608,4.2208457,44.93449444422736
squeezed_Gia Lai,2017-03-01,59.500305,53.77698077674839,68.21431,50.02173099611312,0.0,57.221571541515665,59.023758,54.12606514456704,4.2208457,52.70331205675457,4.901627,48.52887490717857
squeezed_Gia Lai,2017-04-01,68.21431,47.14259631279005,0.0,57.72546696195123,59.023758,54.74467985539882,4.2208457,51.28906359272693,4.901627,49.29190872170644,17.155695,44.829945144473896
squeezed_Gia Lai,2017-05-01,0.0,63.97791795888872,59.023758,61.75717580870242,4.2208457,53.63157202892622,4.901627,49.04671385029557,17.155695,48.30131788160518,28.728981,46.237452027575095
squeezed_Gia Lai,2017-06-01,59.023758,32.66883887062899,4.2208457,17.820244172247776,4.901627,15.766788672592115,17.155695,22.893499046089584,28.728981,24.711182606224288,31.72442,43.039021028551694
squeezed_Gia Lai,2017-07-01,4.2208457,46.091192883575545,4.901627,40.19508186990894,17.155695,39.66895630793608,28.728981,39.112853262840915,31.72442,48.43538863078725,43.391056,33.907088996042404
squeezed_Gia Lai,2017-08-01,4.901627,21.47366309976121,17.155695,13.75633601537607,28.728981,21.913515108856714,31.72442,55.16964788388838,43.391056,29.20168933259662,44.995655,27.466071336846458
squeezed_Gia Lai,2017-09-01,17.155695,8.687382388273667,28.728981,9.551883760960711,31.72442,48.50672722165866,43.391056,21.585191046371285,44.995655,26.51864189666288,48.472286,31.140105555515856
squeezed_Gia Lai,2017-10-01,28.728981,17.598510231112996,31.72442,53.95748277288818,43.391056,23.98797471550553,44.995655,25.58682255072141,48.472286,29.830339325228003,50.210606,28.42731058717097
squeezed_Gia Lai,2017-11-01,31.72442,42.872720472332595,43.391056,27.895885792342536,44.995655,30.502419779710852,48.472286,28.358739556463494,50.210606,35.97454865419241,49.14087,36.78398715171131
squeezed_Gia Lai,2017-12-01,43.391056,24.947920512370494,44.995655,29.563869703274136,48.472286,36.78148916776035,50.210606,37.27645010149211,49.14087,40.12825435751382,51.213478,58.08714276448975
squeezed_Hà Giang,2016-01-01,67.883835,89.33043842782604,88.46955,97.98093008003237,87.48928,101.71538476866345,108.565125,103.3740085541682,127.80296,101.82553475995647,81.485115,101.34376952095114
squeezed_Hà Giang,2016-02-01,88.46955,84.77150654284748,87.48928,88.54972493285878,108.565125,92.56341919359834,127.80296,92.96665267594835,81.485115,106.20614703607318,87.24421,96.25374291373879
squeezed_Hà Giang,2016-03-01,87.48928,88.71625849539765,108.565125,96.6238021514216,127.80296,94.02927718285531,81.485115,100.21626281730501,87.24421,102.9058539900822,99.25254,90.64617675586663
squeezed_Hà Giang,2016-04-01,108.565125,91.37457793287177,127.80296,103.40887645664024,81.485115,90.47090163931792,87.24421,96.44876907887598,99.25254,87.96431571407915,95.20892,82.0272856850099
squeezed_Hà Giang,2016-05-01,127.80296,100.72814105171004,81.485115,98.38491481543097,87.24421,99.01128793314433,99.25254,92.32560220821595,95.20892,82.64108467147652,84.671,81.37539072687348
squeezed_Hà Giang,2016-06-01,81.485115,106.2817807253293,87.24421,99.50705813406366,99.25254,94.09365770543768,95.20892,89.68353531589455,84.671,92.88211944453849,52.444553,91.3651055770285
squeezed_Hà Giang,2016-07-01,87.24421,93.78757717937512,99.25254,88.20521482901215,95.20892,89.05362971130326,84.671,85.72436345680715,52.444553,83.1577277012859,52.416935,75.180727128124
squeezed_Hà Giang,2016-08-01,99.25254,83.28161960699823,95.20892,87.83942472489129,84.671,86.24605204593665,52.444553,81.85842627654242,52.416935,71.01975190118293,57.214825,77.48922379668325
squeezed_Hà Giang,2016-09-01,95.20892,89.9401433782929,84.671,84.4243585372108,52.444553,82.01461811943382,52.416935,73.44056144501992,57.214825,73.2602203181457,60.813244,82.22565217653127
squeezed_Hà Giang,2016-10-01,84.671,90.09450160047624,52.444553,84.0548264636021,52.416935,77.07215300694986,57.214825,76.7630714845494,60.813244,84.84025409310968,72.20823,81.50646752662924
squeezed_Hà Giang,2016-11-01,52.444553,86.03835996253318,52.416935,74.37686556442439,57.214825,70.0412888165784,60.813244,84.99926424878997,72.20823,80.06519099619244,0.0,85.23708641418696
squeezed_Hà Giang,2016-12-01,52.416935,57.83215927357843,57.214825,64.55476251789862,60.813244,71.84603159349231,72.20823,69.6118499765129,0.0,75.52645188950441,74.48723,78.10447043223817
squeezed_Hà Giang,2017-01-01,57.214825,53.93700443663961,60.813244,74.18939353043721,72.20823,62.53228081963058,0.0,61.8793915824644,74.48723,76.08354590709435,69.80928,67.5799972001339
squeezed_Hà Giang,2017-02-01,60.813244,66.60147946674998,72.20823,71.25828132447124,0.0,85.95020821192335,74.48723,71.92988852986541,69.80928,78.11717771681204,69.80928,67.75771219525768
squeezed_Hà Giang,2017-03-01,72.20823,57.34790108890321,0.0,72.81911052490291,74.48723,65.34435859394868,69.80928,53.325108599313374,69.80928,56.51730672173573,61.89277,57.5699801640274
squeezed_Hà Giang,2017-04-01,0.0,90.33345544416892,74.48723,85.01402104518394,69.80928,68.8620652067718,69.80928,60.150372783267976,61.89277,70.74247699700894,80.96438,65.09138886833192
squeezed_Hà Giang,2017-05-01,74.48723,34.59022457276121,69.80928,29.633466989119427,69.80928,19.16415470333396,61.89277,21.67098862189838,80.96438,20.241168100036138,68.60981,24.5933922084301
squeezed_Hà Giang,2017-06-01,69.80928,65.54832178210512,69.80928,58.15301792346133,61.89277,54.59991170780409,80.96438,49.91746508673796,68.60981,50.28770174223935,62.7324,43.25087110957965
squeezed_Hà Giang,2017-07-01,69.80928,62.83246668725903,61.89277,62.624322628593426,80.96438,70.60434621038573,68.60981,53.40379816819208,62.7324,45.67222020732475,24.926167,48.92781294635201
squeezed_Hà Giang,2017-08-01,61.89277,76.29825955486922,80.96438,64.14351934533322,68.60981,63.376423704233886,62.7324,53.40427510830626,24.926167,51.76062616687867,54.459538,49.708349957112375
squeezed_Hà Giang,2017-09-01,80.96438,62.67196959786745,68.60981,56.81438460797196,62.7324,56.9229970370268,24.926167,55.3312311993616,54.459538,48.723681927950956,63.555817,56.60217758962605
squeezed_Hà Giang,2017-10-01,68.60981,68.67940746346633,62.7324,60.52627370402499,24.926167,58.314627523585585,54.459538,58.61862378413791,63.555817,63.99252664166402,63.083282,62.463376957981204
squeezed_Hà Giang,2017-11-01,62.7324,64.0799260350236,24.926167,62.75710514634324,54.459538,67.16748159816902,63.555817,69.68615676724015,63.083282,70.69859078648301,68.04489,79.1527852319161
squeezed_Hà Giang,2017-12-01,24.926167,58.06378524660081,54.459538,61.10723226899451,63.555817,68.08828158434756,63.083282,71.38084345419705,68.04489,87.27339318276768,68.63556,72.45924879686213
squeezed_Hà Nội,2016-01-01,11.407674,16.994122925731908,12.06266,28.29347285443889,10.56165,22.957628133705025,11.516839,24.224331216981053,12.472027,33.28624559263107,9.03335,46.883791836590134
squeezed_Hà Nội,2016-02-01,12.06266,15.63519104952768,10.56165,24.50848707014227,11.516839,26.966956739567586,12.472027,32.46336647994423,9.03335,47.39686791468952,8.432946,34.74002202051633
squeezed_Hà Nội,2016-03-01,10.56165,18.609908557358864,11.516839,25.071394714196124,12.472027,19.810804942046097,9.03335,30.752893681906038,8.432946,26.92173056522288,7.9689975,28.009553451081338
squeezed_Hà Nội,2016-04-01,11.516839,19.040688421883758,12.472027,25.56463799977147,9.03335,16.438660153728254,8.432946,18.444783291248463,7.9689975,20.25717210563403,7.3413024,34.49558470786198
squeezed_Hà Nội,2016-05-01,12.472027,19.271896995951916,9.03335,15.020000237501236,8.432946,11.904759746365452,7.9689975,14.3136206349336,7.3413024,25.47552658014223,6.27695,18.341825152752705
squeezed_Hà Nội,2016-06-01,9.03335,10.65655428504395,8.432946,28.5321506815836,7.9689975,16.484765344893308,7.3413024,19.66309632608339,6.27695,17.82082048102827,0.6549861,28.565136090923986
squeezed_Hà Nội,2016-07-01,8.432946,28.92836006832911,7.9689975,9.603588156140178,7.3413024,13.983782483606312,6.27695,16.334344100451574,0.6549861,22.056128133639817,4.1590247,17.929612971608407
squeezed_Hà Nội,2016-08-01,7.9689975,7.775035936611641,7.3413024,9.275773289668939,6.27695,14.395120361721874,0.6549861,11.866762873732812,4.1590247,12.556868631077087,5.95438,21.92409663027395
squeezed_Hà Nội,2016-09-01,7.3413024,9.233863297897221,6.27695,11.577903016706417,0.6549861,11.102191948144002,4.1590247,13.447301246246937,5.95438,14.642464387674378,6.600191,23.48906059533889
squeezed_Hà Nội,2016-10-01,6.27695,9.028326573259836,0.6549861,11.172425299511367,4.1590247,16.54520422212129,5.95438,24.097498174389973,6.600191,25.242003314975445,6.4451966,27.600788395435856
squeezed_Hà Nội,2016-11-01,0.6549861,9.337204871350774,4.1590247,14.621094806898656,5.95438,22.377889870135572,6.600191,24.59446513146201,6.4451966,26.272143487976816,7.672238,30.064731983454095
squeezed_Hà Nội,2016-12-01,4.1590247,27.651993669717363,5.95438,17.781317750056,6.600191,23.71872216098702,6.4451966,21.143726035145377,7.672238,25.527817435880042,7.4914107,18.624166384655773
squeezed_Hà Nội,2017-01-01,5.95438,8.71322767398312,6.600191,18.303666065612692,6.4451966,5.792458600924822,7.672238,26.25064185081103,7.4914107,21.150734866204814,8.369714,44.88033301736242
squeezed_Hà Nội,2017-02-01,6.600191,26.494006211548978,6.4451966,9.560243840966574,7.672238,28.49528608248331,7.4914107,31.861160992566916,8.369714,61.21258455535232,5.734804,67.98645207798175
squeezed_Hà Nội,2017-03-01,6.4451966,10.821217241142673,7.672238,16.437888712314486,7.4914107,32.713894937905614,8.369714,61.29619567778561,5.734804,69.82250992143221,7.8272324,63.036013976922845
squeezed_Hà Nội,2017-04-01,7.672238,27.95922868794764,7.4914107,17.33006204641564,8.369714,58.28903273662181,5.734804,62.38062474729342,7.8272324,58.70111987094187,6.354783,58.97588871857994
squeezed_Hà Nội,2017-05-01,7.4914107,21.190299662594136,8.369714,51.80877556727077,5.734804,55.298207357273334,7.8272324,65.9094558254593,6.354783,50.895397381142885,7.039343,64.08067986696551
squeezed_Hà Nội,2017-06-01,8.369714,33.855657780022625,5.734804,52.31431867537438,7.8272324,59.81015954901615,6.354783,56.41949242058581,7.039343,54.97353648914544,6.613107,56.683254938033116
squeezed_Hà Nội,2017-07-01,5.734804,30.89810581054577,7.8272324,56.706284124033225,6.354783,55.78066948010403,7.039343,56.6360918643398,6.613107,49.278905831656765,3.6136205,54.835123765712346
squeezed_Hà Nội,2017-08-01,7.8272324,30.250808227541576,6.354783,51.91883007953864,7.039343,56.094263598083124,6.613107,49.496303786771755,3.6136205,55.84277798965857,0.0,54.1033525057944
squeezed_Hà Nội,2017-09-01,6.354783,29.01970108070555,7.039343,55.31517591149375,6.613107,59.34439837699954,3.6136205,61.96094776273926,0.0,56.81651666009457,5.5720515,59.65068911370953
squeezed_Hà Nội,2017-10-01,7.039343,33.16317154761975,6.613107,54.00765353325998,3.6136205,60.63631076820222,0.0,67.40698480742627,5.5720515,69.92419214193511,0.0,65.47105860555595
squeezed_Hà Nội,2017-11-01,6.613107,32.84691643043722,3.6136205,61.936874178088544,0.0,64.26888910624946,5.5720515,68.14704924932767,0.0,72.13012702071765,4.106387,72.14768382696744
squeezed_Hà Nội,2017-12-01,3.6136205,58.36767561572216,0.0,68.72428535556121,5.5720515,67.04463906686594,0.0,74.67658939744125,4.106387,76.60842873248735,5.6731315,70.4096876881954
squeezed_Hà Tĩnh,2016-01-01,31.104445,40.09867837472114,34.735928,45.06569554154385,40.41999,48.85439682738926,41.130497,48.12859217120132,42.156784,59.73868147333074,38.288467,58.890232027249525
squeezed_Hà Tĩnh,2016-02-01,34.735928,40.6930858076016,40.41999,42.159704755029686,41.130497,54.090356261823544,42.156784,52.093459401240594,38.288467,65.71781737531899,37.577957,54.496231260707084
squeezed_Hà Tĩnh,2016-03-01,40.41999,39.86968904468221,41.130497,49.74764865737308,42.156784,44.75862134661018,38.288467,53.66605612889027,37.577957,37.857891370894116,40.18315,42.93892662310852
squeezed_Hà Tĩnh,2016-04-01,41.130497,46.553059550206356,42.156784,55.33995740397328,38.288467,43.652697259186496,37.577957,43.105799508359596,40.18315,35.91607222974831,36.078,74.08989863232368
squeezed_Hà Tĩnh,2016-05-01,42.156784,45.58462397286266,38.288467,43.06583681303792,37.577957,39.05862163945423,40.18315,45.14075856738931,36.078,78.96431862222008,24.394094,64.4280764372275
squeezed_Hà Tĩnh,2016-06-01,38.288467,52.521007723875606,37.577957,36.53888436821615,40.18315,39.217185059195785,36.078,38.02756603435276,24.394094,72.4086994355189,20.525776,44.13367213155997
squeezed_Hà Tĩnh,2016-07-01,37.577957,36.20839640976317,40.18315,40.791468572590254,36.078,41.85318557112192,24.394094,45.81911181895493,20.525776,43.70567714841755,24.721394,39.131216572997815
squeezed_Hà Tĩnh,2016-08-01,40.18315,35.98809424952332,36.078,38.11652476192934,24.394094,35.20894109974261,20.525776,34.66092482770977,24.721394,31.15239944537803,24.878355,34.97341829570322
squeezed_Hà Tĩnh,2016-09-01,36.078,47.840191655218575,24.394094,36.648061720079745,20.525776,34.80587792902193,24.721394,31.035534455742056,24.878355,29.974300607679005,33.589703,38.97768564714955
squeezed_Hà Tĩnh,2016-10-01,24.394094,57.965964769006646,20.525776,38.756846039679466,24.721394,31.079752791637603,24.878355,32.4640073032543,33.589703,37.86366626898775,29.665672,40.63488959397262
squeezed_Hà Tĩnh,2016-11-01,20.525776,30.88367218843054,24.721394,26.947005448044262,24.878355,17.26065136192794,33.589703,27.125488706558276,29.665672,37.84592742543475,30.371998,33.839943353159825
squeezed_Hà Tĩnh,2016-12-01,24.721394,26.469453435057297,24.878355,21.717259972754494,33.589703,21.179322723175137,29.665672,27.27646284001012,30.371998,28.870902059068833,31.156805,32.72170051707931
squeezed_Hà Tĩnh,2017-01-01,24.878355,18.565104595083238,33.589703,25.45528598796602,29.665672,23.615762350167866,30.371998,21.95560741528626,31.156805,28.63193721820654,32.412495,34.0898193634531
squeezed_Hà Tĩnh,2017-02-01,33.589703,26.26886244446627,29.665672,29.545154199077324,30.371998,35.63842131973936,31.156805,32.322475273526415,32.412495,42.33266671868911,27.703657,31.60193159790775
squeezed_Hà Tĩnh,2017-03-01,29.665672,34.62859376430666,30.371998,36.209081092749315,31.156805,38.59318584265807,32.412495,39.5818324023333,27.703657,38.33474915890319,27.232773,36.192781531589745
squeezed_Hà Tĩnh,2017-04-01,30.371998,37.96683693093339,31.156805,36.550899505552906,32.412495,37.66843082401401,27.703657,29.3806982222048,27.232773,34.187903297881604,27.075811,32.87365753706603
squeezed_Hà Tĩnh,2017-05-01,31.156805,34.73809126354245,32.412495,33.327111766895584,27.703657,28.41951342161671,27.232773,40.21289552495681,27.075811,30.272864028375892,22.210014,44.951564696264796
squeezed_Hà Tĩnh,2017-06-01,32.412495,38.171212459109,27.703657,34.5400143535843,27.232773,29.90263152177774,27.075811,33.66616109278529,22.210014,39.4206220946703,24.015068,33.862018741218236
squeezed_Hà Tĩnh,2017-07-01,27.703657,31.527219834902997,27.232773,27.747712957643827,27.075811,31.696999113260212,22.210014,29.81348194743596,24.015068,41.19329742323051,19.211246,23.760646678837624
squeezed_Hà Tĩnh,2017-08-01,27.232773,28.960129576310507,27.075811,28.535565190942066,22.210014,32.69186176207539,24.015068,20.976009019270457,19.211246,21.269989040502974,22.491215,19.67867677389252
squeezed_Hà Tĩnh,2017-09-01,27.075811,32.45860617129065,22.210014,25.84217439606921,24.015068,25.22954146305935,19.211246,20.948961702206866,22.491215,21.316724985882672,25.302616,26.207945473307333
squeezed_Hà Tĩnh,2017-10-01,22.210014,32.274683190883614,24.015068,33.763772899497184,19.211246,18.061622934870353,22.491215,23.75639958976155,25.302616,26.20538347723391,24.912144,29.524600464606152
squeezed_Hà Tĩnh,2017-11-01,24.015068,16.24889492736959,19.211246,23.620474920033562,22.491215,19.535146308889846,25.302616,25.44498413499012,24.912144,28.884226031788035,25.927372,42.13738022028209
squeezed_Hà Tĩnh,2017-12-01,19.211246,23.099538907033068,22.491215,28.037466032943723,25.302616,23.648722190798615,24.912144,27.253485422383584,25.927372,38.81376667072994,26.08356,31.8754609959731
squeezed_Hòa Bình,2016-01-01,21.291952,24.36561634772337,30.43426,27.10145709103109,42.704197,29.638019225228113,36.68952,30.698633053185958,30.554554,36.334268645647825,30.79514,34.472463931729585
squeezed_Hòa Bình,2016-02-01,30.43426,22.015050070724342,42.704197,35.07190082359663,36.68952,36.106927703925656,30.554554,35.330914097232544,30.79514,53.143103698215256,38.133045,36.30973556924289
squeezed_Hòa Bình,2016-03-01,42.704197,34.91489836612495,36.68952,36.81957572001577,30.554554,35.55805565797221,30.79514,47.70948952227059,38.133045,34.295860898643454,24.780464,37.21587203039213
squeezed_Hòa Bình,2016-04-01,36.68952,39.49848965981521,30.554554,40.22376552288205,30.79514,37.79545202228796,38.133045,32.376295490704024,24.780464,29.728072619983774,37.411285,35.41962105887211
squeezed_Hòa Bình,2016-05-01,30.554554,38.44415259724407,30.79514,41.85391074385529,38.133045,29.71630676389389,24.780464,29.059535091490826,37.411285,29.904646861811788,51.245037,34.83399286732934
squeezed_Hòa Bình,2016-06-01,30.79514,32.14254622023252,38.133045,40.72130564609736,24.780464,39.262437770891125,37.411285,29.369555445474557,51.245037,29.14358551531051,31.276314,25.61330845909673
squeezed_Hòa Bình,2016-07-01,38.133045,47.73214833184487,24.780464,40.242748061472795,37.411285,29.86216082791302,51.245037,29.25821037588954,31.276314,26.165112225841956,21.301775,26.448105537514014
squeezed_Hòa Bình,2016-08-01,24.780464,33.526669965295426,37.411285,34.405643467932165,51.245037,32.23420983693767,31.276314,27.4669347428399,21.301775,28.43037140302536,0.0,32.21779617609051
squeezed_Hòa Bình,2016-09-01,37.411285,25.581009225123285,51.245037,27.718637561580046,31.276314,23.274817428961583,21.301775,24.024188502702145,0.0,29.360245668771064,33.37278,27.951115554738998
squeezed_Hòa Bình,2016-10-01,51.245037,29.83210158901507,31.276314,29.04943417998041,21.301775,32.990189604702095,0.0,32.82990232823914,33.37278,37.19484595052467,36.804733,40.304786720739855
squeezed_Hòa Bình,2016-11-01,31.276314,37.11900496533358,21.301775,41.2204458424677,0.0,44.440189735049486,33.37278,39.77674784436021,36.804733,43.792766180840054,40.591717,42.21251808584847
squeezed_Hòa Bình,2016-12-01,21.301775,35.0815466699278,0.0,36.4536151310113,33.37278,35.869238337886465,36.804733,36.93992245304267,40.591717,39.47228685382736,40.0,36.930757606130356
squeezed_Hòa Bình,2017-01-01,0.0,24.427407445777792,33.37278,20.01358097088002,36.804733,19.239097906721756,40.591717,31.84992162630389,40.0,35.50018105979664,34.319527,37.70599507365776
squeezed_Hòa Bình,2017-02-01,33.37278,4.624221547897368,36.804733,7.811761916436415,40.591717,5.140273250615172,40.0,16.566781869567414,34.319527,15.25075709588962,35.621304,13.713458105158853
squeezed_Hòa Bình,2017-03-01,36.804733,32.99074035287452,40.591717,35.5967673864609,40.0,41.14136550512582,34.319527,33.37180935895822,35.621304,30.388980746525352,39.053253,28.70048064557543
squeezed_Hòa Bình,2017-04-01,40.591717,40.04695164988315,40.0,38.62110242730468,34.319527,39.316192573237956,35.621304,28.344919015094046,39.053253,26.937062780152182,46.745564,31.153453058506088
squeezed_Hòa Bình,2017-05-01,40.0,39.16369603565522,34.319527,37.60232114977363,35.621304,36.18324209448693,39.053253,28.033687986436767,46.745564,29.877944760502363,0.0,40.35753001046579
squeezed_Hòa Bình,2017-06-01,34.319527,35.76287980800077,35.621304,33.43668728465945,39.053253,31.716560987381147,46.745564,28.668833330622817,0.0,38.37265877739057,34.201183,29.902520484226645
squeezed_Hòa Bình,2017-07-01,35.621304,38.38934737189518,39.053253,32.48905053795829,46.745564,30.258038599266694,0.0,29.60346464845548,34.201183,30.613323609691474,29.39793,30.969261054839244
squeezed_Hòa Bình,2017-08-01,39.053253,32.42560490550379,46.745564,33.56533019880915,0.0,31.969501584503107,34.201183,29.21736469185809,29.39793,30.69781217025393,30.221073,44.60722585105935
squeezed_Hòa Bình,2017-09-01,46.745564,33.87383303930744,0.0,35.753474082480686,34.201183,33.513578280480324,29.39793,32.12328521610783,30.221073,62.636430572904644,29.868298,41.78460921662127
squeezed_Hòa Bình,2017-10-01,0.0,41.28803856702769,34.201183,36.86858605554335,29.39793,41.99048912039744,30.221073,64.76551712035906,29.868298,46.699722860670505,0.0,47.63246193948767
squeezed_Hòa Bình,2017-11-01,34.201183,15.782976064325029,29.39793,17.067365331099243,30.221073,53.685399504899614,29.868298,26.64909028864901,0.0,25.75543233473388,36.10066,30.595993901550663
squeezed_Hòa Bình,2017-12-01,29.39793,36.051793606882704,30.221073,58.9657995441299,29.868298,38.269933970448506,0.0,38.714613787580085,36.10066,43.81430105038962,0.0,41.30765557001935
squeezed_Hưng Yên,2016-01-01,61.6134,57.28204227711271,58.109726,71.03762102396833,65.28799,70.38737280077277,58.96428,66.56365472385066,57.596992,72.97123369206315,58.62246,70.00633792320487
squeezed_Hưng Yên,2016-02-01,58.109726,64.10176378595982,65.28799,68.16647984880636,58.96428,72.89255194327595,57.596992,68.22895893645958,58.62246,73.79663266402163,38.113144,66.31464186948226
squeezed_Hưng Yên,2016-03-01,65.28799,64.72204030726066,58.96428,68.16778020846597,57.596992,63.25834432996077,58.62246,65.02057363018531,38.113144,60.35103216853938,52.46966,59.009307302733625
squeezed_Hưng Yên,2016-04-01,58.96428,67.97741480057167,57.596992,68.54289144271544,58.62246,64.17811716330674,38.113144,56.394106918088404,52.46966,57.11898761966485,53.49513,50.00494260626242
squeezed_Hưng Yên,2016-05-01,57.596992,64.17348382856716,58.62246,60.42803170318485,38.113144,56.27750124739623,52.46966,55.346602288110006,53.49513,51.31588156946743,54.947872,49.73472975689501
squeezed_Hưng Yên,2016-06-01,58.62246,56.20817814708961,38.113144,53.468652670054226,52.46966,56.66162355347757,53.49513,55.01161331590136,54.947872,51.221949889156015,81.09725,48.92204749515797
squeezed_Hưng Yên,2016-07-01,38.113144,57.88236221498992,52.46966,52.49727945419323,53.49513,55.00620510576477,54.947872,52.42205181158911,81.09725,49.96800057495102,69.9056,45.56141094158777
squeezed_Hưng Yên,2016-08-01,52.46966,47.075579486329474,53.49513,47.008224499890005,54.947872,45.56336691195621,81.09725,42.205583186926134,69.9056,49.37975817710937,50.53711,43.16697465767736
squeezed_Hưng Yên,2016-09-01,53.49513,45.54538011104535,54.947872,45.94841089782386,81.09725,49.56529911760638,69.9056,49.19303791311883,50.53711,44.865083585425346,57.942707,44.573626467015636
squeezed_Hưng Yên,2016-10-01,54.947872,47.60688659068097,81.09725,53.85888335761296,69.9056,54.22032608778414,50.53711,54.77748056449222,57.942707,49.673847467235156,70.55664,46.533050745646484
squeezed_Hưng Yên,2016-11-01,81.09725,51.01041807540786,69.9056,52.871271136691306,50.53711,50.130081693565494,57.942707,54.032232020703766,70.55664,53.840323615901745,69.66146,61.162542264773435
squeezed_Hưng Yên,2016-12-01,69.9056,69.82107998168755,50.53711,62.18029096604136,57.942707,59.84141824077433,70.55664,47.36981655273182,69.66146,61.50658274763814,74.30013,59.69347246909322
squeezed_Hưng Yên,2017-01-01,50.53711,65.15263139927346,57.942707,67.14564566856116,70.55664,58.574156171436854,69.66146,67.53667740019348,74.30013,53.418491223803464,66.24349,62.26553838266089
squeezed_Hưng Yên,2017-02-01,57.942707,61.40808956572645,70.55664,58.332891080215845,69.66146,75.491951643701,74.30013,65.10536325753101,66.24349,66.75489717875888,64.77865,58.17099409569639
squeezed_Hưng Yên,2017-03-01,70.55664,57.641245348080346,69.66146,99.4842321086046,74.30013,62.12292159179475,66.24349,65.55438721363811,64.77865,58.57070262864927,61.6862,56.667821869017835
squeezed_Hưng Yên,2017-04-01,69.66146,88.66818952907701,74.30013,68.7044018921271,66.24349,67.25450625987642,64.77865,57.04170122807787,61.6862,58.9493560016151,54.280598,55.888652977682575
squeezed_Hưng Yên,2017-05-01,74.30013,72.03575667120754,66.24349,73.20451647725636,64.77865,64.36869403871384,61.6862,59.848887604842695,54.280598,64.66085130115378,52.246094,64.56693096095239
squeezed_Hưng Yên,2017-06-01,66.24349,72.78170688123261,64.77865,64.23532042497098,61.6862,61.89649151223316,54.280598,61.923752904746465,52.246094,73.4285615801927,52.978516,67.66323797782746
squeezed_Hưng Yên,2017-07-01,64.77865,62.56119288849774,61.6862,56.12214284911038,54.280598,54.0039790980698,52.246094,58.65638885221006,52.978516,74.07220758871415,51.59369,60.83046449441446
squeezed_Hưng Yên,2017-08-01,61.6862,57.15596407568268,54.280598,55.64996894708989,52.246094,58.20290051884555,52.978516,64.92271444832957,51.59369,62.62852347727784,53.605923,59.924715027812006
squeezed_Hưng Yên,2017-09-01,54.280598,53.707073008425525,52.246094,59.127336621209686,52.978516,59.491430784794005,51.59369,58.048426854777716,53.605923,60.22498395189634,72.92337,63.82934945762737
squeezed_Hưng Yên,2017-10-01,52.246094,55.80724762501785,52.978516,56.04819864395335,51.59369,57.737977252972435,53.605923,59.16771483350255,72.92337,61.6993381677366,67.369606,65.6514626994755
squeezed_Hưng Yên,2017-11-01,52.978516,53.284088836516986,51.59369,56.91691890184642,53.605923,59.22108695000396,72.92337,62.23948108025752,67.369606,60.93039922520833,62.620735,67.44226781567649
squeezed_Hưng Yên,2017-12-01,51.59369,50.40770346076964,53.605923,55.958533168129335,72.92337,62.147120968848434,67.369606,62.118739783996325,62.620735,62.14100479155437,55.135223,61.174597612247915
squeezed_Hải Dương,2016-01-01,39.5901,38.40278249997774,36.678238,48.52325700980249,32.198456,46.228368024557675,32.982418,46.89468742412948,35.83828,63.62130371394309,32.53444,51.79850724773384
squeezed_Hải Dương,2016-02-01,36.678238,40.939201997758936,32.198456,46.74662300811326,32.982418,52.149254868377334,35.83828,52.4151677034657,32.53444,58.92057203173254,34.046368,50.06750676147588
squeezed_Hải Dương,2016-03-01,32.198456,41.187785002174394,32.982418,46.60021669575596,35.83828,49.136161659693,32.53444,47.41079528240397,34.046368,43.253197145819534,27.886662,42.88856992975918
squeezed_Hải Dương,2016-04-01,32.982418,38.4358297556946,35.83828,51.24658117654526,32.53444,37.709345961415266,34.046368,35.605971042369504,27.886662,36.853556994812976,33.59839,33.8421700476333
squeezed_Hải Dương,2016-05-01,35.83828,52.04101137577085,32.53444,31.796559750219455,34.046368,32.76317120289693,27.886662,33.04602750412545,33.59839,28.093781767307462,32.08646,31.48540749109258
squeezed_Hải Dương,2016-06-01,32.53444,34.976121484551804,34.046368,33.73073666173401,27.886662,34.89630086762681,33.59839,31.247714286216205,32.08646,30.329898548057457,12.487401,35.37696672206942
squeezed_Hải Dương,2016-07-01,34.046368,34.209315384500194,27.886662,32.17846797228491,33.59839,30.746437766269086,32.08646,29.84737894080428,12.487401,29.45889881950241,21.722685,27.576892832268047
squeezed_Hải Dương,2016-08-01,27.886662,33.43329550806194,33.59839,33.32825273795795,32.08646,31.243824748659836,12.487401,29.274244295481406,21.722685,29.46281160556903,0.0,35.97238318969606
squeezed_Hải Dương,2016-09-01,33.59839,31.916303976225173,32.08646,29.229565238787522,12.487401,26.78632113550885,21.722685,27.81693382815704,0.0,29.81597083985595,0.0,22.46684001615257
squeezed_Hải Dương,2016-10-01,32.08646,31.241189034315475,12.487401,32.549615901388684,21.722685,33.4804443305787,0.0,27.147159093233135,0.0,37.83370376088236,20.966173,33.917492869359215
squeezed_Hải Dương,2016-11-01,12.487401,32.91907552306198,21.722685,31.435903919558996,0.0,32.16200498773098,0.0,34.11209179460371,20.966173,31.319450079152418,0.0,53.03962609682109
squeezed_Hải Dương,2016-12-01,21.722685,31.83728794805038,0.0,27.74198915283607,0.0,33.11468560999422,20.966173,21.106585910989487,0.0,23.868538344036853,0.0,31.653820426805392
squeezed_Hải Dương,2017-01-01,0.0,22.128491763386975,0.0,43.13419556092523,20.966173,21.234635102201693,0.0,29.849029458510618,0.0,23.109169696718887,24.154327,17.00054697904616
squeezed_Hải Dương,2017-02-01,0.0,15.088931300641375,20.966173,7.557245047609632,0.0,15.056034482059891,0.0,24.0624092576333,24.154327,19.092578273837326,20.912136,20.81647298897336
squeezed_Hải Dương,2017-03-01,20.966173,5.818224237791211,0.0,13.624370297934064,0.0,15.062450660164226,24.154327,16.507396673537652,20.912136,21.88376637087957,0.0,16.770511922083585
squeezed_Hải Dương,2017-04-01,0.0,24.559203629762358,0.0,24.901505353717983,24.154327,26.824753772252482,20.912136,17.165304215235082,0.0,20.71843249346244,19.885443,20.666036164520676
squeezed_Hải Dương,2017-05-01,0.0,13.97425429698552,24.154327,3.7525239983971974,20.912136,10.854341556803757,0.0,11.057955762950629,19.885443,10.242484296914368,17.237652,17.993396457599125
squeezed_Hải Dương,2017-06-01,24.154327,1.7524357168131703,20.912136,4.24684816673107,0.0,6.561161813911982,19.885443,10.782785658564842,17.237652,7.233347843203335,19.669296,9.214081008400694
squeezed_Hải Dương,2017-07-01,20.912136,18.640579976399927,0.0,19.81152933064328,19.885443,15.577066421897667,17.237652,17.156481133605283,19.669296,14.739351851763463,15.497684,22.204352827512963
squeezed_Hải Dương,2017-08-01,0.0,16.620780964959454,19.885443,16.234037728143004,17.237652,23.732938905223918,19.669296,17.28960282072668,15.497684,21.31717264128802,15.71071,44.28950952932671
squeezed_Hải Dương,2017-09-01,19.885443,3.700405838983008,17.237652,14.561489270015546,19.669296,10.923965716479138,15.497684,19.395522308355048,15.71071,61.0457317530124,0.0,44.96320573445643
squeezed_Hải Dương,2017-10-01,17.237652,14.81739890630477,19.669296,14.122062791135054,15.497684,25.548774934980234,15.71071,66.11553938364416,0.0,64.99550990513376,18.10726,39.44258515243124
squeezed_Hải Dương,2017-11-01,19.669296,14.423682404056525,15.497684,26.422605896860563,15.71071,70.84011981982292,0.0,68.56431332315856,18.10726,45.86215829311304,20.237524,61.1061926833758
squeezed_Hải Dương,2017-12-01,15.497684,35.148281421366164,15.71071,93.50590439810077,0.0,68.27528496214751,18.10726,50.716316878384994,20.237524,78.53996451664585,0.0,69.93181267083519
squeezed_Hải Phòng,2016-01-01,13.681341,18.107943161239284,14.64055,33.31475735222084,12.520194,25.27071904273901,13.88328,28.06706817698422,15.246366,38.48816932131405,14.53958,43.440603064163675
squeezed_Hải Phòng,2016-02-01,14.64055,23.10871413817019,12.520194,22.445295224667518,13.88328,28.98959992445269,15.246366,33.11497598262134,14.53958,38.095814990855395,14.438611,28.226909390877914
squeezed_Hải Phòng,2016-03-01,12.520194,17.9801757622428,13.88328,25.380819379458252,15.246366,27.19889762274333,14.53958,28.089601608385205,14.438611,24.96900518475988,13.832795,24.822302348702333
squeezed_Hải Phòng,2016-04-01,13.88328,18.151252183605656,15.246366,24.852671025746712,14.53958,19.55769727169769,14.438611,15.735801011204003,13.832795,18.83054999777893,10.349354,20.748620965117723
squeezed_Hải Phòng,2016-05-01,15.246366,26.81407907475977,14.53958,17.022570245221395,14.438611,15.13051412610441,13.832795,14.197749416851115,10.349354,13.92864481809153,9.693053,16.7835257305592
squeezed_Hải Phòng,2016-06-01,14.53958,13.79310532176538,14.438611,18.53289331661444,13.832795,17.043370414387976,10.349354,15.653788688053423,9.693053,15.674375960025237,10.803716,19.805274258743022
squeezed_Hải Phòng,2016-07-01,14.438611,18.215752747911388,13.832795,14.501380957067639,10.349354,16.461775355751573,9.693053,14.326970323431151,10.803716,14.099078051501035,0.0,15.692223385558062
squeezed_Hải Phòng,2016-08-01,13.832795,11.906010963629656,10.349354,17.376260233649234,9.693053,17.612896066971636,10.803716,14.558122833552902,0.0,13.644102637772331,0.0,20.187298635803014
squeezed_Hải Phòng,2016-09-01,10.349354,10.790903782714638,9.693053,14.35121003029628,10.803716,12.806951270246575,0.0,17.215917028317268,0.0,15.468882239484893,0.0,22.011882646329507
squeezed_Hải Phòng,2016-10-01,9.693053,10.095377411880923,10.803716,15.858148108193507,0.0,17.451680374934245,0.0,17.067789213286922,0.0,19.43268720834917,0.0,26.469378654081147
squeezed_Hải Phòng,2016-11-01,10.803716,11.029398270008874,0.0,14.678439940538226,0.0,15.941720829074361,0.0,25.568844242354754,0.0,25.518736633765467,0.0,22.09480822751224
squeezed_Hải Phòng,2016-12-01,0.0,26.205007520410874,0.0,18.233247470494337,0.0,15.0697073214624,0.0,20.535462723570756,0.0,14.834646887319133,0.0,26.04344955673028
squeezed_Hải Phòng,2017-01-01,0.0,1.9085707644351602,0.0,-2.5881087181337357,0.0,0.931018323304246,0.0,16.94308417290208,0.0,3.9310757812640813,0.0,3.318554716278792
squeezed_Hải Phòng,2017-02-01,0.0,7.885837918081967,0.0,3.14916073286444,0.0,10.360900728540674,0.0,16.469084867494605,0.0,14.121518605853964,0.0,10.772382198939669
squeezed_Hải Phòng,2017-03-01,0.0,4.4882462935425504,0.0,4.44357472448651,0.0,8.386868114333991,0.0,13.748333087003049,0.0,10.56354800714173,0.0,7.3895611680455895
squeezed_Hải Phòng,2017-04-01,0.0,6.703663050825257,0.0,6.465796451533676,0.0,6.425100074385159,0.0,7.8934459104457755,0.0,3.8873177644232246,0.0,14.118407092420279
squeezed_Hải Phòng,2017-05-01,0.0,6.539764583385502,0.0,3.3102112123237797,0.0,-1.6515278681458685,0.0,2.39535126060488,0.0,4.205968396777704,0.0,39.108929432425974
squeezed_Hải Phòng,2017-06-01,0.0,2.171291412738077,0.0,0.5045966237220191,0.0,-0.7445833895182332,0.0,2.9082904162194914,0.0,37.744227751512256,0.0,25.359507863701467
squeezed_Hải Phòng,2017-07-01,0.0,-0.5330410215024081,0.0,1.154977464758123,0.0,4.273401914163295,0.0,34.17155711263359,0.0,26.99897385266937,0.0,53.559199514273
squeezed_Hải Phòng,2017-08-01,0.0,0.2734928819001132,0.0,4.110011670620165,0.0,37.36118120807332,0.0,9.391545551747212,0.0,48.96808953209813,0.0,62.44877695605083
squeezed_Hải Phòng,2017-09-01,0.0,1.7913082288289417,0.0,40.72676134560673,0.0,10.923880642934067,0.0,51.68469098910886,0.0,73.58338272628006,0.0,71.16069601906308
squeezed_Hải Phòng,2017-10-01,0.0,25.77220072246344,0.0,6.877172775842072,0.0,54.71956129140167,0.0,81.17291321339688,0.0,76.5324670985969,0.0,72.3228920539318
squeezed_Hải Phòng,2017-11-01,0.0,2.7597339255085473,0.0,68.96496765236331,0.0,73.23614894852845,0.0,72.12778098065571,0.0,86.82391342416581,0.0,74.80516439638487
squeezed_Hải Phòng,2017-12-01,0.0,89.00148192655017,0.0,77.8318555171814,0.0,66.37750012831991,0.0,104.08415182054794,0.0,102.13018156559075,0.0,101.61034402112713
squeezed_Khánh Hòa,2016-01-01,42.428738,33.23665332657638,54.869007,44.359298934719384,52.64459,48.33014725843208,52.726974,61.18136547067841,49.34915,62.92157731617123,56.18718,66.84412496284108
squeezed_Khánh Hòa,2016-02-01,54.869007,43.29133434518398,52.64459,45.839062601160634,52.726974,47.794996158674,49.34915,60.2110692419934,56.18718,63.39139867763133,55.44571,86.06805169296763
squeezed_Khánh Hòa,2016-03-01,52.64459,51.17361113878365,52.726974,55.00855013551979,49.34915,64.29282258934278,56.18718,64.92354164565305,55.44571,86.82091287528368,40.781017,74.46377936139343
squeezed_Khánh Hòa,2016-04-01,52.726974,53.44513921420597,49.34915,65.15081219508332,56.18718,67.12915624216194,55.44571,76.22394214240933,40.781017,70.15633424034785,37.567966,55.53402573665324
squeezed_Khánh Hòa,2016-05-01,49.34915,66.11715077585151,56.18718,58.26220695111326,55.44571,92.22475007933097,40.781017,66.19681059829581,37.567966,52.395844920038954,36.99127,49.45658871443572
squeezed_Khánh Hòa,2016-06-01,56.18718,68.87327037806473,55.44571,77.01848677703673,40.781017,64.6235027961597,37.567966,49.61992497927853,36.99127,49.985966290774215,36.99127,45.33083491588176
squeezed_Khánh Hòa,2016-07-01,55.44571,88.5907290310033,40.781017,50.64334283982859,37.567966,53.70658516432931,36.99127,56.90449255998508,36.99127,49.25227826059349,29.926826,42.80955000135111
squeezed_Khánh Hòa,2016-08-01,40.781017,61.191791139136114,37.567966,47.44555804996518,36.99127,61.81326832257366,36.99127,52.04184359205599,29.926826,46.28877155763245,35.84642,48.45037867704761
squeezed_Khánh Hòa,2016-09-01,37.567966,47.230905529929124,36.99127,44.379976741793854,36.99127,41.770170675688846,29.926826,38.002860366015284,35.84642,42.04702941817275,0.0,45.406932300792874
squeezed_Khánh Hòa,2016-10-01,36.99127,43.26786680001728,36.99127,39.13785379263673,29.926826,36.230319259892305,35.84642,40.54272003880475,0.0,35.594704550850054,0.0,53.905972765142764
squeezed_Khánh Hòa,2016-11-01,36.99127,35.33150399887601,29.926826,33.55679133030678,35.84642,38.02268337865929,0.0,36.150921617171406,0.0,48.4396629666707,48.343338,46.69535198383883
squeezed_Khánh Hòa,2016-12-01,29.926826,34.56616798307363,35.84642,37.195586921312405,0.0,34.0075752956545,0.0,46.501558397036405,48.343338,48.84056090936926,0.0,46.77892406900146
squeezed_Khánh Hòa,2017-01-01,35.84642,36.67813657364305,0.0,32.040677524641865,0.0,45.749909507332205,48.343338,42.73297775051377,0.0,43.01450317455971,0.0,42.08445603175801
squeezed_Khánh Hòa,2017-02-01,0.0,33.626252110579976,0.0,49.16549308928389,48.343338,42.50301198703149,0.0,44.39902415470991,0.0,44.44488098389567,0.0,47.680076367455015
squeezed_Khánh Hòa,2017-03-01,0.0,21.304511070454556,48.343338,34.07484330413501,0.0,27.791687478483546,0.0,26.344641487732442,0.0,31.949135935585034,0.0,47.0807527983595
squeezed_Khánh Hòa,2017-04-01,48.343338,8.079714404686719,0.0,17.411495630592952,0.0,16.97768317972947,0.0,32.11897660358317,0.0,51.282971356736645,0.0,11.488903181563774
squeezed_Khánh Hòa,2017-05-01,0.0,40.90791925358205,0.0,36.92331860436726,0.0,52.272390701360116,0.0,37.40328930136274,0.0,30.65310198808437,0.0,43.15077499819326
squeezed_Khánh Hòa,2017-06-01,0.0,15.553559771481408,0.0,32.95949364423187,0.0,31.160620449053052,0.0,16.47824818949807,0.0,29.314201301573476,0.0,15.967141175836773
squeezed_Khánh Hòa,2017-07-01,0.0,17.187360136930067,0.0,26.618603003497896,0.0,10.593538852970147,0.0,15.896622946432625,0.0,11.740473752132425,32.58473,3.6445499691774637
squeezed_Khánh Hòa,2017-08-01,0.0,31.319792137877116,0.0,10.487956589797083,0.0,19.947643759909898,0.0,12.136956679441369,32.58473,4.559901726853801,30.624744,6.056556145183198
squeezed_Khánh Hòa,2017-09-01,0.0,4.4536961701704225,0.0,8.909916613737087,0.0,12.180100481889315,32.58473,7.673199382797144,30.624744,4.198048591546056,42.13965,36.21078174070353
squeezed_Khánh Hòa,2017-10-01,0.0,7.348533651813385,0.0,11.504518279200505,32.58473,7.837731827409728,30.624744,15.912934386034125,42.13965,60.71062401891107,34.463047,49.88054387698371
squeezed_Khánh Hòa,2017-11-01,0.0,7.334103834016898,32.58473,10.891081809470665,30.624744,15.147595567874252,42.13965,61.357662579346574,34.463047,69.10595085584144,0.0,43.87951478044785
squeezed_Khánh Hòa,2017-12-01,32.58473,23.81376951422715,30.624744,18.746071500086828,42.13965,81.31841134688237,34.463047,80.74629750261394,0.0,57.73914251615714,39.853,102.94710933771731
squeezed_Kiên Giang,2016-01-01,32.869926,24.61300072989249,28.761187,32.671007724589245,25.721844,40.15962794381906,20.599989,35.55117618329307,23.245342,41.777332735976444,19.868296,32.494292527970295
squeezed_Kiên Giang,2016-02-01,28.761187,32.39504917495931,25.721844,41.308127859612,20.599989,40.37391881287999,23.245342,54.026051572545896,19.868296,38.25041788101327,24.821299,40.25311486265825
squeezed_Kiên Giang,2016-03-01,25.721844,38.71248714616608,20.599989,35.818818423221295,23.245342,39.315010307396456,19.868296,40.70079548638602,24.821299,35.07967498183539,23.020206,33.521228633739874
squeezed_Kiên Giang,2016-04-01,20.599989,27.76602514329172,23.245342,39.66638090786211,19.868296,35.512063399824015,24.821299,32.47181235776863,23.020206,28.868354408555145,18.573761,26.96088630723577
squeezed_Kiên Giang,2016-05-01,23.245342,25.793661621962897,19.868296,23.3507350777968,24.821299,22.70658407111311,23.020206,26.066911317931016,18.573761,28.729912505602364,18.686329,20.213739179853636
squeezed_Kiên Giang,2016-06-01,19.868296,23.597451194236015,24.821299,24.76083213182855,23.020206,21.139476991081906,18.573761,19.902448250538036,18.686329,16.649751980331477,18.686329,21.54185351181955
squeezed_Kiên Giang,2016-07-01,24.821299,20.100850309111337,23.020206,18.1199275788012,18.573761,19.754601767228614,18.686329,16.646992141360826,18.686329,16.405658289001106,16.580069,25.170495686331037
squeezed_Kiên Giang,2016-08-01,23.020206,22.107686997403203,18.573761,20.790140288924267,18.686329,18.5706066267327,18.686329,20.092832079447888,16.580069,22.090862187870552,30.416254,25.560684847478875
squeezed_Kiên Giang,2016-09-01,18.573761,22.458311194537284,18.686329,21.848502259687685,18.686329,23.244601172778452,16.580069,21.94505943661529,30.416254,24.806270128579396,24.344679,27.702860641296834
squeezed_Kiên Giang,2016-10-01,18.686329,17.180950718394932,18.686329,17.175919055998694,16.580069,23.44596534886221,30.416254,25.90783561580767,24.344679,29.20071373941577,23.060307,27.32181179707209
squeezed_Kiên Giang,2016-11-01,18.686329,17.051325229606654,16.580069,23.94563793187296,30.416254,23.708996239095224,24.344679,28.177578419016445,23.060307,30.86084873045127,23.118687,25.483286242053865
squeezed_Kiên Giang,2016-12-01,16.580069,37.040536118517196,30.416254,21.45999787339628,24.344679,26.060447590318827,23.060307,30.18676773539213,23.118687,30.669847649517497,25.51229,33.78443517625104
squeezed_Kiên Giang,2017-01-01,30.416254,19.75628636648139,24.344679,22.43059330814242,23.060307,24.548224637513982,23.118687,26.944599250172878,25.51229,36.38932973506985,20.958609,30.759042029701536
squeezed_Kiên Giang,2017-02-01,24.344679,29.42797985629786,23.060307,30.679000185260453,23.118687,34.7837767611506,25.51229,37.25059409243436,20.958609,34.76319612997703,19.499096,34.52875801291447
squeezed_Kiên Giang,2017-03-01,23.060307,29.08928676506452,23.118687,25.78036590935187,25.51229,28.632584213017697,20.958609,31.55177959388968,19.499096,27.335856314763323,20.725086,28.71421429488472
squeezed_Kiên Giang,2017-04-01,23.118687,23.87347510914371,25.51229,25.733442059991177,20.958609,24.89928080177126,19.499096,21.59338092471516,20.725086,25.768108783928515,19.323954,20.485040054998017
squeezed_Kiên Giang,2017-05-01,25.51229,23.577184895666395,20.958609,28.39944067227062,19.499096,21.67622659958289,20.725086,16.48396566987028,19.323954,18.555500432036403,15.237317,21.57733528127065
squeezed_Kiên Giang,2017-06-01,20.958609,23.168997045027968,19.499096,20.950171236205627,20.725086,21.495839330206305,19.323954,19.401001955538813,15.237317,19.518193021452667,17.397396,22.70372270947021
squeezed_Kiên Giang,2017-07-01,19.499096,18.646580187395955,20.725086,19.381898831065794,19.323954,19.373050498148412,15.237317,16.307423998361994,17.397396,16.377975222496683,15.540422,22.11662001598309
squeezed_Kiên Giang,2017-08-01,20.725086,18.485152916607415,19.323954,17.039888590472998,15.237317,15.96293330847021,17.397396,15.117642033291377,15.540422,19.967460947225135,22.524881,22.6905058793269
squeezed_Kiên Giang,2017-09-01,19.323954,16.320887599726742,15.237317,14.545808393468539,17.397396,19.72794492985947,15.540422,17.965449910238906,22.524881,20.456979169275883,23.39794,25.4317183140804
squeezed_Kiên Giang,2017-10-01,15.237317,16.4189187321258,17.397396,15.348722147253909,15.540422,22.330011620185942,22.524881,24.442380627547287,23.39794,28.304420605457594,18.39241,26.30950481607076
squeezed_Kiên Giang,2017-11-01,17.397396,14.774804639214365,15.540422,18.00594007723188,22.524881,18.170010025790596,23.39794,24.257905157581288,18.39241,25.868070108372574,19.789303,25.001820001763004
squeezed_Kiên Giang,2017-12-01,15.540422,29.064895195569616,22.524881,19.439356897176847,23.39794,20.599734391507003,18.39241,24.793285422355353,19.789303,28.06240498297751,15.365811,27.163088519192495
squeezed_Kon Tum,2016-01-01,249.90154,232.61492735096172,353.68256,234.77809006250942,276.09296,250.98504291314353,354.6672,272.80259108903266,374.55692,278.65617293325903,293.81647,272.46806347235156
squeezed_Kon Tum,2016-02-01,353.68256,259.226017759109,276.09296,255.99093596235173,354.6672,263.0807408270773,374.55692,285.2503695931573,293.81647,285.6614363407247,246.35683,250.11082627445631
squeezed_Kon Tum,2016-03-01,276.09296,280.90682262771844,354.6672,275.1715031776497,374.55692,307.38246809383526,293.81647,302.1554365085962,246.35683,268.2841506291144,275.6991,249.74718780918596
squeezed_Kon Tum,2016-04-01,354.6672,285.59142678835195,374.55692,302.71976562365035,293.81647,307.02154534188355,246.35683,265.67722605384915,275.6991,244.91944027834333,226.46712,253.07832853102343
squeezed_Kon Tum,2016-05-01,374.55692,344.67471913129185,293.81647,305.98630515041265,246.35683,315.2692776597294,275.6991,251.93776946678815,226.46712,242.882975480111,202.83577,232.8896458685276
squeezed_Kon Tum,2016-06-01,293.81647,350.76946650172493,246.35683,315.02644245119336,275.6991,286.2790898991235,226.46712,254.18113629136656,202.83577,246.33727005454094,71.28791,234.0161210824044
squeezed_Kon Tum,2016-07-01,246.35683,271.62728867112884,275.6991,257.30099750994987,226.46712,242.147734426593,202.83577,228.14442769929423,71.28791,240.3908566214006,206.11421,233.69812174475757
squeezed_Kon Tum,2016-08-01,275.6991,226.46869593118623,226.46712,231.60664641180492,202.83577,220.5657357400253,71.28791,236.0261011704783,206.11421,238.4882805567093,188.80984,257.8357726222587
squeezed_Kon Tum,2016-09-01,226.46712,265.12858853123714,202.83577,227.71065909426704,71.28791,236.70941959309758,206.11421,216.80043594182203,188.80984,245.29491176489734,191.50163,270.2689871433137
squeezed_Kon Tum,2016-10-01,202.83577,225.6126433012798,71.28791,200.86355653165666,206.11421,223.5363756196808,188.80984,245.0762639478868,191.50163,249.02089808092813,243.03018,266.3989704152973
squeezed_Kon Tum,2016-11-01,71.28791,196.63031277533776,206.11421,210.67620384355166,188.80984,229.8736646824883,191.50163,251.71924542087675,243.03018,251.80765008344957,237.83888,282.97081575894134
squeezed_Kon Tum,2016-12-01,206.11421,148.428316844498,188.80984,185.43979755731294,191.50163,207.300202220438,243.03018,184.31170530319423,237.83888,219.95380003348063,284.75293,174.48157732117474
squeezed_Kon Tum,2017-01-01,188.80984,190.91267455273785,191.50163,216.98226669294445,243.03018,265.7276148282901,237.83888,235.42687030565807,284.75293,232.56126713209048,264.37222,261.9562138564726
squeezed_Kon Tum,2017-02-01,191.50163,236.0134854204066,243.03018,223.91975880300734,237.83888,226.95587468285194,284.75293,212.81018758524002,264.37222,259.7347669874423,241.6843,230.59886462899036
squeezed_Kon Tum,2017-03-01,243.03018,223.95400014108517,237.83888,223.57057017988544,284.75293,216.5502150076672,264.37222,205.51464563990197,241.6843,215.17842902040522,257.06595,172.92851314327427
squeezed_Kon Tum,2017-04-01,237.83888,249.49557878775238,284.75293,249.65664871112367,264.37222,249.38361757501568,241.6843,200.55803683718204,257.06595,197.10252115770695,269.17902,174.9028218036823
squeezed_Kon Tum,2017-05-01,284.75293,258.1519177280082,264.37222,275.5039312407779,241.6843,213.21756560665958,257.06595,179.01441630595474,269.17902,171.92029868053518,236.68526,169.50901859618443
squeezed_Kon Tum,2017-06-01,264.37222,262.6630347365714,241.6843,228.7075898767569,257.06595,187.50262038213813,269.17902,174.41532310284728,236.68526,188.9409825688859,259.75775,175.0142695190552
squeezed_Kon Tum,2017-07-01,241.6843,227.40897617543507,257.06595,202.94422454231199,269.17902,170.89937947234944,236.68526,175.60700346992337,259.75775,165.8497595668943,0.0,186.53947009508107
squeezed_Kon Tum,2017-08-01,257.06595,210.12116815741575,269.17902,208.3857562721031,236.68526,183.50855126268692,259.75775,163.31641455450202,0.0,170.54906089251125,0.0,214.72228093573466
squeezed_Kon Tum,2017-09-01,269.17902,214.10579952984213,236.68526,200.8886438593548,259.75775,186.34792797747428,0.0,188.97523558595867,0.0,208.3544480392049,0.0,233.15264766173613
squeezed_Kon Tum,2017-10-01,236.68526,225.08855855236362,259.75775,200.87661882507794,0.0,184.9854963395511,0.0,215.85312533372993,0.0,224.57703269269797,0.0,245.39233618488984
squeezed_Kon Tum,2017-11-01,259.75775,229.59337456067723,0.0,201.3454983796746,0.0,237.56455391148629,0.0,219.95289264992314,0.0,231.57015136272167,0.0,257.7023031405203
squeezed_Kon Tum,2017-12-01,0.0,220.68690798361996,0.0,244.86270371269362,0.0,238.47520127165427,0.0,244.479872962969,0.0,244.73155358533782,0.0,260.4072665292648
squeezed_Lai Châu,2016-01-01,75.68807,87.55448613004762,89.44954,100.00520032925589,94.26605,100.2284545183197,90.13761,97.07690497967866,109.633026,102.37566483039092,79.81651,118.50390664118922
squeezed_Lai Châu,2016-02-01,89.44954,108.36406188079135,94.26605,89.66016725885598,90.13761,102.3865613507717,109.633026,103.59309260263903,79.81651,112.2252932857398,67.201836,98.97427175916489
squeezed_Lai Châu,2016-03-01,94.26605,93.26999999923973,90.13761,90.80873375573212,109.633026,99.38170141394741,79.81651,100.19938732545747,67.201836,87.41741134408817,65.59633,87.93986563619588
squeezed_Lai Châu,2016-04-01,90.13761,101.22721030731498,109.633026,96.57795468027749,79.81651,83.11726004129578,67.201836,81.59591061961575,65.59633,75.77105702823705,51.37615,75.32204911762526
squeezed_Lai Châu,2016-05-01,109.633026,87.59441549870898,79.81651,86.86151133981836,67.201836,78.4030095724676,65.59633,82.58366531904302,51.37615,74.42600664957311,51.14679,73.44970786086158
squeezed_Lai Châu,2016-06-01,79.81651,93.16857773588794,67.201836,91.75756474161771,65.59633,84.97811971451175,51.37615,81.54408963733427,51.14679,80.99642947609391,45.87156,80.0173686029986
squeezed_Lai Châu,2016-07-01,67.201836,78.90193901005469,65.59633,83.00109264845324,51.37615,77.97268123750949,51.14679,79.55056707199093,45.87156,78.8007349671474,51.51856,74.6687485721971
squeezed_Lai Châu,2016-08-01,65.59633,80.24424417834523,51.37615,73.89557541219742,51.14679,75.08254681553147,45.87156,71.13863992211697,51.51856,65.32685376501708,0.0,63.951551289167895
squeezed_Lai Châu,2016-09-01,51.37615,71.24863258197068,51.14679,69.94995392849889,45.87156,71.91894306084689,51.51856,62.1683233196474,0.0,58.48699682243634,78.51518,77.39587002435367
squeezed_Lai Châu,2016-10-01,51.14679,61.17250442808694,45.87156,64.27493201999734,51.51856,64.4417875911951,0.0,62.22520070484874,78.51518,74.60554983771537,67.49156,69.31603542199431
squeezed_Lai Châu,2016-11-01,45.87156,61.246744231907925,51.51856,58.18763017852079,0.0,58.86825519688302,78.51518,68.83925798920608,67.49156,72.18925094323211,68.16648,71.84480263014446
squeezed_Lai Châu,2016-12-01,51.51856,50.76296442434642,0.0,42.85701731826027,78.51518,57.45918732979171,67.49156,72.20980563557326,68.16648,68.24528891447885,69.291336,78.10554206854384
squeezed_Lai Châu,2017-01-01,0.0,58.263370089291676,78.51518,43.04178954782168,67.49156,67.98619050701386,68.16648,73.65751019147592,69.291336,62.382945337232655,63.44207,71.4328236040693
squeezed_Lai Châu,2017-02-01,78.51518,24.27288729884547,67.49156,14.961590052855362,68.16648,31.52322953065304,69.291336,36.021945795499384,63.44207,23.61190043129729,0.0,26.720762619314826
squeezed_Lai Châu,2017-03-01,67.49156,65.69140439868657,68.16648,77.34143087551968,69.291336,67.22408372658786,63.44207,50.991670258166295,0.0,61.170526870477545,67.49156,51.3843313573191
squeezed_Lai Châu,2017-04-01,68.16648,68.32538861063979,69.291336,72.47890676335308,63.44207,75.13110863722628,0.0,59.34618515968916,67.49156,45.15496751367927,61.192352,46.56422032625537
squeezed_Lai Châu,2017-05-01,69.291336,68.5968788681514,63.44207,65.83094921194156,0.0,70.89622176890283,67.49156,56.176711723308095,61.192352,50.17463555368404,66.81665,47.68251698215388
squeezed_Lai Châu,2017-06-01,63.44207,66.44559347845237,0.0,62.67549690854468,67.49156,61.276108772597446,61.192352,50.92470030539939,66.81665,59.2073079143038,68.39145,47.37633243961876
squeezed_Lai Châu,2017-07-01,0.0,64.36905849051273,67.49156,54.182010331530314,61.192352,54.71886323713472,66.81665,49.31332544822999,68.39145,49.280986822642134,98.36789,41.74157746163961
squeezed_Lai Châu,2017-08-01,67.49156,21.64646141333203,61.192352,19.878523769377644,66.81665,21.188389195989846,68.39145,19.821876816552113,98.36789,25.734328525561477,105.86678,57.57811589170595
squeezed_Lai Châu,2017-09-01,61.192352,50.163015914405825,66.81665,49.14739982926395,68.39145,44.30902742164251,98.36789,39.6511118021987,105.86678,69.19838785297232,91.530655,50.9560276084186
squeezed_Lai Châu,2017-10-01,66.81665,50.158041409031256,68.39145,48.42580435756507,98.36789,55.45147082807075,105.86678,74.532578582721,91.530655,62.0528185811387,88.88399,70.62588366877227
squeezed_Lai Châu,2017-11-01,68.39145,57.83252504543952,98.36789,54.03122130190857,105.86678,80.30244683459583,91.530655,63.61001579980957,88.88399,96.45464252059068,132.33348,73.79116025868022
squeezed_Lai Châu,2017-12-01,98.36789,73.7900821740387,105.86678,109.24454682101977,91.530655,83.93898856303906,88.88399,83.9619461418229,132.33348,97.99163102538367,114.2479,103.78870078192082
squeezed_Long An,2016-01-01,29.719576,31.30996143562622,35.8245,36.53047246412048,36.897892,35.2400824273552,34.21441,46.93889809741611,30.32336,39.05057120929174,30.927143,33.5937534589327
squeezed_Long An,2016-02-01,35.8245,36.93400975899895,36.897892,35.47162066561887,34.21441,46.96791138008873,30.32336,43.65467407754474,30.927143,40.01838629377634,31.396753,33.80467240848829
squeezed_Long An,2016-03-01,36.897892,37.52473263053981,34.21441,52.62941365162443,30.32336,44.922504842797956,30.927143,38.40868249726548,31.396753,36.95427829128559,32.87267,43.23686467768804
squeezed_Long An,2016-04-01,34.21441,51.48304575889182,30.32336,41.836201644634826,30.927143,39.040529603715505,31.396753,43.092260384493656,32.87267,49.26204279280673,28.24366,30.590466776537536
squeezed_Long An,2016-05-01,30.32336,35.14248723771426,30.927143,33.27919891243931,31.396753,32.10874076616236,32.87267,31.779329929181618,28.24366,32.74392826591629,25.627264,34.53324482037696
squeezed_Long An,2016-06-01,30.927143,31.69120126098295,31.396753,30.613436180421026,32.87267,32.2347724419032,28.24366,31.50279359562487,25.627264,34.57520146119174,3.6227024,33.373208340250514
squeezed_Long An,2016-07-01,31.396753,32.22840175163443,32.87267,32.61483798885231,28.24366,29.458304545970893,25.627264,23.727495490090913,3.6227024,22.98649783245792,23.280996,26.603504243984364
squeezed_Long An,2016-08-01,32.87267,33.390518070390655,28.24366,28.630000409388465,25.627264,29.421409562154448,3.6227024,23.82112984173765,23.280996,25.8064920830475,21.476269,27.347254876434544
squeezed_Long An,2016-09-01,28.24366,34.05976815534141,25.627264,28.22164644204629,3.6227024,29.92643580369935,23.280996,23.181784278541848,21.476269,26.073137327510857,25.145882,31.729718686124205
squeezed_Long An,2016-10-01,25.627264,30.67581477184716,3.6227024,28.806865654366504,23.280996,29.452444975270655,21.476269,28.255114267885812,25.145882,32.26418314277451,23.220839,30.44341842829811
squeezed_Long An,2016-11-01,3.6227024,22.761000097038924,23.280996,25.721327626879408,21.476269,25.776775233972437,25.145882,28.794675306379613,23.220839,32.325179691566795,24.123203,29.346555137032592
squeezed_Long An,2016-12-01,23.280996,39.576197653151446,21.476269,18.442149520424735,25.145882,20.26196457857032,23.220839,26.794159761762707,24.123203,29.26225392152944,22.739578,31.15555207855277
squeezed_Long An,2017-01-01,21.476269,26.695599917055958,25.145882,34.43099235435438,23.220839,30.14606427685576,24.123203,29.100434165263795,22.739578,29.429946299252823,20.032486,27.63653371675856
squeezed_Long An,2017-02-01,25.145882,23.785703258982053,23.220839,32.29773382593575,24.123203,28.57324795169413,22.739578,29.92189501645624,20.032486,28.47749051176193,21.17548,35.841551126659056
squeezed_Long An,2017-03-01,23.220839,25.4696507838904,24.123203,24.94865711997736,22.739578,31.096332035669846,20.032486,32.474211460744556,21.17548,35.58355924658516,20.573904,28.359371062956683
squeezed_Long An,2017-04-01,24.123203,22.13347971654632,22.739578,26.403996128268158,20.032486,28.117280606128503,21.17548,26.919410357648363,20.573904,22.33975776317315,22.198158,21.568861308979237
squeezed_Long An,2017-05-01,22.739578,24.585212161943144,20.032486,25.747939755377942,21.17548,20.9677084811713,20.573904,20.69619256339275,22.198158,18.260081849030602,14.678457,22.318248352132613
squeezed_Long An,2017-06-01,20.032486,21.948283095648787,21.17548,23.373072559924132,20.573904,24.332407140064568,22.198158,17.44574677031589,14.678457,20.083694163371458,19.250437,38.34231700694839
squeezed_Long An,2017-07-01,21.17548,19.739284993825642,20.573904,15.085149862037708,22.198158,21.434318927177436,14.678457,16.82298388291094,19.250437,43.43568268804138,21.680862,24.212134853411715
squeezed_Long An,2017-08-01,20.573904,17.136980890963212,22.198158,15.65206459127076,14.678457,19.2351909486716,19.250437,46.51086719175551,21.680862,23.669015822645576,22.276491,23.70112258568674
squeezed_Long An,2017-09-01,22.198158,16.854059509143728,14.678457,17.612513417181244,19.250437,46.685927292032524,21.680862,25.259027887640922,22.276491,18.315987225879677,26.50545,28.820941836160838
squeezed_Long An,2017-10-01,14.678457,19.104541753359136,19.250437,39.572028948099096,21.680862,27.179773157763087,22.276491,24.359037586474244,26.50545,27.72863207437464,23.586872,27.023127341839526
squeezed_Long An,2017-11-01,19.250437,34.123160467761586,21.680862,26.79915591349373,22.276491,20.60664042588733,26.50545,23.671756441049528,23.586872,24.823701043903757,24.659002,29.052460892928433
squeezed_Long An,2017-12-01,21.680862,31.678823315481743,22.276491,21.403737893736352,26.50545,19.27372347027288,23.586872,24.90087880520956,24.659002,28.428019197559156,22.752993,29.52038325783659
squeezed_Lào Cai,2016-01-01,88.84992,103.12406642186488,90.74967,108.80640483231674,93.23396,108.87950002670613,98.202545,107.82683733556678,113.40056,116.2292890764529,94.69531,130.1472344243999
squeezed_Lào Cai,2016-02-01,90.74967,104.12110312664095,93.23396,109.83851179692034,98.202545,117.85058170123973,113.40056,141.7182840760899,94.69531,138.54479321310387,60.20751,118.91010578706174
squeezed_Lào Cai,2016-03-01,93.23396,106.86270570310214,98.202545,131.0721847975089,113.40056,139.078655436679,94.69531,132.39375028522826,60.20751,118.67597201173565,96.01052,114.08390909690782
squeezed_Lào Cai,2016-04-01,98.202545,115.98606043597596,113.40056,137.25455252888904,94.69531,107.68965652428545,60.20751,91.48819800837974,96.01052,88.81351500200967,90.019,85.19073831416094
squeezed_Lào Cai,2016-05-01,113.40056,105.52419132061966,94.69531,116.43402561093995,60.20751,108.53972044258614,96.01052,97.12718072289887,90.019,77.7057219362323,78.91276,86.89470763065519
squeezed_Lào Cai,2016-06-01,94.69531,97.317848834394,60.20751,112.37805207574833,96.01052,85.20577610863025,90.019,82.74155845692898,78.91276,85.91097466774846,72.921234,83.1256816468811
squeezed_Lào Cai,2016-07-01,60.20751,91.46328573192928,96.01052,89.49460047193266,90.019,80.545801196246,78.91276,82.49993053048958,72.921234,82.51392157204577,61.812023,69.68820281253373
squeezed_Lào Cai,2016-08-01,96.01052,72.2467093942923,90.019,71.69863034996663,78.91276,76.1495366510781,72.921234,78.2757483284619,61.812023,61.732640154674556,0.0,60.349105893394785
squeezed_Lào Cai,2016-09-01,90.019,81.09809784670693,78.91276,82.99275200069283,72.921234,79.98556887354667,61.812023,62.05616620698686,0.0,61.47783967053113,0.0,83.73872902261326
squeezed_Lào Cai,2016-10-01,78.91276,79.32721035262504,72.921234,82.57903757071395,61.812023,80.8949348798415,0.0,69.55169314453157,0.0,69.51728620974897,0.0,49.8526426330354
squeezed_Lào Cai,2016-11-01,72.921234,83.5170893982977,61.812023,73.31483814615088,0.0,72.62154027510948,0.0,73.9365540486449,0.0,52.30713557231018,69.29156,67.70642830909333
squeezed_Lào Cai,2016-12-01,61.812023,66.36105057480576,0.0,60.106815223995795,0.0,70.637312227888,0.0,60.729817772630405,69.29156,74.81761792262003,60.11854,101.46597720939037
squeezed_Lào Cai,2017-01-01,0.0,68.02014997014706,0.0,68.41759812537306,0.0,60.516485429062804,69.29156,63.972416600266556,60.11854,86.35752426491784,50.945526,103.1375220354933
squeezed_Lào Cai,2017-02-01,0.0,17.31988440429085,0.0,35.120811521576286,69.29156,36.524437373032725,60.11854,50.717305876389744,50.945526,56.73989123468802,56.025967,46.06288553319696
squeezed_Lào Cai,2017-03-01,0.0,11.984179047040774,69.29156,47.55969819663065,60.11854,26.86732718485874,50.945526,22.405807662183825,56.025967,25.517578554988905,71.54954,73.23343271162368
squeezed_Lào Cai,2017-04-01,69.29156,13.48680495839532,60.11854,26.694758588109295,50.945526,14.703833866536902,56.025967,20.28657044694883,71.54954,35.53290775702561,77.617836,9.92712134001798
squeezed_Lào Cai,2017-05-01,60.11854,67.1659742841521,50.945526,73.8188459581986,56.025967,77.1086106614387,71.54954,55.917879068337896,77.617836,41.80589720565404,60.683037,36.358905229771025
squeezed_Lào Cai,2017-06-01,50.945526,58.656103681101776,56.025967,75.75590594585066,71.54954,66.00609904109602,77.617836,54.32128355986494,60.683037,33.5177565415363,0.0,42.309893023328634
squeezed_Lào Cai,2017-07-01,56.025967,74.46971666684959,71.54954,56.77434646743754,77.617836,60.7408801415257,60.683037,48.63654149564198,0.0,44.69803664746078,72.83574,38.726257880993536
squeezed_Lào Cai,2017-08-01,71.54954,59.861605338967486,77.617836,54.13282608053797,60.683037,52.71293530856311,0.0,53.19592717934997,72.83574,52.42604475124112,58.82353,57.33310791066793
squeezed_Lào Cai,2017-09-01,77.617836,65.8221261291428,60.683037,61.24224888073103,0.0,61.138391818633025,72.83574,52.124865800355536,58.82353,67.28246109126566,55.216427,58.981896588945645
squeezed_Lào Cai,2017-10-01,60.683037,69.73493043164018,0.0,65.27349610652281,72.83574,77.06877668262949,58.82353,52.412456935872626,55.216427,102.04730114423289,57.852386,113.35920944907585
squeezed_Lào Cai,2017-11-01,0.0,59.5672377311363,72.83574,70.10262704144453,58.82353,71.51012358469696,55.216427,116.1867777490031,57.852386,121.05617969215324,84.76692,127.09561676476764
squeezed_Lào Cai,2017-12-01,72.83574,64.37084813352071,58.82353,107.9293380320002,55.216427,104.04579829700134,57.852386,122.09316028660334,84.76692,98.91369932153071,57.574917,142.52653597350505
squeezed_Lâm Đồng,2016-01-01,41.608444,40.17639617837623,62.645554,44.34621531351663,44.40304,43.675637810895026,66.91508,40.26632207745382,59.30756,49.945237128496764,66.29405,43.63553879103861
squeezed_Lâm Đồng,2016-02-01,62.645554,52.93465037425832,44.40304,43.524234094528865,66.91508,52.38083958301711,59.30756,51.40959073826873,66.29405,46.59003618050041,44.48067,55.571402961631016
squeezed_Lâm Đồng,2016-03-01,44.40304,55.98987783323442,66.91508,55.21097136228148,59.30756,64.49987413676592,66.29405,55.88233119557225,44.48067,59.23804747884168,62.33504,44.5865492786374
squeezed_Lâm Đồng,2016-04-01,66.91508,51.91768897272128,59.30756,47.68832134090447,66.29405,50.30932037225366,44.48067,44.966407327803424,62.33504,40.630245448495586,60.00621,44.99567838329051
squeezed_Lâm Đồng,2016-05-01,59.30756,59.24613187959233,66.29405,52.38040977249111,44.48067,52.965004063825006,62.33504,46.43245316337982,60.00621,45.79540927968786,46.654247,41.65077417963996
squeezed_Lâm Đồng,2016-06-01,66.29405,51.446777020399765,44.48067,47.143433515072054,62.33504,49.794943270168076,60.00621,49.542989396826265,46.654247,48.930349508221646,46.654247,45.57581721081552
squeezed_Lâm Đồng,2016-07-01,44.48067,55.890522593902446,62.33504,49.9630877477777,60.00621,50.964677208365686,46.654247,52.131690107384166,46.654247,46.49593043897709,34.73035,48.017752939614226
squeezed_Lâm Đồng,2016-08-01,62.33504,44.67497987329944,60.00621,46.49139783843749,46.654247,49.535770481925454,46.654247,46.3477612638441,34.73035,45.084539618738106,56.03684,47.30681944391104
squeezed_Lâm Đồng,2016-09-01,60.00621,54.7619706235712,46.654247,52.79050722353491,46.654247,53.66987041801143,34.73035,48.88108732827087,56.03684,49.002736069439734,77.8116,51.04659060480688
squeezed_Lâm Đồng,2016-10-01,46.654247,52.14128987866501,46.654247,52.418717002719035,34.73035,52.94612252139,56.03684,57.82871570910248,77.8116,54.97147249740968,66.651054,58.90687319618356
squeezed_Lâm Đồng,2016-11-01,46.654247,49.11638831957101,34.73035,48.49226992261597,56.03684,49.811833690251895,77.8116,49.17241588448126,66.651054,52.7962793377716,100.83509,50.224898302675385
squeezed_Lâm Đồng,2016-12-01,34.73035,43.19410381620131,56.03684,50.416493134432876,77.8116,47.24606108404355,66.651054,52.0633543691824,100.83509,49.13964000879946,132.52165,49.41389420429995
squeezed_Lâm Đồng,2017-01-01,56.03684,45.76106764586346,77.8116,47.05018264192101,66.651054,46.85834285577915,100.83509,44.551280960125034,132.52165,48.44567509619041,85.225945,45.93134182820658
squeezed_Lâm Đồng,2017-02-01,77.8116,52.84102360634581,66.651054,49.690653098608934,100.83509,52.898159817670056,132.52165,51.547442981388315,85.225945,54.77430185903284,64.465775,51.772861870273076
squeezed_Lâm Đồng,2017-03-01,66.651054,70.09193166727607,100.83509,63.78985430155695,132.52165,64.17375291638693,85.225945,63.16404602419397,64.465775,58.374900171135806,63.217045,53.538779283191175
squeezed_Lâm Đồng,2017-04-01,100.83509,67.61406439145973,132.52165,60.88233848354989,85.225945,59.364225145514006,64.465775,55.6735271694826,63.217045,48.37632629312534,55.256382,50.918294996769184
squeezed_Lâm Đồng,2017-05-01,132.52165,76.94220723689207,85.225945,71.7745950387824,64.465775,74.38554070058858,63.217045,73.25930123223556,55.256382,62.94460752818408,47.139626,49.9761007538674
squeezed_Lâm Đồng,2017-06-01,85.225945,97.0219328251827,64.465775,87.21427936014948,63.217045,85.96970500839298,55.256382,77.46906699780757,47.139626,80.58092229999676,46.359165,74.19320778629279
squeezed_Lâm Đồng,2017-07-01,64.465775,83.17127339677327,63.217045,79.22412071692919,55.256382,65.00182020472309,47.139626,62.79772011551682,46.359165,68.90064742792268,22.843426,58.265304851337476
squeezed_Lâm Đồng,2017-08-01,63.217045,70.2405521802128,55.256382,62.613254372742524,47.139626,62.9328878527114,46.359165,61.167240669776845,22.843426,57.1936117519552,45.22224,66.57593399023636
squeezed_Lâm Đồng,2017-09-01,55.256382,59.24878563417809,47.139626,59.04393790664597,46.359165,58.886511134989036,22.843426,53.08987674897858,45.22224,59.894272485831834,74.33793,70.78645195952723
squeezed_Lâm Đồng,2017-10-01,47.139626,56.08094073643344,46.359165,54.4127118285895,22.843426,50.743747870611934,45.22224,63.12582234614185,74.33793,66.39701494073121,68.375404,63.85285229487286
squeezed_Lâm Đồng,2017-11-01,46.359165,52.165562746916464,22.843426,50.041261073288425,45.22224,54.56371095219308,74.33793,60.973452013570466,68.375404,57.68163729441735,78.67431,63.01962870536567
squeezed_Lâm Đồng,2017-12-01,22.843426,41.879956121082,45.22224,53.79223591831647,74.33793,55.83036627652617,68.375404,58.142210139449304,78.67431,62.176552083387854,88.895775,58.03372693619332
squeezed_Lạng Sơn,2016-01-01,40.718094,40.95943011401073,52.426174,65.13832681247085,49.04384,56.62760413865672,58.280212,55.5052625104438,30.831274,64.54503734169171,26.668402,77.67927788904886
squeezed_Lạng Sơn,2016-02-01,52.426174,62.84461729631475,49.04384,61.850621932443765,58.280212,56.481189488535506,30.831274,54.70293152180444,26.668402,78.63462534777287,55.808506,83.7660576529924
squeezed_Lạng Sơn,2016-03-01,49.04384,58.725873853147995,58.280212,59.9984042699875,30.831274,61.75336169721174,26.668402,69.11460258324195,55.808506,58.35280060291441,45.401325,56.77291933405831
squeezed_Lạng Sơn,2016-04-01,58.280212,49.86655820337217,30.831274,49.7959036641274,26.668402,51.87045259780762,55.808506,44.69016073196767,45.401325,44.444141525328455,40.197735,41.80700897360315
squeezed_Lạng Sơn,2016-05-01,30.831274,58.951448168835825,26.668402,52.27091235270942,55.808506,49.20626520687924,45.401325,49.32383840528339,40.197735,46.206872070953196,40.067646,47.46256336059793
squeezed_Lạng Sơn,2016-06-01,26.668402,43.896409598341926,55.808506,38.360049309549076,45.401325,36.91906970206044,40.197735,43.27013330410306,40.067646,38.03860957577405,7.545206,43.06249083307823
squeezed_Lạng Sơn,2016-07-01,55.808506,26.429361240522688,45.401325,31.0939755862552,40.197735,31.993779402939357,40.067646,33.133097199120705,7.545206,36.14489356044015,30.050735,30.135914044727247
squeezed_Lạng Sơn,2016-08-01,45.401325,41.050657379916295,40.197735,47.99308166337237,40.067646,43.645355347033686,7.545206,45.31715201208498,30.050735,40.16010737766685,34.213608,41.36986509262712
squeezed_Lạng Sơn,2016-09-01,40.197735,48.30781464988401,40.067646,43.56527091734242,7.545206,52.03920930824032,30.050735,40.55375286775195,34.213608,31.133504885771803,34.864056,43.01613729741989
squeezed_Lạng Sơn,2016-10-01,40.067646,39.19414699060456,7.545206,48.942237152456244,30.050735,37.46513482117339,34.213608,34.32549740686588,34.864056,40.35016265292787,37.59594,42.887868757027974
squeezed_Lạng Sơn,2016-11-01,7.545206,49.21321096081735,30.050735,36.637710906097944,34.213608,32.06894227836185,34.864056,38.086982965095395,37.59594,40.14837691334103,50.604916,54.83285670914767
squeezed_Lạng Sơn,2016-12-01,30.050735,32.98492449118135,34.213608,10.383162822321909,34.864056,15.888123174034028,37.59594,19.68948014073823,50.604916,31.222601237258633,42.409264,34.789831161910755
squeezed_Lạng Sơn,2017-01-01,34.213608,26.976872734351947,34.864056,25.255571139492925,37.59594,31.116711289683195,50.604916,29.561202557331974,42.409264,28.056408746292718,34.994144,38.20964489800735
squeezed_Lạng Sơn,2017-02-01,34.864056,34.48165831802199,37.59594,42.194581842323636,50.604916,46.73003136661491,42.409264,44.99350103769058,34.994144,46.16937780124128,33.30298,40.68846794403007
squeezed_Lạng Sơn,2017-03-01,37.59594,39.5166883539951,50.604916,40.426013289109285,42.409264,40.91057873560437,34.994144,38.04922512377342,33.30298,38.32362666402285,26.79849,39.00623984809996
squeezed_Lạng Sơn,2017-04-01,50.604916,39.26167268730517,42.409264,41.15894629644425,34.994144,37.685724216063264,33.30298,35.44204572485142,26.79849,36.34575456144782,27.57903,35.22624953133
squeezed_Lạng Sơn,2017-05-01,42.409264,46.35532254086035,34.994144,41.576241329002016,33.30298,42.73461091743685,26.79849,38.880725010804255,27.57903,37.06325748892225,23.936516,37.56709019983671
squeezed_Lạng Sơn,2017-06-01,34.994144,39.52407527829154,33.30298,38.95576578819697,26.79849,37.54996454841367,27.57903,33.39022549317344,23.936516,34.92075565825946,29.920645,47.216688714648974
squeezed_Lạng Sơn,2017-07-01,33.30298,37.58469768978299,26.79849,35.3823666597205,27.57903,32.73925209560787,23.936516,32.799671559761045,29.920645,60.96827182469625,20.621214,36.152862639189756
squeezed_Lạng Sơn,2017-08-01,26.79849,33.50172754810768,27.57903,29.241190949022002,23.936516,38.10531585549108,29.920645,65.76124866962081,20.621214,35.93542528680278,22.941101,38.34972202425983
squeezed_Lạng Sơn,2017-09-01,27.57903,30.935765238378597,23.936516,31.46145987281819,29.920645,54.350235406002454,20.621214,35.95057247049416,22.941101,29.055483295731754,31.447351,36.22307952986966
squeezed_Lạng Sơn,2017-10-01,23.936516,30.19558366897626,29.920645,45.88693879891514,20.621214,32.52798204638635,22.941101,36.43128118543249,31.447351,34.46838603565822,25.776518,31.68218716407695
squeezed_Lạng Sơn,2017-11-01,29.920645,41.59924273936718,20.621214,29.270148230387463,22.941101,32.696838925665425,31.447351,30.012993311850746,25.776518,32.083388304819586,33.122826,34.46296792927269
squeezed_Lạng Sơn,2017-12-01,20.621214,30.12272646532817,22.941101,44.74631984557583,31.447351,40.56397203602118,25.776518,39.357272039240236,33.122826,41.61498663559963,25.003222,54.05181403466664
squeezed_Nam Định,2016-01-01,24.398144,26.505535367173056,23.91234,34.25424789872766,28.176617,28.82959763585746,21.699234,32.670361063254695,25.801577,43.33901412397329,27.097054,35.29090388612177
squeezed_Nam Định,2016-02-01,23.91234,35.02345466056669,28.176617,35.23969008445954,21.699234,39.88492250835517,25.801577,37.282625568848076,27.097054,47.026932564919754,25.96351,31.766545039435172
squeezed_Nam Định,2016-03-01,28.176617,24.568435765749285,21.699234,34.88149301037085,25.801577,31.683484575276214,27.097054,35.51934065233756,25.96351,28.23723386357594,22.72482,29.973122247839772
squeezed_Nam Định,2016-04-01,21.699234,35.48144675139442,25.801577,35.87083844382846,27.097054,30.55208286861395,25.96351,25.95244488666487,22.72482,27.203976511597553,24.560078,25.109210715280316
squeezed_Nam Định,2016-05-01,25.801577,33.973869081448825,27.097054,27.21934036995907,25.96351,23.1209022808676,22.72482,20.672779448047347,24.560078,20.424113978260408,25.477707,31.28021119146231
squeezed_Nam Định,2016-06-01,27.097054,24.059494217993674,25.96351,23.12926588761526,22.72482,24.550245599738584,24.560078,22.890885048909514,25.477707,29.944480754104298,25.69362,24.069958102801248
squeezed_Nam Định,2016-07-01,25.96351,29.033588313450636,22.72482,25.626467090743162,24.560078,23.69407479400621,25.477707,23.828500979078132,25.69362,21.98381844042905,21.80964,20.595839169304615
squeezed_Nam Định,2016-08-01,22.72482,21.14376915572838,24.560078,26.52012702519313,25.477707,25.76739473107658,25.69362,20.945800053201577,21.80964,19.870833772508064,25.612349,21.400421962509753
squeezed_Nam Định,2016-09-01,24.560078,20.591826726019217,25.477707,23.765003686853664,25.69362,21.81352803446542,21.80964,18.316484783742908,25.612349,21.420524550948294,26.227491,23.89504939465344
squeezed_Nam Định,2016-10-01,25.477707,21.702228353909117,25.69362,21.39969407469849,21.80964,21.301892240654556,25.612349,24.938747153241362,26.227491,23.506721335625333,18.957611,29.142090920615484
squeezed_Nam Định,2016-11-01,25.69362,22.41789854555016,21.80964,26.815501940886893,25.612349,21.259270139680194,26.227491,26.727810962273818,18.957611,30.21768943495398,21.418186,21.613719055534695
squeezed_Nam Định,2016-12-01,21.80964,30.012603999740833,25.612349,24.827516684486802,26.227491,29.387629921049378,18.957611,22.9954019043781,21.418186,23.923880987955666,0.0,28.285087896231285
squeezed_Nam Định,2017-01-01,25.612349,18.08422887880425,26.227491,25.25146575818665,18.957611,22.444398008995094,21.418186,22.903551955495008,0.0,17.60308027360023,13.645006,10.491928484295563
squeezed_Nam Định,2017-02-01,26.227491,27.28345099273942,18.957611,27.11025907549521,21.418186,39.76465567134384,0.0,33.76836146335577,13.645006,34.04891523245489,25.220892,40.03449075234006
squeezed_Nam Định,2017-03-01,18.957611,25.907899700398506,21.418186,37.86084204867909,0.0,29.13686520895869,13.645006,31.152968702761964,25.220892,38.730053809145765,21.977407,38.79188929866193
squeezed_Nam Định,2017-04-01,21.418186,24.98115519768337,0.0,23.65402685678346,13.645006,24.098090941989796,25.220892,23.518405804241493,21.977407,28.659731329948155,21.194498,22.57082675255992
squeezed_Nam Định,2017-05-01,0.0,29.53679336407474,13.645006,27.331532351378407,25.220892,20.929889271539565,21.977407,26.45440315350945,21.194498,19.623899810033947,19.404987,37.8140508935152
squeezed_Nam Định,2017-06-01,13.645006,5.901058919132479,25.220892,3.325266863275207,21.977407,9.860015878993226,21.194498,9.47590477484785,19.404987,26.188431021931763,14.092383,12.033474005645699
squeezed_Nam Định,2017-07-01,25.220892,10.088180777811179,21.977407,18.36997631418474,21.194498,11.518239460589925,19.404987,15.770023525381198,14.092383,15.11557702335329,0.0,16.9340232334242
squeezed_Nam Định,2017-08-01,21.977407,19.052933089793456,21.194498,21.03342012976386,19.404987,21.70178904233883,14.092383,19.320997965197094,0.0,16.862140504069057,0.0,21.872877999951342
squeezed_Nam Định,2017-09-01,21.194498,18.93565577267457,19.404987,22.04631845286499,14.092383,22.201565948423553,0.0,19.674718998403108,0.0,19.341776571632852,0.0,24.399310390663686
squeezed_Nam Định,2017-10-01,19.404987,18.40951266278849,14.092383,17.599722777643585,0.0,16.025320684547484,0.0,24.959836160573413,0.0,26.139037915004142,0.0,29.943585396727883
squeezed_Nam Định,2017-11-01,14.092383,16.625706461119485,0.0,21.105854227086798,0.0,25.145713585528885,0.0,24.92497490485306,0.0,31.423198500967768,0.0,32.3918664971615
squeezed_Nam Định,2017-12-01,0.0,31.716292520316674,0.0,26.00943857953326,0.0,27.390006136024375,0.0,29.668944917492265,0.0,35.30814370821331,0.0,46.10861441343866
squeezed_Nghệ An,2016-01-01,36.805668,46.803339428553734,40.766384,50.57501466204493,38.737724,54.34713350291888,43.82547,51.53682207570632,47.013363,52.89616050899441,41.3782,54.9626486581354
squeezed_Nghệ An,2016-02-01,40.766384,43.43291327943117,38.737724,51.39605184697392,43.82547,57.104751321803825,47.013363,52.13257790618561,41.3782,69.95700178472974,41.603607,58.30967994905243
squeezed_Nghệ An,2016-03-01,38.737724,43.64422882078734,43.82547,50.73497493253159,47.013363,46.125396176995324,41.3782,48.706407337606805,41.603607,46.48284443627891,41.08839,47.79353462378365
squeezed_Nghệ An,2016-04-01,43.82547,45.642230610986665,47.013363,45.303561843382454,41.3782,37.62527562976547,41.603607,39.460984438863704,41.08839,38.05925434979997,40.862984,50.71754316923357
squeezed_Nghệ An,2016-05-01,47.013363,46.63020803639935,41.3782,40.24727515851399,41.603607,40.664521539918724,41.08839,41.41479595847586,40.862984,45.6149059499471,42.312027,70.65874254505626
squeezed_Nghệ An,2016-06-01,41.3782,43.588315991253175,41.603607,54.57335964422752,41.08839,55.40806134560681,40.862984,41.636122216211206,42.312027,79.77858987302983,0.64401865,47.35055354870946
squeezed_Nghệ An,2016-07-01,41.603607,52.02201719787682,41.08839,53.83763340011124,40.862984,39.33044282124967,42.312027,40.58429306887995,0.64401865,48.05241448582009,27.905258,36.432835204484775
squeezed_Nghệ An,2016-08-01,41.08839,37.393053511031624,40.862984,39.335095170969396,42.312027,36.95288230524201,0.64401865,38.72616137588484,27.905258,35.10189303216126,31.324114,40.20639605735414
squeezed_Nghệ An,2016-09-01,40.862984,37.94780962427946,42.312027,38.543863802517905,0.64401865,36.055254779443146,27.905258,33.781290675254155,31.324114,34.68806654170984,30.985308,44.26515040287506
squeezed_Nghệ An,2016-10-01,42.312027,36.51664464659765,0.64401865,39.360584910470024,27.905258,34.937786864545444,31.324114,38.80141887239865,30.985308,39.90247209917635,28.05926,45.70825655844197
squeezed_Nghệ An,2016-11-01,0.64401865,37.394575071826736,27.905258,37.81544640217785,31.324114,30.16954020657772,30.985308,40.193398552139485,28.05926,39.31172106193253,27.227646,46.751657527363655
squeezed_Nghệ An,2016-12-01,27.905258,32.225430056544404,31.324114,12.67106857613803,30.985308,13.722131116040094,28.05926,21.002930716835976,27.227646,24.753979888986205,34.09616,22.395863977779996
squeezed_Nghệ An,2017-01-01,31.324114,27.686847202487876,30.985308,31.939001977880405,28.05926,28.124020186620346,27.227646,29.75003459748556,34.09616,29.519518414303725,40.25626,32.63301007807122
squeezed_Nghệ An,2017-02-01,30.985308,32.18443702385596,28.05926,37.51703802622801,27.227646,39.76677481128508,34.09616,37.44101532103207,40.25626,39.9996863845061,0.0,34.17104799013821
squeezed_Nghệ An,2017-03-01,28.05926,37.9053937645246,27.227646,36.368993989485176,34.09616,38.11977870354691,40.25626,38.91705938097385,0.0,34.68444219780755,36.375397,37.255728638596956
squeezed_Nghệ An,2017-04-01,27.227646,37.724085513223834,34.09616,35.41583142453505,40.25626,35.185586233239626,0.0,30.82548257144475,36.375397,29.212906728474962,37.08381,29.04337815410743
squeezed_Nghệ An,2017-05-01,34.09616,32.43280568518189,40.25626,30.540269397446252,0.0,22.970352728195667,36.375397,30.92543043333736,37.08381,23.755394489739437,42.966705,62.57499432886231
squeezed_Nghệ An,2017-06-01,40.25626,32.24328702499861,0.0,29.96705471171329,36.375397,28.51463420765218,37.08381,26.942915366644858,42.966705,53.586668746826135,36.6218,47.6490226965963
squeezed_Nghệ An,2017-07-01,0.0,32.89366355157677,36.375397,33.96382762306803,37.08381,30.996444336652594,42.966705,29.936158955335596,36.6218,54.02899753639235,28.923862,34.51558998597526
squeezed_Nghệ An,2017-08-01,36.375397,7.334104170454646,37.08381,9.057118268254989,42.966705,13.952177548121055,36.6218,51.616572469242165,28.923862,19.85477140523991,25.58182,14.448613452612184
squeezed_Nghệ An,2017-09-01,37.08381,27.073465634743574,42.966705,29.477599614106683,36.6218,50.12628953683667,28.923862,27.284632601934174,25.58182,25.02008778285781,30.625265,37.07556059268675
squeezed_Nghệ An,2017-10-01,42.966705,33.9632750617033,36.6218,45.28195432734126,28.923862,29.615596378293898,25.58182,29.36481679070369,30.625265,39.48611693972511,38.342346,40.56314952266123
squeezed_Nghệ An,2017-11-01,36.6218,47.30041619784629,28.923862,40.18938778736904,25.58182,33.77942438495083,30.625265,42.09272868145267,38.342346,43.381359129150894,41.471714,42.40825127258106
squeezed_Nghệ An,2017-12-01,28.923862,35.34841738015319,25.58182,39.878041002419316,30.625265,42.6652872996291,38.342346,43.503146546649084,41.471714,44.946068520093505,34.24075,42.431287949214614
squeezed_Ninh Bình,2016-01-01,60.11961,63.57407210159273,57.39167,68.24619343783647,55.293255,64.52546933232827,65.47057,68.59286672629786,58.126114,70.81072984371859,54.034203,82.79452092787388
squeezed_Ninh Bình,2016-02-01,57.39167,71.14718691253253,55.293255,72.70931336190328,65.47057,71.71993554931262,58.126114,70.53031665819759,54.034203,95.04012604550306,57.07691,76.71280020991988
squeezed_Ninh Bình,2016-03-01,55.293255,61.40084404427307,65.47057,70.28785140761065,58.126114,60.801780525806834,54.034203,70.56390230019665,57.07691,70.63199955417718,61.5885,69.39345009554268
squeezed_Ninh Bình,2016-04-01,65.47057,64.14852298383195,58.126114,66.38390985826645,54.034203,63.329252562686946,57.07691,64.12811846225333,61.5885,60.427117950637545,58.86056,67.53252153940676
squeezed_Ninh Bình,2016-05-01,58.126114,69.96284636850348,54.034203,63.4768584976292,57.07691,60.22013518145283,61.5885,57.44159778510982,58.86056,60.04194993477966,56.13262,51.73958132197331
squeezed_Ninh Bình,2016-06-01,54.034203,56.48295851474071,57.07691,55.424867650417795,61.5885,59.016492011403145,58.86056,55.45917350070417,56.13262,60.5579521389571,7.0296926,59.89318224744598
squeezed_Ninh Bình,2016-07-01,57.07691,55.76064752331041,61.5885,56.30481943169184,58.86056,57.53898645970578,56.13262,54.206228668885416,7.0296926,57.24448762565339,45.16263,45.79909314534544
squeezed_Ninh Bình,2016-08-01,61.5885,55.082025205381775,58.86056,57.156670514138376,56.13262,57.57662363996943,7.0296926,49.6182143405553,45.16263,48.800411317846745,55.417442,43.8595242414844
squeezed_Ninh Bình,2016-09-01,58.86056,57.00563769361103,56.13262,57.38961582365836,7.0296926,53.94698050332338,45.16263,56.42081363429551,55.417442,49.74240992985142,55.417442,53.86522378983984
squeezed_Ninh Bình,2016-10-01,56.13262,58.215752865982346,7.0296926,54.033748729311434,45.16263,51.95747375377197,55.417442,52.85652777309456,55.417442,52.75745753401124,51.584835,54.431912759737756
squeezed_Ninh Bình,2016-11-01,7.0296926,53.34038111041819,45.16263,55.389508183726896,55.417442,52.15974160782962,55.417442,52.42351268407532,51.584835,56.47085854410056,53.345764,53.38986140135347
squeezed_Ninh Bình,2016-12-01,45.16263,42.363807314592954,55.417442,22.816353062767178,55.417442,27.24150144196887,51.584835,37.77329806224077,53.345764,37.614430861950524,54.07085,36.6680408048707
squeezed_Ninh Bình,2017-01-01,55.417442,36.33358651735954,55.417442,38.31579086145555,51.584835,40.82315792120443,53.345764,37.77368411398475,54.07085,30.23139628048856,47.130722,35.64708877628813
squeezed_Ninh Bình,2017-02-01,55.417442,48.99527588161756,51.584835,54.7934242078654,53.345764,66.71302034975,54.07085,53.485124959037805,47.130722,56.05834640436227,44.126785,51.722596395303135
squeezed_Ninh Bình,2017-03-01,51.584835,55.65640328558819,53.345764,92.45764383427502,54.07085,56.96260739900179,47.130722,55.282329845475,44.126785,52.5185994407175,45.369797,52.090711288240136
squeezed_Ninh Bình,2017-04-01,53.345764,83.65782033484425,54.07085,55.91257732002002,47.130722,55.08505917730248,44.126785,47.00293198781482,45.369797,51.566735177388885,47.54506,45.88040740292872
squeezed_Ninh Bình,2017-05-01,54.07085,54.18837529251391,47.130722,58.59497433841534,44.126785,48.89822380832542,45.369797,56.53079147547083,47.54506,47.62935318033169,32.83613,42.17090864922592
squeezed_Ninh Bình,2017-06-01,47.130722,55.06157056346845,44.126785,50.50516646573384,45.369797,54.765262433335856,47.54506,48.408629515560804,32.83613,46.19174655675133,47.959396,54.48154835957972
squeezed_Ninh Bình,2017-07-01,44.126785,47.545636786156265,45.369797,51.68344748301582,47.54506,45.43205799310001,32.83613,41.59220489899184,47.959396,62.09125424654892,44.83431,45.906383272533546
squeezed_Ninh Bình,2017-08-01,45.369797,43.41444610443056,47.54506,41.86941259454673,32.83613,43.37890425762642,47.959396,66.24242572442623,44.83431,43.85711065869644,52.221195,42.32488943794651
squeezed_Ninh Bình,2017-09-01,47.54506,44.81541123032915,32.83613,40.27279827825852,47.959396,56.18910231025662,44.83431,43.36478791347699,52.221195,40.686194883409314,44.218735,51.142800375413174
squeezed_Ninh Bình,2017-10-01,32.83613,42.34135411888736,47.959396,52.27037598201187,44.83431,42.2258441655933,52.221195,45.36435551122502,44.218735,48.788389158791865,43.192776,50.52361047294157
squeezed_Ninh Bình,2017-11-01,47.959396,52.010288766940775,44.83431,40.82534259632472,52.221195,39.00894751914393,44.218735,44.18785091140777,43.192776,43.9690169794401,44.83431,40.35820535398333
squeezed_Ninh Bình,2017-12-01,44.83431,38.91846124716211,52.221195,41.87354825825665,44.218735,49.8712274046583,43.192776,49.94009805343354,44.83431,47.486343116741224,40.73048,47.620937358828826
squeezed_Ninh Thuận,2016-01-01,49.883606,33.206856244588494,76.15564,42.797707694314326,20.286,63.4831276729587,30.26272,60.57732981503016,45.72664,57.951974050941054,37.412704,59.39893767053786
squeezed_Ninh Thuận,2016-02-01,76.15564,47.769013100287474,20.286,54.04731533626183,30.26272,67.32497811395717,45.72664,63.893339253215586,37.412704,60.49029443056447,28.101097,60.474812685535696
squeezed_Ninh Thuận,2016-03-01,20.286,71.72996737992997,30.26272,86.36285424477418,45.72664,73.3350151688652,37.412704,67.28240328819675,28.101097,79.19012808870359,20.951115,80.65555753923333
squeezed_Ninh Thuận,2016-04-01,30.26272,66.79791929504422,45.72664,54.298917191667606,37.412704,41.933839004332334,28.101097,56.71442146199204,20.951115,68.88395272967128,34.08713,79.25464387238698
squeezed_Ninh Thuận,2016-05-01,45.72664,38.9774642031992,37.412704,33.93420161106786,28.101097,48.018778860428576,20.951115,50.2026040114431,34.08713,75.06095262460761,24.609245,93.3707394737626
squeezed_Ninh Thuận,2016-06-01,37.412704,37.512817545396075,28.101097,44.95670821948184,20.951115,42.43906877514284,34.08713,76.37498191221684,24.609245,65.57577928227049,24.609245,74.5161355791882
squeezed_Ninh Thuận,2016-07-01,28.101097,35.906839416784806,20.951115,44.254027773380336,34.08713,88.22776520321172,24.609245,69.85044957581829,24.609245,84.97052369360283,28.185856,52.956950382995906
squeezed_Ninh Thuận,2016-08-01,20.951115,39.555343384787854,34.08713,69.80590999127675,24.609245,80.07310819062636,24.609245,78.8105899136655,28.185856,49.652978327833424,40.65596,34.892942093377506
squeezed_Ninh Thuận,2016-09-01,34.08713,53.63838206316889,24.609245,71.61605660491324,24.609245,68.59922882810139,28.185856,36.85355140330433,40.65596,31.032515846351846,47.488895,33.40265751163646
squeezed_Ninh Thuận,2016-10-01,24.609245,52.85314623998505,24.609245,48.825983713051734,28.185856,28.96242825817616,40.65596,33.73747860081681,47.488895,29.674993948164406,46.12231,63.46109084961849
squeezed_Ninh Thuận,2016-11-01,24.609245,48.07304081700208,28.185856,28.18989594325022,40.65596,26.28045622023858,47.488895,27.39528406977251,46.12231,47.08334875483774,37.581142,46.67523936975736
squeezed_Ninh Thuận,2016-12-01,28.185856,33.036680832126216,40.65596,27.06366595448152,47.488895,24.568113332580282,46.12231,50.41337056548603,37.581142,39.976528385532504,34.677143,43.809539228717966
squeezed_Ninh Thuận,2017-01-01,40.65596,34.84950165652305,47.488895,28.27558227487819,46.12231,53.1540910732553,37.581142,45.33006695950453,34.677143,44.10468270521591,29.552443,45.089957945889175
squeezed_Ninh Thuận,2017-02-01,47.488895,30.03083587942197,46.12231,57.67950167111963,37.581142,54.21818472368344,34.677143,47.5193632110189,29.552443,50.34880208135803,40.826786,56.2774523797647
squeezed_Ninh Thuận,2017-03-01,46.12231,57.733821568163556,37.581142,54.45156769183279,34.677143,56.0458622772477,29.552443,51.23985524303835,40.826786,60.29507143613904,30.91903,50.36100584750622
squeezed_Ninh Thuận,2017-04-01,37.581142,48.2203308283284,34.677143,44.290033848316234,29.552443,45.161337709849924,40.826786,47.913449830387904,30.91903,56.70184572669433,32.11479,50.91829890923413
squeezed_Ninh Thuận,2017-05-01,34.677143,40.1615276061833,29.552443,38.01087395145205,40.826786,34.262440680077745,30.91903,50.062523976555795,32.11479,48.17580906959583,27.84421,36.75445722381457
squeezed_Ninh Thuận,2017-06-01,29.552443,37.9593713329927,40.826786,34.37606422918097,30.91903,60.71388281777466,32.11479,38.759604188024554,27.84421,37.71088020899946,0.0,45.02225315907972
squeezed_Ninh Thuận,2017-07-01,40.826786,35.926785881221534,30.91903,44.17928750562248,32.11479,35.96744036699179,27.84421,40.267719049720405,0.0,33.860773709145604,15.622347,30.007422899151596
squeezed_Ninh Thuận,2017-08-01,30.91903,32.02210731455068,32.11479,39.29806126008751,27.84421,37.7961945413332,0.0,30.793887372510575,15.622347,33.108277566391536,10.188487,36.429217133537314
squeezed_Ninh Thuận,2017-09-01,32.11479,35.413505209925056,27.84421,37.01291965681438,0.0,33.012125654892614,15.622347,30.866822220143245,10.188487,32.4954586997943,20.886398,34.47639774863498
squeezed_Ninh Thuận,2017-10-01,27.84421,33.50830275356447,0.0,34.3328308513297,15.622347,31.7206206358247,10.188487,33.344784602763134,20.886398,35.292958189017604,29.716421,35.97044286763155
squeezed_Ninh Thuận,2017-11-01,0.0,36.55299325109693,15.622347,28.01336545451696,10.188487,28.007325231169148,20.886398,31.68112616717395,29.716421,36.110099750826095,24.112753,32.356676454698444
squeezed_Ninh Thuận,2017-12-01,15.622347,28.528295186921472,10.188487,10.998677845110718,20.886398,16.86657210432323,29.716421,18.63940213983728,24.112753,17.322865644745207,36.338936,34.53326875249597
squeezed_Phú Thọ,2016-01-01,19.758268,22.08934660820907,19.61352,25.551200679118804,21.49526,28.368798661712407,21.278135,32.72854977208274,19.251646,38.359969671938515,21.784758,32.69357026294876
squeezed_Phú Thọ,2016-02-01,19.61352,22.49710168537107,21.49526,25.488892783034427,21.278135,31.429742428296333,19.251646,36.36415928144303,21.784758,37.48772330158866,20.843887,33.58619412964852
squeezed_Phú Thọ,2016-03-01,21.49526,30.79645314419328,21.278135,27.873533099480994,19.251646,27.82358183169351,21.784758,30.34044465331458,20.843887,25.126535922764035,19.396397,27.092040833421038
squeezed_Phú Thọ,2016-04-01,21.278135,22.639800428220205,19.251646,30.904356344214396,21.784758,26.191348168122346,20.843887,15.9740190432587,19.396397,22.188227504616467,21.205761,22.50711333024495
squeezed_Phú Thọ,2016-05-01,19.251646,27.914331516259708,21.784758,16.919758892933025,20.843887,15.73253148212071,19.396397,17.96912417359706,21.205761,17.565735385009294,19.541145,22.272404083827094
squeezed_Phú Thọ,2016-06-01,21.784758,24.286716882197528,20.843887,15.42226434999921,19.396397,20.678721270168673,21.205761,16.12774351964922,19.541145,17.326171982099734,7.8888326,22.997064689503972
squeezed_Phú Thọ,2016-07-01,20.843887,17.62919671500445,19.396397,21.89187094219629,21.205761,19.81916177253101,19.541145,17.62079513989455,7.8888326,18.656538181483462,16.288012,20.484941918747083
squeezed_Phú Thọ,2016-08-01,19.396397,17.624096769993326,21.205761,21.35105168111753,19.541145,20.53924713707456,7.8888326,15.988789541520337,16.288012,17.419684086512998,15.309333,24.61893037699642
squeezed_Phú Thọ,2016-09-01,21.205761,14.514745781014804,19.541145,21.69121370446269,7.8888326,20.09686820252664,16.288012,18.978688669291834,15.309333,20.320664140065553,15.588955,27.359112799320382
squeezed_Phú Thọ,2016-10-01,19.541145,18.322868459529165,7.8888326,20.168295397461844,16.288012,22.30893892941897,15.309333,22.814056849049244,15.588955,25.493759929481516,12.443202,28.00616993591633
squeezed_Phú Thọ,2016-11-01,7.8888326,17.347173139577983,16.288012,20.503286808485225,15.309333,24.752623637459436,15.588955,27.856556759568477,12.443202,28.84574576687648,13.421881,29.3468092939272
squeezed_Phú Thọ,2016-12-01,16.288012,25.831265492113168,15.309333,20.111705466385224,15.588955,13.748440887567629,12.443202,19.213229885938574,13.421881,21.34901464440222,15.728766,34.060900561770715
squeezed_Phú Thọ,2017-01-01,15.309333,17.66035652869867,15.588955,19.358868140006198,12.443202,14.266236679388543,13.421881,26.338853076159335,15.728766,27.61803738945524,13.072352,29.10820892707344
squeezed_Phú Thọ,2017-02-01,15.588955,17.8842446125807,12.443202,21.74146674348002,13.421881,32.04497154024281,15.728766,27.895646127070634,13.072352,30.781978837662084,13.072352,27.25866126757793
squeezed_Phú Thọ,2017-03-01,12.443202,19.417002888358248,13.421881,21.078803760446853,15.728766,32.73951661225705,13.072352,24.056760244257028,13.072352,24.554964165775367,11.324712,31.255355219377655
squeezed_Phú Thọ,2017-04-01,13.421881,15.937401481485656,15.728766,17.97726204648264,13.072352,19.55921509135737,13.072352,17.02373941480898,11.324712,19.774530374802207,14.819993,22.5615059546841
squeezed_Phú Thọ,2017-05-01,15.728766,16.1877097146924,13.072352,15.942053636174265,13.072352,13.319689719249597,11.324712,18.962627566558155,14.819993,15.24938047096817,14.540371,42.08345068559679
squeezed_Phú Thọ,2017-06-01,13.072352,15.288695543921017,13.072352,14.929010782340043,11.324712,18.886580201563056,14.819993,15.262737231413695,14.540371,25.006703617094647,14.819993,38.399583131604174
squeezed_Phú Thọ,2017-07-01,13.072352,11.647416380795661,11.324712,16.035991428648657,14.819993,13.553070558460856,14.540371,14.991871104143533,14.819993,40.67496571697484,14.41777,30.39829661602116
squeezed_Phú Thọ,2017-08-01,11.324712,10.168099341483268,14.819993,14.286472069973811,14.540371,17.544309248571324,14.819993,42.90220972641325,14.41777,34.007340926411956,10.761589,24.50135334083196
squeezed_Phú Thọ,2017-09-01,14.819993,9.986969147664318,14.540371,15.88738984327961,14.819993,48.04503053514693,14.41777,22.15384887361944,10.761589,19.442613313427046,14.693708,29.296278032877453
squeezed_Phú Thọ,2017-10-01,14.540371,13.529763508328129,14.819993,50.70576200454894,14.41777,23.820303899030762,10.761589,25.976618520962372,14.693708,25.658806033274274,12.969095,25.613286080431234
squeezed_Phú Thọ,2017-11-01,14.819993,33.957499506498785,14.41777,22.35084201539568,10.761589,25.283129313410907,14.693708,26.7177400408782,12.969095,30.6630654146379,12.90011,28.561542416523793
squeezed_Phú Thọ,2017-12-01,14.41777,28.48634339028966,10.761589,22.286159017914567,14.693708,26.88534938978831,12.969095,27.486686970532688,12.90011,33.3878571418595,13.038079,28.744842156887604
squeezed_Phú Yên,2016-01-01,36.246387,35.9978730000398,39.69313,39.44682604079497,29.908829,38.556744537870834,42.139202,37.0143639390129,49.47743,47.971989184381655,30.353569,39.30138364673936
squeezed_Phú Yên,2016-02-01,39.69313,36.904390340379074,29.908829,39.8436847957029,42.139202,43.33785556834705,49.47743,51.2537803472332,30.353569,43.64711573706628,30.131199,48.14169780849515
squeezed_Phú Yên,2016-03-01,29.908829,38.87432656431537,42.139202,41.604938673678916,49.47743,54.264271078845724,30.353569,46.08242445994283,30.131199,44.576847313953756,45.141205,55.132197410216556
squeezed_Phú Yên,2016-04-01,42.139202,38.04189312822862,49.47743,49.000060501476256,30.353569,39.275698736105056,30.131199,33.1524157568017,45.141205,56.460986276525325,43.028687,37.010193058621965
squeezed_Phú Yên,2016-05-01,49.47743,51.003332472082285,30.353569,34.540845467861324,30.131199,39.610502898779764,45.141205,40.065527683715466,43.028687,39.86672136734683,36.246387,43.96589501228256
squeezed_Phú Yên,2016-06-01,30.353569,39.21536510180045,30.131199,41.33713207760684,45.141205,37.91438422124975,43.028687,41.866474147815566,36.246387,44.67274301821534,36.246387,51.57058084526787
squeezed_Phú Yên,2016-07-01,30.131199,36.96017997326918,45.141205,48.18444917693055,43.028687,38.34604750812188,36.246387,42.035065035477864,36.246387,34.45928699767505,0.0,40.363366539458866
squeezed_Phú Yên,2016-08-01,45.141205,35.745164770773044,43.028687,24.1755918742399,36.246387,40.33289787776213,36.246387,37.99121567033445,0.0,29.214666281640337,29.885057,45.35686132460784
squeezed_Phú Yên,2016-09-01,43.028687,31.36991269609775,36.246387,35.509099173507416,36.246387,41.72958638860136,0.0,38.5708371763412,29.885057,42.711284387594944,46.666668,39.71474889574074
squeezed_Phú Yên,2016-10-01,36.246387,38.51933489441037,36.246387,40.59294377250344,0.0,37.91661469071625,29.885057,36.975613032733406,46.666668,37.48427721968123,48.735634,39.30608124043671
squeezed_Phú Yên,2016-11-01,36.246387,49.16024819544696,0.0,38.46818080964521,29.885057,36.296764478094055,46.666668,37.75070937012407,48.735634,38.600736775250354,0.0,38.69526622618026
squeezed_Phú Yên,2016-12-01,0.0,45.29624761034502,29.885057,31.8950098945626,46.666668,39.79331193225541,48.735634,39.62951683134581,0.0,41.12690573294396,27.586206,40.936757214089155
squeezed_Phú Yên,2017-01-01,29.885057,13.666830452581614,46.666668,19.465623996489825,48.735634,14.678431896456475,0.0,26.68639179745564,27.586206,25.991764413871834,35.517242,27.502263100424432
squeezed_Phú Yên,2017-02-01,46.666668,34.741851190656135,48.735634,35.48623633371246,0.0,30.669178183070557,27.586206,37.69115707578757,35.517242,38.25899382374679,0.0,32.784771480316344
squeezed_Phú Yên,2017-03-01,48.735634,42.648289420865375,0.0,43.69323606781296,27.586206,48.99120817263427,35.517242,42.565320385071196,0.0,61.530537974104206,34.712643,42.646647381997376
squeezed_Phú Yên,2017-04-01,0.0,48.436533885559356,27.586206,42.91504512665536,35.517242,42.03998992102688,0.0,44.291008872333585,34.712643,61.28305669212162,45.287357,39.44230151091268
squeezed_Phú Yên,2017-05-01,27.586206,16.946978175491527,35.517242,20.358101811475105,0.0,24.977915494967537,34.712643,33.14958737796046,45.287357,35.81874167837279,32.183907,29.86508588146588
squeezed_Phú Yên,2017-06-01,35.517242,25.450500989795177,0.0,18.76077315451253,34.712643,36.338290143011946,45.287357,28.67668351273231,32.183907,38.74002473839798,31.83908,29.081404986836638
squeezed_Phú Yên,2017-07-01,0.0,30.94018851268931,34.712643,53.57442584673236,45.287357,29.79449996410525,32.183907,31.923696998743296,31.83908,31.01516637324063,0.0,45.1368269905507
squeezed_Phú Yên,2017-08-01,34.712643,9.971622031146996,45.287357,17.229150256329675,32.183907,21.828813028851155,31.83908,12.518030571321406,0.0,45.346510543800825,33.73494,17.12039897613015
squeezed_Phú Yên,2017-09-01,45.287357,32.14881949735038,32.183907,37.21001245441741,31.83908,40.13059852947466,0.0,50.44854494742971,33.73494,29.319840310962082,39.12794,36.06637726845312
squeezed_Phú Yên,2017-10-01,32.183907,49.04760156558998,31.83908,38.31365910834735,0.0,50.000681754994616,33.73494,36.76000022760733,39.12794,38.14913023510058,0.0,44.471364946907194
squeezed_Phú Yên,2017-11-01,31.83908,47.714838801583184,0.0,46.270805393563414,33.73494,28.462078798801134,39.12794,33.387618813501845,0.0,34.867571171046315,38.095238,52.08674170317357
squeezed_Phú Yên,2017-12-01,0.0,41.21091577790603,33.73494,27.331798913800196,39.12794,35.64689981609624,0.0,41.31322365570845,38.095238,63.086228587017374,35.22662,39.13432461331439
squeezed_Quảng Bình,2016-01-01,36.344994,45.84113583668068,42.839237,51.837863266942236,48.535946,50.28589776712275,49.67529,53.07053815460989,52.75151,53.56935733708921,55.7138,62.45842306944329
squeezed_Quảng Bình,2016-02-01,42.839237,43.76482612264004,48.535946,47.131732264349196,49.67529,59.03767428352814,52.75151,51.30277525182697,55.7138,66.54681948034967,57.650677,64.9005134243182
squeezed_Quảng Bình,2016-03-01,48.535946,45.597594146373,49.67529,49.57432523273127,52.75151,48.99027886278679,55.7138,56.53820414153892,57.650677,44.26017844786154,54.91626,72.07520686223279
squeezed_Quảng Bình,2016-04-01,49.67529,55.77114073085475,52.75151,55.49288789794138,55.7138,49.744339197998045,57.650677,52.18786964936119,54.91626,60.85552267795479,61.980175,102.60977223116413
squeezed_Quảng Bình,2016-05-01,52.75151,63.41728163161984,55.7138,51.28028727802934,57.650677,47.61489504028613,54.91626,64.68197384530342,61.980175,107.67237707261066,54.802322,58.2237727085884
squeezed_Quảng Bình,2016-06-01,55.7138,54.35263928017824,57.650677,46.5922989025717,54.91626,63.206731958899226,61.980175,64.07398135742487,54.802322,60.166996525213875,17.090122,40.370710845519035
squeezed_Quảng Bình,2016-07-01,57.650677,48.12980469492507,54.91626,56.973847428783245,61.980175,57.891281587696625,54.802322,60.4199670951592,17.090122,54.52278727789748,29.581121,37.06482976087257
squeezed_Quảng Bình,2016-08-01,54.91626,58.758185544525624,61.980175,56.007242045849026,54.802322,53.69879776704541,17.090122,55.04826091307485,29.581121,44.35309758173646,38.049,38.16831822980828
squeezed_Quảng Bình,2016-09-01,61.980175,56.74005642694328,54.802322,52.25073355256596,17.090122,48.593668485193646,29.581121,46.397723112212915,38.049,42.84450514472889,0.0,50.136169531759656
squeezed_Quảng Bình,2016-10-01,54.802322,63.60366430575462,17.090122,59.88275133614168,29.581121,49.96319049622168,38.049,50.08510482419001,0.0,52.28446842054136,0.0,56.40873786663829
squeezed_Quảng Bình,2016-11-01,17.090122,57.724304913095,29.581121,50.820549638168615,38.049,43.39953742167951,0.0,55.59510925339654,0.0,52.14048296801953,38.161907,55.834188417455145
squeezed_Quảng Bình,2016-12-01,29.581121,43.1058608585982,38.049,29.754535209005386,0.0,29.615854187253372,0.0,43.70348418529959,38.161907,41.938660144268255,49.90403,46.08722447067788
squeezed_Quảng Bình,2017-01-01,38.049,22.92497093276474,0.0,31.21967639299856,0.0,32.77308539660921,38.161907,34.96992452243766,49.90403,36.83464106530621,56.56543,47.86010061989324
squeezed_Quảng Bình,2017-02-01,0.0,33.838882020735774,0.0,43.88399058136281,38.161907,51.1856453450336,49.90403,47.460921309713356,56.56543,58.62687186886288,0.0,47.79105663813449
squeezed_Quảng Bình,2017-03-01,0.0,17.168045495114754,38.161907,17.52409678781466,49.90403,24.571334188268324,56.56543,29.159059709281067,0.0,31.603473399671767,0.0,40.2540484808097
squeezed_Quảng Bình,2017-04-01,38.161907,8.850026083839413,49.90403,17.17683087286926,56.56543,25.0780090399617,0.0,16.354000517552528,0.0,37.419222983927064,0.0,13.25635664870052
squeezed_Quảng Bình,2017-05-01,49.90403,37.76247470154112,56.56543,39.33471020463961,0.0,23.601152779332214,0.0,27.478836229226758,0.0,23.014034466259336,0.0,49.56885525114058
squeezed_Quảng Bình,2017-06-01,56.56543,49.58808728623436,0.0,33.81082999144897,0.0,47.60205582900858,0.0,36.22103334565273,0.0,46.16435925387097,0.0,49.519493749519015
squeezed_Quảng Bình,2017-07-01,0.0,45.74850560180999,0.0,44.12003462664085,0.0,42.543671807047815,0.0,43.3490541295578,0.0,56.56455016714111,0.0,36.668077536976554
squeezed_Quảng Bình,2017-08-01,0.0,19.657437118840566,0.0,16.700663104942457,0.0,14.074966072690296,0.0,18.68744341716539,0.0,14.876035150888308,0.0,9.966027665816448
squeezed_Quảng Bình,2017-09-01,0.0,2.254127115551592,0.0,6.4320439962080025,0.0,7.094176692135585,0.0,7.644807458081572,0.0,1.6605756907773341,0.0,21.292415206614095
squeezed_Quảng Bình,2017-10-01,0.0,2.770196597868986,0.0,16.418087229108703,0.0,-1.7850455797028357,0.0,-1.7482726802062154,0.0,40.51479795057063,0.0,34.80156495178455
squeezed_Quảng Bình,2017-11-01,0.0,7.922917796398919,0.0,7.20027561419489,0.0,-0.31874062741764964,0.0,40.17672003165676,0.0,53.22520268582684,0.0,28.098126489645598
squeezed_Quảng Bình,2017-12-01,0.0,19.37448178776531,0.0,3.055778481074398,0.0,47.48237679028586,0.0,55.10253398106445,0.0,24.62490174926545,0.0,31.716769109825858
squeezed_Quảng Nam,2016-01-01,68.36056,79.66800000549998,71.38536,87.44169477947301,76.35948,82.11019604754257,88.66035,84.08595791401358,90.87854,80.60815639213057,87.04712,88.39333849566518
squeezed_Quảng Nam,2016-02-01,71.38536,82.88474523110537,76.35948,80.65068670290817,88.66035,85.8735514399632,90.87854,80.08718658555264,87.04712,79.3530636843632,91.55071,73.42814951181191
squeezed_Quảng Nam,2016-03-01,76.35948,81.53739012067342,88.66035,89.78014611324424,90.87854,85.58053468467111,87.04712,84.005814738969,91.55071,75.38011390086342,65.671844,74.71126203779568
squeezed_Quảng Nam,2016-04-01,88.66035,85.41662065590509,90.87854,86.81790323003315,87.04712,86.69745380852801,91.55071,79.57139184799998,65.671844,75.99296817895977,64.19305,68.86370562801261
squeezed_Quảng Nam,2016-05-01,90.87854,84.19384466211292,87.04712,93.57417403346925,91.55071,84.71325439475966,65.671844,87.52252723537023,64.19305,74.82356281162286,68.42777,67.20061262258297
squeezed_Quảng Nam,2016-06-01,87.04712,89.41263231859173,91.55071,80.199435687414,65.671844,83.17233919603206,64.19305,78.28321830424609,68.42777,68.84664237836184,1.7476642,74.62651531582829
squeezed_Quảng Nam,2016-07-01,91.55071,77.68754053531777,65.671844,79.56819443145456,64.19305,70.003600857489,68.42777,71.9560402744434,1.7476642,79.18445315966967,71.260025,62.77945965371422
squeezed_Quảng Nam,2016-08-01,65.671844,81.472000092941,64.19305,75.66675898446208,68.42777,81.69907426515961,1.7476642,72.99517935279907,71.260025,68.10875868697917,68.29367,65.99858891669362
squeezed_Quảng Nam,2016-09-01,64.19305,74.74879815145458,68.42777,72.76492025775104,1.7476642,70.4765883292821,71.260025,48.73030473315888,68.29367,60.904598998473034,71.05778,70.1332768411476
squeezed_Quảng Nam,2016-10-01,68.42777,63.115670107748585,1.7476642,64.86125233492488,71.260025,61.48191797451954,68.29367,60.85270842145181,71.05778,69.66534138441884,67.08016,71.10242178797623
squeezed_Quảng Nam,2016-11-01,1.7476642,65.66789211975073,71.260025,67.03608288037769,68.29367,64.12284548671529,71.05778,71.92314582713426,67.08016,73.62930085575975,74.56348,71.25899792865313
squeezed_Quảng Nam,2016-12-01,71.260025,68.60024173818007,68.29367,25.759285894790235,71.05778,31.07279881477346,67.08016,31.909871231020535,74.56348,40.353601938102244,62.1587,36.19271936239141
squeezed_Quảng Nam,2017-01-01,68.29367,60.13868053994132,71.05778,64.88712496656302,67.08016,58.00527321902443,74.56348,63.94580596319732,62.1587,68.40404074088546,65.529564,58.95708310916178
squeezed_Quảng Nam,2017-02-01,71.05778,68.76951631683788,67.08016,76.60788448485542,74.56348,77.1038381637449,62.1587,73.3005762449566,65.529564,74.43246034580038,62.226116,67.31867057186004
squeezed_Quảng Nam,2017-03-01,67.08016,73.61224509326955,74.56348,71.69722558205679,62.1587,78.30915024321668,65.529564,74.75057781270054,62.226116,68.2505317155405,64.922806,73.68643742256978
squeezed_Quảng Nam,2017-04-01,74.56348,73.1605889130006,62.1587,71.70902810032406,65.529564,69.30580179401088,62.226116,68.38570387895005,64.922806,65.89641479749676,56.96757,52.27948098005801
squeezed_Quảng Nam,2017-05-01,62.1587,78.70608702785078,65.529564,73.53273613785913,62.226116,72.78411782378993,64.922806,67.15785195740357,56.96757,56.07511936862499,55.82148,53.2741754461456
squeezed_Quảng Nam,2017-06-01,65.529564,63.68669030279246,62.226116,69.25851716624581,64.922806,72.6083328333857,56.96757,65.8777366659634,55.82148,58.870195660247575,64.65314,68.94235960584022
squeezed_Quảng Nam,2017-07-01,62.226116,63.14309632799069,64.922806,72.35966486861004,56.96757,57.063865343035694,55.82148,66.35730639488793,64.65314,74.27851176881767,48.094982,50.83482270338452
squeezed_Quảng Nam,2017-08-01,64.922806,55.51212073862986,56.96757,57.483745856318635,55.82148,63.97873878068956,64.65314,62.67410759325621,48.094982,51.911127109091176,52.3209,55.89337301138663
squeezed_Quảng Nam,2017-09-01,56.96757,59.54152534957083,55.82148,63.0113132335604,64.65314,74.11963719478007,48.094982,48.505588907185206,52.3209,49.089607338757276,58.35793,63.220079423353425
squeezed_Quảng Nam,2017-10-01,55.82148,58.360822613030265,64.65314,66.27951845168486,48.094982,54.29303731558591,52.3209,54.71661293725671,58.35793,62.61480071959466,58.827477,65.64969627203713
squeezed_Quảng Nam,2017-11-01,64.65314,76.70677534468618,48.094982,53.16980928159758,52.3209,49.369371292412374,58.35793,62.02821202740139,58.827477,54.95567173981428,60.37027,63.06829617215574
squeezed_Quảng Nam,2017-12-01,48.094982,54.79734531644528,52.3209,48.95419606176791,58.35793,55.333127368734765,58.827477,56.79011034395147,60.37027,61.20587546138831,57.351757,62.43076867455409
squeezed_Quảng Ngãi,2016-01-01,49.70036,48.654610682804396,47.54295,50.9219725055312,53.53576,51.235408071884805,49.061127,52.59977870074385,49.620457,50.01356208947694,51.538155,56.40728608014914
squeezed_Quảng Ngãi,2016-02-01,47.54295,51.9888060362747,53.53576,55.351994769460795,49.061127,54.66740652175818,49.620457,50.72207757908067,51.538155,55.33457077121605,58.96924,59.920208147700755
squeezed_Quảng Ngãi,2016-03-01,53.53576,51.59786622233668,49.061127,54.022037072997776,49.620457,52.06155443445275,51.538155,58.093993835866435,58.96924,51.85245013887556,50.819016,53.82847799290262
squeezed_Quảng Ngãi,2016-04-01,49.061127,57.490568323895985,49.620457,59.716732044360334,51.538155,63.67584944666369,58.96924,59.17094373453552,50.819016,52.74099035627236,61.60607,70.69814574417461
squeezed_Quảng Ngãi,2016-05-01,49.620457,58.64755561433778,51.538155,65.69231666349125,58.96924,53.90861192355895,50.819016,60.144494949594936,61.60607,63.59847599594477,47.063522,45.82737439572871
squeezed_Quảng Ngãi,2016-06-01,51.538155,58.04830853825023,58.96924,51.089063299518735,50.819016,45.6209620554898,61.60607,51.86609128938828,47.063522,52.697109675958906,40.671196,42.08856116016801
squeezed_Quảng Ngãi,2016-07-01,58.96924,60.68792234736367,50.819016,48.6359058380039,61.60607,56.608030006605524,47.063522,49.31526586351771,40.671196,44.04146974026876,53.462444,43.81771730257385
squeezed_Quảng Ngãi,2016-08-01,50.819016,48.47795302872435,61.60607,50.27598460821108,47.063522,48.79690235772461,40.671196,48.77096126954239,53.462444,45.9381989956903,50.207504,43.29260593334436
squeezed_Quảng Ngãi,2016-09-01,61.60607,52.792963644100055,47.063522,48.49349558981821,40.671196,47.97748563246843,53.462444,41.530030905421455,50.207504,42.349430217614845,52.89283,50.18828121895647
squeezed_Quảng Ngãi,2016-10-01,47.063522,50.46467715973645,40.671196,53.82925887333078,53.462444,48.93244569898421,50.207504,48.10807695151263,52.89283,53.66159406026532,0.0,52.75439590783572
squeezed_Quảng Ngãi,2016-11-01,40.671196,46.450629012459736,53.462444,45.8904868126707,50.207504,45.484703217637694,52.89283,51.16060542566505,0.0,46.900483836596194,52.567337,51.8410645968398
squeezed_Quảng Ngãi,2016-12-01,53.462444,42.400765256615315,50.207504,43.001488497714966,52.89283,42.15357763930632,0.0,40.99646351254769,52.567337,47.78608568009363,61.437057,47.716416636900455
squeezed_Quảng Ngãi,2017-01-01,50.207504,48.59195318975899,52.89283,53.941378295362625,0.0,50.13129549750787,52.567337,54.62085937247436,61.437057,53.97669489133202,0.0,51.80146842494146
squeezed_Quảng Ngãi,2017-02-01,52.89283,57.064377903672636,0.0,52.48372039236687,52.567337,55.85297349890741,61.437057,55.33778708652046,0.0,53.90206860435564,0.0,53.452969916533014
squeezed_Quảng Ngãi,2017-03-01,0.0,53.68442466785915,52.567337,54.69654998571092,61.437057,56.80035061200144,0.0,55.73390802964472,0.0,54.99839526418173,71.44601,49.789224427762
squeezed_Quảng Ngãi,2017-04-01,52.567337,26.259853482515766,61.437057,19.167207445815585,0.0,17.91044930483941,0.0,24.413048675972306,71.44601,26.892034505651466,47.847668,24.533223039535788
squeezed_Quảng Ngãi,2017-05-01,61.437057,43.90844126229881,0.0,43.69260345359876,0.0,44.85937051091669,71.44601,46.52259375936525,47.847668,38.8822463559408,49.800636,32.17924783450567
squeezed_Quảng Ngãi,2017-06-01,0.0,49.65662893193461,0.0,66.12419568392592,71.44601,70.29327678841491,47.847668,51.47577613501999,49.800636,44.75115149149258,34.909267,49.03759964616118
squeezed_Quảng Ngãi,2017-07-01,0.0,33.043513194817194,71.44601,41.06289835931383,47.847668,10.420725281276793,49.800636,25.464302780029712,34.909267,22.044774615889896,47.54165,18.63788000562482
squeezed_Quảng Ngãi,2017-08-01,71.44601,2.893878207191724,47.847668,2.1109369007636745,49.800636,3.594353950469015,34.909267,14.487985544428847,47.54165,11.64435266335078,40.065014,3.942849166768175
squeezed_Quảng Ngãi,2017-09-01,47.847668,53.75032725302308,49.800636,48.751404670129766,34.909267,45.33072921729643,47.54165,25.881903112270045,40.065014,23.166154021215814,53.718002,41.74157706689687
squeezed_Quảng Ngãi,2017-10-01,49.800636,45.453782526265954,34.909267,42.72696326320916,47.54165,39.62634385011543,40.065014,41.577751210579294,53.718002,40.86790317883884,59.406746,63.31099914504665
squeezed_Quảng Ngãi,2017-11-01,34.909267,52.029394377137095,47.54165,39.96014426350118,40.065014,36.64617169810985,53.718002,46.13658986849069,59.406746,67.17025592352726,54.44941,47.03535194068408
squeezed_Quảng Ngãi,2017-12-01,47.54165,35.87105404957432,40.065014,33.8417531275352,53.718002,44.29819018372768,59.406746,68.76208864976348,54.44941,48.69795499593576,50.629826,52.8382675223062
squeezed_Quảng Ninh,2016-01-01,14.698677,16.152509699480536,25.804344,29.21009389404613,19.761555,21.94935108221024,17.393435,28.59445449627273,17.148457,46.67319536864529,17.066797,56.70361478221302
squeezed_Quảng Ninh,2016-02-01,25.804344,15.795125061820128,19.761555,28.096533587437033,17.393435,29.59502376953706,17.148457,34.99832845342658,17.066797,43.953882834773786,21.721378,35.34230356576161
squeezed_Quảng Ninh,2016-03-01,19.761555,30.810790235621415,17.393435,50.67812287799127,17.148457,35.72374717945765,17.066797,38.66780715706691,21.721378,26.94305742079905,18.128368,27.961290781593608
squeezed_Quảng Ninh,2016-04-01,17.393435,33.970378003821295,17.148457,28.94628740789917,17.066797,26.126586522774584,21.721378,19.37988688716278,18.128368,21.911887762276137,16.74016,22.025251466739924
squeezed_Quảng Ninh,2016-05-01,17.148457,20.482644420910376,17.066797,20.374135959318995,21.721378,17.740822585861476,18.128368,17.273817019227355,16.74016,18.453162863459,16.495182,19.977536824188974
squeezed_Quảng Ninh,2016-06-01,17.066797,17.43777213603486,21.721378,15.957389900200036,18.128368,17.09333210527202,16.74016,15.629268036162884,16.495182,17.150926015517808,0.24497795,19.74822652309091
squeezed_Quảng Ninh,2016-07-01,21.721378,14.924795270722653,18.128368,16.216249654495638,16.74016,16.362274263382186,16.495182,15.612112563893094,0.24497795,12.291189673886844,15.250545,19.33082836560965
squeezed_Quảng Ninh,2016-08-01,18.128368,17.803533111873694,16.74016,21.449870534029312,16.495182,20.349154204733672,0.24497795,14.07263458402306,15.250545,16.307111175143792,14.550264,13.575282094050472
squeezed_Quảng Ninh,2016-09-01,16.74016,16.303975225658693,16.495182,16.81991061610053,0.24497795,15.118627788541207,15.250545,16.833513500883537,14.550264,16.357559882607145,17.81824,24.063836267387014
squeezed_Quảng Ninh,2016-10-01,16.495182,16.65330414417194,0.24497795,17.902203497737563,15.250545,20.371883657872708,14.550264,18.330724365639103,17.81824,23.178260727545076,13.538749,21.757444120544424
squeezed_Quảng Ninh,2016-11-01,0.24497795,16.93644821150932,15.250545,21.4055485212908,14.550264,18.911506941438923,17.81824,25.26665195959692,13.538749,23.604478371784115,14.628074,15.479254753494466
squeezed_Quảng Ninh,2016-12-01,15.250545,43.43119543418331,14.550264,2.177734316630874,17.81824,-3.680533148571525,13.538749,5.389554668433437,14.628074,1.2866985907499353,17.740429,15.71301162513716
squeezed_Quảng Ninh,2017-01-01,14.550264,16.616382785974025,17.81824,17.250572505836914,13.538749,12.144640221111052,14.628074,19.071851235309698,17.740429,18.884793976860923,22.253345,8.597853521730823
squeezed_Quảng Ninh,2017-02-01,17.81824,16.172086462235523,13.538749,19.537580928168655,14.628074,24.60629817011358,17.740429,34.281908203713655,22.253345,34.1884531536543,17.584812,22.978353274799662
squeezed_Quảng Ninh,2017-03-01,13.538749,19.436961940984666,14.628074,18.580785376988672,17.740429,25.32389519266224,22.253345,24.62939165377217,17.584812,22.23200948120855,18.674137,22.33278128642265
squeezed_Quảng Ninh,2017-04-01,14.628074,14.144174173844513,17.740429,22.191856505270813,22.253345,18.7298026236669,17.584812,17.65812596741881,18.674137,21.587240148625526,16.962341,20.199140579896003
squeezed_Quảng Ninh,2017-05-01,17.740429,19.759466515759822,22.253345,18.30733010422132,17.584812,17.532205257661847,18.674137,16.301578708451768,16.962341,17.761817608080527,15.250545,19.245988538234286
squeezed_Quảng Ninh,2017-06-01,22.253345,16.71964070474262,17.584812,15.129649892496886,18.674137,18.893719351842012,16.962341,12.090808978852916,15.250545,18.649116451813228,12.838469,44.05578150838877
squeezed_Quảng Ninh,2017-07-01,17.584812,17.226292788723917,18.674137,21.598438108130512,16.962341,18.44756834178617,15.250545,16.80923421463978,12.838469,47.52921047321794,0.0,25.226216121041492
squeezed_Quảng Ninh,2017-08-01,18.674137,15.351233871687326,16.962341,15.777286718047083,15.250545,22.134693519581464,12.838469,45.90402871240503,0.0,24.05714969546825,16.949152,25.406762576790946
squeezed_Quảng Ninh,2017-09-01,16.962341,16.441495887399967,15.250545,20.7573881157947,12.838469,56.755107503782234,0.0,26.329376882398506,16.949152,19.77060303169577,18.329626,32.88622988043763
squeezed_Quảng Ninh,2017-10-01,15.250545,18.993772982693415,12.838469,52.86675078291456,0.0,25.882271576976002,16.949152,26.969070567523737,18.329626,29.91933645641938,23.0079,28.123341719888703
squeezed_Quảng Ninh,2017-11-01,12.838469,35.307887573356254,0.0,21.072818853483835,16.949152,25.010628702000236,18.329626,26.125096535839972,23.0079,31.615948031620995,24.234987,33.59799575937589
squeezed_Quảng Ninh,2017-12-01,0.0,27.861139677042807,16.949152,26.601657398961745,18.329626,25.784288279367832,23.0079,28.20333196044456,24.234987,33.387347421532255,22.54774,31.86042579438217
squeezed_Quảng Trị,2016-01-01,28.869286,40.91800086076149,39.133923,48.89597065382704,39.294308,47.06089113038749,35.926224,51.65208567574406,42.181236,52.08634117431908,42.822773,58.63431106167337
squeezed_Quảng Trị,2016-02-01,39.133923,38.640326268065884,39.294308,37.948898001155705,35.926224,47.250386947543504,42.181236,47.253785109431675,42.822773,55.20460865287555,33.680836,45.1300019823739
squeezed_Quảng Trị,2016-03-01,39.294308,36.43342660981927,35.926224,44.50658264475127,42.181236,43.430341960665814,42.822773,55.77888591702064,33.680836,42.04918289406013,30.31275,48.61462538802885
squeezed_Quảng Trị,2016-04-01,35.926224,44.044620205695004,42.181236,39.89684878106072,42.822773,46.32681692600537,33.680836,43.40732494451217,30.31275,38.22762922485926,30.793905,55.88621437196032
squeezed_Quảng Trị,2016-05-01,42.181236,38.32703292265268,42.822773,46.27918149008112,33.680836,41.90845236270874,30.31275,38.69470668672595,30.793905,59.3401753290474,30.793905,33.34137011937846
squeezed_Quảng Trị,2016-06-01,42.822773,44.121633402965244,33.680836,38.817598993058695,30.31275,35.9830001016308,30.793905,36.49121782476974,30.793905,32.385579011520264,5.6134725,29.375519805485474
squeezed_Quảng Trị,2016-07-01,33.680836,42.87540547631465,30.31275,37.39053595300408,30.793905,33.46408950124882,30.793905,38.04641510750672,5.6134725,32.20433546285909,24.464342,30.79755178373257
squeezed_Quảng Trị,2016-08-01,30.31275,38.08513245240523,30.793905,37.25138276694596,30.793905,34.126165259312636,5.6134725,31.371737681407858,24.464342,29.80006813739686,17.908539,30.93194194836581
squeezed_Quảng Trị,2016-09-01,30.793905,44.601718076599525,30.793905,37.41875107090788,5.6134725,31.249131286451714,24.464342,28.54046881747522,17.908539,25.51611379170256,25.263832,36.94598115398928
squeezed_Quảng Trị,2016-10-01,30.793905,40.79476442157123,5.6134725,30.2155090401004,24.464342,30.939425006231925,17.908539,35.601615147188845,25.263832,34.09868708188837,24.784138,37.58082314138139
squeezed_Quảng Trị,2016-11-01,5.6134725,32.152649831569946,24.464342,32.28373187968328,17.908539,31.195970596103464,25.263832,38.224536665572536,24.784138,36.86444015782206,39.494724,41.271998018683995
squeezed_Quảng Trị,2016-12-01,24.464342,29.27580277704127,17.908539,18.64369401343721,25.263832,18.182681277616933,24.784138,36.03101517465857,39.494724,34.28466630304011,38.695236,33.50974500745921
squeezed_Quảng Trị,2017-01-01,17.908539,26.78403850681775,25.263832,35.76200250262972,24.784138,35.00757256553628,39.494724,38.840642842458124,38.695236,41.960583290690096,27.182604,41.42953833766854
squeezed_Quảng Trị,2017-02-01,25.263832,23.173829586563272,24.784138,24.989184388351568,39.494724,27.839102652459378,38.695236,41.42713625553191,27.182604,42.4694785650769,28.941477,31.791618982366426
squeezed_Quảng Trị,2017-03-01,24.784138,26.515467335046555,39.494724,29.603016816798718,38.695236,39.87612646811502,27.182604,32.974929528208705,28.941477,30.52133748285977,64.43876,44.53364761128625
squeezed_Quảng Trị,2017-04-01,39.494724,28.539184107403365,38.695236,33.26562455020539,27.182604,28.649033058618002,28.941477,27.231378068314726,64.43876,33.13748922378251,31.180044,23.004039104812588
squeezed_Quảng Trị,2017-05-01,38.695236,34.93030214544821,27.182604,42.11100662083543,28.941477,31.00461630315069,64.43876,31.53995416291491,31.180044,27.312764040223065,26.06332,38.080211846257406
squeezed_Quảng Trị,2017-06-01,27.182604,37.75952777104127,28.941477,33.30351746763135,64.43876,32.208607232082784,31.180044,32.06266285506803,26.06332,29.78195604519939,22.865366,45.83911831981623
squeezed_Quảng Trị,2017-07-01,28.941477,34.83015665609702,64.43876,28.878277819678335,31.180044,24.540388192847356,26.06332,25.83719277751007,22.865366,53.747196303595445,19.374306,22.049175248023893
squeezed_Quảng Trị,2017-08-01,64.43876,28.846633456507053,31.180044,27.4698174945912,26.06332,31.801626864844874,22.865366,54.495766657320566,19.374306,27.45921128888265,18.739082,26.321467934737868
squeezed_Quảng Trị,2017-09-01,31.180044,48.140183339249376,26.06332,48.89837724752974,22.865366,52.6126046126459,19.374306,37.93511932554307,18.739082,30.448266027284845,26.996983,45.357675635872184
squeezed_Quảng Trị,2017-10-01,26.06332,40.16325752314357,22.865366,59.61739830769553,19.374306,26.311052334980193,18.739082,35.338668337774095,26.996983,32.93407875019815,28.108624,39.58573704752886
squeezed_Quảng Trị,2017-11-01,22.865366,40.43416316423265,19.374306,28.6156859824026,18.739082,24.499819687671494,26.996983,32.24704344509754,28.108624,37.37699249436599,27.314594,38.49226449352609
squeezed_Quảng Trị,2017-12-01,19.374306,26.32838222582596,18.739082,22.421855339796934,26.996983,25.78680843849016,28.108624,34.597811365308125,27.314594,45.40965798703695,35.572495,31.603142216450344
squeezed_Sóc Trăng,2016-01-01,36.95238,39.699001089096946,39.771427,45.09863500074619,45.104763,42.929055780325754,42.514286,45.56885794260078,42.514286,43.93944898865973,50.819046,42.0174748907237
squeezed_Sóc Trăng,2016-02-01,39.771427,37.419363592550745,45.104763,41.97123287881724,42.514286,43.25292001367618,42.514286,43.79589926286035,50.819046,43.711576887721044,41.75238,48.71821057315197
squeezed_Sóc Trăng,2016-03-01,45.104763,39.58242648397556,42.514286,43.149320549193156,42.514286,43.429167539321426,50.819046,43.97326118092031,41.75238,45.24934023529587,37.942856,49.7517147483376
squeezed_Sóc Trăng,2016-04-01,42.514286,47.375828810129896,42.514286,46.45380653228474,50.819046,49.054008843915696,41.75238,48.5597164610315,37.942856,43.69288331379422,36.342857,33.78563717957564
squeezed_Sóc Trăng,2016-05-01,42.514286,44.48698621665305,50.819046,46.835439394809505,41.75238,38.861639687359855,37.942856,35.97053820447917,36.342857,34.383784001074474,39.314285,34.510927798983936
squeezed_Sóc Trăng,2016-06-01,50.819046,40.88412977594751,41.75238,39.036348499799054,37.942856,35.15588333385157,36.342857,34.25761484830529,39.314285,33.34985166686056,39.314285,36.169890561991025
squeezed_Sóc Trăng,2016-07-01,41.75238,43.3138584248573,37.942856,48.65705345994532,36.342857,42.95284080217836,39.314285,38.44706701583739,39.314285,37.42535740039731,29.138964,39.38969647587793
squeezed_Sóc Trăng,2016-08-01,37.942856,38.53181633475399,36.342857,37.71126438670204,39.314285,37.56649038740508,39.314285,34.28179567973024,29.138964,38.28377188897663,43.010754,38.50855012405552
squeezed_Sóc Trăng,2016-09-01,36.342857,36.867755533625754,39.314285,34.55688017267395,39.314285,35.69726194132413,29.138964,34.84935273596206,43.010754,33.37776155266795,37.018795,39.068699700831736
squeezed_Sóc Trăng,2016-10-01,39.314285,33.787976503138886,39.314285,35.44042224988133,29.138964,36.140856000934356,43.010754,35.2000033004418,37.018795,42.471847200885286,34.802593,49.63952475597936
squeezed_Sóc Trăng,2016-11-01,39.314285,35.22437935912284,29.138964,37.650441598321905,43.010754,31.56994546785914,37.018795,41.0873860378102,34.802593,51.09313668922745,31.519331,44.335088245745176
squeezed_Sóc Trăng,2016-12-01,29.138964,38.35837779176595,43.010754,40.29741925818672,37.018795,39.67765384896914,34.802593,52.932327733474494,31.519331,44.5867283677677,38.003777,43.26007325009483
squeezed_Sóc Trăng,2017-01-01,43.010754,35.22262022943878,37.018795,33.98558050522823,34.802593,47.595676861624334,31.519331,41.34539365501022,38.003777,38.814392269727236,30.698515,32.845479051840364
squeezed_Sóc Trăng,2017-02-01,37.018795,37.62341066828598,34.802593,50.631978162255805,31.519331,43.70841028023146,38.003777,45.95535486262768,30.698515,41.39736690076124,32.422226,42.40287607600724
squeezed_Sóc Trăng,2017-03-01,34.802593,55.37256884345262,31.519331,42.024656960259094,38.003777,42.816167282096025,30.698515,44.19307667662109,32.422226,46.58290732782153,29.795616,38.89585786076887
squeezed_Sóc Trăng,2017-04-01,31.519331,36.45845461698598,38.003777,42.77023977057149,30.698515,42.43427185989479,32.422226,38.16026136657602,29.795616,36.49943827876018,34.063858,36.38301406264161
squeezed_Sóc Trăng,2017-05-01,38.003777,37.50182701328749,30.698515,36.65288618154716,32.422226,31.281850683542487,29.795616,31.637088476803985,34.063858,29.395582200986574,34.802593,28.263845939194308
squeezed_Sóc Trăng,2017-06-01,30.698515,36.18823719021215,32.422226,31.922513167241362,29.795616,30.65218434760007,34.063858,27.817260322941827,34.802593,27.811470540549234,32.422226,31.363629243746885
squeezed_Sóc Trăng,2017-07-01,32.422226,32.682289111541785,29.795616,29.767010897773936,34.063858,27.89797996562375,34.802593,23.38581829992911,32.422226,27.851217535247105,28.044342,29.26811323283575
squeezed_Sóc Trăng,2017-08-01,29.795616,33.24742746274951,34.063858,29.02073228145901,34.802593,30.264635980066664,32.422226,25.848758665588335,28.044342,27.76037737619192,33.090668,30.078296802520267
squeezed_Sóc Trăng,2017-09-01,34.063858,31.5950496783982,34.802593,29.8935672893044,32.422226,29.450983741670385,28.044342,27.206424200467,33.090668,28.4753008922421,35.572468,31.28392800148754
squeezed_Sóc Trăng,2017-10-01,34.802593,31.837579842502798,32.422226,32.99323707239766,28.044342,35.048867684944504,33.090668,33.58647543311785,35.572468,36.90244334780212,29.533422,35.74379977971878
squeezed_Sóc Trăng,2017-11-01,32.422226,33.09588955973759,28.044342,34.44805334645471,33.090668,36.414357927393844,35.572468,33.88801609205173,29.533422,38.183413038300195,33.173393,37.123282177677865
squeezed_Sóc Trăng,2017-12-01,28.044342,32.589381027615765,33.090668,29.752702015846516,35.572468,32.91868734807803,29.533422,34.45208083671984,33.173393,37.251208709351616,26.472534,34.96332265296018
squeezed_Sơn La,2016-01-01,62.66556,63.36588305463285,75.08278,89.43445451543924,85.927155,85.73692100295042,91.47351,85.29531713729877,85.76159,93.57694681927849,70.03311,97.76887944115703
squeezed_Sơn La,2016-02-01,75.08278,78.88433207132643,85.927155,87.00678341819466,91.47351,82.69636797969972,85.76159,91.9969495165318,70.03311,102.25886681797327,79.718544,85.9322294337609
squeezed_Sơn La,2016-03-01,85.927155,90.20293250775693,91.47351,87.43717175134537,85.76159,83.82381291432337,70.03311,95.5834135838682,79.718544,94.67649035833429,81.62251,76.28002312663973
squeezed_Sơn La,2016-04-01,91.47351,89.12015181276367,85.76159,92.1112519456485,70.03311,91.34658062066767,79.718544,89.4219631237625,81.62251,74.93375507330511,75.248344,67.8607674524736
squeezed_Sơn La,2016-05-01,85.76159,90.04001309033482,70.03311,94.31020446745023,79.718544,90.52262891365726,81.62251,80.2336163176435,75.248344,76.343466718971,73.50993,69.1373490381705
squeezed_Sơn La,2016-06-01,70.03311,85.41258142096818,79.718544,81.4080711039444,81.62251,78.48974493367368,75.248344,74.92975735757256,73.50993,70.74615178357483,3.3112583,70.9503465549079
squeezed_Sơn La,2016-07-01,79.718544,74.71950146310566,81.62251,74.44950876060425,75.248344,72.73348762126729,73.50993,66.91714007507977,3.3112583,65.94205072454236,83.319595,63.101453335353696
squeezed_Sơn La,2016-08-01,81.62251,77.54819265276977,75.248344,72.87171470248408,73.50993,69.67933398639234,3.3112583,65.50305632877951,83.319595,62.8157527885809,94.362946,63.75783165244045
squeezed_Sơn La,2016-09-01,75.248344,75.4529706273682,73.50993,72.78135446584528,3.3112583,67.07256056330493,83.319595,60.91335211569604,94.362946,57.266951758966876,0.0,66.7541533065327
squeezed_Sơn La,2016-10-01,73.50993,74.90841841494746,3.3112583,70.27349230719409,83.319595,65.46549278546402,94.362946,60.58276329682259,0.0,72.50909634757944,57.19466,74.85469909762239
squeezed_Sơn La,2016-11-01,3.3112583,73.90905117100911,83.319595,68.25752625795025,94.362946,63.33218234218601,0.0,71.80344437121762,57.19466,74.68315580428934,76.80897,74.63046237882824
squeezed_Sơn La,2016-12-01,83.319595,57.023088805908095,94.362946,40.964724712292615,0.0,22.867130528052993,57.19466,48.81636624988762,76.80897,40.83944438662041,70.95764,47.58761170801892
squeezed_Sơn La,2017-01-01,94.362946,63.572156142183786,0.0,56.61319206827619,57.19466,69.22602846665828,76.80897,69.24277341734728,70.95764,71.9378109718047,58.01879,53.67369547488116
squeezed_Sơn La,2017-02-01,0.0,87.34410364220629,57.19466,89.34790202395743,76.80897,100.04188381777169,70.95764,93.8323256848293,58.01879,88.12169433047592,62.88116,83.45918059886864
squeezed_Sơn La,2017-03-01,57.19466,34.9057937756863,76.80897,43.1197305884133,70.95764,38.97555128136366,58.01879,32.207646466823824,62.88116,28.111296624919962,66.589745,41.06260304876012
squeezed_Sơn La,2017-04-01,76.80897,61.00502210342249,70.95764,56.59686392075189,58.01879,63.365184205261265,62.88116,54.957130500981904,66.589745,55.672198772141144,63.293224,40.84494288778384
squeezed_Sơn La,2017-05-01,70.95764,73.21403420946696,58.01879,66.223621823297,62.88116,72.94407796261515,66.589745,64.16916095478167,63.293224,53.07770308922285,53.898136,56.28738676502292
squeezed_Sơn La,2017-06-01,58.01879,67.81328744911572,62.88116,64.19308754718033,66.589745,68.87263443775463,63.293224,57.66173679891268,53.898136,54.444972689156096,50.27196,66.66186496048857
squeezed_Sơn La,2017-07-01,62.88116,61.28450307392767,66.589745,61.402114281472876,63.293224,57.82978177683544,53.898136,60.09859603861158,50.27196,68.25591077720433,56.605305,52.48103232300638
squeezed_Sơn La,2017-08-01,66.589745,60.67528227028512,63.293224,57.08771362866943,53.898136,56.58661893992506,50.27196,59.52451837259369,56.605305,53.486966253642606,58.06504,64.53285463923764
squeezed_Sơn La,2017-09-01,63.293224,58.616516100676044,53.898136,55.08977671462216,50.27196,59.241097348421675,56.605305,54.23394395779541,58.06504,64.14503070424577,0.0,78.2221537841754
squeezed_Sơn La,2017-10-01,53.898136,59.96509376694195,50.27196,63.26526869695899,56.605305,59.66105135402626,58.06504,70.99585196442195,0.0,72.42152336657384,68.28319,69.53302934086581
squeezed_Sơn La,2017-11-01,50.27196,55.85053156661093,56.605305,55.67272163945721,58.06504,75.10580726486633,0.0,72.7944782134508,68.28319,69.79629033993463,71.36485,72.62785268353272
squeezed_Sơn La,2017-12-01,56.605305,51.790027657370196,58.06504,73.70030679653377,0.0,66.05404634643025,68.28319,69.33459610515852,71.36485,71.3491187843453,70.71608,80.52248034085281
squeezed_TT Huế,2016-01-01,57.92312,59.49112612376821,62.532616,69.7201090501184,65.92451,68.46827790323741,69.75126,68.93501808269875,74.5347,66.45432042715106,58.70586,67.50068367079693
squeezed_TT Huế,2016-02-01,62.532616,74.91756787913005,65.92451,70.61014163253016,69.75126,66.42703891537961,74.5347,71.62555256341109,58.70586,70.77305678551785,64.01113,80.26820407898012
squeezed_TT Huế,2016-03-01,65.92451,64.76313755110029,69.75126,67.9244800806789,74.5347,61.75771873787077,58.70586,67.87469594913803,64.01113,70.8733345838848,59.314663,80.75321509041143
squeezed_TT Huế,2016-04-01,69.75126,69.031051890599,74.5347,72.55996715711895,58.70586,66.56401787596938,64.01113,68.05087884229876,59.314663,69.9116782315194,63.92416,59.357901528685325
squeezed_TT Huế,2016-05-01,74.5347,71.33216481058608,58.70586,68.05757411574655,64.01113,76.82424066244937,59.314663,73.13572980339907,63.92416,61.92516020174693,64.44599,67.74065780497504
squeezed_TT Huế,2016-06-01,58.70586,74.94067884727883,64.01113,71.00301412622296,59.314663,73.1834102238077,63.92416,69.18378629791243,64.44599,63.806002269178165,14.959124,77.41066217247518
squeezed_TT Huế,2016-07-01,64.01113,69.53521609333582,59.314663,64.80259692597558,63.92416,64.79123694275359,64.44599,64.4945424424832,14.959124,79.46415181519163,42.99448,51.185940872364895
squeezed_TT Huế,2016-08-01,59.314663,62.90730526903006,63.92416,59.94183121365913,64.44599,58.53148209000101,14.959124,63.22232876490661,42.99448,52.9838959553116,44.59676,51.598072549422575
squeezed_TT Huế,2016-09-01,63.92416,60.72170501690368,64.44599,54.82920371880192,14.959124,57.791187822731914,42.99448,38.714011772377866,44.59676,50.732894541718856,55.1896,58.76919427332048
squeezed_TT Huế,2016-10-01,64.44599,63.169240393029455,14.959124,56.760911220847824,42.99448,53.140334569147214,44.59676,54.556574139764066,55.1896,56.73499316322038,47.80132,64.15868236192944
squeezed_TT Huế,2016-11-01,14.959124,62.12062457439455,42.99448,55.303503480389836,44.59676,55.19798541745638,55.1896,56.840065224852275,47.80132,60.5563149153937,57.05893,64.16899394987573
squeezed_TT Huế,2016-12-01,42.99448,46.04013522297406,44.59676,35.7713337095213,55.1896,35.49413891394197,47.80132,38.54275729687048,57.05893,53.150406393487216,53.67634,51.657896955557156
squeezed_TT Huế,2017-01-01,44.59676,40.47239197957719,55.1896,41.95540481410703,47.80132,41.84906551971048,57.05893,51.180069944542666,53.67634,46.516268583767754,53.409294,55.51687714397434
squeezed_TT Huế,2017-02-01,55.1896,47.270995948053546,47.80132,48.810089459690225,57.05893,52.05833177455924,53.67634,47.265495090463624,53.409294,54.56141651723548,55.1896,46.07062085359774
squeezed_TT Huế,2017-03-01,47.80132,53.07728161083032,57.05893,59.769461244230165,53.67634,61.63606614557181,53.409294,58.34574500932056,55.1896,56.08488812021505,45.75396,53.7930619603488
squeezed_TT Huế,2017-04-01,57.05893,55.846965673386435,53.67634,63.446635256728115,53.409294,56.57855963334669,55.1896,48.87276615440796,45.75396,47.11249293538999,47.178207,46.23273354332957
squeezed_TT Huế,2017-05-01,53.67634,65.67100842489543,53.409294,51.824028923590646,55.1896,52.474231416211616,45.75396,52.29629329111272,47.178207,50.18783675473908,49.670643,42.05974712423563
squeezed_TT Huế,2017-06-01,53.409294,48.947682796460874,55.1896,47.479437842731,45.75396,57.82408031348993,47.178207,56.24792833237409,49.670643,56.21481893246802,46.37707,52.73629059327433
squeezed_TT Huế,2017-07-01,55.1896,50.300340119115056,45.75396,49.40321189337414,47.178207,51.205962126216505,49.670643,53.02437708684662,46.37707,57.215051946891286,40.07464,40.25491733260865
squeezed_TT Huế,2017-08-01,45.75396,52.24090140607356,47.178207,51.93182750425314,49.670643,54.53779798941504,46.37707,51.3622848143694,40.07464,45.7240881386489,33.4992,38.55009912029085
squeezed_TT Huế,2017-09-01,47.178207,46.276700729553575,49.670643,42.94276786814787,46.37707,57.27172362889645,40.07464,39.821787281007055,33.4992,38.37936161302565,44.784077,44.852061048150084
squeezed_TT Huế,2017-10-01,49.670643,45.35812076937319,46.37707,66.24149724430717,40.07464,40.32872781591081,33.4992,40.592023566936824,44.784077,43.49094128510191,50.026657,44.60609004389816
squeezed_TT Huế,2017-11-01,46.37707,66.57487559092658,40.07464,40.91147385908467,33.4992,38.254335519004115,44.784077,46.25381879867939,50.026657,41.74374357252752,56.335526,51.679858447573764
squeezed_TT Huế,2017-12-01,40.07464,39.65598002611624,33.4992,31.679123849947455,44.784077,41.52373483031353,50.026657,47.61958989726988,56.335526,45.391694761220045,51.448376,50.00929511208374
squeezed_Thanh Hóa,2016-01-01,32.96205,33.74552165525067,31.063118,37.739744690354335,31.148146,38.97955268197355,36.306435,39.38291115289748,36.249752,39.24247817449134,35.286114,41.15478381214739
squeezed_Thanh Hóa,2016-02-01,31.063118,38.5062563694635,31.148146,42.113994894549066,36.306435,46.11748678440906,36.249752,44.85948880647801,35.286114,58.906149836829094,31.034777,46.34218000834005
squeezed_Thanh Hóa,2016-03-01,31.148146,37.74047578759637,36.306435,39.50725056832787,36.249752,39.805288035456584,35.286114,41.22118503065205,31.034777,34.294635054532094,36.703228,35.5089537949186
squeezed_Thanh Hóa,2016-04-01,36.306435,37.267445801085486,36.249752,36.19872985717659,35.286114,35.6710543640521,31.034777,32.22317275551018,36.703228,29.662772808806714,32.281834,28.289234850062872
squeezed_Thanh Hóa,2016-05-01,36.249752,38.0670048051602,35.286114,33.72414043390502,31.034777,32.69456417216947,36.703228,31.37424960606802,32.281834,27.085797360735704,32.621944,36.236812628522884
squeezed_Thanh Hóa,2016-06-01,35.286114,34.064855817731804,31.034777,31.733364869411236,36.703228,35.25035527837197,32.281834,28.71463636039532,32.621944,34.90184478211039,35.116062,28.978930164277646
squeezed_Thanh Hóa,2016-07-01,31.034777,34.116103356767574,36.703228,34.45022514164432,32.281834,31.356142580709122,32.621944,32.070143732767036,35.116062,29.620135336148874,30.829426,29.02673290981116
squeezed_Thanh Hóa,2016-08-01,36.703228,32.5687379264308,32.281834,31.105252116188044,32.621944,28.99431375576777,35.116062,27.77384960541803,30.829426,26.335682394302864,28.109999,25.168311763768635
squeezed_Thanh Hóa,2016-09-01,32.281834,33.114185487329394,32.621944,34.65080348962677,35.116062,30.219083274554652,30.829426,26.6667968026427,28.109999,24.624088714982346,32.54988,34.27167168986415
squeezed_Thanh Hóa,2016-10-01,32.621944,33.34434633438078,35.116062,30.81814441317719,30.829426,28.426828363076407,28.109999,28.582172814696197,32.54988,33.03224850115647,31.883898,32.8588668986287
squeezed_Thanh Hóa,2016-11-01,35.116062,33.32962507561035,30.829426,28.30856978224184,28.109999,26.148367690543566,32.54988,32.32277174377331,31.883898,30.474270275609857,30.635181,32.20732744098988
squeezed_Thanh Hóa,2016-12-01,30.829426,30.69950552011875,28.109999,30.639795096925873,32.54988,38.61753312530192,31.883898,31.85076677860022,30.635181,28.033276932073623,37.988735,37.73946561494941
squeezed_Thanh Hóa,2017-01-01,28.109999,26.157393460745773,32.54988,34.947253456618434,31.883898,34.438834882568266,30.635181,33.163103121234,37.988735,30.12379079962744,34.270332,30.717992881415626
squeezed_Thanh Hóa,2017-02-01,32.54988,39.84150019094521,31.883898,35.03811749981647,30.635181,38.837977094138,37.988735,35.19830913911843,34.270332,41.22823250387377,35.491302,31.809991953652194
squeezed_Thanh Hóa,2017-03-01,31.883898,35.28299882462763,30.635181,37.19138278436102,37.988735,38.16285909455659,34.270332,38.54916400833325,35.491302,34.11916867026535,35.630047,33.48537187636417
squeezed_Thanh Hóa,2017-04-01,30.635181,36.16779131503884,37.988735,38.416437096289016,34.270332,40.62716119522528,35.491302,27.57276102320516,35.630047,29.366575427875627,37.406,30.90910350402408
squeezed_Thanh Hóa,2017-05-01,37.988735,36.97320987614352,34.270332,33.923033700308416,35.491302,28.154605430776442,35.630047,29.45079404266778,37.406,27.179708872236965,32.355633,28.24691212592449
squeezed_Thanh Hóa,2017-06-01,34.270332,33.660508633479004,35.491302,30.640956386039946,35.630047,31.447368814394395,37.406,30.266751967491178,32.355633,28.158799586959322,33.27136,27.91967579829095
squeezed_Thanh Hóa,2017-07-01,35.491302,34.14314015202698,35.630047,32.94665277428294,37.406,30.736666773865437,32.355633,27.583434595033594,33.27136,28.751482469070087,26.767273,28.724684574576457
squeezed_Thanh Hóa,2017-08-01,35.630047,33.050565797537246,37.406,32.48830775274598,32.355633,32.01316839986879,33.27136,27.162907720901632,26.767273,27.986972641054628,28.83265,29.29626206334705
squeezed_Thanh Hóa,2017-09-01,37.406,32.40753932875919,32.355633,32.914778106393065,33.27136,32.050216449300144,26.767273,27.48762625876441,28.83265,29.31550205824724,27.868807,32.98619318811406
squeezed_Thanh Hóa,2017-10-01,32.355633,33.69124315604189,33.27136,34.10554333412341,26.767273,30.520271646245966,28.83265,29.32811775881373,27.868807,37.62558418197974,28.364498,37.24190016634206
squeezed_Thanh Hóa,2017-11-01,33.27136,32.12555518176834,26.767273,33.51133921448794,28.83265,32.23539730521139,27.868807,35.99825078124675,28.364498,36.95866794485989,33.376476,37.25905677487302
squeezed_Thanh Hóa,2017-12-01,26.767273,33.21606820207082,28.83265,32.445059647045,27.868807,40.62980100755535,28.364498,40.064436326446554,33.376476,40.502204255088536,35.276623,37.81828055509485
squeezed_Thái Bình,2016-01-01,300.1676,319.7690589248262,310.83798,339.02733012668125,317.26257,318.38776597516465,314.41342,327.99699687798903,323.01675,370.10191300849647,322.40222,386.6234213482071
squeezed_Thái Bình,2016-02-01,310.83798,328.2116407140199,317.26257,344.67680246294634,314.41342,331.26810491868525,323.01675,385.00689272081996,322.40222,400.7635918726507,322.34637,356.8063578946626
squeezed_Thái Bình,2016-03-01,317.26257,334.83943160232974,314.41342,335.6996831948814,323.01675,354.66783740987483,322.40222,377.4429411525882,322.34637,350.6015419406426,338.26816,343.9166408812493
squeezed_Thái Bình,2016-04-01,314.41342,339.4283264738696,323.01675,363.8206241912103,322.40222,367.50851959024095,322.34637,331.3442206043407,338.26816,348.50663459372396,266.87152,325.423376111642
squeezed_Thái Bình,2016-05-01,323.01675,365.83904139010394,322.40222,345.02257724870327,322.34637,314.3573394303379,338.26816,340.75521744197374,266.87152,332.74555501401335,187.7095,334.2781480473516
squeezed_Thái Bình,2016-06-01,322.40222,322.3149131149262,322.34637,328.41356353179594,338.26816,341.07257559280043,266.87152,316.9223577947315,187.7095,315.67617426602465,153.07263,338.74831174943284
squeezed_Thái Bình,2016-07-01,322.34637,316.7256366276579,338.26816,320.1468860633058,266.87152,316.9454778820191,187.7095,325.3123973821059,153.07263,326.9943781809857,252.74904,326.71881858079206
squeezed_Thái Bình,2016-08-01,338.26816,323.68492969318,266.87152,310.0983639078117,187.7095,314.9510138049763,153.07263,306.48248534066283,252.74904,307.27725363237073,270.67874,333.6831497210319
squeezed_Thái Bình,2016-09-01,266.87152,312.9964513615586,187.7095,312.26217123536145,153.07263,303.3561678640022,252.74904,304.2663248644769,270.67874,312.7754750159239,299.71292,318.72020451104135
squeezed_Thái Bình,2016-10-01,187.7095,286.20709984114563,153.07263,295.8755153828517,252.74904,283.3595745077424,270.67874,284.89399237241787,299.71292,284.8889387295289,288.06674,334.713054254521
squeezed_Thái Bình,2016-11-01,153.07263,231.93918600627967,252.74904,244.77711002071615,270.67874,213.56759667441506,299.71292,244.0742051142403,288.06674,280.8563057779765,295.27112,306.5724217696063
squeezed_Thái Bình,2016-12-01,252.74904,182.12816403912157,270.67874,194.80972863953144,299.71292,235.65290383264545,288.06674,229.55597819493383,295.27112,255.29633684510733,0.0,228.85251133933818
squeezed_Thái Bình,2017-01-01,270.67874,253.7591606148402,299.71292,274.23741177374364,288.06674,264.5511399415333,295.27112,247.72487885932554,0.0,197.00414346950643,289.42093,273.7452982254148
squeezed_Thái Bình,2017-02-01,299.71292,268.3610560418041,288.06674,289.01723298369666,295.27112,299.66462674632436,0.0,261.3055651541505,289.42093,295.8679991928755,0.0,284.55516152345893
squeezed_Thái Bình,2017-03-01,288.06674,311.82141648593085,295.27112,336.85070772499523,0.0,308.0712860877543,289.42093,318.0253588075849,0.0,296.7854640765158,286.11667,276.79983011052553
squeezed_Thái Bình,2017-04-01,295.27112,304.36838859321057,0.0,311.4726287447981,289.42093,320.1387451717632,0.0,295.3187918250169,286.11667,248.8038113117057,262.60767,250.7705582489712
squeezed_Thái Bình,2017-05-01,0.0,314.0604560419835,289.42093,306.0406561297558,0.0,277.3068796387971,286.11667,262.7961869551195,262.60767,255.66194727690848,269.5412,249.44291257693953
squeezed_Thái Bình,2017-06-01,289.42093,132.56090150707817,0.0,122.99802436324285,286.11667,118.62162116535296,262.60767,95.22779025303016,269.5412,107.02641776302232,264.7202,116.9631639774286
squeezed_Thái Bình,2017-07-01,0.0,233.46531310317476,286.11667,224.68579527376693,262.60767,188.71002281722372,269.5412,192.21539699073847,264.7202,184.97545726401177,243.40651,180.52521822874775
squeezed_Thái Bình,2017-08-01,286.11667,93.32888287999639,262.60767,69.58838271842619,269.5412,92.4233224047222,264.7202,90.58654731211735,243.40651,93.47037120795659,0.0,86.01042271217949
squeezed_Thái Bình,2017-09-01,262.60767,172.1959508859787,269.5412,173.2822007765052,264.7202,180.97205161636262,243.40651,149.8036035980751,0.0,162.4008094685249,252.41357,176.95350682723347
squeezed_Thái Bình,2017-10-01,269.5412,216.69025986284183,264.7202,159.19328283552431,243.40651,183.48022143725115,0.0,204.64523884410116,252.41357,210.7167876877536,240.81764,225.50431781358535
squeezed_Thái Bình,2017-11-01,264.7202,216.81749107462738,243.40651,195.40388360970005,0.0,225.07764205017827,252.41357,256.3693334745896,240.81764,264.6508243845853,252.4675,276.8595811240194
squeezed_Thái Bình,2017-12-01,243.40651,195.8081243817242,0.0,193.42282005284213,252.41357,283.37271748444823,240.81764,282.8806157736991,252.4675,308.2362261206419,271.12885,305.87506626101276
squeezed_Thái Nguyên,2016-01-01,25.745478,24.35570871596025,28.434088,33.21498856855172,30.470915,30.659214228573315,32.915104,33.75186559244154,29.737658,39.12194442771234,25.745478,37.95589793177145
squeezed_Thái Nguyên,2016-02-01,28.434088,26.339120142929392,30.470915,31.164418943048194,32.915104,39.123654329495075,29.737658,40.20535095933737,25.745478,45.07793272521655,31.041225,41.12597095157763
squeezed_Thái Nguyên,2016-03-01,30.470915,34.74575676454258,32.915104,35.802437251117034,29.737658,38.06651558722113,25.745478,39.958320137622124,31.041225,38.004905595369394,32.426266,31.50050032757724
squeezed_Thái Nguyên,2016-04-01,32.915104,33.18996482279692,29.737658,32.94387857854676,25.745478,34.25378618145263,31.041225,27.779462047121175,32.426266,30.972511509282437,30.063549,28.987401262774597
squeezed_Thái Nguyên,2016-05-01,29.737658,37.28542363068226,25.745478,31.85500638663242,31.041225,30.48778539760625,32.426266,28.000750182839038,30.063549,28.49798576237058,31.530064,28.27204271959109
squeezed_Thái Nguyên,2016-06-01,25.745478,34.29746407013422,31.041225,27.33547978775491,32.426266,31.051947829667995,30.063549,29.731207709236294,31.530064,28.59132201324861,10.347075,27.391710545602564
squeezed_Thái Nguyên,2016-07-01,31.041225,24.7150561510861,32.426266,24.749456823954198,30.063549,24.937427202696906,31.530064,26.350287051891492,10.347075,24.63122899032619,20.69899,22.334635378864526
squeezed_Thái Nguyên,2016-08-01,32.426266,27.739391057618743,30.063549,27.72657392918627,31.530064,32.25686423978379,10.347075,26.91990825201439,20.69899,24.263058394877362,26.192183,24.810342210176383
squeezed_Thái Nguyên,2016-09-01,30.063549,32.11648091416605,31.530064,29.106049500794303,10.347075,31.573874017865865,20.69899,25.674881213571307,26.192183,17.95300678149662,26.669851,24.906057670681243
squeezed_Thái Nguyên,2016-10-01,31.530064,32.538448133035345,10.347075,29.696970438967107,20.69899,31.412179251655637,26.192183,26.598995456375786,26.669851,28.805404548929978,25.47568,30.68238768859412
squeezed_Thái Nguyên,2016-11-01,10.347075,30.37823489304773,20.69899,32.19325256289171,26.192183,19.88377014881168,26.669851,30.208039070637774,25.47568,28.75903964460116,27.22713,34.62124636693862
squeezed_Thái Nguyên,2016-12-01,20.69899,32.04803051544856,26.192183,20.092042898604877,26.669851,7.551925653132598,25.47568,15.53488192187939,27.22713,20.225212269152674,23.326168,25.165686577868748
squeezed_Thái Nguyên,2017-01-01,26.192183,15.278616707414418,26.669851,3.1706784021358465,25.47568,13.16571624461938,27.22713,15.918111300428794,23.326168,27.96099377122139,24.99801,13.293516155661344
squeezed_Thái Nguyên,2017-02-01,26.669851,22.844088503360883,25.47568,29.783000041199905,27.22713,31.74843429805583,23.326168,32.8467349117074,24.99801,30.25865787273577,22.131996,27.96779846131466
squeezed_Thái Nguyên,2017-03-01,25.47568,25.965966226652665,27.22713,29.652772723236236,23.326168,34.642241785274216,24.99801,30.417283982315993,22.131996,31.418519033941223,21.495104,28.577181184539658
squeezed_Thái Nguyên,2017-04-01,27.22713,26.964704550981484,23.326168,29.234744222448462,24.99801,27.969597158208323,22.131996,22.17216574777774,21.495104,26.98979091138533,20.062098,24.179314195093383
squeezed_Thái Nguyên,2017-05-01,23.326168,34.053562327686144,24.99801,28.622591341620943,22.131996,25.341284492806672,21.495104,24.960691698437632,20.062098,22.476959886252832,17.03686,23.31747302883594
squeezed_Thái Nguyên,2017-06-01,24.99801,21.387985435361827,22.131996,22.51921561965624,21.495104,23.540283938251715,20.062098,19.041564243233307,17.03686,21.182719860006124,17.196083,23.328877214775332
squeezed_Thái Nguyên,2017-07-01,22.131996,23.539617516225167,21.495104,25.902135422078832,20.062098,20.15743727637959,17.03686,20.63784490426169,17.196083,18.764539763581816,15.546482,23.336643468089836
squeezed_Thái Nguyên,2017-08-01,21.495104,20.237221071122153,20.062098,21.588524537017335,17.03686,22.26820905884896,17.196083,16.814413930108945,15.546482,20.04261476152747,15.153894,23.440579107201287
squeezed_Thái Nguyên,2017-09-01,20.062098,20.112814867181513,17.03686,21.817983606144406,17.196083,20.67551461393329,15.546482,20.380664637257972,15.153894,21.15320190319984,36.275127,25.971464039224628
squeezed_Thái Nguyên,2017-10-01,17.03686,18.48882989685069,17.196083,15.433042089966163,15.546482,21.31430353221637,15.153894,25.463806754463217,36.275127,27.449328043913596,20.964195,30.911989088554638
squeezed_Thái Nguyên,2017-11-01,17.196083,15.567979736002439,15.546482,21.05606151977994,15.153894,26.16025398660454,36.275127,26.23496288035493,20.964195,28.904542544357632,19.315327,28.042024871445097
squeezed_Thái Nguyên,2017-12-01,15.546482,29.637541673827414,15.153894,26.754999591976986,36.275127,29.34264847303724,20.964195,29.0884402591168,19.315327,41.54111927995824,15.782035,32.5550594887815
squeezed_Tiền Giang,2016-01-01,20.055166,23.691912687804987,27.00839,31.92582283796618,25.744167,26.647236449700532,24.939663,31.826912983706332,26.376278,34.44167022831479,27.180784,40.226212462821806
squeezed_Tiền Giang,2016-02-01,27.00839,26.85040718785564,25.744167,23.829069694618003,24.939663,30.013504114921158,26.376278,30.304079075372467,27.180784,32.59738107159926,24.824734,40.87569158452495
squeezed_Tiền Giang,2016-03-01,25.744167,33.46550171936212,24.939663,33.801283866133026,26.376278,32.335732750947926,27.180784,36.770020064189204,24.824734,45.22663291375656,23.388117,30.28157307325125
squeezed_Tiền Giang,2016-04-01,24.939663,32.053262556652314,26.376278,26.04049498131612,27.180784,32.201540573776576,24.824734,28.049708573586283,23.388117,25.91698741812774,22.238823,22.355131463165588
squeezed_Tiền Giang,2016-05-01,26.376278,27.765028045359916,27.180784,27.202206833750537,24.824734,28.063381512538026,23.388117,22.44178309179734,22.238823,18.948745963742148,23.732904,22.22786320814725
squeezed_Tiền Giang,2016-06-01,27.180784,25.2887930415396,24.824734,26.256853546818025,23.388117,23.49786206980337,22.238823,17.8282573153247,23.732904,20.917739880205644,0.22985864,22.81490428239292
squeezed_Tiền Giang,2016-07-01,24.824734,29.257697415619877,23.388117,25.648437139564724,22.238823,24.240878476235707,23.732904,18.583273556494458,0.22985864,21.197634437442,14.841877,21.95972060621875
squeezed_Tiền Giang,2016-08-01,23.388117,22.66482650700176,22.238823,21.241414933252244,23.732904,17.999217004432055,0.22985864,20.529353872999394,14.841877,20.558487653728267,18.60943,25.122890263459716
squeezed_Tiền Giang,2016-09-01,22.238823,20.228893031878062,23.732904,21.554028341232844,0.22985864,21.34618900355204,14.841877,19.103414641111694,18.60943,22.799237002595913,19.351524,28.25925869322259
squeezed_Tiền Giang,2016-10-01,23.732904,19.376142930851916,0.22985864,22.049829044920177,14.841877,22.84061098708585,18.60943,23.704711823011063,19.351524,29.938591464933015,17.467747,29.82248661714884
squeezed_Tiền Giang,2016-11-01,0.22985864,23.680720517620454,14.841877,27.78087513354867,18.60943,18.07955397431047,19.351524,31.339283938599213,17.467747,35.39915018146731,19.865282,43.99666721477586
squeezed_Tiền Giang,2016-12-01,14.841877,35.5782722512163,18.60943,18.262976863588197,19.351524,29.756488939042665,17.467747,24.388954396852576,19.865282,36.20510447841649,25.63078,33.06611084220917
squeezed_Tiền Giang,2017-01-01,18.60943,16.629847038133487,19.351524,30.44485491973378,17.467747,28.718881795156463,19.865282,27.995535367435586,25.63078,32.60466725933998,21.577806,31.407224553090646
squeezed_Tiền Giang,2017-02-01,19.351524,27.43336437114053,17.467747,23.94012543900169,19.865282,25.542372384665708,25.63078,27.10654418771839,21.577806,29.455576747947635,21.121132,29.237689218981348
squeezed_Tiền Giang,2017-03-01,17.467747,21.91113626180932,19.865282,19.21637495888304,25.63078,30.127420890261504,21.577806,30.716726462846406,21.121132,30.70107605850177,19.351524,26.86657481320176
squeezed_Tiền Giang,2017-04-01,19.865282,18.036324880110296,25.63078,19.52072122792869,21.577806,23.535054790151317,21.121132,24.97195256253922,19.351524,21.994906993458148,20.835712,21.450267714293577
squeezed_Tiền Giang,2017-05-01,25.63078,23.032639062767277,21.577806,20.526326746672964,21.121132,18.32917581418555,19.351524,14.01685628864766,20.835712,15.064850346834843,17.924421,19.183306583715126
squeezed_Tiền Giang,2017-06-01,21.577806,22.205904402062654,21.121132,20.909594862043317,19.351524,18.501178883680037,20.835712,15.808205286444117,17.924421,15.5810073197618,14.670625,36.212199436976086
squeezed_Tiền Giang,2017-07-01,21.121132,20.607132763095468,19.351524,21.894976410905752,20.835712,19.040447980844192,17.924421,14.005300973569135,14.670625,45.38456833087469,19.21437,23.347690057993066
squeezed_Tiền Giang,2017-08-01,19.351524,18.303913910751888,20.835712,16.97326072922768,17.924421,19.705255429193777,14.670625,43.686654601013664,19.21437,23.401939477693844,18.077425,23.20309008651732
squeezed_Tiền Giang,2017-09-01,20.835712,15.98396613264501,17.924421,17.657984941994048,14.670625,49.84767859928058,19.21437,23.890652840228817,18.077425,22.363424794523002,21.033484,28.512122915559537
squeezed_Tiền Giang,2017-10-01,17.924421,16.886171459835637,14.670625,49.53439793064738,19.21437,23.017998940098266,18.077425,24.15561404956565,21.033484,30.81709385780408,28.878405,25.273783865201523
squeezed_Tiền Giang,2017-11-01,14.670625,36.44270908148092,19.21437,25.13913614534872,18.077425,21.007167600722987,21.033484,25.956009148856875,28.878405,27.02053360121369,26.149736,26.824161933815308
squeezed_Tiền Giang,2017-12-01,19.21437,30.549705325514335,18.077425,23.007781636313595,21.033484,22.191441169998143,28.878405,25.40078352244505,26.149736,28.90518543091958,27.684612,27.090202696937133
squeezed_Trà Vinh,2016-01-01,8.073042,45.9259570346874,7.8808265,34.32388783681866,11.148486,63.16516587201642,16.722729,39.77247326658151,20.567036,40.273634563725906,16.914946,51.47328604817685
squeezed_Trà Vinh,2016-02-01,7.8808265,20.704489191637098,11.148486,53.186800994609726,16.722729,32.66427207310244,20.567036,28.572910863687348,16.914946,35.22318658311976,12.782316,44.16452946901721
squeezed_Trà Vinh,2016-03-01,11.148486,41.7258224621876,16.722729,20.252085016850806,20.567036,23.78003362547164,16.914946,30.597453679940276,12.782316,32.1420791873433,10.956271,43.12689955298479
squeezed_Trà Vinh,2016-04-01,16.722729,21.103198193384692,20.567036,22.48115976749199,16.914946,22.801130879124425,12.782316,20.8321569436854,10.956271,46.968294035856516,10.667948,24.375816028359623
squeezed_Trà Vinh,2016-05-01,20.567036,23.694317579976765,16.914946,17.974391531428324,12.782316,21.35042264601591,10.956271,43.95615875995741,10.667948,18.986082117743766,6.2469964,44.23732661559524
squeezed_Trà Vinh,2016-06-01,16.914946,17.934432988825744,12.782316,25.24470741858715,10.956271,46.28225814938945,10.667948,16.806096227873535,6.2469964,45.61115756110392,6.2469964,44.189644038610275
squeezed_Trà Vinh,2016-07-01,12.782316,17.03944723392059,10.956271,52.27709387882692,10.667948,23.110983823538323,6.2469964,51.18753486432627,6.2469964,51.681872359293095,8.431704,42.893405454820865
squeezed_Trà Vinh,2016-08-01,10.956271,30.797826893057618,10.667948,18.31697970644254,6.2469964,51.81649248461543,6.2469964,58.12861049568065,8.431704,50.904017247073625,20.930464,51.177056570602474
squeezed_Trà Vinh,2016-09-01,10.667948,11.026312154010038,6.2469964,58.028550209875355,6.2469964,55.42119737602212,8.431704,57.01820851334992,20.930464,53.11068351514936,20.632874,59.376309896241295
squeezed_Trà Vinh,2016-10-01,6.2469964,36.15700033558003,6.2469964,60.99139885148404,8.431704,63.19254860527848,20.930464,58.19940336955394,20.632874,67.21640736550869,11.605991,45.29914003613922
squeezed_Trà Vinh,2016-11-01,6.2469964,41.07413721165634,8.431704,59.866933209642944,20.930464,59.38965057655561,20.632874,70.44931040205782,11.605991,39.07260812861507,19.144926,48.603336767687175
squeezed_Trà Vinh,2016-12-01,8.431704,58.2479967126777,20.930464,63.298749991298955,20.632874,65.18300522896448,11.605991,45.998582778472816,19.144926,45.22884892018105,14.978673,46.63880569098993
squeezed_Trà Vinh,2017-01-01,20.930464,37.42107125576912,20.632874,67.88068218753291,11.605991,34.43468753744304,19.144926,34.57262069531747,14.978673,41.25022538713911,28.271006,37.08943886121687
squeezed_Trà Vinh,2017-02-01,20.632874,56.85244550947867,11.605991,27.645501571487664,19.144926,30.231139779081314,14.978673,32.8715420281738,28.271006,29.32929979521926,29.461363,36.90217860812925
squeezed_Trà Vinh,2017-03-01,11.605991,24.96128838908765,19.144926,20.908345349254326,14.978673,27.035637884355022,28.271006,30.273592229851765,29.461363,21.04201049162187,25.5927,34.101832097651815
squeezed_Trà Vinh,2017-04-01,19.144926,14.985500814090365,14.978673,19.623610468899788,28.271006,21.28396844647926,29.461363,19.08896132397583,25.5927,18.426142868833097,13.887511,19.962740609709417
squeezed_Trà Vinh,2017-05-01,14.978673,21.438264594895774,28.271006,18.161427167689478,29.461363,15.841835428276742,25.5927,15.258134741822634,13.887511,14.592613453479032,9.820455,36.16739036562888
squeezed_Trà Vinh,2017-06-01,28.271006,17.485689435185883,29.461363,15.332643851838561,25.5927,15.5011265253301,13.887511,13.588563245469077,9.820455,43.06363443437843,14.185101,39.51320599532586
squeezed_Trà Vinh,2017-07-01,29.461363,25.904109386990147,25.5927,20.076899117776154,13.887511,25.210339606582895,9.820455,49.75550573681115,14.185101,50.36871676302675,11.994449,44.761897935049824
squeezed_Trà Vinh,2017-08-01,25.5927,28.13687532585517,13.887511,26.963876110850535,9.820455,55.12551901704169,14.185101,55.667896297574764,11.994449,53.98758294345869,17.248217,36.58700543346502
squeezed_Trà Vinh,2017-09-01,13.887511,21.671068380848318,9.820455,46.83507878652312,14.185101,62.0333527491635,11.994449,57.765005597316026,17.248217,32.07141525840857,17.545599,37.027838383446394
squeezed_Trà Vinh,2017-10-01,9.820455,31.734811928046966,14.185101,57.85798698514309,11.994449,62.1564239353838,17.248217,31.718185593238786,17.545599,34.55858703475966,18.437748,32.39525153109483
squeezed_Trà Vinh,2017-11-01,14.185101,31.500273248389863,11.994449,58.46993952663066,17.248217,21.056271222059042,17.545599,24.22514485060979,18.437748,29.499606699940443,20.717684,26.072499034465665
squeezed_Trà Vinh,2017-12-01,11.994449,49.22687315734908,17.248217,24.029512958299964,17.545599,21.763262315734746,18.437748,27.40414113391876,20.717684,29.701564209964634,20.12292,30.86041284951057
squeezed_Tuyên Quang,2016-01-01,38.33616,38.42793686284897,38.466553,48.973096547696684,38.205765,46.264927407558496,35.597862,51.18861041615458,32.337986,49.9391760321671,31.164429,53.8043881413126
squeezed_Tuyên Quang,2016-02-01,38.466553,44.658713449065985,38.205765,48.47072884802078,35.597862,50.78102611991585,32.337986,50.25224478406737,31.164429,65.722709281869,38.988132,55.26988748757988
squeezed_Tuyên Quang,2016-03-01,38.205765,39.56215816826129,35.597862,45.20782095323747,32.337986,41.11886593328303,31.164429,54.588103375951434,38.988132,41.51131637966919,37.553787,40.36220493875831
squeezed_Tuyên Quang,2016-04-01,35.597862,41.885482357369455,32.337986,44.721873662193325,31.164429,39.30295474184848,38.988132,34.30517686933875,37.553787,37.98738812999067,38.59695,30.311786533478042
squeezed_Tuyên Quang,2016-05-01,32.337986,39.149375441915595,31.164429,36.041904416500905,38.988132,32.80513271500977,37.553787,35.42194579961612,38.59695,31.007178932503763,33.51154,31.020616350061378
squeezed_Tuyên Quang,2016-06-01,31.164429,33.65195242595586,38.988132,30.88482027198284,37.553787,31.876770815999148,38.59695,32.57925163458702,33.51154,29.636723588542058,20.080845,26.072094289668293
squeezed_Tuyên Quang,2016-07-01,38.988132,32.708090022518164,37.553787,30.832052120932595,38.59695,28.99420318591639,33.51154,31.936021113262314,20.080845,24.93652454953327,0.0,24.684500614143282
squeezed_Tuyên Quang,2016-08-01,37.553787,33.23054592317791,38.59695,33.63377770239833,33.51154,33.33539209304791,20.080845,28.009689059631008,0.0,25.577570234252956,0.0,33.414759307875904
squeezed_Tuyên Quang,2016-09-01,38.59695,34.99665185022568,33.51154,34.56451887467951,20.080845,33.093450167913986,0.0,27.987331075293227,0.0,33.14701735189299,0.0,31.876256183482273
squeezed_Tuyên Quang,2016-10-01,33.51154,35.34159238972774,20.080845,33.68154923851254,0.0,32.18599658015102,0.0,33.94913229854927,0.0,36.40502668880888,0.0,38.757667466251654
squeezed_Tuyên Quang,2016-11-01,20.080845,35.09107338670522,0.0,30.744971336981948,0.0,30.38742667969468,0.0,36.041540526085846,0.0,38.11469698211588,0.0,36.597983655166175
squeezed_Tuyên Quang,2016-12-01,0.0,26.541150435682795,0.0,20.030055298677844,0.0,20.5891109295364,0.0,27.438907724819213,0.0,22.89296303247339,0.0,23.91339450075258
squeezed_Tuyên Quang,2017-01-01,0.0,-0.45391478576797656,0.0,-2.0615743425108275,0.0,-2.7419881911322417,0.0,10.474661000931766,0.0,1.9279511494566293,0.0,8.935383771192438
squeezed_Tuyên Quang,2017-02-01,0.0,1.049734693236768,0.0,7.646650390569452,0.0,12.667321354311309,0.0,14.200506370142028,0.0,13.187970709658133,0.0,10.889788406990728
squeezed_Tuyên Quang,2017-03-01,0.0,11.783640590463863,0.0,7.924870804577399,0.0,7.5900197426178915,0.0,9.304564908351113,0.0,5.2290286569807245,0.0,7.758985628729542
squeezed_Tuyên Quang,2017-04-01,0.0,4.47374293799598,0.0,-0.15779781393020748,0.0,2.882694898291198,0.0,4.041915362264486,0.0,5.389250702488357,0.0,3.394752330061458
squeezed_Tuyên Quang,2017-05-01,0.0,5.55024186091468,0.0,2.430844258539996,0.0,-0.3644180584276878,0.0,5.6512839947512985,0.0,2.985841472849096,0.0,5.271199479028841
squeezed_Tuyên Quang,2017-06-01,0.0,1.8547640275585922,0.0,0.4672899836560484,0.0,0.802434073451579,0.0,2.7728380326016575,0.0,3.201939686155441,0.0,20.466104498119776
squeezed_Tuyên Quang,2017-07-01,0.0,3.022921938843236,0.0,2.5508424507248546,0.0,1.3803354705138278,0.0,4.303528249218785,0.0,15.514755286209828,32.763718,55.744245362863715
squeezed_Tuyên Quang,2017-08-01,0.0,1.0496524616376084,0.0,3.0060371450243126,0.0,2.320038780020411,0.0,5.812256418441599,32.763718,52.683547157689105,40.60131,66.17105630645534
squeezed_Tuyên Quang,2017-09-01,0.0,0.6728322763420302,0.0,1.6477366625985708,0.0,4.326626613171603,32.763718,54.27176065841973,40.60131,63.574802625488665,43.04253,82.4337136557455
squeezed_Tuyên Quang,2017-10-01,0.0,0.9805259855133994,0.0,3.4396873880037493,32.763718,60.04917109220393,40.60131,77.17761527441617,43.04253,80.12688086582637,36.746758,75.20609097318705
squeezed_Tuyên Quang,2017-11-01,0.0,2.2497985525294317,32.763718,60.11714573399374,40.60131,68.53950293390695,43.04253,76.55975120822248,36.746758,84.51309116911517,36.10433,88.47382754789034
squeezed_Tuyên Quang,2017-12-01,32.763718,76.96265702316332,40.60131,76.95493222414808,43.04253,78.90577943082744,36.746758,88.39388195496748,36.10433,119.56171515666284,37.517666,114.99534905523103
squeezed_Tây Ninh,2016-01-01,12.602789,17.16097374437797,15.4629965,29.37607837017971,10.636396,28.62604823782625,9.116911,31.18453684698287,13.764748,30.23998392742659,11.887737,27.600806508162766
squeezed_Tây Ninh,2016-02-01,15.4629965,21.06243061922033,10.636396,20.654906152942278,9.116911,27.5723324762878,13.764748,28.488089766512733,11.887737,26.990048632699924,12.334644,27.801138370650428
squeezed_Tây Ninh,2016-03-01,10.636396,21.295471591493513,9.116911,19.49051227811185,13.764748,29.987418904182302,11.887737,27.951321457489378,12.334644,24.58901099911286,8.223096,24.52099576478378
squeezed_Tây Ninh,2016-04-01,9.116911,16.297827902284894,13.764748,20.727125847189317,11.887737,25.435868671923792,12.334644,21.156996530740198,8.223096,20.206302977138797,8.044333,19.722994646312795
squeezed_Tây Ninh,2016-05-01,13.764748,18.82108207719575,11.887737,14.65179291472007,12.334644,21.554808718749378,8.223096,16.109955812613872,8.044333,15.988264977996666,11.887737,19.232190690371112
squeezed_Tây Ninh,2016-06-01,11.887737,17.216758190142656,12.334644,17.754740757634643,8.223096,14.784708006269504,8.044333,8.992957042884584,11.887737,14.216190502442275,0.6256704,18.970223346256336
squeezed_Tây Ninh,2016-07-01,12.334644,10.746928018023244,8.223096,14.501846379660215,8.044333,13.351112429042074,11.887737,11.624607962995505,0.6256704,13.320453783228064,4.691165,18.950731266757355
squeezed_Tây Ninh,2016-08-01,8.223096,10.768766300408023,8.044333,12.990494606378752,11.887737,17.472097791863636,0.6256704,14.568306890716215,4.691165,14.23503684416545,2.9536965,21.972101940389255
squeezed_Tây Ninh,2016-09-01,8.044333,9.15941362629329,11.887737,8.882617682443362,0.6256704,12.695083071464241,4.691165,13.919240346216085,2.9536965,17.033115268505593,4.7780385,25.51338081554204
squeezed_Tây Ninh,2016-10-01,11.887737,11.204517129645925,0.6256704,12.266560642086445,4.691165,21.95581102035521,2.9536965,19.558634684333665,4.7780385,26.75826098550348,9.469203,28.967843089309397
squeezed_Tây Ninh,2016-11-01,0.6256704,11.78061428644462,4.691165,21.822693425460535,2.9536965,34.94138738936525,4.7780385,30.63086342134979,9.469203,27.728391799199642,7.2104945,48.546395065584136
squeezed_Tây Ninh,2016-12-01,4.691165,31.13305543451985,2.9536965,21.03934772717162,4.7780385,38.941128718209214,9.469203,24.844815952051352,7.2104945,63.60537403236727,7.9923553,47.65969376761786
squeezed_Tây Ninh,2017-01-01,2.9536965,13.113354598762557,4.7780385,29.894543193175487,9.469203,45.230881719096935,7.2104945,67.70223340486226,7.9923553,37.837054443869356,9.469203,36.67979983430533
squeezed_Tây Ninh,2017-02-01,4.7780385,15.709443834699464,9.469203,28.81941174576502,7.2104945,68.51798533160675,7.9923553,43.67456310288464,9.469203,35.153698588228075,5.8205194,37.51912702540746
squeezed_Tây Ninh,2017-03-01,9.469203,18.72541038233239,7.2104945,57.20470192675537,7.9923553,35.88215715107578,9.469203,31.159326850000195,5.8205194,22.22397701687776,5.8205194,85.39603708663364
squeezed_Tây Ninh,2017-04-01,7.2104945,30.953515420197505,7.9923553,17.80307898396752,9.469203,17.289572282449416,5.8205194,15.776267663447125,5.8205194,77.534292274751,8.513596,52.4481788617248
squeezed_Tây Ninh,2017-05-01,7.9923553,9.571051404500253,9.469203,9.765542545088417,5.8205194,16.926695838121155,5.8205194,48.46150474758686,8.513596,52.520784928320175,9.64295,29.891668405077034
squeezed_Tây Ninh,2017-06-01,9.469203,9.065395794442997,5.8205194,10.875659190395458,5.8205194,47.83900742063063,8.513596,50.87887541463123,9.64295,21.169087269514723,5.2992787,46.22333689996734
squeezed_Tây Ninh,2017-07-01,5.8205194,8.301123483286137,5.8205194,52.161914948754486,8.513596,48.69665487350169,9.64295,19.223632609427938,5.2992787,44.844981310143034,9.993969,52.34573355709266
squeezed_Tây Ninh,2017-08-01,5.8205194,33.97060450139889,8.513596,45.49821967585242,9.64295,18.404128919252404,5.2992787,48.38723463634672,9.993969,54.85029885628308,8.443181,47.07832191356647
squeezed_Tây Ninh,2017-09-01,8.513596,28.549668204586467,9.64295,12.381451699700875,5.2992787,50.75834901123292,9.993969,60.56302309689426,8.443181,56.02887333273555,6.633928,65.32141238046061
squeezed_Tây Ninh,2017-10-01,9.64295,10.317207912588755,5.2992787,54.651944203792425,9.993969,68.54174196334773,8.443181,70.5920203738173,6.633928,71.73810642967105,6.8923926,70.162811664419
squeezed_Tây Ninh,2017-11-01,5.2992787,35.90599068133338,9.993969,64.8014917104029,8.443181,67.51101884867299,6.633928,68.34487112259401,6.8923926,73.09075864758985,5.9446883,68.83093585998762
squeezed_Tây Ninh,2017-12-01,9.993969,55.9866843332572,8.443181,65.17548867468935,6.633928,67.94323856682719,6.8923926,71.30645657012987,5.9446883,71.15367216183485,5.1692944,81.54295688892657
squeezed_Vĩnh Phúc,2016-01-01,42.307693,47.7181771871076,40.52533,46.74832697034478,42.213882,47.50047793431706,41.557224,49.71627987467446,38.649155,55.91406323472272,40.900562,57.50739396410829
squeezed_Vĩnh Phúc,2016-02-01,40.52533,43.86290442537861,42.213882,50.9469404089245,41.557224,54.91433662634939,38.649155,54.00910928226759,40.900562,58.337589491071775,40.43152,55.89480594804732
squeezed_Vĩnh Phúc,2016-03-01,42.213882,44.03245569051504,41.557224,53.87504073887327,38.649155,52.71212906052786,40.900562,49.38923902099567,40.43152,45.60692117837518,38.555347,44.80961866746306
squeezed_Vĩnh Phúc,2016-04-01,41.557224,43.69100718615905,38.649155,52.42021556675918,40.900562,45.30233390338238,40.43152,37.07594597707028,38.555347,41.95612534140698,38.086304,57.737905270742914
squeezed_Vĩnh Phúc,2016-05-01,38.649155,49.04067420196702,40.900562,41.055973010278244,40.43152,37.51645928171351,38.555347,39.82945354718402,38.086304,49.379583071278844,36.679176,38.33314261481786
squeezed_Vĩnh Phúc,2016-06-01,40.900562,39.1625943085922,40.43152,50.54284615315315,38.555347,38.46247758666998,38.086304,39.50934159204792,36.679176,36.10006919247396,9.756098,38.27934587953774
squeezed_Vĩnh Phúc,2016-07-01,40.43152,52.75038615437027,38.555347,40.803577109849016,38.086304,39.98164189093547,36.679176,36.473029827292756,9.756098,36.48571527194954,29.20488,37.47352844578476
squeezed_Vĩnh Phúc,2016-08-01,38.555347,36.021269929997835,38.086304,36.97824305170841,36.679176,36.55860065529893,9.756098,36.214313525608745,29.20488,35.361347162620966,25.37619,41.886608488752174
squeezed_Vĩnh Phúc,2016-09-01,38.086304,36.04463349061269,36.679176,35.180448803879194,9.756098,35.7004501283534,29.20488,34.83587368647813,25.37619,36.62012650785843,0.0,41.489685020500865
squeezed_Vĩnh Phúc,2016-10-01,36.679176,36.46403584913065,9.756098,37.38956568506721,29.20488,38.39516431665112,25.37619,40.84621733125062,0.0,40.110844256071395,31.163744,41.83730825825301
squeezed_Vĩnh Phúc,2016-11-01,9.756098,36.35868372405266,29.20488,36.64819953495437,25.37619,32.98622803002389,0.0,39.99627380165396,31.163744,39.908169794294885,29.471996,42.77907119631413
squeezed_Vĩnh Phúc,2016-12-01,29.20488,30.93929889813992,25.37619,19.82615081300018,0.0,20.83984786527373,31.163744,25.190579681012427,29.471996,31.502191697311005,28.937761,34.321473917435256
squeezed_Vĩnh Phúc,2017-01-01,25.37619,26.01343103459915,0.0,24.250886782773176,31.163744,25.817650964124194,29.471996,30.787394729931798,28.937761,30.269578931462583,33.300686,37.78694620367065
squeezed_Vĩnh Phúc,2017-02-01,0.0,27.836207565274307,31.163744,31.058762147270706,29.471996,37.492859019285696,28.937761,35.57362557730666,33.300686,39.30374099982289,0.0,36.01011818452083
squeezed_Vĩnh Phúc,2017-03-01,31.163744,7.324899645785263,29.471996,10.025099766449843,28.937761,17.65004335932787,33.300686,13.500220907711734,0.0,16.600919620300957,37.57457,17.859742685822603
squeezed_Vĩnh Phúc,2017-04-01,29.471996,33.56326953437786,28.937761,31.149019961854002,33.300686,30.1523127972832,0.0,26.329183207624773,37.57457,24.807907858586717,35.25955,26.26259254738505
squeezed_Vĩnh Phúc,2017-05-01,28.937761,39.41962571003965,33.300686,31.83860564700182,0.0,30.04563971656674,37.57457,27.42951766660845,35.25955,19.68332916884863,26.355623,60.33908893345714
squeezed_Vĩnh Phúc,2017-06-01,33.300686,31.751548535760886,0.0,27.68820831185915,37.57457,28.41780051857876,35.25955,22.56178580234253,26.355623,49.32738741636923,0.0,45.85860761021185
squeezed_Vĩnh Phúc,2017-07-01,0.0,31.88159452822306,37.57457,29.37129106946034,35.25955,28.68639223795564,26.355623,27.669232176097143,0.0,55.8096394496509,0.0,31.212002855904313
squeezed_Vĩnh Phúc,2017-08-01,37.57457,7.062467075941495,35.25955,7.255651774010766,26.355623,12.170314911685033,0.0,49.08339821717142,0.0,19.268270394721462,0.0,23.505793173770424
squeezed_Vĩnh Phúc,2017-09-01,35.25955,29.00527978219869,26.355623,29.858030025247817,0.0,49.038063071280575,0.0,30.36429754766279,0.0,29.86378593218057,0.0,51.951575380570176
squeezed_Vĩnh Phúc,2017-10-01,26.355623,35.75541477759499,0.0,42.44620462114305,0.0,35.23119178777622,0.0,41.284139298405364,0.0,66.48560250691692,0.0,41.376475170596144
squeezed_Vĩnh Phúc,2017-11-01,0.0,44.57676414669796,0.0,32.577504573381916,0.0,37.268446241431484,0.0,64.71508861882685,0.0,38.59189812183225,0.0,43.66634162884896
squeezed_Vĩnh Phúc,2017-12-01,0.0,28.90691690022197,0.0,17.846873666731263,0.0,55.09671155787313,0.0,28.75846275714717,0.0,25.999687434244056,0.0,27.64488358855926
squeezed_Yên Bái,2016-01-01,11.12361,18.201610713974517,29.99625,30.539443123080744,22.997126,22.621248890063413,26.496689,31.17285921900696,22.747156,41.25362930150336,19.247595,49.71067709622809
squeezed_Yên Bái,2016-02-01,29.99625,25.148284882266648,22.997126,31.884169972520823,26.496689,31.071068112453816,22.747156,32.30413789710296,19.247595,52.884620801267005,26.746656,41.82829630400252
squeezed_Yên Bái,2016-03-01,22.997126,35.31910882166168,26.496689,36.49385924977593,22.747156,38.3208565275489,19.247595,46.555059704447125,26.746656,38.645246780844985,18.497688,39.47469954533144
squeezed_Yên Bái,2016-04-01,26.496689,28.766722897347314,22.747156,28.877959831707457,19.247595,25.264098654805608,26.746656,23.00561380830868,18.497688,24.61121384592599,19.247595,22.73718723469258
squeezed_Yên Bái,2016-05-01,22.747156,26.628644987897456,19.247595,26.238108436906362,26.746656,22.651420013469984,18.497688,23.4995461293944,19.247595,18.287582737704557,18.497688,21.842120164958764
squeezed_Yên Bái,2016-06-01,19.247595,21.229249569948248,26.746656,22.621816884499736,18.497688,21.671544417655912,19.247595,16.88701099561424,18.497688,19.814261591082964,2.2497187,21.500176636153736
squeezed_Yên Bái,2016-07-01,26.746656,19.627121626325927,18.497688,16.97967512372123,19.247595,17.598521306377645,18.497688,17.37892808487336,2.2497187,17.208242137246945,14.121144,18.942501679693674
squeezed_Yên Bái,2016-08-01,18.497688,27.301869775421874,19.247595,22.672430920199176,18.497688,22.495392865732693,2.2497187,21.068810543809246,14.121144,19.565398220814537,20.4385,24.36963657447259
squeezed_Yên Bái,2016-09-01,19.247595,17.844662248763008,18.497688,17.65225452217924,2.2497187,14.81606650459637,14.121144,19.337056914637543,20.4385,16.761605098639272,24.03072,23.702612234240473
squeezed_Yên Bái,2016-10-01,18.497688,17.347094204532105,2.2497187,18.66665071092348,14.121144,19.856911197819684,20.4385,22.816762205807855,24.03072,23.607620882443165,22.915892,29.22304164515382
squeezed_Yên Bái,2016-11-01,2.2497187,18.398831094539048,14.121144,19.738689518053615,20.4385,14.961288374019354,24.03072,24.749804536384893,22.915892,26.660744419538865,20.810108,27.366425454764208
squeezed_Yên Bái,2016-12-01,14.121144,26.442891005142346,20.4385,7.599836710420946,24.03072,12.960563667640674,22.915892,23.859959907653923,20.810108,28.997430413405795,22.420414,20.685969622916286
squeezed_Yên Bái,2017-01-01,20.4385,9.23316106023288,24.03072,17.10204700572228,22.915892,12.634127633571254,20.810108,25.699008482563627,22.420414,26.40448548088382,25.145546,20.81889382891599
squeezed_Yên Bái,2017-02-01,24.03072,15.68161603241238,22.915892,23.342935827614415,20.810108,23.71292158895572,22.420414,28.113671011904202,25.145546,33.894151824634825,18.952063,23.489412925558113
squeezed_Yên Bái,2017-03-01,22.915892,24.212913004394476,20.810108,27.123372842986402,22.420414,25.41487144838041,25.145546,19.1551760856232,18.952063,26.805741715320806,16.10306,23.18926797384873
squeezed_Yên Bái,2017-04-01,20.810108,24.80780221493762,22.420414,24.40001825466831,25.145546,23.371641511371905,18.952063,19.300906374631378,16.10306,21.774054854284056,9.414097,22.660960935434886
squeezed_Yên Bái,2017-05-01,22.420414,21.480474803395815,25.145546,20.03898014731456,18.952063,20.562116556652885,16.10306,17.902291343817808,9.414097,17.9011633739977,11.89149,22.262291644323934
squeezed_Yên Bái,2017-06-01,25.145546,21.854401603311214,18.952063,21.451100324298686,16.10306,20.36442200494931,9.414097,16.255719870153246,11.89149,18.264848580025244,11.643751,38.075345353502414
squeezed_Yên Bái,2017-07-01,18.952063,23.831683760931284,16.10306,20.91659192255203,9.414097,19.70388334232844,11.89149,20.795291310461657,11.643751,42.84803380272684,18.904984,26.143532525229567
squeezed_Yên Bái,2017-08-01,16.10306,17.773648565125242,9.414097,16.157234443436078,11.89149,23.68706060958172,11.643751,45.82527100610281,18.904984,23.82090266143998,14.117358,25.46145737678189
squeezed_Yên Bái,2017-09-01,9.414097,14.234033879244235,11.89149,18.645856358259703,11.643751,47.71536090101073,18.904984,25.75953612391287,14.117358,21.30999222897041,17.18635,31.16175856781822
squeezed_Yên Bái,2017-10-01,11.89149,11.867413907190304,11.643751,47.13067991713378,18.904984,19.823967728400795,14.117358,23.892467819410054,17.18635,29.004169549162835,14.485637,28.305084038274888
squeezed_Yên Bái,2017-11-01,11.643751,34.955238500735064,18.904984,21.88475662831739,14.117358,21.809695171620287,17.18635,29.235930123510556,14.485637,27.73840789287045,18.413946,35.13333895573814
squeezed_Yên Bái,2017-12-01,18.904984,27.156377405998825,14.117358,27.369391687213064,17.18635,28.19844343633369,14.485637,29.85223796764062,18.413946,37.831962976928004,16.449791,34.399058135978976
squeezed_Điện Biên,2016-01-01,170.97237,163.55399013764028,278.4356,167.82324583036703,222.82024,175.23994498810634,202.72694,170.3855013838531,201.82993,210.66519906628923,155.00539,200.65462698623253
squeezed_Điện Biên,2016-02-01,278.4356,178.9332828302228,222.82024,189.559940150042,202.72694,179.8478119008167,201.82993,209.32454790897594,155.00539,227.70945856929958,148.54683,201.5254734886397
squeezed_Điện Biên,2016-03-01,222.82024,230.96465018985285,202.72694,223.63940322609196,201.82993,239.17978276731216,155.00539,259.40950796063015,148.54683,236.24769258184546,151.9555,219.29797219548988
squeezed_Điện Biên,2016-04-01,202.72694,219.92616120113885,201.82993,242.27878973673742,155.00539,261.85790896571314,148.54683,229.11518507163746,151.9555,214.33144243503145,141.19124,196.11729316588523
squeezed_Điện Biên,2016-05-01,201.82993,224.23049643471276,155.00539,236.87484191992837,148.54683,230.52284849944806,151.9555,203.662558009617,141.19124,186.9747131094449,161.10513,189.59755319767754
squeezed_Điện Biên,2016-06-01,155.00539,226.8156480915893,148.54683,208.0054447871162,151.9555,196.1378405999635,141.19124,187.16066405323562,161.10513,171.49301197336183,1.435235,169.29701205614904
squeezed_Điện Biên,2016-07-01,148.54683,184.04610254176782,151.9555,158.84647943332328,141.19124,174.76704993731795,161.10513,163.26897598978798,1.435235,163.18300866197603,152.05385,155.62922649902006
squeezed_Điện Biên,2016-08-01,151.9555,157.79107469319425,141.19124,149.26808145904616,161.10513,151.34239869405556,1.435235,154.45154195326464,152.05385,149.9341846472477,0.0,136.6659103549915
squeezed_Điện Biên,2016-09-01,141.19124,142.9049829717745,161.10513,146.00916907342287,1.435235,146.90468893434138,152.05385,142.54283623304767,0.0,148.26667631318773,0.0,159.46313056614807
squeezed_Điện Biên,2016-10-01,161.10513,148.14858025513558,1.435235,141.21468086977322,152.05385,139.5052618840139,0.0,134.47893813425284,0.0,159.17942894917977,136.52054,170.08871495372819
squeezed_Điện Biên,2016-11-01,1.435235,144.24322480113952,152.05385,156.57611263807004,0.0,150.56908554517892,0.0,170.63304818064685,136.52054,164.0558934953902,147.39386,165.7172399303779
squeezed_Điện Biên,2016-12-01,152.05385,89.43937279722941,0.0,56.34910724543772,0.0,83.88169081333945,136.52054,61.69732783039925,147.39386,76.39341761903523,157.4042,119.6950059117233
squeezed_Điện Biên,2017-01-01,0.0,145.75540126763772,0.0,139.77290003132063,136.52054,127.32871553646588,147.39386,121.03911952185045,157.4042,133.52832308640126,0.0,128.53987162273353
squeezed_Điện Biên,2017-02-01,0.0,74.8031682723582,136.52054,55.124226599928015,147.39386,54.84901553117496,157.4042,56.58736289676429,0.0,43.33369861128578,137.3835,58.16982414018749
squeezed_Điện Biên,2017-03-01,136.52054,1.9225480916459536,147.39386,38.60909189926734,157.4042,43.490793270069965,0.0,12.295029113198774,137.3835,5.559467776294783,181.04936,17.73133983863923
squeezed_Điện Biên,2017-04-01,147.39386,121.11570787876616,157.4042,107.98100150592686,0.0,107.29404503283963,137.3835,101.46713191470738,181.04936,99.85381812642079,0.0,76.64387404916518
squeezed_Điện Biên,2017-05-01,157.4042,126.34006904695559,0.0,126.05488600321756,137.3835,118.1073153859052,181.04936,112.00633010282519,0.0,113.09375326123302,132.03314,103.50145475327844
squeezed_Điện Biên,2017-06-01,0.0,134.40749387558753,137.3835,122.23040307016339,181.04936,127.28642437911503,0.0,119.5565225965915,132.03314,129.04348380907328,0.0,125.64814950168075
squeezed_Điện Biên,2017-07-01,137.3835,61.27693161474354,181.04936,54.62510568139789,0.0,42.22037203552717,132.03314,60.48235868908124,0.0,111.00445186430156,0.0,72.73617105803878
squeezed_Điện Biên,2017-08-01,181.04936,118.7705578987162,0.0,100.42177395141088,132.03314,102.64011852559943,0.0,123.70913840730421,0.0,103.1147396424273,159.18713,124.14058335062084
squeezed_Điện Biên,2017-09-01,0.0,141.4882372513476,132.03314,162.57986507703725,0.0,150.30962554101606,0.0,105.3580527462088,159.18713,165.72748622833294,0.0,132.99617323684302
squeezed_Điện Biên,2017-10-01,132.03314,94.08722787173234,0.0,92.65214476359849,0.0,73.4467755082865,159.18713,124.27386757230275,0.0,107.6427674817067,0.0,99.61967285066883
squeezed_Điện Biên,2017-11-01,0.0,141.85393183357587,0.0,105.285342244284,159.18713,170.17714740049786,0.0,127.06563820823268,0.0,157.00066338790842,0.0,162.2374263289848
squeezed_Điện Biên,2017-12-01,0.0,59.4021468005815,159.18713,101.92653427273319,0.0,96.9059388868684,0.0,59.023917142023336,0.0,57.261349409975864,0.0,80.17802291889804
squeezed_Đà Nẵng,2016-01-01,17.683043,21.31043037390617,13.190595,27.64634037853221,22.653412,28.221352576494233,21.601988,31.887910465528755,25.903269,33.19700841425032,22.940165,43.03914329848753
squeezed_Đà Nẵng,2016-02-01,13.190595,20.409468180392594,22.653412,25.807092290912912,21.601988,28.83154373063288,25.903269,31.296670645126543,22.940165,39.025363260337265,40.90996,27.63685994259047
squeezed_Đà Nẵng,2016-03-01,22.653412,18.320987727851023,21.601988,22.203877294904306,25.903269,31.853028412132723,22.940165,36.98649434835701,40.90996,27.244927607435116,25.616516,33.22920595830001
squeezed_Đà Nẵng,2016-04-01,21.601988,25.93634169298439,25.903269,41.100741624219346,22.940165,36.90265715395228,40.90996,29.920546131206603,25.616516,23.03452774690611,28.675205,30.8428442447323
squeezed_Đà Nẵng,2016-05-01,25.903269,25.860770421329633,22.940165,41.847162309399174,40.90996,26.374449922306493,25.616516,31.25965285896256,28.675205,22.251371715735225,23.704836,26.18551322180324
squeezed_Đà Nẵng,2016-06-01,22.940165,37.08929067689313,40.90996,25.805886427087984,25.616516,35.56357155458821,28.675205,33.98286180295406,23.704836,34.364969728626576,23.704836,26.12943171649231
squeezed_Đà Nẵng,2016-07-01,40.90996,36.54173858018258,25.616516,43.54659924351371,28.675205,30.345977321190457,23.704836,26.380861847091545,23.704836,22.856384858928166,46.27437,13.984068947212748
squeezed_Đà Nẵng,2016-08-01,25.616516,32.102065388358234,28.675205,45.09643213362186,23.704836,27.163157360970736,23.704836,27.013371574095487,46.27437,19.999623519780336,24.594645,26.715618611293806
squeezed_Đà Nẵng,2016-09-01,28.675205,40.20223235788058,23.704836,32.023777284266,23.704836,20.24524092818312,46.27437,17.126091926041177,24.594645,21.302627224880148,63.03516,21.555331875061803
squeezed_Đà Nẵng,2016-10-01,23.704836,30.45486505306398,23.704836,29.408997001368913,46.27437,23.254608680823672,24.594645,23.201757518238352,63.03516,29.714326241580483,32.610676,30.494389043404375
squeezed_Đà Nẵng,2016-11-01,23.704836,19.439974197982288,46.27437,21.389449938814117,24.594645,19.652627002323182,63.03516,23.28143913322491,32.610676,30.401163809892676,96.19238,27.93701628102066
squeezed_Đà Nẵng,2016-12-01,46.27437,26.119191879037547,24.594645,24.63695892158469,63.03516,24.683457501247464,32.610676,25.624680907877945,96.19238,32.318441742602936,24.685736,29.58156856128902
squeezed_Đà Nẵng,2017-01-01,24.594645,35.45267005919714,63.03516,42.53315267365322,32.610676,37.56136843845977,96.19238,42.66293418281174,24.685736,46.72764171790646,33.70377,46.75957142001845
squeezed_Đà Nẵng,2017-02-01,63.03516,38.98265604481222,32.610676,38.92491701875725,96.19238,31.289770895119702,24.685736,41.85732826568782,33.70377,40.26091375454,0.0,33.41340854719954
squeezed_Đà Nẵng,2017-03-01,32.610676,51.83011663601995,96.19238,48.66344449314048,24.685736,55.99799567919905,33.70377,49.64388917377875,0.0,53.50866321811411,0.0,56.568264648983494
squeezed_Đà Nẵng,2017-04-01,96.19238,43.94180855676888,24.685736,38.547239643949,33.70377,44.39755409035561,0.0,44.37628728345025,0.0,37.08069596179964,0.0,33.78631983140929
squeezed_Đà Nẵng,2017-05-01,24.685736,72.67242178587117,33.70377,68.71533319001894,0.0,71.7883777605226,0.0,94.05133115999045,0.0,71.64785309592703,0.0,60.509835489374474
squeezed_Đà Nẵng,2017-06-01,33.70377,50.58072559472512,0.0,62.03437929474708,0.0,55.74079726075221,0.0,54.63685594011582,0.0,48.438645729202904,0.0,38.07909742473505
squeezed_Đà Nẵng,2017-07-01,0.0,35.75768049945986,0.0,42.53383772888931,0.0,40.169464360616885,0.0,47.46185946082275,0.0,34.97881600739408,25.215363,26.674916509014988
squeezed_Đà Nẵng,2017-08-01,0.0,15.888265361080943,0.0,14.4424732538851,0.0,30.53446065163102,0.0,13.128060249083358,25.215363,17.858003586649133,25.035894,14.193022468009074
squeezed_Đà Nẵng,2017-09-01,0.0,12.930098303198692,0.0,12.46808142253994,0.0,2.521166299712878,25.215363,4.2997905165601145,25.035894,9.280936892488642,30.68916,7.2668347292772495
squeezed_Đà Nẵng,2017-10-01,0.0,10.088206230055691,0.0,13.298440419317687,25.215363,1.8597399044026193,25.035894,8.496504091233165,30.68916,14.27317374662877,26.292175,16.872902650364995
squeezed_Đà Nẵng,2017-11-01,0.0,7.089534828264063,25.215363,2.271907634169426,25.035894,1.8699822328531956,30.68916,13.41348415174621,26.292175,19.35317893085752,28.4458,13.581596765981264
squeezed_Đà Nẵng,2017-12-01,25.215363,21.313281287265415,25.035894,3.701404011418815,30.68916,8.335533307366049,26.292175,13.924245646868961,28.4458,17.818915794676414,0.0,16.799882451502558
squeezed_Đắk Lắk,2016-01-01,49.239796,58.48364402297406,53.13417,68.9169756781595,56.12163,74.40382001658678,61.082954,66.97184989278635,70.04535,68.44185961284268,58.57562,83.06634599181496
squeezed_Đắk Lắk,2016-02-01,53.13417,69.86255721963249,56.12163,61.933687692791736,61.082954,63.036261368965015,70.04535,67.5795009462186,58.57562,69.34621431485262,64.23046,70.50129316045364
squeezed_Đắk Lắk,2016-03-01,56.12163,58.456095508239734,61.082954,62.82168368348485,70.04535,68.17224152461361,58.57562,62.90501071193254,64.23046,63.44008137046814,55.801548,58.53729960122227
squeezed_Đắk Lắk,2016-04-01,61.082954,58.440246707783885,70.04535,72.05775598582485,58.57562,68.04021622364462,64.23046,65.39747278362377,55.801548,55.09673811816073,47.63937,45.11302741204564
squeezed_Đắk Lắk,2016-05-01,70.04535,69.33594865315693,58.57562,63.18527216778472,64.23046,55.96180840772708,55.801548,54.627901618002284,47.63937,47.473695373384075,40.91758,48.67557826600391
squeezed_Đắk Lắk,2016-06-01,58.57562,66.15472587395719,64.23046,62.87695581476577,55.801548,55.82415010860141,47.63937,52.99562523170588,40.91758,52.67153217706647,13.016805,52.0997851707917
squeezed_Đắk Lắk,2016-07-01,64.23046,59.23253343664694,55.801548,58.50647506086965,47.63937,54.206521336515145,40.91758,53.54653467067344,13.016805,49.69620568523798,39.074745,49.85317480711868
squeezed_Đắk Lắk,2016-08-01,55.801548,56.21551935094029,47.63937,55.16669530966105,40.91758,55.098941059821236,13.016805,51.364589967487234,39.074745,50.065868061504936,38.047886,53.47937104951461
squeezed_Đắk Lắk,2016-09-01,47.63937,52.410082276097114,40.91758,50.93016337067023,13.016805,55.710622188696185,39.074745,54.630718821582036,38.047886,54.92262851956607,61.50354,55.831403745397466
squeezed_Đắk Lắk,2016-10-01,40.91758,48.26872557122038,13.016805,50.73916167558445,39.074745,51.77578088238807,38.047886,63.152183620246724,61.50354,54.66485282438322,57.990597,54.103165199567776
squeezed_Đắk Lắk,2016-11-01,13.016805,44.820408154373936,39.074745,54.76577071642553,38.047886,46.187534083393984,61.50354,51.48530898851526,57.990597,59.46861154686129,69.664375,55.022981950726695
squeezed_Đắk Lắk,2016-12-01,39.074745,39.34582751292816,38.047886,31.010792135823014,61.50354,35.66320817694094,57.990597,55.96133049724514,69.664375,48.225924649158515,73.60969,45.957047334182334
squeezed_Đắk Lắk,2017-01-01,38.047886,34.59086215850401,61.50354,44.44778214907629,57.990597,46.304193885474604,69.664375,43.469149067932925,73.60969,46.07296918335051,63.7194,57.50522946688778
squeezed_Đắk Lắk,2017-02-01,61.50354,44.21840237850094,57.990597,45.169777454763974,69.664375,44.90475161924414,73.60969,47.368260831823896,63.7194,60.113949945011186,53.396748,48.07685651394811
squeezed_Đắk Lắk,2017-03-01,57.990597,50.951756635154396,69.664375,54.76999903782651,73.60969,59.84575132675761,63.7194,55.53671146253859,53.396748,54.04500399516597,45.506134,52.556366185388555
squeezed_Đắk Lắk,2017-04-01,69.664375,58.28668864898794,73.60969,56.08917713285422,63.7194,57.70644706806008,53.396748,51.9836276321066,45.506134,51.01052011888105,57.774414,47.18885174462996
squeezed_Đắk Lắk,2017-05-01,73.60969,64.16281747469695,63.7194,63.19303453698497,53.396748,55.46138185243613,45.506134,50.271852183298684,57.774414,51.882636407153086,50.37021,43.83558128904445
squeezed_Đắk Lắk,2017-06-01,63.7194,70.80154805331745,53.396748,62.260649929034905,45.506134,56.41718851083377,57.774414,54.44146520566539,50.37021,48.6804029426195,34.913258,47.69098603647149
squeezed_Đắk Lắk,2017-07-01,53.396748,58.85278200320754,45.506134,52.52656533249413,57.774414,52.20368129953384,50.37021,49.604940252711884,34.913258,47.11482038227137,81.33226,46.583383206793165
squeezed_Đắk Lắk,2017-08-01,45.506134,49.636319396003564,57.774414,49.97426931381535,50.37021,47.13553716789733,34.913258,47.230290303964246,81.33226,46.581817022115764,183.29305,46.88576302022089
squeezed_Đắk Lắk,2017-09-01,57.774414,46.308189937356154,50.37021,44.939901214036404,34.913258,47.45362207823199,81.33226,40.7720090681118,183.29305,46.957432407526184,65.10878,50.06453846951739
squeezed_Đắk Lắk,2017-10-01,50.37021,49.895352340417965,34.913258,49.12276018793807,81.33226,47.24192786717089,183.29305,49.32570646088758,65.10878,55.68931156731481,44.695137,51.867257710100695
squeezed_Đắk Lắk,2017-11-01,34.913258,50.39211298862625,81.33226,49.04600289437111,183.29305,51.14007973993445,65.10878,50.735338438162216,44.695137,52.65443383202989,62.95998,52.7846141164372
squeezed_Đắk Lắk,2017-12-01,81.33226,38.93650573905691,183.29305,43.383581431377586,65.10878,46.09928374625368,44.695137,47.338243090521324,62.95998,49.99905333110746,59.14585,55.07192533979269
squeezed_Đắk Nông,2016-01-01,16.187645,7.358140308751431,23.785927,27.05526875642397,19.160885,30.7394316276385,17.509085,39.12479823184642,18.830524,44.174689313461904,15.692104,39.4871274891152
squeezed_Đắk Nông,2016-02-01,23.785927,19.73826705512475,19.160885,22.709770778840713,17.509085,41.27255120856554,18.830524,36.38688683328995,15.692104,41.446673189279835,7.5982823,34.92927460348136
squeezed_Đắk Nông,2016-03-01,19.160885,25.476225660777562,17.509085,30.75776385912721,18.830524,32.13514696522239,15.692104,38.16971076379062,7.5982823,29.316190744604775,6.2768416,30.392936286331118
squeezed_Đắk Nông,2016-04-01,17.509085,17.781324540022723,18.830524,22.681072175636864,15.692104,29.191990804316994,7.5982823,26.060677878012896,6.2768416,19.02343704650608,8.589362,26.9394259965525
squeezed_Đắk Nông,2016-05-01,18.830524,23.728284313732726,15.692104,19.93811574558103,7.5982823,23.229975512125925,6.2768416,22.64837946508977,8.589362,17.727757646234284,25.768087,26.345564688908272
squeezed_Đắk Nông,2016-06-01,15.692104,18.988706614942476,7.5982823,16.279294330534718,6.2768416,21.94290511575168,8.589362,19.747509621441477,25.768087,20.79827172922772,0.0,27.109714046676082
squeezed_Đắk Nông,2016-07-01,7.5982823,14.31472221632147,6.2768416,16.926006713083815,8.589362,23.763814002701448,25.768087,22.73973964718655,0.0,25.019395179480224,11.572161,43.76991427301545
squeezed_Đắk Nông,2016-08-01,6.2768416,9.200025485889544,8.589362,11.161736858962279,25.768087,21.199768918277023,0.0,20.433998582930723,11.572161,43.44980594530028,21.987104,30.55689131067405
squeezed_Đắk Nông,2016-09-01,8.589362,6.609889472687081,25.768087,9.440841377523844,0.0,20.36159863423345,11.572161,51.52123453302981,21.987104,29.560561889444195,20.333939,34.68231763553927
squeezed_Đắk Nông,2016-10-01,25.768087,12.1364761946358,0.0,18.20857704363445,11.572161,55.55352789292457,21.987104,33.518812503148865,20.333939,37.374829544920345,14.713176,41.12638081904975
squeezed_Đắk Nông,2016-11-01,0.0,24.419265108562524,11.572161,55.64807143360363,21.987104,36.4927507008111,20.333939,33.02533725580619,14.713176,39.15651316800527,22.979004,33.0920812059645
squeezed_Đắk Nông,2016-12-01,11.572161,57.820110800883235,21.987104,21.582476165676095,20.333939,22.364781170088037,14.713176,27.686695634136257,22.979004,18.938060766851578,21.325838,34.93014768349462
squeezed_Đắk Nông,2017-01-01,21.987104,13.581231240976848,20.333939,24.459250631255838,14.713176,30.889612180547722,22.979004,33.543432423532,21.325838,33.30099964848512,15.043809,29.170352221926798
squeezed_Đắk Nông,2017-02-01,20.333939,22.32319996132922,14.713176,23.936556178495024,22.979004,25.691565596689514,21.325838,34.501737950077484,15.043809,30.010222495858557,12.398744,51.920378158853616
squeezed_Đắk Nông,2017-03-01,14.713176,21.81604981271538,22.979004,20.105908382757868,21.325838,27.49565314329716,15.043809,28.218811132231217,12.398744,51.947560253835455,12.06811,49.865796535114754
squeezed_Đắk Nông,2017-04-01,22.979004,16.65156111295332,21.325838,18.433986972665142,15.043809,20.80970937759808,12.398744,53.414854048197796,12.06811,49.711995922196245,15.043809,52.00081420869213
squeezed_Đắk Nông,2017-05-01,21.325838,20.973771778355978,15.043809,23.025325704952294,12.398744,58.53029101705612,12.06811,56.25631656405547,15.043809,51.48054914421909,17.35824,23.517836235357464
squeezed_Đắk Nông,2017-06-01,15.043809,17.50571394267014,12.398744,62.64257225804957,12.06811,55.646142927964895,15.043809,55.24461627987542,17.35824,28.619169127422353,16.36634,54.118839436630616
squeezed_Đắk Nông,2017-07-01,12.398744,33.72760259054081,12.06811,65.19901320165121,15.043809,54.2389055620338,17.35824,19.404879314345013,16.36634,60.87202032555713,17.54956,26.490846808754767
squeezed_Đắk Nông,2017-08-01,12.06811,31.32387392889237,15.043809,57.79029209751932,17.35824,26.383325404155165,16.36634,51.19251149000997,17.54956,28.311853792810883,15.112123,24.23752817046316
squeezed_Đắk Nông,2017-09-01,15.043809,30.552328904308013,17.35824,25.80254263413884,16.36634,57.380977332489486,17.54956,27.710686310057486,15.112123,21.32872504832325,20.79948,32.38542082445428
squeezed_Đắk Nông,2017-10-01,17.35824,16.2809923770892,16.36634,60.41873687140742,17.54956,25.804184165480038,15.112123,27.098253042076387,20.79948,32.8289639310434,20.79948,33.124267830590334
squeezed_Đắk Nông,2017-11-01,16.36634,39.316877572422776,17.54956,21.04235857997833,15.112123,20.086833774076823,20.79948,31.609551002544475,20.79948,33.512547719864614,11.862204,29.353072964455453
squeezed_Đắk Nông,2017-12-01,17.54956,26.76207359702705,15.112123,22.165885987605822,20.79948,34.27999788455605,20.79948,31.850009356073787,11.862204,32.91079376777018,16.737082,40.732990687073205
squeezed_Đồng Tháp,2016-01-01,76.2757,77.02679119938091,72.0678,81.34478692421106,71.949265,84.72154965646556,81.906006,71.12812483020556,69.34155,79.71294281383979,82.261604,68.47547517368297
squeezed_Đồng Tháp,2016-02-01,72.0678,81.39380599497073,71.949265,79.04140658202141,81.906006,73.5691330298737,69.34155,81.1165304589343,82.261604,73.25300269745536,65.48924,76.6885218822924
squeezed_Đồng Tháp,2016-03-01,71.949265,80.61234285229813,81.906006,75.35549201851683,69.34155,75.75711465142685,82.261604,73.4006852567949,65.48924,82.1393845329334,59.50335,63.59938918316255
squeezed_Đồng Tháp,2016-04-01,81.906006,79.04168287881308,69.34155,74.91426996741937,82.261604,76.16059836987786,65.48924,73.1374608067105,59.50335,65.6297528021664,62.111065,58.62576507418289
squeezed_Đồng Tháp,2016-05-01,69.34155,82.44124407232626,82.261604,75.72121505144378,65.48924,68.54946820907266,59.50335,71.29768777091806,62.111065,64.61145202194838,49.961475,61.566020798420844
squeezed_Đồng Tháp,2016-06-01,82.261604,75.56614747337248,65.48924,68.0666613586029,59.50335,61.48381751762913,62.111065,63.30878092768829,49.961475,59.052321487566914,10.075268,60.516946854450914
squeezed_Đồng Tháp,2016-07-01,65.48924,73.4575050153477,59.50335,71.71643879583539,62.111065,60.48921931469023,49.961475,60.40471546738863,10.075268,64.27060167187518,63.503876,55.60648788832516
squeezed_Đồng Tháp,2016-08-01,59.50335,69.43688326561846,62.111065,58.109390604151876,49.961475,58.56789770389964,10.075268,60.09458240046485,63.503876,55.833017324547875,66.4186,62.03536380184786
squeezed_Đồng Tháp,2016-09-01,62.111065,55.30449526928844,49.961475,56.165409947416556,10.075268,59.8747084877426,63.503876,52.88033212577683,66.4186,58.50594075614673,70.75969,61.20662542391134
squeezed_Đồng Tháp,2016-10-01,49.961475,57.40906976998064,10.075268,63.87001926211321,63.503876,62.41479167025826,66.4186,64.5351325584411,70.75969,62.679604036584294,68.15504,68.62301234151765
squeezed_Đồng Tháp,2016-11-01,10.075268,58.677571348049916,63.503876,67.07882110597728,66.4186,60.56824903778593,70.75969,61.79338598658225,68.15504,64.2911110175564,70.94574,63.192235258513065
squeezed_Đồng Tháp,2016-12-01,63.503876,50.53995967984759,66.4186,40.5587571046633,70.75969,34.60475234776757,68.15504,57.145489928073964,70.94574,51.50825678693304,67.72093,52.777647537574204
squeezed_Đồng Tháp,2017-01-01,66.4186,57.33783583142674,70.75969,58.241409244904254,68.15504,58.957075242615744,70.94574,56.84915527498673,67.72093,56.38563303216849,63.56589,64.72059227267874
squeezed_Đồng Tháp,2017-02-01,70.75969,61.341774388670636,68.15504,59.485609852473594,70.94574,59.59528494052788,67.72093,61.40488475841182,63.56589,70.7609886844118,59.34884,64.4673696642394
squeezed_Đồng Tháp,2017-03-01,68.15504,69.0809286487719,70.94574,67.38759681802723,67.72093,70.41222191221685,63.56589,68.22332219148467,59.34884,73.43397252156093,63.379845,63.45207127666065
squeezed_Đồng Tháp,2017-04-01,70.94574,69.18581886254768,67.72093,69.71501548537528,63.56589,65.73347884308443,59.34884,63.948383201220125,63.379845,57.42090989996357,56.248062,49.467833375823155
squeezed_Đồng Tháp,2017-05-01,67.72093,71.22215554824353,63.56589,71.30643268786018,59.34884,63.385071420774295,63.379845,60.66530710672695,56.248062,54.73984810437216,65.30232,49.11206092269969
squeezed_Đồng Tháp,2017-06-01,63.56589,66.89720879821111,59.34884,60.944122108146665,63.379845,59.34334512794185,56.248062,52.472379637150446,65.30232,50.88319937051997,46.511627,65.7755012312786
squeezed_Đồng Tháp,2017-07-01,59.34884,58.4712869981498,63.379845,54.32815596360563,56.248062,52.7093925303301,65.30232,48.97708371321019,46.511627,61.47094389351638,69.173775,55.19947432070888
squeezed_Đồng Tháp,2017-08-01,63.379845,55.14951717914334,56.248062,52.31742252805324,65.30232,51.97342695387394,46.511627,55.16176515468468,69.173775,52.62464240718859,73.59442,58.34950300894352
squeezed_Đồng Tháp,2017-09-01,56.248062,56.197826982675736,65.30232,55.16348138683222,46.511627,57.15939794007632,69.173775,50.15162538355358,73.59442,54.625655310683456,60.20796,64.71822784221857
squeezed_Đồng Tháp,2017-10-01,65.30232,53.29963730331992,46.511627,54.06768174922402,69.173775,53.39690221413091,73.59442,57.98417668528879,60.20796,66.7408473092604,56.596725,62.908516608598546
squeezed_Đồng Tháp,2017-11-01,46.511627,59.53101500121019,69.173775,57.1267127720151,73.59442,58.987930798835016,60.20796,58.27243085544831,56.596725,59.38118190032904,55.600525,57.90657845589724
squeezed_Đồng Tháp,2017-12-01,69.173775,49.593931220191166,73.59442,53.860668069206426,60.20796,56.65522728388885,56.596725,53.58252269692402,55.600525,53.66525844479114,51.615715,55.22525787861469
