province,date,actual_t+1,pred_t+1,actual_t+2,pred_t+2,actual_t+3,pred_t+3,actual_t+4,pred_t+4,actual_t+5,pred_t+5,actual_t+6,pred_t+6
squeezed_An Giang,2016-01-01,8.148525,11.68571571858022,8.843002,13.476314277813561,8.148525,13.807481050059202,8.8893,11.731464124900134,8.565211,9.915792856324845,17.408213,14.690953794796414
squeezed_An Giang,2016-02-01,8.843002,12.77599806699208,8.148525,12.024558069577086,8.8893,13.269113212653561,8.565211,10.642213974095675,17.408213,9.765137642750478,18.565674,15.043334949347797
squeezed_An Giang,2016-03-01,8.148525,12.77599806699208,8.8893,12.042443777703173,8.565211,13.896130733107219,17.408213,11.31183710797374,18.565674,10.570778323457143,12.037595,14.83907960436327
squeezed_An Giang,2016-04-01,8.8893,11.68571571858022,8.565211,12.024558069577086,17.408213,13.408073699088389,18.565674,11.900579126472799,12.037595,10.17630164245717,19.723135,15.457758668224889
squeezed_An Giang,2016-05-01,8.565211,24.662462861258422,17.408213,12.368237382672422,18.565674,15.0673690693679,12.037595,11.454627310511892,19.723135,10.334555043778447,10.602343,15.280400884832925
squeezed_An Giang,2016-06-01,17.408213,12.242467632196533,18.565674,14.022495751468915,12.037595,14.64586134913224,19.723135,14.228098427748199,10.602343,8.751919737597861,0.0,15.051311870340093
squeezed_An Giang,2016-07-01,18.565674,15.429501954833096,12.037595,14.893357310810533,19.723135,17.683010861188436,10.602343,13.434578539399574,0.0,12.386841796552437,10.541398,15.020424246432157
squeezed_An Giang,2016-08-01,12.037595,16.60034265790674,19.723135,14.001883172231942,10.602343,15.706054839516773,0.0,14.143808740973874,10.541398,9.958270014552395,17.807798,15.020424246432157
squeezed_An Giang,2016-09-01,19.723135,20.061730069282433,10.602343,14.726845952378941,0.0,16.27143364392052,10.541398,13.595421536231818,17.807798,12.709107850129435,11.053117,17.89457467036357
squeezed_An Giang,2016-10-01,10.602343,21.13527833490443,0.0,18.95341940151691,10.541398,17.702368357313336,17.807798,18.3242730912922,11.053117,14.27918179323798,14.993348,19.877447171204295
squeezed_An Giang,2016-11-01,0.0,19.438943032330656,10.541398,15.917708503958506,17.807798,18.814244545238196,11.053117,14.705834485615718,14.993348,12.973565972023236,17.449596,18.908630831118916
squeezed_An Giang,2016-12-01,10.541398,16.874867050494075,17.807798,13.641812420156754,11.053117,14.253265271479776,14.993348,12.466086440402709,17.449596,15.184958730729276,12.332412,16.46378879555321
squeezed_An Giang,2017-01-01,17.807798,13.763010068239714,11.053117,12.416328894635082,14.993348,16.85126522809416,17.449596,13.097067378519954,12.332412,17.80044519781141,41.44919,18.836376428148302
squeezed_An Giang,2017-02-01,11.053117,16.209085706350027,14.993348,15.862667747830068,17.449596,14.246724910093148,12.332412,13.225281431751688,41.44919,16.076090732112167,40.22106,19.097797145297992
squeezed_An Giang,2017-03-01,14.993348,14.085357749677424,17.449596,14.233266097229977,12.332412,15.649591603232873,41.44919,15.406510445094936,40.22106,15.035151316312522,41.090984,19.853356374250534
squeezed_An Giang,2017-04-01,17.449596,18.284373670839496,12.332412,17.65250553240494,41.44919,14.892851229602634,40.22106,20.586620419040027,41.090984,15.163726833483052,40.47692,19.52671672231316
squeezed_An Giang,2017-05-01,12.332412,22.395696611016536,41.44919,16.00812554009936,40.22106,19.513067032704804,41.090984,16.3310632270684,40.47692,15.21653869354263,35.206223,18.53994056781027
squeezed_An Giang,2017-06-01,41.44919,17.091551811390186,40.22106,18.546171306075504,41.090984,17.561405101469777,40.47692,19.838865356245723,35.206223,17.485267268210958,39.709343,20.07758858604974
squeezed_An Giang,2017-07-01,40.22106,25.206162040633522,41.090984,28.150329586767,40.47692,22.70364743613932,35.206223,24.881973625419324,39.709343,22.218307590019474,38.011395,24.987630259541312
squeezed_An Giang,2017-08-01,41.090984,33.04521619984777,40.47692,35.90523269979963,35.206223,32.35981956988367,39.709343,30.524611874726688,38.011395,24.73160371378754,41.42931,31.42326797185886
squeezed_An Giang,2017-09-01,40.47692,35.44304269492443,35.206223,38.11131629878401,39.709343,29.675056443563385,38.011395,27.43807927015917,41.42931,33.809441177840114,41.58467,29.488655022887315
squeezed_An Giang,2017-10-01,35.206223,40.100709478146904,39.709343,42.991590492102624,38.011395,30.431614113245125,41.42931,32.687600278727146,41.58467,31.465734819731455,27.964785,34.83083483638439
squeezed_An Giang,2017-11-01,39.709343,44.4790072009116,38.011395,36.2162523901832,41.42931,33.00901403655174,41.58467,34.913740430582536,27.964785,24.726940868219437,29.207664,33.5086039771253
squeezed_An Giang,2017-12-01,38.011395,37.1327778042209,41.42931,40.26351979249235,41.58467,36.775847888488464,27.964785,36.65327951400191,29.207664,34.82020463629073,29.052305,39.212577644726494
squeezed_BR Vũng Tàu,2016-01-01,11.355311,14.578874825408663,18.498169,12.53383197582854,16.575092,13.920144762767562,11.263737,14.654398759541957,4.85348,15.388449687318024,4.2124543,19.443161581149102
squeezed_BR Vũng Tàu,2016-02-01,18.498169,14.367692072050827,16.575092,13.414871447579443,11.263737,13.476168028333017,4.85348,14.94365863694169,4.2124543,16.551291100975735,19.322344,18.676708741432655
squeezed_BR Vũng Tàu,2016-03-01,16.575092,15.33589176003504,11.263737,13.551693795810426,4.85348,14.097236413935368,4.2124543,32.16092474195461,19.322344,13.549967363198657,17.124542,16.374223092068824
squeezed_BR Vũng Tàu,2016-04-01,11.263737,17.9862707566413,4.85348,14.100621991909714,4.2124543,17.5446885020923,19.322344,22.469756075867437,17.124542,11.720175073631403,10.897436,16.960201818921206
squeezed_BR Vũng Tàu,2016-05-01,4.85348,20.357137009252504,4.2124543,17.844405321000636,19.322344,22.67488888387677,17.124542,15.656513728975739,10.897436,33.31205162943565,2.4725275,17.834512297541366
squeezed_BR Vũng Tàu,2016-06-01,4.2124543,16.91024236505242,19.322344,17.874513918919092,17.124542,19.65212127800954,10.897436,16.700742923088686,2.4725275,23.668000092823732,2.4725275,18.73263764472628
squeezed_BR Vũng Tàu,2016-07-01,19.322344,13.965796258941037,17.124542,13.622451533514488,10.897436,15.259721210620699,2.4725275,16.109250890066882,2.4725275,12.16761602265218,5.322924,17.72974418810491
squeezed_BR Vũng Tàu,2016-08-01,17.124542,16.17410201960849,10.897436,16.176922389430075,2.4725275,14.693699405485532,2.4725275,15.26665758755176,5.322924,7.670000399408896,3.548616,16.61207974587889
squeezed_BR Vũng Tàu,2016-09-01,10.897436,16.83347451795041,2.4725275,13.741374743266272,2.4725275,15.633958147796275,5.322924,15.724531192045436,3.548616,12.013426901607138,10.290986,18.506917040154956
squeezed_BR Vũng Tàu,2016-10-01,2.4725275,18.604529720492206,2.4725275,13.72757392912867,5.322924,14.96319896275409,3.548616,13.196887767812473,10.290986,12.22326086032843,3.6373315,19.020149718012664
squeezed_BR Vũng Tàu,2016-11-01,2.4725275,18.605034922150136,5.322924,14.147803185969213,3.548616,17.435034523716155,10.290986,16.55429612874965,3.6373315,9.26413907680783,2.838893,17.063534711127915
squeezed_BR Vũng Tàu,2016-12-01,5.322924,12.641709803725213,3.548616,11.135616608234251,10.290986,13.600570219591539,3.6373315,12.508511745358524,2.838893,13.554900898546,3.3711853,16.20238507878044
squeezed_BR Vũng Tàu,2017-01-01,3.548616,12.407043802718334,10.290986,13.476314277813561,3.6373315,14.828187651721523,2.838893,15.398255363818771,3.3711853,15.517841045620633,5.056778,16.503609863649718
squeezed_BR Vũng Tàu,2017-02-01,10.290986,13.30171339619011,3.6373315,13.27120285950521,2.838893,14.293692019438094,3.3711853,14.47262393307263,5.056778,15.43848438824089,4.790632,17.074932135751062
squeezed_BR Vũng Tàu,2017-03-01,3.6373315,13.708228852271807,2.838893,13.832808379399419,3.3711853,14.774651809997819,5.056778,15.938050865477921,4.790632,14.26464443142943,0.5322924,17.33182538620514
squeezed_BR Vũng Tàu,2017-04-01,2.838893,14.15706835969451,3.3711853,12.894497028075705,5.056778,14.80448466624836,4.790632,14.882192967016497,0.5322924,12.443975729632614,3.1050391,15.97035962106532
squeezed_BR Vũng Tàu,2017-05-01,3.3711853,12.27100370184332,5.056778,13.95760121288848,4.790632,14.528738788550106,0.5322924,15.795724264979874,3.1050391,12.773430790124705,5.500355,15.45524532454459
squeezed_BR Vũng Tàu,2017-06-01,5.056778,12.27100370184332,4.790632,13.40130748624805,0.5322924,14.477147482086728,3.1050391,16.07576408135067,5.500355,10.982056432197835,2.661462,17.514530421299934
squeezed_BR Vũng Tàu,2017-07-01,4.790632,13.377484608177582,0.5322924,14.938477084294561,3.1050391,15.699317169656732,5.500355,14.879929944175489,2.661462,14.192686963286073,2.7233593,15.141815487547653
squeezed_BR Vũng Tàu,2017-08-01,0.5322924,13.377484608177582,3.1050391,14.835177986358435,5.500355,15.051159836111,2.661462,15.07769689715205,2.7233593,13.190339311160594,2.3719583,14.70103663152702
squeezed_BR Vũng Tàu,2017-09-01,3.1050391,13.992895827281519,5.500355,13.13100012753065,2.661462,14.337870768245374,2.7233593,12.925637005533076,2.3719583,9.810339842556969,2.3719583,14.289100401005156
squeezed_BR Vũng Tàu,2017-10-01,5.500355,12.875513910529177,2.661462,11.724450335051419,2.7233593,13.316291575199067,2.3719583,12.319456005506293,2.3719583,6.872693105401014,2.4598086,14.289100401005156
squeezed_BR Vũng Tàu,2017-11-01,2.661462,11.322856656826557,2.7233593,12.3031840009634,2.3719583,12.248550596203042,2.3719583,11.52826435764227,2.4598086,6.771300141573265,2.284108,14.066347721331441
squeezed_BR Vũng Tàu,2017-12-01,2.7233593,11.009488244014339,2.3719583,11.484608227012615,2.3719583,12.9416723960496,2.4598086,11.040328612877024,2.284108,13.95426489390714,0.3514012,14.640033841913036
squeezed_Bình Phước,2016-01-01,10.1421995,38.43704265372012,15.683814,31.904847160173865,19.44793,41.376681501250104,18.716019,37.558749227369155,19.552488,38.29571960989354,24.466751,44.47086103614626
squeezed_Bình Phước,2016-02-01,15.683814,38.059708437609125,19.44793,29.62113683053068,18.716019,37.4186569228469,19.552488,35.40535891258107,24.466751,38.94387654020409,18.820578,44.58274606868963
squeezed_Bình Phước,2016-03-01,19.44793,40.30864662281976,18.716019,27.085181957301625,19.552488,35.74498795891238,24.466751,53.21779624856067,18.820578,40.16385676388058,11.710582,42.49064293640384
squeezed_Bình Phước,2016-04-01,18.716019,27.656045038200087,19.552488,26.692373539316534,24.466751,25.743481806650255,18.820578,44.00587507240309,11.710582,30.71823771541133,10.560435,40.26164853143681
squeezed_Bình Phước,2016-05-01,19.552488,25.515629209389257,24.466751,24.11320616202115,18.820578,27.752935170393076,11.710582,41.32458847600947,10.560435,33.037591578158775,11.81514,30.39984589792593
squeezed_Bình Phước,2016-06-01,24.466751,27.022694171929913,18.820578,29.18185462512703,11.710582,40.982867372442314,10.560435,43.84809770656503,11.81514,27.390580324537567,0.0,26.094077126396353
squeezed_Bình Phước,2016-07-01,18.820578,27.50293935225627,11.710582,23.34819330349962,10.560435,29.6867725552733,11.81514,26.433530165922416,0.0,19.32740908890489,2.5704298,25.711824596341067
squeezed_Bình Phước,2016-08-01,11.710582,25.949255926471366,10.560435,23.368555614002673,11.81514,27.358006703163262,0.0,22.732417708858502,2.5704298,17.33318224826171,9.767633,23.36608727922892
squeezed_Bình Phước,2016-09-01,10.560435,24.219417136023015,11.81514,20.161330908941363,0.0,25.568256172124986,2.5704298,18.510649927062182,9.767633,16.586962430087045,14.702858,22.21922302030103
squeezed_Bình Phước,2016-10-01,11.81514,23.384883496481454,0.0,18.037750653634276,2.5704298,21.88380302748621,9.767633,17.131427135053684,14.702858,14.357158766990059,11.412708,20.895976305401394
squeezed_Bình Phước,2016-11-01,0.0,19.56007744749918,2.5704298,13.830914349357153,9.767633,16.38731807679762,14.702858,15.358915230129126,11.412708,15.153325117792198,13.777504,19.200539522160458
squeezed_Bình Phước,2016-12-01,2.5704298,14.43560359475292,9.767633,12.035991024372949,14.702858,14.21104396194118,11.412708,15.356144908188947,13.777504,13.918614614157834,9.664816,17.78254244304973
squeezed_Bình Phước,2017-01-01,9.767633,12.843981642815635,14.702858,13.040944051389314,11.412708,15.105591914254433,13.777504,15.301498913807919,9.664816,16.044327995801563,13.983138,19.401989352517905
squeezed_Bình Phước,2017-02-01,14.702858,13.776212428095361,11.412708,14.176666785325782,13.777504,14.509189497434479,9.664816,14.248634197892653,13.983138,31.384757441350526,9.356364,33.556755157407025
squeezed_Bình Phước,2017-03-01,11.412708,14.655312023149387,13.777504,15.036163907069422,9.664816,15.687143292962974,13.983138,64.69176091377531,9.356364,41.366644325401595,15.114127,29.29776930382298
squeezed_Bình Phước,2017-04-01,13.777504,27.952720891341766,9.664816,15.60461113372453,13.983138,17.800532776130453,9.356364,59.05115376351627,15.114127,69.1214110854932,15.319761,61.72729295399024
squeezed_Bình Phước,2017-05-01,9.664816,18.231332020706052,13.983138,15.324178619959243,9.356364,18.063065489017156,15.114127,20.329525032220637,15.319761,76.30571253580462,19.123997,20.090088759106877
squeezed_Bình Phước,2017-06-01,13.983138,18.214102286187686,9.356364,16.80378110214974,15.114127,22.64268000575818,15.319761,21.01295876437527,19.123997,17.3077971001433,10.590171,17.445795266394025
squeezed_Bình Phước,2017-07-01,9.356364,13.698610717045423,15.114127,19.034305914573363,15.319761,18.439686952004475,19.123997,23.46017516872879,10.590171,13.84262805974022,8.731851,16.74269007043167
squeezed_Bình Phước,2017-08-01,15.114127,18.90255753328171,15.319761,17.232743670831354,19.123997,21.69289771569606,10.590171,17.010827518517992,8.731851,13.501455010450659,5.6858563,16.970660508398336
squeezed_Bình Phước,2017-09-01,15.319761,17.05201536878607,19.123997,15.778166642641205,10.590171,16.35524829695668,8.731851,16.94599434283827,5.6858563,13.493094280581577,10.051782,18.064482715634234
squeezed_Bình Phước,2017-10-01,19.123997,19.47173360203185,10.590171,15.256032796679424,8.731851,16.743125562446487,5.6858563,14.449215474024978,10.051782,13.263016675584145,12.793177,17.626734871700663
squeezed_Bình Phước,2017-11-01,10.590171,20.10493661704222,8.731851,17.107579139562883,5.6858563,17.02854537555911,10.051782,17.85194147268736,12.793177,10.200542067541825,11.676312,18.80881614960313
squeezed_Bình Phước,2017-12-01,8.731851,17.613422705829525,5.6858563,17.043267318671607,10.051782,20.512036902969676,12.793177,16.25947756194953,11.676312,10.645335349797147,11.168647,19.840291462852296
squeezed_Bình Thuận,2016-01-01,59.94929,66.30734939897116,58.149998,62.222209017561674,44.982414,63.76282951544612,51.85246,58.365295158016814,56.596058,54.53961749644049,79.00548,64.28100202725699
squeezed_Bình Thuận,2016-02-01,58.149998,63.25962232702959,44.982414,61.7462703093346,51.85246,61.47062627136763,56.596058,57.410632029933986,79.00548,54.759822552364014,68.455055,64.36098276996786
squeezed_Bình Thuận,2016-03-01,44.982414,59.45363064698578,51.85246,58.19436683287337,56.596058,58.93149139217675,79.00548,59.393423691491826,68.455055,57.30659749178953,59.540363,61.99511876670983
squeezed_Bình Thuận,2016-04-01,51.85246,59.23931961494692,56.596058,61.25312367841094,79.00548,58.81869373179064,68.455055,58.908403893125616,59.540363,53.79239884514188,70.41793,60.21778124413649
squeezed_Bình Thuận,2016-05-01,56.596058,55.84735863133209,79.00548,53.694797293121994,68.455055,59.80020363060134,59.540363,50.06816677761664,70.41793,51.597620888642396,66.819336,55.345284657176016
squeezed_Bình Thuận,2016-06-01,79.00548,53.58573193883617,68.455055,50.96546714184818,59.540363,49.67324904180043,70.41793,51.27362039747333,66.819336,55.18638606677737,3.435021,58.66968032091802
squeezed_Bình Thuận,2016-07-01,68.455055,57.967316193115025,59.540363,57.51005316738212,70.41793,60.9607841264462,66.819336,56.22209241803183,3.435021,56.98308625283947,37.443672,58.53127758558669
squeezed_Bình Thuận,2016-08-01,59.540363,63.2243360540856,70.41793,62.61181478212869,66.819336,63.360771064981094,3.435021,56.34359843067626,37.443672,52.451244753420355,28.676771,59.98057281206477
squeezed_Bình Thuận,2016-09-01,70.41793,60.732010037011335,66.819336,57.36578274753581,3.435021,59.852454175606795,37.443672,53.489467145022864,28.676771,55.70568935599629,52.10979,60.820079934437885
squeezed_Bình Thuận,2016-10-01,66.819336,60.232133996855154,3.435021,56.83814988769238,37.443672,64.73899008867363,28.676771,55.77796633583141,52.10979,53.33184970849388,60.303154,61.51600936070133
squeezed_Bình Thuận,2016-11-01,3.435021,66.03203773764976,37.443672,66.73104421683863,28.676771,66.33608622052756,52.10979,59.69116484033869,60.303154,55.487572058649384,45.39123,63.22010307057622
squeezed_Bình Thuận,2016-12-01,37.443672,68.3016135472641,28.676771,53.91306998280752,52.10979,55.07474802057246,60.303154,52.7449237556212,45.39123,45.845718133976575,51.044655,55.38880894925607
squeezed_Bình Thuận,2017-01-01,28.676771,42.90011657910602,52.10979,39.080482650427335,60.303154,50.37950099609201,45.39123,47.94059095308598,51.044655,41.66282530496831,0.0,52.627592356365234
squeezed_Bình Thuận,2017-02-01,52.10979,40.83436058569773,60.303154,37.301266424889576,45.39123,45.87027480377695,51.044655,50.87641881828496,0.0,43.39619708177242,90.70053,48.31715307186808
squeezed_Bình Thuận,2017-03-01,60.303154,42.1913430005766,45.39123,45.46575365127989,51.044655,52.0401294617416,0.0,47.6597538034497,90.70053,46.008568875873856,112.167145,51.32771812379434
squeezed_Bình Thuận,2017-04-01,45.39123,49.85901259315481,51.044655,55.20273633661981,0.0,49.18862893887375,90.70053,50.10017302005038,112.167145,53.02210649648937,97.746826,56.55144446737503
squeezed_Bình Thuận,2017-05-01,51.044655,57.27474058219416,0.0,53.359041730097225,90.70053,49.89562548896434,112.167145,49.34480993840475,97.746826,53.217330920184835,118.476036,54.66333985303248
squeezed_Bình Thuận,2017-06-01,0.0,52.70836688365766,90.70053,49.91453422163102,112.167145,48.18842297620255,97.746826,50.717287952563495,118.476036,45.04129497402684,0.0,53.29712656612433
squeezed_Bình Thuận,2017-07-01,90.70053,45.1858255954697,112.167145,37.72160114938066,97.746826,46.89667584984027,118.476036,38.97647369847414,0.0,42.39819396138631,78.057526,42.850499176684714
squeezed_Bình Thuận,2017-08-01,112.167145,56.07415898222972,97.746826,62.09681869672597,118.476036,53.566958980720976,0.0,51.40917914264591,78.057526,55.625876011823856,50.435917,55.65846024559235
squeezed_Bình Thuận,2017-09-01,97.746826,79.48851620064697,118.476036,65.06745748346155,0.0,55.82819463735656,78.057526,58.53767017075365,50.435917,59.289896059713044,57.769085,65.03883665727346
squeezed_Bình Thuận,2017-10-01,118.476036,85.19023048520197,0.0,66.84600163741719,78.057526,63.310735836137425,50.435917,58.00487558258247,57.769085,66.87520356064604,53.450665,59.928815634536384
squeezed_Bình Thuận,2017-11-01,0.0,87.1452456911179,78.057526,79.87044860535656,50.435917,69.3067859251439,57.769085,73.21590942062197,53.450665,65.08724457122557,69.50216,72.45536238691872
squeezed_Bình Thuận,2017-12-01,78.057526,79.07001527528293,50.435917,57.56071422092928,57.769085,65.02910483424151,53.450665,59.350802981270974,69.50216,67.3798141478647,70.47991,63.77866185273545
squeezed_Bình Định,2016-01-01,27.744982,30.268016373482915,26.36757,26.491098755315843,23.67834,29.46626510032151,15.413879,27.405242631583683,18.693428,26.157630940841674,17.119244,32.840960183935266
squeezed_Bình Định,2016-02-01,26.36757,27.200315697284378,23.67834,26.02241114167639,15.413879,25.804325970645063,18.693428,33.79833904155706,17.119244,24.38021488427394,17.775154,32.034486238551004
squeezed_Bình Định,2016-03-01,23.67834,26.01638953879294,15.413879,25.546378874980007,18.693428,32.01685691248781,17.119244,35.051601357385124,17.775154,24.68223037531046,17.250427,39.646247135404735
squeezed_Bình Định,2016-04-01,15.413879,26.391010090881785,18.693428,25.166319161340525,17.119244,27.03817506625781,17.775154,25.324131432051235,17.250427,31.036589366238953,16.79129,31.379134390809977
squeezed_Bình Định,2016-05-01,18.693428,23.27900808877287,17.119244,23.080840687209804,17.775154,27.072632256688138,17.250427,24.006504097468966,16.79129,22.603453375666177,26.433163,27.963527839909048
squeezed_Bình Định,2016-06-01,17.119244,25.793992997002178,17.775154,22.337493432444585,17.250427,24.36971466239184,16.79129,22.771425361727143,26.433163,24.221407509312055,0.0,34.33063831556319
squeezed_Bình Định,2016-07-01,17.775154,24.383773777957842,17.250427,21.79747349086094,16.79129,23.744332668941098,26.433163,20.358401677484043,0.0,43.05306477425905,22.988506,23.95523407766838
squeezed_Bình Định,2016-08-01,17.250427,26.50704542987078,16.79129,23.104583950169257,26.433163,24.525302137644335,0.0,42.75385525126512,22.988506,18.493218704325823,26.95436,27.13247449047897
squeezed_Bình Định,2016-09-01,16.79129,25.59299380264941,26.433163,23.144250639085957,0.0,25.85884829589447,22.988506,20.961838704056326,26.95436,19.87014573986287,19.560396,23.08136249546362
squeezed_Bình Định,2016-10-01,26.433163,25.38769307010002,0.0,20.254096806402742,22.988506,24.80532475604719,26.95436,20.930884551987997,19.560396,18.604580485918994,12.771392,21.85104902069151
squeezed_Bình Định,2016-11-01,0.0,25.45086810118546,22.988506,23.937700409029045,26.95436,22.887698495111508,19.560396,26.377641325124586,12.771392,18.556131844835335,14.317403,25.44710608992905
squeezed_Bình Định,2016-12-01,22.988506,27.954357682003874,26.95436,18.492869902160137,19.560396,26.431156776102718,12.771392,20.03554202167035,14.317403,19.198158870388998,14.048532,21.526142595206807
squeezed_Bình Định,2017-01-01,26.95436,21.42491672592577,19.560396,19.015974962997905,12.771392,16.97278784386728,14.317403,22.014681254636653,14.048532,17.633844399535608,13.712442,24.56635357359452
squeezed_Bình Định,2017-02-01,19.560396,24.2206243597705,12.771392,20.7799118462909,14.317403,21.622139967894434,14.048532,27.24440622492491,13.712442,22.634403128979304,16.199503,24.814267748452615
squeezed_Bình Định,2017-03-01,12.771392,21.42521624588117,14.317403,24.742737538322775,14.048532,23.979537024916,13.712442,20.1906437046848,16.199503,24.33623251470856,15.728977,22.754595505156686
squeezed_Bình Định,2017-04-01,14.317403,20.8750579126998,14.048532,19.142114988015305,13.712442,22.04686823915353,16.199503,19.403454088414602,15.728977,15.35423915752678,15.124017,21.9873199293082
squeezed_Bình Định,2017-05-01,14.048532,21.126233191657718,13.712442,23.29563854088338,16.199503,29.072451238021845,15.728977,20.805603846170357,15.124017,20.579907319299494,17.81273,23.386097102205582
squeezed_Bình Định,2017-06-01,13.712442,17.87824830418725,16.199503,20.322897161818148,15.728977,23.236255102541417,15.124017,20.39381451243537,17.81273,19.008132231258738,15.863413,21.49730286136934
squeezed_Bình Định,2017-07-01,16.199503,19.16096492057675,15.728977,20.38289078250537,15.124017,21.161174185711438,17.81273,26.436911764484456,15.863413,19.629462834180533,18.416454,20.760977136723916
squeezed_Bình Định,2017-08-01,15.728977,20.973539031477173,15.124017,22.000405431063523,17.81273,20.483907664341274,15.863413,21.347724170135383,18.416454,18.44299817088733,22.38204,19.722661616559034
squeezed_Bình Định,2017-09-01,15.124017,17.829678036582617,17.81273,20.250006635983116,15.863413,20.477770989752532,18.416454,16.29067943026621,22.38204,17.69130019270372,18.1476,20.885616796756505
squeezed_Bình Định,2017-10-01,17.81273,21.480399774514865,15.863413,22.197480976132642,18.416454,21.88631692101279,22.38204,20.37067614630466,18.1476,18.370153474769335,13.980373,19.170788070802022
squeezed_Bình Định,2017-11-01,15.863413,43.479979576655815,18.416454,20.19150533748831,22.38204,21.988109582215348,18.1476,20.5171201290531,13.980373,16.90758079852339,10.48528,22.42613611693074
squeezed_Bình Định,2017-12-01,18.416454,19.82686315937488,22.38204,19.463772842400633,18.1476,22.062024494156812,13.980373,34.19087542007805,10.48528,18.965853513881456,12.232827,24.97382801912263
squeezed_Bạc Liêu,2016-01-01,9.365831,29.29126961626006,7.447529,29.84409219104846,7.8988943,31.7928146172682,11.622659,30.067980996598823,9.0273075,27.084576428281807,9.252991,33.492007899131906
squeezed_Bạc Liêu,2016-02-01,7.447529,23.8056943732996,7.8988943,21.806230774507235,11.622659,27.111776998398096,9.0273075,23.437708678801823,9.252991,24.456175145323705,6.7704806,37.961316681950166
squeezed_Bạc Liêu,2016-03-01,7.8988943,33.895016183332615,11.622659,21.29914518263611,9.0273075,23.128696787731908,9.252991,39.42384427214653,6.7704806,30.96243115074542,8.124577,25.92591140187596
squeezed_Bạc Liêu,2016-04-01,11.622659,18.838403819855703,9.0273075,15.929224822517432,9.252991,19.212348145750525,6.7704806,41.27990090488829,8.124577,19.07005071862374,5.6420674,22.489418611723774
squeezed_Bạc Liêu,2016-05-01,9.0273075,16.229593968467654,9.252991,18.256287779964445,6.7704806,20.071114811641007,8.124577,20.50341548616662,5.6420674,21.435411609635644,5.303543,21.166920355377634
squeezed_Bạc Liêu,2016-06-01,9.252991,16.678433475890362,6.7704806,17.08014266475938,8.124577,16.856170795917517,5.6420674,19.37960028099174,5.303543,20.33685827432744,5.303543,20.447284300446007
squeezed_Bạc Liêu,2016-07-01,6.7704806,15.850430903339085,8.124577,15.163006881666254,5.6420674,18.117490445702096,5.303543,17.662551896310696,5.303543,15.324908870055367,13.033307,18.11191045636951
squeezed_Bạc Liêu,2016-08-01,8.124577,15.68364834509378,5.6420674,14.065810295590127,5.303543,16.76440413701612,5.303543,16.098470490308852,13.033307,13.34473523680381,8.243288,16.515559173536147
squeezed_Bạc Liêu,2016-09-01,5.6420674,15.450516485050107,5.303543,13.385973636462525,5.303543,15.990281459550486,13.033307,15.591837163719351,8.243288,13.048881930171326,9.245851,16.828420716898236
squeezed_Bạc Liêu,2016-10-01,5.303543,15.24150003560072,5.303543,13.093272173955464,13.033307,14.391030346472016,8.243288,14.035726367409268,9.245851,16.447052510422445,2.2279158,17.201260668213454
squeezed_Bạc Liêu,2016-11-01,5.303543,14.814107381501898,13.033307,12.783719331534945,8.243288,14.391030346472016,9.245851,14.944613787059968,2.2279158,12.683024163436746,13.590286,16.75143961054005
squeezed_Bạc Liêu,2016-12-01,13.033307,13.556503999698897,8.243288,13.807052928988645,9.245851,16.612869746311627,2.2279158,13.889477464126294,13.590286,15.166009991218665,3.8988526,14.299225996875375
squeezed_Bạc Liêu,2017-01-01,8.243288,13.274241730446954,9.245851,16.307659065962977,2.2279158,15.229033300864316,13.590286,26.95908003491221,3.8988526,12.17495625298139,18.937284,26.546387404708664
squeezed_Bạc Liêu,2017-02-01,9.245851,13.723081237869659,2.2279158,13.878193742147506,13.590286,16.05564138568101,3.8988526,12.689331227105656,18.937284,11.836999368525099,21.1652,15.23207508813933
squeezed_Bạc Liêu,2017-03-01,2.2279158,12.843981642815635,13.590286,14.363722625406735,3.8988526,15.661485178928784,18.937284,28.23938483773113,21.1652,14.342669535010911,22.613346,17.64645655304091
squeezed_Bạc Liêu,2017-04-01,13.590286,12.488801852095849,3.8988526,13.679132894847527,18.937284,15.453423257156807,21.1652,12.241775674860413,22.613346,13.869355989902378,5.235602,17.255876523787062
squeezed_Bạc Liêu,2017-05-01,3.8988526,13.37375757398405,18.937284,15.110249396278622,21.1652,16.39213676101532,22.613346,16.932876254573202,5.235602,16.3821852864286,7.6863093,16.26549135876931
squeezed_Bạc Liêu,2017-06-01,18.937284,13.589465221363087,21.1652,16.12506161746488,22.613346,18.216816436399764,5.235602,14.49925655831606,7.6863093,14.38530802891892,11.139579,15.70761496214773
squeezed_Bạc Liêu,2017-07-01,21.1652,16.42227291700891,22.613346,19.163185852426622,5.235602,20.47358151362526,7.6863093,18.707836366296316,11.139579,13.619896068853981,23.698782,16.381851689221644
squeezed_Bạc Liêu,2017-08-01,22.613346,17.751096356668956,5.235602,16.60441405442797,7.6863093,17.417785726381958,11.139579,19.474296354853085,23.698782,14.104210915803186,12.070875,16.805876529746577
squeezed_Bạc Liêu,2017-09-01,5.235602,22.38895156235553,7.6863093,18.00053973981337,11.139579,17.91041538349053,23.698782,17.18902021842165,12.070875,12.221118660820077,6.866002,18.867995398874395
squeezed_Bạc Liêu,2017-10-01,7.6863093,19.3041088279492,11.139579,17.186383339398947,23.698782,21.46790635892933,12.070875,16.362538142184512,6.866002,14.662609211004732,8.970099,19.638389658806044
squeezed_Bạc Liêu,2017-11-01,11.139579,18.28753501396013,23.698782,16.530753933229068,12.070875,18.876801212732907,6.866002,15.954572897741077,8.970099,12.932535429949567,21.594685,19.32763374786044
squeezed_Bạc Liêu,2017-12-01,23.698782,12.896481738918357,12.070875,12.630561117825383,6.866002,14.549656514035147,8.970099,13.54405199978446,21.594685,15.810898000982663,16.389812,19.371728331729663
squeezed_Bắc Giang,2016-01-01,44.76351,53.494289042643565,57.372105,61.937717870953094,62.80164,60.26154426597243,48.44353,62.72689044583529,39.21332,53.3433613366005,39.032337,55.449454880993066
squeezed_Bắc Giang,2016-02-01,57.372105,53.5034846756554,62.80164,60.96985133771163,48.44353,54.63087915004253,39.21332,66.35118793980251,39.032337,48.5549268606793,49.89141,54.86056791936138
squeezed_Bắc Giang,2016-03-01,62.80164,54.847468211182864,48.44353,61.582568552885014,39.21332,50.898606547879524,39.032337,55.039816425406144,49.89141,57.55511081093687,54.53668,57.404562215652085
squeezed_Bắc Giang,2016-04-01,48.44353,65.09559783938734,39.21332,65.02573213125282,39.032337,52.911949379084945,49.89141,60.96010714570448,54.53668,57.023299596235425,46.030407,56.39319429921689
squeezed_Bắc Giang,2016-05-01,39.21332,71.94944529516805,39.032337,50.7847394201235,49.89141,52.426701418779565,54.53668,54.94151727380765,46.030407,54.58721881275021,46.81467,54.406861149340855
squeezed_Bắc Giang,2016-06-01,39.032337,51.58787301696091,49.89141,55.5801718308116,54.53668,46.32812795146269,46.030407,50.66656345203683,46.81467,48.50384848232177,10.97973,53.88050340584055
squeezed_Bắc Giang,2016-07-01,49.89141,48.30078854852323,54.53668,46.62359246200311,46.030407,51.06710250547279,46.81467,50.52421462917976,10.97973,47.664967321842425,29.134039,49.55808936850863
squeezed_Bắc Giang,2016-08-01,54.53668,48.377172501162846,46.030407,50.59608505735631,46.81467,50.10110657083672,10.97973,48.41250428840241,29.134039,44.73724925212341,36.906956,47.61199913460467
squeezed_Bắc Giang,2016-09-01,46.030407,50.75703922341662,46.81467,49.69608945985401,10.97973,47.39222214019619,29.134039,48.17368508912842,36.906956,44.96747150758423,39.21004,55.75450728774919
squeezed_Bắc Giang,2016-10-01,46.81467,47.475619614568686,10.97973,50.219214285008505,29.134039,47.698664661504154,36.906956,48.36903699184017,39.21004,50.577674533205574,58.90143,55.03246806440084
squeezed_Bắc Giang,2016-11-01,10.97973,46.95825887197859,29.134039,46.519880032801055,36.906956,47.94487654861078,39.21004,51.30790240666004,58.90143,56.30984374605819,42.319206,62.25605354058952
squeezed_Bắc Giang,2016-12-01,29.134039,40.871426361283454,36.906956,36.569547633908215,39.21004,46.80499063024049,58.90143,49.08247270085362,42.319206,52.07703008318885,34.60387,49.91135142540737
squeezed_Bắc Giang,2017-01-01,36.906956,39.07241498883504,39.21004,35.0281319780047,58.90143,46.96863575231654,42.319206,65.41822299644623,34.60387,68.34317544708945,32.99171,48.88780710747093
squeezed_Bắc Giang,2017-02-01,39.21004,39.57937952028273,58.90143,45.04710809651329,42.319206,55.81704219271736,34.60387,62.01511624145535,32.99171,42.09767834468886,40.131275,50.86756358270642
squeezed_Bắc Giang,2017-03-01,58.90143,40.739093581349394,42.319206,52.31337459264896,34.60387,46.84538380083712,32.99171,48.89329724682714,40.131275,43.28760673962401,49.286045,51.61512672137467
squeezed_Bắc Giang,2017-04-01,42.319206,42.95155260997479,34.60387,46.09950305619805,32.99171,46.30394288889322,40.131275,47.39796601166168,49.286045,57.69582993348121,51.646706,51.305487455096625
squeezed_Bắc Giang,2017-05-01,34.60387,50.49985951716964,32.99171,51.171316609222906,40.131275,48.23902432596735,49.286045,57.76556815164017,51.646706,55.77656656848096,48.825424,50.236681344138745
squeezed_Bắc Giang,2017-06-01,32.99171,46.45900787269218,40.131275,45.262438024463115,49.286045,50.15934326926884,51.646706,54.155803304119424,48.825424,38.6084557064073,53.14371,48.97010232850988
squeezed_Bắc Giang,2017-07-01,40.131275,43.862017557677326,49.286045,45.4785928391457,51.646706,49.91888557646027,48.825424,46.7217006689171,53.14371,42.677161551867535,29.254572,41.54573736270766
squeezed_Bắc Giang,2017-08-01,49.286045,45.89632367352982,51.646706,49.39457820573989,48.825424,43.87394071304175,53.14371,45.19909200624188,29.254572,42.43256893950409,35.049225,44.98478310674617
squeezed_Bắc Giang,2017-09-01,51.646706,49.38100163994398,48.825424,45.146182345584485,53.14371,47.22807057986994,29.254572,42.72300226887094,35.049225,42.32820644069049,34.767933,45.50756482467894
squeezed_Bắc Giang,2017-10-01,48.825424,48.474297489404435,53.14371,46.03874635589259,29.254572,42.65608277615588,35.049225,45.506231755562816,34.767933,43.51152354310469,34.88045,47.42752359753229
squeezed_Bắc Giang,2017-11-01,53.14371,48.25346130226669,29.254572,45.50605007992557,35.049225,45.17833744597933,34.767933,45.94045384215297,34.88045,45.30273295248168,28.579466,54.763548435350124
squeezed_Bắc Giang,2017-12-01,29.254572,48.348278817192146,35.049225,44.69293112049539,34.767933,47.57990662702554,34.88045,54.1560792628105,28.579466,51.14871753571803,23.178621,60.74103016890367
squeezed_Bắc Kạn,2016-01-01,176.48903,248.1080597831959,286.5204,287.79061018268374,342.31976,300.82813363128565,280.56427,331.7831626251315,294.67084,305.4412105328297,232.91536,304.0349607655933
squeezed_Bắc Kạn,2016-02-01,286.5204,271.80304718399697,342.31976,279.40323927454483,280.56427,323.1333608095193,294.67084,324.0594484902494,232.91536,307.71235663550164,199.05956,354.4174486135827
squeezed_Bắc Kạn,2016-03-01,342.31976,291.3073007833096,280.56427,334.0656860718825,294.67084,329.05942315228646,232.91536,293.1971201701368,199.05956,302.2234024701858,285.57993,378.2587390610473
squeezed_Bắc Kạn,2016-04-01,280.56427,339.9903795757617,294.67084,345.87157005587886,232.91536,322.05863819845274,199.05956,321.44698431688965,285.57993,381.4090802731898,284.95297,459.01975908281446
squeezed_Bắc Kạn,2016-05-01,294.67084,339.1736637886134,232.91536,293.0402979281925,199.05956,352.32467772956085,285.57993,392.97349264182935,284.95297,437.74965354310325,268.65204,322.2922789373365
squeezed_Bắc Kạn,2016-06-01,232.91536,329.3836420427165,199.05956,343.48241722314015,285.57993,398.28036689201355,284.95297,440.7092145476048,268.65204,333.42999460585855,174.92163,313.77225156232515
squeezed_Bắc Kạn,2016-07-01,199.05956,354.268017241501,285.57993,341.55899873245994,284.95297,422.2506642187745,268.65204,375.15908205741005,174.92163,276.80320949841416,205.55017,248.5771299284352
squeezed_Bắc Kạn,2016-08-01,285.57993,349.6253472602513,284.95297,359.57281874144064,268.65204,347.0767280089213,174.92163,315.18598378361384,205.55017,241.75003804870306,262.98807,244.6371228496207
squeezed_Bắc Kạn,2016-09-01,284.95297,333.1834204521681,268.65204,341.7914971476996,174.92163,309.5959821109706,205.55017,276.96095488848505,262.98807,227.34645322660649,320.10327,254.0737719780185
squeezed_Bắc Kạn,2016-10-01,268.65204,282.20768378437185,174.92163,246.78422727852623,205.55017,244.7250151196933,262.98807,230.21680868577639,320.10327,263.6662177571712,271.05518,263.97616977369495
squeezed_Bắc Kạn,2016-11-01,174.92163,272.9060652846295,205.55017,253.52103864472022,262.98807,252.2626734500707,320.10327,283.33512507812503,271.05518,252.85217059483222,231.68764,284.0728710601557
squeezed_Bắc Kạn,2016-12-01,205.55017,186.66668410930384,262.98807,214.99922280058922,320.10327,288.39356197946086,271.05518,292.07113484342125,231.68764,244.7393870875683,254.92094,313.0295956771116
squeezed_Bắc Kạn,2017-01-01,262.98807,230.9252981384451,320.10327,259.67957776771294,271.05518,290.7279447761692,231.68764,266.4495435880173,254.92094,309.22551913620936,348.8222,265.7911028036341
squeezed_Bắc Kạn,2017-02-01,320.10327,269.7383840908369,271.05518,297.91044462516936,231.68764,274.1742583719365,254.92094,288.2270688609161,348.8222,292.6313828925527,402.71054,275.49270541720057
squeezed_Bắc Kạn,2017-03-01,271.05518,307.01081904486557,231.68764,290.625560700856,254.92094,281.36509848995763,348.8222,271.5658207406608,402.71054,311.8494003691684,506.9377,303.85067403825195
squeezed_Bắc Kạn,2017-04-01,231.68764,276.2041924184829,254.92094,285.19337980995914,348.8222,263.0827867637821,402.71054,277.11882390172906,506.9377,301.9506095635266,412.71378,277.4489106873339
squeezed_Bắc Kạn,2017-05-01,254.92094,277.2670041420859,348.8222,243.08090180416582,402.71054,285.772339225723,506.9377,302.5714985987897,412.71378,262.51181344579135,371.73282,260.735617810552
squeezed_Bắc Kạn,2017-06-01,348.8222,259.0883838016001,402.71054,318.9538068733483,506.9377,358.1491537220548,412.71378,363.2118055340504,371.73282,248.34478040989296,0.0,232.29476155927216
squeezed_Bắc Kạn,2017-07-01,402.71054,336.9021506962694,506.9377,373.81467926057326,412.71378,396.9404997696066,371.73282,311.4581223797079,0.0,245.46702731049535,279.48718,256.77964310878974
squeezed_Bắc Kạn,2017-08-01,506.9377,346.9877549910029,412.71378,299.1326188738038,371.73282,316.1832796110139,0.0,278.6674371684495,279.48718,258.96813295041517,206.73077,282.6285118249213
squeezed_Bắc Kạn,2017-09-01,412.71378,353.64339154476096,371.73282,315.5422496996897,0.0,272.46000847667585,279.48718,265.2780247613931,206.73077,279.67224470418574,275.32053,311.44412084844816
squeezed_Bắc Kạn,2017-10-01,371.73282,316.70740909301935,0.0,294.8514029770573,279.48718,272.9077040613806,206.73077,299.5487649166996,275.32053,292.99844182477796,278.20514,316.77690774302386
squeezed_Bắc Kạn,2017-11-01,0.0,321.19906061563984,279.48718,306.82932283642907,206.73077,261.12845993181185,275.32053,310.2741112651128,278.20514,341.962129193414,225.32051,313.375276766951
squeezed_Bắc Kạn,2017-12-01,279.48718,314.668773305102,206.73077,268.7320176146433,275.32053,288.61942051769597,278.20514,356.97950415659756,225.32051,300.98113894463194,195.1923,327.7074576520825
squeezed_Cao Bằng,2016-01-01,306.15326,337.46924815682854,331.25708,351.39588470812737,296.33823,359.54610215806764,341.26086,325.08704681867954,307.66327,353.78198369550836,267.0819,321.8809664523742
squeezed_Cao Bằng,2016-02-01,331.25708,330.70248563087705,296.33823,329.4548052176262,341.26086,338.0697637080834,307.66327,361.64034462003457,267.0819,326.2904686375139,346.92337,356.59014919870566
squeezed_Cao Bằng,2016-03-01,296.33823,336.2221784004251,341.26086,325.77194733223405,307.66327,372.3889769228689,267.0819,326.862786676402,346.92337,376.18387115257065,389.20346,383.6858994861408
squeezed_Cao Bằng,2016-04-01,341.26086,329.2554858169738,307.66327,392.3902667548348,267.0819,360.14465446475464,346.92337,377.97549503362717,389.20346,388.2808731482355,283.31445,386.1605988927873
squeezed_Cao Bằng,2016-05-01,307.66327,367.0459011660561,267.0819,310.9267730690155,346.92337,388.77063235847504,389.20346,412.78518841846807,283.31445,429.9171034817576,322.3858,409.12128545819047
squeezed_Cao Bằng,2016-06-01,267.0819,328.08385501615953,346.92337,342.7763166311642,389.20346,407.20127420353697,283.31445,461.69704827135615,322.3858,428.0327933042351,451.67987,333.3584939011431
squeezed_Cao Bằng,2016-07-01,346.92337,327.95539539992666,389.20346,366.3964287391349,283.31445,434.38974830183406,322.3858,396.8118301602645,451.67987,323.19434748222034,271.08664,306.92364312566457
squeezed_Cao Bằng,2016-08-01,389.20346,369.7289082722661,283.31445,378.9073565995833,322.3858,430.5373645999217,451.67987,359.89289877604756,271.08664,302.08869099054954,379.3693,305.28514285809916
squeezed_Cao Bằng,2016-09-01,283.31445,425.24843998795154,322.3858,450.4015039182868,451.67987,383.04858339762364,271.08664,317.1084299610066,379.3693,292.89882998117275,350.87387,308.2954610156922
squeezed_Cao Bằng,2016-10-01,322.3858,340.3767017191939,451.67987,377.31386831541965,271.08664,276.52112766419503,379.3693,278.05625579409366,350.87387,308.3946820239919,309.46048,306.81551598491376
squeezed_Cao Bằng,2016-11-01,451.67987,343.2298547755909,271.08664,272.78738284338465,379.3693,284.9048087215956,350.87387,289.55523855008346,309.46048,288.0460760324725,0.0,307.76291746198643
squeezed_Cao Bằng,2016-12-01,271.08664,312.7556115785019,379.3693,301.4812816684045,350.87387,313.29268825909367,309.46048,305.5215051465386,0.0,302.97316381479067,208.20668,333.6269590390535
squeezed_Cao Bằng,2017-01-01,379.3693,284.5791144524101,350.87387,299.74462450020394,309.46048,324.99900337064196,0.0,304.0133269121056,208.20668,348.02578548676394,268.61703,302.02840541923155
squeezed_Cao Bằng,2017-02-01,350.87387,360.0673888194991,309.46048,326.2906361338153,0.0,332.1577484430769,208.20668,366.97283626207184,268.61703,317.7830572371465,369.3009,427.7269038190843
squeezed_Cao Bằng,2017-03-01,309.46048,342.1366386311856,0.0,355.1546134892818,208.20668,338.3681417851088,268.61703,327.1471703995358,369.3009,383.39207444375995,348.40427,388.961811703706
squeezed_Cao Bằng,2017-04-01,0.0,332.81566379936254,208.20668,310.7250773239067,268.61703,300.85823956676415,369.3009,432.66735006298734,348.40427,412.1248181175052,0.0,353.4821533012172
squeezed_Cao Bằng,2017-05-01,208.20668,288.3241913204989,268.61703,289.19913263427776,369.3009,390.6233097811297,348.40427,368.5664041907429,0.0,336.2562087590944,295.78268,356.36163845495616
squeezed_Cao Bằng,2017-06-01,268.61703,262.97210058862214,369.3009,347.73852822334317,348.40427,389.1753668741079,0.0,347.293936346382,295.78268,281.37870676041985,293.1231,287.32265309568
squeezed_Cao Bằng,2017-07-01,369.3009,308.524128159355,348.40427,370.27103187275617,0.0,334.7994100098143,295.78268,290.2862770862109,293.1231,267.9144986223764,264.9896,258.5665727634271
squeezed_Cao Bằng,2017-08-01,348.40427,395.79117556402673,0.0,319.37130713177083,295.78268,267.74960464158977,293.1231,306.93345498681185,264.9896,254.0348350790957,228.6741,277.9158523760241
squeezed_Cao Bằng,2017-09-01,0.0,329.30588058499444,295.78268,289.8453015319115,293.1231,280.5051955806695,264.9896,259.5570439556249,228.6741,267.75958242751875,0.0,306.5455232719681
squeezed_Cao Bằng,2017-10-01,295.78268,267.5277938540387,293.1231,241.94305901395998,264.9896,257.0778142571262,228.6741,268.6014145692498,0.0,247.37101788652743,238.13127,213.5258794851877
squeezed_Cao Bằng,2017-11-01,293.1231,274.66654472058457,264.9896,247.69350624378956,228.6741,260.9483174043287,0.0,252.65210568923757,238.13127,232.5507996662456,255.72159,211.6856202687463
squeezed_Cao Bằng,2017-12-01,264.9896,241.07228980062038,228.6741,252.29616979273985,0.0,256.2912859780636,238.13127,258.3889604261826,255.72159,248.20074106977802,193.30434,240.81016823681057
squeezed_Cà Mau,2016-01-01,7.279568,13.009476604875232,8.17929,12.238790292767389,5.725503,14.013885896701542,6.1344676,12.21365310095685,5.8890886,10.208234452045705,8.261083,14.75351714444402
squeezed_Cà Mau,2016-02-01,8.17929,12.843981642815635,5.725503,11.68336694460528,6.1344676,14.710879901670314,5.8890886,11.794270061796091,8.261083,9.404402234429151,7.443154,14.90535382351395
squeezed_Cà Mau,2016-03-01,5.725503,11.91919425646337,6.1344676,13.477774199013508,5.8890886,15.062411137390857,8.261083,12.13674255318601,7.443154,10.97594481389222,8.015704,15.382339585837732
squeezed_Cà Mau,2016-04-01,6.1344676,12.843981642815635,5.8890886,13.558000866531277,8.261083,18.678857250176474,7.443154,12.563948239607594,8.015704,10.291046339299287,6.1344676,15.346675103983605
squeezed_Cà Mau,2016-05-01,5.8890886,14.92650750902949,8.261083,27.27800863581093,7.443154,16.37661297812625,8.015704,15.958153783313875,6.1344676,11.966264080206761,5.8890886,14.83907960436327
squeezed_Cà Mau,2016-06-01,8.261083,13.800647974720922,7.443154,13.330723349638633,8.015704,17.271907453425754,6.1344676,14.124228110134048,5.8890886,13.02719951296069,5.8890886,14.984176742174707
squeezed_Cà Mau,2016-07-01,7.443154,12.994594508855482,8.015704,15.860697823326896,6.1344676,17.33308475351277,5.8890886,13.57870485045104,5.8890886,10.505289883891617,4.0935674,14.367923319665914
squeezed_Cà Mau,2016-08-01,8.015704,16.07358420814131,6.1344676,13.126683222286967,5.8890886,14.713807296230513,5.8890886,12.004764546159036,4.0935674,10.11926916810559,2.3391812,14.24325139438211
squeezed_Cà Mau,2016-09-01,6.1344676,14.345486953120858,5.8890886,11.906896720594894,5.8890886,14.242275837134857,4.0935674,14.402009313158535,2.3391812,10.694828023117921,3.8429406,13.993737167361644
squeezed_Cà Mau,2016-10-01,5.8890886,13.188919667609854,5.8890886,10.952831113101869,4.0935674,12.831955907404064,2.3391812,12.48893333272379,3.8429406,11.370012834242411,0.0,14.066347721331441
squeezed_Cà Mau,2016-11-01,5.8890886,13.927443048898441,4.0935674,11.349848831424554,2.3391812,13.528949912372832,3.8429406,13.678059568066603,0.0,8.010676934384609,0.5012531,14.066347721331441
squeezed_Cà Mau,2016-12-01,4.0935674,11.964250953638631,2.3391812,12.500090224942785,3.8429406,13.528949912372832,0.0,11.997299880721014,0.5012531,9.842786086005201,0.41771093,16.92142424002127
squeezed_Cà Mau,2017-01-01,2.3391812,13.761841273431626,3.8429406,13.38378351660593,0.0,14.710879901670314,0.5012531,11.969758443763178,0.41771093,16.060398619647263,0.41771093,14.242752226639558
squeezed_Cà Mau,2017-02-01,3.8429406,13.149558277474023,0.0,12.67885364386494,0.5012531,14.013885896701542,0.41771093,12.140085197342017,0.41771093,11.91109848022093,1.336675,14.50417294378925
squeezed_Cà Mau,2017-03-01,0.0,12.843981642815635,0.5012531,14.779066267695072,0.41771093,14.118620324926544,0.41771093,12.985585496622429,1.336675,11.105472887945332,0.9189641,15.148893456987453
squeezed_Cà Mau,2017-04-01,0.5012531,14.765183755956128,0.41771093,15.70708000465151,0.41771093,14.002318441526889,1.336675,18.525235572478927,0.9189641,12.242049805650183,0.7518797,15.558744091145849
squeezed_Cà Mau,2017-05-01,0.41771093,15.096587431916772,0.41771093,13.035393646908549,1.336675,23.539612548308593,0.9189641,14.511158396230849,0.7518797,52.11487354462242,0.5012531,15.081758328822067
squeezed_Cà Mau,2017-06-01,0.41771093,13.108992448412328,1.336675,21.923303901356647,0.9189641,14.642070738429828,0.7518797,21.211063662032075,0.5012531,12.562230324435458,0.5012531,14.782154261499125
squeezed_Cà Mau,2017-07-01,1.336675,20.89671439285238,0.9189641,13.615539709438352,0.7518797,20.28048052453799,0.5012531,14.90056413358654,0.5012531,11.31247538163236,0.5854801,14.465504906313274
squeezed_Cà Mau,2017-08-01,0.9189641,12.313839992964965,0.7518797,17.929322766582473,0.5012531,15.42537448777744,0.5012531,14.067092715119426,0.5854801,11.100538530467034,0.16728003,14.15569105368909
squeezed_Cà Mau,2017-09-01,0.7518797,30.720145079149983,0.5012531,11.938682558241721,0.5012531,17.591145628264073,0.5854801,13.259291820808876,0.16728003,10.364873382746199,0.0,16.68392687534728
squeezed_Cà Mau,2017-10-01,0.5012531,12.817476954268448,0.5012531,13.27293564581516,0.5854801,13.54080888668427,0.16728003,12.082270798263187,0.0,11.855151507221334,0.08364002,14.289100401005156
squeezed_Cà Mau,2017-11-01,0.5012531,12.984323877212972,0.5854801,11.77786472587385,0.16728003,13.19697590835847,0.0,12.31193888406273,0.08364002,10.11259691860797,0.16728003,14.465504906313274
squeezed_Cà Mau,2017-12-01,0.5854801,11.359740744952774,0.16728003,11.327827059854968,0.0,13.358860278281817,0.08364002,11.377854089184728,0.16728003,10.66886819742254,0.08364002,14.460534944527158
squeezed_Cần Thơ,2016-01-01,0.0,11.322856656826557,0.0,10.77225240755261,0.0,11.920965794387282,0.0,11.157338019280669,0.0,7.027723889668917,0.0,14.845150095912269
squeezed_Cần Thơ,2016-02-01,0.0,11.322856656826557,0.0,11.25525794853547,0.0,12.614087594233837,0.0,10.737954980119909,0.0,18.88998851238192,0.0,15.110470077513183
squeezed_Cần Thơ,2016-03-01,0.0,11.322856656826557,0.0,11.331551341861822,0.0,12.965618829954384,0.0,45.20356814428957,0.0,10.885549352751315,0.0,14.972488951679336
squeezed_Cần Thơ,2016-04-01,0.0,11.322856656826557,0.0,11.41177800937959,0.0,12.804623619746422,0.0,45.115302738978194,0.0,7.8896126721418645,0.0,15.413810232148991
squeezed_Cần Thơ,2016-05-01,0.0,11.091278692559744,0.0,13.537623167074821,0.0,14.97666909576398,0.0,12.366406553661177,0.0,12.537772514241603,0.0,15.051311870340093
squeezed_Cần Thơ,2016-06-01,0.0,11.518671346658568,0.0,11.706815136448085,0.0,13.715349445979399,0.0,24.133269959791555,0.0,9.92278618037721,0.0,15.051311870340093
squeezed_Cần Thơ,2016-07-01,0.0,12.037871841799651,0.0,12.66948193740028,0.0,15.236292446076293,0.0,22.178713655270492,0.0,10.861317788770814,0.0,13.926602039196258
squeezed_Cần Thơ,2016-08-01,0.0,11.49119311084872,0.0,12.981979256086118,0.0,24.190841357243396,0.0,22.182875516521158,0.0,10.95096161280202,0.0,13.926602039196258
squeezed_Cần Thơ,2016-09-01,0.0,11.518671346658568,0.0,10.594576009904934,0.0,12.842477534667156,0.0,22.209065091960156,0.0,6.3999651600275556,0.0,13.703849359522545
squeezed_Cần Thơ,2016-10-01,0.0,12.0653500776095,0.0,10.153139537345226,0.0,11.818890424831455,0.0,10.29102434547337,0.0,6.9748381036803995,0.0,14.066347721331441
squeezed_Cần Thơ,2016-11-01,0.0,12.0653500776095,0.0,9.992321704977353,0.0,11.920965794387282,0.0,10.801859152399949,0.0,6.368025721588558,0.0,14.066347721331441
squeezed_Cần Thơ,2016-12-01,0.0,11.29175716912922,0.0,9.992321704977353,0.0,11.920965794387282,0.0,11.303942151036635,0.0,6.199964963951961,0.0,14.309887354804944
squeezed_Cần Thơ,2017-01-01,0.0,11.322856656826557,0.0,11.21811208435513,0.0,12.614087594233837,0.0,10.410804337631763,0.0,7.7850463742074245,0.0,14.242752226639558
squeezed_Cần Thơ,2017-02-01,0.0,11.488351618886155,0.0,11.331551341861822,0.0,12.55218080969731,0.0,10.882298064627644,0.0,14.93062493591424,0.0,14.958803424808947
squeezed_Cần Thơ,2017-03-01,0.0,11.322856656826557,0.0,10.97159049117257,0.0,13.263682432067652,0.0,33.48676416693939,0.0,8.804740485910516,0.0,16.665955505270826
squeezed_Cần Thơ,2017-04-01,0.0,12.037871841799651,0.0,14.187987719224493,0.0,13.579159961359414,0.0,11.491661492199409,0.0,8.938100242614627,0.0,15.148893456987453
squeezed_Cần Thơ,2017-05-01,0.0,13.87741491645643,0.0,12.821161423718246,0.0,13.076029371035714,0.0,13.083361887059464,0.0,14.16305147442434,0.0,15.148893456987453
squeezed_Cần Thơ,2017-06-01,0.0,11.49119311084872,0.0,12.905387777550972,0.0,13.82575998706073,0.0,25.455797803312066,0.0,13.163986155563993,0.0,15.081758328822067
squeezed_Cần Thơ,2017-07-01,0.0,11.64325193615642,0.0,13.633578137416121,0.0,15.528073793706257,0.0,23.959517027234178,0.0,12.294833070670096,1.4661562,14.53264003447866
squeezed_Cần Thơ,2017-08-01,0.0,11.728495674551324,0.0,12.237079469984733,0.0,14.680601803729457,0.0,24.989423496204758,1.4661562,6.859382082244863,0.0,14.15569105368909
squeezed_Cần Thơ,2017-09-01,0.0,11.918585764947544,0.0,11.724450335051419,0.0,14.680601803729457,1.4661562,11.051639029645289,0.0,10.565554000926383,0.81453127,14.289100401005156
squeezed_Cần Thơ,2017-10-01,0.0,12.465264495898476,0.0,11.724450335051419,1.4661562,12.796036202636289,0.0,12.199924812252313,0.81453127,6.486054534208376,0.9774375,14.356235529170542
squeezed_Cần Thơ,2017-11-01,0.0,12.0653500776095,1.4661562,11.113594836664667,0.0,12.437302075441028,0.81453127,11.783682113330533,0.9774375,6.542257543190171,2.1177812,14.942490668637054
squeezed_Cần Thơ,2017-12-01,1.4661562,10.301358735058155,0.0,11.51902813845819,0.81453127,12.614087594233837,0.9774375,11.227031603265795,2.1177812,13.118641824159962,1.0588906,14.929921649752137
squeezed_Gia Lai,2016-01-01,72.46172,72.23135134518222,68.651665,69.02797304365298,49.813026,76.98457572184803,56.445354,72.32365153595289,84.73859,81.16022299736204,69.075005,79.48517462506693
squeezed_Gia Lai,2016-02-01,68.651665,74.46954585774182,49.813026,72.01954181194768,56.445354,76.97325208278633,84.73859,70.9398720292071,69.075005,82.02754680066825,66.67607,90.36235161974835
squeezed_Gia Lai,2016-03-01,49.813026,76.36413166932584,56.445354,73.24846427513626,84.73859,76.87907296115387,69.075005,73.21333727716355,66.67607,83.46435548073161,87.77252,91.3458620231852
squeezed_Gia Lai,2016-04-01,56.445354,64.15250294066331,84.73859,69.36176235731818,69.075005,73.86991471871106,66.67607,77.35050565800967,87.77252,72.80174668573497,176.46228,81.63519454824812
squeezed_Gia Lai,2016-05-01,84.73859,73.76699830707851,69.075005,69.24201134701913,66.67607,78.90149167616906,87.77252,77.34839292907154,176.46228,84.0668269156259,175.05115,84.52016355156057
squeezed_Gia Lai,2016-06-01,69.075005,72.32921351031112,66.67607,82.20198613725778,87.77252,82.34319313254247,176.46228,79.28378000919793,175.05115,82.93933834248654,28.293234,76.78707975222146
squeezed_Gia Lai,2016-07-01,66.67607,77.32567284041957,87.77252,83.51803587998657,176.46228,88.82623452310919,175.05115,77.71250413221166,28.293234,67.35185510086069,40.5065,73.41624616983155
squeezed_Gia Lai,2016-08-01,87.77252,78.18935583760663,176.46228,84.35426245506332,175.05115,79.05683996180144,28.293234,75.74353651688594,40.5065,60.814101991752935,54.87099,64.09620554023861
squeezed_Gia Lai,2016-09-01,176.46228,85.96688676418223,175.05115,80.12091263017432,28.293234,77.38549877755295,40.5065,63.611910345579965,54.87099,58.704582565860406,93.33515,64.84240690544016
squeezed_Gia Lai,2016-10-01,175.05115,139.36546653246734,28.293234,104.39196663915973,40.5065,87.73093535756519,54.87099,82.12418848168365,93.33515,70.2910320953563,71.48206,80.15260738764394
squeezed_Gia Lai,2016-11-01,28.293234,144.76111889204176,40.5065,106.32231350933161,54.87099,95.0358019138035,93.33515,95.15249715222029,71.48206,90.63322199611697,68.758934,95.7230746131994
squeezed_Gia Lai,2016-12-01,40.5065,84.95904122418428,54.87099,64.62565497495048,93.33515,78.37667027826465,71.48206,72.92346138038172,68.758934,77.10204544051737,0.0,83.43281092979616
squeezed_Gia Lai,2017-01-01,54.87099,64.36733855303035,93.33515,53.9825527774145,71.48206,72.42020585843277,68.758934,72.66407840125453,0.0,70.43130753579759,85.57424,86.29177645215256
squeezed_Gia Lai,2017-02-01,93.33515,69.64052405990947,71.48206,63.673863224279124,68.758934,73.68377070490433,0.0,71.32316711350711,85.57424,84.26583876037552,11.981755,90.05940012524589
squeezed_Gia Lai,2017-03-01,71.48206,80.03989424056417,68.758934,88.66482493648788,0.0,76.99944851513578,85.57424,84.93263782150974,11.981755,103.96203660044668,12.3902235,90.2706384517816
squeezed_Gia Lai,2017-04-01,68.758934,83.54296359557326,0.0,78.86155320972951,85.57424,84.06807075664996,11.981755,95.13170933234558,12.3902235,96.96629838968704,24.371979,102.07129005076894
squeezed_Gia Lai,2017-05-01,0.0,70.90502143568725,85.57424,80.88695831337719,11.981755,87.86570009094483,12.3902235,94.01348033823392,24.371979,117.82930328149845,74.817894,98.333691674983
squeezed_Gia Lai,2017-06-01,85.57424,83.76474109762754,11.981755,63.07173473410937,12.3902235,90.361619531086,24.371979,107.858364788266,74.817894,82.57605386387097,61.61073,75.41277573882967
squeezed_Gia Lai,2017-07-01,11.981755,78.10912549473552,12.3902235,73.79271053995235,24.371979,95.7438528825285,74.817894,92.53693641302101,61.61073,71.92147013136154,70.00067,72.29791729634626
squeezed_Gia Lai,2017-08-01,12.3902235,74.91676382612614,24.371979,101.25449584115837,74.817894,88.81822995809195,61.61073,68.73989244023885,70.00067,56.0605217426182,64.05028,56.604818702296555
squeezed_Gia Lai,2017-09-01,24.371979,66.27887750424678,74.817894,62.50215068998282,61.61073,52.74104517265963,70.00067,41.674582220426686,64.05028,43.08114728337516,59.16962,46.76682515597307
squeezed_Gia Lai,2017-10-01,74.817894,68.34301258657594,61.61073,38.97085356457436,70.00067,44.85847714691323,64.05028,48.036305348231664,59.16962,38.27516351223722,72.74186,51.153951307742325
squeezed_Gia Lai,2017-11-01,61.61073,46.878226779227575,70.00067,47.48632256554866,64.05028,50.73901826215743,59.16962,41.48097061631674,72.74186,45.691944665753724,57.23073,45.664005072150296
squeezed_Gia Lai,2017-12-01,70.00067,53.895561554649525,64.05028,59.10914178710767,59.16962,47.69970211094503,72.74186,48.18221104892714,57.23073,51.30782434003313,73.87845,54.57486681461115
squeezed_Hà Giang,2016-01-01,139.56622,194.65565706629656,199.36282,198.00298231896053,173.018,203.71950677347442,194.584,208.9675861642504,184.16861,190.90383915782496,147.0408,202.25561016149587
squeezed_Hà Giang,2016-02-01,199.36282,185.83856623809297,173.018,175.89147514262874,194.584,189.1276450264562,184.16861,200.49643392475966,147.0408,176.29037694357544,182.08553,205.884957174611
squeezed_Hà Giang,2016-03-01,173.018,201.07508790191739,194.584,192.56390761528513,184.16861,178.51879026338457,147.0408,194.6489882001177,182.08553,209.36133806319458,210.26836,201.12471656207674
squeezed_Hà Giang,2016-04-01,194.584,200.92449985092918,184.16861,182.5311288901732,147.0408,186.47704433003193,182.08553,208.84775622857774,210.26836,185.62526647573767,177.06163,197.6830351191742
squeezed_Hà Giang,2016-05-01,184.16861,190.19872757161622,147.0408,190.84076862843975,182.08553,208.69760060701105,210.26836,196.90647166071125,177.06163,200.88568064104356,182.57567,202.8402616818909
squeezed_Hà Giang,2016-06-01,147.0408,190.80595744709842,182.08553,206.4911608781525,210.26836,200.97514177907058,177.06163,208.32909106261883,182.57567,227.34050979829462,114.079155,205.51363405358043
squeezed_Hà Giang,2016-07-01,182.08553,180.3128168511702,210.26836,186.80892758400802,177.06163,197.11719086277344,182.57567,207.57539415844687,114.079155,194.85119744731034,112.15065,168.71972556949711
squeezed_Hà Giang,2016-08-01,210.26836,202.58732853837932,177.06163,194.476494151597,182.57567,203.15530987250932,114.079155,203.02420124464507,112.15065,171.22838674368046,122.70601,176.82390600832673
squeezed_Hà Giang,2016-09-01,177.06163,209.71406706644424,182.57567,215.65093932813383,114.079155,197.75359236044423,112.15065,177.32009367201414,122.70601,173.80414736185946,139.85846,180.36797830847468
squeezed_Hà Giang,2016-10-01,182.57567,193.21221489175673,114.079155,198.40725913175493,112.15065,171.26439238398802,122.70601,168.3007414642418,139.85846,176.2127858719037,145.01619,178.60238062385662
squeezed_Hà Giang,2016-11-01,114.079155,205.45037226200836,112.15065,166.96273012959378,122.70601,162.4667364365865,139.85846,181.96479823093196,145.01619,186.2665646761883,0.0,186.75691016558167
squeezed_Hà Giang,2016-12-01,112.15065,147.40461688585174,122.70601,146.20996788302122,139.85846,162.88993108458016,145.01619,161.8068957125854,0.0,179.06741754084317,164.92743,173.8631248896329
squeezed_Hà Giang,2017-01-01,122.70601,154.52702222405932,139.85846,166.9977435387147,145.01619,157.7562009322009,0.0,178.17817443166973,164.92743,160.55657498604603,161.44896,164.93640692663118
squeezed_Hà Giang,2017-02-01,139.85846,158.40953632848175,145.01619,167.53592113398378,0.0,178.3873147750912,164.92743,160.0147024587367,161.44896,155.8127500719472,199.71213,172.07956577214796
squeezed_Hà Giang,2017-03-01,145.01619,163.70712631050185,0.0,173.0956998440495,164.92743,159.3485456728984,161.44896,171.30376238842948,199.71213,183.111272758114,200.55176,175.02293082706277
squeezed_Hà Giang,2017-04-01,0.0,160.5038021525867,164.92743,155.19729356877212,161.44896,159.1750460803803,199.71213,166.28783472647052,200.55176,170.11151690171013,212.0667,171.91234826913592
squeezed_Hà Giang,2017-05-01,164.92743,153.95401719751754,161.44896,139.25911984797915,199.71213,154.32269745754581,200.55176,167.17734344987812,212.0667,143.41832452802097,216.50475,151.13145725742072
squeezed_Hà Giang,2017-06-01,161.44896,161.54274777915538,199.71213,152.87939462610436,200.55176,171.3746596697376,212.0667,158.2534040935195,216.50475,145.81647196914872,166.48674,130.83283467793504
squeezed_Hà Giang,2017-07-01,199.71213,163.63747325759928,200.55176,178.027872597195,212.0667,158.12968504770765,216.50475,151.34794296817955,166.48674,129.21356428052758,133.01831,127.08474965848258
squeezed_Hà Giang,2017-08-01,200.55176,203.45798296271306,212.0667,165.14563123102113,216.50475,153.43203881323663,166.48674,137.77917852935977,133.01831,131.20947780615785,138.45245,117.1869669781132
squeezed_Hà Giang,2017-09-01,212.0667,191.2780756928013,216.50475,153.95256782114214,166.48674,127.1007981797801,133.01831,131.2708953765121,138.45245,122.07307059758666,162.55168,142.165562979433
squeezed_Hà Giang,2017-10-01,216.50475,168.05803733369973,166.48674,155.70092368387574,133.01831,148.48934966502574,138.45245,146.92496377096336,162.55168,140.26012879961948,186.06024,144.99963829245027
squeezed_Hà Giang,2017-11-01,166.48674,170.0008114455558,133.01831,161.987435132152,138.45245,161.234265928648,162.55168,166.12604219877437,186.06024,163.64219040470613,156.2906,154.5513884842638
squeezed_Hà Giang,2017-12-01,133.01831,153.69913389856578,138.45245,150.03816704792214,162.55168,168.90236381079382,186.06024,168.89751088830354,156.2906,169.25691934776168,163.85115,184.66418583360053
squeezed_Hà Nội,2016-01-01,25.653622,29.52240578068415,29.174171,30.1618300193466,26.267672,36.348107959724864,21.450794,32.881646375054466,22.242235,27.52388601056063,19.37667,33.420671926695746
squeezed_Hà Nội,2016-02-01,29.174171,35.52969523729615,26.267672,31.257254418800905,21.450794,29.303801477183146,22.242235,40.74418290256999,19.37667,23.495824785649514,17.220676,34.01763422242431
squeezed_Hà Nội,2016-03-01,26.267672,31.09813545363383,21.450794,33.53364929424786,22.242235,38.75097345226614,19.37667,31.744766022477418,17.220676,32.68405434666244,16.96141,30.32933075657898
squeezed_Hà Nội,2016-04-01,21.450794,36.11609389581347,22.242235,42.38954978397637,19.37667,30.049583138489023,17.220676,36.85189943958247,16.96141,27.091875173672445,18.025763,52.46476105272026
squeezed_Hà Nội,2016-05-01,22.242235,34.904891143697235,19.37667,27.436492271797338,17.220676,28.416216853582746,16.96141,31.665772124436963,18.025763,42.40108330941317,16.101742,30.52453191325305
squeezed_Hà Nội,2016-06-01,19.37667,27.057576345425527,17.220676,29.496914831011065,16.96141,27.001287803267868,18.025763,27.724185543886378,16.101742,45.60193274156741,3.3977404,54.7962814492113
squeezed_Hà Nội,2016-07-01,17.220676,26.106408431151344,16.96141,29.91643614633812,18.025763,24.64297417562571,16.101742,27.421594827330193,3.3977404,39.433370091746944,14.492004,23.890747085046222
squeezed_Hà Nội,2016-08-01,16.96141,25.897391981701947,18.025763,27.0118273988148,16.101742,25.246198657656905,3.3977404,21.72771593209927,14.492004,17.81629342546217,16.532768,23.57866864842729
squeezed_Hà Nội,2016-09-01,18.025763,25.193079384360434,16.101742,22.318848897934497,3.3977404,23.394283546452343,14.492004,16.761678863717638,16.532768,17.269333091984677,19.490583,23.32421825930806
squeezed_Hà Nội,2016-10-01,16.101742,24.233050227239577,3.3977404,20.40528994315584,14.492004,22.029545705973305,16.532768,19.382070481245506,19.490583,19.249101883587002,20.91137,22.709029979577647
squeezed_Hà Nội,2016-11-01,3.3977404,23.416677068988907,14.492004,17.21110974792238,16.532768,21.46259382889303,19.490583,24.68740931628481,20.91137,28.569419979451034,21.66051,30.12932050430896
squeezed_Hà Nội,2016-12-01,14.492004,18.880733088446405,16.532768,17.57234711446751,19.490583,23.75893877086658,20.91137,20.745353880114152,21.66051,26.557395279904622,18.302292,24.940853896042036
squeezed_Hà Nội,2017-01-01,16.532768,19.282647161729166,19.490583,28.825685784650105,20.91137,26.265787707201834,21.66051,43.201436612028914,18.302292,38.09663116209756,23.50753,27.962685379138655
squeezed_Hà Nội,2017-02-01,19.490583,18.310654024051555,20.91137,20.26972220278866,21.66051,31.922239676115815,18.302292,25.185976314405586,23.50753,25.43400044752507,22.383818,29.075218908566562
squeezed_Hà Nội,2017-03-01,20.91137,26.170613102810645,21.66051,50.80721539787002,18.302292,24.061890275242916,23.50753,38.25950080830504,22.383818,28.522552258361966,14.182015,28.314659623717517
squeezed_Hà Nội,2017-04-01,21.66051,28.832326862635306,18.302292,27.512625116229305,23.50753,28.950843094203503,22.383818,36.290052382650906,14.182015,28.934373418322767,20.381804,27.207852290093737
squeezed_Hà Nội,2017-05-01,18.302292,29.363401515996173,23.50753,24.05879108768186,22.383818,26.017672009008002,14.182015,30.78706583710648,20.381804,21.847483437854795,16.041952,42.65143785443362
squeezed_Hà Nội,2017-06-01,23.50753,26.527761123391187,22.383818,26.7204251176296,14.182015,25.758039702090063,20.381804,25.112711268496167,16.041952,74.94403187717471,17.75981,23.96491384153324
squeezed_Hà Nội,2017-07-01,22.383818,25.81989212063848,14.182015,27.34767584241081,20.381804,25.57294057500618,16.041952,23.13425677548559,17.75981,20.0462372389956,14.707183,22.510699744108738
squeezed_Hà Nội,2017-08-01,14.182015,24.93716286635858,20.381804,25.24219344024862,16.041952,22.883110355008238,17.75981,23.621529888180714,14.707183,15.837722782727218,0.0,22.701645888543226
squeezed_Hà Nội,2017-09-01,20.381804,22.398655695422914,16.041952,21.198653506026304,17.75981,24.07639145365383,14.707183,17.141422700163826,0.0,16.42111380409838,16.476088,21.234035040124233
squeezed_Hà Nội,2017-10-01,16.041952,23.92949603593709,17.75981,22.973532230282434,14.707183,22.70237616581254,0.0,19.679526143060322,16.476088,21.19187231560535,0.0,22.116627430818866
squeezed_Hà Nội,2017-11-01,17.75981,23.066386179612458,14.707183,18.47663902475224,0.0,22.555327292701552,16.476088,19.111359560864496,0.0,15.573254598051445,11.219913,22.86958053192581
squeezed_Hà Nội,2017-12-01,14.707183,21.321166571051872,0.0,16.15443945680814,16.476088,20.184204868679704,0.0,20.963327905472003,11.219913,20.054782945746812,15.869606,32.8811586699374
squeezed_Hà Tĩnh,2016-01-01,238.96739,240.79784165566602,231.15181,253.9123260918423,314.9917,226.43116588022164,245.83563,225.42395625250353,251.04602,203.00796560482485,200.83682,203.51085664661002
squeezed_Hà Tĩnh,2016-02-01,231.15181,260.24959557176385,314.9917,255.21274528627163,245.83563,234.23548696213865,251.04602,215.03164323455744,200.83682,213.47837153053604,214.5733,203.24223673289376
squeezed_Hà Tĩnh,2016-03-01,314.9917,243.93118523409913,245.83563,233.28203241765831,251.04602,210.8136451697436,200.83682,205.01057581036113,214.5733,200.37550316243244,215.4417,194.36522068259887
squeezed_Hà Tĩnh,2016-04-01,245.83563,262.13521690368987,251.04602,229.53005502410537,200.83682,209.98020292203185,214.5733,220.7877499818559,215.4417,197.69724053051038,264.5457,237.60969480242628
squeezed_Hà Tĩnh,2016-05-01,251.04602,229.98090656233362,200.83682,217.3509071608616,214.5733,205.42019170826197,215.4417,209.21876591117203,264.5457,243.21421721070354,184.10042,234.50087476614385
squeezed_Hà Tĩnh,2016-06-01,200.83682,244.42711635253067,214.5733,221.33370188294143,215.4417,208.72480854965661,264.5457,236.5230016035267,184.10042,287.4798251093243,120.23368,223.47535786531301
squeezed_Hà Tĩnh,2016-07-01,214.5733,208.80401580253164,215.4417,208.9463272806996,264.5457,213.50161523292255,184.10042,212.94635929812506,120.23368,265.1344799936173,185.68513,210.5607538220408
squeezed_Hà Tĩnh,2016-08-01,215.4417,208.42683093175157,264.5457,226.9381365284592,184.10042,221.09934374194324,120.23368,217.47242331902652,185.68513,205.4991064935225,205.14833,223.27854927867048
squeezed_Hà Tĩnh,2016-09-01,264.5457,230.08333412628278,184.10042,227.20073801758627,120.23368,229.91208318265714,185.68513,199.31103323644285,205.14833,219.85657781214195,307.95795,237.12428906298842
squeezed_Hà Tĩnh,2016-10-01,184.10042,247.3026325248843,120.23368,293.7856147684102,185.68513,220.10855404159375,205.14833,226.16247627282195,307.95795,246.19915257569707,260.71262,263.3139936332257
squeezed_Hà Tĩnh,2016-11-01,120.23368,237.1884495834309,185.68513,212.94823702211565,205.14833,217.24742216277266,307.95795,232.57293875123477,260.71262,253.00294462865676,216.44954,254.20681083679062
squeezed_Hà Tĩnh,2016-12-01,185.68513,161.98496715061978,205.14833,191.60983137678986,307.95795,210.28225178607948,260.71262,248.73429523330967,216.44954,220.8511267343032,223.59128,227.66380889907768
squeezed_Hà Tĩnh,2017-01-01,205.14833,210.67256395856776,307.95795,235.83259490561872,260.71262,232.42601900491425,216.44954,228.059773301587,223.59128,226.31054679091167,204.99136,215.9798042439223
squeezed_Hà Tĩnh,2017-02-01,307.95795,238.01783872498874,260.71262,264.89796839805376,216.44954,214.53592038985178,223.59128,220.0231536699569,204.99136,197.88206382231016,203.10783,210.2608652608419
squeezed_Hà Tĩnh,2017-03-01,260.71262,301.76646746671446,216.44954,261.7280397783563,223.59128,225.46027593608338,204.99136,213.8136876497693,203.10783,213.89796583889554,226.18114,219.75322368029936
squeezed_Hà Tĩnh,2017-04-01,216.44954,252.2390709971906,223.59128,235.18062750893876,204.99136,211.28425541581962,203.10783,222.2803348597625,226.18114,230.2835727376273,212.91791,236.07866864250022
squeezed_Hà Tĩnh,2017-05-01,223.59128,233.55881859820698,204.99136,211.86470458530815,203.10783,211.56861436545364,226.18114,224.5449332217824,212.91791,257.632440636453,167.5561,209.86563265999442
squeezed_Hà Tĩnh,2017-06-01,204.99136,216.70498904728015,203.10783,224.8781541064959,226.18114,221.8213397668765,212.91791,236.5313559108188,167.5561,211.90864159242142,163.31816,223.8163387017211
squeezed_Hà Tĩnh,2017-07-01,203.10783,211.96202541371548,226.18114,227.55175235027392,212.91791,230.607773847987,167.5561,210.65310824591865,163.31816,217.6768057929997,144.631,200.0873307558738
squeezed_Hà Tĩnh,2017-08-01,226.18114,210.9095715500851,212.91791,230.0584855141525,167.5561,193.58886488787425,163.31816,190.81945355355333,144.631,194.9576405285649,177.89926,221.5971015856838
squeezed_Hà Tĩnh,2017-09-01,212.91791,229.96689147480663,167.5561,212.62147687050907,163.31816,211.90026720349422,144.631,178.30859378432748,177.89926,200.93643817293955,198.12573,239.88506606476307
squeezed_Hà Tĩnh,2017-10-01,167.5561,214.61567204999943,163.31816,226.2597287438285,144.631,182.23854927260058,177.89926,219.2752514412312,198.12573,250.33595568573864,177.04022,237.87284480205147
squeezed_Hà Tĩnh,2017-11-01,163.31816,200.14684377871617,144.631,183.58608527600708,177.89926,203.64957306164246,198.12573,257.94478869500807,177.04022,250.1968006639311,152.44046,226.97419640798634
squeezed_Hà Tĩnh,2017-12-01,144.631,169.794694405089,177.89926,202.64935690936235,198.12573,242.04442955648597,177.04022,229.81153305584567,152.44046,227.51381484149272,136.0406,232.9694616270602
squeezed_Hòa Bình,2016-01-01,75.78491,93.47611268989716,126.669075,93.82890743798201,130.87935,96.97687304929457,136.65343,95.05305780464533,105.978584,89.84462176942712,98.039215,98.40100934173034
squeezed_Hòa Bình,2016-02-01,126.669075,93.3103699004928,130.87935,95.23479580286663,136.65343,99.62596475199803,105.978584,99.53313738479297,98.039215,90.83535818216691,95.63335,103.1586430670961
squeezed_Hòa Bình,2016-03-01,130.87935,104.66304813795094,136.65343,104.62108296145367,105.978584,100.40588047286198,98.039215,107.30870163050082,95.63335,104.27576480845661,119.93263,112.6225602537961
squeezed_Hòa Bình,2016-04-01,136.65343,117.14419448995561,105.978584,111.49381962752551,98.039215,103.77995200001418,95.63335,106.97972117446412,119.93263,116.74758340563938,103.091545,134.2958554837332
squeezed_Hòa Bình,2016-05-01,105.978584,128.56403658372207,98.039215,112.60076692771918,95.63335,124.02316169854481,119.93263,133.5974301382698,103.091545,141.23671273256946,102.24949,121.2115469481479
squeezed_Hòa Bình,2016-06-01,98.039215,108.65149511420385,95.63335,110.37852791986421,119.93263,116.62478335032414,103.091545,123.75099233871533,102.24949,103.40491477453507,16.841093,111.15764609270323
squeezed_Hòa Bình,2016-07-01,95.63335,111.90825259035564,119.93263,117.2549089667469,103.091545,116.5444478336487,102.24949,114.57981143673742,16.841093,111.03165498412734,54.43787,94.77838499748864
squeezed_Hòa Bình,2016-08-01,119.93263,110.33759468651984,103.091545,116.37089804841393,102.24949,99.12387625474081,16.841093,101.39755076589991,54.43787,90.7131526541961,0.0,95.52819656549478
squeezed_Hòa Bình,2016-09-01,103.091545,123.81385229895366,102.24949,106.065137976858,16.841093,94.94080345165948,54.43787,95.15539826329861,0.0,99.198137841275,124.73373,109.59602673384575
squeezed_Hòa Bình,2016-10-01,102.24949,104.8601510414879,16.841093,106.58036946931364,54.43787,94.47499081997589,0.0,105.13833157616114,124.73373,115.07137239887798,139.1716,114.97781734310443
squeezed_Hòa Bình,2016-11-01,16.841093,104.37574771859795,54.43787,101.60525624610082,0.0,98.28306818201614,124.73373,113.47083251124731,139.1716,113.06606020161188,125.2071,116.4504152077385
squeezed_Hòa Bình,2016-12-01,54.43787,90.44097047301948,0.0,77.82897944112729,124.73373,102.1431336369031,139.1716,104.58510855454588,125.2071,109.92547769244413,90.76923,105.8212961659499
squeezed_Hòa Bình,2017-01-01,0.0,65.00700987045289,124.73373,78.63094765278693,139.1716,105.42862847913821,125.2071,103.7817290855127,90.76923,94.24396058035708,92.30769,96.67943440035693
squeezed_Hòa Bình,2017-02-01,124.73373,79.68664278012665,139.1716,79.71165857993772,125.2071,107.34163273694764,90.76923,98.96619717127112,92.30769,75.36551670135616,129.46745,93.96400869983893
squeezed_Hòa Bình,2017-03-01,139.1716,93.46155594857952,125.2071,112.54171553705568,90.76923,102.40749614853927,92.30769,91.13368128135413,129.46745,90.31020133837512,144.49704,85.56972621331845
squeezed_Hòa Bình,2017-04-01,125.2071,114.26372963141462,90.76923,120.09624268995613,92.30769,95.02938647696284,129.46745,104.64372792636243,144.49704,94.22313095476282,108.63905,93.89153820714584
squeezed_Hòa Bình,2017-05-01,90.76923,114.77844612169199,92.30769,103.65143324041446,129.46745,106.8076795816773,144.49704,118.63599737020148,108.63905,106.41503410439252,0.0,110.46253333341821
squeezed_Hòa Bình,2017-06-01,92.30769,94.85099973709634,129.46745,103.43677692124946,144.49704,108.6195053312817,108.63905,92.94901480192452,0.0,135.88263822581246,66.50887,84.65804119471754
squeezed_Hòa Bình,2017-07-01,129.46745,95.14147695530123,144.49704,112.99538125338272,108.63905,100.38877961607625,0.0,79.26036570492617,66.50887,103.94926052760256,66.43932,78.10504795656911
squeezed_Hòa Bình,2017-08-01,144.49704,112.75327968871292,108.63905,105.94251212649701,0.0,97.1979653708186,66.50887,97.72547027871889,66.43932,91.92304664791168,62.20602,99.04420282729998
squeezed_Hòa Bình,2017-09-01,108.63905,131.65741438300168,0.0,115.1743093133087,66.50887,98.9526133772851,66.43932,99.15425413178423,62.20602,99.20423039518931,87.605835,107.39231836874256
squeezed_Hòa Bình,2017-10-01,0.0,98.80193183152872,66.50887,93.51420935234636,66.43932,85.48602723829985,62.20602,101.08971859254004,87.605835,106.30010691987185,0.0,117.64061845969788
squeezed_Hòa Bình,2017-11-01,66.50887,94.42232193928365,66.43932,63.56156025219296,62.20602,86.75201513602586,87.605835,98.28085724703168,0.0,101.30260008515462,77.610535,110.26354841005202
squeezed_Hòa Bình,2017-12-01,66.43932,72.81080446938796,62.20602,77.05976756723824,87.605835,110.8615748828548,0.0,113.89213936992076,77.610535,113.45637593794581,0.0,115.73549897031263
squeezed_Hưng Yên,2016-01-01,117.24492,102.59699683551943,111.60485,118.03143238628672,117.50128,117.66902074371711,115.877625,122.7733302863017,108.69937,116.04068964677478,85.711845,110.16948438055688
squeezed_Hưng Yên,2016-02-01,111.60485,121.48133559581458,117.50128,121.62550233663086,115.877625,119.21801243713114,108.69937,119.56892635184586,85.711845,108.28374406587453,105.87933,112.01227020956613
squeezed_Hưng Yên,2016-03-01,117.50128,122.08424744307173,115.877625,117.55756288288238,108.69937,110.92918266907695,85.711845,115.79603876336812,105.87933,114.88714158813573,110.66484,112.5547970557568
squeezed_Hưng Yên,2016-04-01,115.877625,118.86845889630287,108.69937,124.15829592163176,85.711845,112.28227146977721,105.87933,121.08193246796368,110.66484,109.91852532092287,94.94103,114.81520492630371
squeezed_Hưng Yên,2016-05-01,108.69937,122.27896123436186,85.711845,115.09305062366813,105.87933,117.95354211073087,110.66484,116.56661463414642,94.94103,113.86450757777224,108.87028,110.36141568374394
squeezed_Hưng Yên,2016-06-01,85.711845,111.05293932441457,105.87933,113.91844192271951,110.66484,113.96998853773167,94.94103,116.74204806787685,108.87028,111.47972057496841,94.85558,109.80794759543163
squeezed_Hưng Yên,2016-07-01,105.87933,113.13346717120686,110.66484,100.80834235069474,94.94103,111.34654408180864,108.87028,107.44541786801014,94.85558,100.52188299117542,84.96094,97.4116087840739
squeezed_Hưng Yên,2016-08-01,110.66484,105.55788855950837,94.94103,107.37168989011977,108.87028,109.60897990990003,94.85558,111.37689007884488,84.96094,92.82225653423929,85.367836,103.03611543353301
squeezed_Hưng Yên,2016-09-01,94.94103,110.91545946524654,108.87028,104.43540639824856,94.85558,104.99209746217143,84.96094,102.7611149698466,85.367836,103.55890077050508,111.73502,109.26911137047404
squeezed_Hưng Yên,2016-10-01,108.87028,104.42809133282466,94.85558,102.80010403746947,84.96094,95.81700831166428,85.367836,104.67372883744785,111.73502,111.7745096741246,103.84115,102.50861158015934
squeezed_Hưng Yên,2016-11-01,94.85558,108.72258976651669,84.96094,97.61468804815233,85.367836,104.78446317792461,111.73502,115.07194673098603,103.84115,108.42731828969468,95.54037,113.13460586636828
squeezed_Hưng Yên,2016-12-01,84.96094,116.17879802518662,85.367836,104.81227206282774,111.73502,111.71886359466836,103.84115,109.61674264179298,95.54037,112.59732011114929,104.08529,115.30645915888533
squeezed_Hưng Yên,2017-01-01,85.367836,101.83852239350867,111.73502,96.42229489638319,103.84115,110.47135110302864,95.54037,123.20967707247631,104.08529,119.14184953449843,86.751305,99.72367619753616
squeezed_Hưng Yên,2017-02-01,111.73502,98.11704793932606,103.84115,97.36020079442845,95.54037,120.01229358542791,104.08529,106.29611884471102,86.751305,102.89056027644824,108.23568,98.83490501953354
squeezed_Hưng Yên,2017-03-01,103.84115,107.7557720585797,95.54037,139.05382658213279,104.08529,104.9612000139397,86.751305,124.63875739866562,108.23568,103.52269453843999,104.00391,110.77253167594755
squeezed_Hưng Yên,2017-04-01,95.54037,110.01032539508614,104.08529,105.22604524599402,86.751305,109.71185301033825,108.23568,110.84914651908376,104.00391,119.6123065780624,100.504555,102.86072467752325
squeezed_Hưng Yên,2017-05-01,104.08529,113.39800374317394,86.751305,97.96264147233379,108.23568,96.7934269944002,104.00391,116.03546416770676,100.504555,102.19232254238537,96.92383,105.69632863222105
squeezed_Hưng Yên,2017-06-01,86.751305,99.95965729070781,108.23568,106.5968776502385,104.00391,107.96301361937898,100.504555,102.31720100444493,96.92383,122.2369202039506,107.25912,97.14095431603488
squeezed_Hưng Yên,2017-07-01,108.23568,105.48413112099608,104.00391,97.72364169187244,100.504555,93.271809571806,96.92383,103.02738288484431,107.25912,107.40450663689373,105.60206,89.2791097576076
squeezed_Hưng Yên,2017-08-01,104.00391,106.4343926027037,100.504555,98.85677176773704,96.92383,107.02779348732486,107.25912,101.80860978505436,105.60206,97.42157608577703,91.35544,97.3085463848463
squeezed_Hưng Yên,2017-09-01,100.504555,98.41280288549892,96.92383,102.39985919583337,107.25912,87.69308282390837,105.60206,97.80377566104038,91.35544,90.07384529571648,118.07791,104.37786515814471
squeezed_Hưng Yên,2017-10-01,96.92383,102.5997732228583,107.25912,94.15942175301078,105.60206,87.9779362866784,91.35544,95.34687069844375,118.07791,105.79862077611462,93.609146,97.15418888410674
squeezed_Hưng Yên,2017-11-01,107.25912,98.57483506891741,105.60206,88.61784601159461,91.35544,88.903072901749,118.07791,106.12926759740907,93.609146,95.44277544425957,95.701866,95.29602336514283
squeezed_Hưng Yên,2017-12-01,105.60206,98.72657234251317,91.35544,92.08230505370432,118.07791,102.38215537711392,93.609146,98.59319660965653,95.701866,93.81373379406271,93.367676,114.61507704641632
squeezed_Hải Dương,2016-01-01,121.51417,133.87317038722188,126.04995,161.0602905280887,116.19442,140.91866364631005,117.034386,144.20107015028364,108.80278,178.34359969483828,109.194756,139.84056640023502
squeezed_Hải Dương,2016-02-01,126.04995,149.1514345775088,116.19442,165.58351574901664,117.034386,145.4460393651764,108.80278,161.09974453761407,109.194756,134.45325850648462,106.2269,140.8716504495682
squeezed_Hải Dương,2016-03-01,116.19442,134.8097826325729,117.034386,138.63016200392556,108.80278,170.65536903679586,109.194756,133.11086442647093,106.2269,135.89025972098344,108.130806,133.97400324365188
squeezed_Hải Dương,2016-04-01,117.034386,133.89072973040035,108.80278,169.29380677681453,109.194756,126.69159292862808,106.2269,127.40689741359085,108.130806,131.6826793672953,104.155,126.65289937676172
squeezed_Hải Dương,2016-05-01,108.80278,197.4985368208701,109.194756,132.54822878632214,106.2269,131.4780069475396,108.130806,133.13410467876633,104.155,121.39513677829916,100.40318,126.97178327435002
squeezed_Hải Dương,2016-06-01,109.194756,122.46137793461628,106.2269,136.36951524554448,108.130806,131.00078965312835,104.155,122.50087075615852,100.40318,121.8890947114445,43.789898,118.50025871049425
squeezed_Hải Dương,2016-07-01,106.2269,129.20028462626945,108.130806,131.0754557520069,104.155,120.70384140918779,100.40318,123.7272033604235,43.789898,123.64502758656351,69.058685,112.48367307663811
squeezed_Hải Dương,2016-08-01,108.130806,128.8295948405229,104.155,122.66799247982085,100.40318,122.4345325003283,43.789898,116.45734780084688,69.058685,105.6196602039443,0.0,109.3726290989473
squeezed_Hải Dương,2016-09-01,104.155,112.27909712559419,100.40318,116.65503251208162,43.789898,111.11769315276771,69.058685,109.07323359362411,0.0,107.29702292066474,0.0,114.49741158046174
squeezed_Hải Dương,2016-10-01,100.40318,110.78609423342502,43.789898,118.88230741418322,69.058685,108.63272910224681,0.0,111.47559892412347,0.0,112.46748671148997,74.08408,113.42002263881278
squeezed_Hải Dương,2016-11-01,43.789898,110.18618976728281,69.058685,109.45563629846416,0.0,110.48064326667492,0.0,112.40627336542978,74.08408,109.81400991802346,0.0,114.03600122961691
squeezed_Hải Dương,2016-12-01,69.058685,91.52050675157993,0.0,82.66166779700517,0.0,102.54748522594369,74.08408,103.74393415423673,0.0,114.27694264780939,0.0,102.38532742519956
squeezed_Hải Dương,2017-01-01,0.0,84.91220510836808,0.0,99.83001214469162,74.08408,116.01791802844798,0.0,123.82848057561183,0.0,132.60541402707946,76.353615,113.05853303438191
squeezed_Hải Dương,2017-02-01,0.0,102.81482073870613,74.08408,91.86171021706839,0.0,125.29766566164787,0.0,121.40275983093962,76.353615,107.39666472895597,87.917435,85.57352765524269
squeezed_Hải Dương,2017-03-01,74.08408,92.34159680208265,0.0,101.20595172052703,0.0,97.89687399865106,76.353615,100.83199340333398,87.917435,80.95192292099128,0.0,75.22940814478324
squeezed_Hải Dương,2017-04-01,0.0,61.87468020470686,0.0,71.83986093382667,76.353615,72.81708938990062,87.917435,69.4921763428169,0.0,73.41832816935123,80.67654,70.11014124769723
squeezed_Hải Dương,2017-05-01,0.0,74.87355335802567,76.353615,63.469383564222824,87.917435,62.089686772433815,0.0,73.77425698177777,80.67654,56.88872718929531,75.21885,49.425562589968706
squeezed_Hải Dương,2017-06-01,76.353615,50.560322694627274,87.917435,54.82605852429834,0.0,46.48777931660684,80.67654,57.21097481983405,75.21885,40.49213063320383,83.86469,44.50048892578942
squeezed_Hải Dương,2017-07-01,87.917435,49.56914771039422,0.0,57.99305083086677,80.67654,62.1409242772356,75.21885,42.785510470753366,83.86469,51.058640191036375,72.00298,38.73856670496727
squeezed_Hải Dương,2017-08-01,0.0,68.97275694297,80.67654,76.59363765690041,75.21885,48.31060754308735,83.86469,46.51335046694295,72.00298,43.79630300004841,70.61831,43.93167446477596
squeezed_Hải Dương,2017-09-01,80.67654,81.47085567145994,75.21885,43.59089013880425,83.86469,49.170555230848365,72.00298,50.344464676787794,70.61831,40.31422008063775,0.0,47.43619165787002
squeezed_Hải Dương,2017-10-01,75.21885,51.43313225629064,83.86469,52.14373621966068,72.00298,52.84389737890893,70.61831,47.16812444015731,0.0,53.50472792540702,68.27502,54.80326290776825
squeezed_Hải Dương,2017-11-01,83.86469,57.48220390337108,72.00298,55.79712369882751,70.61831,53.08554687912048,0.0,54.14672540433051,68.27502,59.37408572241037,68.1685,60.99336395091481
squeezed_Hải Dương,2017-12-01,72.00298,65.94348808772342,70.61831,54.981745863213405,0.0,58.28350358027367,68.27502,69.94544206562897,68.1685,61.222859092749836,0.0,76.49421202368877
squeezed_Hải Phòng,2016-01-01,24.182148,35.43461690951893,28.018982,40.016322445888385,24.888933,37.69484604987966,25.39378,58.63512766470864,26.201534,42.01247580799153,27.009289,39.05371870054953
squeezed_Hải Phòng,2016-02-01,28.018982,50.263054887921705,24.888933,41.62262123490508,25.39378,35.329786878956135,26.201534,57.15202640834207,27.009289,34.202655224241184,28.877222,45.63322406447354
squeezed_Hải Phòng,2016-03-01,24.888933,33.53866725293353,25.39378,41.28102378768893,26.201534,44.9280500771219,27.009289,38.631766863538616,28.877222,83.98610672497624,31.9063,35.388033053288616
squeezed_Hải Phòng,2016-04-01,25.39378,36.081652210730525,26.201534,47.21436488605699,27.009289,32.41716767897108,28.877222,38.45248372778468,31.9063,34.62693656885774,18.527868,37.46396378047016
squeezed_Hải Phòng,2016-05-01,26.201534,32.617422362467636,27.009289,30.017916233169704,28.877222,72.30192204475135,31.9063,35.74351812266091,18.527868,31.152943141460007,17.417206,31.722236273226027
squeezed_Hải Phòng,2016-06-01,27.009289,33.689038994753616,28.877222,51.50586391523844,31.9063,28.49395457189038,18.527868,31.20109168904732,17.417206,23.529680325071972,22.718094,31.53095697225655
squeezed_Hải Phòng,2016-07-01,28.877222,73.42856118678972,31.9063,26.26151389426143,18.527868,31.65263792946781,17.417206,31.259450788816142,22.718094,25.295580977601954,0.0,29.47262165650991
squeezed_Hải Phòng,2016-08-01,31.9063,32.705244485550125,18.527868,28.868895751279837,17.417206,30.525113514215807,22.718094,29.324111368388685,0.0,25.794231086871008,0.0,28.65384462650538
squeezed_Hải Phòng,2016-09-01,18.527868,29.674336373851734,17.417206,28.48929531159831,22.718094,31.44567644783212,0.0,28.46608034711319,0.0,20.09334884223106,0.0,31.421930855429924
squeezed_Hải Phòng,2016-10-01,17.417206,26.359335739764038,22.718094,26.622087282690888,0.0,29.191610951942724,0.0,22.6055307309083,0.0,27.472964633148603,0.0,29.706161330673826
squeezed_Hải Phòng,2016-11-01,22.718094,28.039934930914605,0.0,23.263701585035115,0.0,25.155938256425134,0.0,27.27389255720518,0.0,30.93641020796434,0.0,30.36487631655587
squeezed_Hải Phòng,2016-12-01,0.0,25.44997640515449,0.0,22.497816395737573,0.0,26.463918121057734,0.0,28.16910071172179,0.0,28.450144852620344,0.0,40.405023997934684
squeezed_Hải Phòng,2017-01-01,0.0,38.13024280464118,0.0,22.504214475595823,0.0,29.060599084219266,0.0,45.66149764244799,0.0,46.9154047728403,0.0,30.62413852048147
squeezed_Hải Phòng,2017-02-01,0.0,19.131527961031836,0.0,28.579808747516164,0.0,25.797186562216694,0.0,34.790685127716394,0.0,37.773448893810574,0.0,27.741828914770146
squeezed_Hải Phòng,2017-03-01,0.0,19.64931636549541,0.0,25.91054428429593,0.0,24.171127796556178,0.0,23.448966818607474,0.0,31.359776992683333,0.0,33.82393221990939
squeezed_Hải Phòng,2017-04-01,0.0,17.708247966003356,0.0,29.35704536134609,0.0,19.491672835074432,0.0,23.337283129812796,0.0,31.89704410121388,0.0,25.242033740363993
squeezed_Hải Phòng,2017-05-01,0.0,20.772678418390385,0.0,18.720780541947413,0.0,19.099447379525046,0.0,22.80457877864498,0.0,30.582842722957192,0.0,21.45556491549742
squeezed_Hải Phòng,2017-06-01,0.0,17.797441335905468,0.0,19.960911352754778,0.0,18.52349747411274,0.0,18.581039977154408,0.0,22.339269073129362,0.0,22.261411496504742
squeezed_Hải Phòng,2017-07-01,0.0,14.120352500606508,0.0,16.626624414346875,0.0,17.636615989695958,0.0,20.67736773021173,0.0,15.74141363077146,0.0,15.93883238876171
squeezed_Hải Phòng,2017-08-01,0.0,13.339904736640195,0.0,14.666663349861743,0.0,16.04598125792907,0.0,15.885402713589585,0.0,15.669194938503152,0.0,15.150171344852996
squeezed_Hải Phòng,2017-09-01,0.0,12.4795986317214,0.0,13.936990541405455,0.0,15.596310831202961,0.0,13.050794328193557,0.0,14.31851064187296,0.0,16.548824319770173
squeezed_Hải Phòng,2017-10-01,0.0,12.30542308321868,0.0,13.820362141020457,0.0,24.410996910948256,0.0,13.499976269116408,0.0,13.427139960999758,0.0,18.777597771465924
squeezed_Hải Phòng,2017-11-01,0.0,14.124081503612134,0.0,26.946366641469275,0.0,26.009397783543193,0.0,15.105732491771684,0.0,14.925382018966825,0.0,16.53060800948635
squeezed_Hải Phòng,2017-12-01,0.0,23.509676402230557,0.0,15.688865794147993,0.0,16.709871334118816,0.0,28.59027456180037,0.0,12.961075665931988,0.0,19.017950392869725
squeezed_Khánh Hòa,2016-01-01,91.20119,103.05815340120995,100.67557,95.23723071616433,118.14137,106.51827732398891,111.13857,102.27278186912912,105.042015,103.17426384098384,125.14417,106.16351382705555
squeezed_Khánh Hòa,2016-02-01,100.67557,100.5919693849255,118.14137,117.4757104798659,111.13857,110.13590682036825,105.042015,104.61453372594292,125.14417,113.2783343213701,129.0987,116.006415112146
squeezed_Khánh Hòa,2016-03-01,118.14137,112.6687950903549,111.13857,103.79742654305475,105.042015,105.65645710131338,125.14417,111.07199966231367,129.0987,107.92259575766982,104.05338,110.83131873517917
squeezed_Khánh Hòa,2016-04-01,111.13857,118.66472565881031,105.042015,105.89315783056007,125.14417,107.26059755803162,129.0987,102.585347598786,104.05338,115.33976671883667,123.826004,108.35378727125682
squeezed_Khánh Hòa,2016-05-01,105.042015,108.97370012515611,125.14417,111.9892534302646,129.0987,109.94561454245273,104.05338,114.42464963540193,123.826004,110.02305578365635,133.95947,113.87744103904845
squeezed_Khánh Hòa,2016-06-01,125.14417,115.65355946121296,129.0987,132.48749786916704,104.05338,115.82328692706523,123.826004,116.98095126840424,133.95947,155.09244266892725,133.95947,109.28141009068739
squeezed_Khánh Hòa,2016-07-01,129.0987,118.32627453072678,104.05338,120.89319912781848,123.826004,123.72741992649682,133.95947,131.284765601728,133.95947,116.97108799809442,116.41865,109.03521156243951
squeezed_Khánh Hòa,2016-08-01,104.05338,125.86488456565493,123.826004,136.19250364241176,133.95947,141.5468133770253,133.95947,112.36102003821547,116.41865,105.28356495790281,147.24986,103.73609802959892
squeezed_Khánh Hòa,2016-09-01,123.826004,118.15301338265154,133.95947,168.50587107491847,133.95947,107.75365673956196,116.41865,98.03159562330484,147.24986,92.28054431747388,0.0,107.30590194887147
squeezed_Khánh Hòa,2016-10-01,133.95947,157.34710021410146,133.95947,113.49374789218483,116.41865,102.17470740662459,147.24986,95.92015588891503,0.0,97.0589037777271,0.0,111.23592474073038
squeezed_Khánh Hòa,2016-11-01,133.95947,120.42992459344342,116.41865,111.31422468964757,147.24986,100.37770116768536,0.0,104.0604564282735,0.0,111.02434216653683,123.90035,108.23458700628667
squeezed_Khánh Hòa,2016-12-01,116.41865,124.89641797225926,147.24986,104.339486206419,0.0,106.50919936716676,0.0,117.20934431243978,123.90035,113.79169259240605,0.0,110.64341948618136
squeezed_Khánh Hòa,2017-01-01,147.24986,109.74991489198524,0.0,105.85936897283113,0.0,110.3341852376233,123.90035,113.63648334495181,0.0,100.97312411102713,0.0,128.39163347590616
squeezed_Khánh Hòa,2017-02-01,0.0,127.52054374443986,0.0,132.10906598083062,123.90035,121.16555006363468,0.0,109.58023118587667,0.0,114.33037041326715,0.0,122.1354384468465
squeezed_Khánh Hòa,2017-03-01,0.0,133.71779187430377,123.90035,106.53900157235802,0.0,102.54298868031417,0.0,130.44309533166452,0.0,103.90140758048723,0.0,107.47691477904557
squeezed_Khánh Hòa,2017-04-01,123.90035,99.36259983204583,0.0,74.56128111729535,0.0,104.35322984366103,0.0,104.20265303256905,0.0,84.18853875136374,0.0,99.05513298798806
squeezed_Khánh Hòa,2017-05-01,0.0,92.28475434798597,0.0,105.55522041013086,0.0,113.94773797820659,0.0,97.9286262525444,0.0,111.39918765207781,0.0,93.6549285782509
squeezed_Khánh Hòa,2017-06-01,0.0,117.85286505853969,0.0,104.66271094962813,0.0,82.67206116150767,0.0,103.1408406111084,0.0,92.24024811848606,0.0,77.33510860024515
squeezed_Khánh Hòa,2017-07-01,0.0,90.47513177589101,0.0,73.83668242623662,0.0,85.70965356150786,0.0,89.4095966714571,0.0,67.9223057149751,158.35034,75.8527549436081
squeezed_Khánh Hòa,2017-08-01,0.0,51.28634329639778,0.0,55.49703958669301,0.0,67.42146829593035,0.0,97.11210128312095,158.35034,61.723285948337455,130.25725,68.35054457219424
squeezed_Khánh Hòa,2017-09-01,0.0,31.105520737983557,0.0,57.397150021999785,0.0,48.2555490747004,158.35034,86.49880357673567,130.25725,55.29225995477781,130.17558,39.67497943106369
squeezed_Khánh Hòa,2017-10-01,0.0,50.956552801145655,0.0,50.140735622879184,158.35034,57.31726929637027,130.25725,74.73512732180599,130.17558,28.307018619377278,121.437325,54.47258133839449
squeezed_Khánh Hòa,2017-11-01,0.0,37.19428097481937,158.35034,46.49810904257861,130.25725,52.28757671035365,130.17558,26.94053196584858,121.437325,37.72611024978197,0.0,30.569346019406378
squeezed_Khánh Hòa,2017-12-01,158.35034,37.5806624267504,130.25725,50.12849403864083,130.17558,18.484767761527944,121.437325,50.331912216069526,0.0,34.8311832676018,135.48387,35.05666028080526
squeezed_Kiên Giang,2016-01-01,11.087972,17.471862723566016,6.922947,14.232602476669793,6.810379,15.797561722132235,7.0355153,14.820251381410158,14.74644,16.45402762700812,11.425676,19.170215085224875
squeezed_Kiên Giang,2016-02-01,6.922947,14.335403097146934,6.810379,14.573305911026726,7.0355153,14.500602849905759,14.74644,16.306580360748224,11.425676,16.3792158047276,16.603817,21.389561608511524
squeezed_Kiên Giang,2016-03-01,6.810379,14.15706835969451,7.0355153,14.58197431032278,14.74644,14.199671454729735,11.425676,17.318780358690805,16.603817,18.170357324219868,17.054089,21.973226592947793
squeezed_Kiên Giang,2016-04-01,7.0355153,14.415887101878074,14.74644,15.401917317150208,11.425676,15.368615946574618,16.603817,16.55913438397715,17.054089,13.902708588345545,9.399448,18.38984230610132
squeezed_Kiên Giang,2016-05-01,14.74644,14.63326191864904,11.425676,16.707521867657142,16.603817,14.07761091864223,17.054089,35.32443855794704,9.399448,25.53684925932555,13.451905,17.979991671942923
squeezed_Kiên Giang,2016-06-01,11.425676,14.498112625931789,16.603817,17.155965758735853,17.054089,15.524189959741463,9.399448,41.09451633158075,13.451905,15.318275055136326,13.451905,16.411112261271715
squeezed_Kiên Giang,2016-07-01,16.603817,14.359374647188673,17.054089,15.12812090580719,9.399448,19.429092508537284,13.451905,14.977321122866774,13.451905,13.105203757449187,10.391733,17.58660568622609
squeezed_Kiên Giang,2016-08-01,17.054089,23.545120526640094,9.399448,15.31518853131089,13.451905,15.171642935860492,13.451905,15.657558491994719,10.391733,12.577876480823365,7.9981318,15.806486064874242
squeezed_Kiên Giang,2016-09-01,9.399448,20.344662944811923,13.451905,16.628943182392028,13.451905,17.2774607352996,10.391733,14.405543523524216,7.9981318,12.600417823604014,8.348415,15.45817209036573
squeezed_Kiên Giang,2016-10-01,13.451905,17.888532964583533,13.451905,15.392633301021815,10.391733,15.797561722132235,7.9981318,15.035926642456273,8.348415,14.596247021604045,7.8229904,17.931495338814244
squeezed_Kiên Giang,2016-11-01,13.451905,17.702943110084984,10.391733,14.564654998548908,7.9981318,14.253265271479776,8.348415,14.719221562793084,7.8229904,13.909756938234265,8.348415,17.381206497480992
squeezed_Kiên Giang,2016-12-01,10.391733,17.305127138125396,7.9981318,14.804473784426397,8.348415,15.797561722132235,7.8229904,14.511278862268368,8.348415,13.0164531910034,11.325822,18.534694457652062
squeezed_Kiên Giang,2017-01-01,7.9981318,15.14408036094214,8.348415,13.998348463389668,7.8229904,14.975908035991369,8.348415,12.86066961962775,11.325822,13.098673702249764,15.120556,17.695592128622955
squeezed_Kiên Giang,2017-02-01,8.348415,17.22106730487553,7.8229904,14.979465612321496,8.348415,15.227004763797149,11.325822,13.031438692805711,15.120556,12.832722454054654,13.135618,17.1798399937226
squeezed_Kiên Giang,2017-03-01,7.8229904,13.732664398897368,8.348415,22.236329050789294,11.325822,14.428048994424211,15.120556,14.444093411399328,13.135618,12.804702863689684,14.770272,18.599968707297627
squeezed_Kiên Giang,2017-04-01,8.348415,13.965796258941037,11.325822,15.515668024515977,15.120556,15.636402308146927,13.135618,18.848824322977457,14.770272,10.861128118007562,10.742017,17.695096037541465
squeezed_Kiên Giang,2017-05-01,11.325822,16.620856902153488,15.120556,14.462933920648362,13.135618,17.762348946827334,14.770272,15.299843875524045,10.742017,15.059407176849318,11.267441,15.720569678886104
squeezed_Kiên Giang,2017-06-01,15.120556,14.898027044220761,13.135618,16.600480893307985,14.770272,15.848336997301214,10.742017,15.56190072162224,11.267441,11.698885015242686,13.427521,17.203438162118328
squeezed_Kiên Giang,2017-07-01,13.135618,21.586887532027088,14.770272,16.21918937069539,10.742017,15.547235699989058,11.267441,16.980277570157973,13.427521,12.855450942609624,8.497759,16.95069103751713
squeezed_Kiên Giang,2017-08-01,14.770272,15.515382247491413,10.742017,16.9679812215917,11.267441,16.8520011410815,13.427521,16.162291954534307,8.497759,12.752044061076484,6.3442173,15.446824838825714
squeezed_Kiên Giang,2017-09-01,10.742017,18.113809368472616,11.267441,17.657144764794264,13.427521,16.946488624191925,8.497759,15.556045895740498,6.3442173,12.095657253661651,9.370816,18.544095705093582
squeezed_Kiên Giang,2017-10-01,11.267441,18.786344368487903,13.427521,16.09338334335021,8.497759,16.65447277915157,6.3442173,13.898328725523967,9.370816,18.590630815569487,5.9367905,18.700234837590727
squeezed_Kiên Giang,2017-11-01,13.427521,18.553212508444233,8.497759,17.14451562986095,6.3442173,15.662831312012212,9.370816,15.496905714829165,5.9367905,17.22460558451535,4.830918,18.7187790998498
squeezed_Kiên Giang,2017-12-01,8.497759,17.705041556414372,6.3442173,15.519983490937783,9.370816,16.554760357194528,5.9367905,17.240059550358843,4.830918,14.265852008044616,3.8996565,18.278478501591543
squeezed_Kon Tum,2016-01-01,184.52147,233.91966514918198,242.6152,260.2595202796334,156.36078,270.3489919476827,193.974,260.5627424680009,172.90273,277.20422443356875,169.75188,274.0408381096803
squeezed_Kon Tum,2016-02-01,242.6152,217.46815681298426,156.36078,231.7373387156403,193.974,247.39019337208833,172.90273,251.26080530830427,169.75188,261.94291307665617,207.75896,269.4594010270778
squeezed_Kon Tum,2016-03-01,156.36078,231.72833151587517,193.974,245.0705885239962,172.90273,265.7589122876004,169.75188,296.23409608106016,207.75896,319.3553926888557,244.7814,286.2963044131674
squeezed_Kon Tum,2016-04-01,193.974,202.6748330432805,172.90273,231.75781934777172,169.75188,370.08528994811303,207.75896,328.2608926212123,244.7814,271.37421400391526,218.39307,296.46984007153515
squeezed_Kon Tum,2016-05-01,172.90273,226.47300574224204,169.75188,224.7775997972726,207.75896,378.3885681172408,244.7814,292.24485418681263,218.39307,292.2627089668495,220.16542,272.00495200626676
squeezed_Kon Tum,2016-06-01,169.75188,226.99733555828016,207.75896,260.3099567629184,244.7814,289.3870356233505,218.39307,277.961890695068,220.16542,279.9052504397682,56.32139,267.41306980832695
squeezed_Kon Tum,2016-07-01,207.75896,222.42632193331858,244.7814,246.57917780841672,218.39307,275.34342655376986,220.16542,255.70127683535293,56.32139,219.410606693133,153.6243,243.31043797644935
squeezed_Kon Tum,2016-08-01,244.7814,249.2233077533621,218.39307,242.86812768665513,220.16542,230.97547041616744,56.32139,207.03687747251692,153.6243,217.9885996397776,130.16728,228.36676058814086
squeezed_Kon Tum,2016-09-01,218.39307,244.91042891497457,220.16542,225.7160669186002,56.32139,225.82697103027164,153.6243,185.03791843469307,130.16728,210.5918018736255,146.89482,237.8985998478741
squeezed_Kon Tum,2016-10-01,220.16542,221.40415359837007,56.32139,212.68522660857013,153.6243,205.77018438811723,130.16728,214.58110086833142,146.89482,230.3499557928439,149.39435,231.05372701720015
squeezed_Kon Tum,2016-11-01,56.32139,210.2791429948311,153.6243,196.5812643793106,130.16728,210.34103001166056,146.89482,224.64417602427898,149.39435,204.46268679473124,133.2436,213.3819659510998
squeezed_Kon Tum,2016-12-01,153.6243,148.4631832525656,130.16728,183.63570873464414,146.89482,215.6433724665634,149.39435,178.01854642239255,133.2436,179.62429265312522,166.31416,214.98892830338042
squeezed_Kon Tum,2017-01-01,130.16728,161.49218816922988,146.89482,189.0273003059746,149.39435,176.16665896386718,133.2436,197.4966827509925,166.31416,217.01589155389877,171.3132,275.5430732693494
squeezed_Kon Tum,2017-02-01,146.89482,170.97832587262099,149.39435,161.0020735410604,133.2436,184.15781664876977,166.31416,176.0219041130856,171.3132,230.13786588859432,172.46683,277.559207396747
squeezed_Kon Tum,2017-03-01,149.39435,175.0383810062741,133.2436,187.22981390336702,166.31416,191.61509858574186,171.3132,223.7356558070934,172.46683,235.78879472713945,230.91713,287.70203001589937
squeezed_Kon Tum,2017-04-01,133.2436,175.51684331933578,166.31416,213.47620657450034,171.3132,232.26447458965472,172.46683,254.0031213990199,230.91713,291.29088748725053,218.6118,249.24935515859528
squeezed_Kon Tum,2017-05-01,166.31416,174.93107179790093,171.3132,210.46947034375282,172.46683,234.88545344335444,230.91713,258.96516965642354,218.6118,207.84674208904877,181.50356,229.33477906971237
squeezed_Kon Tum,2017-06-01,171.3132,174.27870601712576,172.46683,224.3205487019236,230.91713,226.78959598318266,218.6118,204.8430436153242,181.50356,184.88990327911978,181.69583,193.9786288266085
squeezed_Kon Tum,2017-07-01,172.46683,200.6867834333501,230.91713,216.48207797243307,218.6118,224.4204238465396,181.50356,191.21015301224472,181.69583,163.57961550106583,0.0,194.7447114934375
squeezed_Kon Tum,2017-08-01,230.91713,195.2239207458993,218.6118,209.74078393262252,181.50356,193.65707499061946,181.69583,168.7320341765977,0.0,172.0688762828138,0.0,176.13438704474527
squeezed_Kon Tum,2017-09-01,218.6118,205.58449084317138,181.50356,194.01112046248457,181.69583,184.29474244422474,0.0,153.30773093168287,0.0,163.86010596231228,0.0,202.43020852089091
squeezed_Kon Tum,2017-10-01,181.50356,192.6762185214956,181.69583,175.13347395298607,0.0,185.2043623350444,0.0,171.19464189254745,0.0,176.65894290691887,0.0,181.05859505789044
squeezed_Kon Tum,2017-11-01,181.69583,176.10012192341836,0.0,156.9171772115202,0.0,171.11614088715632,0.0,173.7337310292982,0.0,162.1802941995014,0.0,218.7945636992793
squeezed_Kon Tum,2017-12-01,0.0,166.19551758196167,0.0,159.49201732998907,0.0,191.3364170785787,0.0,180.41927922644882,0.0,176.47527040759192,0.0,232.41972341734814
squeezed_Lai Châu,2016-01-01,278.89908,286.5673313839805,342.66055,301.9773602270105,309.63303,288.0285516292979,234.86238,296.9628719148582,254.81651,301.1358432356039,231.42201,346.00755415388664
squeezed_Lai Châu,2016-02-01,342.66055,286.2323916829254,309.63303,284.3957965022849,234.86238,315.62295955624563,254.81651,298.1971182747178,231.42201,333.1997410844725,303.66974,378.22035448729946
squeezed_Lai Châu,2016-03-01,309.63303,313.125479993814,234.86238,299.6928110146815,254.81651,294.2290032431413,231.42201,328.37948356335465,303.66974,359.6344081267802,291.97247,404.5866144565676
squeezed_Lai Châu,2016-04-01,234.86238,302.2764252405099,254.81651,309.3108489629032,231.42201,360.1869856472652,303.66974,415.0507415383188,291.97247,424.8743180978174,263.76147,393.04220414476174
squeezed_Lai Châu,2016-05-01,254.81651,290.3099471506651,231.42201,287.7269258391381,303.66974,372.994857525564,291.97247,427.0404943252499,263.76147,380.328685745233,285.09174,338.06454484600977
squeezed_Lai Châu,2016-06-01,231.42201,310.2658150219061,303.66974,397.4854231456888,291.97247,442.4807578335379,263.76147,437.52824145575636,285.09174,338.1171073750338,229.12843,336.8175367036014
squeezed_Lai Châu,2016-07-01,303.66974,391.8707339881297,291.97247,398.8202096944873,263.76147,430.66602159475326,285.09174,367.15692748913335,229.12843,302.43571896901244,157.25534,267.12786945423164
squeezed_Lai Châu,2016-08-01,291.97247,408.712383260183,263.76147,382.1392436377869,285.09174,352.1381666591468,229.12843,322.4420239774499,157.25534,280.3413788759257,0.0,250.77609989960186
squeezed_Lai Châu,2016-09-01,263.76147,320.4962480593622,285.09174,357.4020020199363,229.12843,330.06744056970655,157.25534,262.5268086758082,0.0,269.85891692913634,247.01912,264.2846811587372
squeezed_Lai Châu,2016-10-01,285.09174,283.8877134475898,229.12843,304.508699881625,157.25534,262.7274545537044,0.0,269.30989062603777,247.01912,269.71263092002806,182.67717,260.0064701003985
squeezed_Lai Châu,2016-11-01,229.12843,317.70548833349005,157.25534,273.27072295540324,0.0,261.0560622575564,247.01912,266.9863745724922,182.67717,248.16994345507334,197.97525,239.73190884267447
squeezed_Lai Châu,2016-12-01,157.25534,222.1007080104177,0.0,227.38155258467836,247.01912,281.5300518143289,182.67717,251.63418732599035,197.97525,255.21465422152158,205.39932,263.01333288984165
squeezed_Lai Châu,2017-01-01,0.0,221.45045859585608,247.01912,255.90193709021014,182.67717,266.82052454283934,197.97525,265.9431220686484,205.39932,260.04302868749926,263.44208,231.9565371190222
squeezed_Lai Châu,2017-02-01,247.01912,229.62967790547464,182.67717,229.0993703331766,197.97525,259.6734999594754,205.39932,294.3206509238418,263.44208,217.88814207408123,0.0,275.85639372409514
squeezed_Lai Châu,2017-03-01,182.67717,226.5753420175369,197.97525,266.5904408943039,205.39932,267.6699389896135,263.44208,231.17650126632165,0.0,270.48712052844775,383.57706,266.19952583138576
squeezed_Lai Châu,2017-04-01,197.97525,225.2583556727515,205.39932,247.9756714060166,263.44208,223.26210556846414,0.0,265.20280130780264,383.57706,272.85295854477266,266.3667,264.4846880529517
squeezed_Lai Châu,2017-05-01,205.39932,219.40181117595776,263.44208,210.72683848612044,0.0,254.37689301402895,383.57706,287.0664572445672,266.3667,264.7099298478863,257.5928,240.9616517117457
squeezed_Lai Châu,2017-06-01,263.44208,221.21304132222875,0.0,254.6378119989092,383.57706,278.77497445199634,266.3667,265.75450536340577,257.5928,233.96102379397084,217.09787,199.72931433392893
squeezed_Lai Châu,2017-07-01,0.0,277.45301271757853,383.57706,287.8505866588977,266.3667,283.53168129863695,257.5928,256.2115891024854,217.09787,223.8856175155317,216.5858,193.17046845433916
squeezed_Lai Châu,2017-08-01,383.57706,279.26794991872333,266.3667,276.08984952535513,257.5928,236.61446621164762,217.09787,208.51341082784467,216.5858,191.92903631977993,203.573,173.09234511670746
squeezed_Lai Châu,2017-09-01,266.3667,310.5912886633008,257.5928,247.5485743608898,217.09787,214.39870015805676,216.5858,156.77479488074192,203.573,181.29707459904873,189.01633,209.05449140320846
squeezed_Lai Châu,2017-10-01,257.5928,258.48570961947803,217.09787,239.93395548357418,216.5858,181.27699606351993,203.573,173.32394565027397,189.01633,217.73015924274125,166.07852,182.2845041788694
squeezed_Lai Châu,2017-11-01,217.09787,227.24607049844286,216.5858,194.07101112969173,203.573,200.79389156801028,189.01633,218.73112320642062,166.07852,181.9100180123702,184.1641,207.60125438315546
squeezed_Lai Châu,2017-12-01,216.5858,171.80083705384627,203.573,189.88453382859132,189.01633,218.1588821980629,166.07852,192.9190983585245,184.1641,192.52342562598477,147.77238,195.2692817453416
squeezed_Long An,2016-01-01,140.21199,138.17142879693594,172.01128,143.8331511519195,148.66496,149.72223339925625,132.29572,133.76035832655108,132.29572,135.05461339018674,135.65007,132.91617968055687
squeezed_Long An,2016-02-01,172.01128,149.96134450372634,148.66496,139.6226298665194,132.29572,127.20470181510642,132.29572,140.78087674761497,135.65007,135.98212757810057,131.69194,140.80588074088743
squeezed_Long An,2016-03-01,148.66496,156.9299395163471,132.29572,139.88790339780797,132.29572,140.54005591665057,135.65007,150.19445372379943,131.69194,136.57717718703142,161.27734,153.15241590095275
squeezed_Long An,2016-04-01,132.29572,140.66887014420814,132.29572,139.54441083352242,135.65007,149.4394653932133,131.69194,161.33822642356515,161.27734,154.20302428470401,178.51872,161.51871658812706
squeezed_Long An,2016-05-01,132.29572,140.11877597941637,135.65007,143.21577808436103,131.69194,152.24321978185927,161.27734,148.60625693963308,178.51872,166.92704012725196,155.7762,148.43662414502418
squeezed_Long An,2016-06-01,135.65007,147.6494422538422,131.69194,141.65265125361373,161.27734,145.83333081417757,178.51872,160.7306157264299,155.7762,160.79946035489283,67.690865,156.1606124234291
squeezed_Long An,2016-07-01,131.69194,148.83257376466193,161.27734,142.08898029893908,178.51872,142.88435247822085,155.7762,157.13640204533763,67.690865,150.16242027189392,135.35463,144.45217212293616
squeezed_Long An,2016-08-01,161.27734,137.41631412267728,178.51872,146.63204730739304,155.7762,145.03491721686524,67.690865,142.96027452503452,135.35463,144.37081755815143,144.73921,146.54746329568914
squeezed_Long An,2016-09-01,178.51872,147.48292070668938,155.7762,156.35891227123437,67.690865,152.44716991124514,135.35463,146.8703199853718,144.73921,141.39485059068545,167.0577,153.2955703640878
squeezed_Long An,2016-10-01,155.7762,168.83813215787316,67.690865,143.5684467140324,135.35463,148.20033217927556,144.73921,157.5122084756985,167.0577,146.582551005395,121.51838,160.87503620772975
squeezed_Long An,2016-11-01,67.690865,150.96328093669945,135.35463,153.80981428640266,144.73921,149.9183572522394,167.0577,153.41343435910795,121.51838,150.80033958672416,120.97696,148.4910639944462
squeezed_Long An,2016-12-01,135.35463,124.31672859222274,144.73921,119.01318315141651,167.0577,149.17329764485453,121.51838,143.53447606363196,120.97696,137.1339277461216,137.27968,137.67860535000796
squeezed_Long An,2017-01-01,144.73921,130.64713237211467,167.0577,145.52902158395048,121.51838,144.78643907295597,120.97696,137.3744589615346,137.27968,130.05269440884507,108.644646,152.51381870446355
squeezed_Long An,2017-02-01,167.0577,149.79127078404167,121.51838,145.94999515196923,120.97696,135.12029128270905,137.27968,142.57873694079785,108.644646,137.2362180367436,110.20875,157.2756161813317
squeezed_Long An,2017-03-01,121.51838,150.66986686775044,120.97696,143.8231541053045,137.27968,143.43598041362247,108.644646,173.62265684322008,110.20875,137.329003812694,121.93948,162.2660769404631
squeezed_Long An,2017-04-01,120.97696,132.9738659942404,137.27968,141.4135144961472,108.644646,137.1693061392913,110.20875,160.00158213245427,121.93948,150.1435920145981,121.75901,163.75112712650198
squeezed_Long An,2017-05-01,137.27968,134.24888546664533,108.644646,142.46027222542307,110.20875,160.1055478785967,121.93948,142.59021347718397,121.75901,139.3995486535971,136.79842,144.41155275829766
squeezed_Long An,2017-06-01,108.644646,143.05023531810502,110.20875,149.5633674887925,121.93948,145.83014467840735,121.75901,149.7508430564526,136.79842,140.45050791694487,124.34579,139.34217795692584
squeezed_Long An,2017-07-01,110.20875,142.48811857880534,121.93948,146.62079262130962,121.75901,138.25308081233345,136.79842,129.4055461905343,124.34579,132.77631389265827,119.12562,136.5624230507782
squeezed_Long An,2017-08-01,121.93948,127.82191287679225,121.75901,148.8077464457522,136.79842,121.90109190264673,124.34579,117.9600606293428,119.12562,122.1041859846386,108.463875,123.18114406901091
squeezed_Long An,2017-09-01,121.75901,142.8272134054562,136.79842,143.95370788991394,124.34579,125.01032027965107,119.12562,116.66672962455331,108.463875,120.19546050309681,109.65513,125.9759063568502
squeezed_Long An,2017-10-01,136.79842,125.09367522610526,124.34579,126.45460579815624,119.12562,127.62655318801382,108.463875,122.33935150034414,109.65513,126.8263857086583,108.046936,122.6062382109141
squeezed_Long An,2017-11-01,124.34579,139.71866823403832,119.12562,133.32059924823733,108.463875,126.70635607321817,109.65513,134.65873819713318,108.046936,129.77825629792994,97.74257,119.45019138262526
squeezed_Long An,2017-12-01,119.12562,124.09371628060693,108.463875,126.67245441470588,109.65513,132.58360006132875,108.046936,123.15305415806229,97.74257,118.83715063612878,89.0464,120.77407238446253
squeezed_Lào Cai,2016-01-01,263.3348,328.69650780056065,246.9677,308.1556930651881,290.51587,365.23608401739716,279.4096,358.618146712401,287.3009,328.51426044899716,246.9677,533.3718927812531
squeezed_Lào Cai,2016-02-01,246.9677,296.78260981393197,290.51587,320.58954371950483,279.4096,417.9425038673191,287.3009,331.9743878339044,246.9677,368.43728858188217,172.00058,369.6304413752311
squeezed_Lào Cai,2016-03-01,290.51587,282.5545240072946,279.4096,329.20997936479426,287.3009,367.56490346662804,246.9677,414.1675156415587,172.00058,364.402956716451,226.07043,365.0401619445032
squeezed_Lào Cai,2016-04-01,279.4096,365.1722116749942,287.3009,366.8648402652025,246.9677,396.3279010449891,172.00058,394.14638631044585,226.07043,387.0145233391586,287.7393,379.84000860396907
squeezed_Lào Cai,2016-05-01,287.3009,325.2607907935808,246.9677,424.6625283316353,172.00058,390.6301550587995,226.07043,445.66296759092614,287.7393,408.83244473534245,269.03406,388.48164230998077
squeezed_Lào Cai,2016-06-01,246.9677,346.93766870321775,172.00058,364.20849382893897,226.07043,350.39831474807454,287.7393,390.89912665757686,269.03406,388.0611778002518,238.63803,330.413366859674
squeezed_Lào Cai,2016-07-01,172.00058,385.7848516655636,226.07043,378.68514223636794,287.7393,353.319738811535,269.03406,377.0280047706532,238.63803,320.3767374255863,161.30399,301.6987320576056
squeezed_Lào Cai,2016-08-01,226.07043,385.9554702741069,287.7393,355.45527225180297,269.03406,365.3532176491783,238.63803,294.2943782689057,161.30399,303.00500205847186,0.0,272.613391558097
squeezed_Lào Cai,2016-09-01,287.7393,317.91855304382005,269.03406,302.06528120112154,238.63803,290.90205425534884,161.30399,277.29746320928035,0.0,245.9587299739519,0.0,274.3710321280609
squeezed_Lào Cai,2016-10-01,269.03406,338.2524250357221,238.63803,309.2838724360558,161.30399,264.4008398183058,0.0,274.92564254163733,0.0,262.96337948689165,0.0,323.38550456277835
squeezed_Lào Cai,2016-11-01,238.63803,273.1476305207352,161.30399,305.78602286169297,0.0,263.0903999999946,0.0,263.3965241361932,0.0,280.18299510257805,165.53767,353.03463199721415
squeezed_Lào Cai,2016-12-01,161.30399,233.16456249915444,0.0,262.06465388009343,0.0,258.26535590535497,0.0,343.6164172183058,165.53767,290.81755964125534,146.62715,313.2623969464919
squeezed_Lào Cai,2017-01-01,0.0,235.08526802846288,0.0,267.4747821041066,0.0,273.8174056422203,165.53767,351.6279281949942,146.62715,281.7103732372412,147.89726,253.34534082712642
squeezed_Lào Cai,2017-02-01,0.0,253.76004389034156,0.0,265.6692898476022,165.53767,263.850605709114,146.62715,323.835052028475,147.89726,302.40190124413266,172.59384,262.1875375818823
squeezed_Lào Cai,2017-03-01,0.0,256.4320589711698,165.53767,226.56574496110932,146.62715,252.00650924067608,147.89726,281.4557510579736,172.59384,294.5298741738433,206.1812,219.2708169899886
squeezed_Lào Cai,2017-04-01,165.53767,210.0550750759504,146.62715,204.59867601621272,147.89726,232.50194090208896,172.59384,263.87171731996517,206.1812,189.10816478303312,229.04318,224.94677722560488
squeezed_Lào Cai,2017-05-01,146.62715,194.01259993429647,147.89726,212.89961743570274,172.59384,248.4956087247502,206.1812,198.95713933249002,229.04318,236.21746167647413,180.21451,193.47062171196617
squeezed_Lào Cai,2017-06-01,147.89726,225.59818689013332,172.59384,205.1880619791922,206.1812,186.88219673772124,229.04318,207.59967558101496,180.21451,189.11082678819267,0.0,157.34529975820396
squeezed_Lào Cai,2017-07-01,172.59384,237.87559632795765,206.1812,226.06319972183098,229.04318,214.06526927463338,180.21451,211.82150260978887,0.0,199.99300934291406,148.30743,138.0209066575072
squeezed_Lào Cai,2017-08-01,206.1812,227.40957331003446,229.04318,243.48732965284174,180.21451,208.37274432124983,0.0,182.2656947654493,148.30743,172.02571942137538,142.48058,129.93542532222887
squeezed_Lào Cai,2017-09-01,229.04318,206.2966089011572,180.21451,205.83142980969467,0.0,190.94003707328486,148.30743,161.8788999549974,142.48058,134.73247646925242,130.5494,120.0965121585935
squeezed_Lào Cai,2017-10-01,180.21451,214.15417627840645,0.0,184.75305621884476,148.30743,183.43846435583782,142.48058,173.3420351284996,130.5494,163.3374867690331,145.67148,178.12306318135882
squeezed_Lào Cai,2017-11-01,0.0,197.54472857659292,148.30743,226.2025291582856,142.48058,153.31824082725436,130.5494,184.93931115031194,145.67148,153.07525581966917,158.85127,190.16074326579525
squeezed_Lào Cai,2017-12-01,148.30743,192.42041486067964,142.48058,112.040192237703,130.5494,120.08732795411582,145.67148,144.35110614479387,158.85127,171.79733410823752,123.05772,171.76175279824938
squeezed_Lâm Đồng,2016-01-01,37.49418,50.36402761336036,54.494644,48.07157841148212,58.764168,48.99636221689342,69.39916,48.592568961861396,50.14749,49.33548577352411,45.334576,57.21441364626941
squeezed_Lâm Đồng,2016-02-01,54.494644,49.07827609551177,58.764168,44.375901064612044,69.39916,45.256035416032546,50.14749,46.495562690985025,45.334576,46.05888340396059,45.800343,63.059187132238485
squeezed_Lâm Đồng,2016-03-01,58.764168,45.45728495316117,69.39916,48.22168908361142,50.14749,48.77374207129538,45.334576,49.515489083763775,45.800343,61.88075349468211,51.544792,53.865836559802574
squeezed_Lâm Đồng,2016-04-01,69.39916,52.125660319104206,50.14749,48.97962340517816,45.334576,49.396947641697054,45.800343,55.332197415663316,51.544792,57.02780348496987,102.23568,60.55564362671573
squeezed_Lâm Đồng,2016-05-01,50.14749,57.731579870200136,45.334576,58.88685839762191,45.800343,68.38380009863883,51.544792,62.18014212882145,102.23568,62.30409011741745,104.02112,60.6726237930539
squeezed_Lâm Đồng,2016-06-01,45.334576,56.19884000786028,45.800343,59.971994290734806,51.544792,54.94973210770405,102.23568,59.00771117407512,104.02112,55.73395612237688,104.02112,54.86888858882251
squeezed_Lâm Đồng,2016-07-01,45.800343,52.28518598640036,51.544792,53.134288450400085,102.23568,56.19103430974084,104.02112,54.425277892779384,104.02112,50.377612387143024,73.59713,54.01361364196612
squeezed_Lâm Đồng,2016-08-01,51.544792,53.24345735058256,102.23568,52.27362501377901,104.02112,52.669762571760145,104.02112,50.58247369634157,73.59713,47.705233807157974,83.196754,52.91382419579333
squeezed_Lâm Đồng,2016-09-01,102.23568,51.74072711801793,104.02112,50.28586689214801,104.02112,51.06591549634948,73.59713,45.05004938088365,83.196754,46.480277615676044,116.834465,51.333993213996486
squeezed_Lâm Đồng,2016-10-01,104.02112,66.34247001735221,104.02112,65.69455542270916,73.59713,55.334056516653085,83.196754,56.94108493808762,116.834465,58.38261543077176,53.38328,65.19625932446922
squeezed_Lâm Đồng,2016-11-01,104.02112,78.2111354036338,73.59713,67.10402819108185,83.196754,65.0234755733286,116.834465,61.630883231233355,53.38328,65.60981685740236,76.953094,69.64069241552595
squeezed_Lâm Đồng,2016-12-01,73.59713,81.12039357485669,83.196754,82.24795614672263,116.834465,66.02795064131317,53.38328,70.01662299558461,76.953094,68.08801610107602,93.654884,73.85280438737446
squeezed_Lâm Đồng,2017-01-01,83.196754,74.81382867870607,116.834465,73.0103291100928,53.38328,77.87474527542484,76.953094,72.8972202574131,93.654884,74.07501580740919,128.69742,75.06838783382695
squeezed_Lâm Đồng,2017-02-01,116.834465,75.47941704865282,53.38328,73.81019275525459,76.953094,76.89841498961175,93.654884,73.12705593906708,128.69742,77.68765967039245,97.869354,76.7793085218399
squeezed_Lâm Đồng,2017-03-01,53.38328,85.79649381579671,76.953094,83.80401013520932,93.654884,83.07798680411788,128.69742,84.42771794722198,97.869354,82.90011632951433,132.7558,89.04532529721448
squeezed_Lâm Đồng,2017-04-01,76.953094,78.02486999580066,93.654884,65.55818616596737,128.69742,75.2500610881028,97.869354,78.7105746068255,132.7558,87.24251829700496,147.19426,86.09198463391814
squeezed_Lâm Đồng,2017-05-01,93.654884,65.56547850863465,128.69742,71.60254723305061,97.869354,80.46299479504519,132.7558,83.01670049009277,147.19426,86.98459139938613,92.17201,86.04807016111407
squeezed_Lâm Đồng,2017-06-01,128.69742,78.24289895460734,97.869354,85.08499297746835,132.7558,88.23690000852292,147.19426,89.50411336712676,92.17201,86.9727049615151,80.855385,85.10396823930317
squeezed_Lâm Đồng,2017-07-01,97.869354,91.87509301533555,132.7558,96.19984028545743,147.19426,105.52505232867857,92.17201,98.4194152397954,80.855385,91.08816497474203,14.945021,93.47740297613888
squeezed_Lâm Đồng,2017-08-01,132.7558,99.73954655535165,147.19426,98.93085321971522,92.17201,95.58912250623754,80.855385,91.29153040507434,14.945021,96.28261295178194,67.52362,88.59018605469146
squeezed_Lâm Đồng,2017-09-01,147.19426,117.86844302816351,92.17201,108.74649331210613,80.855385,103.2056357827441,14.945021,94.22061239616352,67.52362,87.73874486505288,100.66595,99.38267013523794
squeezed_Lâm Đồng,2017-10-01,92.17201,130.55450093244318,80.855385,111.72808893229247,14.945021,99.09347836385147,67.52362,101.5330541767729,100.66595,108.75456678429849,78.442,102.85585209466979
squeezed_Lâm Đồng,2017-11-01,80.855385,100.22323663390681,14.945021,96.51312202307179,67.52362,94.83761109335363,100.66595,97.79730016383382,78.442,98.4077023591345,81.77172,92.94212298846124
squeezed_Lâm Đồng,2017-12-01,14.945021,85.89453787012926,67.52362,85.0515886151167,100.66595,99.87686740361087,78.442,93.65056602590755,81.77172,86.0238487923931,76.66099,95.7707645634214
squeezed_Lạng Sơn,2016-01-01,106.803696,161.18086956236434,171.84857,170.50221352593618,161.96175,172.43039482023534,167.29544,188.5570408871981,100.819565,195.59546515195905,100.039024,180.293157224624
squeezed_Lạng Sơn,2016-02-01,171.84857,165.2874229895536,161.96175,160.32078818327625,167.29544,168.8891945144635,100.819565,174.03676464739345,100.039024,159.48394346748037,155.19708,183.2939133759316
squeezed_Lạng Sơn,2016-03-01,161.96175,181.85611401313443,167.29544,192.9169351821572,100.819565,179.89736745554964,100.039024,178.98620591780113,155.19708,177.7469726606947,166.90517,178.51633639867492
squeezed_Lạng Sơn,2016-04-01,167.29544,197.74293378473533,100.819565,190.3204169853877,100.039024,199.38957006760447,155.19708,178.36521870187673,166.90517,170.62089972758966,156.75816,181.0244492886995
squeezed_Lạng Sơn,2016-05-01,100.819565,192.60635578184323,100.039024,173.64912643741525,155.19708,179.3530295620456,166.90517,175.18565934392473,156.75816,175.02952474502632,116.69051,161.66445414433576
squeezed_Lạng Sơn,2016-06-01,100.039024,144.8141758081483,155.19708,173.40910404819937,166.90517,153.57795347413298,156.75816,154.81799393745948,116.69051,145.45352019529386,12.878886,150.52592911840222
squeezed_Lạng Sơn,2016-07-01,155.19708,141.03369513261248,166.90517,164.0841403564138,156.75816,143.51199918338637,116.69051,164.66622577976034,12.878886,135.19500688640449,80.0052,126.85346979549422
squeezed_Lạng Sơn,2016-08-01,166.90517,173.606854498805,156.75816,163.32255920198537,116.69051,146.10064915057336,12.878886,140.76191341706763,80.0052,129.529341065365,132.0411,150.04964103412757
squeezed_Lạng Sơn,2016-09-01,156.75816,158.66276872702312,116.69051,169.61785704339317,12.878886,148.9334951799345,80.0052,142.41118153827543,132.0411,121.98973032160255,116.9507,147.106611525727
squeezed_Lạng Sơn,2016-10-01,116.69051,150.63355719399559,12.878886,146.06549420996356,80.0052,132.7337919642032,132.0411,151.68989775263188,116.9507,143.026892892984,135.03317,156.0595361731168
squeezed_Lạng Sơn,2016-11-01,12.878886,133.48541064253882,80.0052,119.58190001116002,132.0411,131.8036072634587,116.9507,138.51548033577066,135.03317,138.6333237167964,156.10771,163.3725408256271
squeezed_Lạng Sơn,2016-12-01,80.0052,105.04448882410229,132.0411,102.90905512957276,116.9507,128.9929527906095,135.03317,121.05787908957221,156.10771,129.55811946093988,143.6191,141.8252547463851
squeezed_Lạng Sơn,2017-01-01,132.0411,98.20868376620534,116.9507,121.16676167374752,135.03317,128.57714169295093,156.10771,147.47689670989746,143.6191,130.43133601452445,150.90413,126.36813523143573
squeezed_Lạng Sơn,2017-02-01,116.9507,124.2777648029749,135.03317,127.67263350890859,156.10771,136.60722299290487,143.6191,131.45070977675144,150.90413,128.0364866624391,154.80682,132.0040421445226
squeezed_Lạng Sơn,2017-03-01,135.03317,135.49918152598102,156.10771,127.29660023103159,143.6191,119.52478316423449,150.90413,120.33748866630489,154.80682,137.4106453767321,172.10875,125.04407565454605
squeezed_Lạng Sơn,2017-04-01,156.10771,133.0025620895325,143.6191,126.01155738585788,150.90413,132.53439177391797,154.80682,142.97935465346728,172.10875,143.37889555220684,151.68466,139.1892889433775
squeezed_Lạng Sơn,2017-05-01,143.6191,143.58766075244725,150.90413,138.2263314826116,154.80682,150.21301500725713,172.10875,151.0612598954108,151.68466,147.37990277486995,120.98348,116.44307907522976
squeezed_Lạng Sơn,2017-06-01,150.90413,149.21627315942865,154.80682,158.85024814721476,172.10875,150.68430291399798,151.68466,144.30330793977194,120.98348,127.1743449773034,135.29335,121.95342218318193
squeezed_Lạng Sơn,2017-07-01,154.80682,158.16877602437927,172.10875,149.2463891683306,151.68466,161.77981489472913,120.98348,133.70780276116875,135.29335,115.05494236491013,109.5502,110.37180089947714
squeezed_Lạng Sơn,2017-08-01,172.10875,153.5011229541793,151.68466,161.26184466726556,120.98348,132.7333111060424,135.29335,130.7122434732055,109.5502,101.1522946105576,111.48344,126.95314371224777
squeezed_Lạng Sơn,2017-09-01,151.68466,160.80226523053778,120.98348,140.10985017997382,135.29335,125.9411941881742,109.5502,135.61079366696916,111.48344,117.22866442209764,144.09073,137.44500708127063
squeezed_Lạng Sơn,2017-10-01,120.98348,136.66752697267924,135.29335,135.4960241669504,109.5502,136.80365540490422,111.48344,135.06645201171614,144.09073,140.4749670764448,117.28316,143.00971391162867
squeezed_Lạng Sơn,2017-11-01,135.29335,118.5946280664193,109.5502,116.75536730700729,111.48344,125.76437279542446,144.09073,130.92141295000792,117.28316,141.09108795335754,120.50522,136.00901248754963
squeezed_Lạng Sơn,2017-12-01,109.5502,121.17507815491125,111.48344,123.24468173895202,144.09073,141.8287546025821,117.28316,145.53096480864576,120.50522,161.49250213238054,100.14177,147.25099558041825
squeezed_Nam Định,2016-01-01,62.236855,59.78888250899923,68.71424,67.33987535804296,60.131706,56.67306458559213,49.0122,79.02495509186892,51.495197,86.30302067358119,48.202526,65.71548485274798
squeezed_Nam Định,2016-02-01,68.71424,73.03784549152589,60.131706,59.228220725349125,49.0122,62.96118043219292,51.495197,71.31466893005114,48.202526,59.167924969177704,51.33326,60.926514585509196
squeezed_Nam Định,2016-03-01,60.131706,73.10390513897086,49.0122,61.106311533241445,51.495197,77.39128941498745,48.202526,64.74190704814889,51.33326,58.73454180335835,49.821873,63.32096226596849
squeezed_Nam Định,2016-04-01,49.0122,63.4963119836192,51.495197,80.67079017138374,48.202526,60.08259043936581,51.33326,60.95392619936347,49.821873,58.89285300362006,55.00378,61.34011730356924
squeezed_Nam Định,2016-05-01,51.495197,65.89487975447534,48.202526,62.201130053356586,51.33326,61.78913106497818,49.821873,58.89905226266198,55.00378,54.575237297814304,53.654324,58.193482999738585
squeezed_Nam Định,2016-06-01,48.202526,53.68330845310483,51.33326,52.92850592611689,49.821873,56.5704715205647,55.00378,55.413246842450384,53.654324,51.6081661411728,53.2225,55.87512595847772
squeezed_Nam Định,2016-07-01,51.33326,54.19972684074963,49.821873,52.00802454351827,55.00378,58.04360857321234,53.654324,50.821048728707524,53.2225,51.59794918677374,48.98781,54.48561511466165
squeezed_Nam Định,2016-08-01,49.821873,51.85054641418727,55.00378,51.22023377056366,53.654324,51.091772546902774,53.2225,48.557758541755604,48.98781,46.30466620441593,53.40566,54.490998530648035
squeezed_Nam Định,2016-09-01,55.00378,50.95302247903606,53.654324,49.5447911300396,53.2225,49.22739017972478,48.98781,48.326074733942136,53.40566,43.854568965157746,57.26429,53.157419669957264
squeezed_Nam Định,2016-10-01,53.654324,50.55310806074708,53.2225,48.46020692868108,48.98781,53.08349566086539,53.40566,47.991335261866,57.26429,52.8126505228648,51.448383,56.032088447190205
squeezed_Nam Định,2016-11-01,53.2225,53.12879522302511,48.98781,45.82175197587097,53.40566,50.092212485794676,57.26429,52.41937298200536,51.448383,56.51919449778659,57.82351,57.14477042528225
squeezed_Nam Định,2016-12-01,48.98781,50.7535946918153,53.40566,50.084405220262646,57.26429,53.17430845842785,51.448383,52.815794753560645,57.82351,60.125365219009,0.0,56.14188751258483
squeezed_Nam Định,2017-01-01,53.40566,48.64023021998547,57.26429,60.04517700081894,51.448383,55.99983917445928,57.82351,55.8990924724963,0.0,53.58891974672005,38.3626,56.40067125620108
squeezed_Nam Định,2017-02-01,57.26429,53.3211342059635,51.448383,53.386832208034,57.82351,63.82931302365204,0.0,56.98791651741111,38.3626,67.13418835649625,56.369534,56.990681478858214
squeezed_Nam Định,2017-03-01,51.448383,62.554567774779855,57.82351,54.44029701914637,0.0,54.62707798575871,38.3626,61.92748697280536,56.369534,61.48193815400673,56.76099,60.282838586762146
squeezed_Nam Định,2017-04-01,57.82351,54.60109808546482,0.0,58.36495624781193,38.3626,51.27578369076147,56.369534,57.914199181019804,56.76099,60.31026875441657,61.626217,55.37034817846934
squeezed_Nam Định,2017-05-01,0.0,59.35105378676276,38.3626,51.297543562042804,56.369534,54.056389047469736,56.76099,58.294496561166966,61.626217,56.52826848487919,61.17884,57.20889140356589
squeezed_Nam Định,2017-06-01,38.3626,44.56521254960085,56.369534,41.4769472332841,56.76099,50.901951898148546,61.626217,53.067145339406466,61.17884,43.38124692758991,53.12605,47.06328867047974
squeezed_Nam Định,2017-07-01,56.369534,44.26247651469239,56.76099,46.101140381880434,61.626217,43.993734280140814,61.17884,48.160085341880674,53.12605,47.08124456119176,0.0,51.391199512413216
squeezed_Nam Định,2017-08-01,56.76099,45.65250943359606,61.626217,46.759299999088924,61.17884,47.490338870780484,53.12605,51.28280923087675,0.0,51.91241873546362,0.0,51.67741891679593
squeezed_Nam Định,2017-09-01,61.626217,48.12433414844671,61.17884,47.35263538837362,53.12605,47.370782372260344,0.0,49.73949727381249,0.0,50.34678928975479,0.0,55.39830355526963
squeezed_Nam Định,2017-10-01,61.17884,52.75476347231372,53.12605,55.40091516575219,0.0,50.196821374410305,0.0,51.8233791341866,0.0,55.491212854365905,0.0,58.09655916100695
squeezed_Nam Định,2017-11-01,53.12605,58.468432880388846,0.0,54.8363626321334,0.0,49.095996655941974,0.0,58.20442147973279,0.0,59.35923041320353,0.0,59.84753769557914
squeezed_Nam Định,2017-12-01,0.0,55.08496461346592,0.0,48.35268169981409,0.0,51.008995771622246,0.0,65.16233123110631,0.0,54.918842327389754,0.0,62.71350758901495
squeezed_Nghệ An,2016-01-01,123.909195,149.78271304096288,167.76686,154.87775122270634,140.07407,157.23728843032887,136.66077,149.6819294058007,125.48704,141.97752078763958,96.5706,140.49177546548927
squeezed_Nghệ An,2016-02-01,167.76686,143.5989899387326,140.07407,155.71943302054675,136.66077,148.35333905320246,125.48704,151.38341634671374,96.5706,152.05906157060184,119.01465,140.71434601441922
squeezed_Nghệ An,2016-03-01,140.07407,157.3483147438392,136.66077,160.44844099975538,125.48704,147.7001395433566,96.5706,153.22650909609186,119.01465,162.42315734658084,143.55176,144.71649221288453
squeezed_Nghệ An,2016-04-01,136.66077,163.6539993107879,125.48704,147.02997708264948,96.5706,139.8103012260071,119.01465,147.06175427606684,143.55176,150.44711850261774,145.58043,167.73360443501542
squeezed_Nghệ An,2016-05-01,125.48704,138.98946540787637,96.5706,133.81424708706388,119.01465,143.1273848686843,143.55176,147.62917829278302,145.58043,186.39694536430466,126.71068,200.09595211982204
squeezed_Nghệ An,2016-06-01,96.5706,131.67369347464947,119.01465,146.74939532557158,143.55176,143.3156864325669,145.58043,146.4321098791909,126.71068,214.07555022843135,3.6709065,152.91991604814817
squeezed_Nghệ An,2016-07-01,119.01465,131.7681019668312,143.55176,137.78906057502164,145.58043,135.14683794520926,126.71068,133.88045462977792,3.6709065,156.18077463813395,80.974525,136.8291542093275
squeezed_Nghệ An,2016-08-01,143.55176,144.37240314116752,145.58043,136.9451993490378,126.71068,130.0333622848875,3.6709065,134.34470877572159,80.974525,118.31625906202565,87.81224,125.27880813994422
squeezed_Nghệ An,2016-09-01,145.58043,147.34460012422156,126.71068,138.56471031598718,3.6709065,131.53602605680237,80.974525,124.82480732011682,87.81224,121.21199865298411,98.90042,133.3741310407376
squeezed_Nghệ An,2016-10-01,126.71068,147.78821193862333,3.6709065,138.76247997828028,80.974525,127.965464135215,87.81224,128.56944971455542,98.90042,137.3045560218375,86.39542,130.7770355900167
squeezed_Nghệ An,2016-11-01,3.6709065,123.10756858339961,80.974525,121.62813879236988,87.81224,128.60717831535092,98.90042,151.08141556789872,86.39542,129.75941441239823,111.74423,126.96736850884854
squeezed_Nghệ An,2016-12-01,80.974525,138.0680560321787,87.81224,100.30305561604543,98.90042,123.64477141951595,86.39542,110.39770661074441,111.74423,108.35531266619414,104.22891,118.11562055230016
squeezed_Nghệ An,2017-01-01,87.81224,108.07594279368183,98.90042,120.27609573098114,86.39542,125.4194956606878,111.74423,125.64916472447996,104.22891,115.49274858332083,91.5391,112.16690238986023
squeezed_Nghệ An,2017-02-01,98.90042,117.86820038554686,86.39542,102.6013169540692,111.74423,113.94445507621924,104.22891,113.92521059379791,91.5391,104.78316260661106,0.0,114.77514662522958
squeezed_Nghệ An,2017-03-01,86.39542,117.1405209665977,111.74423,111.0498791930151,104.22891,102.94336737295811,91.5391,108.50636733835107,0.0,116.2893069378737,111.68263,102.76109425888414
squeezed_Nghệ An,2017-04-01,111.74423,101.72816968489681,104.22891,100.56447885878282,91.5391,102.15321619689317,0.0,104.14328449654994,111.68263,108.92114841299814,104.25971,100.97950749268416
squeezed_Nghệ An,2017-05-01,104.22891,109.76193716452993,91.5391,111.32125559998137,0.0,120.04526105041573,111.68263,115.37146376650074,104.25971,115.65931413587148,97.4836,119.29031287822228
squeezed_Nghệ An,2017-06-01,91.5391,105.89658622534074,0.0,127.02506048527096,111.68263,122.58365252297783,104.25971,126.2412853442992,97.4836,175.836610448857,98.86962,106.92023998615363
squeezed_Nghệ An,2017-07-01,0.0,124.00187817767394,111.68263,118.65236044142048,104.25971,114.84598175820386,97.4836,119.90395226683042,98.86962,112.33794422689698,90.052864,85.99670253609501
squeezed_Nghệ An,2017-08-01,111.68263,120.83162483201683,104.25971,97.04103955618862,97.4836,95.07833620966444,98.86962,111.97024513547325,90.052864,65.2819546784964,69.87908,74.79001897021972
squeezed_Nghệ An,2017-09-01,104.25971,92.64479308261156,97.4836,98.48413264393437,98.86962,91.01424132945743,90.052864,81.33045141098906,69.87908,76.03520648203829,91.663124,90.4138228914724
squeezed_Nghệ An,2017-10-01,97.4836,92.77095160027486,98.86962,109.65179947434794,90.052864,79.37722737117458,69.87908,82.36232458066594,91.663124,87.9968567551355,90.052864,88.82346369840265
squeezed_Nghệ An,2017-11-01,98.86962,87.5219812034897,90.052864,85.17917738550828,69.87908,86.25968865192884,91.663124,88.48564070251113,90.052864,82.48573737555877,83.49031,87.65333012280597
squeezed_Nghệ An,2017-12-01,90.052864,89.91350142667613,69.87908,95.45305346269478,91.663124,90.33931736007285,90.052864,89.21610444900843,83.49031,94.26537170803321,63.681107,87.74915598276594
squeezed_Ninh Bình,2016-01-01,142.3775,149.00921111117486,132.82971,166.07882221526157,155.17784,156.55527979883135,130.62637,157.03106066255597,116.462074,161.93179553698886,115.0981,145.71542851808871
squeezed_Ninh Bình,2016-02-01,132.82971,174.97168035607012,155.17784,157.47763214777612,130.62637,167.7682887010937,116.462074,154.88979608919934,115.0981,157.52326351398068,115.93747,162.85764840866005
squeezed_Ninh Bình,2016-03-01,155.17784,152.9846512021707,130.62637,149.77587760711282,116.462074,155.23072852932992,115.0981,145.90896416810926,115.93747,163.4454483869223,138.60036,152.6740962041187
squeezed_Ninh Bình,2016-04-01,130.62637,152.70064402032753,116.462074,167.71319104705387,115.0981,145.97523225562898,115.93747,168.80169592117193,138.60036,162.08663099395812,128.10828,183.01439073669684
squeezed_Ninh Bình,2016-05-01,116.462074,153.35301328302862,115.0981,145.82634607776367,115.93747,157.74216438959576,138.60036,158.9576462186629,128.10828,177.76391654223573,127.05907,161.34682306646613
squeezed_Ninh Bình,2016-06-01,115.0981,135.64257428886216,115.93747,143.96006788021637,138.60036,138.21453604782047,128.10828,161.92892338373593,127.05907,185.40050507801504,20.564474,172.31357905428487
squeezed_Ninh Bình,2016-07-01,115.93747,135.6706216888769,138.60036,138.86817601865198,128.10828,139.6356821695411,127.05907,147.25339822444298,20.564474,166.46831711740634,108.1417,138.77595144343596
squeezed_Ninh Bình,2016-08-01,138.60036,138.8611585827046,128.10828,139.60657491467177,127.05907,134.50223126639332,20.564474,130.66068411063094,108.1417,124.94775811616371,121.60762,126.75124793518873
squeezed_Ninh Bình,2016-09-01,128.10828,148.88055606163263,127.05907,148.86404709095305,20.564474,133.92844600815238,108.1417,124.61280744252842,121.60762,121.78568848211586,124.92231,133.609509263824
squeezed_Ninh Bình,2016-10-01,127.05907,136.64134043093512,20.564474,132.1762183304391,108.1417,130.14111969043114,121.60762,122.03857033437849,124.92231,126.90440303582841,121.711205,134.34429451528413
squeezed_Ninh Bình,2016-11-01,20.564474,125.51260417459847,108.1417,126.63723289535899,121.60762,130.60915516281102,124.92231,127.78860070716333,121.711205,132.17480301209702,120.05386,137.06795547939745
squeezed_Ninh Bình,2016-12-01,108.1417,135.86768049588463,121.60762,122.18556679799899,124.92231,118.94592004658826,121.711205,124.00890257704937,120.05386,117.59328710251418,109.695465,129.6380294145194
squeezed_Ninh Bình,2017-01-01,121.60762,106.64549663971168,124.92231,109.6587836980031,121.711205,133.1352694275239,120.05386,117.09178001006295,109.695465,136.7515087467113,117.8786,123.28642845237799
squeezed_Ninh Bình,2017-02-01,124.92231,129.19092790229317,121.711205,120.68115995510507,120.05386,127.55049639665683,109.695465,119.60664899256157,117.8786,120.46695236697158,113.11374,117.55646060717314
squeezed_Ninh Bình,2017-03-01,121.711205,125.20842361966743,120.05386,135.62034751395944,109.695465,120.77268483713577,117.8786,133.3214454086519,113.11374,131.03201564642146,110.93847,119.19789331608067
squeezed_Ninh Bình,2017-04-01,120.05386,119.71986239131157,109.695465,123.38209899448717,117.8786,124.1135127593791,113.11374,125.06079095786605,110.93847,122.13442720209873,108.76321,121.03641917829889
squeezed_Ninh Bình,2017-05-01,109.695465,128.96266781182683,117.8786,122.61714498572059,113.11374,134.9515741563164,110.93847,125.3065130788226,108.76321,124.01417240787117,75.098404,113.45781366197663
squeezed_Ninh Bình,2017-06-01,117.8786,123.43758745555604,113.11374,129.0369829782102,110.93847,121.57315921811391,108.76321,119.30444125090919,75.098404,132.6751287817953,118.189354,110.4782020610794
squeezed_Ninh Bình,2017-07-01,113.11374,133.9109568378812,110.93847,118.57229625685952,108.76321,119.08454163861734,75.098404,113.75093000609301,118.189354,106.2751450519833,99.6204,105.92646585602509
squeezed_Ninh Bình,2017-08-01,110.93847,113.39644313471385,108.76321,115.88743129611994,75.098404,111.99757015201324,118.189354,102.38915252301209,99.6204,103.98961639002037,105.468346,109.09506823087145
squeezed_Ninh Bình,2017-09-01,108.76321,111.27639317624879,75.098404,116.41373136923553,118.189354,95.16309246887772,99.6204,109.9099938162955,105.468346,110.9094664755139,87.411514,112.97164133638267
squeezed_Ninh Bình,2017-10-01,75.098404,107.14618408961154,118.189354,106.79603863130154,99.6204,103.76105039537241,105.468346,113.98936036933911,87.411514,116.19166000371975,93.054276,117.85034005693218
squeezed_Ninh Bình,2017-11-01,118.189354,96.73196517513755,99.6204,94.84915143802273,105.468346,108.59401117734166,87.411514,108.43752006511015,93.054276,108.66139309354422,98.90223,106.01623020699611
squeezed_Ninh Bình,2017-12-01,99.6204,104.84677942934762,105.468346,103.57834777140287,87.411514,113.91539799805237,93.054276,117.30628535079387,98.90223,113.34625249741035,86.38555,127.52440517279793
squeezed_Ninh Thuận,2016-01-01,125.87296,197.91737671587396,173.59494,234.27515880106242,163.28566,252.84925860905534,189.72398,241.6076632281143,204.3565,280.0253475186601,167.94147,290.7212838793992
squeezed_Ninh Thuận,2016-02-01,173.59494,183.58437080568532,163.28566,222.58451948541585,189.72398,236.19211153776584,204.3565,235.2010298203624,167.94147,284.6663626960285,141.00432,259.46894277059454
squeezed_Ninh Thuận,2016-03-01,163.28566,221.43764496475626,189.72398,241.15061579135622,204.3565,220.14768688721867,167.94147,264.16224365328895,141.00432,258.04239708476496,155.13802,287.9668568258898
squeezed_Ninh Thuận,2016-04-01,189.72398,194.73324571616638,204.3565,225.99426363092223,167.94147,233.17526629016336,141.00432,258.95937356982273,155.13802,249.94926245120752,154.30663,310.2769785576596
squeezed_Ninh Thuận,2016-05-01,204.3565,208.19574936656187,167.94147,226.82100108162706,141.00432,217.1771934814417,155.13802,293.54934843854494,154.30663,318.711934851821,170.93448,309.6947313399938
squeezed_Ninh Thuận,2016-06-01,167.94147,203.42792113205635,141.00432,247.16648332602676,155.13802,341.27278443565666,154.30663,292.421889077982,170.93448,364.7195236836987,170.93448,288.80647638727817
squeezed_Ninh Thuận,2016-07-01,141.00432,195.90420861536816,155.13802,244.5435928604622,154.30663,328.35169056667263,170.93448,279.53497543564623,170.93448,318.5141099178178,123.33447,224.176314697012
squeezed_Ninh Thuận,2016-08-01,155.13802,197.35470301010469,154.30663,247.62204447016148,170.93448,253.3891145920978,170.93448,297.055521864154,123.33447,238.58323405581086,185.17253,230.224461642823
squeezed_Ninh Thuận,2016-09-01,154.30663,203.19208548609618,170.93448,266.79507413652135,170.93448,291.3317332359081,123.33447,202.64929736465137,185.17253,198.69926820984566,147.93304,171.65897305817765
squeezed_Ninh Thuận,2016-10-01,170.93448,188.60704726954884,170.93448,218.7935978948689,123.33447,229.72465758268584,185.17253,185.19773861702265,147.93304,162.92161467539944,120.43047,173.53294031979982
squeezed_Ninh Thuận,2016-11-01,170.93448,184.42270590027377,123.33447,167.0879835415297,185.17253,147.9671703205492,147.93304,167.78025203775746,120.43047,186.64289667887462,111.54766,186.15415269159212
squeezed_Ninh Thuận,2016-12-01,123.33447,175.4074216142249,185.17253,157.13966257031674,147.93304,162.44529326263697,120.43047,187.65071913885367,111.54766,202.78582987535154,122.65118,202.51395732995633
squeezed_Ninh Thuận,2017-01-01,185.17253,144.5101841517755,147.93304,170.92419022136076,120.43047,149.3768434222941,111.54766,175.15665023806807,122.65118,201.9387200540947,127.60506,206.92738615055094
squeezed_Ninh Thuận,2017-02-01,147.93304,189.08220254169083,120.43047,169.98888391490786,111.54766,168.0279271072181,122.65118,206.3127926932866,127.60506,234.5569558637101,151.17868,202.45537059496604
squeezed_Ninh Thuận,2017-03-01,120.43047,166.55709318593827,111.54766,176.91654949945737,122.65118,170.8112961788996,127.60506,195.46477202351474,151.17868,223.08278106959122,170.3109,188.66185385845935
squeezed_Ninh Thuận,2017-04-01,111.54766,151.4499290247807,122.65118,187.153707333648,127.60506,171.31232589596308,151.17868,167.80306936273087,170.3109,200.56887141943548,191.83464,208.63564964513625
squeezed_Ninh Thuận,2017-05-01,122.65118,169.35147027082562,127.60506,181.11198998365307,151.17868,183.21475537496678,170.3109,179.56035136735184,191.83464,262.5575877927871,217.97061,210.31376287072217
squeezed_Ninh Thuận,2017-06-01,127.60506,144.57545723229748,151.17868,166.7612049539585,170.3109,161.9321450469028,191.83464,188.38133119573845,217.97061,192.34927594687375,0.0,214.91513935766466
squeezed_Ninh Thuận,2017-07-01,151.17868,173.3762991290967,170.3109,188.06164480762413,191.83464,185.7146820621766,217.97061,183.1240889706288,0.0,254.94173262401057,181.18526,201.40392634390975
squeezed_Ninh Thuận,2017-08-01,170.3109,182.6500412243296,191.83464,197.10576164354754,217.97061,162.47982239491245,0.0,220.47262297667743,181.18526,216.79043395853395,116.14875,176.24269708783484
squeezed_Ninh Thuận,2017-09-01,191.83464,165.5773539641172,217.97061,169.78279363270698,0.0,177.81135024178704,181.18526,139.8579321246069,116.14875,147.15722594247947,227.20326,151.23690317035815
squeezed_Ninh Thuận,2017-10-01,217.97061,179.97315754443144,0.0,203.3179527193816,181.18526,139.8376129383122,116.14875,167.9285691830689,227.20326,149.90159941911045,134.82765,165.86854392792333
squeezed_Ninh Thuận,2017-11-01,0.0,186.04378999046668,181.18526,162.84376167614124,116.14875,169.4436298028958,227.20326,182.29718965260267,134.82765,147.25225402957074,130.58244,161.38536007211908
squeezed_Ninh Thuận,2017-12-01,181.18526,205.9039502790206,116.14875,153.31266105460793,227.20326,154.79698664979637,134.82765,149.7937178428863,130.58244,149.40657667965746,173.20428,147.06602701697122
squeezed_Phú Thọ,2016-01-01,107.114426,101.98751924224007,147.57184,117.61801550295081,135.63002,114.32379969268707,110.298904,122.2300562293672,98.71897,113.24075304137848,96.90961,103.88580483168016
squeezed_Phú Thọ,2016-02-01,147.57184,128.38404707533027,135.63002,116.02198886763077,110.298904,121.25805334259391,98.71897,119.31701109199768,96.90961,93.81537709698266,86.921906,109.9893957781529
squeezed_Phú Thọ,2016-03-01,135.63002,142.02702721488959,110.298904,125.60199639770184,98.71897,135.1206511511068,96.90961,112.47352673212444,86.921906,111.78676974253426,86.921906,116.44313873842295
squeezed_Phú Thọ,2016-04-01,110.298904,132.88458620351352,98.71897,131.97823849757185,96.90961,122.23952921510748,86.921906,123.30628691020587,86.921906,115.16875851195282,92.6395,118.97289483273111
squeezed_Phú Thọ,2016-05-01,98.71897,126.00067704764453,96.90961,114.61218861927215,86.921906,108.19448069165233,86.921906,118.3104357151355,92.6395,114.29671470143946,85.98104,122.25680232196233
squeezed_Phú Thọ,2016-06-01,96.90961,106.64655771246173,86.921906,119.25104565127364,86.921906,107.2708654125072,92.6395,107.62314955638878,85.98104,112.46519192940475,54.353333,111.56766357902141
squeezed_Phú Thọ,2016-07-01,86.921906,113.08275888315795,86.921906,121.70433273284459,92.6395,115.62708750054873,85.98104,120.15873917432766,54.353333,108.54813090734545,65.01223,104.83922693376206
squeezed_Phú Thọ,2016-08-01,86.921906,108.3713256838498,92.6395,102.17530088384365,85.98104,113.2876850986904,54.353333,108.81024720911992,65.01223,92.66561128164146,78.154495,103.33380287430509
squeezed_Phú Thọ,2016-09-01,92.6395,109.79261110542453,85.98104,93.8681715460102,54.353333,102.90324548121303,65.01223,96.31811594540117,78.154495,86.92803990244465,79.4827,105.67515544573607
squeezed_Phú Thọ,2016-10-01,85.98104,97.6085972411291,54.353333,108.09976989146664,65.01223,97.21517082299009,78.154495,103.82366960942194,79.4827,113.96634148279223,88.91996,107.68990721286006
squeezed_Phú Thọ,2016-11-01,54.353333,106.64522093566949,65.01223,91.68588133962484,78.154495,110.58679314957917,79.4827,111.84832939300996,88.91996,105.7943958000773,78.43411,110.87282685291134
squeezed_Phú Thọ,2016-12-01,65.01223,87.22077467848568,78.154495,88.51158257398697,79.4827,114.47960714257675,88.91996,102.1874246971646,78.43411,113.3149388337431,88.71024,101.4034682957757
squeezed_Phú Thọ,2017-01-01,78.154495,82.38961894339407,79.4827,103.79862027816716,88.91996,108.35334420717747,78.43411,113.30232807000367,88.71024,104.05040456062979,68.71723,93.70524786253782
squeezed_Phú Thọ,2017-02-01,79.4827,85.44239032436778,88.91996,98.44361723760804,78.43411,129.63212804577498,88.71024,92.78206753020227,68.71723,82.78044387960007,80.6711,91.3825030988073
squeezed_Phú Thọ,2017-03-01,88.91996,93.74429155481224,78.43411,101.7229532639654,88.71024,99.70664513357414,68.71723,90.49203430799723,80.6711,82.60892032953586,90.94722,87.5776358103154
squeezed_Phú Thọ,2017-04-01,78.43411,102.64349797570905,88.71024,92.49212810076811,68.71723,90.55324232337763,80.6711,93.6408922666705,90.94722,82.53617930123664,92.485146,85.51127441974164
squeezed_Phú Thọ,2017-05-01,88.71024,90.25372465604936,68.71723,88.02408545375795,80.6711,90.34484345097977,90.94722,88.63345698095004,92.485146,81.23905396404781,80.181755,107.22046413722745
squeezed_Phú Thọ,2017-06-01,68.71723,92.48188717861802,80.6711,87.30538048813787,90.94722,85.06472320980917,92.485146,84.70958032202276,80.181755,103.23928047600411,74.16987,78.86085107717608
squeezed_Phú Thọ,2017-07-01,80.6711,79.78856429806333,90.94722,83.20432987308038,92.485146,82.99671799541647,80.181755,76.68969080453472,74.16987,73.33409370456383,66.22517,76.00011920349867
squeezed_Phú Thọ,2017-08-01,90.94722,77.89807307730703,92.485146,82.1563725211464,80.181755,75.58454685834958,74.16987,70.41778849160534,66.22517,86.40323442264564,49.875828,74.52796343707726
squeezed_Phú Thọ,2017-09-01,92.485146,81.58231285525348,80.181755,84.5174319419645,74.16987,78.02894626223953,66.22517,77.68938376266433,49.875828,75.54805737499251,63.948677,79.29203525658951
squeezed_Phú Thọ,2017-10-01,80.181755,85.5314334558826,74.16987,82.47483306618442,66.22517,82.33116130323545,49.875828,79.12913829223494,63.948677,79.87460756576519,62.63797,83.96021924292361
squeezed_Phú Thọ,2017-11-01,74.16987,77.43524123833144,66.22517,73.97012284240328,49.875828,81.86340745936046,63.948677,79.36911586851144,62.63797,76.95562773005038,57.80905,84.0133051059705
squeezed_Phú Thọ,2017-12-01,66.22517,69.19124128161874,49.875828,73.78936358599502,63.948677,85.8583345410352,62.63797,89.0452372185628,57.80905,81.12983919337202,56.56733,93.49854145623144
squeezed_Phú Yên,2016-01-01,82.94418,91.8711482952584,99.17723,90.28266667642025,76.0507,87.7317759641945,71.38092,82.99403295692684,66.59995,83.58448181772333,49.588615,86.85250601392475
squeezed_Phú Yên,2016-02-01,99.17723,86.56723880259973,76.0507,74.25983081290197,71.38092,85.42969336477621,66.59995,79.33005959035296,49.588615,82.25955297017877,45.919502,86.43923370739246
squeezed_Phú Yên,2016-03-01,76.0507,85.56259255312276,71.38092,91.39504304861441,66.59995,83.25791018211615,49.588615,86.20801424952298,45.919502,107.26674578804615,70.38026,92.58813651376192
squeezed_Phú Yên,2016-04-01,71.38092,81.47186732377273,66.59995,76.60949742199634,49.588615,84.89347866514953,45.919502,94.88290348748946,70.38026,94.09709255805983,82.0547,88.90482481704808
squeezed_Phú Yên,2016-05-01,66.59995,79.58012722488806,49.588615,78.73203556084052,45.919502,80.5993511763578,70.38026,86.34587765254872,82.0547,87.88601490482881,57.038025,132.096943955951
squeezed_Phú Yên,2016-06-01,49.588615,74.95283127799863,45.919502,73.55769274501449,70.38026,85.59210400286705,82.0547,101.74857857263461,57.038025,160.7825397958765,57.038025,101.07993595015441
squeezed_Phú Yên,2016-07-01,45.919502,65.89541198805622,70.38026,68.35097044490628,82.0547,74.361533188444,57.038025,93.53877841143773,57.038025,136.86896155299343,0.0,84.57461309444295
squeezed_Phú Yên,2016-08-01,70.38026,71.4264288349294,82.0547,71.37368886529534,57.038025,86.80163668653094,57.038025,103.72802732430083,0.0,77.71731204371066,41.95402,85.28360298256035
squeezed_Phú Yên,2016-09-01,82.0547,79.11588403838527,57.038025,87.5609608786937,57.038025,106.11016705381759,0.0,97.00523353329329,41.95402,71.47840376577808,45.747128,76.81331246945273
squeezed_Phú Yên,2016-10-01,57.038025,82.01563822320256,57.038025,99.95073653443902,0.0,76.89336087745326,41.95402,67.89050862930345,45.747128,67.52057041043807,39.54023,70.49333077042411
squeezed_Phú Yên,2016-11-01,57.038025,119.59069201944666,0.0,71.62345107809244,41.95402,70.33012459395412,45.747128,66.22021285449328,39.54023,67.4843121248788,0.0,70.44167834103672
squeezed_Phú Yên,2016-12-01,0.0,85.30457972585724,41.95402,67.93256691491013,45.747128,63.73156607941173,39.54023,59.953607445538644,0.0,60.421238108383235,28.62069,64.62369695821954
squeezed_Phú Yên,2017-01-01,41.95402,65.33418448426788,45.747128,44.64227103547899,39.54023,60.07245290437823,0.0,48.36327650548602,28.62069,45.27147410322283,40.0,54.33501958190103
squeezed_Phú Yên,2017-02-01,45.747128,45.57157348243245,39.54023,48.250332908867954,0.0,45.56133157061511,28.62069,49.820661408990944,40.0,53.49940253249948,0.0,52.49237593307399
squeezed_Phú Yên,2017-03-01,39.54023,45.45324717750008,0.0,44.37054258158681,28.62069,56.25588172685715,40.0,46.83368441246776,0.0,64.88110198332794,34.022987,57.78868700577712
squeezed_Phú Yên,2017-04-01,0.0,46.133444364247325,28.62069,47.41561184035908,40.0,47.12225619608821,0.0,56.766657750049745,34.022987,45.660772579940456,31.609196,56.496061622295834
squeezed_Phú Yên,2017-05-01,28.62069,43.09963435155041,40.0,40.46731382961877,0.0,46.59633149572372,34.022987,52.60535768569359,31.609196,42.58949829444022,47.12644,44.282506496062126
squeezed_Phú Yên,2017-06-01,40.0,34.10821675777257,0.0,44.87902561260884,34.022987,43.37490130424249,31.609196,42.773675795588034,47.12644,43.883058295384714,41.49425,50.68051796181922
squeezed_Phú Yên,2017-07-01,0.0,32.158103594046906,34.022987,42.63826271009994,31.609196,35.22675167213365,47.12644,91.09316138307454,41.49425,34.55087317187199,0.0,38.620030062272434
squeezed_Phú Yên,2017-08-01,34.022987,42.05088330627334,31.609196,35.26883078028509,47.12644,55.53270041397288,41.49425,44.33690209491468,0.0,35.278586487303436,34.53815,31.694345292440065
squeezed_Phú Yên,2017-09-01,31.609196,34.215307872881894,47.12644,58.383490874049016,41.49425,29.84951993217953,0.0,34.586011842312985,34.53815,33.308537912259126,39.013195,34.17017091146494
squeezed_Phú Yên,2017-10-01,47.12644,46.840440049146,41.49425,33.62562610973402,0.0,32.46646532749673,34.53815,34.86329376248586,39.013195,28.52194774518369,0.0,32.910223378430324
squeezed_Phú Yên,2017-11-01,41.49425,46.398836283680744,0.0,39.256369099095345,34.53815,37.9247195842122,39.013195,29.00496877168263,0.0,43.709102944956506,30.407343,34.032005334326435
squeezed_Phú Yên,2017-12-01,0.0,43.528522300880155,34.53815,44.42419775022289,39.013195,35.3222644710237,0.0,48.87458334684135,30.407343,43.8351376126181,23.752151,47.78708720765469
squeezed_Quảng Bình,2016-01-01,141.27834,162.65762494459926,170.21762,184.84504352479468,158.1406,159.98459127805702,150.507,160.3452327314834,139.68326,153.9886779889758,115.871025,148.8824603779919
squeezed_Quảng Bình,2016-02-01,170.21762,164.88576352950182,158.1406,162.5720144300715,150.507,158.5299644176703,139.68326,154.13775155545224,115.871025,156.9621467527873,133.98656,158.57255928545632
squeezed_Quảng Bình,2016-03-01,158.1406,172.5393542435304,150.507,168.53349535089095,139.68326,162.97618639885357,115.871025,161.32774798072535,133.98656,155.7113419994087,154.8365,184.7435505999821
squeezed_Quảng Bình,2016-04-01,150.507,167.36017241954673,139.68326,166.00002974305337,115.871025,155.97977715132296,133.98656,160.34136904012712,154.8365,215.51771731970385,170.21762,217.89556273777941
squeezed_Quảng Bình,2016-05-01,139.68326,156.9151409489671,115.871025,157.22829504106454,133.98656,166.70552940200827,154.8365,203.9889329796303,170.21762,273.46027444161626,164.40697,175.55808147395157
squeezed_Quảng Bình,2016-06-01,115.871025,148.58182125042055,133.98656,157.21417499036207,154.8365,162.59879916521467,170.21762,182.66949699211196,164.40697,168.18831171299564,65.853935,168.88610165626366
squeezed_Quảng Bình,2016-07-01,133.98656,140.52082855686456,154.8365,143.36629043399233,170.21762,145.23545867584505,164.40697,145.11803850434515,65.853935,171.36548426606373,106.808174,143.61004465130145
squeezed_Quảng Bình,2016-08-01,154.8365,145.31840699455466,170.21762,152.38696819610738,164.40697,145.9604328248155,65.853935,147.98351953095678,106.808174,143.02592894539288,139.66354,144.76821551005617
squeezed_Quảng Bình,2016-09-01,170.21762,151.68541980542864,164.40697,161.80700999536788,65.853935,161.21543558322347,106.808174,157.149713512311,139.66354,142.14045095895088,0.0,146.82738518118103
squeezed_Quảng Bình,2016-10-01,164.40697,195.969089639439,65.853935,182.22626617141069,106.808174,155.89716205457907,139.66354,154.55972624865632,0.0,158.50201796347886,0.0,172.29782938045048
squeezed_Quảng Bình,2016-11-01,65.853935,165.99314055720427,106.808174,153.95518679672986,139.66354,147.27929371063502,0.0,164.67179143849623,0.0,169.23281814115563,108.614655,160.31195303248523
squeezed_Quảng Bình,2016-12-01,106.808174,127.97686415776045,139.66354,122.16025588528619,0.0,145.58131182262156,0.0,153.76370521186212,108.614655,138.1866735554674,104.88879,142.51389923177223
squeezed_Quảng Bình,2017-01-01,139.66354,131.923862003876,0.0,160.76134429062327,0.0,141.00817283843236,108.614655,135.49893443940724,104.88879,133.85353522256756,126.227844,150.34361050610678
squeezed_Quảng Bình,2017-02-01,0.0,160.9230410180058,0.0,168.4328888702889,108.614655,143.60159734474806,104.88879,139.842300555378,126.227844,131.64324215961412,0.0,144.40519823368666
squeezed_Quảng Bình,2017-03-01,0.0,138.22657080491592,108.614655,122.58616267636609,104.88879,122.56764454959772,126.227844,127.61515961620347,0.0,129.0013871093404,0.0,179.0176244155789
squeezed_Quảng Bình,2017-04-01,108.614655,92.86654812264666,104.88879,95.03923722138059,126.227844,127.97241139408754,0.0,137.68659140341316,0.0,164.34991922646094,0.0,118.87356247918017
squeezed_Quảng Bình,2017-05-01,104.88879,109.23725546564886,126.227844,117.82685008001874,0.0,130.8234753314114,0.0,122.66210435968715,0.0,148.6912976245056,0.0,102.77305930380366
squeezed_Quảng Bình,2017-06-01,126.227844,111.1962681030645,0.0,132.02178594481222,0.0,120.10622959795329,0.0,124.92228602686698,0.0,137.20155753727823,0.0,111.66857178683736
squeezed_Quảng Bình,2017-07-01,0.0,123.79019450037605,0.0,124.26832964869553,0.0,128.49154826556676,0.0,134.2713071590973,0.0,146.96912937374796,0.0,98.38464904113248
squeezed_Quảng Bình,2017-08-01,0.0,118.43203263415728,0.0,125.0742184187143,0.0,110.96476244520566,0.0,130.8004752074049,0.0,85.19027391346243,0.0,78.51211524511898
squeezed_Quảng Bình,2017-09-01,0.0,86.07882083686489,0.0,79.00363434694223,0.0,78.53198770214443,0.0,100.89651352650151,0.0,68.57450980902728,0.0,62.436374620755075
squeezed_Quảng Bình,2017-10-01,0.0,89.63223651483506,0.0,77.51768708556547,0.0,76.40945821489065,0.0,52.73013103046202,0.0,67.25986982855025,0.0,69.17275539690712
squeezed_Quảng Bình,2017-11-01,0.0,47.90673782341449,0.0,47.387597398388856,0.0,49.24694237697734,0.0,68.99682166879242,0.0,72.36206058360908,0.0,60.388443858667635
squeezed_Quảng Bình,2017-12-01,0.0,53.56748651155044,0.0,42.4185545189287,0.0,47.10034741947708,0.0,81.20762888733665,0.0,63.21191492907286,0.0,63.946692649161804
squeezed_Quảng Nam,2016-01-01,187.73946,224.83711905430116,208.91309,230.36983804112367,172.68266,214.13227440473912,159.3063,199.10163260456005,157.62587,184.398784704054,168.04463,197.0448932773615
squeezed_Quảng Nam,2016-02-01,208.91309,229.17018362602113,172.68266,215.64803612512085,159.3063,194.26651573988144,157.62587,188.75632827938568,168.04463,198.8754854616544,196.545,195.47237257499384
squeezed_Quảng Nam,2016-03-01,172.68266,204.0759496913804,159.3063,200.93123937923988,157.62587,189.55283306854918,168.04463,203.15166189918762,196.545,207.6935623321924,164.21321,218.94614142933384
squeezed_Quảng Nam,2016-04-01,159.3063,185.14010985656512,157.62587,179.66019451498968,168.04463,191.72533080121016,196.545,209.21998744204964,164.21321,204.80807401801357,132.62082,226.45252821747826
squeezed_Quảng Nam,2016-05-01,157.62587,175.81206560552127,168.04463,190.6540771689142,196.545,192.02288247746654,164.21321,218.8287361549611,132.62082,217.37188011395716,133.36021,202.08900051074863
squeezed_Quảng Nam,2016-06-01,168.04463,177.5945793076408,196.545,196.5163286828073,164.21321,203.70428508025824,132.62082,210.50393341867112,133.36021,191.87592447799597,11.830342,209.75282556553506
squeezed_Quảng Nam,2016-07-01,196.545,192.68942060156232,164.21321,204.23996574876887,132.62082,202.99658061868107,133.36021,183.42410765342592,11.830342,224.56841369393626,157.35185,192.34809086234094
squeezed_Quảng Nam,2016-08-01,164.21321,200.94803186702669,132.62082,205.57948927475167,133.36021,193.036519568447,11.830342,176.56002812181077,157.35185,196.57671006850939,181.82431,185.23890940306615
squeezed_Quảng Nam,2016-09-01,132.62082,186.71394788843912,133.36021,193.94620979662747,11.830342,190.25686419938515,157.35185,185.53111337975153,181.82431,178.92456437281697,192.47624,189.01335769425822
squeezed_Quảng Nam,2016-10-01,133.36021,171.4234801227373,11.830342,171.6959728362446,157.35185,176.13063444634153,181.82431,162.24888018181284,192.47624,172.9161543388383,151.62138,170.86108617832062
squeezed_Quảng Nam,2016-11-01,11.830342,177.47715313806074,157.35185,171.92595754244354,181.82431,158.56187888728854,192.47624,166.98400449535973,151.62138,173.18674679468026,126.137665,159.22448092116088
squeezed_Quảng Nam,2016-12-01,157.35185,210.4129748678777,181.82431,154.60223104752245,192.47624,164.52263040712856,151.62138,166.79527006998714,126.137665,163.881593238105,136.048,158.23629343549115
squeezed_Quảng Nam,2017-01-01,181.82431,151.93258564924932,192.47624,147.80091698436212,151.62138,152.32277809545917,126.137665,150.23419311860806,136.048,165.54262222247095,135.71092,165.3456538172718
squeezed_Quảng Nam,2017-02-01,192.47624,177.4328504275165,151.62138,162.32144204620897,126.137665,154.15305083168522,136.048,148.08788172402615,135.71092,163.4338373022771,145.95834,175.56969673549895
squeezed_Quảng Nam,2017-03-01,151.62138,171.10064857748424,126.137665,163.91671626119353,136.048,160.81098436886094,135.71092,176.49753025154195,145.95834,186.80933282526195,157.01477,153.97646991558034
squeezed_Quảng Nam,2017-04-01,126.137665,161.65792009683645,136.048,162.32186021794107,135.71092,160.8266888859558,145.95834,168.20165218575744,157.01477,163.5681587038526,156.34059,177.8344666320757
squeezed_Quảng Nam,2017-05-01,136.048,148.3809376198741,135.71092,159.9050915551382,145.95834,154.90276447356118,157.01477,177.04709794622292,156.34059,156.62710599570448,160.79013,145.51755094986723
squeezed_Quảng Nam,2017-06-01,135.71092,153.58785094323588,145.95834,154.56582350795148,157.01477,153.42593483309832,156.34059,152.36406161951223,160.79013,156.12636578263383,174.54324,141.16628841321602
squeezed_Quảng Nam,2017-07-01,145.95834,159.6871943368038,157.01477,160.29005832961843,156.34059,177.38988665228914,160.79013,166.0985844148825,174.54324,184.7634784116465,150.32198,144.94871600920922
squeezed_Quảng Nam,2017-08-01,157.01477,159.55838447399887,156.34059,175.01307676240708,160.79013,160.9796904718711,174.54324,166.5677179660002,150.32198,155.7888465569563,151.32814,163.86255418203686
squeezed_Quảng Nam,2017-09-01,156.34059,170.10553707542084,160.79013,173.6188002843257,174.54324,161.37183850509277,150.32198,150.72457334162874,151.32814,158.9105648140733,159.77998,170.66616336796412
squeezed_Quảng Nam,2017-10-01,160.79013,199.52384171089264,174.54324,167.37927266683394,150.32198,172.96254572772722,151.32814,161.75663923444895,159.77998,156.91326497600835,145.49236,165.15371037433937
squeezed_Quảng Nam,2017-11-01,174.54324,194.00299552389916,150.32198,166.11938078832208,151.32814,163.4019508499599,159.77998,183.34904522452248,145.49236,163.5698145252801,138.78455,157.4400406394024
squeezed_Quảng Nam,2017-12-01,150.32198,170.83897814559649,151.32814,166.70623406924693,159.77998,178.59323054261773,145.49236,175.86511499515865,138.78455,173.26689245494242,140.66273,171.79714949510577
squeezed_Quảng Ngãi,2016-01-01,38.194168,47.57138006718381,43.068317,39.80268137248543,40.19177,46.681580551241794,29.644426,48.12617257332083,32.76069,41.11197239507695,31.0827,46.79675968844506
squeezed_Quảng Ngãi,2016-02-01,43.068317,43.67569007574809,40.19177,42.22109376528366,29.644426,45.50551673232013,32.76069,44.82606630407501,31.0827,45.2200024260643,37.954456,48.437334524814894
squeezed_Quảng Ngãi,2016-03-01,40.19177,46.1001718405992,29.644426,46.110762096242496,32.76069,46.100351572477685,31.0827,48.26327071035917,37.954456,47.64934683896805,34.278866,47.70232462578073
squeezed_Quảng Ngãi,2016-04-01,29.644426,48.151280110151816,32.76069,46.95449324479906,31.0827,44.52677305333621,37.954456,49.547271215770856,34.278866,46.454297459042735,38.353973,60.81008464112754
squeezed_Quảng Ngãi,2016-05-01,32.76069,45.36764577496699,31.0827,50.113395989816475,37.954456,46.23212182789046,34.278866,49.352293864471896,38.353973,78.22752353600946,34.35877,43.93999642588568
squeezed_Quảng Ngãi,2016-06-01,31.0827,38.09402018364776,37.954456,38.094202910827974,34.278866,42.402864172030554,38.353973,44.689534093127186,34.35877,34.93545958412859,26.368359,43.131109269593544
squeezed_Quảng Ngãi,2016-07-01,37.954456,35.89021277162668,34.278866,43.96810177893978,38.353973,42.09246496764967,34.35877,45.314343188097446,26.368359,42.21270918780392,40.035805,37.80850128174478
squeezed_Quảng Ngãi,2016-08-01,34.278866,35.16601750161846,38.353973,40.636358337877866,34.35877,44.846487865249856,26.368359,39.0316936011213,40.035805,38.0661928522303,54.113434,39.58139911631995
squeezed_Quảng Ngãi,2016-09-01,38.353973,37.90029641515921,34.35877,44.62753078065227,26.368359,44.90176754109636,40.035805,39.79324037860279,54.113434,35.413983161796935,48.580032,36.523889338532804
squeezed_Quảng Ngãi,2016-10-01,34.35877,39.18458903975173,26.368359,42.29871842450314,40.035805,36.767515260380655,54.113434,37.64745584109371,48.580032,32.55426769342289,0.0,39.61957696820421
squeezed_Quảng Ngãi,2016-11-01,26.368359,42.26241302485272,40.035805,39.902634632333196,54.113434,34.934522987462294,48.580032,36.262540605129146,0.0,33.24103849799049,37.757343,37.02101645539975
squeezed_Quảng Ngãi,2016-12-01,40.035805,59.35261977884167,54.113434,35.20554971170753,48.580032,38.99857572648855,0.0,39.49061697051632,37.757343,36.6615227797156,45.731956,36.12718848609483
squeezed_Quảng Ngãi,2017-01-01,54.113434,35.94255409672945,48.580032,36.97620597450247,0.0,33.41143766943015,37.757343,41.73510087086821,45.731956,31.166112439677693,0.0,39.93744996596193
squeezed_Quảng Ngãi,2017-02-01,48.580032,42.48947996537311,0.0,41.786375802382864,37.757343,44.59528566335932,45.731956,37.787736711645294,0.0,45.24198115541711,0.0,42.18580277540357
squeezed_Quảng Ngãi,2017-03-01,0.0,47.05796606740923,37.757343,48.26902471415174,45.731956,44.79003207090045,0.0,44.928279827285834,0.0,41.63242147342274,64.61063,46.315650425320385
squeezed_Quảng Ngãi,2017-04-01,37.757343,39.22839506486683,45.731956,38.07788985299894,0.0,44.26416768787569,0.0,37.01064454262074,64.61063,36.83909394150208,22.052242,44.20433786219199
squeezed_Quảng Ngãi,2017-05-01,45.731956,35.5642345412317,0.0,36.33744467128617,0.0,30.919764955070193,64.61063,42.564675815094546,22.052242,42.57457643242427,33.607292,55.17597203681809
squeezed_Quảng Ngãi,2017-06-01,0.0,38.19335031189131,0.0,40.24551642857901,64.61063,37.54943413192314,22.052242,37.16721296842823,33.607292,98.90157789668929,29.864105,43.34186669732422
squeezed_Quảng Ngãi,2017-07-01,0.0,37.64587735677026,64.61063,39.5823016501365,22.052242,45.05863961478896,33.607292,48.68067452934676,29.864105,68.75972954932148,32.669647,41.03882546461575
squeezed_Quảng Ngãi,2017-08-01,64.61063,26.256808799005395,22.052242,26.70852800513175,33.607292,31.584208823006158,29.864105,45.018974839495,32.669647,45.984798377167486,26.493296,34.036553895989215
squeezed_Quảng Ngãi,2017-09-01,22.052242,38.01308794490266,33.607292,59.03292083110656,29.864105,32.163313131330504,32.669647,31.74433231689465,26.493296,37.97981839929049,33.40106,36.63247995832373
squeezed_Quảng Ngãi,2017-10-01,33.607292,78.23452333390006,29.864105,31.798076660608075,32.669647,29.592022122271935,26.493296,35.30450016998961,33.40106,31.182332415879717,32.100773,37.93644559564093
squeezed_Quảng Ngãi,2017-11-01,29.864105,47.1462774354524,32.669647,29.311237827764366,26.493296,35.607117118648695,33.40106,39.17105413198492,32.100773,36.00637330003334,30.150345,37.97738454080954
squeezed_Quảng Ngãi,2017-12-01,32.669647,34.9226716531939,26.493296,31.49488508992193,33.40106,34.137914494726836,32.100773,38.70273686429203,30.150345,39.89116080949937,36.5705,38.91900570310614
squeezed_Quảng Ninh,2016-01-01,14.617018,24.786122104747747,166.9933,28.33071022352778,36.09342,27.54345294782459,22.78295,34.1320103072889,18.618324,40.649832304336115,21.394741,25.8738013778245
squeezed_Quảng Ninh,2016-02-01,166.9933,24.309392350205275,36.09342,30.13535536871411,22.78295,31.033757160374023,18.618324,31.587742053236024,21.394741,30.801542463843806,27.029234,24.733915063343257
squeezed_Quảng Ninh,2016-03-01,36.09342,115.51140521756055,22.78295,103.21441569483268,18.618324,64.73078991213274,21.394741,57.86331868871879,27.029234,56.85702519012405,28.172464,50.61727191295483
squeezed_Quảng Ninh,2016-04-01,22.78295,75.9152897249937,18.618324,58.31654445419103,21.394741,57.225644664263555,27.029234,57.122588453943166,28.172464,55.969565429129034,22.374653,49.71967789680962
squeezed_Quảng Ninh,2016-05-01,18.618324,44.087850858126224,21.394741,44.50899787608913,27.029234,54.43958843553468,28.172464,55.149508100733875,22.374653,40.809829841201456,15.351952,48.356444990569734
squeezed_Quảng Ninh,2016-06-01,21.394741,42.290247041662326,27.029234,37.88821119587448,28.172464,39.06058504725964,22.374653,44.57988425381672,15.351952,38.18381677081702,0.4899559,52.12519726885755
squeezed_Quảng Ninh,2016-07-01,27.029234,56.89085055042131,28.172464,35.821672917034725,22.374653,37.744352686458825,15.351952,39.47681156410319,0.4899559,50.36809638540734,19.296608,40.09491809033008
squeezed_Quảng Ninh,2016-08-01,28.172464,39.29944021356966,22.374653,36.553513228457504,15.351952,37.302464611976504,0.4899559,49.99998972194101,19.296608,44.673553453960146,16.651104,41.710463965272965
squeezed_Quảng Ninh,2016-09-01,22.374653,34.24140655084166,15.351952,30.864922710271316,0.4899559,41.9224147575596,19.296608,38.05302450181253,16.651104,27.697037686400968,33.84687,46.350528808402586
squeezed_Quảng Ninh,2016-10-01,15.351952,24.86262053129702,0.4899559,30.64780156115652,19.296608,30.253638600374867,16.651104,38.417954282624024,33.84687,52.98481375996327,45.98506,41.59860099872111
squeezed_Quảng Ninh,2016-11-01,0.4899559,29.66495676979273,19.296608,44.7436215448985,16.651104,45.64578055655641,33.84687,58.76328555969668,45.98506,41.125172680865965,29.411764,45.72083149133821
squeezed_Quảng Ninh,2016-12-01,19.296608,21.08060617303516,16.651104,33.152002222610015,33.84687,51.61910631948464,45.98506,35.0629580706237,29.411764,45.932856884739685,28.633677,30.214583857731267
squeezed_Quảng Ninh,2017-01-01,16.651104,33.176142277069474,33.84687,46.462802529518214,45.98506,28.635152073427996,29.411764,43.7676230735669,28.633677,46.09461076633054,36.10333,29.690468775050952
squeezed_Quảng Ninh,2017-02-01,33.84687,34.44535655482127,45.98506,22.47288844647154,29.411764,37.93908074842765,28.633677,22.88397179276517,36.10333,34.24663155791142,29.489574,27.86259915515136
squeezed_Quảng Ninh,2017-03-01,45.98506,25.85376037716171,29.411764,33.66520201134887,28.633677,20.776963937988587,36.10333,32.13321520796985,29.489574,31.33648381246393,24.354187,30.008752330184958
squeezed_Quảng Ninh,2017-04-01,29.411764,31.60153370025925,28.633677,38.045929298351965,36.10333,33.404688899230734,29.489574,33.58391588918751,24.354187,34.93559273118467,26.065983,35.06737476938305
squeezed_Quảng Ninh,2017-05-01,28.633677,36.93009361882086,36.10333,36.80647406722788,29.489574,33.69108041325779,24.354187,47.1319094520139,26.065983,30.802487936610607,22.798008,35.811576283928936
squeezed_Quảng Ninh,2017-06-01,36.10333,29.49208093857147,29.489574,33.63358636796503,24.354187,32.41545556433347,26.065983,44.62345047992968,22.798008,27.52313487541017,23.731714,37.42762984516185
squeezed_Quảng Ninh,2017-07-01,29.489574,32.93212723158643,24.354187,37.004230116011954,26.065983,34.192810375248264,22.798008,39.483729839907674,23.731714,28.964157191736053,0.0,33.70806436981979
squeezed_Quảng Ninh,2017-08-01,24.354187,35.408728780260226,26.065983,39.47028461217832,22.798008,33.18358441018203,23.731714,35.13745741851482,0.0,27.489439732828348,49.236904,32.705697664755775
squeezed_Quảng Ninh,2017-09-01,26.065983,30.097616267224183,22.798008,27.837034287531168,23.731714,32.560881265490224,0.0,29.2701886770302,49.236904,23.127570610690857,36.88933,34.98358891438142
squeezed_Quảng Ninh,2017-10-01,22.798008,30.097616267224183,23.731714,29.970629887882062,0.0,29.17074382087236,49.236904,28.517882917250617,36.88933,27.67043303605197,39.4202,31.6943352425605
squeezed_Quảng Ninh,2017-11-01,23.731714,25.662267065469514,0.0,26.32504026003726,49.236904,25.87059696094639,36.88933,26.07642889477084,39.4202,21.6385667909819,31.98098,32.49576883946094
squeezed_Quảng Ninh,2017-12-01,0.0,28.407606696550964,49.236904,21.2646375416525,36.88933,27.165129220711805,39.4202,37.87295799362486,31.98098,27.355227841134507,28.529795,36.77411604608453
squeezed_Quảng Trị,2016-01-01,228.8693,232.4874265249498,291.74017,243.97346209216653,283.40015,235.53037502352558,230.15236,211.73179124762987,204.65117,197.33279262941355,187.1692,206.06162595363796
squeezed_Quảng Trị,2016-02-01,291.74017,230.1084776225674,283.40015,243.47558027209976,230.15236,205.60864221376545,204.65117,201.01428828205644,187.1692,205.40161504016933,185.0842,231.82758286433008
squeezed_Quảng Trị,2016-03-01,283.40015,276.0880782311343,230.15236,214.93595304661434,204.65117,195.323239955532,187.1692,211.18805078125288,185.0842,222.87989809260048,236.56776,254.2318265628606
squeezed_Quảng Trị,2016-04-01,230.15236,232.00446829002695,204.65117,228.70046243166894,187.1692,227.2916069172184,185.0842,229.73834844765287,236.56776,260.24147759035804,259.82358,284.8325749431779
squeezed_Quảng Trị,2016-05-01,204.65117,212.47482281197466,187.1692,228.6588818456537,185.0842,274.8703574977598,236.56776,239.6073729611501,259.82358,337.5668178502449,238.332,244.9195087445692
squeezed_Quảng Trị,2016-06-01,187.1692,235.32800616660114,185.0842,259.26221649653996,236.56776,276.8585368527674,259.82358,246.3940907583009,238.332,259.5281206321714,57.4178,244.6897384137376
squeezed_Quảng Trị,2016-07-01,185.0842,223.53343588652154,236.56776,268.03826904869936,259.82358,245.05773549268338,238.332,239.50915732196242,57.4178,236.94064788102295,205.9482,228.8234182378553
squeezed_Quảng Trị,2016-08-01,236.56776,222.7747451700033,259.82358,234.66438477000514,238.332,242.67031751284733,57.4178,232.21014717216195,205.9482,211.33531960444205,197.63351,221.80922880157934
squeezed_Quảng Trị,2016-09-01,259.82358,239.78292942723874,238.332,280.2708588599391,57.4178,237.7992640700904,205.9482,225.14703562166594,197.63351,222.86829332557878,235.84906,241.46129608840218
squeezed_Quảng Trị,2016-10-01,238.332,249.3538850996679,57.4178,253.79668796714188,205.9482,231.0065737751377,197.63351,224.80027785647624,235.84906,246.87914741724285,239.6866,253.81482409662405
squeezed_Quảng Trị,2016-11-01,57.4178,257.0193232815007,205.9482,233.75449718614996,197.63351,226.0305385021062,235.84906,267.2723290421238,239.6866,244.6920781552128,182.60313,241.6667022903995
squeezed_Quảng Trị,2016-12-01,205.9482,176.13517650154517,197.63351,223.95083956007926,235.84906,242.6766549798733,239.6866,262.0072417367511,182.60313,237.21027520343478,181.80365,242.24371825092663
squeezed_Quảng Trị,2017-01-01,197.63351,227.55911453895237,235.84906,282.1471672425517,239.6866,213.60493371951156,182.60313,203.5588989740256,181.80365,212.2066778569464,153.98145,214.22980386616754
squeezed_Quảng Trị,2017-02-01,235.84906,251.34547022279796,239.6866,243.1774511794312,182.60313,198.61916301255857,181.80365,212.75455741144017,153.98145,209.63520520350946,170.61081,210.29909796554844
squeezed_Quảng Trị,2017-03-01,239.6866,245.61552278944657,182.60313,218.77115875894626,181.80365,199.03818788070419,153.98145,208.5774674949801,170.61081,218.4904104497235,194.27567,270.76072425053
squeezed_Quảng Trị,2017-04-01,182.60313,227.9185814610326,181.80365,216.84201619500618,153.98145,210.21875440540026,170.61081,217.37509732779597,194.27567,275.42881766000596,214.26288,250.02569258213768
squeezed_Quảng Trị,2017-05-01,181.80365,207.62011722706978,153.98145,216.4677276004486,170.61081,204.80089282285212,194.27567,231.28647575235632,214.26288,254.63340360175704,224.01663,235.26718190648992
squeezed_Quảng Trị,2017-06-01,153.98145,213.9276533209456,170.61081,207.8132971117367,194.27567,237.4816120228251,214.26288,256.31762972765955,224.01663,222.87464152264604,235.36937,209.95106078738203
squeezed_Quảng Trị,2017-07-01,170.61081,192.22378162109845,194.27567,238.06573392448152,214.26288,253.72251801197976,224.01663,239.8000234862829,235.36937,203.32496138027244,198.82484,200.7762058742136
squeezed_Quảng Trị,2017-08-01,194.27567,207.8663556751435,214.26288,242.40504602943264,224.01663,217.88415237663168,235.36937,207.72343304249273,198.82484,197.74397094547487,158.80579,207.35085178765704
squeezed_Quảng Trị,2017-09-01,214.26288,240.1632207917085,224.01663,225.09616303586935,235.36937,192.4468735346902,198.82484,175.10137144820862,158.80579,196.96642692990713,181.51501,219.04198944830443
squeezed_Quảng Trị,2017-10-01,224.01663,228.75560809838254,235.36937,231.60007752731886,198.82484,195.2384841573577,158.80579,193.6150918271552,181.51501,227.72876165389584,193.42545,249.37878243273605
squeezed_Quảng Trị,2017-11-01,235.36937,234.68098484326165,198.82484,198.60351488779776,158.80579,209.11848153589236,181.51501,241.81220363271095,193.42545,270.90413992971696,145.6249,224.5109951571799
squeezed_Quảng Trị,2017-12-01,198.82484,191.78603571579393,158.80579,221.17526010745306,181.51501,245.76840341225844,193.42545,247.05342246542108,145.6249,267.00333433129833,145.7837,207.55876837598404
squeezed_Sóc Trăng,2016-01-01,16.457144,21.48249470353133,19.27619,19.66872990356476,19.809525,23.01763625826359,17.066668,17.675192832829037,21.409523,16.693911243187717,23.619047,22.381558191677662
squeezed_Sóc Trăng,2016-02-01,19.27619,22.221077296389115,19.809525,20.251299009976115,17.066668,20.889478864872018,21.409523,19.96576274148318,23.619047,18.058435263785995,21.180952,22.855308062522855
squeezed_Sóc Trăng,2016-03-01,19.809525,21.21611759274415,17.066668,20.834628103241297,21.409523,21.070478969157882,23.619047,52.418229643149985,21.180952,24.043227436802777,20.952381,23.57523632103035
squeezed_Sóc Trăng,2016-04-01,17.066668,32.312698613350484,21.409523,21.378447146085062,23.619047,21.581539633065074,21.180952,57.37047401970396,20.952381,23.93596316333678,22.323809,21.96852715424717
squeezed_Sóc Trăng,2016-05-01,21.409523,23.010961070049095,23.619047,21.045905910708832,21.180952,25.206585841732377,20.952381,23.0774737916702,22.323809,20.696631000680284,24.304762,21.161492937663674
squeezed_Sóc Trăng,2016-06-01,23.619047,23.889365164939647,21.180952,23.139157889134026,20.952381,27.523961844581628,22.323809,24.687513491269755,24.304762,18.668671540451594,24.304762,22.50323729008439
squeezed_Sóc Trăng,2016-07-01,21.180952,25.27626603247924,20.952381,24.956608533666365,22.323809,25.388534450134827,24.304762,21.735034515076837,24.304762,18.31913858111013,13.625544,24.208238847736638
squeezed_Sóc Trăng,2016-08-01,20.952381,24.867276297430607,22.323809,24.545660535014903,24.304762,25.23245547174996,24.304762,21.65688994023418,13.625544,17.62496868487338,12.148075,22.9058999556912
squeezed_Sóc Trăng,2016-09-01,22.323809,24.942233008449556,24.304762,22.158257288833724,24.304762,23.68777150899795,13.625544,21.035931106066343,12.148075,16.93741910642726,16.252155,22.9058999556912
squeezed_Sóc Trăng,2016-10-01,24.304762,25.336275393281014,24.304762,21.716820816274016,13.625544,22.17537620971132,12.148075,20.697055464237945,16.252155,17.507372364975826,17.647541,24.347984529871823
squeezed_Sóc Trăng,2016-11-01,24.304762,26.490044400776938,13.625544,20.83652600211095,12.148075,21.81008315775208,16.252155,20.389500774194826,17.647541,18.227525489899314,16.744644,22.114916401939002
squeezed_Sóc Trăng,2016-12-01,13.625544,24.303077667226702,12.148075,23.23022469230506,16.252155,21.81008315775208,17.647541,21.83706208576482,16.744644,20.524913665553726,17.729624,23.03568457590526
squeezed_Sóc Trăng,2017-01-01,12.148075,21.678107458471416,16.252155,20.73101166966106,17.647541,21.96870932531521,16.744644,18.408591853162765,17.729624,20.429942345056777,19.371256,22.23634068402582
squeezed_Sóc Trăng,2017-02-01,16.252155,21.48249470353133,17.647541,20.28124574947597,16.744644,23.699243945589124,17.729624,17.994626108654195,19.371256,32.250984117749695,20.274153,23.98848623561392
squeezed_Sóc Trăng,2017-03-01,17.647541,22.20263613445569,16.744644,22.622002846364147,17.729624,20.682337633634553,19.371256,44.17073563081921,20.274153,26.60470028865524,17.237133,22.339056809827444
squeezed_Sóc Trăng,2017-04-01,16.744644,19.855894607019163,17.729624,16.484989659738496,19.371256,17.411545947756768,20.274153,25.932371973999903,17.237133,19.51576408523671,20.930805,22.288349633474567
squeezed_Sóc Trăng,2017-05-01,17.729624,24.32587387021348,19.371256,20.75754886324405,20.274153,21.466454903246397,17.237133,22.47078836960809,20.930805,21.031582578226026,17.072971,23.162660112094727
squeezed_Sóc Trăng,2017-06-01,19.371256,22.965453131584162,20.274153,21.569965576941925,17.237133,22.397988547779306,20.930805,24.16383248863198,17.072971,18.715314227738798,17.56546,22.44241112891158
squeezed_Sóc Trăng,2017-07-01,20.274153,23.62746747290042,17.237133,23.79075677046403,20.930805,25.68031579776479,17.072971,25.733227505165623,17.56546,18.555135127577675,17.703508,22.093123026155194
squeezed_Sóc Trăng,2017-08-01,17.237133,24.263876576448634,20.930805,22.39425810303264,17.072971,24.832843807787995,17.56546,24.86023776867109,17.703508,18.438686550697092,17.207148,21.620494378188862
squeezed_Sóc Trăng,2017-09-01,20.930805,24.75890612853153,17.072971,20.40573756067861,17.56546,24.832843807787995,17.703508,17.641283501846672,17.207148,18.37052351005294,14.063534,22.32985667307114
squeezed_Sóc Trăng,2017-10-01,17.072971,24.516539409814772,17.56546,21.881628968099328,17.703508,22.204763734832774,17.207148,21.518737792683947,14.063534,19.11454215773599,10.340834,23.2683983175001
squeezed_Sóc Trăng,2017-11-01,17.56546,24.041668280506848,17.703508,18.677964997781142,17.207148,21.855474913312015,14.063534,20.119747129676455,10.340834,16.520397342935624,14.394441,20.80248417632049
squeezed_Sóc Trăng,2017-12-01,17.703508,21.868469875395878,17.207148,17.67996325636315,14.063534,22.766329598292376,10.340834,20.062578894320946,14.394441,16.211538553090506,12.326274,19.987643923498034
squeezed_Sơn La,2016-01-01,144.95033,185.99654524842643,175.24834,198.1156626358679,213.49338,178.73248367374285,207.53311,189.2169216628474,171.93709,172.2455582661488,151.49007,192.91764197309058
squeezed_Sơn La,2016-02-01,175.24834,174.62185793278633,213.49338,164.10428619196867,207.53311,171.89185314601744,171.93709,182.28138078242893,151.49007,181.3647834914545,150.16556,201.5405726918508
squeezed_Sơn La,2016-03-01,213.49338,177.31744778493686,207.53311,173.08075287942756,171.93709,170.01944511210226,151.49007,189.78485851067936,150.16556,203.16248044267687,202.40067,230.86654893366313
squeezed_Sơn La,2016-04-01,207.53311,187.69229677698235,171.93709,192.93518910725552,151.49007,213.12764045537537,150.16556,214.57470246675146,202.40067,226.33734232974854,180.71191,227.3224721015719
squeezed_Sơn La,2016-05-01,171.93709,202.20237491824892,151.49007,213.1340980486622,150.16556,227.02196504491215,202.40067,236.84227466247225,180.71191,206.99449285522806,163.82451,190.88208109989338
squeezed_Sơn La,2016-06-01,151.49007,203.9211964799001,150.16556,219.244202870685,202.40067,228.1918121322835,180.71191,199.18117660250144,163.82451,185.43811506782157,7.781457,187.03407214123078
squeezed_Sơn La,2016-07-01,150.16556,233.9591176283894,202.40067,246.84802844948248,180.71191,216.60535146395443,163.82451,186.70413998722162,7.781457,174.4534056487424,108.78523,178.638930308418
squeezed_Sơn La,2016-08-01,202.40067,185.41400110715816,180.71191,208.025260394932,163.82451,176.48197018223377,7.781457,174.1637061857582,108.78523,170.6120560157256,122.87786,166.56881521183132
squeezed_Sơn La,2016-09-01,180.71191,198.20497958069814,163.82451,193.36970112919514,7.781457,175.94922531495644,108.78523,152.80792615378013,122.87786,167.2268641323349,0.0,178.65383548889918
squeezed_Sơn La,2016-10-01,163.82451,182.25539106425947,7.781457,168.85958578316834,108.78523,165.7690950015734,122.87786,162.25966836938014,0.0,172.14724749611472,123.86682,182.21022420897035
squeezed_Sơn La,2016-11-01,7.781457,171.91611669811078,108.78523,153.35139424554674,122.87786,158.81625399914668,0.0,176.8103772941301,123.86682,173.80197952305687,118.26273,189.7663554694709
squeezed_Sơn La,2016-12-01,108.78523,157.7411893111852,122.87786,140.60727360929712,0.0,173.37025210533332,123.86682,166.29600130324766,118.26273,159.57410740983266,112.49382,165.91105563986454
squeezed_Sơn La,2017-01-01,122.87786,125.85654765788121,0.0,155.80158207226657,123.86682,157.35199528120765,118.26273,168.41553581721854,112.49382,149.64922156540783,139.03082,162.17098126594388
squeezed_Sơn La,2017-02-01,0.0,146.6100170047083,123.86682,156.91655416437627,118.26273,133.81990519770025,112.49382,146.11994597431945,139.03082,160.8970970514522,202.81853,155.352061896074
squeezed_Sơn La,2017-03-01,123.86682,156.07341399993342,118.26273,139.38699878149336,112.49382,134.25694390439187,139.03082,153.47442540347706,202.81853,141.34879869511104,216.00461,146.7550861175401
squeezed_Sơn La,2017-04-01,118.26273,124.11358640451871,112.49382,134.1637925367264,139.03082,132.4255966746039,202.81853,139.3262994663064,216.00461,153.92813373688827,179.08357,126.69309338893514
squeezed_Sơn La,2017-05-01,112.49382,124.7099559531203,139.03082,137.29951520460313,202.81853,129.3696332213311,216.00461,148.05781271354965,179.08357,142.71356054925926,159.22202,111.52633709834367
squeezed_Sơn La,2017-06-01,139.03082,134.6492716281097,202.81853,137.15565385421297,216.00461,132.29471340059223,179.08357,148.9505445130134,159.22202,132.00655217932294,142.57458,107.60006855137792
squeezed_Sơn La,2017-07-01,202.81853,142.18025694758688,216.00461,149.78875454186124,179.08357,146.6015422020057,159.22202,137.48316774241127,142.57458,114.32588596512163,156.84048,109.89955380002979
squeezed_Sơn La,2017-08-01,216.00461,167.64426873510493,179.08357,165.7869532826449,159.22202,142.91128151551305,142.57458,113.08057062034034,156.84048,112.93406256951289,106.15522,106.6448990544463
squeezed_Sơn La,2017-09-01,179.08357,169.81539634085667,159.22202,152.16670224346348,142.57458,110.52085804698764,156.84048,124.41242843061977,106.15522,111.44612612719575,0.0,116.04041952812497
squeezed_Sơn La,2017-10-01,159.22202,161.5692517771358,142.57458,133.6566377054159,156.84048,142.65809258951805,106.15522,132.9872354020404,0.0,128.68192924039826,104.046715,128.96481882678992
squeezed_Sơn La,2017-11-01,142.57458,138.90165649472414,156.84048,137.7038040809783,106.15522,127.0191686443356,0.0,137.28999907155088,104.046715,146.59764035769678,94.23405,144.74979692150626
squeezed_Sơn La,2017-12-01,156.84048,136.90841253609702,106.15522,127.94624437698134,0.0,133.79880270859738,104.046715,140.5234428918536,94.23405,144.76959498279916,86.77317,143.17146559817462
squeezed_TT Huế,2016-01-01,146.19934,130.27596280151872,197.5126,141.98889543747612,150.46095,138.67121977567692,130.80536,132.195362570929,121.32545,125.12461917584957,104.88781,130.37760638373595
squeezed_TT Huế,2016-02-01,197.5126,155.42149604940738,150.46095,147.03483421937392,130.80536,142.39009154012132,121.32545,129.8574579427866,104.88781,123.9136614772038,119.58601,140.1685008300781
squeezed_TT Huế,2016-03-01,150.46095,168.19242223444675,130.80536,152.60691929165483,121.32545,136.79509564346074,104.88781,131.46208951353327,119.58601,137.53596781693585,132.37085,159.58568243886577
squeezed_TT Huế,2016-04-01,130.80536,150.04164098314976,121.32545,147.39219955055032,104.88781,141.51622115158318,119.58601,151.55715012054227,132.37085,140.04798378767,112.01948,185.44981540030784
squeezed_TT Huế,2016-05-01,121.32545,139.98932580719588,104.88781,134.14003441368402,119.58601,148.43503039882157,132.37085,146.04655459227305,112.01948,194.0249330551286,112.280396,142.84037882996145
squeezed_TT Huế,2016-06-01,104.88781,135.46173424226524,119.58601,136.41452108440208,132.37085,144.51371451394843,112.01948,150.1215688853609,112.280396,137.07218191242396,47.312576,161.70309387951806
squeezed_TT Huế,2016-07-01,119.58601,127.5631643373746,132.37085,136.91345652596146,112.01948,133.3336249995607,112.280396,133.9148380434718,47.312576,167.04114597889327,69.43208,145.05460974854674
squeezed_TT Huế,2016-08-01,132.37085,138.03907968811143,112.01948,130.93877329761904,112.280396,127.34564740331295,47.312576,148.37919836914764,69.43208,108.39347384231593,115.63112,131.48074428004495
squeezed_TT Huế,2016-09-01,112.01948,142.12146048421744,112.280396,133.49102540516878,47.312576,133.09757694568765,69.43208,118.67589973580648,115.63112,119.18410031805739,140.02136,138.44694710611978
squeezed_TT Huế,2016-10-01,112.280396,126.88528515621564,47.312576,132.6736977453049,69.43208,116.27540294001068,115.63112,124.24290918829843,140.02136,128.32295500824736,111.00231,129.53593321169853
squeezed_TT Huế,2016-11-01,47.312576,123.92613013979573,69.43208,141.09651362755696,115.63112,126.82741171957908,140.02136,138.70733872820477,111.00231,121.43855379238633,102.9019,114.66756792485533
squeezed_TT Huế,2016-12-01,69.43208,127.17082335829963,115.63112,112.16401915610716,140.02136,126.68237580293136,111.00231,127.56298729410737,102.9019,112.42333623112135,92.66512,110.43750078843195
squeezed_TT Huế,2017-01-01,115.63112,105.19502621481976,140.02136,127.97441263009596,111.00231,114.53107949416624,102.9019,120.72830928496224,92.66512,108.25756221904564,101.92274,108.95083712331667
squeezed_TT Huế,2017-02-01,140.02136,135.3704319926294,111.00231,122.03869921988876,102.9019,118.90893844385165,92.66512,113.58907020197499,101.92274,102.56632109204033,132.63307,105.90220240210785
squeezed_TT Huế,2017-03-01,111.00231,135.37271519505114,102.9019,115.6137557531751,92.66512,118.19906973924603,101.92274,114.29334016610059,132.63307,118.09296454582459,126.04593,110.39841258488578
squeezed_TT Huế,2017-04-01,102.9019,121.48472330132672,92.66512,120.78219819383767,101.92274,111.95558747989058,132.63307,116.03586247491859,126.04593,112.33174384239594,136.46074,103.10520067133167
squeezed_TT Huế,2017-05-01,92.66512,116.95075149361278,101.92274,123.65538905352646,132.63307,115.99104612465987,126.04593,115.56531353029456,136.46074,113.06035318249158,127.64821,107.86473757909707
squeezed_TT Huế,2017-06-01,101.92274,106.9778021572854,132.63307,109.45661474263503,126.04593,105.2264834197948,136.46074,107.60921505652163,127.64821,112.16653021259492,136.99484,102.65524682872896
squeezed_TT Huế,2017-07-01,132.63307,115.99457996856493,126.04593,115.13222384953568,136.46074,117.7152072175802,127.64821,116.47875791830306,136.99484,185.98388496276877,117.202774,98.0255387269831
squeezed_TT Huế,2017-08-01,126.04593,139.7930960195975,136.46074,120.62215970094095,127.64821,116.24098625494561,136.99484,122.62607660764971,117.202774,95.16378819666163,95.34388,108.22289773184112
squeezed_TT Huế,2017-09-01,136.46074,126.1091133127469,127.64821,108.34142461293972,136.99484,146.1794682295493,117.202774,94.78769581550792,95.34388,106.97652212067914,117.735916,106.08137332881343
squeezed_TT Huế,2017-10-01,127.64821,126.57554722777193,136.99484,150.25678164246585,117.202774,109.97765260247954,95.34388,116.05400297121011,117.735916,116.1416139468098,92.14501,108.7741977709937
squeezed_TT Huế,2017-11-01,136.99484,205.7018998401565,117.202774,104.70177706056776,95.34388,131.82211067542684,117.735916,118.06935897282474,92.14501,117.38171854121542,90.36787,118.47918298583083
squeezed_TT Huế,2017-12-01,117.202774,118.12122778651595,95.34388,123.73949240973282,117.735916,134.25272274413143,92.14501,120.58700567380077,90.36787,117.73529952680991,72.24098,116.29273690737021
squeezed_Thanh Hóa,2016-01-01,198.90599,211.34381937314657,209.93112,206.40930778732815,229.74237,220.0455047595347,219.22739,200.39230854203444,228.26857,196.2795937723218,193.66267,183.60100737669785
squeezed_Thanh Hóa,2016-02-01,209.93112,219.4920238497792,229.74237,217.3788931547986,219.22739,205.58163831366042,228.26857,202.08190895989478,193.66267,196.0207343687764,192.21721,190.7687770248901
squeezed_Thanh Hóa,2016-03-01,229.74237,219.96578522842373,219.22739,227.104345761779,228.26857,210.0542605264491,193.66267,192.51616655910334,192.21721,197.6185745564059,194.73967,188.58963002016023
squeezed_Thanh Hóa,2016-04-01,219.22739,220.40111422849128,228.26857,218.31652689271783,193.66267,194.87138723307504,192.21721,200.9842382704084,194.73967,197.7059185617316,195.2215,185.32983732591399
squeezed_Thanh Hóa,2016-05-01,228.26857,226.50318936152283,193.66267,208.28618729139856,192.21721,202.8815669789342,194.73967,201.81619005371516,195.2215,182.59497439946074,193.69101,191.7850742612832
squeezed_Thanh Hóa,2016-06-01,193.66267,210.69732478200316,192.21721,206.12558541355978,194.73967,207.31121329687997,195.2215,202.49298089443872,193.69101,187.28532133190487,169.77014,184.94801324226745
squeezed_Thanh Hóa,2016-07-01,192.21721,204.0472785219447,194.73967,207.79001274458142,195.2215,197.1061822069766,193.69101,196.5592102637179,169.77014,189.89987387603094,176.40204,180.44581795609741
squeezed_Thanh Hóa,2016-08-01,194.73967,204.95560104076296,195.2215,196.33802560519698,193.69101,194.53072092654486,169.77014,194.74367756776869,176.40204,168.52654893259543,189.13895,187.78197944150054
squeezed_Thanh Hóa,2016-09-01,195.2215,210.0801181088122,193.69101,195.8212684583243,169.77014,207.09791772453045,176.40204,173.74245597700977,189.13895,173.91910799496495,204.0403,204.31286481122382
squeezed_Thanh Hóa,2016-10-01,193.69101,201.46721447043663,169.77014,203.7629372522012,176.40204,178.92471101624906,189.13895,180.534450170595,204.0403,198.06458350726496,203.56856,212.7307459782805
squeezed_Thanh Hóa,2016-11-01,169.77014,197.35164177962452,176.40204,170.13372116110816,189.13895,184.18648139613424,204.0403,202.32568523168808,203.56856,199.7839146711197,197.87996,216.21310031441772
squeezed_Thanh Hóa,2016-12-01,176.40204,167.90528400450208,189.13895,169.0370547891567,204.0403,190.25231345015692,203.56856,192.9988405178616,197.87996,184.8920772775535,204.0403,210.0321658803649
squeezed_Thanh Hóa,2017-01-01,189.13895,185.86342920674994,204.0403,201.88957042476807,203.56856,208.4574788101414,197.87996,208.651927663162,204.0403,197.56032260155416,189.0557,186.9633024050808
squeezed_Thanh Hóa,2017-02-01,204.0403,202.4251947431402,203.56856,210.29790743313666,197.87996,206.64115453076096,204.0403,192.21420520374318,189.0557,173.2322982785159,195.38252,186.9090245772838
squeezed_Thanh Hóa,2017-03-01,203.56856,215.99518996893806,197.87996,217.4300504009596,204.0403,194.71780987406214,189.0557,185.23465781085406,195.38252,190.61972157672403,226.48944,183.30679591298372
squeezed_Thanh Hóa,2017-04-01,197.87996,216.40197402196654,204.0403,194.28518979219538,189.0557,186.04409560134636,195.38252,199.91693414920312,226.48944,201.589384957863,219.49663,189.99385791413582
squeezed_Thanh Hóa,2017-05-01,204.0403,203.7008450075138,189.0557,192.0375320728771,195.38252,188.44197786072974,226.48944,196.20880733459921,219.49663,185.76622320153777,191.80287,183.01883529623842
squeezed_Thanh Hóa,2017-06-01,189.0557,199.08203771496167,195.38252,196.2836837671482,226.48944,200.67936289241516,219.49663,201.81142303692485,191.80287,182.9711678242808,219.44113,196.1612521085197
squeezed_Thanh Hóa,2017-07-01,195.38252,199.98354754996626,226.48944,201.94946501877132,219.49663,191.1687665732124,191.80287,200.73780720154272,219.44113,189.50700146775517,200.17624,174.81498696014623
squeezed_Thanh Hóa,2017-08-01,226.48944,204.9040381424269,219.49663,190.78358360794627,191.80287,186.32031648682872,219.44113,187.1104879648487,200.17624,166.41771608729698,177.07158,178.9584292746992
squeezed_Thanh Hóa,2017-09-01,219.49663,207.833039564958,191.80287,204.6861244886449,219.44113,193.6339621323859,200.17624,172.57183243463837,177.07158,168.99200580052667,201.4981,183.9152346579878
squeezed_Thanh Hóa,2017-10-01,191.80287,206.21159279571972,219.44113,196.37882343113463,200.17624,183.07464613405213,177.07158,181.16401947165915,201.4981,185.08956243545694,198.96455,184.56957554460504
squeezed_Thanh Hóa,2017-11-01,219.44113,196.22344588338072,200.17624,167.83514710354834,177.07158,177.35019303656006,201.4981,184.6566755152439,198.96455,179.4498963436546,177.56726,185.007678712215
squeezed_Thanh Hóa,2017-12-01,200.17624,179.9084619730952,177.07158,193.3805497479103,201.4981,194.6840181088851,198.96455,196.53518322551136,177.56726,183.6775976065821,173.95973,187.6031337380999
squeezed_Thái Bình,2016-01-01,210.72626,211.48104608523053,233.07263,249.40658236425804,229.3296,211.84719629510855,210.05586,216.92235495804428,204.58101,258.0092588854939,208.32402,202.9677787105317
squeezed_Thái Bình,2016-02-01,233.07263,244.29062213577254,229.3296,223.91891704063653,210.05586,240.29474350650742,204.58101,266.76724141763543,208.32402,211.12832133121933,203.40782,212.4554540567251
squeezed_Thái Bình,2016-03-01,229.3296,229.57842682596373,210.05586,252.27112503291022,204.58101,263.62717771224646,208.32402,214.7595080003131,203.40782,215.71779611528387,219.3296,210.96571691952386
squeezed_Thái Bình,2016-04-01,210.05586,248.07238622272732,204.58101,260.2239671745293,208.32402,215.27975895435586,203.40782,225.0179140037512,219.3296,206.94107803276367,162.56984,221.5043731994438
squeezed_Thái Bình,2016-05-01,204.58101,277.6780804456013,208.32402,212.24735142830323,203.40782,211.3746246596763,219.3296,215.9788953056152,162.56984,243.39184180123718,147.43016,221.1677981293462
squeezed_Thái Bình,2016-06-01,208.32402,213.84387757075075,203.40782,212.76386052343562,219.3296,216.7653569756325,162.56984,243.3599465744672,147.43016,217.0691588636408,107.65363,226.88626741363683
squeezed_Thái Bình,2016-07-01,203.40782,207.84879243226825,219.3296,225.24077987352246,162.56984,237.50850881379634,147.43016,218.31359568801764,107.65363,227.3148509486421,179.51357,197.03476265375738
squeezed_Thái Bình,2016-08-01,219.3296,218.29497477979618,162.56984,226.14849428650564,147.43016,228.64930220409244,107.65363,220.39207425482525,179.51357,206.59633477337837,195.92654,219.86147056989964
squeezed_Thái Bình,2016-09-01,162.56984,222.49640614079706,147.43016,222.00880065833027,107.65363,223.74488961061172,179.51357,190.36155374857222,195.92654,199.70270954723452,219.3814,242.20707853226526
squeezed_Thái Bình,2016-10-01,147.43016,191.60387069872513,107.65363,203.61984700772925,179.51357,181.6894587396566,195.92654,201.38084788301174,219.3814,241.00971154378368,197.17242,224.19899294393556
squeezed_Thái Bình,2016-11-01,107.65363,179.14217899341236,179.51357,168.3506340255856,195.92654,181.96942923957366,219.3814,213.56653933099625,197.17242,202.2510429959992,215.75212,216.25758531781483
squeezed_Thái Bình,2016-12-01,179.51357,146.16764306948951,195.92654,165.70149449607834,219.3814,182.12052692931746,197.17242,207.50675355968554,215.75212,195.7862472612744,0.0,220.664709495587
squeezed_Thái Bình,2017-01-01,195.92654,186.8314996251099,219.3814,188.49168032265288,197.17242,196.54220163098222,215.75212,190.44696814580246,0.0,203.61244384911538,199.88083,206.95090402017254
squeezed_Thái Bình,2017-02-01,219.3814,197.77899257127442,197.17242,197.33655216734226,215.75212,209.32657313051934,0.0,205.89586445031392,199.88083,214.13137144543668,0.0,210.75762595278292
squeezed_Thái Bình,2017-03-01,197.17242,214.56271636632738,215.75212,221.5566709637289,0.0,230.7529327222827,199.88083,205.3539182832433,0.0,214.01243719901353,200.15167,208.71635170772402
squeezed_Thái Bình,2017-04-01,215.75212,205.46182406101175,0.0,211.577466294786,199.88083,205.5138341738319,0.0,204.12482032058062,200.15167,213.38537295533627,212.66454,197.93719798852848
squeezed_Thái Bình,2017-05-01,0.0,220.3682341289998,199.88083,218.67758971994004,0.0,213.51686359757605,200.15167,204.63532056444123,212.66454,201.5818919147518,209.46861,192.89061769401135
squeezed_Thái Bình,2017-06-01,199.88083,217.0330537390574,0.0,188.8634711185941,200.15167,191.3230375794645,212.66454,193.03077579722657,209.46861,179.70353570311627,205.08098,164.6799753029504
squeezed_Thái Bình,2017-07-01,0.0,186.59787001410103,200.15167,192.00928698841417,212.66454,200.44354137143637,209.46861,192.8638263550129,205.08098,164.21951928580737,202.84775,176.65590872776943
squeezed_Thái Bình,2017-08-01,200.15167,189.13650759378376,212.66454,172.74303221809456,209.46861,147.102703390509,205.08098,156.14456672906957,202.84775,167.0608655627027,0.0,158.51170170485292
squeezed_Thái Bình,2017-09-01,212.66454,181.09561019803365,209.46861,151.74888607817726,205.08098,135.28990941253778,202.84775,139.65365954851515,0.0,156.10661000932996,212.82562,172.5550691636331
squeezed_Thái Bình,2017-10-01,209.46861,172.81686266353742,205.08098,158.7028896752302,202.84775,156.09699983460754,0.0,170.9111674686625,212.82562,185.193886105217,199.18019,189.1096589181185
squeezed_Thái Bình,2017-11-01,205.08098,173.85663902331106,202.84775,170.62696255313122,0.0,172.16855988440636,212.82562,185.4292030322625,199.18019,170.81359593881803,194.59576,175.07654476853773
squeezed_Thái Bình,2017-12-01,202.84775,170.42899980647965,0.0,165.38013930292124,212.82562,194.2815053342315,199.18019,192.45135670015316,194.59576,197.10433624454998,191.5215,218.94485661055788
squeezed_Thái Nguyên,2016-01-01,42.12156,50.528319897225174,67.13378,53.74164603412546,60.45299,54.547365898312556,52.71305,63.417787737304494,62.57129,68.72704891317075,46.684048,53.72738674102478
squeezed_Thái Nguyên,2016-02-01,67.13378,50.535947243645076,60.45299,53.648734725031574,52.71305,51.451551955074024,62.57129,62.59832455770828,46.684048,50.117955338133726,66.319046,53.97628421241521
squeezed_Thái Nguyên,2016-03-01,60.45299,58.30926020217506,52.71305,61.08961834957972,62.57129,55.21655848994569,46.684048,55.268776747062844,66.319046,53.4169860988506,67.05231,58.27552305120302
squeezed_Thái Nguyên,2016-04-01,52.71305,58.51398685510933,62.57129,63.140112894549674,46.684048,50.97039579619278,66.319046,58.79940829229346,67.05231,56.745466239719946,53.038944,56.27166907696162
squeezed_Thái Nguyên,2016-05-01,62.57129,62.840001725245564,46.684048,51.44922304836077,66.319046,51.43998725517538,67.05231,55.62226106276339,53.038944,53.831328399914774,47.25436,54.440207743102235
squeezed_Thái Nguyên,2016-06-01,46.684048,56.827625703679736,66.319046,57.80268388533548,67.05231,53.829525073832585,53.038944,62.03018409406889,47.25436,55.336982579949705,26.8861,56.98518472184229
squeezed_Thái Nguyên,2016-07-01,66.319046,56.678299645366494,67.05231,49.60945279089559,53.038944,54.431255748897556,47.25436,55.11234986401798,26.8861,51.19638965715438,35.188282,51.12763620872225
squeezed_Thái Nguyên,2016-08-01,67.05231,57.760593977321285,53.038944,58.00714828544577,47.25436,57.54711243842755,26.8861,56.32540707193527,35.188282,49.309865396386535,45.37855,57.30765401008172
squeezed_Thái Nguyên,2016-09-01,53.038944,69.19943154366761,47.25436,57.29956677516494,26.8861,63.439746611963784,35.188282,54.0902969162182,45.37855,50.44587533017663,56.36494,62.34355017056848
squeezed_Thái Nguyên,2016-10-01,47.25436,59.26283547657782,26.8861,53.427955292591385,35.188282,54.821556947267595,45.37855,52.63663990076267,56.36494,52.71145736836179,43.786324,57.03929521561742
squeezed_Thái Nguyên,2016-11-01,26.8861,50.42208109502637,35.188282,46.352622094443376,45.37855,54.88814787573152,56.36494,55.245439050795845,43.786324,56.64094205198409,45.85622,60.16239987507685
squeezed_Thái Nguyên,2016-12-01,35.188282,49.00855024779121,45.37855,39.91685290003458,56.36494,54.576841237639705,43.786324,63.81943401327586,45.85622,46.40268921710616,43.308655,55.3701778534438
squeezed_Thái Nguyên,2017-01-01,45.37855,44.19215064989921,56.36494,41.42320687843792,43.786324,59.75918294105063,45.85622,57.51232987398188,43.308655,56.99438596325788,41.318367,52.216376859433
squeezed_Thái Nguyên,2017-02-01,56.36494,45.07781117561548,43.786324,53.857533329834666,45.85622,60.392673734958855,43.308655,60.49679639745346,41.318367,55.9330948242736,39.168858,54.84209221126991
squeezed_Thái Nguyên,2017-03-01,43.786324,54.21734516973801,45.85622,55.09509314130026,43.308655,51.12672250912254,41.318367,59.70751250688172,39.168858,58.695669221134146,49.43874,62.24639210403741
squeezed_Thái Nguyên,2017-04-01,45.85622,52.044617803141406,43.308655,53.05099132476305,41.318367,59.66964962105643,39.168858,59.53065226207273,49.43874,56.804857679392015,56.84261,55.04119776392087
squeezed_Thái Nguyên,2017-05-01,43.308655,55.07520043384899,41.318367,49.905085918866966,39.168858,53.76063830192819,49.43874,57.98121275654351,56.84261,51.402939439416265,47.92612,53.369779101973094
squeezed_Thái Nguyên,2017-06-01,41.318367,50.422464527265326,39.168858,53.131805884642475,49.43874,49.22575581798415,56.84261,52.61463927097135,47.92612,51.14031240725334,49.91641,56.842380078139534
squeezed_Thái Nguyên,2017-07-01,39.168858,51.187761072528325,49.43874,51.57494656289869,56.84261,50.2265347909861,47.92612,51.7102920191227,49.91641,50.43954055454798,45.775753,47.58942339072395
squeezed_Thái Nguyên,2017-08-01,49.43874,49.34064063542481,56.84261,49.76905152643555,47.92612,45.579348834749766,49.91641,48.35872077572398,45.775753,39.84616424119633,35.17588,44.93761529206644
squeezed_Thái Nguyên,2017-09-01,56.84261,46.63401945542076,47.92612,48.13396464318511,49.91641,48.55169447841704,45.775753,46.737237426501714,35.17588,42.76840816264836,99.089195,47.06847103424148
squeezed_Thái Nguyên,2017-10-01,47.92612,51.613369718605085,49.91641,48.406262787618125,45.775753,45.43635317764226,35.17588,47.499063154257186,99.089195,50.366305252458595,48.2098,55.806598288673044
squeezed_Thái Nguyên,2017-11-01,49.91641,48.55246914856912,45.775753,46.59198827114709,35.17588,45.83480933036204,99.089195,49.91350269911717,48.2098,53.47495074406922,50.722363,54.08165863020522
squeezed_Thái Nguyên,2017-12-01,45.775753,50.35246265296251,35.17588,45.58685177804129,99.089195,49.880825450541145,48.2098,53.68269243626025,50.722363,55.75224835538289,35.80402,75.40406059704556
squeezed_Tiền Giang,2016-01-01,0.05746466,11.586452987590194,0.0,11.545783565052123,0.0,11.709561867469267,0.0,12.155482615466315,0.0,7.348133788192417,0.0,14.968349657927094
squeezed_Tiền Giang,2016-02-01,0.0,11.390840232650111,0.0,11.46949017172577,0.0,12.891491856766748,0.0,11.979994233499228,0.0,8.759561066588525,0.0,15.191102337600809
squeezed_Tiền Giang,2016-03-01,0.0,11.390840232650111,0.0,11.639718371581978,0.0,13.710391514002364,0.0,34.468809525232345,0.0,7.1575879048955215,0.0,15.413810232148991
squeezed_Tiền Giang,2016-04-01,0.0,11.390840232650111,0.0,11.982119306659085,0.0,14.62059554380536,0.0,12.534764602315612,0.0,7.41546912655529,0.0,15.015484109671387
squeezed_Tiền Giang,2016-05-01,0.0,11.939072859377898,0.0,13.912673222632996,0.0,15.721441779811963,0.0,12.931608828788884,0.0,12.752536747376721,2.6433744,15.280400884832925
squeezed_Tiền Giang,2016-06-01,0.0,12.650694396023141,0.0,11.921047359638386,0.0,30.15279887362899,0.0,13.292278522908653,2.6433744,12.744266785242164,0.0,15.280400884832925
squeezed_Tiền Giang,2016-07-01,0.0,12.817476954268448,0.0,17.772186743348428,0.0,15.287943330277715,2.6433744,25.174352614584954,0.0,8.104539710242667,0.0,14.4350584478313
squeezed_Tiền Giang,2016-08-01,0.0,12.575737685004192,0.0,12.516374820148819,2.6433744,23.97256018047808,0.0,12.749217051527264,0.0,7.881709904433483,0.0,13.926602039196258
squeezed_Tiền Giang,2016-09-01,0.0,12.650694396023141,2.6433744,10.367371760535528,0.0,13.674106032506971,0.0,17.62453752871664,0.0,7.676676336303646,0.0,13.926602039196258
squeezed_Tiền Giang,2016-10-01,2.6433744,12.613175290919555,0.0,10.367371760535528,0.0,13.246861466505132,0.0,11.763227494272419,0.0,7.940109425947504,0.0,14.289100401005156
squeezed_Tiền Giang,2016-11-01,0.0,12.613175290919555,0.0,10.719183063100973,0.0,11.709561867469267,0.0,11.309957580630186,0.0,7.038092458129713,0.0,14.066347721331441
squeezed_Tiền Giang,2016-12-01,0.0,11.592872604996442,0.0,17.383070452868026,0.0,11.709561867469267,0.0,11.436490370775246,0.0,9.5851516495396,0.0,14.242752226639558
squeezed_Tiền Giang,2017-01-01,0.0,11.586452987590194,0.0,11.283609297492784,0.0,12.402683667315822,0.0,17.799631312174863,0.0,7.568608834432383,0.057084143,14.559401581825412
squeezed_Tiền Giang,2017-02-01,0.0,11.556335194709709,0.0,11.113381097636577,0.0,13.199041161770047,0.0,10.906309909362177,0.057084143,14.347203355229246,0.0,14.958803424808947
squeezed_Tiền Giang,2017-03-01,0.0,11.390840232650111,0.0,11.944973442478746,0.0,13.165493930471994,0.057084143,10.99735550002695,0.0,7.832590653697621,0.0,15.081758328822067
squeezed_Tiền Giang,2017-04-01,0.0,11.92954872735217,0.0,11.864155043246988,0.057084143,13.4871081343525,0.0,11.248212320517798,0.0,11.112135103328352,0.0,15.148893456987453
squeezed_Tiền Giang,2017-05-01,0.0,14.492077223230917,0.057084143,11.77786472587385,0.0,23.17015645876877,0.0,14.774228188493952,0.0,9.503963515934899,0.0,15.148893456987453
squeezed_Tiền Giang,2017-06-01,0.057084143,14.254360402359561,0.0,13.119620000741273,0.0,14.648207413018572,0.0,14.057939027327343,0.0,13.688571823491188,0.0,17.31766916922271
squeezed_Tiền Giang,2017-07-01,0.0,20.66358253280871,0.0,14.360439495539737,0.0,14.933852086059792,0.0,24.763641947498684,0.0,8.378616239047997,0.0,14.648744914183059
squeezed_Tiền Giang,2017-08-01,0.0,12.78871112227289,0.0,12.451311693175036,0.0,15.42537448777744,0.0,12.937276745911001,0.0,7.944828872013006,0.0,13.926602039196258
squeezed_Tiền Giang,2017-09-01,0.0,12.313839992964965,0.0,11.938682558241721,0.0,15.08154150945164,0.0,11.752305382613455,0.0,7.082455572114984,0.0,14.289100401005156
squeezed_Tiền Giang,2017-10-01,0.0,12.817476954268448,0.0,12.921124343249717,0.0,12.84768708683771,0.0,11.620805102149612,0.0,9.058211752113142,0.0,14.289100401005156
squeezed_Tiền Giang,2017-11-01,0.0,12.417562535979473,0.0,10.206553928167656,0.0,16.07276263666456,0.0,11.856615958122555,0.0,7.400517421746791,0.0,14.289100401005156
squeezed_Tiền Giang,2017-12-01,0.0,10.796581664724679,0.0,12.095822882644574,0.0,12.87005208883089,0.0,11.652843591011083,0.0,7.014515850102468,0.0,14.309887354804944
squeezed_Trà Vinh,2016-01-01,0.19221528,11.390840232650111,0.0,11.113381097636577,0.0,12.525954858735954,0.4805382,11.813360257872569,0.9610764,10.592195325277169,1.2493993,15.734675181751445
squeezed_Trà Vinh,2016-02-01,0.0,11.390840232650111,0.0,11.545783565052123,0.4805382,13.219076658582512,0.9610764,11.575933043240243,1.2493993,9.207639867985161,0.0,15.700391096029417
squeezed_Trà Vinh,2016-03-01,0.0,11.390840232650111,0.4805382,11.545783565052123,0.9610764,13.960301573908263,1.2493993,27.980013296525858,0.0,7.411668368169262,0.28832293,15.562409970195572
squeezed_Trà Vinh,2016-04-01,0.4805382,11.390840232650111,0.9610764,11.46949017172577,1.2493993,15.66769250808891,0.0,12.919383616920356,0.28832293,10.32811523564791,0.0,15.914270339425059
squeezed_Trà Vinh,2016-05-01,0.9610764,12.271350379682803,1.2493993,15.557513738543742,0.0,18.184599555969086,0.28832293,14.532365314740053,0.0,11.045551493715234,0.0,15.303176579378881
squeezed_Trà Vinh,2016-06-01,1.2493993,12.388796703983914,0.0,12.233544678324224,0.28832293,16.126701323537585,0.0,13.772018485202551,0.0,7.526852796709297,0.0,15.07408756488605
squeezed_Trà Vinh,2016-07-01,0.0,12.817476954268448,0.28832293,12.883714160590582,0.0,15.615528132093479,0.0,11.954523474834767,0.0,8.071354362088943,0.09919651,13.949377733742214
squeezed_Trà Vinh,2016-08-01,0.28832293,13.842178571541469,0.0,12.516374820148819,0.0,14.096783628933348,0.0,12.584988053086349,0.09919651,7.799116941661905,0.09919651,13.949377733742214
squeezed_Trà Vinh,2016-09-01,0.0,12.650694396023141,0.0,10.367371760535528,0.0,14.001690834322732,0.09919651,12.182915625997174,0.09919651,6.405114433700899,0.0,13.949377733742214
squeezed_Trà Vinh,2016-10-01,0.0,12.417562535979473,0.0,10.635566223774656,0.09919651,12.8912479106952,0.09919651,10.79472569967513,0.0,8.500534103456506,0.09919651,14.089123415877397
squeezed_Trà Vinh,2016-11-01,0.0,12.417562535979473,0.09919651,10.206553928167656,0.09919651,12.442608306263569,0.0,11.297364724130363,0.09919651,6.8638606365281,0.0,14.089123415877397
squeezed_Trà Vinh,2016-12-01,0.09919651,11.359740744952774,0.09919651,10.032134677293856,0.0,12.504515090800096,0.09919651,12.260913418880625,0.0,9.575922960967148,0.0,14.3326630493509
squeezed_Trà Vinh,2017-01-01,0.09919651,11.390840232650111,0.0,11.283609297492784,0.09919651,12.730268469131586,0.0,11.88044266081329,0.0,7.724400793590125,0.0,14.649312404536754
squeezed_Trà Vinh,2017-02-01,0.0,11.390840232650111,0.09919651,11.545783565052123,0.0,13.526625963585808,0.0,11.377803636358058,0.0,20.302782344012563,0.19839302,15.048714247520289
squeezed_Trà Vinh,2017-03-01,0.09919651,11.390840232650111,0.0,11.868680049152394,0.0,13.800628037291053,0.0,34.61344409084526,0.19839302,10.16798519452674,0.0,15.738814475503688
squeezed_Trà Vinh,2017-04-01,0.0,11.62397209269378,0.0,11.626010232569891,0.0,13.731226887975604,0.19839302,13.004285643756281,0.0,7.604874610358945,0.0,15.738814475503688
squeezed_Trà Vinh,2017-05-01,0.0,12.504482239726471,0.0,13.035393646908549,0.19839302,18.76449734520801,0.0,14.372920613223473,0.0,15.736252440521167,0.0,15.17166915153341
squeezed_Trà Vinh,2017-06-01,0.0,12.766379931765698,0.19839302,14.637141624773664,0.0,14.969655540245588,0.0,16.973461712226655,0.0,10.064741289826717,0.0,15.038259804217343
squeezed_Trà Vinh,2017-07-01,0.19839302,16.127321791752784,0.0,13.196211479276421,0.0,17.25446848734345,0.0,14.491252098407756,0.0,13.076454593542115,0.09912768,14.48828060085923
squeezed_Trà Vinh,2017-08-01,0.0,12.78871112227289,0.0,13.014667020486758,0.0,15.752959289593203,0.0,23.94879997657877,0.09912768,7.444377295606864,0.29738304,14.178466748235046
squeezed_Trà Vinh,2017-09-01,0.0,13.944557399084982,0.0,11.938682558241721,0.0,15.409126311267404,0.09912768,12.173491814837734,0.29738304,8.633244724276642,0.39651072,14.311876095551112
squeezed_Trà Vinh,2017-10-01,0.0,12.817476954268448,0.0,11.938682558241721,0.09912768,13.766318318944203,0.29738304,12.043376829088004,0.39651072,7.411555049462388,1.5860429,14.379011223716498
squeezed_Trà Vinh,2017-11-01,0.0,12.417562535979473,0.09912768,11.113381097636577,0.29738304,12.993323280251023,0.39651072,11.462960419426915,1.5860429,6.428294392167142,2.5773196,14.311876095551112
squeezed_Trà Vinh,2017-12-01,0.09912768,10.48148089804056,0.29738304,11.892704419540232,0.39651072,13.686445080097581,1.5860429,10.983220457133017,2.5773196,6.795910088804621,3.1720858,14.48828060085923
squeezed_Tuyên Quang,2016-01-01,121.91942,166.5131001550622,189.33368,174.95374164924255,132.7422,172.55587625022727,138.08841,193.61736955345498,134.17656,182.64831469667283,115.269264,179.99506926200678
squeezed_Tuyên Quang,2016-02-01,189.33368,154.11956592059482,132.7422,165.13290696333382,138.08841,166.09430965337927,134.17656,158.15534879483852,115.269264,155.71501432190126,140.9571,177.43627238543766
squeezed_Tuyên Quang,2016-03-01,132.7422,188.74150077718815,138.08841,176.45758472807938,134.17656,174.86622603873133,115.269264,179.67479062860076,140.9571,189.3883399238738,185.9434,184.79773409282132
squeezed_Tuyên Quang,2016-04-01,138.08841,162.52231325565802,134.17656,163.47696669826786,115.269264,164.34159587308812,140.9571,176.56243756269072,185.9434,169.89208376987276,148.38962,175.84030506016748
squeezed_Tuyên Quang,2016-05-01,134.17656,168.2277401731733,115.269264,162.9295332601496,140.9571,183.48856572406808,185.9434,170.8979057370248,148.38962,172.86834243425218,149.95436,158.8059629021927
squeezed_Tuyên Quang,2016-06-01,115.269264,154.89355230454103,140.9571,169.6471550747383,185.9434,164.2100705969129,148.38962,168.18788661211443,149.95436,161.13032115927888,107.44556,151.0062008157874
squeezed_Tuyên Quang,2016-07-01,140.9571,151.20543784110828,185.9434,162.2125488924369,148.38962,153.34190302183038,149.95436,152.67736071073594,107.44556,140.83616047575126,0.0,140.47941112988983
squeezed_Tuyên Quang,2016-08-01,185.9434,163.81027180682935,148.38962,158.4968087657904,149.95436,151.11222931853075,107.44556,149.90742597346517,0.0,142.56605609653477,0.0,146.52190248219705
squeezed_Tuyên Quang,2016-09-01,148.38962,172.1214390805325,149.95436,164.61978772839845,107.44556,158.15632176032278,0.0,147.61590378342225,0.0,130.24828616468827,0.0,160.04209949151505
squeezed_Tuyên Quang,2016-10-01,149.95436,156.3416384924082,107.44556,154.50193812586173,0.0,134.0635586316045,0.0,145.34358708112393,0.0,155.50129735071107,0.0,146.7254614662628
squeezed_Tuyên Quang,2016-11-01,107.44556,155.50448284911187,0.0,144.05959822490496,0.0,138.01465506058335,0.0,168.09058654687783,0.0,150.040811853849,0.0,157.51987100901096
squeezed_Tuyên Quang,2016-12-01,0.0,122.23282645883214,0.0,130.96403907310437,0.0,141.01995093379594,0.0,134.46150637070315,0.0,135.74870114255833,0.0,154.29969322933164
squeezed_Tuyên Quang,2017-01-01,0.0,139.50392346823267,0.0,130.23114393490658,0.0,126.40389620515072,0.0,158.06607996866086,0.0,128.83821404776276,0.0,147.44605088208087
squeezed_Tuyên Quang,2017-02-01,0.0,128.47976355486864,0.0,92.25485190884551,0.0,156.19838407518682,0.0,133.33477916811498,0.0,121.38317426366592,0.0,133.0443048856953
squeezed_Tuyên Quang,2017-03-01,0.0,108.42564261215378,0.0,108.47695422853486,0.0,109.58839003933787,0.0,132.11093944436325,0.0,130.51910452234142,0.0,108.430847927657
squeezed_Tuyên Quang,2017-04-01,0.0,83.1934006747176,0.0,97.65022028122317,0.0,112.47734707512045,0.0,126.48473269511204,0.0,100.87864161947705,0.0,93.21495106850941
squeezed_Tuyên Quang,2017-05-01,0.0,75.51111353828927,0.0,79.18915422042843,0.0,97.49484700754674,0.0,122.87181336506434,0.0,93.11333008716876,0.0,84.2034978920065
squeezed_Tuyên Quang,2017-06-01,0.0,52.81653690936336,0.0,77.15132076985302,0.0,90.96024956588897,0.0,93.79965149134777,0.0,62.73563339939492,0.0,59.04172039351285
squeezed_Tuyên Quang,2017-07-01,0.0,55.363609469562874,0.0,85.59897269399735,0.0,85.76159134174556,0.0,79.43610628188947,0.0,47.32365743601762,116.92149,41.11999741516277
squeezed_Tuyên Quang,2017-08-01,0.0,61.45380498534797,0.0,67.1804967172719,0.0,57.6885175640457,0.0,45.26037690305614,116.92149,36.96851168977724,144.28883,20.98704482559354
squeezed_Tuyên Quang,2017-09-01,0.0,46.0117483035606,0.0,56.99410195739508,0.0,30.68768999107713,116.92149,30.885434926081125,144.28883,13.229980525898938,119.10574,18.16111566004655
squeezed_Tuyên Quang,2017-10-01,0.0,34.61168933084289,0.0,27.273242261589886,116.92149,26.49303321521936,144.28883,18.351194128763343,119.10574,16.699123716575045,137.09366,23.45673155884248
squeezed_Tuyên Quang,2017-11-01,0.0,15.807071323995796,116.92149,20.904108605328435,144.28883,14.396211756641076,119.10574,15.71479172041291,137.09366,16.277141461634198,131.18335,21.27098971088544
squeezed_Tuyên Quang,2017-12-01,116.92149,11.029713524768347,144.28883,13.37045290741662,119.10574,20.36701558576963,137.09366,27.079113635896192,131.18335,8.86860994782813,145.4452,24.25184418451752
squeezed_Tây Ninh,2016-01-01,4.647837,14.225051935518064,4.2009296,13.584063447933485,5.362889,14.761758935928636,7.418663,14.265977790681802,3.7540221,12.982882912383962,6.882374,14.49421665500439
squeezed_Tây Ninh,2016-02-01,4.2009296,12.843981642815635,5.362889,14.046655575093055,7.418663,15.475048003794255,3.7540221,14.850520798873093,6.882374,10.734498509213125,4.9159813,21.33381342441371
squeezed_Tây Ninh,2016-03-01,5.362889,13.34595234046404,7.418663,13.91410994062047,3.7540221,14.922627517691549,6.882374,14.051841152662835,4.9159813,17.818909819183745,2.6814444,16.187702400030734
squeezed_Tây Ninh,2016-04-01,7.418663,13.579084200507708,3.7540221,14.808030598166386,6.882374,15.763496361282082,4.9159813,17.133649056384627,2.6814444,14.055152481252554,2.9495888,21.801134404105735
squeezed_Tây Ninh,2016-05-01,3.7540221,14.535750532412997,6.882374,15.83243219694854,4.9159813,17.316368154135294,2.6814444,17.262761428592928,2.9495888,13.526593400261842,3.3071148,15.718148728766497
squeezed_Tây Ninh,2016-06-01,6.882374,14.461172488863415,4.9159813,14.675591489388678,2.6814444,17.498171182643183,2.9495888,16.841516064619064,3.3071148,11.938841318701607,1.4301037,15.489059714273663
squeezed_Tây Ninh,2016-07-01,4.9159813,14.775615656263469,2.6814444,12.433676494571703,2.9495888,16.126701323537585,3.3071148,14.173650512308965,1.4301037,11.015209391968197,3.1274433,15.090762738068879
squeezed_Tây Ninh,2016-08-01,2.6814444,12.827811950610174,2.9495888,13.019135847138042,3.3071148,15.334200784675852,1.4301037,12.868224769321367,3.1274433,9.717933579704809,2.432456,14.649441457599224
squeezed_Tây Ninh,2016-09-01,2.9495888,13.655119022997974,3.3071148,12.914769937304332,1.4301037,14.793777633902117,3.1274433,12.739462101809469,2.432456,9.902173598031194,3.1274433,14.36434988312983
squeezed_Tây Ninh,2016-10-01,3.3071148,13.255204604708998,1.4301037,10.9073216031,3.1274433,11.935071299729204,2.432456,11.523932169177497,3.1274433,9.479907277850009,5.0386586,14.504095565265013
squeezed_Tây Ninh,2016-11-01,1.4301037,14.11235509307719,3.1274433,10.776539775136358,2.432456,12.734140674253803,3.1274433,11.523932169177497,5.0386586,10.44540657684234,3.7355573,14.066347721331441
squeezed_Tây Ninh,2016-12-01,3.1274433,11.964250953638631,2.432456,11.331963123298467,3.1274433,12.037146669285027,5.0386586,12.528654192269416,3.7355573,8.952076824943074,6.168013,14.309887354804944
squeezed_Tây Ninh,2017-01-01,2.432456,12.843981642815635,3.1274433,10.463778648022029,5.0386586,12.730268469131586,3.7355573,11.538320303219544,6.168013,11.564847818734359,6.4286337,14.44786848063879
squeezed_Tây Ninh,2017-02-01,3.1274433,11.753699294403773,5.0386586,11.503913707528042,3.7355573,19.921422441632732,6.168013,11.736449710101729,6.4286337,10.62310161451566,8.3398485,14.987270515498357
squeezed_Tây Ninh,2017-03-01,5.0386586,11.390840232650111,3.7355573,11.698451849296186,6.168013,13.493078732287755,6.4286337,12.429488550481372,8.3398485,15.529880082271342,10.164191,26.11723546603706
squeezed_Tây Ninh,2017-04-01,3.7355573,12.338987277666874,6.168013,12.917349054844477,6.4286337,13.86253482182758,8.3398485,18.3487611196597,10.164191,48.56967781592914,8.86109,15.558744091145849
squeezed_Tây Ninh,2017-05-01,6.168013,15.096587431916772,6.4286337,13.035393646908549,8.3398485,30.393111268830022,10.164191,15.852220064287476,8.86109,12.677512829108757,6.7761273,14.849289389664511
squeezed_Tây Ninh,2017-06-01,6.4286337,12.338987277666874,8.3398485,18.679057688664006,10.164191,16.60043127957,8.86109,16.962500162378813,6.7761273,12.851332193946703,5.5598993,14.53264003447866
squeezed_Tây Ninh,2017-07-01,8.3398485,16.44760311789222,10.164191,12.883714160590582,8.86109,17.496431147818843,6.7761273,20.45478954189781,5.5598993,9.606468867033923,7.6677866,14.53264003447866
squeezed_Tây Ninh,2017-08-01,10.164191,13.050608814312117,8.86109,14.683030636843933,6.7761273,16.670131733762698,5.5598993,15.052061608353524,7.6677866,7.336346802428224,5.772379,14.289100401005156
squeezed_Tây Ninh,2017-09-01,8.86109,14.559118629860563,6.7761273,14.082102729762376,5.5598993,15.658254291987907,7.6677866,11.776001798707252,5.772379,9.747909438028096,6.461618,15.382922608241055
squeezed_Tây Ninh,2017-10-01,6.7761273,14.24998973550558,5.5598993,12.363324078440188,7.6677866,14.523419306919754,5.772379,12.760392738371932,6.461618,9.623164414477515,6.461618,14.289100401005156
squeezed_Tây Ninh,2017-11-01,5.5598993,12.737843862118911,7.6677866,11.897812906823672,5.772379,15.899443194743546,6.461618,13.778393433948045,6.461618,7.038092458129713,5.9446883,14.53264003447866
squeezed_Tây Ninh,2017-12-01,7.6677866,11.964250953638631,5.772379,12.720332450131595,6.461618,14.940552371510833,6.461618,11.736449710101729,5.9446883,9.942316000838808,8.012406,14.670621160312505
squeezed_Vĩnh Phúc,2016-01-01,109.193245,127.94354539043798,154.5028,126.71226285762691,106.94184,134.53230862314714,112.945595,130.21955418439993,102.2514,129.2163071526955,105.34709,128.71970856404147
squeezed_Vĩnh Phúc,2016-02-01,154.5028,128.85045991615758,106.94184,148.01765909615835,112.945595,136.87102064747694,102.2514,143.33139551311604,105.34709,123.89502055871604,114.35272,129.01611590266904
squeezed_Vĩnh Phúc,2016-03-01,106.94184,139.32474130586255,112.945595,136.69697286466382,102.2514,137.91464056088293,105.34709,133.08468012164144,114.35272,128.78444410897802,109.756096,134.1774977270118
squeezed_Vĩnh Phúc,2016-04-01,112.945595,138.4162243165665,102.2514,145.17435828635053,105.34709,131.2744837700354,114.35272,122.56156670269657,109.756096,121.39495595211906,117.16698,165.63537543713366
squeezed_Vĩnh Phúc,2016-05-01,102.2514,134.0829179664217,105.34709,131.94141841336662,114.35272,129.32889741349072,109.756096,130.7819036721689,117.16698,151.50664398116876,98.9681,138.84314981915878
squeezed_Vĩnh Phúc,2016-06-01,105.34709,117.41396050729506,114.35272,127.34293238336964,109.756096,126.4310352681538,117.16698,125.87652113910418,98.9681,116.30162479526759,28.611631,125.78539305625685
squeezed_Vĩnh Phúc,2016-07-01,114.35272,120.7836862230151,109.756096,137.7929637802972,117.16698,128.5622079720642,98.9681,123.30620354965524,28.611631,117.8856417776538,86.36809,115.58613605699064
squeezed_Vĩnh Phúc,2016-08-01,109.756096,144.6043981761852,117.16698,125.59930696227977,98.9681,118.07296862642531,28.611631,116.40784332456424,86.36809,110.0497622909487,81.738045,110.13690490652802
squeezed_Vĩnh Phúc,2016-09-01,117.16698,116.57286335167326,98.9681,115.55506341275382,28.611631,114.55239550091783,86.36809,111.8160866978583,81.738045,102.28965092904866,0.0,112.01976879682464
squeezed_Vĩnh Phúc,2016-10-01,98.9681,113.84517783344366,28.611631,118.65070672655672,86.36809,115.81449398394682,81.738045,110.7182936803695,0.0,117.11926092606961,96.51856,111.63244023029593
squeezed_Vĩnh Phúc,2016-11-01,28.611631,112.39618730439892,86.36809,110.40853074826995,81.738045,112.59930749540024,0.0,117.36281787572071,96.51856,104.78638706032172,75.23818,110.65737886564813
squeezed_Vĩnh Phúc,2016-12-01,86.36809,92.37934893327326,81.738045,89.59804174428729,0.0,106.78753857755062,96.51856,103.15710487602372,75.23818,106.3231469254379,80.22438,98.2874420686916
squeezed_Vĩnh Phúc,2017-01-01,81.738045,94.19941093842526,0.0,103.47730901209403,96.51856,108.46325668756961,75.23818,106.96151098592433,80.22438,110.94180335480971,76.39569,100.92392722321635
squeezed_Vĩnh Phúc,2017-02-01,0.0,98.13078357841114,96.51856,101.85572135551013,75.23818,106.81289913897805,80.22438,91.60748156945613,76.39569,93.20708778703397,0.0,106.2521779779409
squeezed_Vĩnh Phúc,2017-03-01,96.51856,120.42779288285824,75.23818,96.8628556404185,80.22438,92.13236681313953,76.39569,113.2793208950499,0.0,95.61670558939471,77.64224,90.29391490644142
squeezed_Vĩnh Phúc,2017-04-01,75.23818,91.36822551060375,80.22438,98.44995579557518,76.39569,89.36136324515486,0.0,97.19531998771537,77.64224,85.19714951050058,86.813286,86.79237758892083
squeezed_Vĩnh Phúc,2017-05-01,80.22438,89.4188402178256,76.39569,91.43107758311315,0.0,89.6313501833829,77.64224,87.72864211607425,86.813286,76.66473253773174,77.82032,118.92326995310435
squeezed_Vĩnh Phúc,2017-06-01,76.39569,88.40813935862724,0.0,96.26069390288288,77.64224,82.54756726852591,86.813286,74.9538648807416,77.82032,140.01421880872567,0.0,72.79380350568456
squeezed_Vĩnh Phúc,2017-07-01,0.0,88.94505683122004,77.64224,90.38609515244669,86.813286,99.7056027744455,77.82032,75.39202839275343,0.0,72.66516239316775,0.0,76.84624701850154
squeezed_Vĩnh Phúc,2017-08-01,77.64224,121.3166035767665,86.813286,77.73899617879393,77.82032,70.40504012759236,0.0,73.01669762553897,0.0,47.6015802822846,0.0,59.64091394943292
squeezed_Vĩnh Phúc,2017-09-01,86.813286,60.10475841350996,77.82032,61.548843624212935,0.0,60.396833114519445,0.0,56.718742412725135,0.0,59.04401567497828,0.0,60.4334525725982
squeezed_Vĩnh Phúc,2017-10-01,77.82032,78.05271685459608,0.0,73.07861543516803,0.0,69.79763275501843,0.0,66.66476372290496,0.0,61.47186668831524,0.0,67.26299090594617
squeezed_Vĩnh Phúc,2017-11-01,0.0,70.64025887872135,0.0,75.82132414441247,0.0,66.7698575936683,0.0,66.5383955277534,0.0,66.39681227707372,0.0,74.15215242213264
squeezed_Vĩnh Phúc,2017-12-01,0.0,68.93802781710608,0.0,57.35616980103589,0.0,62.87475447868161,0.0,60.54344519247145,0.0,54.09878626834192,0.0,73.97177203972073
squeezed_Yên Bái,2016-01-01,45.869267,80.28967166357502,118.23522,85.02441064954527,131.60855,83.7672777065412,67.866516,91.92352344851716,50.993626,82.28686780642018,55.868015,91.43408695938169
squeezed_Yên Bái,2016-02-01,118.23522,71.82877715289116,131.60855,81.29780225792837,67.866516,82.47670269811428,50.993626,86.43966931452356,55.868015,81.05601751618778,101.86227,91.4137566889899
squeezed_Yên Bái,2016-03-01,131.60855,92.20207247838223,67.866516,97.73994433282284,50.993626,84.50706118239708,55.868015,95.57867436449837,101.86227,108.1507331729803,128.109,98.53264922964959
squeezed_Yên Bái,2016-04-01,67.866516,109.34580026587616,50.993626,97.33474838993341,55.868015,104.65583778106046,101.86227,110.36836734408625,128.109,105.07727534856014,94.363205,98.91609238673011
squeezed_Yên Bái,2016-05-01,50.993626,85.23722936235863,55.868015,88.97263694280946,101.86227,104.6497119938895,128.109,105.45637622059878,94.363205,88.29080711379575,81.6148,93.23931673510376
squeezed_Yên Bái,2016-06-01,55.868015,75.47086304496843,101.86227,94.28987896936368,128.109,95.49768373448148,94.363205,80.06416191284806,81.6148,81.29882818580302,3.624547,72.49711559395907
squeezed_Yên Bái,2016-07-01,101.86227,76.31824115834912,128.109,99.01167276007527,94.363205,85.37111411090504,81.6148,78.02233195908218,3.624547,77.42786776564698,48.804657,76.95461858409122
squeezed_Yên Bái,2016-08-01,128.109,93.1826324653081,94.363205,94.77589011202015,81.6148,82.308564171596,3.624547,79.67809885901717,48.804657,94.963260490375,88.6907,82.96445766356949
squeezed_Yên Bái,2016-09-01,94.363205,92.37141951431357,81.6148,97.41767590337099,3.624547,92.3443014394529,48.804657,96.47639630643378,88.6907,87.65627322387073,108.50985,90.94563338889803
squeezed_Yên Bái,2016-10-01,81.6148,87.61706526548878,3.624547,86.04144843640319,48.804657,81.90347034097405,88.6907,85.11407316688795,108.50985,103.14611919183163,118.54329,91.18196951771516
squeezed_Yên Bái,2016-11-01,3.624547,83.15762393453858,48.804657,78.05535057320165,88.6907,93.79943407688944,108.50985,97.43983852936255,118.54329,104.23965470843038,77.79016,93.69749115604647
squeezed_Yên Bái,2016-12-01,48.804657,79.22022561751966,88.6907,61.03119852523446,108.50985,95.10312605769832,118.54329,91.21758186566703,77.79016,69.45227619868575,63.04967,79.64094801850202
squeezed_Yên Bái,2017-01-01,88.6907,61.11827995868314,108.50985,78.92792551530832,118.54329,79.5375279080445,77.79016,89.47575872761388,63.04967,76.09700889410877,57.599407,77.62354047823732
squeezed_Yên Bái,2017-02-01,108.50985,88.16981381678255,118.54329,85.62232593852772,77.79016,86.91227241899973,63.04967,81.943008531662,57.599407,86.37992267857244,80.63917,86.40950874259785
squeezed_Yên Bái,2017-03-01,118.54329,88.56766606730969,77.79016,94.29970424503028,63.04967,80.93388716742813,57.599407,88.98786811730389,80.63917,93.9689550613038,91.78744,94.28938043909348
squeezed_Yên Bái,2017-04-01,77.79016,91.32611655529871,63.04967,96.48471591668866,57.599407,93.47625831971578,80.63917,95.4368777345772,91.78744,108.52600104088066,85.09847,100.63317001703639
squeezed_Yên Bái,2017-05-01,63.04967,86.1929005736348,57.599407,87.78228220325067,80.63917,98.68256364285163,91.78744,104.9181037198516,85.09847,96.53897990460709,68.62381,87.14069092120364
squeezed_Yên Bái,2017-06-01,57.599407,79.1500489875257,80.63917,87.01583841517619,91.78744,93.83144524682433,85.09847,94.12998692691588,68.62381,80.41260110798257,70.85346,79.28849749498906
squeezed_Yên Bái,2017-07-01,80.63917,79.29598772856656,91.78744,83.10302637737988,85.09847,93.64907534494263,68.62381,79.1312167531839,70.85346,73.04325663381566,47.753498,77.3447219949953
squeezed_Yên Bái,2017-08-01,91.78744,79.04729077186963,85.09847,84.59311033830122,68.62381,81.43924381326748,70.85346,68.96001063461706,47.753498,75.8083586967576,34.495457,77.21197508391411
squeezed_Yên Bái,2017-09-01,85.09847,82.44533223884363,68.62381,86.2118489367297,70.85346,78.11962305432012,47.753498,75.23627403202664,34.495457,77.17058646677427,47.38522,87.71388912597568
squeezed_Yên Bái,2017-10-01,68.62381,79.06143023767777,70.85346,73.00595444204718,47.753498,80.60686974937413,34.495457,76.58117883865523,47.38522,91.17038819114006,41.00172,89.57452185768634
squeezed_Yên Bái,2017-11-01,70.85346,70.82910429805972,47.753498,75.98246995636606,34.495457,78.11343470374518,47.38522,96.64091334932445,41.00172,84.10826834196537,38.178246,86.13076698120005
squeezed_Yên Bái,2017-12-01,47.753498,72.43778133090984,34.495457,76.83811866619456,47.38522,95.7097702931584,41.00172,90.84612744915337,38.178246,81.92832876991598,30.812668,79.12610414512585
squeezed_Điện Biên,2016-01-01,189.80983,211.99866146632306,229.6376,212.99250740287718,214.02942,220.3915182406921,222.10262,204.85783068333004,183.17188,195.39527387881452,177.96915,210.6611506595734
squeezed_Điện Biên,2016-02-01,229.6376,203.69223400627658,214.02942,203.81652974877477,222.10262,200.78069180794452,183.17188,203.04926192603827,177.96915,201.6969517527137,228.74059,217.5284087717533
squeezed_Điện Biên,2016-03-01,214.02942,202.13732809475727,222.10262,229.51502348079688,183.17188,209.78938442085484,177.96915,232.37183876264154,228.74059,210.17033475516183,205.77682,244.04822954049874
squeezed_Điện Biên,2016-04-01,222.10262,211.79577012724008,183.17188,216.61451609724872,177.96915,201.08090458928496,228.74059,228.30241530172205,205.77682,253.8639318217203,188.0158,244.7684217260352
squeezed_Điện Biên,2016-05-01,183.17188,213.9876791527917,177.96915,228.32189073290704,228.74059,261.80520113499824,205.77682,259.9804145779976,188.0158,250.77788872977808,232.68748,277.911083130174
squeezed_Điện Biên,2016-06-01,177.96915,222.75515286983833,228.74059,227.16147637186342,205.77682,261.4570510474106,188.0158,256.92792583475307,232.68748,258.2487596601406,0.0,252.46109548212604
squeezed_Điện Biên,2016-07-01,228.74059,221.24382714178654,205.77682,240.19270282571034,188.0158,278.63005069779393,232.68748,253.14982923694515,0.0,232.21164335471903,117.535385,214.86235017704794
squeezed_Điện Biên,2016-08-01,205.77682,260.51351672078994,188.0158,250.97178650222594,232.68748,250.58292444308537,0.0,238.83485586498233,117.535385,207.77736141700936,0.0,204.52849891460932
squeezed_Điện Biên,2016-09-01,188.0158,255.99941232872533,232.68748,230.83163422737186,0.0,222.62974037382358,117.535385,200.5001446459701,0.0,200.9904206824219,0.0,210.95138954119247
squeezed_Điện Biên,2016-10-01,232.68748,215.76028648220435,0.0,196.51963978220502,117.535385,193.50415611370929,0.0,199.55410275530576,0.0,212.21076055686322,163.96272,204.27417395987382
squeezed_Điện Biên,2016-11-01,0.0,219.0161688957737,117.535385,199.05085855243001,0.0,198.59267628849378,0.0,217.18608755233637,163.96272,209.59754522658318,181.91232,217.4042148963948
squeezed_Điện Biên,2016-12-01,117.535385,200.0050375063028,0.0,173.5587437852499,0.0,223.86063668838378,163.96272,202.75137489871193,181.91232,192.6876379285996,179.32344,200.3536173698657
squeezed_Điện Biên,2017-01-01,0.0,152.43666919609888,0.0,178.88568640299508,163.96272,213.20017028257323,181.91232,177.38868812011282,179.32344,181.09506822864813,0.0,226.45814537977805
squeezed_Điện Biên,2017-02-01,0.0,199.13464497451574,163.96272,201.35086506006164,181.91232,189.4095262028044,179.32344,173.2152020965285,0.0,211.17833501056293,205.38489,217.52744065657015
squeezed_Điện Biên,2017-03-01,163.96272,160.53057623991887,181.91232,149.43369441071434,179.32344,176.31425931864868,0.0,185.73031700932867,205.38489,186.28475599365623,283.05142,197.0021737376161
squeezed_Điện Biên,2017-04-01,181.91232,151.8888776765085,179.32344,164.0166272571959,0.0,169.71017151805327,205.38489,193.3600999439404,283.05142,183.43583099062135,0.0,152.05640029634247
squeezed_Điện Biên,2017-05-01,179.32344,191.32522344655152,0.0,186.43408606062107,205.38489,188.23217580387995,283.05142,191.09387543351144,0.0,182.27486098111345,202.10562,129.52386150509452
squeezed_Điện Biên,2017-06-01,0.0,188.64139246498956,205.38489,201.16582244933034,283.05142,192.09176421321152,0.0,219.8764825771382,202.10562,164.29135279523183,0.0,129.7830523518547
squeezed_Điện Biên,2017-07-01,205.38489,255.17201592347294,283.05142,159.9835779400896,0.0,186.04071310536207,202.10562,193.02469661587733,0.0,130.60983598072715,0.0,105.08486918128992
squeezed_Điện Biên,2017-08-01,283.05142,183.97123192395784,0.0,192.79599020291474,202.10562,176.15791038420227,0.0,123.05530601879043,0.0,112.85674864651172,159.35648,112.8440069578186
squeezed_Điện Biên,2017-09-01,0.0,226.85592226068417,202.10562,186.68141699857304,0.0,117.44905993994944,0.0,121.14006842190673,159.35648,110.51620038046664,0.0,120.19629329296029
squeezed_Điện Biên,2017-10-01,202.10562,205.27271144109247,0.0,110.2545289942604,0.0,109.84211106162701,159.35648,106.84131349853014,0.0,129.39107651521854,0.0,150.62289282951642
squeezed_Điện Biên,2017-11-01,0.0,146.31091908902434,0.0,137.20516873242482,159.35648,114.38531870889794,0.0,143.38428361727654,0.0,120.25301704725656,0.0,186.63283789354085
squeezed_Điện Biên,2017-12-01,0.0,135.82143247265412,159.35648,73.73286125665642,0.0,113.52036669594257,0.0,117.92590236611933,0.0,174.6235293601294,0.0,175.28630387926592
squeezed_Đà Nẵng,2016-01-01,49.034603,46.28153323988348,43.681896,47.197384017963024,52.857964,48.90497713928775,29.05754,44.31798764167072,53.71822,55.99560851232401,33.35882,50.43786147082359
squeezed_Đà Nẵng,2016-02-01,43.681896,51.93912056010667,52.857964,49.20081339266998,29.05754,47.102854441369274,53.71822,47.54545412983382,33.35882,50.0157211417829,51.424202,57.79726073518628
squeezed_Đà Nẵng,2016-03-01,52.857964,52.098002199968974,29.05754,48.01661358780007,53.71822,49.56391247321351,33.35882,48.357436632397715,51.424202,59.66668745066027,48.174347,54.3635783558237
squeezed_Đà Nẵng,2016-04-01,29.05754,48.138576069801914,53.71822,50.34808997772481,33.35882,53.15866927496841,51.424202,50.38829266203426,48.174347,50.39400064733248,35.270504,53.87813557713648
squeezed_Đà Nẵng,2016-05-01,53.71822,45.914892266383674,33.35882,52.19081275263255,51.424202,46.99580209758433,48.174347,51.420354813609,35.270504,39.419295291002854,35.844006,49.66286240976472
squeezed_Đà Nẵng,2016-06-01,33.35882,43.37527031489355,51.424202,43.74122079034187,48.174347,50.28608309749059,35.270504,55.630167223422774,35.844006,49.489407999779466,35.844006,51.84338976610501
squeezed_Đà Nẵng,2016-07-01,51.424202,47.75692658041147,48.174347,40.51080466980102,35.270504,46.39190413782257,35.844006,51.82338467670764,35.844006,45.71832641429215,83.07524,47.18691786793292
squeezed_Đà Nẵng,2016-08-01,48.174347,42.68328828253089,35.270504,56.42333054076136,35.844006,51.39293235340506,35.844006,49.661553223183034,83.07524,44.48956882076633,27.23629,49.128056771511126
squeezed_Đà Nẵng,2016-09-01,35.270504,54.766420932184666,35.844006,48.03404705157981,35.844006,49.81142337703497,83.07524,50.94186356297949,27.23629,46.18156298832914,59.027145,54.62694325079989
squeezed_Đà Nẵng,2016-10-01,35.844006,57.38904830667703,35.844006,42.92348820572789,83.07524,60.44547349627785,27.23629,48.01654838242078,59.027145,45.07182513248152,38.167244,46.40042050742055
squeezed_Đà Nẵng,2016-11-01,35.844006,44.29964429676433,83.07524,46.237100851987485,27.23629,44.68471423716692,59.027145,45.59439651660308,38.167244,43.6770667543525,49.18929,46.73377395563224
squeezed_Đà Nẵng,2016-12-01,83.07524,66.82626946054205,27.23629,40.26752308642206,59.027145,47.73083744795216,38.167244,43.810014297084365,49.18929,42.65091576956359,16.760794,43.45165118104033
squeezed_Đà Nẵng,2017-01-01,27.23629,55.67705962148677,59.027145,53.78708925331223,38.167244,55.154773481136615,49.18929,55.47465932800811,16.760794,49.28022723918206,19.402441,52.268679984287374
squeezed_Đà Nẵng,2017-02-01,59.027145,52.59196631592707,38.167244,41.35288722772849,49.18929,43.54619125160066,16.760794,47.62503327600429,19.402441,45.67740047293963,0.0,48.89928672396099
squeezed_Đà Nẵng,2017-03-01,38.167244,43.07860472372807,49.18929,47.339531285983995,16.760794,48.91585998714105,19.402441,44.49163693424398,0.0,60.79556423478974,0.0,60.194249917577345
squeezed_Đà Nẵng,2017-04-01,49.18929,49.73567409075705,16.760794,45.631431439549715,19.402441,43.40139161361937,0.0,44.93771901087623,0.0,61.0521240879703,0.0,56.10645173205217
squeezed_Đà Nẵng,2017-05-01,16.760794,47.71057383717714,19.402441,51.32749711955447,0.0,50.27547881077173,0.0,49.040227497796934,0.0,49.99379352450939,0.0,49.28156876127848
squeezed_Đà Nẵng,2017-06-01,19.402441,41.77258430137349,0.0,37.824236798560975,0.0,44.950676346900124,0.0,48.38254516052398,0.0,47.37129193135177,0.0,50.13222026202202
squeezed_Đà Nẵng,2017-07-01,0.0,34.5503568355095,0.0,41.88312893840115,0.0,51.6816367701353,0.0,46.38852454660548,0.0,40.68669797750551,25.125628,44.326072651537444
squeezed_Đà Nẵng,2017-08-01,0.0,45.22853045263274,0.0,28.245355732241087,0.0,37.24462076828669,0.0,62.20488630587633,25.125628,40.919096534438296,23.241205,38.67433665377347
squeezed_Đà Nẵng,2017-09-01,0.0,34.22503727188505,0.0,40.010399285195014,0.0,32.97619671664702,25.125628,24.53520123126134,23.241205,41.86112230571417,25.753769,29.943917369861513
squeezed_Đà Nẵng,2017-10-01,0.0,16.692585678521468,0.0,34.18540074102194,25.125628,19.28655322016593,23.241205,42.438632296368745,25.753769,20.344068825719415,21.805456,23.80328383779322
squeezed_Đà Nẵng,2017-11-01,0.0,48.1813974403554,25.125628,17.21423694371949,23.241205,22.34879573818852,25.753769,22.007418158053298,21.805456,24.45313709024269,24.676956,25.59627828482021
squeezed_Đà Nẵng,2017-12-01,25.125628,17.497402958064878,23.241205,17.104138422213005,25.753769,23.244483345281925,21.805456,18.426690351346668,24.676956,14.002150117176656,0.0,29.621840991511927
squeezed_Đắk Lắk,2016-01-01,54.681248,78.66334575625199,64.81728,75.03836514352024,66.364365,78.69973601713592,68.49827,80.80640937572015,61.349693,82.20036955348125,52.28061,88.49021978864748
squeezed_Đắk Lắk,2016-02-01,64.81728,77.99881356889193,66.364365,67.81352157553954,68.49827,73.60108805465686,61.349693,78.99295070808348,52.28061,79.34665847212486,84.82262,86.5323717788433
squeezed_Đắk Lắk,2016-03-01,66.364365,70.19510776765952,68.49827,71.84305616214465,61.349693,81.20568613460023,52.28061,101.36080344336122,84.82262,79.67733930328131,83.32889,93.1378120041857
squeezed_Đắk Lắk,2016-04-01,68.49827,69.77807699665154,61.349693,74.02856897253993,52.28061,79.05433598985013,84.82262,84.81625233680623,83.32889,93.16733637816873,88.71699,90.96478231863347
squeezed_Đắk Lắk,2016-05-01,61.349693,82.70030071787953,52.28061,86.67327563580554,84.82262,81.84288624997293,83.32889,89.3598679896956,88.71699,81.4652384953,61.136303,85.39527266294455
squeezed_Đắk Lắk,2016-06-01,52.28061,85.0547434069856,84.82262,79.33853839320453,83.32889,90.92615573214012,88.71699,76.50056034854387,61.136303,70.20579548963984,7.3086157,72.2162372068614
squeezed_Đắk Lắk,2016-07-01,84.82262,72.03409681816339,83.32889,76.3073445909292,88.71699,72.88741767917885,61.136303,73.85592353544,7.3086157,59.37880023830017,48.640762,63.29065429856851
squeezed_Đắk Lắk,2016-08-01,83.32889,75.42430347969159,88.71699,81.08601993213546,61.136303,76.76327102874447,7.3086157,57.98538553087937,48.640762,58.36405011590609,51.88348,62.65191379875526
squeezed_Đắk Lắk,2016-09-01,88.71699,80.76665489800182,61.136303,87.61926330725248,7.3086157,72.88778909797946,48.640762,65.82896903870339,51.88348,55.8676222274676,67.61066,63.04393255488351
squeezed_Đắk Lắk,2016-10-01,61.136303,87.45213198939187,7.3086157,72.84745779574233,48.640762,73.73115956370117,51.88348,66.06865489899262,67.61066,63.50670110524538,46.641087,67.8947673330724
squeezed_Đắk Lắk,2016-11-01,7.3086157,69.79134955516508,48.640762,64.6478274509983,51.88348,65.95415945597041,67.61066,66.86837800757893,46.641087,64.79570107443952,54.801926,69.97472710259599
squeezed_Đắk Lắk,2016-12-01,48.640762,67.9632020022021,51.88348,49.67726402398374,67.61066,58.99830350780535,46.641087,55.864762380279906,54.801926,58.688668814577255,63.935577,60.47193549514047
squeezed_Đắk Lắk,2017-01-01,51.88348,46.52652833926183,67.61066,54.155015502851434,46.641087,55.280294065210775,54.801926,45.82902583095342,63.935577,49.188036248924945,64.746254,60.293470909622364
squeezed_Đắk Lắk,2017-02-01,67.61066,53.509260371095834,46.641087,60.414330927767494,54.801926,59.64508311324474,63.935577,49.391824783360995,64.746254,66.08697742896001,80.3113,65.27049938009397
squeezed_Đắk Lắk,2017-03-01,46.641087,55.05903267374613,54.801926,59.10564214263956,63.935577,56.99408525348906,64.746254,82.8651475009381,80.3113,58.38134203766075,82.74334,107.41214108774055
squeezed_Đắk Lắk,2017-04-01,54.801926,57.1859942512161,63.935577,53.792456240378684,64.746254,55.392871333284496,80.3113,62.904658289139306,82.74334,103.00260449333203,83.06761,63.0336526264781
squeezed_Đắk Lắk,2017-05-01,63.935577,54.858708929122514,64.746254,57.12159303504736,80.3113,57.56688195883304,82.74334,61.299325479840334,83.06761,63.67258918419011,84.68897,62.69149717892879
squeezed_Đắk Lắk,2017-06-01,64.746254,64.14515589208023,80.3113,65.56934308407611,82.74334,62.545821137630035,83.06761,61.731695824712595,84.68897,63.554625308241455,62.260174,58.67179608554329
squeezed_Đắk Lắk,2017-07-01,80.3113,67.76748575043524,82.74334,61.009413297724045,83.06761,59.15638872778571,84.68897,59.184462796196804,62.260174,56.853790554287144,115.713135,57.53704268816206
squeezed_Đắk Lắk,2017-08-01,82.74334,69.27862987255318,83.06761,59.38970661039336,84.68897,68.76002611102038,62.260174,61.947842863580455,115.713135,56.0241347813451,160.24712,58.76677580365444
squeezed_Đắk Lắk,2017-09-01,83.06761,70.62335639998976,84.68897,71.50987611895788,62.260174,69.02483793999382,115.713135,54.072620226912086,160.24712,60.435819182456626,48.401825,63.23791503526859
squeezed_Đắk Lắk,2017-10-01,84.68897,72.74751206293114,62.260174,69.0297044895687,115.713135,66.78387063818907,160.24712,59.912138029063094,48.401825,59.570852523827234,48.939026,61.83303283400242
squeezed_Đắk Lắk,2017-11-01,62.260174,70.70109195952855,115.713135,66.78089325479681,160.24712,70.73873667933796,48.401825,64.59060246516684,48.939026,65.66788832709886,58.82353,68.42863904430719
squeezed_Đắk Lắk,2017-12-01,115.713135,63.54204520187781,160.24712,65.26225289801361,48.401825,67.57910537619358,48.939026,64.97609749826073,58.82353,67.27464826179623,62.906258,73.7229862246251
squeezed_Đắk Nông,2016-01-01,12.553683,48.793900503648935,11.067063,20.152621526407902,8.589362,22.074098174428283,11.727783,14.717541293160165,13.709944,22.523126371028315,18.830524,24.050656753585912
squeezed_Đắk Nông,2016-02-01,11.067063,47.02549206435854,8.589362,20.58680526442075,11.727783,14.225787760047501,13.709944,18.643302561386758,18.830524,18.942140938948306,18.995705,42.50584440564388
squeezed_Đắk Nông,2016-03-01,8.589362,43.85166620742004,11.727783,15.813006763015538,13.709944,31.755082121998242,18.830524,17.873933734764492,18.995705,23.975563621521122,15.031384,24.984048248051934
squeezed_Đắk Nông,2016-04-01,11.727783,43.99598075680132,13.709944,42.20560470747348,18.830524,16.941166744850847,18.995705,24.640912269848105,15.031384,23.761135842585883,14.040304,23.819448374744233
squeezed_Đắk Nông,2016-05-01,13.709944,43.27554282135291,18.830524,19.017296891297434,18.995705,19.276793135817865,15.031384,22.5827122321718,14.040304,23.68128494764941,15.196565,16.35860336554137
squeezed_Đắk Nông,2016-06-01,18.830524,45.86289943829928,18.995705,30.341324060273163,15.031384,22.726297349166877,14.040304,20.148906915947514,15.196565,19.147908896886406,1.1562604,20.781260777452427
squeezed_Đắk Nông,2016-07-01,18.995705,30.50835727157532,15.031384,21.602432940521865,14.040304,26.929473778109422,15.196565,37.17693477764356,1.1562604,19.50666264370552,3.8022814,18.537050052117824
squeezed_Đắk Nông,2016-08-01,15.031384,23.80849182902378,14.040304,23.258838228613033,15.196565,26.49702438289409,1.1562604,20.356305002825792,3.8022814,15.826721381003969,10.0843115,13.527069476758642
squeezed_Đắk Nông,2016-09-01,14.040304,49.24143852073888,15.196565,25.893736173921976,1.1562604,20.215234565065053,3.8022814,15.743750235255472,10.0843115,15.443698775048654,9.588362,23.17792420748446
squeezed_Đắk Nông,2016-10-01,15.196565,50.014096685276115,1.1562604,16.62906219265279,3.8022814,20.130594956963925,10.0843115,16.92868464873249,9.588362,21.705413042373838,6.1167135,13.30495910366668
squeezed_Đắk Nông,2016-11-01,1.1562604,47.2741447547144,3.8022814,15.668946738307064,10.0843115,16.770535031265037,9.588362,16.669707356848047,6.1167135,20.37304107762919,7.439246,11.485858934142327
squeezed_Đắk Nông,2016-12-01,3.8022814,43.872028463788496,10.0843115,18.534326206971542,9.588362,19.460567917033277,6.1167135,12.665329112360807,7.439246,20.200238330035763,11.572161,17.49550981235335
squeezed_Đắk Nông,2017-01-01,10.0843115,41.19939697516269,9.588362,14.733885166811689,6.1167135,12.36311760770368,7.439246,14.15035348302162,11.572161,16.53884085152572,8.265829,17.430360069032915
squeezed_Đắk Nông,2017-02-01,9.588362,41.69853554702648,6.1167135,15.27303061080545,7.439246,14.523530897788131,11.572161,11.648381677201266,8.265829,15.652979557437815,9.092412,34.02781632869778
squeezed_Đắk Nông,2017-03-01,6.1167135,43.03233077633738,7.439246,14.510256342482773,11.572161,18.47652033425982,8.265829,15.616440484930381,9.092412,15.747538452826165,7.935196,13.341928107494207
squeezed_Đắk Nông,2017-04-01,7.439246,43.76389543744107,11.572161,16.546592268951287,8.265829,15.362166655997328,9.092412,15.355154567310736,7.935196,11.942199117066233,5.7860804,13.069542517953913
squeezed_Đắk Nông,2017-05-01,11.572161,44.14824921304763,8.265829,18.02754532447222,9.092412,19.7587353045339,7.935196,14.168256842238241,5.7860804,19.697653862622275,6.77798,13.069542517953913
squeezed_Đắk Nông,2017-06-01,8.265829,42.55054994588826,9.092412,19.030478784085844,7.935196,24.027252099778632,5.7860804,27.489567549178357,6.77798,21.637190616595635,4.1329145,19.588334128592727
squeezed_Đắk Nông,2017-07-01,9.092412,43.23104282577722,7.935196,14.980007904989327,5.7860804,27.02096332885403,6.77798,20.856858551268157,4.1329145,18.470521974630923,5.524862,11.723871103746465
squeezed_Đắk Nông,2017-08-01,7.935196,43.13504351641827,5.7860804,21.516204332322967,6.77798,13.080769820958347,4.1329145,17.193211209377868,5.524862,15.949611731619822,5.19987,19.658808046045877
squeezed_Đắk Nông,2017-09-01,5.7860804,43.993428271487815,6.77798,16.50715225571295,4.1329145,12.356117762761317,5.524862,10.92756404368571,5.19987,16.762141500957284,6.987325,10.214582017918987
squeezed_Đắk Nông,2017-10-01,6.77798,43.12118179744535,4.1329145,16.374267120112002,5.524862,12.662032172601922,5.19987,12.451786901356767,6.987325,12.863238742979128,5.3623657,9.948268717507416
squeezed_Đắk Nông,2017-11-01,4.1329145,41.32046312822973,5.524862,14.894333578054068,5.19987,15.468941229808642,6.987325,11.478239348765364,5.3623657,3.4932727651264455,5.687358,9.948268717507416
squeezed_Đắk Nông,2017-12-01,5.524862,40.121710552708926,5.19987,15.331454031494596,6.987325,12.236621875633011,5.3623657,5.800405074521343,5.687358,8.647366084027405,6.8248296,12.916267870139691
squeezed_Đồng Tháp,2016-01-01,143.30588,199.39752947932664,182.12529,201.50312835351284,199.8459,183.4092128015195,198.77911,194.15587622599452,172.05002,176.12762803529534,204.64647,195.64553832105827
squeezed_Đồng Tháp,2016-02-01,182.12529,187.2589691181406,199.8459,178.5132734357802,198.77911,173.87988963445895,172.05002,181.2853885299411,204.64647,171.58672854697787,165.0566,189.88626940536133
squeezed_Đồng Tháp,2016-03-01,199.8459,192.98518464233436,198.77911,176.227818259799,172.05002,179.9147074093285,204.64647,174.92284276512606,165.0566,174.0043563890728,159.12997,183.07529838915318
squeezed_Đồng Tháp,2016-04-01,198.77911,186.80844759844183,172.05002,178.38968242624657,204.64647,184.2929939238298,165.0566,183.36936067006027,159.12997,201.4702501260283,213.24008,189.39745131111673
squeezed_Đồng Tháp,2016-05-01,172.05002,188.72269113826394,204.64647,191.1920663359596,165.0566,190.40146327291146,159.12997,193.74904768940686,213.24008,189.77186489803512,191.19302,189.08282718788078
squeezed_Đồng Tháp,2016-06-01,204.64647,187.69001160059233,165.0566,196.40488288938832,159.12997,194.20932208635216,213.24008,200.80435632208264,191.19302,175.1147954072894,55.769573,183.66786012800887
squeezed_Đồng Tháp,2016-07-01,165.0566,197.0166918466436,159.12997,196.57780915875335,213.24008,205.98652034532057,191.19302,186.85926200141736,55.769573,190.03576217863608,118.387596,172.03043272940883
squeezed_Đồng Tháp,2016-08-01,159.12997,184.61497141068358,213.24008,195.62216716584282,191.19302,183.0175178016265,55.769573,186.83733545457008,118.387596,169.3977937090354,172.46512,171.59540235988658
squeezed_Đồng Tháp,2016-09-01,213.24008,181.11206311436607,191.19302,165.7769411003212,55.769573,177.0277218478016,118.387596,162.90316742091454,172.46512,166.48712515692299,149.95349,172.44397706341678
squeezed_Đồng Tháp,2016-10-01,191.19302,182.08903224844403,55.769573,182.81362201378033,118.387596,176.190547425864,172.46512,169.77354930998447,149.95349,179.55682432138664,147.65892,177.9987237602269
squeezed_Đồng Tháp,2016-11-01,55.769573,187.72471078410416,118.387596,164.5692147930254,172.46512,172.8720584191272,149.95349,177.90935292826737,147.65892,181.9592455118312,155.41086,184.62428409691714
squeezed_Đồng Tháp,2016-12-01,118.387596,151.42777460308858,172.46512,156.44862221584714,149.95349,155.75039698973134,147.65892,166.7111138171379,155.41086,159.13974009959375,300.46512,168.5362020126676
squeezed_Đồng Tháp,2017-01-01,172.46512,135.6939163434432,149.95349,152.09719625249687,147.65892,159.9687528213016,155.41086,151.1656162304115,300.46512,147.14365930883923,215.56589,165.04931413885285
squeezed_Đồng Tháp,2017-02-01,149.95349,172.4422464238659,147.65892,168.3959145946643,155.41086,167.89313663982395,300.46512,161.10167398467448,215.56589,178.8541383821333,174.69768,169.68969389829215
squeezed_Đồng Tháp,2017-03-01,147.65892,165.68561807096137,155.41086,164.02161361134765,300.46512,162.13743906101894,215.56589,172.67721906925843,174.69768,165.88099967565597,228.71318,172.53978374636705
squeezed_Đồng Tháp,2017-04-01,155.41086,163.2273450110371,300.46512,152.58644102261752,215.56589,167.58115821999044,174.69768,169.15629943943966,228.71318,171.00748646579223,240.93024,175.46049995246506
squeezed_Đồng Tháp,2017-05-01,300.46512,158.74418678228545,215.56589,158.24626544122282,174.69768,173.41309768372398,228.71318,173.22715375979166,240.93024,161.74593138881986,171.28682,162.9660193866501
squeezed_Đồng Tháp,2017-06-01,215.56589,232.81832434114327,174.69768,197.3524583077316,228.71318,193.2675259894565,240.93024,173.31304851404894,171.28682,177.69434506926635,171.969,181.25861424837615
squeezed_Đồng Tháp,2017-07-01,174.69768,210.5627915215178,228.71318,216.94394004619022,240.93024,207.1715383559088,171.28682,191.7265605570601,171.969,176.5640775936497,168.23361,172.48413757394036
squeezed_Đồng Tháp,2017-08-01,228.71318,190.07493247859344,240.93024,191.76450836132392,171.28682,179.6291551493463,171.969,167.7266346824139,168.23361,155.05806002227362,157.83575,163.30102082990095
squeezed_Đồng Tháp,2017-09-01,240.93024,201.445124772678,171.28682,189.0847194714961,171.969,174.73880023069694,168.23361,159.46936084378925,157.83575,168.9428414870872,225.63976,166.61269705086087
squeezed_Đồng Tháp,2017-10-01,171.28682,203.61718267715202,171.969,188.29896624368624,168.23361,181.2345354289391,157.83575,177.0090517897389,225.63976,192.799495983048,161.82056,181.43942562669343
squeezed_Đồng Tháp,2017-11-01,171.969,181.92099528737936,168.23361,169.55388517084967,157.83575,174.51846058705434,225.63976,186.3417446839311,161.82056,170.94764040465788,177.32396,191.52137649271737
squeezed_Đồng Tháp,2017-12-01,168.23361,163.39243569143522,157.83575,169.21621214840098,225.63976,178.41209721913842,161.82056,179.42427744960204,177.32396,180.72612852475254,145.32097,210.56884465184933
