model,MAE@1,RMSE@1,SMAPE@1,MAE@2,RMSE@2,SMAPE@2,MAE@3,RMSE@3,SMAPE@3,MAE@4,RMSE@4,SMAPE@4,MAE@5,RMSE@5,SMAPE@5,MAE@6,RMSE@6,SMAPE@6,outbreak_threshold,precision,recall
HistGB,7.063353626826337,15.273651392084352,106.07361487718816,8.547505268246343,18.237021754348785,113.99260078052504,8.748462811287375,18.280678861702235,120.43573637658231,8.350219734263439,17.844443404695234,118.10652710893785,8.996965851045319,18.96311371009165,122.02177362071953,8.43721508968617,17.646827070582425,124.91739061302161,35.96744918823243,0.6212121212121212,0.7068965517241379
XGBoost,7.2869720458984375,15.023941261704808,111.63616180419922,8.455095291137695,17.682533672251623,118.36910247802734,8.993745803833008,18.91600100428578,123.04760217666626,9.249470710754395,18.808732881754356,122.49760627746582,9.312556266784668,19.45244492410634,125.30932426452637,8.90042781829834,18.573077235559186,121.66354656219482,35.96744918823243,0.5189873417721519,0.7068965517241379
Naive,7.811671986812349,19.283213110208926,75.12065224695701,11.548905866550928,26.693685618609983,95.96102331561653,12.704378683023974,28.752422519939643,103.38160593679737,11.495339445816892,27.31527593471868,100.57066258767628,9.507660566372452,24.455968263545948,92.53600813844771,8.794807905958194,23.820790767528376,87.51047963078153,35.96744918823243,0.453125,0.5
LSTM,7.946877479553223,20.429085495432425,137.3479962348938,7.972677707672119,20.21300301099904,138.95593881607056,7.904487133026123,20.208069894653164,138.8306736946106,7.954041957855225,20.27357448171449,139.04024362564087,8.051108360290527,20.503042600047802,139.80557918548584,7.911275386810303,20.3419535557156,139.6269679069519,36.07353057861328,0.0,0.0
Prophet,9.057928461822192,20.089519866788937,150.5988112066879,9.155594695979621,20.304260072188235,151.29328689225008,9.52088594264088,20.9409208095574,153.4210516955675,10.008135546441075,21.715684958530325,155.2689765174681,10.58993092557557,22.47551662908846,158.20444464585972,10.886968541836264,22.66395777098001,159.36398897647732,35.96744918823243,0.625,0.08620689655172414
SeasonalNaive,9.804913161644293,25.215379090288955,91.97537281834175,11.099034258864329,27.145627245529017,102.19683220042013,11.421317115558201,27.904388261333647,107.83779189755948,10.64032022484294,27.121600138293697,102.20457921997381,9.192380238350065,24.860620715557808,95.34293034006063,8.32073011453938,22.09544116922065,99.34071061947859,35.96744918823243,0.2542372881355932,0.25862068965517243
