model,MAE@1,RMSE@1,SMAPE@1,MAE@2,RMSE@2,SMAPE@2,MAE@3,RMSE@3,SMAPE@3,MAE@4,RMSE@4,SMAPE@4,MAE@5,RMSE@5,SMAPE@5,MAE@6,RMSE@6,SMAPE@6,outbreak_threshold,precision,recall
HistGB,28.189036239277183,48.99460215892591,54.66152818833822,29.65142234693149,51.38242649460119,56.56370653852731,31.217342094829608,52.31524991838667,60.49192282706487,31.856025473872087,53.6624449260516,61.853933622299294,34.19403043767455,57.430839641305944,62.828296650315465,35.50119714035273,59.334212820246506,65.53892798479075,263.3830795288086,0.6075949367088608,0.8275862068965517
XGBoost,29.300743103027344,51.73083318063319,54.75427508354187,30.486328125,52.721269204776355,57.17511773109436,32.27672576904297,55.924710479246116,59.49227213859558,33.02891159057617,56.11777862785554,61.74949407577515,34.19029235839844,58.00774463379869,63.270771503448486,35.99606704711914,61.54091864742311,65.78041911125183,263.3830795288086,0.5647058823529412,0.8275862068965517
Naive,30.238493670468884,54.8572652259726,44.75978096151365,33.4246623632114,59.17822094016201,48.841303505418274,32.940522463006815,59.10674650730425,51.03836253176579,36.6274802439655,63.05237977179935,55.269846786549316,36.268119506722456,62.06033642558866,57.221066086125205,36.62806548441742,62.890737457690584,58.13676503939777,263.3830795288086,0.5079365079365079,0.5517241379310345
SeasonalNaive,35.738549282335455,60.920539856111816,52.21240208233846,39.071854167000055,65.70148366724769,55.43005777169709,41.08343289982379,69.89036353528141,58.08205152135425,43.56422485614819,72.28633452827778,61.563834860152824,45.85667491186203,74.65739659487562,64.32175816083553,46.37329580066945,75.7451754180394,65.95879643890795,263.3830795288086,0.4639175257731959,0.7758620689655172
LSTM,39.16777420043945,56.41772087310533,69.29706335067749,40.2366828918457,57.752988795764935,71.20491862297058,40.90091323852539,59.09251056341658,73.04229736328125,41.87274169921875,60.00102131292225,75.07442235946655,42.4440803527832,61.14371158832996,76.12223029136658,43.392311096191406,62.30647185924489,77.83169746398926,263.6337158203125,0.0,0.0
Prophet,50.30678267114739,80.5277534173745,85.96831338863286,52.38715870271984,81.83916688083806,88.6151130029396,55.24476436409719,85.60487975203922,91.47687643970204,56.943711035986134,89.6369057257728,92.77337526876153,57.946322391822946,92.17257077197783,94.57233101620446,58.68771620965629,92.59690354494687,95.43785940438354,263.3830795288086,0.46226415094339623,0.8448275862068966
