model,MAE@1,RMSE@1,SMAPE@1,MAE@2,RMSE@2,SMAPE@2,MAE@3,RMSE@3,SMAPE@3,MAE@4,RMSE@4,SMAPE@4,MAE@5,RMSE@5,SMAPE@5,MAE@6,RMSE@6,SMAPE@6,outbreak_threshold,precision,recall
HistGB,7.063353626826337,15.273651392084352,106.07361487718816,8.547505268246343,18.237021754348785,113.99260078052504,8.748462811287375,18.280678861702235,120.43573637658231,8.375398486974227,17.88152177689759,118.1724395542747,8.996965851045319,18.96311371009165,122.02177362071953,8.344087086006741,17.553984128444622,124.11238849581426,35.96744918823243,0.6212121212121212,0.7068965517241379
XGBoost,7.492039203643799,15.438160747024774,112.47192621231079,8.54104232788086,17.485393422920083,120.6255316734314,9.08073902130127,20.091335026922987,121.54093980789185,9.016490936279297,18.69603072690581,124.46250915527344,9.235922813415527,19.498578924581274,123.99487495422363,8.735824584960938,18.415578864697004,122.34442234039307,35.96744918823243,0.4772727272727273,0.7241379310344828
Naive,7.811671986812349,19.283213110208926,75.12065224695701,11.548905866550928,26.693685618609983,95.96102331561653,12.704378683023974,28.752422519939643,103.38160593679737,11.495339445816892,27.31527593471868,100.57066258767628,9.507660566372452,24.455968263545948,92.53600813844771,8.794807905958194,23.820790767528376,87.51047963078153,35.96744918823243,0.453125,0.5
LSTM,7.8654375076293945,20.01969931331895,133.58582258224487,7.537350654602051,19.60217357183214,131.5712332725525,7.49694299697876,19.478131674403237,133.52465629577637,7.487514972686768,19.628709964814615,131.80458545684814,7.701686382293701,20.022489491799433,133.16621780395508,7.810026168823242,20.07453457683546,134.1238498687744,36.07353057861328,0.0,0.0
Prophet,9.057928461822192,20.089519866788937,150.5988112066879,9.155594695979621,20.304260072188235,151.29328689225008,9.52088594264088,20.9409208095574,153.4210516955675,10.008135546441075,21.715684958530325,155.2689765174681,10.58993092557557,22.47551662908846,158.20444464585972,10.886968541836264,22.66395777098001,159.36398897647732,35.96744918823243,0.625,0.08620689655172414
SeasonalNaive,9.804913161644293,25.215379090288955,91.97537281834175,11.099034258864329,27.145627245529017,102.19683220042013,11.421317115558201,27.904388261333647,107.83779189755948,10.64032022484294,27.121600138293697,102.20457921997381,9.192380238350065,24.860620715557808,95.34293034006063,8.32073011453938,22.09544116922065,99.34071061947859,35.96744918823243,0.2542372881355932,0.25862068965517243
