model,wilcoxon_stat,p_value
Naive,246958.5,9.340617526887135e-09
Prophet,176546.0,3.9030500147278656e-43
XGBoost,259448.0,1.2821919445330768e-10
HistGB,251068.0,7.433422454104065e-13
LSTM,256353.0,1.118755684767011e-08
