model,wilcoxon_stat,p_value
Naive,325236.0,2.6126875854177997e-10
Prophet,251496.0,1.9070949279581237e-40
XGBoost,284408.0,7.541736852576036e-28
HistGB,302202.0,4.729431783259371e-22
LightGBM,289368.0,3.6716276916688154e-26
LSTM,283483.0,2.3502755784085993e-24
