province,date,actual_t+1,pred_t+1,actual_t+2,pred_t+2,actual_t+3,pred_t+3,actual_t+4,pred_t+4,actual_t+5,pred_t+5,actual_t+6,pred_t+6
squeezed_An Giang,2016-01-01,27.91796,28.338830271763932,26.482708,23.995995459739433,25.186352,40.42022431331955,25.603037,29.377426519730772,23.612204,33.39196407995247,27.59387,25.468263192576853
squeezed_An Giang,2016-02-01,26.482708,33.65627015909343,25.186352,43.93653221678607,25.603037,27.692052963966784,23.612204,28.40411760477304,27.59387,32.97083920908481,26.760498,28.50577453290868
squeezed_An Giang,2016-03-01,25.186352,35.88180699844536,25.603037,25.75800667745201,23.612204,24.214359179779265,27.59387,31.967797666003104,26.760498,20.796760783694385,15.695171,23.34700284601573
squeezed_An Giang,2016-04-01,25.603037,23.409284044518333,23.612204,24.62921438620323,27.59387,28.328134328026454,26.760498,26.17722750817211,15.695171,25.25653193508731,16.713737,27.32199552367082
squeezed_An Giang,2016-05-01,23.612204,30.52329984557287,27.59387,28.438526832046282,26.760498,23.9388154083576,15.695171,26.616680743653568,16.713737,28.274610473824477,16.06556,19.120168054838658
squeezed_An Giang,2016-06-01,27.59387,23.10437362635814,26.760498,22.666743599097874,15.695171,23.587990113520053,16.713737,21.977113988033693,16.06556,19.886712363278825,0.46298438,16.86055158043515
squeezed_An Giang,2016-07-01,26.760498,26.36193418844906,15.695171,23.912097571581082,16.713737,20.395974663049564,16.06556,19.68395946388894,0.46298438,24.25053986667138,24.357794,20.912994500348976
squeezed_An Giang,2016-08-01,15.695171,26.602310362572204,16.713737,35.09516645279993,16.06556,15.759385437964166,0.46298438,22.358553629995267,24.357794,21.383696987490836,39.402313,21.7376558279298
squeezed_An Giang,2016-09-01,16.713737,25.236352104203743,16.06556,14.916115725270018,0.46298438,18.192573629653076,24.357794,15.136008583528902,39.402313,22.100137322370255,23.74373,18.39081118107278
squeezed_An Giang,2016-10-01,16.06556,14.765017245260964,0.46298438,16.19342539841859,24.357794,17.213104019456832,39.402313,19.376648466412394,23.74373,21.248406893115458,23.794903,39.9690327103161
squeezed_An Giang,2016-11-01,0.46298438,17.240792812298366,24.357794,15.510959250719672,39.402313,20.007786569752103,23.74373,24.809758142915065,23.794903,34.32360228027369,26.814041,33.683171260486645
squeezed_An Giang,2016-12-01,24.357794,36.79827754507391,39.402313,24.887165340942865,23.74373,15.807788918133097,23.794903,28.357657665671937,26.814041,29.33956424606307,24.050762,28.09492330809162
squeezed_An Giang,2017-01-01,39.402313,23.661341286584058,23.74373,23.021571901741286,23.794903,23.30961053446789,26.814041,32.03007224409401,24.050762,21.591457354800728,54.34449,20.68547230880815
squeezed_An Giang,2017-02-01,23.74373,39.32659200817955,23.794903,43.89348377827406,26.814041,38.00282493971153,24.050762,29.004438364331563,54.34449,23.430600262098718,22.924982,38.106068364861905
squeezed_An Giang,2017-03-01,23.794903,38.94542148080136,26.814041,35.84418795905291,24.050762,22.57090516852489,54.34449,27.909465335587036,22.924982,26.174752065742723,20.11053,19.292700499565782
squeezed_An Giang,2017-04-01,26.814041,42.66715407486962,24.050762,18.7781894529201,54.34449,29.21963602463925,22.924982,27.38990723495083,20.11053,20.94483040814612,21.901545,16.573486517405897
squeezed_An Giang,2017-05-01,24.050762,31.518899929495547,54.34449,34.285500554262875,22.924982,24.615287255274424,20.11053,20.51880708088649,21.901545,25.160829590109394,21.952717,23.066657695551978
squeezed_An Giang,2017-06-01,54.34449,24.145036452547647,22.924982,24.31830814052061,20.11053,19.720636471017556,21.901545,21.643834916739646,21.952717,19.942340933084775,21.18514,34.36593410187099
squeezed_An Giang,2017-07-01,22.924982,40.20517967680634,20.11053,31.215907226063994,21.901545,37.32026326106674,21.952717,31.04513075193618,21.18514,38.4589943361472,23.71828,36.201792327834596
squeezed_An Giang,2017-08-01,20.11053,28.239065741772944,21.901545,30.746814491627877,21.952717,31.334375804804175,21.18514,40.467625451614296,23.71828,31.413171685930028,27.757639,24.034093678386714
squeezed_An Giang,2017-09-01,21.901545,19.900283435389376,21.952717,29.248379758845843,21.18514,39.4831893055392,23.71828,24.290130240665164,27.757639,23.857811510372212,35.11134,26.467966702399238
squeezed_An Giang,2017-10-01,21.952717,26.70028758353446,21.18514,31.81178791065216,23.71828,30.969516870213933,27.757639,20.194448265426242,35.11134,30.06972970970272,25.5826,24.3553808309762
squeezed_An Giang,2017-11-01,21.18514,35.78216578004501,23.71828,23.41728561248591,27.757639,18.16556744949844,35.11134,21.32095149243047,25.5826,25.680916460440564,22.4754,25.76186818780454
squeezed_An Giang,2017-12-01,23.71828,30.36240615549412,27.757639,18.979838736683458,35.11134,18.033116696710724,25.5826,22.324530364307364,22.4754,28.273380606714902,25.737959,27.455122371531626
squeezed_BR Vũng Tàu,2016-01-01,81.59341,80.71796257077986,94.41392,102.32047350296243,84.52381,106.24826958541934,90.750916,92.49579822066042,79.7619,89.43537591185681,91.57509,83.29697453359393
squeezed_BR Vũng Tàu,2016-02-01,94.41392,83.75807724947603,84.52381,98.77902923975135,90.750916,98.58743436377408,79.7619,83.02183854137292,91.57509,100.13183261285211,82.234436,96.78953701862923
squeezed_BR Vũng Tàu,2016-03-01,84.52381,94.56026656498838,90.750916,87.06683236358396,79.7619,90.39012350069092,91.57509,99.5972057744501,82.234436,88.11855493707574,77.38095,78.42338898060518
squeezed_BR Vũng Tàu,2016-04-01,90.750916,84.02900897630232,79.7619,90.64367017878317,91.57509,95.86750056477894,82.234436,87.19125544729755,77.38095,77.16888402890072,72.710625,70.09409734959321
squeezed_BR Vũng Tàu,2016-05-01,79.7619,92.80907309898546,91.57509,97.77927257349788,82.234436,87.21843284793741,77.38095,81.32838937299616,72.710625,76.91189540901692,79.30403,71.4638773710805
squeezed_BR Vũng Tàu,2016-06-01,91.57509,96.20019180182301,82.234436,72.86823531937685,77.38095,80.83766689663693,72.710625,72.46517733735254,79.30403,68.84565236838996,79.30403,67.23478862198047
squeezed_BR Vũng Tàu,2016-07-01,82.234436,75.55360527526317,77.38095,78.94281604548749,72.710625,74.95839426909332,79.30403,73.29439370431453,79.30403,72.11269278148875,64.40738,68.85272205139002
squeezed_BR Vũng Tàu,2016-08-01,77.38095,81.15324082993408,72.710625,74.30689357678732,79.30403,68.74462996456603,79.30403,87.05168665572762,64.40738,71.19504989721851,78.601845,62.8901453073046
squeezed_BR Vũng Tàu,2016-09-01,72.710625,74.75099822384706,79.30403,69.25146076171805,79.30403,80.47456708005261,64.40738,67.06787713062155,78.601845,65.97569310758735,77.35983,85.72183576881773
squeezed_BR Vũng Tàu,2016-10-01,79.30403,70.45223433019873,79.30403,78.59710566260159,64.40738,61.58257664794153,78.601845,70.67464413089908,77.35983,85.43495649837547,70.97232,75.76476290530302
squeezed_BR Vũng Tàu,2016-11-01,79.30403,79.3239911635516,64.40738,67.35437660054323,78.601845,72.71995354040247,77.35983,92.04847503829275,70.97232,68.28366998859674,76.0291,74.85669819480458
squeezed_BR Vũng Tàu,2016-12-01,64.40738,69.82087393337618,78.601845,66.9749812110939,77.35983,100.47971028275839,70.97232,89.33426326096213,76.0291,82.82990339993187,67.68985,64.35686725512873
squeezed_BR Vũng Tàu,2017-01-01,78.601845,70.87636785612699,77.35983,92.63732079653967,70.97232,83.85521693739443,76.0291,74.27953745774735,67.68985,66.67602587568172,58.01987,76.56713502984887
squeezed_BR Vũng Tàu,2017-02-01,77.35983,86.17482982851529,70.97232,74.47313756852263,76.0291,83.82492216715131,67.68985,70.47941062255515,58.01987,85.69010171828724,67.778564,71.3840480778321
squeezed_BR Vũng Tàu,2017-03-01,70.97232,79.39192229294328,76.0291,75.09237264289308,67.68985,73.31371356624018,58.01987,96.88233122819076,67.778564,82.14639799679897,60.77005,71.31179471281821
squeezed_BR Vũng Tàu,2017-04-01,76.0291,76.20610733949474,67.68985,84.33310253799603,58.01987,84.06385449016805,67.778564,76.38159336355133,60.77005,65.36669809436128,63.786373,76.6717454400516
squeezed_BR Vũng Tàu,2017-05-01,67.68985,74.77304495099958,58.01987,80.70823673532595,67.778564,69.30709043391562,60.77005,70.1604524338785,63.786373,77.13959416464337,59.084457,64.87869726507934
squeezed_BR Vũng Tàu,2017-06-01,58.01987,73.03642695165968,67.778564,67.45899991690628,60.77005,63.48089138518038,63.786373,63.062206054124324,59.084457,62.09745438264867,60.14904,63.58341881043153
squeezed_BR Vũng Tàu,2017-07-01,67.778564,63.52246850458563,60.77005,63.0328786696232,63.786373,59.98880784843095,59.084457,56.75840734361567,60.14904,55.15415910173362,61.14381,59.54180029768273
squeezed_BR Vũng Tàu,2017-08-01,60.77005,69.17099208586433,63.786373,63.82868709075549,59.084457,57.32955391357854,60.14904,55.24244465047557,61.14381,56.190523855395185,59.913906,57.594227767219685
squeezed_BR Vũng Tàu,2017-09-01,63.786373,60.6357516148581,59.084457,57.52827667634535,60.14904,58.519489288857805,61.14381,54.36852592142925,59.913906,55.43894781399671,65.27277,60.78016268431986
squeezed_BR Vũng Tàu,2017-10-01,59.084457,58.812529046780895,60.14904,61.126092487007035,61.14381,58.03303397642362,59.913906,58.30984392766935,65.27277,61.33510083959861,64.30642,62.545967986242324
squeezed_BR Vũng Tàu,2017-11-01,60.14904,56.36717796345645,61.14381,58.370071672001444,59.913906,59.19807487339529,65.27277,58.16876834471574,64.30642,70.33474005771066,61.495213,62.290992311857096
squeezed_BR Vũng Tàu,2017-12-01,61.14381,60.44244902319881,59.913906,56.592888393311675,65.27277,65.87513575692246,64.30642,64.405582336687,61.495213,60.96969002984822,51.568127,57.4166275252685
squeezed_Bình Phước,2016-01-01,27.917189,35.96498204362456,27.394396,36.71981404719073,29.694689,41.563927461269266,29.171894,42.35220677666772,27.812632,42.24873945960574,33.77248,43.306266825749205
squeezed_Bình Phước,2016-02-01,27.394396,49.87488687419279,29.694689,33.820866282415984,29.171894,48.14286832349296,27.812632,37.16293314271035,33.77248,53.62115266986795,18.193224,71.51679805004436
squeezed_Bình Phước,2016-03-01,29.694689,42.112590292690165,29.171894,35.04581599064389,27.812632,35.12899745589185,33.77248,41.754821970237366,18.193224,41.743832175016735,19.134253,33.78319748158411
squeezed_Bình Phước,2016-04-01,29.171894,23.83433928007224,27.812632,42.17774769236726,33.77248,41.66600535551303,18.193224,36.665557485364936,19.134253,24.209832877872476,15.892932,21.819425733610654
squeezed_Bình Phước,2016-05-01,27.812632,31.546186645136615,33.77248,34.03005519456997,18.193224,37.156599671627,19.134253,33.29730838924893,15.892932,26.31648480180975,15.683814,23.89157894658381
squeezed_Bình Phước,2016-06-01,33.77248,28.614062474535487,18.193224,43.54357000271037,19.134253,35.839653770008695,15.892932,36.148206898796616,15.683814,25.359097437190755,2.4048514,16.6022907995476
squeezed_Bình Phước,2016-07-01,18.193224,40.14195819604899,19.134253,33.23584652639009,15.892932,34.90087464968774,15.683814,24.083127667043215,2.4048514,22.24639756223748,8.019741,24.28956183964402
squeezed_Bình Phước,2016-08-01,19.134253,32.11600426459634,15.892932,18.51820181088489,15.683814,19.21167977015964,2.4048514,20.646256844911747,8.019741,14.793198111024656,8.945096,14.820599508986454
squeezed_Bình Phước,2016-09-01,15.892932,19.94233339536736,15.683814,15.903405030688528,2.4048514,16.19877888240304,8.019741,15.9390727598545,8.945096,15.948828561794864,21.488792,22.04159695177372
squeezed_Bình Phước,2016-10-01,15.683814,21.32809729015677,2.4048514,17.95711138089813,8.019741,25.719867935855067,8.945096,20.408488740225174,21.488792,24.7748925935987,10.8986225,23.053396620670966
squeezed_Bình Phước,2016-11-01,2.4048514,17.55614029687156,8.019741,23.6818020338473,8.945096,20.077775872038973,21.488792,22.129210456733894,10.8986225,29.509560837965466,11.618342,17.67271995883126
squeezed_Bình Phước,2016-12-01,8.019741,32.37503016632071,8.945096,15.503958831237481,21.488792,21.905875718058674,10.8986225,28.92852455314398,11.618342,26.844773706708885,13.571869,22.23109162105454
squeezed_Bình Phước,2017-01-01,8.945096,15.066869775707792,21.488792,24.296432800393948,10.8986225,26.22541799365831,11.618342,19.585263700230385,13.571869,25.042249706197875,12.852149,51.1557602517145
squeezed_Bình Phước,2017-02-01,21.488792,5.917266574388568,10.8986225,26.483896001989642,11.618342,28.54824050015736,13.571869,22.799742294162897,12.852149,56.996436523026915,8.019741,40.59329728872654
squeezed_Bình Phước,2017-03-01,10.8986225,17.38907034920242,11.618342,30.584078899834672,13.571869,23.97339099159089,12.852149,54.595846527893514,8.019741,49.361281931542415,7.8141065,46.35292104079784
squeezed_Bình Phước,2017-04-01,11.618342,14.638120731442108,13.571869,20.73011535037148,12.852149,17.148089725965452,8.019741,47.127921096566894,7.8141065,43.07218320940309,9.459182,39.80143051774122
squeezed_Bình Phước,2017-05-01,13.571869,13.718866424210331,12.852149,17.44268155734132,8.019741,10.895813943543008,7.8141065,22.607308974203935,9.459182,40.44736149346732,8.8422785,11.434605288712012
squeezed_Bình Phước,2017-06-01,12.852149,11.933835207666592,8.019741,12.916336777573388,7.8141065,11.827453813231829,9.459182,14.287588283644313,8.8422785,12.654107288693915,11.412708,34.56286389814544
squeezed_Bình Phước,2017-07-01,8.019741,13.40004106281079,7.8141065,13.695435492241415,9.459182,8.075958615067677,8.8422785,11.192989642827156,11.412708,28.96880910842694,7.7165194,37.007886148562164
squeezed_Bình Phước,2017-08-01,7.8141065,9.015922334482651,9.459182,8.335132329818524,8.8422785,14.677260473034186,11.412708,33.86019830622191,7.7165194,41.42741155768172,11.27018,47.36165251679325
squeezed_Bình Phước,2017-09-01,9.459182,7.457457173924853,8.8422785,7.9093222870641124,11.412708,30.7995662047261,7.7165194,47.0483039669863,11.27018,42.498827851285235,13.910042,32.596647819696386
squeezed_Bình Phước,2017-10-01,8.8422785,7.389402300567084,11.412708,31.42082702960733,7.7165194,45.73032361539016,11.27018,48.9230483173437,13.910042,37.80615064672623,14.620773,32.478718113593416
squeezed_Bình Phước,2017-11-01,11.412708,30.289958580955794,7.7165194,38.32069150853791,11.27018,57.25182409798876,13.910042,33.02686197599268,14.620773,26.64586999154507,10.457914,28.8473869371979
squeezed_Bình Phước,2017-12-01,7.7165194,47.48470749591595,11.27018,51.4923915475147,13.910042,25.42400519403905,14.620773,25.88596007890728,10.457914,31.432561176585352,10.356381,28.351470030849214
squeezed_Bình Thuận,2016-01-01,42.52883,39.89015889155013,47.517788,37.16812823667265,49.15351,39.15284026316186,42.6924,46.762947262351204,60.685368,45.814567323579155,63.38431,42.762345108067905
squeezed_Bình Thuận,2016-02-01,47.517788,39.81503534914973,49.15351,44.64544963894725,42.6924,57.3401301818134,60.685368,46.45349020817565,63.38431,44.727877273120654,53.242825,47.036080897057346
squeezed_Bình Thuận,2016-03-01,49.15351,47.127405138971525,42.6924,60.435112542695826,60.685368,49.973759654918005,63.38431,46.02069848351053,53.242825,44.658619906050085,43.18312,44.00305460574983
squeezed_Bình Thuận,2016-04-01,42.6924,60.92536946706582,60.685368,47.06005323772836,63.38431,41.955492231874004,53.242825,42.251788919516976,43.18312,41.32899376001302,49.64423,41.16255775933815
squeezed_Bình Thuận,2016-05-01,60.685368,42.88649791429438,63.38431,41.866737763353136,53.242825,40.90379969177398,43.18312,42.26845635941938,49.64423,36.903234756167905,57.16856,40.86425933319452
squeezed_Bình Thuận,2016-06-01,63.38431,49.08246704730483,53.242825,43.557326442816795,43.18312,45.10790803916846,49.64423,45.59272138351173,57.16856,43.032956037327004,3.925738,42.00141337491367
squeezed_Bình Thuận,2016-07-01,53.242825,52.77482936094469,43.18312,49.228752039367166,49.64423,46.2989314724169,57.16856,47.23679346740416,3.925738,44.14567394310841,33.10119,43.23299412924093
squeezed_Bình Thuận,2016-08-01,43.18312,46.846689245329834,49.64423,46.88266278103912,57.16856,45.84572952970794,3.925738,44.82737725771708,33.10119,41.5406587678328,33.10119,43.833134176422256
squeezed_Bình Thuận,2016-09-01,49.64423,43.75957504666088,57.16856,44.397296918664196,3.925738,43.29379914613653,33.10119,43.258781780813536,33.10119,44.028127106888704,48.50471,46.931064817536864
squeezed_Bình Thuận,2016-10-01,57.16856,46.18621667257937,3.925738,42.05894493133716,33.10119,42.193200712879765,33.10119,42.82922276453932,48.50471,42.77700344459422,58.910282,46.861221840325
squeezed_Bình Thuận,2016-11-01,3.925738,46.845739862388356,33.10119,46.59950721678254,33.10119,48.09538154669622,48.50471,47.06727097819967,58.910282,52.65732736974518,52.847195,48.60688282598827
squeezed_Bình Thuận,2016-12-01,33.10119,35.60619897786666,33.10119,32.42791432149094,48.50471,29.823252846996873,58.910282,40.70231129918145,52.847195,40.96022855721629,45.0635,41.65704883158181
squeezed_Bình Thuận,2017-01-01,33.10119,31.797413177675296,48.50471,30.310857040801977,58.910282,32.49096227979777,52.847195,35.24779995759116,45.0635,35.89782822765299,0.0,36.855839382928714
squeezed_Bình Thuận,2017-02-01,48.50471,36.39439310983111,58.910282,40.010225058941636,52.847195,41.299734420397336,45.0635,44.0939983086008,0.0,38.943117727350796,40.557148,34.55221736310432
squeezed_Bình Thuận,2017-03-01,58.910282,43.678159036529514,52.847195,45.3251001640097,45.0635,44.44766178825362,0.0,45.289501991777456,40.557148,40.75800540935305,38.836544,37.525372324157765
squeezed_Bình Thuận,2017-04-01,52.847195,54.240560666860006,45.0635,55.99773405063359,0.0,49.167424890208004,40.557148,47.84275744650807,38.836544,44.66771225050383,34.575993,44.60128054276597
squeezed_Bình Thuận,2017-05-01,45.0635,48.73308745972993,0.0,48.71728029698802,40.557148,45.24788468749512,38.836544,48.132982717293494,34.575993,43.004140760535684,48.42278,45.08511479861757
squeezed_Bình Thuận,2017-06-01,0.0,48.74918597988359,40.557148,45.52926360276941,38.836544,46.73274557428483,34.575993,42.22514589871055,48.42278,41.3420291748904,0.0,45.968186294400596
squeezed_Bình Thuận,2017-07-01,40.557148,39.094667908960766,38.836544,40.60131851513209,34.575993,24.577455266057683,48.42278,28.975573893381984,0.0,38.210234667349674,55.650616,33.801907523425356
squeezed_Bình Thuận,2017-08-01,38.836544,28.95812139705031,34.575993,31.81939734267482,48.42278,31.96647747722201,0.0,37.85449756385799,55.650616,33.51092264154718,46.117493,29.711470877539266
squeezed_Bình Thuận,2017-09-01,34.575993,35.125099593464405,48.42278,36.26378305535633,0.0,33.10291191557015,55.650616,31.186161239819768,46.117493,31.935544081107196,43.673103,39.27493164831499
squeezed_Bình Thuận,2017-10-01,48.42278,34.3347812429587,0.0,38.00072660855279,55.650616,34.505674791977846,46.117493,33.95041479943769,43.673103,45.95733857414646,45.465656,35.94520007809324
squeezed_Bình Thuận,2017-11-01,0.0,49.59533508157707,55.650616,37.11759930153302,46.117493,38.402825969885264,43.673103,41.61070727699838,45.465656,47.28343393794303,52.79883,42.229244721182894
squeezed_Bình Thuận,2017-12-01,55.650616,35.85854323051328,46.117493,35.334346192369544,43.673103,23.741938745276595,45.465656,30.174039209011347,52.79883,37.59593469179466,50.598877,43.057133741859374
squeezed_Bình Định,2016-01-01,13.905287,17.16108486837146,16.266562,14.62385929437464,18.82461,24.498955519841232,18.299883,40.09284175272463,19.742884,25.30738452237543,18.562246,18.921313315112727
squeezed_Bình Định,2016-02-01,16.266562,15.67224275807972,18.82461,29.687684606899854,18.299883,33.9021273674117,19.742884,26.91326116324283,18.562246,22.30171245038407,17.316017,27.995363157594685
squeezed_Bình Định,2016-03-01,18.82461,20.19835570344026,18.299883,39.09704141617171,19.742884,29.146766158697446,18.562246,23.953678577565164,17.316017,19.122134303399076,18.10311,33.33006473218984
squeezed_Bình Định,2016-04-01,18.299883,31.239437637661666,19.742884,20.80582550187543,18.562246,25.86611765526039,17.316017,20.07905684426885,18.10311,27.960774702033657,18.365473,22.759223705037265
squeezed_Bình Định,2016-05-01,19.742884,23.320348559571894,18.562246,15.202011352791198,17.316017,17.0064662225662,18.10311,22.853800390870486,18.365473,19.40571815042954,19.939657,20.093268416251256
squeezed_Bình Định,2016-06-01,18.562246,13.378941796824803,17.316017,14.5310204270543,18.10311,13.237885596559467,18.365473,23.393279295292125,19.939657,17.738783314674485,1.5085924,20.062028911164724
squeezed_Bình Định,2016-07-01,17.316017,15.247002661846468,18.10311,9.994620375141956,18.365473,17.477287190841537,19.939657,23.79100539262665,1.5085924,23.25162445565656,14.519056,18.483054368757077
squeezed_Bình Định,2016-08-01,18.10311,7.487400724849384,18.365473,14.211229951715449,19.939657,15.027641074654243,1.5085924,19.099783596947674,14.519056,19.378504667232818,11.494253,15.221457464602622
squeezed_Bình Định,2016-09-01,18.365473,12.71954238633111,19.939657,17.221171280382222,1.5085924,15.068226958791131,14.519056,15.286809051765504,11.494253,11.632023983913419,15.863413,19.112534128932904
squeezed_Bình Định,2016-10-01,19.939657,16.240553757995972,1.5085924,15.894121566568783,14.519056,16.207884828371537,11.494253,18.96165772982553,15.863413,19.971378693739503,11.561471,20.54939408690301
squeezed_Bình Định,2016-11-01,1.5085924,16.472844558813467,14.519056,15.482537626409734,11.494253,17.886729713045174,15.863413,17.040619549178455,11.561471,19.9201449190642,14.317403,26.392277793855552
squeezed_Bình Định,2016-12-01,14.519056,24.322583792067448,11.494253,15.966785583138067,15.863413,15.262220315577732,11.561471,2.3821029467546118,14.317403,21.014746963241855,15.594542,28.87758151102888
squeezed_Bình Định,2017-01-01,11.494253,18.0824069954279,15.863413,14.2785964122888,11.561471,15.469031730099937,14.317403,17.309749753847925,15.594542,23.150166827620577,13.645225,24.405135049563718
squeezed_Bình Định,2017-02-01,15.863413,19.618758838235177,11.561471,17.811977917813728,14.317403,19.088008966790966,15.594542,29.917412314961663,13.645225,31.95599417918931,18.417692,23.48662526563086
squeezed_Bình Định,2017-03-01,11.561471,19.878855418056293,14.317403,28.65001723998651,15.594542,31.263109396996704,13.645225,27.512146646676392,18.417692,21.881898426535216,12.233649,36.75102083249781
squeezed_Bình Định,2017-04-01,14.317403,23.478010410184414,15.594542,22.990318717604257,13.645225,23.532757438981722,18.417692,13.663552348105007,12.233649,27.310877441277665,11.023728,16.281260052404047
squeezed_Bình Định,2017-05-01,15.594542,20.399731853914368,13.645225,22.700520190447538,18.417692,19.14228545176039,12.233649,36.5374990661647,11.023728,23.621433869860674,11.830342,30.332077969374065
squeezed_Bình Định,2017-06-01,13.645225,16.62646168549517,18.417692,12.850168680971965,12.233649,19.67500464054488,11.023728,25.83815105491172,11.830342,45.11986830717587,9.544935,31.481693940405822
squeezed_Bình Định,2017-07-01,18.417692,12.152743294610984,12.233649,15.90798513631642,11.023728,12.84068523807182,11.830342,31.56301538757603,9.544935,34.95053318139071,9.208227,23.39489596962029
squeezed_Bình Định,2017-08-01,12.233649,19.20513185767627,11.023728,14.073084657383394,11.830342,17.053945962851582,9.544935,30.173222659813955,9.208227,21.14697949488395,10.619707,12.538519773483793
squeezed_Bình Định,2017-09-01,11.023728,13.53010350040329,11.830342,17.86515195650582,9.544935,28.78254261603973,9.208227,18.470507083036907,10.619707,15.888583457119154,15.996774,23.254935766402347
squeezed_Bình Định,2017-10-01,11.830342,13.578101573175102,9.544935,34.05506614797956,9.208227,20.507929808598764,10.619707,18.433434952735436,15.996774,18.167745875307084,11.829547,22.70461204322075
squeezed_Bình Định,2017-11-01,9.544935,26.982030068074657,9.208227,10.837201579005242,10.619707,4.0912473188451655,15.996774,16.898900566031905,11.829547,16.5071572514414,12.7033205,26.904260103550428
squeezed_Bình Định,2017-12-01,9.208227,13.065042247448488,10.619707,1.8347110288021142,15.996774,14.64857548720467,11.829547,18.150687917739873,12.7033205,27.255512830272817,12.7033205,29.7762547168483
squeezed_Bạc Liêu,2016-01-01,35.88355,35.22633269705454,20.311441,33.02894114647474,21.665539,43.156902175861575,26.292034,39.067203486228294,22.342587,39.46541149085084,22.68111,36.74828305173214
squeezed_Bạc Liêu,2016-02-01,20.311441,36.99271994138876,21.665539,40.447240076754476,26.292034,40.021755642271884,22.342587,38.501166208232945,22.68111,47.109524602459686,23.019634,75.20411267332712
squeezed_Bạc Liêu,2016-03-01,21.665539,30.53837736267285,26.292034,30.463739647626603,22.342587,27.39395025460436,22.68111,42.941555938114554,23.019634,57.6549004562181,14.782216,27.40401086950428
squeezed_Bạc Liêu,2016-04-01,26.292034,25.169317736467754,22.342587,32.241367335247986,22.68111,32.55446314006176,23.019634,52.31823401702126,14.782216,25.738825329811977,13.202437,17.471602455627483
squeezed_Bạc Liêu,2016-05-01,22.342587,34.23742231352558,22.68111,34.9985278190073,23.019634,33.54736293017823,14.782216,27.55221654684418,13.202437,21.898703300524033,14.330851,17.481429188110884
squeezed_Bạc Liêu,2016-06-01,22.68111,24.228934225928334,23.019634,22.954964885375624,14.782216,22.683322648575825,13.202437,21.721628829785562,14.330851,17.82184340596602,14.330851,19.92553759185391
squeezed_Bạc Liêu,2016-07-01,23.019634,24.337438474674364,14.782216,20.48619222013853,13.202437,18.3076167917027,14.330851,16.049728105981547,14.330851,20.750202776441366,25.732428,20.901569697265362
squeezed_Bạc Liêu,2016-08-01,14.782216,21.657848999703155,13.202437,20.806613962222585,14.330851,19.645423417495095,14.330851,19.769215241454898,25.732428,16.36367572623908,11.250975,24.763532498429036
squeezed_Bạc Liêu,2016-09-01,13.202437,18.053881132600253,14.330851,19.253249465019294,14.330851,15.056857658884773,25.732428,19.63649426376174,11.250975,19.100527712620487,11.3623705,32.614170431847796
squeezed_Bạc Liêu,2016-10-01,14.330851,12.33401994635031,14.330851,18.433448632006918,25.732428,23.300612468612627,11.250975,15.663483229422187,11.3623705,28.060781805642996,14.927035,25.63925691665619
squeezed_Bạc Liêu,2016-11-01,14.330851,15.1316459396555,25.732428,23.300169092997162,11.250975,20.474936692227185,11.3623705,31.464869071796475,14.927035,28.840077402160116,13.590286,32.554420614322915
squeezed_Bạc Liêu,2016-12-01,25.732428,30.996862294176747,11.250975,20.311628221276127,11.3623705,29.700001445787976,14.927035,30.617733073831403,13.590286,33.782325736629886,13.256099,25.488328584082147
squeezed_Bạc Liêu,2017-01-01,11.250975,35.90554683420092,11.3623705,33.18553238087792,14.927035,25.669745210664402,13.590286,36.71556190925057,13.256099,30.401302130981467,7.5749135,31.84742059125337
squeezed_Bạc Liêu,2017-02-01,11.3623705,35.22372165050472,14.927035,21.721699778486972,13.590286,27.854285016850366,13.256099,27.427973302396257,7.5749135,33.508955855773856,8.243288,29.145344565501304
squeezed_Bạc Liêu,2017-03-01,14.927035,15.229407837344347,13.590286,20.956218239889367,13.256099,22.936517071973608,7.5749135,36.84952526607252,8.243288,21.016110411513022,9.023059,35.45576680070764
squeezed_Bạc Liêu,2017-04-01,13.590286,18.73234514577007,13.256099,27.228061238286543,7.5749135,21.318919919515775,8.243288,24.056071517133606,9.023059,18.932607663159366,10.248413,20.900093693238965
squeezed_Bạc Liêu,2017-05-01,13.256099,19.43428171880223,7.5749135,21.397861088034112,8.243288,14.144328617733464,9.023059,18.557503472289945,10.248413,15.055314234425675,9.580038,15.664132790764103
squeezed_Bạc Liêu,2017-06-01,7.5749135,13.103486676541912,8.243288,14.415244697972526,9.023059,13.762266259177604,10.248413,16.688717382650434,9.580038,13.57537419219419,14.03587,14.60712129081153
squeezed_Bạc Liêu,2017-07-01,8.243288,7.766171349722785,9.023059,10.155807527242189,10.248413,11.416678441136646,9.580038,12.738722677116938,14.03587,12.595609530407362,15.393134,18.329375025122847
squeezed_Bạc Liêu,2017-08-01,9.023059,7.556891775162651,10.248413,10.449514437746544,9.580038,6.587176559077759,14.03587,12.0655338000759,15.393134,16.42485448434909,12.956811,19.768128714899717
squeezed_Bạc Liêu,2017-09-01,10.248413,7.137042220524448,9.580038,7.738596994988342,14.03587,9.098521898559413,15.393134,14.941103501331815,12.956811,19.909249596201626,13.178294,28.452917821455653
squeezed_Bạc Liêu,2017-10-01,9.580038,10.030484842850617,14.03587,13.72613647128895,15.393134,15.881781572205899,12.956811,23.10633019907133,13.178294,25.92649779566585,14.285714,28.601061221145955
squeezed_Bạc Liêu,2017-11-01,14.03587,11.244865947005449,15.393134,9.652711778687834,12.956811,30.287454905464777,13.178294,27.383098865767614,14.285714,25.217679685649806,15.614618,25.87457978293403
squeezed_Bạc Liêu,2017-12-01,15.393134,27.446091655579647,12.956811,19.122902852311107,13.178294,21.78513857957292,14.285714,27.008762346180855,15.614618,29.481515244549318,13.067553,32.04527882603818
squeezed_Bắc Giang,2016-01-01,19.425676,20.137003711137258,27.630308,26.5841619119921,26.30309,33.5420642315292,20.209942,31.470991257083437,22.62307,44.93307002391666,20.149614,36.271314300631275
squeezed_Bắc Giang,2016-02-01,27.630308,26.447613499634837,26.30309,30.222092411957483,20.209942,41.85234055448033,22.62307,37.571503291832265,20.149614,47.42556814130241,23.527992,38.81878256610021
squeezed_Bắc Giang,2016-03-01,26.30309,32.473504020608324,20.209942,29.535868096776557,22.62307,40.406378723861856,20.149614,38.693395849808745,23.527992,22.47371904506408,25.337837,30.524861545192408
squeezed_Bắc Giang,2016-04-01,20.209942,30.88761868385243,22.62307,30.465373264269626,20.149614,31.492107314308324,23.527992,25.013023923816284,25.337837,21.001355567115507,27.449324,22.306213576646613
squeezed_Bắc Giang,2016-05-01,22.62307,36.063091371438226,20.149614,24.580935522862227,23.527992,25.763237361969164,25.337837,20.655821358946767,27.449324,23.573242929700285,26.544401,22.27589166161645
squeezed_Bắc Giang,2016-06-01,20.149614,21.289955022070973,23.527992,26.984066032862657,25.337837,20.97395206628351,27.449324,18.849015000907105,26.544401,20.180254496248207,8.506274,19.294899406556105
squeezed_Bắc Giang,2016-07-01,23.527992,23.345203657977155,25.337837,18.914134896781064,27.449324,18.922847051167132,26.544401,18.966152305358666,8.506274,21.353969213362433,21.130816,19.983194685219463
squeezed_Bắc Giang,2016-08-01,25.337837,20.889735624003823,27.449324,22.85979204698119,26.544401,19.85689250885676,8.506274,20.703112483380256,21.130816,18.50461804743148,19.173193,17.70722269469628
squeezed_Bắc Giang,2016-09-01,27.449324,24.42267234763969,26.544401,22.707432929709864,8.506274,20.716121095060252,21.130816,21.804799998526185,19.173193,23.63404613193302,23.779364,23.094957102021482
squeezed_Bắc Giang,2016-10-01,26.544401,27.74664593912587,8.506274,23.895747745742288,21.130816,23.645003715053328,19.173193,18.429256349852135,23.779364,26.61579997416972,33.97052,23.173140518094602
squeezed_Bắc Giang,2016-11-01,8.506274,23.101451183279334,21.130816,25.102287642819448,19.173193,22.251619741036688,23.779364,22.326432710080564,33.97052,25.183014134785907,23.549055,26.445281780199693
squeezed_Bắc Giang,2016-12-01,21.130816,22.95457838754024,19.173193,7.303103260036787,23.779364,18.384569301049595,33.97052,5.2803422420595405,23.549055,6.72232069412189,21.994473,23.580587823869127
squeezed_Bắc Giang,2017-01-01,19.173193,12.216374845393524,23.779364,21.580015651831605,33.97052,12.609905862555843,23.549055,23.592693691830874,21.994473,16.3141044461186,26.31276,14.947184552540655
squeezed_Bắc Giang,2017-02-01,23.779364,19.08046415530599,33.97052,19.853290806406104,23.549055,25.77138128311848,21.994473,27.578197203563615,26.31276,30.459486810141286,24.815754,24.19923738264386
squeezed_Bắc Giang,2017-03-01,33.97052,20.14525037474164,23.549055,25.564052475387967,21.994473,23.336858531449245,26.31276,28.118711035404537,24.815754,22.327455924052384,25.90972,24.14473194769117
squeezed_Bắc Giang,2017-04-01,23.549055,33.477156428115144,21.994473,30.254686472701067,26.31276,27.164431911633056,24.815754,26.613737714133748,25.90972,23.615533067138365,27.752188,28.61291905297444
squeezed_Bắc Giang,2017-05-01,21.994473,34.5010526878906,26.31276,29.56664026017372,24.815754,25.81496136433448,25.90972,23.06453002813649,27.752188,20.463860762106375,28.155228,25.718816408318578
squeezed_Bắc Giang,2017-06-01,26.31276,20.74146058095655,24.815754,23.34196197774635,25.90972,20.84149488899807,27.752188,24.315666986279098,28.155228,21.568424792475888,30.57347,39.58592178447993
squeezed_Bắc Giang,2017-07-01,24.815754,23.358022819568465,25.90972,26.01727709771634,27.752188,20.785019277363748,28.155228,23.312905545257387,30.57347,43.995851929482356,24.697609,32.31064983989146
squeezed_Bắc Giang,2017-08-01,25.90972,24.600806714907485,27.752188,22.213670732812282,28.155228,27.861083548052818,30.57347,37.54712697826347,24.697609,33.81988784511634,20.534458,26.588412133997938
squeezed_Bắc Giang,2017-09-01,27.752188,22.095662732735583,28.155228,27.231893452141364,30.57347,39.58370486505731,24.697609,23.4008219243083,20.534458,25.054303779091793,18.734177,28.88930923571171
squeezed_Bắc Giang,2017-10-01,28.155228,29.287069322958434,30.57347,39.87359155283017,24.697609,29.81491879554327,20.534458,32.22181535938899,18.734177,31.36502915806733,17.215189,28.784241965604096
squeezed_Bắc Giang,2017-11-01,30.57347,36.723461847686906,24.697609,27.98673105274393,20.534458,30.549467390672227,18.734177,31.175591740798335,17.215189,31.152701051126957,19.409283,34.076745325709176
squeezed_Bắc Giang,2017-12-01,24.697609,29.3520901183078,20.534458,38.59816470729789,18.734177,36.01963180153587,17.215189,34.59226690488365,19.409283,34.548220286993,18.396624,34.30700570319309
squeezed_Bắc Kạn,2016-01-01,34.482758,60.093355457324535,50.47022,76.28181753481708,55.485893,66.56091479202675,51.09718,80.60940448043452,51.09718,79.96595231861593,35.4232,60.22801450031254
squeezed_Bắc Kạn,2016-02-01,50.47022,66.79106202469386,55.485893,63.58512617500535,51.09718,68.80981740515544,51.09718,80.71113423948042,35.4232,76.42918604260383,26.332289,53.968488582669146
squeezed_Bắc Kạn,2016-03-01,55.485893,57.96542841103527,51.09718,65.34508855632431,51.09718,61.56295743968491,35.4232,72.56722718866568,26.332289,47.235806996774116,27.899687,60.89591159152061
squeezed_Bắc Kạn,2016-04-01,51.09718,58.877934701653245,51.09718,55.14238218305005,35.4232,53.34079495097212,26.332289,45.67853246359828,27.899687,45.770358593291235,37.304073,49.30845402215196
squeezed_Bắc Kạn,2016-05-01,51.09718,55.489708864668806,35.4232,50.27365820812654,26.332289,37.49322436762643,27.899687,41.72215550477531,37.304073,43.3552789991238,42.63323,46.35476356855151
squeezed_Bắc Kạn,2016-06-01,35.4232,53.69119111958204,26.332289,47.59640741905136,27.899687,47.67774707034151,37.304073,45.10021238801401,42.63323,41.103802015889194,38.557995,40.45069836459939
squeezed_Bắc Kạn,2016-07-01,26.332289,39.39424774656852,27.899687,42.2738190112026,37.304073,50.800360256228934,42.63323,38.6467253209262,38.557995,36.162293601070736,38.076797,37.08707136518812
squeezed_Bắc Kạn,2016-08-01,27.899687,30.107259030880908,37.304073,39.0046017644244,42.63323,29.196739727933256,38.557995,34.996837482764434,38.076797,37.50363856837619,42.91707,38.5342447549554
squeezed_Bắc Kạn,2016-09-01,37.304073,37.03695317785069,42.63323,29.14840242678891,38.557995,36.139441048873756,38.076797,40.349482541688104,42.91707,42.95581122001334,46.466602,38.53301510150971
squeezed_Bắc Kạn,2016-10-01,42.63323,34.17360741955832,38.557995,34.0239839367419,38.076797,37.99966530317523,42.91707,43.13036179447441,46.466602,54.46984677867621,34.204582,36.50736737063811
squeezed_Bắc Kạn,2016-11-01,38.557995,43.95779636270105,38.076797,37.836830476121506,42.91707,48.326245025791536,46.466602,54.866916745429094,34.204582,55.848835851025235,41.303646,57.88759249379034
squeezed_Bắc Kạn,2016-12-01,38.076797,34.78291629589879,42.91707,52.07379694645909,46.466602,32.28888911637034,34.204582,57.10009320253843,41.303646,48.90648000156318,36.78606,47.85925175992993
squeezed_Bắc Kạn,2017-01-01,42.91707,42.50086498842207,46.466602,35.98258325829163,34.204582,48.612811027194056,41.303646,41.00645888182668,36.78606,60.17964485112597,49.370766,66.4387359340888
squeezed_Bắc Kạn,2017-02-01,46.466602,50.788671647068675,34.204582,53.47703646419153,41.303646,54.401527865357,36.78606,67.76604498788407,49.370766,51.774121860224724,50.984188,52.071522666727574
squeezed_Bắc Kạn,2017-03-01,34.204582,45.42337984483417,41.303646,49.475045909355345,36.78606,44.91437537004272,49.370766,44.590867600796955,50.984188,43.7967581702804,42.594387,40.387533441575776
squeezed_Bắc Kạn,2017-04-01,41.303646,42.74636560469828,36.78606,39.85186665677967,49.370766,41.50526026502187,50.984188,43.89443520036625,42.594387,42.85749913509509,47.111973,35.742154994771006
squeezed_Bắc Kạn,2017-05-01,36.78606,39.76742995208698,49.370766,44.34507643011837,50.984188,40.29674006080554,42.594387,35.752369093931826,47.111973,31.65232886848893,57.43788,39.07213618745867
squeezed_Bắc Kạn,2017-06-01,49.370766,37.64224650899777,50.984188,38.48413163015433,42.594387,42.16711221477523,47.111973,29.64649933031201,57.43788,37.617123441839865,0.0,37.49012809699181
squeezed_Bắc Kạn,2017-07-01,50.984188,45.53613467575491,42.594387,44.13170433161292,47.111973,37.615209379163176,57.43788,33.73663447668345,0.0,39.57578678707557,34.294872,36.76000681883391
squeezed_Bắc Kạn,2017-08-01,42.594387,46.36261720273279,47.111973,44.53848483375741,57.43788,44.71843622057221,0.0,42.65518988289666,34.294872,41.764339614152185,25.320513,45.6596216040103
squeezed_Bắc Kạn,2017-09-01,47.111973,38.31571471014373,57.43788,39.66886261373561,0.0,53.52984837999326,34.294872,40.35997595607591,25.320513,49.71003221543817,50.0,50.75649072904883
squeezed_Bắc Kạn,2017-10-01,57.43788,42.366778376216274,0.0,56.1065928817875,34.294872,43.57833769428444,25.320513,49.89150939750502,50.0,58.451887386937216,38.141026,53.41790218483783
squeezed_Bắc Kạn,2017-11-01,0.0,58.00865976071118,34.294872,45.53706481620812,25.320513,55.340796232089616,50.0,61.78965311023171,38.141026,67.51047719229659,45.192307,70.56691951949233
squeezed_Bắc Kạn,2017-12-01,34.294872,61.743615509960705,25.320513,41.84762452549641,50.0,44.9346503049846,38.141026,40.49781638283187,45.192307,34.08212860744662,32.371796,40.96327976150623
squeezed_Cao Bằng,2016-01-01,119.2903,141.3736992284382,140.05286,163.2902398165592,140.6191,150.96808304274998,166.10042,148.73007008442676,152.69913,188.57632964496776,174.40544,165.30604835849763
squeezed_Cao Bằng,2016-02-01,140.05286,151.830415881651,140.6191,159.48201790423104,166.10042,164.04838063992304,152.69913,158.42923572245655,174.40544,191.61662578844638,158.36165,160.32384242738092
squeezed_Cao Bằng,2016-03-01,140.6191,155.94568089096987,166.10042,163.08636770522745,152.69913,175.96020172948084,174.40544,177.13017012496397,158.36165,175.75357753059586,156.28539,164.7298698092797
squeezed_Cao Bằng,2016-04-01,166.10042,150.51201971610772,152.69913,183.1128139608234,174.40544,149.68513609106859,158.36165,163.41889679243104,156.28539,152.53883453100048,175.53793,139.75527875907514
squeezed_Cao Bằng,2016-05-01,152.69913,163.57252509297228,174.40544,164.66703585345246,158.36165,175.14587695355357,156.28539,159.49765842065403,175.53793,140.99820769102874,167.98792,139.83794351294395
squeezed_Cao Bằng,2016-06-01,174.40544,162.6565676115636,158.36165,158.6952464797112,156.28539,162.98004537916069,175.53793,140.10792802002513,167.98792,137.5770640748098,163.26917,147.92559042854697
squeezed_Cao Bằng,2016-07-01,158.36165,171.07924727914954,156.28539,160.19497584914512,175.53793,157.31360087567296,167.98792,139.67514646407884,163.26917,146.93959037835157,139.43768,142.14975094357516
squeezed_Cao Bằng,2016-08-01,156.28539,159.67595820350775,175.53793,146.57697433581336,167.98792,142.841234240963,163.26917,150.60559219826098,139.43768,138.35923565227588,144.18694,113.89953882704012
squeezed_Cao Bằng,2016-09-01,175.53793,148.30951690008303,167.98792,139.00465746866942,163.26917,147.05873050638854,139.43768,129.2793157362109,144.18694,129.9870607412042,149.12614,103.69245580365481
squeezed_Cao Bằng,2016-10-01,167.98792,158.26730966968128,163.26917,146.58053099323524,139.43768,129.4842474764593,144.18694,132.80330739233997,149.12614,122.03997544965127,152.5456,135.8261089736883
squeezed_Cao Bằng,2016-11-01,163.26917,156.48203680170928,139.43768,147.3605559964973,144.18694,137.8523593500439,149.12614,129.53967572130202,152.5456,148.35580549109503,0.0,159.09217168409398
squeezed_Cao Bằng,2016-12-01,139.43768,138.73130571231246,144.18694,121.43452843853808,149.12614,126.70125618476322,152.5456,148.15331531277434,0.0,183.28513291278668,143.99696,171.8610912377297
squeezed_Cao Bằng,2017-01-01,144.18694,143.49287046977162,149.12614,135.07269576754288,152.5456,152.00536068761068,0.0,162.0042317761048,143.99696,176.33729477482547,130.12918,162.2319578996963
squeezed_Cao Bằng,2017-02-01,149.12614,133.26238309862356,152.5456,152.41187814931305,0.0,167.23037958073255,143.99696,168.4246972146233,130.12918,172.52139268376297,147.79636,169.67965208709182
squeezed_Cao Bằng,2017-03-01,152.5456,147.03031782907954,0.0,162.62699781564174,143.99696,162.77639053108228,130.12918,153.03104220972207,147.79636,171.9226340223714,125.56991,152.78518853438473
squeezed_Cao Bằng,2017-04-01,0.0,151.93730612783543,143.99696,167.58442346346988,130.12918,153.92494357008835,147.79636,162.46793307312686,125.56991,159.17646394161955,0.0,143.10853455223864
squeezed_Cao Bằng,2017-05-01,143.99696,81.14112024594863,130.12918,83.71294226788397,147.79636,70.66728201314976,125.56991,75.73279336408521,0.0,40.01407895853421,111.13222,65.13712540288242
squeezed_Cao Bằng,2017-06-01,130.12918,137.81208651447602,147.79636,136.75399725581786,125.56991,104.547893632208,0.0,100.07259291787584,111.13222,106.6570723519445,100.87386,95.70299937505158
squeezed_Cao Bằng,2017-07-01,147.79636,127.62438117667087,125.56991,123.23409432863131,0.0,98.13306220332316,111.13222,111.14818574457479,100.87386,111.71613288442043,105.54189,115.20964560002749
squeezed_Cao Bằng,2017-08-01,125.56991,124.34587792306311,0.0,113.36408520138087,111.13222,108.49009602973264,100.87386,93.85700974692777,105.54189,106.3786148267932,91.356155,102.95375365927626
squeezed_Cao Bằng,2017-09-01,0.0,124.64227044103667,111.13222,115.65287474912319,100.87386,110.2989362881283,105.54189,95.52837496362228,91.356155,104.2439837856723,0.0,110.98714490419572
squeezed_Cao Bằng,2017-10-01,111.13222,71.31503295933368,100.87386,68.11580747231093,105.54189,50.809469591331656,91.356155,49.474452292394254,0.0,91.68190077869698,99.48931,67.85058220569941
squeezed_Cao Bằng,2017-11-01,100.87386,109.3271494409038,105.54189,101.93088909086815,91.356155,93.3414773473524,0.0,95.72192322758771,99.48931,101.86747029563783,110.27048,107.87947161857379
squeezed_Cao Bằng,2017-12-01,105.54189,91.5404436430073,91.356155,108.71251205130638,0.0,114.15589097162973,99.48931,118.9568118465659,110.27048,131.5665994786627,102.13732,127.10225984493337
squeezed_Cà Mau,2016-01-01,30.426958,33.078941925469195,32.14461,35.76558103347129,25.437592,51.33893097735267,27.809586,37.909266397553345,20.938982,48.51530665272563,29.03648,33.43279479500293
squeezed_Cà Mau,2016-02-01,32.14461,32.540569499062165,25.437592,42.39085849914823,27.809586,54.334810187964045,20.938982,48.61887083955239,29.03648,35.72183336666215,30.672338,31.119404628378067
squeezed_Cà Mau,2016-03-01,25.437592,37.830046808933645,27.809586,40.97991411936279,20.938982,34.008596292143686,29.03648,34.094801901218496,30.672338,26.81345505081068,28.954687,23.180671098032775
squeezed_Cà Mau,2016-04-01,27.809586,31.230227905153917,20.938982,37.073953077783905,29.03648,40.172886326242626,30.672338,28.288597218411738,28.954687,22.858657646522687,26.828072,20.392733722767368
squeezed_Cà Mau,2016-05-01,20.938982,36.63949280405944,29.03648,57.5910788391236,30.672338,25.706583579732083,28.954687,17.991014041947793,26.828072,23.516608527881626,25.274006,21.11097625668131
squeezed_Cà Mau,2016-06-01,29.03648,35.54042321536085,30.672338,21.052875872260294,28.954687,24.97895329360382,26.828072,21.051327004277113,25.274006,20.325416873716748,25.274006,19.79447381197774
squeezed_Cà Mau,2016-07-01,30.672338,26.64799823442782,28.954687,22.23380001569515,26.828072,23.639523879473586,25.274006,24.624091991298073,25.274006,21.547267356557978,18.629908,25.373474304848305
squeezed_Cà Mau,2016-08-01,28.954687,28.54049193429633,26.828072,30.486132859691615,25.274006,26.882249011018292,25.274006,24.386231944629184,18.629908,24.791179981242045,15.121136,24.510381142549495
squeezed_Cà Mau,2016-09-01,26.828072,36.36185843721384,25.274006,27.287073408251665,25.274006,29.86932725019789,18.629908,27.92382382396624,15.121136,23.46003197233623,19.632414,31.046032045257387
squeezed_Cà Mau,2016-10-01,25.274006,29.747170716458776,25.274006,29.55276830952476,18.629908,27.113687300217947,15.121136,26.37286484225431,19.632414,32.81423810407966,8.688388,24.837283631822512
squeezed_Cà Mau,2016-11-01,25.274006,29.93354129886927,18.629908,29.500130663821746,15.121136,24.251063420010784,19.632414,38.08064658696975,8.688388,28.274279514058072,13.533834,35.39703417412387
squeezed_Cà Mau,2016-12-01,18.629908,36.85180236882224,15.121136,32.118686157262196,19.632414,31.79494156745839,8.688388,36.578416856144436,13.533834,35.78472877136678,22.13868,39.97671708609797
squeezed_Cà Mau,2017-01-01,15.121136,27.805074476896877,19.632414,28.298994383090353,8.688388,30.51123795938702,13.533834,32.13260717889911,22.13868,35.047085524053756,19.13116,27.31670800596851
squeezed_Cà Mau,2017-02-01,19.632414,19.48539265525587,8.688388,21.799485708837768,13.533834,23.28676864196416,22.13868,26.100130658991947,19.13116,27.734340463193185,17.794487,22.7215402730272
squeezed_Cà Mau,2017-03-01,8.688388,24.205224767978553,13.533834,23.539842218889355,22.13868,24.02295367725635,19.13116,39.963879363899736,17.794487,18.459039511872877,22.723475,17.175085428712293
squeezed_Cà Mau,2017-04-01,13.533834,23.39577444096668,22.13868,23.541084219902128,19.13116,23.86356405936479,17.794487,29.006438480867175,22.723475,16.446927492119205,17.710943,20.888851912654406
squeezed_Cà Mau,2017-05-01,22.13868,14.629716836457623,19.13116,23.46099109791261,17.794487,14.846339279328767,22.723475,16.824960201535536,17.710943,17.746040587121115,18.546366,17.907895829195954
squeezed_Cà Mau,2017-06-01,19.13116,17.116877118502206,17.794487,19.739736913217147,22.723475,16.414639722157144,17.710943,18.746849798936342,18.546366,17.501742486178355,20.802006,15.938219017160321
squeezed_Cà Mau,2017-07-01,17.794487,20.932847766718144,22.723475,15.138877050264213,17.710943,14.595563313762568,18.546366,12.970079837621206,20.802006,17.222823780746587,18.819002,19.62605169735993
squeezed_Cà Mau,2017-08-01,22.723475,17.07467939617149,17.710943,16.40654464179159,18.546366,15.656883460212125,20.802006,16.93423086522561,18.819002,18.061530151494896,17.313482,23.639623134193116
squeezed_Cà Mau,2017-09-01,17.710943,19.167446124031432,18.546366,19.61009752277902,20.802006,18.92899257916957,18.819002,19.028036093609725,17.313482,22.341776497600144,17.313482,24.06607806106874
squeezed_Cà Mau,2017-10-01,18.546366,18.648361750422232,20.802006,17.77791666035939,18.819002,19.417320338860677,17.313482,22.117120398671755,17.313482,25.311320078268103,14.971562,36.83372762876071
squeezed_Cà Mau,2017-11-01,20.802006,17.79459829517806,18.819002,14.38386877526098,17.313482,22.655723088611918,17.313482,28.157722333787845,14.971562,45.676478056320754,18.400803,31.693977509755822
squeezed_Cà Mau,2017-12-01,18.819002,27.678813234999712,17.313482,22.43118506833994,17.313482,24.696841186405713,14.971562,54.48446928921577,18.400803,39.58886076288021,15.807962,27.291138332025536
squeezed_Cần Thơ,2016-01-01,11.368154,36.735257518249945,5.087845,44.77573945295581,3.736386,45.89413485697754,4.292869,41.08975604601659,7.154782,45.746439306235935,7.7112646,49.5971068706972
squeezed_Cần Thơ,2016-02-01,5.087845,23.260041558178003,3.736386,27.28433054535324,4.292869,37.83405952704706,7.154782,35.97432370636069,7.7112646,43.0571008031404,5.087845,44.109751630949994
squeezed_Cần Thơ,2016-03-01,3.736386,21.409562128060525,4.292869,22.337760855607662,7.154782,27.25146423143381,7.7112646,35.63412111629211,5.087845,32.972964329089045,5.803323,26.497005249294496
squeezed_Cần Thơ,2016-04-01,4.292869,18.731142321253117,7.154782,15.928527237981362,7.7112646,18.63746483175573,5.087845,34.632661825318976,5.803323,21.445292844257217,6.121313,18.691348535490757
squeezed_Cần Thơ,2016-05-01,7.154782,19.25236353848892,7.7112646,15.484530396331364,5.087845,19.10980735431679,5.803323,18.120984144674967,6.121313,14.188844058236961,2.4644248,15.629687012178948
squeezed_Cần Thơ,2016-06-01,7.7112646,12.530822237698136,5.087845,20.103702694357835,5.803323,12.731033717426106,6.121313,22.8940256589525,2.4644248,14.495658924148476,2.4644248,15.536210942973964
squeezed_Cần Thơ,2016-07-01,5.087845,13.973577547977783,5.803323,14.21936342503863,6.121313,8.87351813099991,2.4644248,15.423151993883614,2.4644248,14.307951790409357,53.337696,38.56465738234891
squeezed_Cần Thơ,2016-08-01,5.803323,19.575667409821015,6.121313,11.00341769000006,2.4644248,4.433021181419092,2.4644248,14.198442730955973,53.337696,39.943616536326935,50.310863,29.423530129119282
squeezed_Cần Thơ,2016-09-01,6.121313,12.423620444656406,2.4644248,11.813169078038262,2.4644248,9.817954839085957,53.337696,39.4731667365397,50.310863,25.538093123994752,51.537956,48.33360983387011
squeezed_Cần Thơ,2016-10-01,2.4644248,14.239371503327924,2.4644248,19.3478526014542,53.337696,47.90525929443163,50.310863,28.736456088877368,51.537956,46.77645382576894,56.77356,55.39121433800262
squeezed_Cần Thơ,2016-11-01,2.4644248,12.46922288747046,53.337696,45.44865314385159,50.310863,44.42794924964127,51.537956,60.30643295757374,56.77356,61.7570123074598,52.274216,50.90339843638371
squeezed_Cần Thơ,2016-12-01,53.337696,64.9861861616943,50.310863,26.252492965373158,51.537956,66.74868133003393,56.77356,60.946977129440015,52.274216,53.360516558832906,54.07395,63.302508618892624
squeezed_Cần Thơ,2017-01-01,50.310863,43.95153895887056,51.537956,68.6556017814843,56.77356,61.8656433878975,52.274216,60.95934697351543,54.07395,71.43819981615134,57.837044,91.40537676781807
squeezed_Cần Thơ,2017-02-01,51.537956,68.44279196289514,56.77356,66.62245265841533,52.274216,56.99495194939214,54.07395,68.3670692727732,57.837044,75.54811813398625,53.828533,83.54406376185062
squeezed_Cần Thơ,2017-03-01,56.77356,63.70454172534646,52.274216,62.89522181518582,54.07395,60.959532588641295,57.837044,70.6269566806106,53.828533,73.83095721719114,41.884815,78.03841516463446
squeezed_Cần Thơ,2017-04-01,52.274216,56.84682866460279,54.07395,55.94415478054901,57.837044,60.52365377275099,53.828533,67.84067773752709,41.884815,56.21183594917054,52.028797,49.937927871671945
squeezed_Cần Thơ,2017-05-01,54.07395,56.56496652650928,57.837044,54.800318041052705,53.828533,47.091706205714715,41.884815,59.911998465388336,52.028797,50.6339095703009,43.35733,46.12369140409264
squeezed_Cần Thơ,2017-06-01,57.837044,48.17985309739341,53.828533,45.989745323057235,41.884815,49.82682581351857,52.028797,47.104014687471626,43.35733,50.86455928681294,50.474476,50.187771420516185
squeezed_Cần Thơ,2017-07-01,53.828533,54.53899164754729,41.884815,53.369225125398735,52.028797,34.930393015220666,43.35733,43.99788556320499,50.474476,48.83630580797508,6.8420625,45.693291694758344
squeezed_Cần Thơ,2017-08-01,41.884815,48.78344433551478,52.028797,42.281719036844244,43.35733,43.02134590255948,50.474476,47.49922011585884,6.8420625,43.88825544087244,2.036328,41.956861394562075
squeezed_Cần Thơ,2017-09-01,52.028797,46.36329391117865,43.35733,39.89178181534715,50.474476,35.364478341788306,6.8420625,38.668311588642716,2.036328,39.44607357397386,5.701719,46.12968871929157
squeezed_Cần Thơ,2017-10-01,43.35733,50.80627940193224,50.474476,43.055190460052614,6.8420625,44.34632852472911,2.036328,62.61793270962564,5.701719,42.0254303825966,7.493687,44.48359618068422
squeezed_Cần Thơ,2017-11-01,50.474476,52.69431865654468,6.8420625,43.0196036902484,2.036328,47.10533312665193,5.701719,42.24587055200265,7.493687,44.52254833224097,5.5388126,42.858618601564295
squeezed_Cần Thơ,2017-12-01,6.8420625,47.18920346656101,2.036328,50.50838971808422,5.701719,42.26569795376398,7.493687,43.92016488881997,5.5388126,44.600332954902264,6.3533435,49.3566783340135
squeezed_Gia Lai,2016-01-01,47.696323,45.17284146826533,49.0369,48.441493304014394,51.294716,48.91827442236392,56.374798,54.051287958659785,65.970505,52.515143146421025,56.93925,50.719064908599734
squeezed_Gia Lai,2016-02-01,49.0369,50.05682071442622,51.294716,53.46051027277686,56.374798,43.25226949179194,65.970505,51.041372689237605,56.93925,57.0116053690537,58.773724,56.17031858261146
squeezed_Gia Lai,2016-03-01,51.294716,51.27428724616115,56.374798,52.31409197398984,65.970505,53.659040909500376,56.93925,50.822894916649766,58.773724,52.04746897825223,46.214634,55.18181162844059
squeezed_Gia Lai,2016-04-01,56.374798,49.441971148018084,65.970505,54.50938725301032,56.93925,57.817217743480434,58.773724,52.31485261403161,46.214634,46.800830177653594,44.521275,45.12411460342548
squeezed_Gia Lai,2016-05-01,65.970505,48.58874438465175,56.93925,54.87698887480208,58.773724,50.05019014632163,46.214634,49.48714286634558,44.521275,48.34064887026286,52.000282,42.50877029439948
squeezed_Gia Lai,2016-06-01,56.93925,60.88899203553701,58.773724,54.95792888571702,46.214634,50.053477028960764,44.521275,49.16133217647984,52.000282,46.70066421849846,7.126226,47.52921207732148
squeezed_Gia Lai,2016-07-01,58.773724,56.64521469979715,46.214634,49.009063384430114,44.521275,52.55420676031493,52.000282,45.6255278487786,7.126226,49.250703922577586,30.63517,47.45869258753616
squeezed_Gia Lai,2016-08-01,46.214634,54.94704705369909,44.521275,53.58114366851221,52.000282,46.22810158622967,7.126226,48.635647885598814,30.63517,47.57286187218315,41.05113,45.395473180386745
squeezed_Gia Lai,2016-09-01,44.521275,48.18823116852761,52.000282,38.828436035938985,7.126226,49.62656264616828,30.63517,39.72308217363144,41.05113,40.22121736309379,63.38076,47.61624228179975
squeezed_Gia Lai,2016-10-01,52.000282,43.11212344456164,7.126226,44.42033407497108,30.63517,43.607541608726784,41.05113,34.34712954377417,63.38076,45.58974888351675,59.500305,47.5399065974074
squeezed_Gia Lai,2016-11-01,7.126226,46.58474225823527,30.63517,46.28984766296525,41.05113,46.31366034482396,63.38076,49.21300630280886,59.500305,49.926855981762586,68.21431,49.78439379101612
squeezed_Gia Lai,2016-12-01,30.63517,34.708726399851706,41.05113,31.388641823661114,63.38076,41.39447787244514,59.500305,39.05543624012811,68.21431,47.88541095562895,0.0,42.16081540123389
squeezed_Gia Lai,2017-01-01,41.05113,29.918509115065596,63.38076,32.733677393363024,59.500305,37.513865593685665,68.21431,36.726460773803694,0.0,40.56298284132651,59.023758,41.62148769784566
squeezed_Gia Lai,2017-02-01,63.38076,44.249872632995775,59.500305,45.72437382533953,68.21431,37.091941021364946,0.0,44.36811064968113,59.023758,45.42297328512448,4.2208457,41.955167674816444
squeezed_Gia Lai,2017-03-01,59.500305,53.50265928313819,68.21431,55.555006369704294,0.0,56.424003156601486,59.023758,53.0897385844341,4.2208457,45.82711118996149,4.901627,51.81295172652591
squeezed_Gia Lai,2017-04-01,68.21431,45.63052281631735,0.0,54.97166500668588,59.023758,51.84572236038752,4.2208457,50.63312682577255,4.901627,46.70896037652265,17.155695,42.4227778597822
squeezed_Gia Lai,2017-05-01,0.0,61.824368374895,59.023758,62.3377180271465,4.2208457,51.10130457991027,4.901627,49.208832757061785,17.155695,46.02618657493302,28.728981,40.87193415927007
squeezed_Gia Lai,2017-06-01,59.023758,61.70685809996305,4.2208457,41.396968782442265,4.901627,29.775030186246596,17.155695,37.37424087520531,28.728981,23.712840611992537,31.72442,31.44030453219522
squeezed_Gia Lai,2017-07-01,4.2208457,44.72631638225775,4.901627,40.76986834311878,17.155695,42.91157388003894,28.728981,38.417058711609585,31.72442,40.435609894962134,43.391056,36.52848389958344
squeezed_Gia Lai,2017-08-01,4.901627,29.154365898873458,17.155695,28.695752269127123,28.728981,27.78586237132897,31.72442,40.27901196248842,43.391056,37.52798084563887,44.995655,31.345608813598165
squeezed_Gia Lai,2017-09-01,17.155695,3.1217940321359445,28.728981,4.884142268346555,31.72442,32.44068483944427,43.391056,19.312449076659412,44.995655,20.57343438561006,48.472286,25.865704526826057
squeezed_Gia Lai,2017-10-01,28.728981,14.74959433102112,31.72442,29.23869490684431,43.391056,18.09910243813845,44.995655,19.260042874005862,48.472286,22.841139094094945,50.210606,22.212373830160924
squeezed_Gia Lai,2017-11-01,31.72442,37.83655414417819,43.391056,21.517794257102622,44.995655,25.81525329114985,48.472286,27.716900760450788,50.210606,28.336361954945463,49.14087,32.994305332728494
squeezed_Gia Lai,2017-12-01,43.391056,29.37001473027437,44.995655,27.366967835449838,48.472286,35.52278926659245,50.210606,38.22901833896093,49.14087,33.14890652086678,51.213478,50.804456644878734
squeezed_Hà Giang,2016-01-01,67.883835,92.37329768759436,88.46955,92.15872595561899,87.48928,102.67609543701583,108.565125,103.70209363500139,127.80296,109.95082737415916,81.485115,108.33379106673372
squeezed_Hà Giang,2016-02-01,88.46955,82.52470897300866,87.48928,92.28398831152852,108.565125,101.51315260150365,127.80296,95.12131326015802,81.485115,101.52361817669234,87.24421,102.31722955830165
squeezed_Hà Giang,2016-03-01,87.48928,94.46227302212755,108.565125,101.51144628552215,127.80296,96.99151717262079,81.485115,98.79138081422754,87.24421,106.7477529607133,99.25254,91.92980756418449
squeezed_Hà Giang,2016-04-01,108.565125,93.68329091059995,127.80296,104.51242740807204,81.485115,91.07872226219995,87.24421,92.86898241512554,99.25254,85.27764362034885,95.20892,83.90965531754593
squeezed_Hà Giang,2016-05-01,127.80296,99.79096580226663,81.485115,97.3549098080664,87.24421,97.02527222328898,99.25254,90.7689144456296,95.20892,85.25722724194375,84.671,83.22264213396002
squeezed_Hà Giang,2016-06-01,81.485115,106.03155485599001,87.24421,99.97795072873643,99.25254,92.4336190862235,95.20892,88.04815706893794,84.671,92.59631466804204,52.444553,91.64437213943177
squeezed_Hà Giang,2016-07-01,87.24421,88.01531605993463,99.25254,85.54111288328282,95.20892,87.29853351360542,84.671,86.06271008492764,52.444553,84.71274756643007,52.416935,80.26731339112321
squeezed_Hà Giang,2016-08-01,99.25254,83.40240123411334,95.20892,88.77427466265758,84.671,83.34548344954207,52.444553,83.73744165541402,52.416935,72.00155220364101,57.214825,76.62175703442368
squeezed_Hà Giang,2016-09-01,95.20892,89.44353425429796,84.671,89.76204359055032,52.444553,81.34295655047724,52.416935,72.4373890056855,57.214825,78.76068219908699,60.813244,77.40890259534835
squeezed_Hà Giang,2016-10-01,84.671,89.85318132237119,52.444553,90.66867476516094,52.416935,70.11678639856582,57.214825,68.60031823709572,60.813244,80.82751235678579,72.20823,83.91253188069477
squeezed_Hà Giang,2016-11-01,52.444553,88.4371951977136,52.416935,68.9916854204895,57.214825,64.57922655402044,60.813244,77.6440303340463,72.20823,94.65807550373073,0.0,88.93720316046027
squeezed_Hà Giang,2016-12-01,52.416935,66.29153619975963,57.214825,63.15011562937748,60.813244,71.03873935593278,72.20823,73.12676163428391,0.0,84.37555756326172,74.48723,95.45537252355696
squeezed_Hà Giang,2017-01-01,57.214825,57.198916779091434,60.813244,74.19263269019206,72.20823,68.88238842499874,0.0,69.12837428189357,74.48723,82.46151794624195,69.80928,61.33555620512854
squeezed_Hà Giang,2017-02-01,60.813244,69.79778132999628,72.20823,65.21273796777358,0.0,93.16018436046438,74.48723,81.11315770706491,69.80928,80.7822791580371,69.80928,66.74819784902327
squeezed_Hà Giang,2017-03-01,72.20823,61.426707527287874,0.0,91.20293507859772,74.48723,78.23763517859373,69.80928,57.2179435723334,69.80928,65.64676520888567,61.89277,53.429135602005644
squeezed_Hà Giang,2017-04-01,0.0,100.12889402549915,74.48723,86.9302536823076,69.80928,72.97405518884051,69.80928,62.893860008340695,61.89277,69.01945306962895,80.96438,61.19838775892823
squeezed_Hà Giang,2017-05-01,74.48723,69.3757671161834,69.80928,55.13329772589706,69.80928,33.07082716191804,61.89277,46.61978661302971,80.96438,33.464550968201344,68.60981,30.336210364236283
squeezed_Hà Giang,2017-06-01,69.80928,66.33695471288634,69.80928,55.56472469607633,61.89277,60.03738197788706,80.96438,58.26832272763138,68.60981,53.7272384174955,62.7324,53.12598907523259
squeezed_Hà Giang,2017-07-01,69.80928,64.0255955630492,61.89277,68.30894335731173,80.96438,71.05167672192833,68.60981,53.701955567502964,62.7324,52.989898964077724,24.926167,51.405411400861304
squeezed_Hà Giang,2017-08-01,61.89277,77.68528068627027,80.96438,68.42279886448263,68.60981,59.08680524228387,62.7324,48.53909613373291,24.926167,52.00006132167484,54.459538,49.69139697247444
squeezed_Hà Giang,2017-09-01,80.96438,68.48467098803924,68.60981,57.93572080898282,62.7324,56.378076279815254,24.926167,45.993673299951205,54.459538,49.550254900062704,63.555817,51.47877033229254
squeezed_Hà Giang,2017-10-01,68.60981,68.4619488173705,62.7324,64.40281958164691,24.926167,59.57294772608262,54.459538,58.227526418276916,63.555817,62.88414977815853,63.083282,64.34383284884892
squeezed_Hà Giang,2017-11-01,62.7324,62.88521963572633,24.926167,65.77173730101539,54.459538,63.261390836803045,63.555817,65.58093094769993,63.083282,70.87845883809916,68.04489,82.25204404113089
squeezed_Hà Giang,2017-12-01,24.926167,54.35346803700494,54.459538,63.21351486251329,63.555817,70.55685890017251,63.083282,72.63826006844022,68.04489,85.479441121938,68.63556,84.01322107633456
squeezed_Hà Nội,2016-01-01,11.407674,13.698629806583073,12.06266,21.1868536412117,10.56165,17.909587887619892,11.516839,18.588333137000316,12.472027,26.875720806317627,9.03335,30.88605054964198
squeezed_Hà Nội,2016-02-01,12.06266,17.517437654992328,10.56165,27.603828588854533,11.516839,27.580653361735976,12.472027,27.86223041494674,9.03335,38.30515221636894,8.432946,30.929997522679542
squeezed_Hà Nội,2016-03-01,10.56165,16.354464943758632,11.516839,27.71284645041828,12.472027,21.949253178710286,9.03335,24.317889436921458,8.432946,23.65434634806942,7.9689975,23.665583488211123
squeezed_Hà Nội,2016-04-01,11.516839,17.928266160828073,12.472027,23.394289583120855,9.03335,18.46836378003943,8.432946,16.436278411662595,7.9689975,15.066805936031507,7.3413024,29.10565253644496
squeezed_Hà Nội,2016-05-01,12.472027,14.707331352871948,9.03335,14.744279993475223,8.432946,17.540922497940063,7.9689975,16.17672390405724,7.3413024,25.68843470134799,6.27695,14.542382870733604
squeezed_Hà Nội,2016-06-01,9.03335,12.77821402630006,8.432946,26.002478473871015,7.9689975,5.326091890236849,7.3413024,18.107018818018155,6.27695,10.747768696860833,0.6549861,23.541116618098666
squeezed_Hà Nội,2016-07-01,8.432946,20.735172610591803,7.9689975,9.14689540491642,7.3413024,12.919733543371038,6.27695,10.883034639525976,0.6549861,16.64037794629794,4.1590247,15.83689509502717
squeezed_Hà Nội,2016-08-01,7.9689975,7.053980529777007,7.3413024,17.456367397556924,6.27695,6.7893367777904,0.6549861,14.022630907585095,4.1590247,11.418589541025293,5.95438,9.86364423802815
squeezed_Hà Nội,2016-09-01,7.3413024,11.071624418592918,6.27695,13.119207266217602,0.6549861,3.8478001134935194,4.1590247,10.244262310848509,5.95438,16.04130753442422,6.600191,22.928488733949166
squeezed_Hà Nội,2016-10-01,6.27695,9.311022097566147,0.6549861,10.781804837143785,4.1590247,14.380885416388203,5.95438,16.65696447842409,6.600191,25.194211996260783,6.4451966,19.994169758681007
squeezed_Hà Nội,2016-11-01,0.6549861,9.807555504335234,4.1590247,13.116350345826865,5.95438,11.60848688507784,6.600191,15.339908625991855,6.4451966,17.817324825991637,7.672238,36.51597052337367
squeezed_Hà Nội,2016-12-01,4.1590247,18.368967340567554,5.95438,11.251801167895955,6.600191,18.8525546885373,6.4451966,13.90550862396909,7.672238,33.26755306643754,7.4914107,12.689739302378307
squeezed_Hà Nội,2017-01-01,5.95438,3.672121339823291,6.600191,18.834495353074548,6.4451966,6.608436343872243,7.672238,25.218566922757283,7.4914107,9.204266234799675,8.369714,27.81810987407968
squeezed_Hà Nội,2017-02-01,6.600191,19.568493537225013,6.4451966,11.126386672737159,7.672238,24.763060391139604,7.4914107,30.911272867808687,8.369714,46.88036915519731,5.734804,48.34241005870918
squeezed_Hà Nội,2017-03-01,6.4451966,10.70748244407053,7.672238,38.917433862088814,7.4914107,31.240922575192982,8.369714,61.39791971901293,5.734804,64.4762199723872,7.8272324,55.96200955746736
squeezed_Hà Nội,2017-04-01,7.672238,36.265580098828885,7.4914107,22.52383812676792,8.369714,45.29002460771227,5.734804,56.68801716919909,7.8272324,47.700998238308735,6.354783,53.96767318479986
squeezed_Hà Nội,2017-05-01,7.4914107,11.080969991648175,8.369714,33.98089325151782,5.734804,40.536985223978085,7.8272324,42.86940696780988,6.354783,46.27875229347287,7.039343,40.116115249128896
squeezed_Hà Nội,2017-06-01,8.369714,23.198448319714075,5.734804,39.596638116534216,7.8272324,40.407195490101834,6.354783,40.83325477982246,7.039343,40.87542809226024,6.613107,38.68694658562887
squeezed_Hà Nội,2017-07-01,5.734804,21.71022991434027,7.8272324,31.58998839318266,6.354783,37.3535607903994,7.039343,42.41336227468121,6.613107,45.490727581561266,3.6136205,42.38329054379417
squeezed_Hà Nội,2017-08-01,7.8272324,24.138148457859483,6.354783,36.84164722558188,7.039343,41.27773114393315,6.613107,35.174848152679694,3.6136205,43.42267144408401,0.0,47.214507040187094
squeezed_Hà Nội,2017-09-01,6.354783,22.101551490512005,7.039343,35.77344051607803,6.613107,37.07433744022173,3.6136205,46.3448855275245,0.0,44.497806955838385,5.5720515,48.891764521518574
squeezed_Hà Nội,2017-10-01,7.039343,28.643068733575486,6.613107,31.830593043066127,3.6136205,47.0607730032803,0.0,50.96181352332682,5.5720515,52.982385808217906,0.0,53.19447413143736
squeezed_Hà Nội,2017-11-01,6.613107,24.179601582539863,3.6136205,45.88850251157032,0.0,51.54670616362062,5.5720515,59.546892369314676,0.0,57.017024250396055,4.106387,56.0481373910323
squeezed_Hà Nội,2017-12-01,3.6136205,50.13436313368723,0.0,52.39062700477776,5.5720515,66.11943692421072,0.0,64.42843889345676,4.106387,56.95172164978757,5.6731315,54.36109015987503
squeezed_Hà Tĩnh,2016-01-01,31.104445,40.369245626687956,34.735928,41.33203954743543,40.41999,54.400646723687004,41.130497,56.83325834079401,42.156784,60.46412971945328,38.288467,63.852030681392186
squeezed_Hà Tĩnh,2016-02-01,34.735928,48.4410972690616,40.41999,47.00454155673858,41.130497,69.8717414159916,42.156784,50.61358269241634,38.288467,60.26568601321541,37.577957,58.275244466146425
squeezed_Hà Tĩnh,2016-03-01,40.41999,44.67509069589454,41.130497,55.79537734416685,42.156784,60.81958659030658,38.288467,53.43299964159859,37.577957,56.49093670944891,40.18315,54.7918775217437
squeezed_Hà Tĩnh,2016-04-01,41.130497,57.31650426413676,42.156784,58.97002415659101,38.288467,48.93886942939907,37.577957,43.39663072481143,40.18315,48.90899597973716,36.078,77.88875217859342
squeezed_Hà Tĩnh,2016-05-01,42.156784,55.866191599851945,38.288467,39.22814786147441,37.577957,58.07661167439133,40.18315,36.52660120120328,36.078,70.58782102551159,24.394094,73.08348016680567
squeezed_Hà Tĩnh,2016-06-01,38.288467,50.93181428488011,37.577957,41.387930919242855,40.18315,38.82495871033256,36.078,40.29731226121303,24.394094,74.97970419429424,20.525776,48.65621423279804
squeezed_Hà Tĩnh,2016-07-01,37.577957,38.6117793336043,40.18315,43.41892136004445,36.078,39.83591647543069,24.394094,48.27827978739316,20.525776,55.02784639722403,24.721394,35.24313927989471
squeezed_Hà Tĩnh,2016-08-01,40.18315,40.657469607461586,36.078,32.06778024208219,24.394094,34.5410507898164,20.525776,36.484370588486776,24.721394,33.55251879081503,24.878355,29.349083354347936
squeezed_Hà Tĩnh,2016-09-01,36.078,44.68860664741882,24.394094,36.568130751918204,20.525776,37.157855331890175,24.721394,32.78717221516658,24.878355,34.37582917521082,33.589703,46.78631055879612
squeezed_Hà Tĩnh,2016-10-01,24.394094,49.25218732740979,20.525776,34.326886451915314,24.721394,30.14841674312637,24.878355,32.98662266002518,33.589703,40.460923997466466,29.665672,38.695376172532114
squeezed_Hà Tĩnh,2016-11-01,20.525776,28.26532914091285,24.721394,26.738980597171555,24.878355,29.41440415949406,33.589703,31.559812211539793,29.665672,41.58903921461263,30.371998,39.966348031140285
squeezed_Hà Tĩnh,2016-12-01,24.721394,24.987601103361957,24.878355,20.805953543278136,33.589703,29.073014952990576,29.665672,35.39557353055933,30.371998,32.057628340231,31.156805,33.30572030753464
squeezed_Hà Tĩnh,2017-01-01,24.878355,26.10414530503479,33.589703,31.764819176849578,29.665672,26.230201357794375,30.371998,27.909108158346818,31.156805,31.085246208465374,32.412495,35.85244012244665
squeezed_Hà Tĩnh,2017-02-01,33.589703,29.79927860829491,29.665672,32.12215409333062,30.371998,39.00198394396005,31.156805,35.80924798393081,32.412495,46.64584078570445,27.703657,41.87475895858488
squeezed_Hà Tĩnh,2017-03-01,29.665672,35.46863619290406,30.371998,30.681653343133654,31.156805,40.48174692299172,32.412495,42.7638890410048,27.703657,33.66903059730461,27.232773,45.93916174579611
squeezed_Hà Tĩnh,2017-04-01,30.371998,34.277999265877476,31.156805,35.67672005050084,32.412495,43.94175853129865,27.703657,27.997336814298773,27.232773,35.40416953400762,27.075811,37.731494768591766
squeezed_Hà Tĩnh,2017-05-01,31.156805,34.51556738028157,32.412495,35.193411714957584,27.703657,34.67200601776689,27.232773,35.442977934086876,27.075811,29.442922477083805,22.210014,32.22866392854899
squeezed_Hà Tĩnh,2017-06-01,32.412495,31.555526807344076,27.703657,38.21842012268084,27.232773,28.54252633500905,27.075811,32.80959231663414,22.210014,41.78312223484016,24.015068,39.87207243162771
squeezed_Hà Tĩnh,2017-07-01,27.703657,32.72581193972013,27.232773,32.88767993062066,27.075811,33.93858491773742,22.210014,45.94646288426933,24.015068,38.4878549345003,19.211246,21.550240445733166
squeezed_Hà Tĩnh,2017-08-01,27.232773,28.94150176453651,27.075811,33.83225707340499,22.210014,27.72500146558127,24.015068,29.347433311233683,19.211246,22.397968345711277,22.491215,23.580996590546402
squeezed_Hà Tĩnh,2017-09-01,27.075811,31.782296025201155,22.210014,33.62931011666806,24.015068,34.31110603206373,19.211246,29.83831978613987,22.491215,25.657737463495067,25.302616,29.961051501218165
squeezed_Hà Tĩnh,2017-10-01,22.210014,38.32725345723166,24.015068,24.60664794251095,19.211246,25.535889769287827,22.491215,30.745739696602715,25.302616,29.40424553522799,24.912144,38.55779012247417
squeezed_Hà Tĩnh,2017-11-01,24.015068,31.010647217716254,19.211246,27.557446125529992,22.491215,25.040754595258495,25.302616,30.356068357017097,24.912144,37.699388071536305,25.927372,49.329157056123016
squeezed_Hà Tĩnh,2017-12-01,19.211246,29.24401256252179,22.491215,24.39759725370235,25.302616,22.420320632700733,24.912144,33.363797228716834,25.927372,42.37423026610583,26.08356,44.3697467309583
squeezed_Hòa Bình,2016-01-01,21.291952,26.635141404241455,30.43426,29.544041424268663,42.704197,31.515606912928437,36.68952,30.81809511955712,30.554554,39.78695910644353,30.79514,34.638709548617165
squeezed_Hòa Bình,2016-02-01,30.43426,28.727951856178127,42.704197,39.067833542573084,36.68952,42.181952562881364,30.554554,31.43133954955679,30.79514,42.397914935177255,38.133045,32.79760185280865
squeezed_Hòa Bình,2016-03-01,42.704197,34.617480144432236,36.68952,36.29650892118449,30.554554,33.4701789928899,30.79514,44.4670613884108,38.133045,30.59125063597749,24.780464,31.441183454753425
squeezed_Hòa Bình,2016-04-01,36.68952,39.836123107514666,30.554554,36.06814051979106,30.79514,35.51572640833998,38.133045,38.21088831997205,24.780464,30.58283107595925,37.411285,36.234018728284326
squeezed_Hòa Bình,2016-05-01,30.554554,38.60480902417308,30.79514,37.779513612014924,38.133045,32.384720768440815,24.780464,29.6529218787175,37.411285,32.168975937314784,51.245037,35.74222657459751
squeezed_Hòa Bình,2016-06-01,30.79514,33.7494105159503,38.133045,34.40033782465499,24.780464,40.57126109783773,37.411285,34.15215723852409,51.245037,30.216864183743724,31.276314,29.794130714517387
squeezed_Hòa Bình,2016-07-01,38.133045,36.99944109826499,24.780464,43.10082779683823,37.411285,32.78056367806391,51.245037,33.14921782605231,31.276314,31.267950563039502,21.301775,30.808953222222993
squeezed_Hòa Bình,2016-08-01,24.780464,37.347210164783,37.411285,34.19625118489354,51.245037,33.571021575921094,31.276314,30.286616824309107,21.301775,27.98777787410171,0.0,30.630984711501554
squeezed_Hòa Bình,2016-09-01,37.411285,27.5200821917973,51.245037,30.560455823498405,31.276314,26.440257137468553,21.301775,29.340887388100256,0.0,32.68807838852692,33.37278,34.88013922613969
squeezed_Hòa Bình,2016-10-01,51.245037,32.306554394293734,31.276314,30.463490338538556,21.301775,31.275695991573564,0.0,32.024367372586525,33.37278,33.306674637271634,36.804733,36.83183647623973
squeezed_Hòa Bình,2016-11-01,31.276314,45.16636613957982,21.301775,37.92542738786389,0.0,44.394720717528664,33.37278,38.88539360617028,36.804733,37.89912271202595,40.591717,44.79775549918246
squeezed_Hòa Bình,2016-12-01,21.301775,34.21363686007064,0.0,36.940936289783096,33.37278,32.91912523515408,36.804733,40.77280726933794,40.591717,39.56001707266838,40.0,37.603191299292924
squeezed_Hòa Bình,2017-01-01,0.0,23.457045252037492,33.37278,26.44197115747182,36.804733,20.491689041974936,40.591717,36.728877859388916,40.0,30.07100181511699,34.319527,31.23439157482776
squeezed_Hòa Bình,2017-02-01,33.37278,13.531185204089896,36.804733,14.829234982759369,40.591717,21.040920565764253,40.0,18.30590890798977,34.319527,17.242146045363384,35.621304,18.58357553788254
squeezed_Hòa Bình,2017-03-01,36.804733,27.219042720290247,40.591717,26.05488116519638,40.0,33.72425855018458,34.319527,26.930620860391045,35.621304,30.745004618767272,39.053253,21.702531288532462
squeezed_Hòa Bình,2017-04-01,40.591717,37.423488177651755,40.0,35.26628671028511,34.319527,31.95215348123998,35.621304,38.177573162016195,39.053253,23.53778541653386,46.745564,25.734333400782088
squeezed_Hòa Bình,2017-05-01,40.0,35.532625025007704,34.319527,36.48456464540624,35.621304,26.93037905846946,39.053253,25.46639370725858,46.745564,30.730042544070972,0.0,42.285828643431564
squeezed_Hòa Bình,2017-06-01,34.319527,36.93639318979048,35.621304,37.256833073274,39.053253,32.66784598384573,46.745564,32.532657718094576,0.0,40.46906482251823,34.201183,33.07747219211889
squeezed_Hòa Bình,2017-07-01,35.621304,35.76528830241437,39.053253,34.621180087154464,46.745564,32.2333288005665,0.0,34.316624057528266,34.201183,32.648750359360385,29.39793,34.61781642364465
squeezed_Hòa Bình,2017-08-01,39.053253,33.182196066999076,46.745564,34.37303265568687,0.0,32.85936689738944,34.201183,32.654126713125216,29.39793,31.47819952303663,30.221073,42.27679254849824
squeezed_Hòa Bình,2017-09-01,46.745564,33.6089551809137,0.0,35.863766569553235,34.201183,33.983644283915474,29.39793,37.25469077305733,30.221073,43.492850232655876,29.868298,45.87667837160396
squeezed_Hòa Bình,2017-10-01,0.0,47.08643137459317,34.201183,38.8961140290111,29.39793,41.30453623736196,30.221073,50.00296690132191,29.868298,47.35446602104236,0.0,47.38228545478903
squeezed_Hòa Bình,2017-11-01,34.201183,28.80454238000278,29.39793,31.308536079268677,30.221073,45.286806360835314,29.868298,37.3364918640608,0.0,33.45913118679,36.10066,41.466833745874304
squeezed_Hòa Bình,2017-12-01,29.39793,27.355668171228007,30.221073,52.60501348740691,29.868298,39.1557141445755,0.0,34.357216489524276,36.10066,42.52253454572225,0.0,36.171728901056326
squeezed_Hưng Yên,2016-01-01,61.6134,58.61303361726806,58.109726,66.92296740114826,65.28799,68.0138375232149,58.96428,65.82938606386436,57.596992,69.99034602024985,58.62246,65.88981131212564
squeezed_Hưng Yên,2016-02-01,58.109726,61.95469654776974,65.28799,67.00608609356206,58.96428,77.43967283079431,57.596992,62.946757800405614,58.62246,65.4728398802093,38.113144,62.202160527500915
squeezed_Hưng Yên,2016-03-01,65.28799,64.16375801039253,58.96428,67.96612953631181,57.596992,61.67115632098472,58.62246,61.44909997344776,38.113144,58.12120858216112,52.46966,56.98926727318754
squeezed_Hưng Yên,2016-04-01,58.96428,68.05762792730053,57.596992,64.77031278757904,58.62246,64.01267052548587,38.113144,54.946817748610776,52.46966,55.90864303571882,53.49513,51.664091874733145
squeezed_Hưng Yên,2016-05-01,57.596992,63.92555854567303,58.62246,60.30997020422598,38.113144,54.563414289846655,52.46966,53.65241143572682,53.49513,54.2457555793889,54.947872,48.35033581573126
squeezed_Hưng Yên,2016-06-01,58.62246,56.113422328765786,38.113144,52.97076784785181,52.46966,56.805848745617034,53.49513,56.77635230558618,54.947872,47.66815821452885,81.09725,48.061674340019934
squeezed_Hưng Yên,2016-07-01,38.113144,55.146973295461805,52.46966,51.01979799598237,53.49513,54.950787626962516,54.947872,49.99927975767874,81.09725,50.49923969930353,69.9056,46.77274280251712
squeezed_Hưng Yên,2016-08-01,52.46966,47.98731199110256,53.49513,49.017423317760056,54.947872,47.37620851323379,81.09725,47.04670680759017,69.9056,45.00569684125619,50.53711,38.12480653763259
squeezed_Hưng Yên,2016-09-01,53.49513,48.186716656745226,54.947872,46.45005252486571,81.09725,50.57831139846837,69.9056,53.15976605316997,50.53711,45.72184064937474,57.942707,49.45091733991652
squeezed_Hưng Yên,2016-10-01,54.947872,47.460570452491844,81.09725,52.8542258827644,69.9056,55.76163163296952,50.53711,54.87412916769412,57.942707,50.14580100293707,70.55664,46.69030559407168
squeezed_Hưng Yên,2016-11-01,81.09725,52.36801721539161,69.9056,54.24156300637673,50.53711,50.505566508546465,57.942707,52.90314395215205,70.55664,50.62022342444876,69.66146,62.29215491092761
squeezed_Hưng Yên,2016-12-01,69.9056,63.184383928014526,50.53711,55.89805921017103,57.942707,48.948015238469964,70.55664,46.71109560106437,69.66146,60.894497488840955,74.30013,53.209241316622695
squeezed_Hưng Yên,2017-01-01,50.53711,71.16591995108335,57.942707,70.04968627738326,70.55664,56.760378891147255,69.66146,70.75766043085127,74.30013,53.886952994264284,66.24349,67.74304948298918
squeezed_Hưng Yên,2017-02-01,57.942707,58.4453842639636,70.55664,56.61352987455405,69.66146,76.6334468556723,74.30013,61.3918219717876,66.24349,74.5663523386343,64.77865,58.07205261922727
squeezed_Hưng Yên,2017-03-01,70.55664,57.201597920351375,69.66146,92.26381740521273,74.30013,61.85096669377669,66.24349,66.07697623256213,64.77865,56.11747943046884,61.6862,51.31073292469444
squeezed_Hưng Yên,2017-04-01,69.66146,94.7626239700532,74.30013,68.51879313461396,66.24349,79.66545854744139,64.77865,54.93535878820145,61.6862,59.96590711883074,54.280598,52.13278922045066
squeezed_Hưng Yên,2017-05-01,74.30013,70.85400465888611,66.24349,74.4051527653964,64.77865,60.37679033852086,61.6862,61.74829519603379,54.280598,59.39010852902653,52.246094,63.939306920559225
squeezed_Hưng Yên,2017-06-01,66.24349,74.88283866311238,64.77865,62.52143552373884,61.6862,61.06966337578842,54.280598,63.65399575524644,52.246094,65.46950248028514,52.978516,78.14501832748829
squeezed_Hưng Yên,2017-07-01,64.77865,60.19442238762749,61.6862,57.82791353673697,54.280598,54.9009860049062,52.246094,61.042996816720326,52.978516,73.72739776664459,51.59369,69.28069513784484
squeezed_Hưng Yên,2017-08-01,61.6862,54.27923834942786,54.280598,56.36877049657987,52.246094,64.10515932700297,52.978516,68.92863006266055,51.59369,69.29261527786349,53.605923,62.55044796851072
squeezed_Hưng Yên,2017-09-01,54.280598,55.074032989101546,52.246094,59.4985699980237,52.978516,55.963823153188834,51.59369,60.401093540200456,53.605923,57.98857118054324,72.92337,63.318602265041015
squeezed_Hưng Yên,2017-10-01,52.246094,58.739741256630076,52.978516,57.47214350701904,51.59369,55.8519921871641,53.605923,57.56155937271816,72.92337,60.40962752682492,67.369606,62.27175610752204
squeezed_Hưng Yên,2017-11-01,52.978516,54.300908870003234,51.59369,55.3659366848399,53.605923,56.082696605246284,72.92337,58.064207931147116,67.369606,63.403185267561405,62.620735,61.70804526269927
squeezed_Hưng Yên,2017-12-01,51.59369,50.47243870118107,53.605923,53.95573525344463,72.92337,63.381729116587714,67.369606,56.70132504637803,62.620735,59.434267925477656,55.135223,63.57239587693316
squeezed_Hải Dương,2016-01-01,39.5901,39.195358834189456,36.678238,41.687147856983124,32.198456,48.21961378071767,32.982418,44.59799714123982,35.83828,64.38533848260431,32.53444,51.975803749941626
squeezed_Hải Dương,2016-02-01,36.678238,42.60440516269274,32.198456,45.17697846140132,32.982418,57.821648032922255,35.83828,56.0860836566679,32.53444,53.29766425496856,34.046368,54.25066460834845
squeezed_Hải Dương,2016-03-01,32.198456,39.17032747760235,32.982418,45.1962560297697,35.83828,51.087042673964895,32.53444,46.464435996047605,34.046368,37.464416986263814,27.886662,39.76526927195772
squeezed_Hải Dương,2016-04-01,32.982418,38.50919377473049,35.83828,50.91098649122167,32.53444,38.46568716958395,34.046368,35.531761413955145,27.886662,36.43539144359746,33.59839,35.82633763634693
squeezed_Hải Dương,2016-05-01,35.83828,52.649647749622446,32.53444,33.00125810544573,34.046368,34.919645118016824,27.886662,36.981341771117584,33.59839,30.704702367092892,32.08646,32.68353984333598
squeezed_Hải Dương,2016-06-01,32.53444,36.23701506879242,34.046368,33.57886201666321,27.886662,36.37820872130509,33.59839,30.14836314532827,32.08646,33.2808861654533,12.487401,35.28116965461585
squeezed_Hải Dương,2016-07-01,34.046368,32.838463083313776,27.886662,33.916726004829904,33.59839,30.43715259116467,32.08646,32.9058735138049,12.487401,31.856550291417015,21.722685,30.675146521230914
squeezed_Hải Dương,2016-08-01,27.886662,37.87500775599625,33.59839,33.99622348811384,32.08646,33.624185761982446,12.487401,33.68834690594757,21.722685,28.97424537083389,0.0,32.70490557407153
squeezed_Hải Dương,2016-09-01,33.59839,30.521316193655032,32.08646,30.939207792131324,12.487401,30.062514574046165,21.722685,26.25054345544389,0.0,24.474509615637427,0.0,33.87259099074187
squeezed_Hải Dương,2016-10-01,32.08646,32.4742604214231,12.487401,32.11552104487237,21.722685,33.448180347805284,0.0,34.94268495622048,0.0,34.868338581738676,20.966173,33.23070964315991
squeezed_Hải Dương,2016-11-01,12.487401,32.58551464704921,21.722685,32.16589154871409,0.0,33.79899473781692,0.0,28.104682820203543,20.966173,34.08698010512235,0.0,41.86848128490883
squeezed_Hải Dương,2016-12-01,21.722685,29.325461837301873,0.0,26.338361510770856,0.0,32.67481547833685,20.966173,21.19511182067804,0.0,33.48879826400551,0.0,25.08955919124693
squeezed_Hải Dương,2017-01-01,0.0,17.588574810823967,0.0,32.93705291352924,20.966173,18.456060263819595,0.0,31.527857665836514,0.0,16.790736837732148,24.154327,14.941058874836022
squeezed_Hải Dương,2017-02-01,0.0,25.484695207318204,20.966173,10.609991310575829,0.0,24.526698617975498,0.0,25.164617318591432,24.154327,17.261517512064383,20.912136,19.616703497312578
squeezed_Hải Dương,2017-03-01,20.966173,9.474651983785783,0.0,11.097138570998622,0.0,23.266243847591568,24.154327,18.814431366311332,20.912136,14.458308560111565,0.0,10.556861840693145
squeezed_Hải Dương,2017-04-01,0.0,22.243595842536948,0.0,29.29134925143658,24.154327,17.455994738029712,20.912136,20.239606845769607,0.0,19.508665542231416,19.885443,17.258403359765246
squeezed_Hải Dương,2017-05-01,0.0,22.350585812974007,24.154327,13.14514303698695,20.912136,9.808161591413906,0.0,15.240611536320696,19.885443,14.612983723865065,17.237652,16.810030740190818
squeezed_Hải Dương,2017-06-01,24.154327,1.8720402877750701,20.912136,7.819763638674912,0.0,9.444425747856952,19.885443,14.044473818041636,17.237652,5.238615765828057,19.669296,9.712362772584722
squeezed_Hải Dương,2017-07-01,20.912136,18.958904281707206,0.0,19.790360701751244,19.885443,12.238690313878092,17.237652,16.82976791040441,19.669296,16.153756524920066,15.497684,19.136861361775356
squeezed_Hải Dương,2017-08-01,0.0,18.985235516973724,19.885443,17.037033440402347,17.237652,18.59885153531134,19.669296,16.642497369862784,15.497684,21.943535457325687,15.71071,40.614284373752085
squeezed_Hải Dương,2017-09-01,19.885443,9.256467375711205,17.237652,18.018789478737528,19.669296,15.637161860334745,15.497684,22.888056086686806,15.71071,45.4756079363078,0.0,50.876000878334054
squeezed_Hải Dương,2017-10-01,17.237652,14.720122466406155,19.669296,12.496679198964033,15.497684,23.079772890114747,15.71071,56.765974735810424,0.0,56.4085200539438,18.10726,37.58974622954596
squeezed_Hải Dương,2017-11-01,19.669296,19.854668158565143,15.497684,27.29775612190959,15.71071,51.55372171418392,0.0,59.311020721225695,18.10726,44.39373246217189,20.237524,52.495301614443825
squeezed_Hải Dương,2017-12-01,15.497684,28.134418227760246,15.71071,57.06683437752547,0.0,61.73549705395865,18.10726,39.31992811316458,20.237524,58.51333443751948,0.0,61.45019536851085
squeezed_Hải Phòng,2016-01-01,13.681341,14.064338311729525,14.64055,17.251386972054295,12.520194,19.061097030525737,13.88328,22.856744164310687,15.246366,33.86938646436171,14.53958,31.43174110931981
squeezed_Hải Phòng,2016-02-01,14.64055,18.222406468064037,12.520194,19.918599212866727,13.88328,30.278491782359016,15.246366,30.292720298136164,14.53958,29.4022796754175,14.438611,28.232874541463886
squeezed_Hải Phòng,2016-03-01,12.520194,18.885161497490518,13.88328,24.121587415731074,15.246366,30.239269026344957,14.53958,26.39333476182993,14.438611,19.625172182379014,13.832795,20.827763529944427
squeezed_Hải Phòng,2016-04-01,13.88328,13.867167942025949,15.246366,18.765374528604784,14.53958,15.962697824850434,14.438611,15.617077456634544,13.832795,15.851114070139099,10.349354,18.591997244500543
squeezed_Hải Phòng,2016-05-01,15.246366,16.665013197557023,14.53958,14.725163287190519,14.438611,9.87695744602941,13.832795,14.687215938520984,10.349354,15.550165685490333,9.693053,18.00317168519662
squeezed_Hải Phòng,2016-06-01,14.53958,14.51311174767961,14.438611,16.52042960325797,13.832795,13.235355040826342,10.349354,15.244917880159418,9.693053,14.04155140311771,10.803716,17.700453493033894
squeezed_Hải Phòng,2016-07-01,14.438611,21.29919058188065,13.832795,13.94309866022934,10.349354,14.81185404893634,9.693053,14.844713926692478,10.803716,14.111328784440776,0.0,13.356969655992113
squeezed_Hải Phòng,2016-08-01,13.832795,14.410178299953595,10.349354,15.281284990462021,9.693053,13.012288654631169,10.803716,13.26793491719791,0.0,10.913929248953144,0.0,15.05180454973452
squeezed_Hải Phòng,2016-09-01,10.349354,15.754196937660192,9.693053,16.73021264935357,10.803716,13.068229191146044,0.0,12.457386937454245,0.0,15.633611803965161,0.0,21.74844962979677
squeezed_Hải Phòng,2016-10-01,9.693053,15.041046244819647,10.803716,15.767709521373412,0.0,14.847536498753668,0.0,12.418111591020612,0.0,19.73478697535318,0.0,19.682748160026417
squeezed_Hải Phòng,2016-11-01,10.803716,8.359452831289367,0.0,11.467573433454769,0.0,16.377146113351674,0.0,15.906240296174461,0.0,25.16080547423175,0.0,18.048685118131072
squeezed_Hải Phòng,2016-12-01,0.0,23.295972588497044,0.0,9.215898606738634,0.0,9.530213992022956,0.0,19.98431181818967,0.0,11.42341655170949,0.0,21.639927387140666
squeezed_Hải Phòng,2017-01-01,0.0,3.9730213744518164,0.0,5.1541450760831395,0.0,3.910643941660782,0.0,15.442423352973124,0.0,-4.4546558457557195,0.0,-4.20333514738063
squeezed_Hải Phòng,2017-02-01,0.0,10.491305064120063,0.0,6.383791002772426,0.0,9.60214245717885,0.0,16.336265944251586,0.0,15.8582649091258,0.0,7.474622445214153
squeezed_Hải Phòng,2017-03-01,0.0,5.322074530477459,0.0,10.668352579655917,0.0,5.064729042854225,0.0,18.034656013915708,0.0,12.110494794552253,0.0,8.939386294148303
squeezed_Hải Phòng,2017-04-01,0.0,10.283433661850008,0.0,5.475436212169909,0.0,3.8965502297196726,0.0,15.354706920442322,0.0,6.826726137154308,0.0,7.5684264717524075
squeezed_Hải Phòng,2017-05-01,0.0,8.299477103730364,0.0,5.500462703910126,0.0,2.6243050001233543,0.0,9.848998560226816,0.0,7.861371320940236,0.0,31.829101057371716
squeezed_Hải Phòng,2017-06-01,0.0,4.226645733378628,0.0,5.164419324689093,0.0,-1.737728262678395,0.0,14.67382339433132,0.0,28.514076188519812,0.0,33.635367667044015
squeezed_Hải Phòng,2017-07-01,0.0,2.4273712534934107,0.0,6.905229400042314,0.0,-0.03910390547273017,0.0,32.0472535159466,0.0,13.81440202196266,0.0,47.10121980483765
squeezed_Hải Phòng,2017-08-01,0.0,2.678626006417378,0.0,7.961995661685412,0.0,20.63135020122958,0.0,9.571590925775377,0.0,34.077816605333034,0.0,58.226491850544335
squeezed_Hải Phòng,2017-09-01,0.0,3.0236084551573916,0.0,29.02743156452683,0.0,8.564401801917931,0.0,35.111239723906905,0.0,53.57578772464972,0.0,71.60462503814891
squeezed_Hải Phòng,2017-10-01,0.0,21.805509374663107,0.0,9.237966737341946,0.0,46.156019040524114,0.0,48.18965905557679,0.0,52.49428481585685,0.0,68.04105536460588
squeezed_Hải Phòng,2017-11-01,0.0,8.5068701006462,0.0,64.14097475241917,0.0,53.26600603120353,0.0,49.575175062033836,0.0,63.115534071894245,0.0,66.18472185627309
squeezed_Hải Phòng,2017-12-01,0.0,77.507410510151,0.0,66.14396873840437,0.0,51.23095335245354,0.0,73.7177989452324,0.0,60.62794166238983,0.0,71.37808462494306
squeezed_Khánh Hòa,2016-01-01,42.428738,39.88648387578581,54.869007,46.52021190058195,52.64459,53.49299293093922,52.726974,59.11824941769068,49.34915,58.33845750712162,56.18718,60.43774291280706
squeezed_Khánh Hòa,2016-02-01,54.869007,44.117636215428384,52.64459,47.15838295672747,52.726974,58.67008780024827,49.34915,60.059048958082755,56.18718,59.14618279427325,55.44571,87.5520059901066
squeezed_Khánh Hòa,2016-03-01,52.64459,51.69000275976733,52.726974,60.61554215430485,49.34915,61.03282968456632,56.18718,61.05057707723566,55.44571,88.4836130353169,40.781017,54.8322316092109
squeezed_Khánh Hòa,2016-04-01,52.726974,53.72495702170205,49.34915,65.75521066762514,56.18718,63.860382119271414,55.44571,90.95389327333802,40.781017,68.6181758871753,37.567966,52.754065798707835
squeezed_Khánh Hòa,2016-05-01,49.34915,61.23785058917148,56.18718,58.62715394452953,55.44571,69.54723364054117,40.781017,67.5663075671701,37.567966,43.70985846081517,36.99127,47.566336302835055
squeezed_Khánh Hòa,2016-06-01,56.18718,58.27965465124375,55.44571,82.89147631368024,40.781017,52.46852017805864,37.567966,48.29189758171484,36.99127,47.494691436190266,36.99127,42.8387455082904
squeezed_Khánh Hòa,2016-07-01,55.44571,88.3584179585611,40.781017,52.31600409624147,37.567966,47.05261911431946,36.99127,55.58089838096243,36.99127,47.74188137489541,29.926826,43.02896534495389
squeezed_Khánh Hòa,2016-08-01,40.781017,59.473129806947554,37.567966,38.81903153951803,36.99127,51.74638859762658,36.99127,49.84622341851758,29.926826,49.898531488025746,35.84642,50.45595350676772
squeezed_Khánh Hòa,2016-09-01,37.567966,37.01400552605814,36.99127,41.31318199472236,36.99127,40.78880373123728,29.926826,36.79831233144615,35.84642,43.854157512684196,0.0,44.547083280041235
squeezed_Khánh Hòa,2016-10-01,36.99127,40.92151277641926,36.99127,38.122903413083954,29.926826,38.51349754416698,35.84642,42.64916894809906,0.0,39.64669829513952,0.0,48.02672514951613
squeezed_Khánh Hòa,2016-11-01,36.99127,35.35858447533485,29.926826,32.06639353701286,35.84642,38.32054056535276,0.0,35.65987917561472,0.0,51.70940124683028,48.343338,49.10076897727703
squeezed_Khánh Hòa,2016-12-01,29.926826,32.475031364930395,35.84642,39.39258423814836,0.0,38.466201041774674,0.0,47.24229516094201,48.343338,43.7158111482533,0.0,44.62859051140674
squeezed_Khánh Hòa,2017-01-01,35.84642,40.03346856352734,0.0,35.778253225737934,0.0,47.36223017967343,48.343338,42.39629085565225,0.0,53.7055795882187,0.0,40.868534031615134
squeezed_Khánh Hòa,2017-02-01,0.0,30.227703033233087,0.0,52.27008179201163,48.343338,47.65143995822488,0.0,45.3929696628305,0.0,41.16415571695832,0.0,44.071446437181805
squeezed_Khánh Hòa,2017-03-01,0.0,21.85842888972428,48.343338,33.47194286563084,0.0,36.192424636680926,0.0,36.113231454515024,0.0,22.97394427935562,0.0,38.60219465638447
squeezed_Khánh Hòa,2017-04-01,48.343338,11.163468174493193,0.0,25.674887161778642,0.0,23.413522979253536,0.0,33.16522087472258,0.0,25.81069377356394,0.0,14.043350626736062
squeezed_Khánh Hòa,2017-05-01,0.0,37.27141658837082,0.0,33.48594763815947,0.0,42.68500114176021,0.0,54.34808491468796,0.0,32.899381658937706,0.0,42.273746216026026
squeezed_Khánh Hòa,2017-06-01,0.0,27.272528195012555,0.0,46.79678968273604,0.0,28.983168071645032,0.0,18.922749818821483,0.0,32.091764912851765,0.0,20.587692491147425
squeezed_Khánh Hòa,2017-07-01,0.0,31.670712829670897,0.0,22.7280617448811,0.0,4.194824741240559,0.0,17.83625724878083,0.0,10.496761695304636,32.58473,5.099747934296908
squeezed_Khánh Hòa,2017-08-01,0.0,26.84641127110651,0.0,13.80629213654681,0.0,12.26303341447204,0.0,8.294362974863448,32.58473,0.9619510368564999,30.624744,3.8128338179710024
squeezed_Khánh Hòa,2017-09-01,0.0,6.617476496822119,0.0,18.59744345398571,0.0,12.83349421341845,32.58473,8.35282757223979,30.624744,2.9590767292479985,42.13965,37.35909369103201
squeezed_Khánh Hòa,2017-10-01,0.0,2.6578149886330187,0.0,20.379282206107266,32.58473,13.580167159550426,30.624744,20.0654000929484,42.13965,38.6896674576094,34.463047,43.94327775244002
squeezed_Khánh Hòa,2017-11-01,0.0,10.689392177715046,32.58473,7.113341111689473,30.624744,17.079122544194878,42.13965,51.64446717537894,34.463047,55.82476574907384,0.0,34.59767887496453
squeezed_Khánh Hòa,2017-12-01,32.58473,20.055373499133044,30.624744,15.061269342856654,42.13965,45.3434888470388,34.463047,62.916314749911685,0.0,38.99425294534621,39.853,89.70505727567995
squeezed_Kiên Giang,2016-01-01,32.869926,28.289681536136264,28.761187,32.606980753209605,25.721844,55.38159837002572,20.599989,39.088146926342375,23.245342,45.13935809500442,19.868296,33.3632051789255
squeezed_Kiên Giang,2016-02-01,28.761187,32.36856183829754,25.721844,44.98126355577651,20.599989,42.28463435001827,23.245342,45.27773652168607,19.868296,32.06610844705116,24.821299,33.83688211337
squeezed_Kiên Giang,2016-03-01,25.721844,35.94705542576568,20.599989,36.70617923149984,23.245342,36.6108238234106,19.868296,41.008423818189776,24.821299,32.71155125750914,23.020206,38.85047219011173
squeezed_Kiên Giang,2016-04-01,20.599989,34.192011172942564,23.245342,37.624387352958365,19.868296,35.72719753216179,24.821299,29.652478446069185,23.020206,34.61476106729246,18.573761,28.473468201159328
squeezed_Kiên Giang,2016-05-01,23.245342,26.527040621299506,19.868296,23.90692392405872,24.821299,23.54178170087647,23.020206,31.011669863244897,18.573761,28.92205357191471,18.686329,23.08010135142463
squeezed_Kiên Giang,2016-06-01,19.868296,28.533837228918866,24.821299,25.161943166296414,23.020206,26.414784537813564,18.573761,29.68450149113805,18.686329,23.41202704549686,18.686329,20.97326629388723
squeezed_Kiên Giang,2016-07-01,24.821299,18.478678274859792,23.020206,17.44301775201729,18.573761,16.865735118085087,18.686329,20.766699973056458,18.686329,21.116620166451526,16.580069,26.930827321229867
squeezed_Kiên Giang,2016-08-01,23.020206,29.45685220601236,18.573761,21.216849915077635,18.686329,17.72685489957512,18.686329,22.639094349036657,16.580069,25.77345698057482,30.416254,23.08303053233534
squeezed_Kiên Giang,2016-09-01,18.573761,21.02772688089471,18.686329,20.03483979106898,18.686329,19.988540272082943,16.580069,23.073378236782556,30.416254,21.724062636853535,24.344679,28.79303403335861
squeezed_Kiên Giang,2016-10-01,18.686329,18.070540241689702,18.686329,15.86493006257096,16.580069,25.815318370520586,30.416254,15.497643807520147,24.344679,28.171517697070733,23.060307,24.713549269509095
squeezed_Kiên Giang,2016-11-01,18.686329,13.755413054964324,16.580069,25.126775817564088,30.416254,17.755979780454783,24.344679,27.923879971911237,23.060307,25.99745737503573,23.118687,30.576437623670138
squeezed_Kiên Giang,2016-12-01,16.580069,36.83942458374722,30.416254,24.073703996263568,24.344679,21.834830451201316,23.060307,30.183549642283424,23.118687,38.42101534641918,25.51229,31.09846922219607
squeezed_Kiên Giang,2017-01-01,30.416254,26.958288033396585,24.344679,23.301478422433014,23.060307,24.991341538805987,23.118687,29.710814125614174,25.51229,34.82295740098262,20.958609,28.22215821874956
squeezed_Kiên Giang,2017-02-01,24.344679,27.2355189307894,23.060307,29.35985394361754,23.118687,27.807794164050783,25.51229,34.57226080112387,20.958609,33.78505586504447,19.499096,30.026796806801993
squeezed_Kiên Giang,2017-03-01,23.060307,28.388619546096667,23.118687,25.108922283308477,25.51229,29.65226811927392,20.958609,33.31000271177796,19.499096,26.52244602257572,20.725086,27.181839612370684
squeezed_Kiên Giang,2017-04-01,23.118687,23.008333175161457,25.51229,26.647170196291476,20.958609,24.98811841266831,19.499096,27.217018294879733,20.725086,20.61005589636196,19.323954,19.630517668787853
squeezed_Kiên Giang,2017-05-01,25.51229,22.381949118999145,20.958609,25.40808341247421,19.499096,26.50758066608731,20.725086,18.3740789573988,19.323954,19.019871395654338,15.237317,18.39690973494118
squeezed_Kiên Giang,2017-06-01,20.958609,23.240705178987074,19.499096,22.91603478783679,20.725086,27.78918192593269,19.323954,18.278763049870104,15.237317,22.186538243499513,17.397396,24.59094245219615
squeezed_Kiên Giang,2017-07-01,19.499096,21.393156236380218,20.725086,20.648215528812106,19.323954,19.646963901620293,15.237317,16.56093679669931,17.397396,21.33554213012196,15.540422,21.166888752201626
squeezed_Kiên Giang,2017-08-01,20.725086,18.247743822312312,19.323954,18.44999649330646,15.237317,18.285420106591957,17.397396,18.830160715776778,15.540422,19.70724280608856,22.524881,20.087993052479476
squeezed_Kiên Giang,2017-09-01,19.323954,17.84098100066076,15.237317,19.820189616686573,17.397396,16.128178236763567,15.540422,17.111417158705965,22.524881,19.408699534839517,23.39794,25.983875432953877
squeezed_Kiên Giang,2017-10-01,15.237317,15.2990024446723,17.397396,18.50525529354713,15.540422,17.999832626862485,22.524881,22.389497631342376,23.39794,25.97358542984804,18.39241,23.97894800173991
squeezed_Kiên Giang,2017-11-01,17.397396,15.336499068212925,15.540422,15.743622278386772,22.524881,17.025636952743678,23.39794,21.38435304426279,18.39241,25.135697190930163,19.789303,24.244604766749212
squeezed_Kiên Giang,2017-12-01,15.540422,28.305358816137055,22.524881,16.296938716184727,23.39794,19.862581950108535,18.39241,22.064470124974942,19.789303,28.416453821073084,15.365811,25.129900492765238
squeezed_Kon Tum,2016-01-01,249.90154,246.56199666390057,353.68256,251.69570649768704,276.09296,249.10287813415584,354.6672,280.8687647872508,374.55692,276.66154315245376,293.81647,299.5178099758712
squeezed_Kon Tum,2016-02-01,353.68256,260.3821363794276,276.09296,252.2794936542953,354.6672,259.7998188465833,374.55692,299.6339004610737,293.81647,279.7116569527914,246.35683,274.00148076683473
squeezed_Kon Tum,2016-03-01,276.09296,277.17763678299264,354.6672,289.66823557072945,374.55692,299.5242093870603,293.81647,299.6405621988035,246.35683,273.6231120600663,275.6991,258.4116401037764
squeezed_Kon Tum,2016-04-01,354.6672,306.1865990005408,374.55692,299.92158234823705,293.81647,286.5178336513742,246.35683,282.4289779599859,275.6991,253.6406528186487,226.46712,236.74351684034747
squeezed_Kon Tum,2016-05-01,374.55692,319.8458573091846,293.81647,317.5986752691495,246.35683,307.41254760826786,275.6991,257.4379671322963,226.46712,239.42347712971113,202.83577,237.156384889041
squeezed_Kon Tum,2016-06-01,293.81647,348.5093169553724,246.35683,320.0093214432808,275.6991,257.61720460192623,226.46712,255.74496616917097,202.83577,258.0022292827914,71.28791,239.98371058487513
squeezed_Kon Tum,2016-07-01,246.35683,294.51015264910296,275.6991,259.42269876693905,226.46712,233.50114855531535,202.83577,232.88757957239832,71.28791,255.7744144717751,206.11421,224.94898417190674
squeezed_Kon Tum,2016-08-01,275.6991,216.47905270037427,226.46712,215.1313295594788,202.83577,202.17306904771178,71.28791,226.4077459692948,206.11421,242.57393174654007,188.80984,239.92385658332296
squeezed_Kon Tum,2016-09-01,226.46712,260.5103771221184,202.83577,203.82521961673103,71.28791,212.9859068794966,206.11421,205.9357187086418,188.80984,256.8869451760799,191.50163,253.30282688412134
squeezed_Kon Tum,2016-10-01,202.83577,218.97136193784857,71.28791,188.10665083599545,206.11421,191.29867983840725,188.80984,259.1414559670022,191.50163,262.78422147385413,243.03018,270.07690400604696
squeezed_Kon Tum,2016-11-01,71.28791,196.44025939657183,206.11421,166.53441593111322,188.80984,232.77134864814272,191.50163,280.66871306330205,243.03018,300.2441268466889,237.83888,292.1726474664739
squeezed_Kon Tum,2016-12-01,206.11421,165.46991944560077,188.80984,187.66113951433164,191.50163,203.8206335003159,243.03018,212.45760742741732,237.83888,233.145512686271,284.75293,221.5593581505846
squeezed_Kon Tum,2017-01-01,188.80984,192.36975317203553,191.50163,239.33037075598116,243.03018,258.43060427956675,237.83888,264.1040729465249,284.75293,250.87272349970536,264.37222,295.4026453624465
squeezed_Kon Tum,2017-02-01,191.50163,221.03904057837164,243.03018,241.21262436720224,237.83888,232.43474607521264,284.75293,228.18571777940053,264.37222,284.3014489016937,241.6843,239.06365287749816
squeezed_Kon Tum,2017-03-01,243.03018,213.66838001063198,237.83888,216.13221626849153,284.75293,236.7798171552576,264.37222,245.53257044049107,241.6843,222.2599757116002,257.06595,182.8416530129687
squeezed_Kon Tum,2017-04-01,237.83888,258.6203983441337,284.75293,262.30444216239056,264.37222,226.3427528440852,241.6843,224.00251703626475,257.06595,188.6253179503284,269.17902,191.21241592431642
squeezed_Kon Tum,2017-05-01,284.75293,248.41064330861394,264.37222,275.7078383263406,241.6843,204.04705169438634,257.06595,177.411657849488,269.17902,177.63664062481007,236.68526,180.13370562172818
squeezed_Kon Tum,2017-06-01,264.37222,267.95899779957153,241.6843,239.74552590389644,257.06595,178.98570705527374,269.17902,186.57368687807104,236.68526,177.0940401303659,259.75775,177.81688859822816
squeezed_Kon Tum,2017-07-01,241.6843,239.33138459923055,257.06595,201.4261414472412,269.17902,196.95662938186214,236.68526,198.0729158463892,259.75775,172.9716531122631,0.0,187.76170599485135
squeezed_Kon Tum,2017-08-01,257.06595,204.02290892538338,269.17902,196.54689879613088,236.68526,189.93223889876876,259.75775,180.7482072118368,0.0,173.24944402148154,0.0,216.6679174283059
squeezed_Kon Tum,2017-09-01,269.17902,233.57428954842487,236.68526,197.82532473728017,259.75775,185.3378296388907,0.0,203.47538431191356,0.0,207.6857585880021,0.0,243.6650483499792
squeezed_Kon Tum,2017-10-01,236.68526,230.17937719036223,259.75775,197.7868022218361,0.0,204.15208633443717,0.0,253.5064460924346,0.0,249.8007418297263,0.0,227.2866566331481
squeezed_Kon Tum,2017-11-01,259.75775,207.49524840936826,0.0,200.30561610359092,0.0,222.4573383932853,0.0,241.90685480647792,0.0,232.4737727015378,0.0,276.1720161398015
squeezed_Kon Tum,2017-12-01,0.0,213.75255771237428,0.0,236.51230719193762,0.0,251.8267827885326,0.0,264.7482107591644,0.0,261.2646524510837,0.0,261.47172808105177
squeezed_Lai Châu,2016-01-01,75.68807,91.85113626322102,89.44954,112.38257626302124,94.26605,91.52872341691608,90.13761,86.23244774091083,109.633026,95.87101493746603,79.81651,92.50706965285366
squeezed_Lai Châu,2016-02-01,89.44954,97.06389026122649,94.26605,91.56131363685934,90.13761,92.98757737098498,109.633026,92.96017906590711,79.81651,106.1370947410541,67.201836,97.76125478730857
squeezed_Lai Châu,2016-03-01,94.26605,90.69723091074968,90.13761,95.6183737942154,109.633026,96.35955448686649,79.81651,119.54549466575257,67.201836,75.57204127366484,65.59633,78.67335407867556
squeezed_Lai Châu,2016-04-01,90.13761,93.92744391803,109.633026,94.5726681611624,79.81651,93.05600729779358,67.201836,80.66744900283301,65.59633,80.42562947520288,51.37615,78.33456146910132
squeezed_Lai Châu,2016-05-01,109.633026,89.34236627716659,79.81651,83.76458926155952,67.201836,75.16112320750423,65.59633,81.82499159900665,51.37615,70.4623675239225,51.14679,77.86464915465554
squeezed_Lai Châu,2016-06-01,79.81651,94.52391294258427,67.201836,83.6692318623079,65.59633,87.73322327208358,51.37615,81.93441768808385,51.14679,77.64496693687741,45.87156,81.64905619077501
squeezed_Lai Châu,2016-07-01,67.201836,75.15812790750235,65.59633,84.05070140659764,51.37615,79.25834268573271,51.14679,80.07144030968541,45.87156,72.07354221536126,51.51856,76.6631459163841
squeezed_Lai Châu,2016-08-01,65.59633,77.78372009839002,51.37615,75.65709091469769,51.14679,73.84501937335223,45.87156,75.31340744598158,51.51856,64.96333885825582,0.0,67.77922023316977
squeezed_Lai Châu,2016-09-01,51.37615,65.13956137795178,51.14679,70.46459131568493,45.87156,75.2788390911876,51.51856,68.30233931796297,0.0,53.94260217915835,78.51518,76.3157293142648
squeezed_Lai Châu,2016-10-01,51.14679,61.79150731681414,45.87156,69.88123352975617,51.51856,63.21817483950162,0.0,61.35027271288773,78.51518,78.33828562969809,67.49156,73.05981547677001
squeezed_Lai Châu,2016-11-01,45.87156,66.28256704273713,51.51856,67.90610304737469,0.0,63.770860555750644,78.51518,78.88374897129054,67.49156,85.68241422598176,68.16648,61.307336119812526
squeezed_Lai Châu,2016-12-01,51.51856,51.99129012913576,0.0,53.19254951916515,78.51518,72.54964579594706,67.49156,72.37118582973173,68.16648,74.21202417174996,69.291336,64.98818756892146
squeezed_Lai Châu,2017-01-01,0.0,59.69527264793127,78.51518,54.55241142882845,67.49156,66.43309217402116,68.16648,82.1935547060531,69.291336,56.71134235738845,63.44207,63.35797127222941
squeezed_Lai Châu,2017-02-01,78.51518,33.410980597606844,67.49156,36.52345965451184,68.16648,58.056504415214654,69.291336,54.789058614009605,63.44207,23.286033380425273,0.0,38.63111065047494
squeezed_Lai Châu,2017-03-01,67.49156,74.91035989877517,68.16648,69.23155103674797,69.291336,70.19325015280502,63.44207,57.93200615785284,0.0,69.44028912496962,67.49156,46.431073719227975
squeezed_Lai Châu,2017-04-01,68.16648,76.02726325582206,69.291336,80.80929462815881,63.44207,69.20290784055454,0.0,60.482704338639955,67.49156,52.72908044190963,61.192352,43.90115328524537
squeezed_Lai Châu,2017-05-01,69.291336,69.96382473778235,63.44207,74.90294761270236,0.0,61.05871322380013,67.49156,50.521639796953785,61.192352,49.882356704989675,66.81665,54.45476976053096
squeezed_Lai Châu,2017-06-01,63.44207,63.868976604314476,0.0,61.55120895999705,67.49156,57.910815980971954,61.192352,55.16093885748,66.81665,55.78257180591972,68.39145,48.34477988512726
squeezed_Lai Châu,2017-07-01,0.0,58.882275645595996,67.49156,53.71240705340386,61.192352,50.012643107652934,66.81665,53.2159073876522,68.39145,44.970136252008984,98.36789,51.726204919551826
squeezed_Lai Châu,2017-08-01,67.49156,39.26963631104964,61.192352,36.89905577653067,66.81665,38.35318897938239,68.39145,40.43876497227055,98.36789,24.90443711797286,105.86678,38.909993050466845
squeezed_Lai Châu,2017-09-01,61.192352,49.88450029118094,66.81665,49.892290569073005,68.39145,42.15312101093473,98.36789,55.44061778593227,105.86678,52.62999017482715,91.530655,56.8386478693493
squeezed_Lai Châu,2017-10-01,66.81665,55.72866708126602,68.39145,53.50080326130943,98.36789,49.737891444003274,105.86678,74.43862861305608,91.530655,62.82476807775052,88.88399,72.94993924846638
squeezed_Lai Châu,2017-11-01,68.39145,56.09493669808857,98.36789,68.50947211501905,105.86678,60.538454527531144,91.530655,71.8860214985745,88.88399,85.92275104703539,132.33348,72.80727189686284
squeezed_Lai Châu,2017-12-01,98.36789,56.772692641945405,105.86678,79.00988278640317,91.530655,86.17939257769989,88.88399,75.38678402100965,132.33348,88.66034098601207,114.2479,76.8842596873387
squeezed_Long An,2016-01-01,29.719576,35.451981436063484,35.8245,35.34701244813303,36.897892,42.44816467932512,34.21441,48.581119831481026,30.32336,51.721496255546626,30.927143,47.10163381983273
squeezed_Long An,2016-02-01,35.8245,37.872912068767285,36.897892,35.444888307656754,34.21441,60.93070918460315,30.32336,55.67061556743621,30.927143,43.699021161415935,31.396753,45.953160905184845
squeezed_Long An,2016-03-01,36.897892,38.49324541988083,34.21441,59.949736648724596,30.32336,51.06281050603613,30.927143,39.71754359537506,31.396753,34.459030856072786,32.87267,51.8447573604362
squeezed_Long An,2016-04-01,34.21441,43.91005098179347,30.32336,40.12941961060249,30.927143,41.337818172667774,31.396753,42.38623172816622,32.87267,40.60625551784262,28.24366,30.682643160150842
squeezed_Long An,2016-05-01,30.32336,36.53735253411024,30.927143,31.76640566675424,31.396753,40.65579139347109,32.87267,28.921873997836702,28.24366,34.6724136743527,25.627264,46.209754142453704
squeezed_Long An,2016-06-01,30.927143,34.36313572587276,31.396753,34.48388428248492,32.87267,39.954277763265644,28.24366,40.25969640491578,25.627264,42.16288467541507,3.6227024,32.21344141535278
squeezed_Long An,2016-07-01,31.396753,33.01550151635465,32.87267,34.77751310380798,28.24366,33.56347255968648,25.627264,34.73630482966747,3.6227024,28.494825321585257,23.280996,27.729221894177776
squeezed_Long An,2016-08-01,32.87267,31.84211335443077,28.24366,27.760287481576842,25.627264,29.365708109837303,3.6227024,28.568555490179666,23.280996,25.565906351259706,21.476269,32.36016489417208
squeezed_Long An,2016-09-01,28.24366,34.811271755259256,25.627264,29.986433287253327,3.6227024,32.31623373499673,23.280996,24.85132615490469,21.476269,32.26053752521098,25.145882,32.848909956785015
squeezed_Long An,2016-10-01,25.627264,30.426750002916705,3.6227024,28.429109739755887,23.280996,29.96532140604102,21.476269,37.86925600704105,25.145882,31.61695166011271,23.220839,38.96314649822129
squeezed_Long An,2016-11-01,3.6227024,27.98844690756703,23.280996,28.667438445233643,21.476269,32.393208137468655,25.145882,28.297988211490345,23.220839,37.887357935742116,24.123203,32.63477845533637
squeezed_Long An,2016-12-01,23.280996,37.07185594034955,21.476269,23.18498621209805,25.145882,29.28107963916507,23.220839,39.26663410136581,24.123203,32.829636837262626,22.739578,37.84327871414101
squeezed_Long An,2017-01-01,21.476269,27.720234340222337,25.145882,24.53901951021811,23.220839,30.73935343835452,24.123203,35.87500477991807,22.739578,31.944365744966444,20.032486,23.175115706893415
squeezed_Long An,2017-02-01,25.145882,22.044317498977748,23.220839,29.740592329912445,24.123203,27.37971180352324,22.739578,30.992862636095133,20.032486,31.947099824060636,21.17548,42.53772539870402
squeezed_Long An,2017-03-01,23.220839,26.214830916614254,24.123203,23.733822922971758,22.739578,27.006265580125515,20.032486,34.990022675363214,21.17548,33.130035180628795,20.573904,27.163096708718108
squeezed_Long An,2017-04-01,24.123203,24.652185322893022,22.739578,20.55575637415866,20.032486,27.69482414687881,21.17548,31.141946766815884,20.573904,27.698423742737845,22.198158,22.357076025235017
squeezed_Long An,2017-05-01,22.739578,25.35629537457735,20.032486,26.68517274834129,21.17548,28.210201122697235,20.573904,27.029652901571954,22.198158,24.282664312599355,14.678457,28.61572259076787
squeezed_Long An,2017-06-01,20.032486,23.302319288256864,21.17548,26.459661635245954,20.573904,22.353650692411804,22.198158,21.882222806753486,14.678457,25.032288888851614,19.250437,40.859543438974505
squeezed_Long An,2017-07-01,21.17548,25.097988567247608,20.573904,16.86511430363975,22.198158,18.61194183861559,14.678457,18.84998071375506,19.250437,38.55147184368828,21.680862,33.31361371005994
squeezed_Long An,2017-08-01,20.573904,18.873544319476256,22.198158,17.77372201453617,14.678457,18.47333506619561,19.250437,45.31280661709878,21.680862,30.994688076287574,22.276491,23.76708986324954
squeezed_Long An,2017-09-01,22.198158,20.77161450588478,14.678457,19.24026033467185,19.250437,43.022931350834384,21.680862,24.813920168492853,22.276491,28.343092828144346,26.50545,30.81534258372662
squeezed_Long An,2017-10-01,14.678457,19.78320719079182,19.250437,37.22378601896218,21.680862,34.265605751409566,22.276491,27.354084259246147,26.50545,32.44553099247764,23.586872,29.351898854175975
squeezed_Long An,2017-11-01,19.250437,33.615746764876306,21.680862,24.875406599750026,22.276491,22.36843908597993,26.50545,23.822886016018163,23.586872,29.028693556502787,24.659002,33.72891049059112
squeezed_Long An,2017-12-01,21.680862,35.224036041618675,22.276491,22.509050626859135,26.50545,20.724614826869654,23.586872,29.184950226889754,24.659002,36.49922478710406,22.752993,35.0838779482855
squeezed_Lào Cai,2016-01-01,88.84992,106.18364839262455,90.74967,112.71923191299506,93.23396,107.2458476114958,98.202545,109.99596926401667,113.40056,122.13643239671795,94.69531,134.55283672398787
squeezed_Lào Cai,2016-02-01,90.74967,106.47595446775914,93.23396,113.35507280580377,98.202545,116.53369905813338,113.40056,152.96005243928795,94.69531,145.82694174209817,60.20751,133.34376473757388
squeezed_Lào Cai,2016-03-01,93.23396,106.75962737935349,98.202545,128.14446103846234,113.40056,136.14448309182214,94.69531,140.57976029696243,60.20751,102.12064495336335,96.01052,113.55452212443137
squeezed_Lào Cai,2016-04-01,98.202545,115.72357965125659,113.40056,120.48424216816808,94.69531,132.19305636322036,60.20751,124.03946339044776,96.01052,98.17455797707713,90.019,84.31031931116662
squeezed_Lào Cai,2016-05-01,113.40056,103.69552294555305,94.69531,116.55260784036487,60.20751,121.97613170235576,96.01052,88.38506862409218,90.019,90.40079172493428,78.91276,89.92462712512614
squeezed_Lào Cai,2016-06-01,94.69531,109.68501959212063,60.20751,103.25558469173099,96.01052,101.09404145180027,90.019,80.70116538364717,78.91276,89.03940418863266,72.921234,80.47274441718521
squeezed_Lào Cai,2016-07-01,60.20751,111.07527990796531,96.01052,103.7319517491116,90.019,79.12707488433625,78.91276,83.13767665399358,72.921234,80.10099820924906,61.812023,78.10718723589659
squeezed_Lào Cai,2016-08-01,96.01052,94.9705871930228,90.019,77.03872540851343,78.91276,69.86306554408395,72.921234,74.19542109224402,61.812023,66.11832975563989,0.0,67.34269237163561
squeezed_Lào Cai,2016-09-01,90.019,83.3351846843629,78.91276,84.74569054841155,72.921234,73.74280287643579,61.812023,64.72587430801961,0.0,62.235327925825416,0.0,78.73987578534808
squeezed_Lào Cai,2016-10-01,78.91276,83.50173466599226,72.921234,85.68136946563888,61.812023,64.59624282947557,0.0,66.08394223049909,0.0,86.8398749370163,0.0,42.846939550237565
squeezed_Lào Cai,2016-11-01,72.921234,83.16682197079416,61.812023,70.75755135257808,0.0,72.47015188931809,0.0,86.86138856592729,0.0,61.75230573831165,69.29156,82.38607506485583
squeezed_Lào Cai,2016-12-01,61.812023,68.7181203089391,0.0,77.2058123956436,0.0,78.8242122260352,0.0,64.63026745566056,69.29156,80.41169891377359,60.11854,103.90513785295741
squeezed_Lào Cai,2017-01-01,0.0,55.10827867464344,0.0,83.85249438988588,0.0,77.91198284826349,69.29156,63.83585502155433,60.11854,96.89535644582797,50.945526,112.15846866343082
squeezed_Lào Cai,2017-02-01,0.0,32.47774856186413,0.0,38.77715419179721,69.29156,52.233212654726934,60.11854,58.32796529855767,50.945526,66.98479253722421,56.025967,57.71182463343018
squeezed_Lào Cai,2017-03-01,0.0,20.599901260345472,69.29156,26.842292569652734,60.11854,24.80543688601476,50.945526,53.62216421199411,56.025967,24.653129531246122,71.54954,42.52737788733441
squeezed_Lào Cai,2017-04-01,69.29156,32.49399017120855,60.11854,28.257329499525476,50.945526,15.704551923259196,56.025967,46.8978202875849,71.54954,19.108526009787283,77.617836,17.054647408332148
squeezed_Lào Cai,2017-05-01,60.11854,65.27986890044569,50.945526,73.14049830168707,56.025967,87.59994758297596,71.54954,61.05519072483004,77.617836,42.16129038404149,60.683037,42.05825542597694
squeezed_Lào Cai,2017-06-01,50.945526,71.16353542565412,56.025967,81.8175874818756,71.54954,58.52168939339038,77.617836,57.42562385519764,60.683037,45.564137416473805,0.0,42.3091507112394
squeezed_Lào Cai,2017-07-01,56.025967,71.97630605814285,71.54954,59.61923899493956,77.617836,52.82278361492794,60.683037,41.731517829140245,0.0,43.379395356318,72.83574,35.75325015858736
squeezed_Lào Cai,2017-08-01,71.54954,60.74541130210118,77.617836,48.785713831380406,60.683037,43.99292602235173,0.0,48.22746970196273,72.83574,49.49917152577258,58.82353,41.75365418010204
squeezed_Lào Cai,2017-09-01,77.617836,65.05958886740989,60.683037,65.44621153892271,0.0,61.34567733414739,72.83574,54.866941469052016,58.82353,63.97091541817118,55.216427,63.39422315466445
squeezed_Lào Cai,2017-10-01,60.683037,68.77493000719937,0.0,56.46087678612529,72.83574,73.98088290797236,58.82353,70.46056509049909,55.216427,86.9777768268095,57.852386,100.46966320912684
squeezed_Lào Cai,2017-11-01,0.0,58.60234462888615,72.83574,71.56722869763027,58.82353,71.92506025450542,55.216427,118.65892721155983,57.852386,102.66996584374753,84.76692,111.75749303207202
squeezed_Lào Cai,2017-12-01,72.83574,64.17564630328553,58.82353,56.26952641959896,55.216427,90.73348701935423,57.852386,98.75574738721242,84.76692,79.04375793881609,57.574917,86.12654800936784
squeezed_Lâm Đồng,2016-01-01,41.608444,41.12556748864557,62.645554,46.30806061858463,44.40304,41.64167980609916,66.91508,56.366174230806536,59.30756,56.47746767682607,66.29405,46.44271901766561
squeezed_Lâm Đồng,2016-02-01,62.645554,57.58089858424927,44.40304,46.31586369111172,66.91508,48.311923332701156,59.30756,55.83312876675288,66.29405,45.452682343437324,44.48067,44.65941125705025
squeezed_Lâm Đồng,2016-03-01,44.40304,59.248563687301,66.91508,60.87365889737983,59.30756,61.44768042456449,66.29405,50.320533471910636,44.48067,56.15851193194465,62.33504,42.16589970531014
squeezed_Lâm Đồng,2016-04-01,66.91508,52.125628688435505,59.30756,49.193058162510205,66.29405,44.02821331457883,44.48067,46.40748651513438,62.33504,39.55945580331554,60.00621,40.31822834299128
squeezed_Lâm Đồng,2016-05-01,59.30756,59.726881477998724,66.29405,51.68304479788789,44.48067,51.13247545405694,62.33504,45.777203741852546,60.00621,41.72441031951691,46.654247,44.42519974834148
squeezed_Lâm Đồng,2016-06-01,66.29405,51.30641380425653,44.48067,48.35671544817967,62.33504,44.1079524432668,60.00621,44.322668378361016,46.654247,44.3501931367469,46.654247,45.363026484669
squeezed_Lâm Đồng,2016-07-01,44.48067,58.78619813302566,62.33504,50.08619229896048,60.00621,46.91377277320025,46.654247,45.01246488787027,46.654247,45.46817821576835,34.73035,43.39405418611625
squeezed_Lâm Đồng,2016-08-01,62.33504,39.286363780336096,60.00621,40.398619380727126,46.654247,43.80348849818193,46.654247,42.542360025683195,34.73035,39.3855619099208,56.03684,44.415781299912176
squeezed_Lâm Đồng,2016-09-01,60.00621,53.72523490683936,46.654247,48.65173128519812,46.654247,48.98600070228601,34.73035,44.05789081601512,56.03684,44.79176343265925,77.8116,48.349612473860375
squeezed_Lâm Đồng,2016-10-01,46.654247,52.44016356300498,46.654247,47.76975559866375,34.73035,47.64657654587985,56.03684,52.085594954381094,77.8116,53.68421354886262,66.651054,56.22560909804225
squeezed_Lâm Đồng,2016-11-01,46.654247,49.07173995037131,34.73035,49.04565356710181,56.03684,46.61409431337707,77.8116,47.52045490532266,66.651054,49.32398856198618,100.83509,47.467213319391966
squeezed_Lâm Đồng,2016-12-01,34.73035,43.574969936593945,56.03684,45.90836534709186,77.8116,46.37821580978974,66.651054,44.54614241770636,100.83509,47.58145234207168,132.52165,50.975663002007416
squeezed_Lâm Đồng,2017-01-01,56.03684,47.17828914657661,77.8116,48.39320950062928,66.651054,44.69937972368901,100.83509,44.82590536465589,132.52165,48.33314217186801,85.225945,47.50464490787084
squeezed_Lâm Đồng,2017-02-01,77.8116,53.63868139425253,66.651054,58.273481829312495,100.83509,51.46980669761013,132.52165,49.548339280315695,85.225945,55.161580616350335,64.465775,48.04566089823889
squeezed_Lâm Đồng,2017-03-01,66.651054,73.95097759512207,100.83509,63.481337917864,132.52165,64.43955273440379,85.225945,61.383626667311304,64.465775,62.36704855819838,63.217045,53.67267433042413
squeezed_Lâm Đồng,2017-04-01,100.83509,70.23122678894693,132.52165,64.02538785818582,85.225945,49.35495318294546,64.465775,52.24999801958063,63.217045,48.72622677902762,55.256382,46.298938155166425
squeezed_Lâm Đồng,2017-05-01,132.52165,78.20564649909919,85.225945,71.78601373432605,64.465775,68.96683246779399,63.217045,69.45830462143081,55.256382,62.01341085135986,47.139626,49.03610867111972
squeezed_Lâm Đồng,2017-06-01,85.225945,98.20434691665305,64.465775,84.81314456345663,63.217045,82.30144976546487,55.256382,76.94862917081994,47.139626,78.27852325894102,46.359165,72.68988876591999
squeezed_Lâm Đồng,2017-07-01,64.465775,81.00281376235242,63.217045,75.714075421694,55.256382,64.30164514958888,47.139626,61.25269261736303,46.359165,62.65046723628494,22.843426,55.173944539544365
squeezed_Lâm Đồng,2017-08-01,63.217045,74.70233576082192,55.256382,60.32542179491775,47.139626,61.194908904654476,46.359165,66.16494449067297,22.843426,53.32854408210671,45.22224,63.431189654796896
squeezed_Lâm Đồng,2017-09-01,55.256382,59.72066759070598,47.139626,58.008999552794144,46.359165,61.49486516756828,22.843426,57.7728347144488,45.22224,57.55999037591398,74.33793,68.44668891262734
squeezed_Lâm Đồng,2017-10-01,47.139626,54.43286958059859,46.359165,54.104294315765486,22.843426,52.212230701064385,45.22224,62.08892167288271,74.33793,65.61999902920505,68.375404,61.57945471296269
squeezed_Lâm Đồng,2017-11-01,46.359165,51.62364891739588,22.843426,54.0300451887123,45.22224,57.07440400495307,74.33793,59.717222857013404,68.375404,63.64177359781177,78.67431,67.83257719328641
squeezed_Lâm Đồng,2017-12-01,22.843426,45.98985919363446,45.22224,55.62687446821516,74.33793,54.41549680705706,68.375404,63.53268774082353,78.67431,66.60082465179988,88.895775,62.056286452614025
squeezed_Lạng Sơn,2016-01-01,40.718094,47.085718299266226,52.426174,62.74535622884399,49.04384,55.892815751710295,58.280212,55.424115234797476,30.831274,65.01118762894241,26.668402,63.82526903791642
squeezed_Lạng Sơn,2016-02-01,52.426174,62.83238056294874,49.04384,54.87481610403947,58.280212,56.252183750583775,30.831274,58.09044821188766,26.668402,70.64655776893932,55.808506,59.70438648838824
squeezed_Lạng Sơn,2016-03-01,49.04384,57.258504096057905,58.280212,64.99669680456495,30.831274,61.41794317629174,26.668402,66.08563354695296,55.808506,50.33557353709972,45.401325,52.596061538379885
squeezed_Lạng Sơn,2016-04-01,58.280212,53.99514019847063,30.831274,52.91714043061332,26.668402,52.71432637244539,55.808506,43.63373354254678,45.401325,46.39314266403904,40.197735,48.7453662787996
squeezed_Lạng Sơn,2016-05-01,30.831274,58.44463080751656,26.668402,51.22337738144378,55.808506,47.31925850284236,45.401325,48.97640907129288,40.197735,48.11847879158585,40.067646,50.14936053080074
squeezed_Lạng Sơn,2016-06-01,26.668402,45.86416981740005,55.808506,36.37973985863378,45.401325,42.50102833750577,40.197735,43.054265263709425,40.067646,42.440510062967874,7.545206,41.07371190391188
squeezed_Lạng Sơn,2016-07-01,55.808506,26.57720608696367,45.401325,38.961851341834915,40.197735,33.27213178855654,40.067646,36.629648301027736,7.545206,37.55807392889037,30.050735,35.82371688825239
squeezed_Lạng Sơn,2016-08-01,45.401325,42.59292086444319,40.197735,45.93191844264072,40.067646,46.0521820875848,7.545206,42.10083125651265,30.050735,41.54364300521145,34.213608,35.99981295525476
squeezed_Lạng Sơn,2016-09-01,40.197735,44.23629070923919,40.067646,45.80121840407818,7.545206,53.35247486290107,30.050735,41.43933197248717,34.213608,40.38132860081768,34.864056,37.092942469161414
squeezed_Lạng Sơn,2016-10-01,40.067646,37.22719518073462,7.545206,49.62550147366952,30.050735,35.49154800896614,34.213608,32.78081028372052,34.864056,39.32452368184394,37.59594,42.98570781641487
squeezed_Lạng Sơn,2016-11-01,7.545206,46.10016805470952,30.050735,33.826679714390245,34.213608,37.12652924928366,34.864056,44.81847477054429,37.59594,34.94861237181072,50.604916,60.40057748042606
squeezed_Lạng Sơn,2016-12-01,30.050735,22.205682000047606,34.213608,19.567170041446932,34.864056,15.51827998727365,37.59594,23.32853454216306,50.604916,37.26041943758359,42.409264,31.90421418988565
squeezed_Lạng Sơn,2017-01-01,34.213608,28.13533247178487,34.864056,30.37723342237022,37.59594,30.796980554000243,50.604916,38.28878584870217,42.409264,38.33137352737176,34.994144,31.41882344776773
squeezed_Lạng Sơn,2017-02-01,34.864056,38.33567509369181,37.59594,41.36996901025081,50.604916,49.786053634159664,42.409264,49.383350681412736,34.994144,42.030446014264726,33.30298,38.46074368436767
squeezed_Lạng Sơn,2017-03-01,37.59594,34.055747506795065,50.604916,38.678737307400674,42.409264,36.355766941762035,34.994144,34.23089817931162,33.30298,32.016547357433566,26.79849,35.74834828949481
squeezed_Lạng Sơn,2017-04-01,50.604916,40.50635961489479,42.409264,40.75122245458885,34.994144,36.11532238476771,33.30298,37.067684034440845,26.79849,33.18669152557534,27.57903,32.74598808032957
squeezed_Lạng Sơn,2017-05-01,42.409264,45.8717961308517,34.994144,42.922696404869995,33.30298,43.58680747041319,26.79849,36.35623226090432,27.57903,34.748840291023946,23.936516,39.69406702218637
squeezed_Lạng Sơn,2017-06-01,34.994144,39.7236877907947,33.30298,39.4411043086142,26.79849,38.56466093965962,27.57903,35.030712840796205,23.936516,37.972541051411206,29.920645,47.555896890478934
squeezed_Lạng Sơn,2017-07-01,33.30298,36.64837496451144,26.79849,35.91855719708267,27.57903,33.764283591053385,23.936516,33.87830246991196,29.920645,45.88172491594331,20.621214,40.46252064154854
squeezed_Lạng Sơn,2017-08-01,26.79849,37.40224506861391,27.57903,29.89971997911848,23.936516,35.394772466661614,29.920645,45.931175275333985,20.621214,41.684757595766705,22.941101,42.24831315424311
squeezed_Lạng Sơn,2017-09-01,27.57903,30.91468515022264,23.936516,30.454098570732178,29.920645,45.82716098309931,20.621214,37.09623344324964,22.941101,38.15010963537513,31.447351,38.66947675211701
squeezed_Lạng Sơn,2017-10-01,23.936516,30.663434814052994,29.920645,43.0487474541444,20.621214,38.92665946859867,22.941101,45.27758483035819,31.447351,46.8116990271206,25.776518,38.06570504017481
squeezed_Lạng Sơn,2017-11-01,29.920645,35.58519986756051,20.621214,29.64343337162949,22.941101,36.28249410506623,31.447351,40.714563554393365,25.776518,38.62348975987632,33.122826,43.65466406194032
squeezed_Lạng Sơn,2017-12-01,20.621214,30.18576996123955,22.941101,40.397796448700525,31.447351,47.23184862962075,25.776518,38.971295640614194,33.122826,46.964289351383485,25.003222,49.4798393234
squeezed_Nam Định,2016-01-01,24.398144,22.15081707129302,23.91234,28.674746806472932,28.176617,28.64645820192404,21.699234,29.640846487606645,25.801577,40.45769712271943,27.097054,33.34036691617433
squeezed_Nam Định,2016-02-01,23.91234,31.45897267015485,28.176617,28.79243337967212,21.699234,39.62254575108228,25.801577,35.458927138972555,27.097054,40.38610718102613,25.96351,32.35143138047288
squeezed_Nam Định,2016-03-01,28.176617,26.604014900140896,21.699234,30.358386371577566,25.801577,32.92141108327689,27.097054,29.827163498546327,25.96351,24.031604994217886,22.72482,24.037120116234384
squeezed_Nam Định,2016-04-01,21.699234,37.06247611490715,25.801577,31.5900312448279,27.097054,28.441493505814552,25.96351,26.521810753988028,22.72482,25.83472070779288,24.560078,25.892255535105274
squeezed_Nam Định,2016-05-01,25.801577,23.391834981353387,27.097054,29.189004778641138,25.96351,23.200368638385093,22.72482,27.646727690279704,24.560078,26.761218687712397,25.477707,27.86735481311236
squeezed_Nam Định,2016-06-01,27.097054,26.919049376171696,25.96351,24.72617436743272,22.72482,21.35511975638471,24.560078,22.80416502512115,25.477707,27.485933737602362,25.69362,25.355731559921512
squeezed_Nam Định,2016-07-01,25.96351,28.9155991492396,22.72482,26.274849928541304,24.560078,23.363954344990262,25.477707,25.264373907783778,25.69362,24.40477859456228,21.80964,22.63623355890472
squeezed_Nam Định,2016-08-01,22.72482,27.560268159932832,24.560078,24.956948041119432,25.477707,25.109627096392646,25.69362,22.536230505215762,21.80964,20.86654048284497,25.612349,16.499854519478177
squeezed_Nam Định,2016-09-01,24.560078,21.5614896328085,25.477707,24.98104875809134,25.69362,22.341057176430887,21.80964,19.205970981559425,25.612349,19.305791234628987,26.227491,24.29523390605798
squeezed_Nam Định,2016-10-01,25.477707,24.258200464553422,25.69362,25.45499239834082,21.80964,21.359419242624355,25.612349,25.176838151366596,26.227491,23.463374557491516,18.957611,23.32159797609373
squeezed_Nam Định,2016-11-01,25.69362,30.731488374496845,21.80964,23.721820816506597,25.612349,23.788014301640157,26.227491,24.248216644313878,18.957611,27.58343078614658,21.418186,26.89976071534382
squeezed_Nam Định,2016-12-01,21.80964,26.135461239252226,25.612349,20.369898600836482,26.227491,15.96018447163464,18.957611,21.40134021941492,21.418186,23.488843307711754,0.0,21.240255482577034
squeezed_Nam Định,2017-01-01,25.612349,20.153739244792664,26.227491,27.85569645647735,18.957611,15.951615153852087,21.418186,27.934893209105446,0.0,17.1205241043079,13.645006,15.734602567204927
squeezed_Nam Định,2017-02-01,26.227491,27.920077879426174,18.957611,27.85996787711446,21.418186,32.6774511264537,0.0,32.95689222840881,13.645006,36.57632752705732,25.220892,31.00210921862941
squeezed_Nam Định,2017-03-01,18.957611,27.069037281466432,21.418186,34.21934532853865,0.0,31.515953323338202,13.645006,30.83795573052791,25.220892,33.394359546991495,21.977407,30.3657344965547
squeezed_Nam Định,2017-04-01,21.418186,30.353732515375295,0.0,22.289443340480453,13.645006,25.166760869446062,25.220892,27.63339702288855,21.977407,26.244761087373057,21.194498,22.855778705335595
squeezed_Nam Định,2017-05-01,0.0,24.05652343183176,13.645006,26.05258228905038,25.220892,18.74770230015718,21.977407,25.168283071203433,21.194498,21.022148079545154,19.404987,21.09139122644443
squeezed_Nam Định,2017-06-01,13.645006,15.37065342981888,25.220892,13.330134933636728,21.977407,7.721863394333178,21.194498,21.862255913225297,19.404987,22.014254653243487,14.092383,21.135002275290347
squeezed_Nam Định,2017-07-01,25.220892,9.809670695750743,21.977407,12.863290726073355,21.194498,10.941772026688497,19.404987,15.074062818795445,14.092383,21.414839001355027,0.0,12.423101619545442
squeezed_Nam Định,2017-08-01,21.977407,20.093539885185418,21.194498,21.505399804167585,19.404987,19.316460279185655,14.092383,21.616342176348354,0.0,18.633587085212348,0.0,22.921344933088616
squeezed_Nam Định,2017-09-01,21.194498,20.088481604410067,19.404987,20.302735556389138,14.092383,21.631249281802777,0.0,22.899607007034536,0.0,25.066820174502556,0.0,23.825171995492873
squeezed_Nam Định,2017-10-01,19.404987,18.984334170439595,14.092383,18.030124328718976,0.0,17.449123691548017,0.0,21.640566606951072,0.0,25.12450139617531,0.0,24.690011369240946
squeezed_Nam Định,2017-11-01,14.092383,20.009589692493304,0.0,20.434474603747066,0.0,27.223859492832936,0.0,25.67427530102014,0.0,28.917496461238574,0.0,29.226632731461482
squeezed_Nam Định,2017-12-01,0.0,34.35010096748988,0.0,23.337584752808695,0.0,24.791585077277883,0.0,26.385155234534626,0.0,28.45991705083215,0.0,49.423033788806514
squeezed_Nghệ An,2016-01-01,36.805668,45.80298879978343,40.766384,49.65650596847208,38.737724,54.68527247900823,43.82547,54.68895416396515,47.013363,57.09180799465448,41.3782,54.18560237867101
squeezed_Nghệ An,2016-02-01,40.766384,46.34561649737266,38.737724,54.37219025842426,43.82547,61.89676081101148,47.013363,58.34722304620109,41.3782,66.9021217763111,41.603607,54.52437114197371
squeezed_Nghệ An,2016-03-01,38.737724,45.101616595377685,43.82547,55.836643876478504,47.013363,49.286556861333054,41.3782,46.46280538069856,41.603607,47.55082688139492,41.08839,49.2799662892923
squeezed_Nghệ An,2016-04-01,43.82547,48.76657946346234,47.013363,42.89967325394608,41.3782,42.881615369664665,41.603607,43.621898384142746,41.08839,42.756226345780476,40.862984,47.216610550634854
squeezed_Nghệ An,2016-05-01,47.013363,47.93010879533772,41.3782,38.66873419778177,41.603607,42.98905272193338,41.08839,42.104593628853294,40.862984,48.72528473755692,42.312027,62.81338640459552
squeezed_Nghệ An,2016-06-01,41.3782,48.890402463662994,41.603607,49.44550033077242,41.08839,58.264123109189086,40.862984,42.01642999415344,42.312027,68.6736100289584,0.64401865,50.27052660568773
squeezed_Nghệ An,2016-07-01,41.603607,49.47711887907661,41.08839,55.23408266341264,40.862984,36.25851527734021,42.312027,41.066908800932666,0.64401865,48.77024711989853,27.905258,37.207788823373484
squeezed_Nghệ An,2016-08-01,41.08839,43.477892426915766,40.862984,37.85019951629131,42.312027,37.83629580591214,0.64401865,42.315203408584466,27.905258,36.23730715809349,31.324114,35.24329634552168
squeezed_Nghệ An,2016-09-01,40.862984,39.00851365914125,42.312027,36.15142536843787,0.64401865,39.43132839687577,27.905258,34.42946773546061,31.324114,40.276774850287154,30.985308,40.79431309522649
squeezed_Nghệ An,2016-10-01,42.312027,36.175356341931845,0.64401865,38.89074668419325,27.905258,36.11896623696762,31.324114,38.162986680122515,30.985308,40.11665452183411,28.05926,39.69977730588828
squeezed_Nghệ An,2016-11-01,0.64401865,39.47083350421004,27.905258,33.5358880965819,31.324114,35.73120706157926,30.985308,39.66547422410424,28.05926,40.27858773589924,27.227646,44.42957032520428
squeezed_Nghệ An,2016-12-01,27.905258,30.357892114729808,31.324114,19.288906481441536,30.985308,22.584752615459585,28.05926,37.41307866014247,27.227646,25.318690990997034,34.09616,32.738347797771894
squeezed_Nghệ An,2017-01-01,31.324114,25.208507197171997,30.985308,30.232749918893617,28.05926,23.792420113786406,27.227646,29.3225178919461,34.09616,32.34827334801167,40.25626,21.825886788622917
squeezed_Nghệ An,2017-02-01,30.985308,34.38723640685523,28.05926,30.972108072895967,27.227646,32.36442233118368,34.09616,39.764100185061515,40.25626,41.595221121003455,0.0,32.60072440256647
squeezed_Nghệ An,2017-03-01,28.05926,34.95489997802524,27.227646,32.93688164440364,34.09616,35.37091701392267,40.25626,34.686019484776146,0.0,34.3575470109063,36.375397,34.44230054790131
squeezed_Nghệ An,2017-04-01,27.227646,35.29812678528829,34.09616,35.04583012093024,40.25626,36.040558786190054,0.0,37.51793342264291,36.375397,42.84177985461501,37.08381,22.374228893381385
squeezed_Nghệ An,2017-05-01,34.09616,33.244042143019236,40.25626,33.48271420152825,0.0,24.66403193600018,36.375397,37.534338609312876,37.08381,26.88826412497768,42.966705,47.61598594236546
squeezed_Nghệ An,2017-06-01,40.25626,35.44888212977447,0.0,32.49042196968498,36.375397,31.05904712626082,37.08381,24.347587665690114,42.966705,49.61164769220027,36.6218,41.75163751913544
squeezed_Nghệ An,2017-07-01,0.0,35.18999579948144,36.375397,35.139065411164175,37.08381,34.62027768928544,42.966705,26.755050686760015,36.6218,43.01775749715593,28.923862,33.83820092349464
squeezed_Nghệ An,2017-08-01,36.375397,20.952131202116618,37.08381,25.600552824996342,42.966705,17.608380915058365,36.6218,47.96713793542974,28.923862,26.63323991793648,25.58182,25.103751668556843
squeezed_Nghệ An,2017-09-01,37.08381,23.16343011691178,42.966705,32.40874598290158,36.6218,39.78505534497101,28.923862,30.221996618498935,25.58182,24.56586396129138,30.625265,28.091273618502882
squeezed_Nghệ An,2017-10-01,42.966705,32.84358359468318,36.6218,37.20651674639302,28.923862,33.09924955323028,25.58182,30.667730083605797,30.625265,34.81137480040815,38.342346,38.54176804468442
squeezed_Nghệ An,2017-11-01,36.6218,41.894527680857564,28.923862,34.64218053010979,25.58182,32.922751684925444,30.625265,42.21575394171314,38.342346,39.53896170498831,41.471714,40.18929627496055
squeezed_Nghệ An,2017-12-01,28.923862,39.04175689424059,25.58182,39.5205007581887,30.625265,39.00796438645896,38.342346,42.06085922452121,41.471714,43.593347390251,34.24075,40.18974686887132
squeezed_Ninh Bình,2016-01-01,60.11961,62.775110556412315,57.39167,68.6147514957209,55.293255,64.98543416846492,65.47057,70.01763844239538,58.126114,72.08582763843012,54.034203,83.71700421209202
squeezed_Ninh Bình,2016-02-01,57.39167,72.51642459820158,55.293255,68.88955960906131,65.47057,81.92088803511712,58.126114,74.35502550590661,54.034203,86.03096348878361,57.07691,75.461658618365
squeezed_Ninh Bình,2016-03-01,55.293255,62.97817699776931,65.47057,66.32827003333486,58.126114,62.32962656786356,54.034203,65.35828012535129,57.07691,64.65711912027724,61.5885,69.95657640637538
squeezed_Ninh Bình,2016-04-01,65.47057,62.843550283961285,58.126114,62.47600767280043,54.034203,60.73368284649034,57.07691,71.20655700856501,61.5885,61.54217755136638,58.86056,79.13691412946402
squeezed_Ninh Bình,2016-05-01,58.126114,67.95336608313679,54.034203,61.19384133808333,57.07691,57.359445810147605,61.5885,53.7373406551033,58.86056,67.31533782984273,56.13262,73.87776754705246
squeezed_Ninh Bình,2016-06-01,54.034203,64.14155237398366,57.07691,55.46857932854868,61.5885,56.52513961720053,58.86056,55.778550635982164,56.13262,62.29793841562946,7.0296926,68.51498108362043
squeezed_Ninh Bình,2016-07-01,57.07691,53.83325846240293,61.5885,53.29851445415371,58.86056,54.67543608333548,56.13262,55.82491549689919,7.0296926,63.459677990328146,45.16263,49.461000445561076
squeezed_Ninh Bình,2016-08-01,61.5885,56.79407931249618,58.86056,56.37549910283485,56.13262,55.35566181269451,7.0296926,52.28494021930163,45.16263,49.82077838294832,55.417442,43.493398411862984
squeezed_Ninh Bình,2016-09-01,58.86056,57.21563446256231,56.13262,57.76753878162937,7.0296926,56.02090024973406,45.16263,51.850762646457504,55.417442,48.27175157914635,55.417442,53.87922760937273
squeezed_Ninh Bình,2016-10-01,56.13262,57.40414178320868,7.0296926,52.568929764935774,45.16263,49.594900685632794,55.417442,50.48916192217152,55.417442,50.74270780102538,51.584835,52.23445720619574
squeezed_Ninh Bình,2016-11-01,7.0296926,54.403973850422325,45.16263,53.78899829754915,55.417442,53.23336636698927,55.417442,50.09747770307328,51.584835,54.80427935048509,53.345764,54.43331664604262
squeezed_Ninh Bình,2016-12-01,45.16263,35.180225698414816,55.417442,29.2552814552177,55.417442,34.00899036304908,51.584835,48.44813001002919,53.345764,38.209138425269416,54.07085,40.73229926328596
squeezed_Ninh Bình,2017-01-01,55.417442,40.16456393694141,55.417442,37.41526708766611,51.584835,40.35445967266323,53.345764,45.19551896203263,54.07085,34.83450030107948,47.130722,36.75459309703404
squeezed_Ninh Bình,2017-02-01,55.417442,51.24629843384782,51.584835,54.30402042804739,53.345764,64.3088416956849,54.07085,50.716649989119695,47.130722,54.9387443119845,44.126785,48.32240609906053
squeezed_Ninh Bình,2017-03-01,51.584835,52.48211313321836,53.345764,84.07637601470829,54.07085,55.38307008460868,47.130722,48.546311952316294,44.126785,51.58187802898211,45.369797,45.88730726605097
squeezed_Ninh Bình,2017-04-01,53.345764,76.10018087042438,54.07085,55.17283847496654,47.130722,53.25472128817748,44.126785,49.473953124682694,45.369797,45.92683725988548,47.54506,42.278110234227285
squeezed_Ninh Bình,2017-05-01,54.07085,54.59534577020457,47.130722,59.457077131548324,44.126785,46.189333293129906,45.369797,57.238003871960785,47.54506,46.16293763875574,32.83613,42.72733004082052
squeezed_Ninh Bình,2017-06-01,47.130722,52.98995776710907,44.126785,54.10494565886054,45.369797,52.71303908355303,47.54506,49.00955425754365,32.83613,48.309198014776946,47.959396,51.4616370114264
squeezed_Ninh Bình,2017-07-01,44.126785,47.71894605863527,45.369797,48.43012999778271,47.54506,48.643810835743366,32.83613,41.568353043226296,47.959396,48.19227886267682,44.83431,48.24219800771119
squeezed_Ninh Bình,2017-08-01,45.369797,46.12890972055268,47.54506,42.61132467511944,32.83613,42.76915368218178,47.959396,50.680451915569456,44.83431,45.35704193508282,52.221195,47.20960598907886
squeezed_Ninh Bình,2017-09-01,47.54506,43.70763544106482,32.83613,44.889050245636945,47.959396,47.035201230545184,44.83431,43.07102615280507,52.221195,43.006651841634,44.218735,49.02249417218233
squeezed_Ninh Bình,2017-10-01,32.83613,44.496539341825944,47.959396,47.77006720933291,44.83431,41.99870195513226,52.221195,43.9848219697656,44.218735,47.99885829326263,43.192776,48.97736965591555
squeezed_Ninh Bình,2017-11-01,47.959396,46.12386041652542,44.83431,38.797982132708725,52.221195,46.207704213230635,44.218735,45.22555566510326,43.192776,43.270120138183096,44.83431,45.377126142445945
squeezed_Ninh Bình,2017-12-01,44.83431,41.93735102144593,52.221195,45.13094281435879,44.218735,46.14185872221026,43.192776,48.85926906655637,44.83431,46.779755308434424,40.73048,50.432776356558016
squeezed_Ninh Thuận,2016-01-01,49.883606,31.456384766721115,76.15564,50.96336430283166,20.286,62.249846804743036,30.26272,58.14457711482589,45.72664,59.507300597214815,37.412704,47.15286541494593
squeezed_Ninh Thuận,2016-02-01,76.15564,44.51384495447405,20.286,52.48672984733277,30.26272,64.92292159435691,45.72664,62.475260893433024,37.412704,53.983827155107015,28.101097,55.040314760417004
squeezed_Ninh Thuận,2016-03-01,20.286,66.71250359687082,30.26272,90.97347975944612,45.72664,66.31714834602681,37.412704,60.85703700792729,28.101097,53.88847362540216,20.951115,81.04962192712733
squeezed_Ninh Thuận,2016-04-01,30.26272,66.59472272368727,45.72664,54.789635592960025,37.412704,49.93790185012463,28.101097,58.983826314038346,20.951115,50.21814476519885,34.08713,54.226950121703204
squeezed_Ninh Thuận,2016-05-01,45.72664,33.40632967330835,37.412704,40.54439804901302,28.101097,48.484913626773924,20.951115,43.52443099543962,34.08713,58.06400546486976,24.609245,84.1278374545276
squeezed_Ninh Thuận,2016-06-01,37.412704,40.376298066254215,28.101097,37.241860461095385,20.951115,44.898217954483265,34.08713,62.81446063637411,24.609245,72.49647430684455,24.609245,64.81716471383952
squeezed_Ninh Thuận,2016-07-01,28.101097,35.90839053118605,20.951115,49.11962084221892,34.08713,62.796934248054036,24.609245,59.02105441810349,24.609245,66.5652161991046,28.185856,52.275245780881335
squeezed_Ninh Thuận,2016-08-01,20.951115,36.866796360120084,34.08713,51.66428673898367,24.609245,73.8286787075535,24.609245,77.85301127157771,28.185856,66.32168448986465,40.65596,47.50771543555176
squeezed_Ninh Thuận,2016-09-01,34.08713,50.40444563144853,24.609245,46.79442385664844,24.609245,67.41972754073528,28.185856,28.625723147518283,40.65596,41.223524409742616,47.488895,36.42611587651291
squeezed_Ninh Thuận,2016-10-01,24.609245,41.59597710141077,24.609245,50.66606860148427,28.185856,36.56730957099357,40.65596,37.53953538973365,47.488895,35.92115599635042,46.12231,64.69459044906387
squeezed_Ninh Thuận,2016-11-01,24.609245,35.172740825677444,28.185856,24.773290561838827,40.65596,30.941792137052982,47.488895,29.613900649757348,46.12231,62.04858753685178,37.581142,45.42761667214675
squeezed_Ninh Thuận,2016-12-01,28.185856,27.355252027553174,40.65596,28.7762160987976,47.488895,41.32570222424402,46.12231,53.90083147965145,37.581142,45.657608110447164,34.677143,43.492136278389076
squeezed_Ninh Thuận,2017-01-01,40.65596,37.77309391686678,47.488895,31.016235338823517,46.12231,58.713632491766326,37.581142,38.44845351632842,34.677143,47.069323206331724,29.552443,45.554383253658024
squeezed_Ninh Thuận,2017-02-01,47.488895,28.665200622580805,46.12231,62.13426608379467,37.581142,45.46754116264344,34.677143,45.93728787004109,29.552443,46.86682465089106,40.826786,57.10027077182895
squeezed_Ninh Thuận,2017-03-01,46.12231,53.677942833079314,37.581142,53.753753704656205,34.677143,53.40916445587416,29.552443,48.867140149847316,40.826786,49.09801967469446,30.91903,51.94953507090614
squeezed_Ninh Thuận,2017-04-01,37.581142,48.36747507146309,34.677143,45.80065990965405,29.552443,38.95031178474255,40.826786,31.813026742544384,30.91903,54.06593531770568,32.11479,40.802383724772085
squeezed_Ninh Thuận,2017-05-01,34.677143,35.41357011029543,29.552443,34.082542489875664,40.826786,31.80075621992883,30.91903,73.72783500831018,32.11479,51.447704835642014,27.84421,37.19341542115754
squeezed_Ninh Thuận,2017-06-01,29.552443,32.494088223103056,40.826786,28.68587526686203,30.91903,48.52355069459996,32.11479,41.14691908515405,27.84421,32.73355562882225,0.0,43.684060479552244
squeezed_Ninh Thuận,2017-07-01,40.826786,32.64434759518914,30.91903,44.196160846013605,32.11479,35.205255978288534,27.84421,38.57594362658952,0.0,45.20322705005078,15.622347,28.931494159499564
squeezed_Ninh Thuận,2017-08-01,30.91903,28.56305083722662,32.11479,45.06905856772371,27.84421,34.53582189178579,0.0,30.277910494376172,15.622347,35.02072296502318,10.188487,34.80441469626533
squeezed_Ninh Thuận,2017-09-01,32.11479,34.10162498355199,27.84421,36.59057051389042,0.0,32.293716224587335,15.622347,24.237741486108032,10.188487,35.739728864673864,20.886398,33.88407517608372
squeezed_Ninh Thuận,2017-10-01,27.84421,30.291786544092247,0.0,42.66883592873404,15.622347,28.871653860501066,10.188487,40.24304676023245,20.886398,36.0359961511051,29.716421,32.01084513427122
squeezed_Ninh Thuận,2017-11-01,0.0,37.36915857284213,15.622347,26.729890975729667,10.188487,28.221322902935405,20.886398,35.06138507602419,29.716421,38.08732313187122,24.112753,44.48943453144954
squeezed_Ninh Thuận,2017-12-01,15.622347,36.87740668987756,10.188487,22.76993495157369,20.886398,29.84106510768705,29.716421,31.665659172879703,24.112753,29.655272171541924,36.338936,41.127557228406765
squeezed_Phú Thọ,2016-01-01,19.758268,21.75945804005417,19.61352,24.166219351447282,21.49526,28.48197424809208,21.278135,33.540036027960824,19.251646,37.47467855360298,21.784758,35.034577065805465
squeezed_Phú Thọ,2016-02-01,19.61352,28.463563256122914,21.49526,29.810332037867788,21.278135,35.600504667087826,19.251646,35.505956436124904,21.784758,35.91206797387692,20.843887,34.21173147957442
squeezed_Phú Thọ,2016-03-01,21.49526,25.992996812632875,21.278135,27.50940607871427,19.251646,30.875494211147554,21.784758,37.872713587877996,20.843887,27.7267671342159,19.396397,27.305385259183495
squeezed_Phú Thọ,2016-04-01,21.278135,22.829004208578922,19.251646,25.98178532189519,21.784758,27.329197763017458,20.843887,19.25177446649644,19.396397,23.26894859204328,21.205761,21.075148097207546
squeezed_Phú Thọ,2016-05-01,19.251646,22.489660635950226,21.784758,19.012514029633657,20.843887,18.177305058026953,19.396397,22.417767671641574,21.205761,24.024947194126607,19.541145,26.95684748866448
squeezed_Phú Thọ,2016-06-01,21.784758,22.23829133055198,20.843887,16.245665056883194,19.396397,18.51771384088566,21.205761,22.37224159699914,19.541145,22.164623962761603,7.8888326,26.27799885685112
squeezed_Phú Thọ,2016-07-01,20.843887,15.466467663316001,19.396397,23.97163981229133,21.205761,19.432035258093784,19.541145,24.302130380095257,7.8888326,23.319365519245025,16.288012,23.190957996539925
squeezed_Phú Thọ,2016-08-01,19.396397,23.550050798194626,21.205761,19.670627673618377,19.541145,20.568178585587987,7.8888326,20.91335979435103,16.288012,19.657704026912246,15.309333,21.382253922137938
squeezed_Phú Thọ,2016-09-01,21.205761,21.323222283728906,19.541145,21.17923192025193,7.8888326,18.83340639950995,16.288012,18.040919869963272,15.309333,28.61766118799727,15.588955,28.14824252218567
squeezed_Phú Thọ,2016-10-01,19.541145,17.46375354653874,7.8888326,22.529679435569342,16.288012,17.160112493384425,15.309333,21.907233876540495,15.588955,27.169657772860603,12.443202,26.100077302328206
squeezed_Phú Thọ,2016-11-01,7.8888326,22.670334110674062,16.288012,16.523174342509606,15.309333,20.856421883063483,15.588955,21.876433003861884,12.443202,27.748336609446056,13.421881,30.29396184753295
squeezed_Phú Thọ,2016-12-01,16.288012,20.4226960224388,15.309333,9.282700952928755,15.588955,13.817729412484466,12.443202,10.409857464407358,13.421881,19.734278296909913,15.728766,27.248549094411295
squeezed_Phú Thọ,2017-01-01,15.309333,16.151228897108265,15.588955,21.49568429387646,12.443202,18.50712898984696,13.421881,28.736847312361334,15.728766,24.68615336933486,13.072352,31.76416125223693
squeezed_Phú Thọ,2017-02-01,15.588955,19.56391991201576,12.443202,18.353215605104594,13.421881,20.399709970611546,15.728766,29.134213686263525,13.072352,27.46758218231145,13.072352,30.334271511819292
squeezed_Phú Thọ,2017-03-01,12.443202,20.360939990983304,13.421881,21.046052212750553,15.728766,30.924994774285228,13.072352,27.87805902113999,13.072352,31.5739101623067,11.324712,25.41011774805693
squeezed_Phú Thọ,2017-04-01,13.421881,17.210929109266086,15.728766,17.731971221631298,13.072352,23.428996184631533,13.072352,24.26673926409584,11.324712,19.58692432810947,14.819993,19.36664170884863
squeezed_Phú Thọ,2017-05-01,15.728766,15.18804243885088,13.072352,19.213279721284742,13.072352,11.586708507244188,11.324712,16.131798593984115,14.819993,15.773072645879617,14.540371,58.522160947909505
squeezed_Phú Thọ,2017-06-01,13.072352,17.23515032273577,13.072352,16.051365281966387,11.324712,16.846363646606648,14.819993,16.165583455934094,14.540371,32.53903630183725,14.819993,31.463270162063875
squeezed_Phú Thọ,2017-07-01,13.072352,12.63173099987508,11.324712,16.4397434865128,14.819993,11.090495152491439,14.540371,15.166575615323143,14.819993,34.722719812045604,14.41777,32.55295818383858
squeezed_Phú Thọ,2017-08-01,11.324712,12.431418246542517,14.819993,13.058514841439392,14.540371,13.332744147718275,14.819993,33.21569531175194,14.41777,41.13620007824435,10.761589,25.954373635633722
squeezed_Phú Thọ,2017-09-01,14.819993,12.667074178141503,14.540371,17.64437320717047,14.819993,32.92389048887079,14.41777,20.935541148652643,10.761589,24.185547534391592,14.693708,26.72205598441612
squeezed_Phú Thọ,2017-10-01,14.540371,16.036112128112922,14.819993,38.18655905209946,14.41777,25.880723929246614,10.761589,25.01410373542573,14.693708,27.952589903407727,12.969095,26.093407693735468
squeezed_Phú Thọ,2017-11-01,14.819993,30.203701599831753,14.41777,16.775069711897938,10.761589,22.463897822255127,14.693708,26.443748539239735,12.969095,27.211871864865298,12.90011,28.21016784333661
squeezed_Phú Thọ,2017-12-01,14.41777,24.509796943628555,10.761589,21.14137141253418,14.693708,23.28353934978093,12.969095,24.61065840669775,12.90011,29.76732108431837,13.038079,25.714626207718347
squeezed_Phú Yên,2016-01-01,36.246387,37.040111929113664,39.69313,37.60028748810494,29.908829,38.77627615332408,42.139202,40.94684229321518,49.47743,50.26779263300291,30.353569,41.31722736329421
squeezed_Phú Yên,2016-02-01,39.69313,42.83962775401403,29.908829,40.11849602904869,42.139202,47.21408486841816,49.47743,57.64945475987675,30.353569,40.9537179888848,30.131199,38.8047015239967
squeezed_Phú Yên,2016-03-01,29.908829,38.76874619276275,42.139202,50.389289572977745,49.47743,55.405329875736264,30.353569,42.6958795679075,30.131199,33.75191635990807,45.141205,55.272507011515465
squeezed_Phú Yên,2016-04-01,42.139202,34.984927480978634,49.47743,59.54775487138402,30.353569,40.80973135472074,30.131199,28.405063693158468,45.141205,43.004779690235345,43.028687,36.075085481817815
squeezed_Phú Yên,2016-05-01,49.47743,50.257462532019424,30.353569,29.913494990954895,30.131199,38.54937434628356,45.141205,42.39630490190269,43.028687,26.664323280142362,36.246387,33.125319026212004
squeezed_Phú Yên,2016-06-01,30.353569,34.492134243140505,30.131199,37.51469319548785,45.141205,45.574770347447505,43.028687,32.13128870304996,36.246387,49.534145044461425,36.246387,42.78338688785224
squeezed_Phú Yên,2016-07-01,30.131199,32.558700243457075,45.141205,42.120685586423434,43.028687,34.21527967288913,36.246387,37.71525880624557,36.246387,44.19807926842534,0.0,32.995408848955535
squeezed_Phú Yên,2016-08-01,45.141205,30.671177549306464,43.028687,30.356539772176276,36.246387,46.06621956607097,36.246387,33.84029790039415,0.0,33.90541100656362,29.885057,43.36539272893063
squeezed_Phú Yên,2016-09-01,43.028687,31.18718418728216,36.246387,35.211277790998366,36.246387,40.37703484430798,0.0,40.787157337728004,29.885057,41.042628778558345,46.666668,37.864821999651795
squeezed_Phú Yên,2016-10-01,36.246387,43.689848844834074,36.246387,36.545842172403916,0.0,34.22956530949027,29.885057,34.8797522241387,46.666668,38.61932687768222,48.735634,37.60575942427466
squeezed_Phú Yên,2016-11-01,36.246387,41.08007190433129,0.0,34.40717813316898,29.885057,31.996180256531897,46.666668,34.77991098047516,48.735634,40.59984394483266,0.0,38.91500485475149
squeezed_Phú Yên,2016-12-01,0.0,39.63119381095701,29.885057,35.02000574994255,46.666668,43.64909828620127,48.735634,40.52719784661224,0.0,38.5180484299249,27.586206,38.222773077854704
squeezed_Phú Yên,2017-01-01,29.885057,18.339400252634317,46.666668,22.97815052614372,48.735634,31.674487212341052,0.0,29.188949289674653,27.586206,29.22730673633367,35.517242,28.253044414472274
squeezed_Phú Yên,2017-02-01,46.666668,38.53367796465809,48.735634,38.81079063069528,0.0,21.03692293543505,27.586206,32.142784242530716,35.517242,29.48567388437562,0.0,27.825559462192555
squeezed_Phú Yên,2017-03-01,48.735634,46.63447645152933,0.0,39.95707399765643,27.586206,38.323840025481324,35.517242,39.88415262327479,0.0,54.710863801768774,34.712643,49.92885222280739
squeezed_Phú Yên,2017-04-01,0.0,42.23146672904005,27.586206,43.871275190368245,35.517242,36.04667066918376,0.0,40.52126031972398,34.712643,45.397368603933735,45.287357,34.08840695334878
squeezed_Phú Yên,2017-05-01,27.586206,33.86113347361879,35.517242,34.69735630274993,0.0,25.68093735956143,34.712643,54.28478666328138,45.287357,37.35270680035935,32.183907,29.816718048889083
squeezed_Phú Yên,2017-06-01,35.517242,23.723497682657097,0.0,18.67358679372392,34.712643,29.041141956502972,45.287357,33.61779173924967,32.183907,41.859714932042145,31.83908,35.00140319098769
squeezed_Phú Yên,2017-07-01,0.0,32.03110596346326,34.712643,57.08385586680267,45.287357,27.25844751659842,32.183907,39.46960363497871,31.83908,36.401541016301294,0.0,39.55344017928888
squeezed_Phú Yên,2017-08-01,34.712643,32.610475663532114,45.287357,34.93951559686377,32.183907,16.64357542828242,31.83908,16.58244140404615,0.0,31.51249883350145,33.73494,17.50424272196861
squeezed_Phú Yên,2017-09-01,45.287357,28.263066656836774,32.183907,46.20114594816952,31.83908,33.47359556845592,0.0,32.92451465141019,33.73494,28.723231617234426,39.12794,28.389963806484097
squeezed_Phú Yên,2017-10-01,32.183907,37.796747159089534,31.83908,30.078500329803123,0.0,28.84689298724704,33.73494,29.42966819482307,39.12794,31.563427300994118,0.0,32.5514996204252
squeezed_Phú Yên,2017-11-01,31.83908,46.04013375416622,0.0,33.81494105547833,33.73494,30.02668293089891,39.12794,37.7908057170689,0.0,29.5822466938273,38.095238,53.479498347975074
squeezed_Phú Yên,2017-12-01,0.0,39.192928297056255,33.73494,22.754414813810385,39.12794,30.46526763433145,0.0,41.52054448046674,38.095238,49.03960086084859,35.22662,42.96650693997507
squeezed_Quảng Bình,2016-01-01,36.344994,47.2719834412403,42.839237,51.71067039126157,48.535946,60.37324758153511,49.67529,61.93188994383135,52.75151,59.534019125769305,55.7138,59.25271726396736
squeezed_Quảng Bình,2016-02-01,42.839237,52.74422084169294,48.535946,56.28965629408353,49.67529,69.6832167984129,52.75151,61.098363800320826,55.7138,64.24130900600252,57.650677,51.59290863196774
squeezed_Quảng Bình,2016-03-01,48.535946,48.40706657869166,49.67529,62.77286614776182,52.75151,57.775308507248845,55.7138,55.364591793023415,57.650677,47.20924590462593,54.91626,79.41629228565424
squeezed_Quảng Bình,2016-04-01,49.67529,64.92211078768314,52.75151,58.27802738072731,55.7138,51.19297002026071,57.650677,54.66982274578981,54.91626,79.69155221722667,61.980175,132.49757222614474
squeezed_Quảng Bình,2016-05-01,52.75151,59.5268594485974,55.7138,54.50236201986829,57.650677,57.2123345940926,54.91626,57.87039341410145,61.980175,118.0515446137785,54.802322,87.01619069194001
squeezed_Quảng Bình,2016-06-01,55.7138,58.05169448360079,57.650677,46.425216075214735,54.91626,62.56484741362853,61.980175,81.26472181719713,54.802322,67.63125300265935,17.090122,46.4330331368445
squeezed_Quảng Bình,2016-07-01,57.650677,48.15551982026529,54.91626,66.3192130814612,61.980175,57.893589442781554,54.802322,63.56361886748256,17.090122,53.77889893368974,29.581121,40.00302872427951
squeezed_Quảng Bình,2016-08-01,54.91626,67.58138112620878,61.980175,56.936381148818185,54.802322,54.51252204970958,17.090122,60.673648340570466,29.581121,49.08547968129863,38.049,40.22729710342255
squeezed_Quảng Bình,2016-09-01,61.980175,60.63918768411011,54.802322,48.94635834562661,17.090122,57.3697056681073,29.581121,45.2240587436135,38.049,46.81582138689765,0.0,54.37113505229512
squeezed_Quảng Bình,2016-10-01,54.802322,55.67578412800574,17.090122,54.99909235732703,29.581121,52.114091340669475,38.049,46.46905351399621,0.0,52.55389599942326,0.0,54.650893802442404
squeezed_Quảng Bình,2016-11-01,17.090122,61.642167656068814,29.581121,49.974066201138086,38.049,47.64117010812453,0.0,52.4832315870787,0.0,52.054506024324006,38.161907,55.29443386243621
squeezed_Quảng Bình,2016-12-01,29.581121,39.146507229952995,38.049,29.87003201952465,0.0,36.73602904308743,0.0,44.03228997642147,38.161907,47.51426956992071,49.90403,50.42710766516764
squeezed_Quảng Bình,2017-01-01,38.049,31.027166964717,0.0,30.20242476836591,0.0,28.378447684529313,38.161907,41.27477465961955,49.90403,54.19407032535164,56.56543,37.20280267867022
squeezed_Quảng Bình,2017-02-01,0.0,42.05670896388217,0.0,45.231421607772184,38.161907,49.55804506483925,49.90403,57.98803101799921,56.56543,55.77414980169297,0.0,46.42812494389747
squeezed_Quảng Bình,2017-03-01,0.0,28.72520444752554,38.161907,29.22390286335367,49.90403,37.49659624119716,56.56543,32.72935686859719,0.0,21.48738368084335,0.0,35.523413529558205
squeezed_Quảng Bình,2017-04-01,38.161907,17.474114905691025,49.90403,33.196914505610785,56.56543,21.616574252328945,0.0,20.604544015606415,0.0,34.29931490960427,0.0,14.972688197011804
squeezed_Quảng Bình,2017-05-01,49.90403,31.979681278065986,56.56543,42.20182789434111,0.0,24.062557679510018,0.0,31.270793690594388,0.0,19.847664332784817,0.0,26.325297230040334
squeezed_Quảng Bình,2017-06-01,56.56543,54.83226233453768,0.0,39.07259216430265,0.0,42.668561367295275,0.0,31.907678838942942,0.0,36.53019963525954,0.0,51.356307950987585
squeezed_Quảng Bình,2017-07-01,0.0,40.09839177654433,0.0,39.61307757018122,0.0,39.98593666538276,0.0,40.911129382920706,0.0,46.03448739315097,0.0,23.91517607895678
squeezed_Quảng Bình,2017-08-01,0.0,29.84572765777077,0.0,36.72433231326388,0.0,21.826968262809412,0.0,33.204215474621314,0.0,16.35470482812009,0.0,11.42904861428859
squeezed_Quảng Bình,2017-09-01,0.0,16.03723336125185,0.0,18.233064160876022,0.0,23.0583585365132,0.0,12.965244236297039,0.0,-0.05758272708755155,0.0,16.53046885147977
squeezed_Quảng Bình,2017-10-01,0.0,11.622367028796779,0.0,17.986364779997704,0.0,7.579294001721856,0.0,10.592031048158047,0.0,24.37541889578937,0.0,38.949058431226646
squeezed_Quảng Bình,2017-11-01,0.0,20.609832800376445,0.0,5.820413191854872,0.0,-0.11234140683939065,0.0,39.24058773254488,0.0,37.76732663086432,0.0,26.903153688613667
squeezed_Quảng Bình,2017-12-01,0.0,18.72466099337413,0.0,10.842702583309604,0.0,35.52553466673857,0.0,44.23761539438825,0.0,29.07065960371102,0.0,16.825330943151997
squeezed_Quảng Nam,2016-01-01,68.36056,82.395293704662,71.38536,98.78731764879333,76.35948,90.73878722429095,88.66035,86.32851932541986,90.87854,85.5519338601808,87.04712,94.23442123674623
squeezed_Quảng Nam,2016-02-01,71.38536,93.9339180526392,76.35948,86.66777820673047,88.66035,89.33309321944782,90.87854,80.73543601959877,87.04712,87.53584569426792,91.55071,77.39827970033325
squeezed_Quảng Nam,2016-03-01,76.35948,84.2482367385346,88.66035,89.32602072034848,90.87854,85.65000107585712,87.04712,93.61955027898824,91.55071,74.592079800278,65.671844,74.66280871549516
squeezed_Quảng Nam,2016-04-01,88.66035,87.7383310473641,90.87854,85.39549224132516,87.04712,88.71818285878808,91.55071,72.1849888271581,65.671844,71.55962560933703,64.19305,65.62885036251538
squeezed_Quảng Nam,2016-05-01,90.87854,93.82707856635854,87.04712,87.38296592139655,91.55071,78.66132978300121,65.671844,82.44159156231795,64.19305,76.20944335816053,68.42777,64.00406046557417
squeezed_Quảng Nam,2016-06-01,87.04712,94.01660882652648,91.55071,75.14950382435113,65.671844,82.89883930434884,64.19305,82.42199294482512,68.42777,68.27365459157915,1.7476642,93.47410787696683
squeezed_Quảng Nam,2016-07-01,91.55071,72.8454617548076,65.671844,72.85346427412262,64.19305,71.15302708717391,68.42777,74.48014710260146,1.7476642,84.4849709699318,71.260025,64.06679631433036
squeezed_Quảng Nam,2016-08-01,65.671844,82.47444684333391,64.19305,76.03235392282636,68.42777,74.39166122614803,1.7476642,77.67332442274912,71.260025,69.6516008439791,68.29367,66.13205714661541
squeezed_Quảng Nam,2016-09-01,64.19305,74.37574646254377,68.42777,70.8604046784529,1.7476642,76.09547937436963,71.260025,54.67791798208514,68.29367,61.33937312406823,71.05778,75.59842659995716
squeezed_Quảng Nam,2016-10-01,68.42777,70.8778327004002,1.7476642,73.54360685637434,71.260025,62.37962671665271,68.29367,67.22398189840733,71.05778,76.51193639365701,67.08016,73.75167578706295
squeezed_Quảng Nam,2016-11-01,1.7476642,81.70070116087271,71.260025,69.66195257498164,68.29367,65.80358651797835,71.05778,76.28639337357379,67.08016,80.38611052499446,74.56348,73.95474337935633
squeezed_Quảng Nam,2016-12-01,71.260025,64.46854052108272,68.29367,38.07587213677994,71.05778,36.57207127643027,67.08016,37.997255498001735,74.56348,54.50006331258795,62.1587,44.10787193192752
squeezed_Quảng Nam,2017-01-01,68.29367,60.30451827982292,71.05778,63.58759322212699,67.08016,79.63589625970778,74.56348,74.05347768609293,62.1587,66.02134354126807,65.529564,58.19957997738243
squeezed_Quảng Nam,2017-02-01,71.05778,70.26044759490792,67.08016,78.76366339948393,74.56348,75.86400935776831,62.1587,73.50383408154254,65.529564,67.50376475661976,62.226116,61.02272310965198
squeezed_Quảng Nam,2017-03-01,67.08016,74.46931371708226,74.56348,66.27167771490755,62.1587,68.63666852442582,65.529564,71.46493313204034,62.226116,79.16030519945481,64.922806,78.0960005347053
squeezed_Quảng Nam,2017-04-01,74.56348,72.83001978664464,62.1587,72.51630541367389,65.529564,61.8515207008949,62.226116,62.592968120605754,64.922806,64.52548140742554,56.96757,49.8822001859078
squeezed_Quảng Nam,2017-05-01,62.1587,78.0193261040499,65.529564,71.71961359499022,62.226116,76.23648360751359,64.922806,67.98379954420278,56.96757,61.44009679800903,55.82148,52.74464800758893
squeezed_Quảng Nam,2017-06-01,65.529564,62.6106513609488,62.226116,75.6804216203682,64.922806,67.56182731201214,56.96757,58.800102185401116,55.82148,59.56154354109108,64.65314,80.97598566741401
squeezed_Quảng Nam,2017-07-01,62.226116,63.398626264002395,64.922806,73.03927208238542,56.96757,61.07250353015907,55.82148,70.69510627704967,64.65314,74.28207089781223,48.094982,54.00713358278125
squeezed_Quảng Nam,2017-08-01,64.922806,64.03517355909753,56.96757,63.379514959955145,55.82148,57.55862226302192,64.65314,64.30297125768915,48.094982,54.48561295018196,52.3209,52.509080302510114
squeezed_Quảng Nam,2017-09-01,56.96757,64.17592840257747,55.82148,59.53789622094584,64.65314,67.0540854682154,48.094982,52.11832247937264,52.3209,55.71736269415781,58.35793,60.45694148897734
squeezed_Quảng Nam,2017-10-01,55.82148,69.44861493118896,64.65314,75.63371329742985,48.094982,54.12042946318219,52.3209,58.277406608498055,58.35793,63.848217843529,58.827477,60.56030052414662
squeezed_Quảng Nam,2017-11-01,64.65314,94.12191969276195,48.094982,52.341739584808934,52.3209,49.43831467769841,58.35793,49.888265830658064,58.827477,58.51532167775705,60.37027,60.94947608388466
squeezed_Quảng Nam,2017-12-01,48.094982,46.4250605619534,52.3209,44.855333756464795,58.35793,54.42506330144396,58.827477,56.807007008845886,60.37027,64.18615808924092,57.351757,67.1915890458749
squeezed_Quảng Ngãi,2016-01-01,49.70036,50.09252381661988,47.54295,48.656377876169536,53.53576,58.221397404857015,49.061127,53.06095049314109,49.620457,49.237076756663996,51.538155,53.07906282535583
squeezed_Quảng Ngãi,2016-02-01,47.54295,52.585535489509674,53.53576,54.15730960401983,49.061127,51.66354954668453,49.620457,50.76963137903984,51.538155,55.04669594149344,58.96924,68.391785673747
squeezed_Quảng Ngãi,2016-03-01,53.53576,52.46031080733618,49.061127,56.12580916451941,49.620457,51.45672832177515,51.538155,53.3177347095923,58.96924,65.13413840424819,50.819016,52.37775806500725
squeezed_Quảng Ngãi,2016-04-01,49.061127,55.98426859528924,49.620457,56.607881694684544,51.538155,62.072369154240405,58.96924,59.03544026871192,50.819016,55.84600289568351,61.60607,74.87139458299698
squeezed_Quảng Ngãi,2016-05-01,49.620457,54.56751650659359,51.538155,51.76856267595243,58.96924,59.867135735143904,50.819016,62.72992320563302,61.60607,73.1654496304079,47.063522,39.82174924455848
squeezed_Quảng Ngãi,2016-06-01,51.538155,61.31258392335386,58.96924,47.10337645124839,50.819016,44.70037354468832,61.60607,53.93383705744782,47.063522,43.69319504472621,40.671196,41.107171562490414
squeezed_Quảng Ngãi,2016-07-01,58.96924,42.99495543384987,50.819016,48.3983237435952,61.60607,49.60765781010378,47.063522,49.20017742394721,40.671196,47.67718591383104,53.462444,44.716833777770795
squeezed_Quảng Ngãi,2016-08-01,50.819016,51.86261836009819,61.60607,55.03714334233481,47.063522,45.99249248002746,40.671196,51.30682994641127,53.462444,43.17170834564753,50.207504,44.59263649663055
squeezed_Quảng Ngãi,2016-09-01,61.60607,47.63635794290411,47.063522,46.39140217994814,40.671196,47.601757520375145,53.462444,41.61302246426516,50.207504,37.11745693832338,52.89283,52.294915078892764
squeezed_Quảng Ngãi,2016-10-01,47.063522,52.87423328754558,40.671196,52.499181636452214,53.462444,45.29314712535829,50.207504,45.893660360181,52.89283,50.904210063408584,0.0,48.71973997040007
squeezed_Quảng Ngãi,2016-11-01,40.671196,46.10663941237982,53.462444,48.62860978992341,50.207504,42.44507872980523,52.89283,46.085419074393116,0.0,43.44806400355586,52.567337,47.70623591085561
squeezed_Quảng Ngãi,2016-12-01,53.462444,43.24692242252322,50.207504,41.45648183140359,52.89283,44.10716822074669,0.0,45.942326928948006,52.567337,45.48317919417613,61.437057,47.32400152191185
squeezed_Quảng Ngãi,2017-01-01,50.207504,48.53092495505931,52.89283,53.66462185118362,0.0,49.313528190324526,52.567337,53.18657884458306,61.437057,45.98453000807469,0.0,47.596560353675684
squeezed_Quảng Ngãi,2017-02-01,52.89283,55.81147407779711,0.0,44.78452314474874,52.567337,50.14201361111808,61.437057,52.80639161159854,0.0,48.125923873433194,0.0,52.005797992719856
squeezed_Quảng Ngãi,2017-03-01,0.0,52.20802782679536,52.567337,50.514462094914556,61.437057,54.37924600971246,0.0,54.561530614121146,0.0,48.13377436183132,71.44601,61.73282384657626
squeezed_Quảng Ngãi,2017-04-01,52.567337,40.41361369488416,61.437057,32.98514166758435,0.0,25.27578196860479,0.0,29.428174957334953,71.44601,24.223511777854345,47.847668,35.4994117881545
squeezed_Quảng Ngãi,2017-05-01,61.437057,42.866351189376665,0.0,44.5032734726301,0.0,55.80835993092899,71.44601,66.59633492375403,47.847668,41.421138249257794,49.800636,37.945201361739265
squeezed_Quảng Ngãi,2017-06-01,0.0,48.45854823760617,0.0,78.24012042922242,71.44601,70.28124097829765,47.847668,56.81311261001233,49.800636,44.25131619565051,34.909267,42.51347929147167
squeezed_Quảng Ngãi,2017-07-01,0.0,37.20225855144649,71.44601,59.77237003103438,47.847668,24.002559559882354,49.800636,33.01944597517122,34.909267,32.016923556319334,47.54165,29.475747156543264
squeezed_Quảng Ngãi,2017-08-01,71.44601,14.971480988809693,47.847668,19.286493822580475,49.800636,10.503100546286802,34.909267,5.665188341081292,47.54165,13.547821983093934,40.065014,11.98636134969528
squeezed_Quảng Ngãi,2017-09-01,47.847668,47.69745551622573,49.800636,48.64961456196716,34.909267,34.118016038908905,47.54165,41.32316856576595,40.065014,34.49378411486343,53.718002,48.14205960440582
squeezed_Quảng Ngãi,2017-10-01,49.800636,43.28388265533751,34.909267,44.69458105672832,47.54165,35.41248321958595,40.065014,39.041647895366474,53.718002,37.71851247032416,59.406746,59.63092475005522
squeezed_Quảng Ngãi,2017-11-01,34.909267,44.151791968711294,47.54165,38.61968540707645,40.065014,30.97525956764954,53.718002,42.149804315079344,59.406746,51.158470134449395,54.44941,51.677087448666356
squeezed_Quảng Ngãi,2017-12-01,47.54165,36.44236437195654,40.065014,30.149352815208537,53.718002,48.90048342118268,59.406746,62.91869385699606,54.44941,50.997655167544345,50.629826,56.68922556162459
squeezed_Quảng Ninh,2016-01-01,14.698677,10.36324645952654,25.804344,20.18931252072779,19.761555,19.387720341055072,17.393435,23.3949940477826,17.148457,38.94102304728415,17.066797,33.697231939136195
squeezed_Quảng Ninh,2016-02-01,25.804344,17.836549632694176,19.761555,21.60096480498405,17.393435,26.561575954290767,17.148457,25.425226036024586,17.066797,43.70498268898542,21.721378,22.939050872593203
squeezed_Quảng Ninh,2016-03-01,19.761555,23.089414209350355,17.393435,43.47033005393583,17.148457,29.875288414401034,17.066797,32.88242269751856,21.721378,17.885194247670594,18.128368,21.80485516245129
squeezed_Quảng Ninh,2016-04-01,17.393435,40.13333558528118,17.148457,27.919087262550953,17.066797,19.77784445758256,21.721378,22.532918130041384,18.128368,20.529828736842216,16.74016,20.454147623511677
squeezed_Quảng Ninh,2016-05-01,17.148457,18.869826468190976,17.066797,20.729558240381543,21.721378,16.7846882303384,18.128368,17.841465406367057,16.74016,23.353927165505862,16.495182,21.390571998017396
squeezed_Quảng Ninh,2016-06-01,17.066797,19.899164148130637,21.721378,15.460678790841976,18.128368,16.92510959856398,16.74016,23.252484097222872,16.495182,19.41073735429623,0.24497795,21.425020422091265
squeezed_Quảng Ninh,2016-07-01,21.721378,14.464490064365878,18.128368,14.784694448774902,16.74016,14.440561939265965,16.495182,18.987791710040025,0.24497795,21.217941663814575,15.250545,22.252311822863597
squeezed_Quảng Ninh,2016-08-01,18.128368,17.13191196995799,16.74016,19.73364912830698,16.495182,19.740380875821764,0.24497795,14.788738683862887,15.250545,17.374823517431388,14.550264,19.37772939602084
squeezed_Quảng Ninh,2016-09-01,16.74016,18.662393837527972,16.495182,17.88096840990347,0.24497795,14.949129842767245,15.250545,16.62589668259985,14.550264,25.639365910999352,17.81824,20.140006265303427
squeezed_Quảng Ninh,2016-10-01,16.495182,15.450504892635728,0.24497795,18.871741239989706,15.250545,17.26362033895049,14.550264,21.455543323565816,17.81824,17.160012139663564,13.538749,14.836833027056885
squeezed_Quảng Ninh,2016-11-01,0.24497795,15.932833463687327,15.250545,16.480441624496194,14.550264,17.479594346768398,17.81824,15.342164595219867,13.538749,17.790417500354074,14.628074,18.25674486115665
squeezed_Quảng Ninh,2016-12-01,15.250545,44.68407984911837,14.550264,6.1341930349144995,17.81824,3.1645692544728883,13.538749,-6.720860592709365,14.628074,-9.814942435469687,17.740429,15.55003882897753
squeezed_Quảng Ninh,2017-01-01,14.550264,13.969672504522578,17.81824,18.460224743424423,13.538749,12.495630675970778,14.628074,20.61133710532092,17.740429,5.3976731337411366,22.253345,12.19047555778808
squeezed_Quảng Ninh,2017-02-01,17.81824,21.36450587090235,13.538749,19.667655604760487,14.628074,21.232110327028423,17.740429,28.48700645008871,22.253345,29.536680166290374,17.584812,18.760995237841854
squeezed_Quảng Ninh,2017-03-01,13.538749,14.64539791733917,14.628074,17.819335405445557,17.740429,21.654573558175137,22.253345,22.429779800973215,17.584812,19.29397790808795,18.674137,21.982027737459706
squeezed_Quảng Ninh,2017-04-01,14.628074,12.58186816731862,17.740429,23.277972323990785,22.253345,17.047210216306247,17.584812,18.890604980659752,18.674137,16.208913892401977,16.962341,20.10506713368742
squeezed_Quảng Ninh,2017-05-01,17.740429,19.428452910351407,22.253345,16.538071608655454,17.584812,14.361367397136526,18.674137,15.092787924505094,16.962341,14.92333047154007,15.250545,19.641901260369323
squeezed_Quảng Ninh,2017-06-01,22.253345,15.821563844411909,17.584812,15.569550427312246,18.674137,18.49443824560511,16.962341,20.141533567107015,15.250545,17.624157139302113,12.838469,39.407326684835375
squeezed_Quảng Ninh,2017-07-01,17.584812,16.399392860721683,18.674137,21.273072778186243,16.962341,15.25318986460168,15.250545,18.602582605836385,12.838469,38.176438218686854,0.0,31.483919286061703
squeezed_Quảng Ninh,2017-08-01,18.674137,16.03037202590295,16.962341,15.889893855773973,15.250545,18.288201694347485,12.838469,33.671735541155215,0.0,27.77806887545013,16.949152,27.397450722836787
squeezed_Quảng Ninh,2017-09-01,16.962341,14.889940526185033,15.250545,18.039912126217143,12.838469,39.866212211402704,0.0,22.42316088997687,16.949152,21.737522057798248,18.329626,23.868836232898946
squeezed_Quảng Ninh,2017-10-01,15.250545,23.049310345530277,12.838469,40.03384148542822,0.0,23.672356215417473,16.949152,22.591482456864235,18.329626,26.17548001154187,23.0079,23.273269400841656
squeezed_Quảng Ninh,2017-11-01,12.838469,29.06177858924423,0.0,16.354069831874817,16.949152,26.369600072845923,18.329626,23.99118860333393,23.0079,20.542912951928432,24.234987,29.826099811528263
squeezed_Quảng Ninh,2017-12-01,0.0,38.14985872757647,16.949152,24.77698389050999,18.329626,21.316483395503326,23.0079,25.546003000166586,24.234987,24.42484058615047,22.54774,25.120921604231523
squeezed_Quảng Trị,2016-01-01,28.869286,41.101287828698354,39.133923,44.56693390843753,39.294308,45.96825796197827,35.926224,51.862508498806264,42.181236,54.01501665234507,42.822773,59.63758181091261
squeezed_Quảng Trị,2016-02-01,39.133923,40.000421515680706,39.294308,41.60804644496714,35.926224,53.3536618794552,42.181236,45.700252892560314,42.822773,51.208207227182186,33.680836,41.0265972728362
squeezed_Quảng Trị,2016-03-01,39.294308,40.78518693507536,35.926224,48.50469894903382,42.181236,42.55864306446769,42.822773,60.50083001602047,33.680836,40.7459623484172,30.31275,55.71656913535892
squeezed_Quảng Trị,2016-04-01,35.926224,45.601333597761716,42.181236,42.916353854919954,42.822773,55.38589343890166,33.680836,39.05758815163936,30.31275,51.3296554717458,30.793905,57.139369747446814
squeezed_Quảng Trị,2016-05-01,42.181236,36.387368137961765,42.822773,44.45457340428134,33.680836,40.706060413120554,30.31275,35.7702278021872,30.793905,45.94393344978928,30.793905,34.21555104357789
squeezed_Quảng Trị,2016-06-01,42.822773,35.18807992603758,33.680836,35.224980747058375,30.31275,34.182296207772595,30.793905,36.08036110553986,30.793905,32.45668462614624,5.6134725,33.75340198744318
squeezed_Quảng Trị,2016-07-01,33.680836,39.69847443756344,30.31275,36.188808954774515,30.793905,33.84987173939926,30.793905,34.6733049985761,5.6134725,37.44716856982935,24.464342,36.39839070672045
squeezed_Quảng Trị,2016-08-01,30.31275,36.09943380531652,30.793905,38.08502947039875,30.793905,34.20604213075201,5.6134725,34.05761907395415,24.464342,35.24969951465071,17.908539,30.832167240353485
squeezed_Quảng Trị,2016-09-01,30.793905,36.68526216199168,30.793905,36.257180747300666,5.6134725,34.70835016429594,24.464342,32.538971625758194,17.908539,32.35333162888744,25.263832,42.86539226796995
squeezed_Quảng Trị,2016-10-01,30.793905,49.597943112504666,5.6134725,31.89455353211146,24.464342,32.053927165080935,17.908539,39.44698965197793,25.263832,39.040248148464926,24.784138,42.407440666676806
squeezed_Quảng Trị,2016-11-01,5.6134725,32.13293228119363,24.464342,31.014205355455466,17.908539,36.098913728511384,25.263832,37.01107003583499,24.784138,42.804714573425585,39.494724,42.766978318811866
squeezed_Quảng Trị,2016-12-01,24.464342,22.782523644737214,17.908539,19.987209768528782,25.263832,20.877528353655396,24.784138,29.579852619510397,39.494724,34.81771941836825,38.695236,32.54668566337501
squeezed_Quảng Trị,2017-01-01,17.908539,24.57827647365415,25.263832,33.963613804436385,24.784138,32.71747490543833,39.494724,39.77875946370345,38.695236,40.33791688749572,27.182604,43.7251646286118
squeezed_Quảng Trị,2017-02-01,25.263832,30.271937040273734,24.784138,27.61190672525815,39.494724,28.634703978727202,38.695236,37.749487042900306,27.182604,36.74850182039513,28.941477,37.15169861820503
squeezed_Quảng Trị,2017-03-01,24.784138,26.08657175581248,39.494724,28.664575080904346,38.695236,31.268531539444155,27.182604,32.40783486453149,28.941477,30.260374048961726,64.43876,42.31313410867817
squeezed_Quảng Trị,2017-04-01,39.494724,26.01822992322457,38.695236,25.06981703942043,27.182604,37.14044493416317,28.941477,31.13431217472421,64.43876,37.67789985165645,31.180044,29.01165075090487
squeezed_Quảng Trị,2017-05-01,38.695236,33.19443846467778,27.182604,36.782966083650194,28.941477,21.85119270387184,64.43876,31.876556424234806,31.180044,40.42682578538802,26.06332,33.8051756273413
squeezed_Quảng Trị,2017-06-01,27.182604,53.848228490343715,28.941477,37.444355162344856,64.43876,32.471053416490165,31.180044,29.579796400391338,26.06332,39.01652715800248,22.865366,44.49244339138092
squeezed_Quảng Trị,2017-07-01,28.941477,37.1697073677487,64.43876,27.96097750011791,31.180044,30.57783133968742,26.06332,30.007687046428124,22.865366,41.4330593925379,19.374306,29.56874804637587
squeezed_Quảng Trị,2017-08-01,64.43876,27.36120563940707,31.180044,25.060185323842926,26.06332,31.175951683686353,22.865366,45.98000894180878,19.374306,33.753606484718674,18.739082,33.047391571728106
squeezed_Quảng Trị,2017-09-01,31.180044,51.47099841043663,26.06332,48.561608541930084,22.865366,57.188354995288975,19.374306,38.16404414812177,18.739082,40.085584157943536,26.996983,50.0705920247452
squeezed_Quảng Trị,2017-10-01,26.06332,50.51002708685118,22.865366,47.60013681020268,19.374306,32.0515980880211,18.739082,40.62232014169692,26.996983,38.57285467865374,28.108624,46.81009579074001
squeezed_Quảng Trị,2017-11-01,22.865366,26.98927746126471,19.374306,27.49457378847563,18.739082,27.259256044902084,26.996983,40.07372995879155,28.108624,44.042746086859424,27.314594,44.06518028905017
squeezed_Quảng Trị,2017-12-01,19.374306,21.597483090580788,18.739082,24.15979024364921,26.996983,31.21769374253831,28.108624,39.67494196735765,27.314594,43.915778352365805,35.572495,39.52581691848925
squeezed_Sóc Trăng,2016-01-01,36.95238,36.25189084564088,39.771427,41.54203789052426,45.104763,42.48982819792894,42.514286,45.464166601787745,42.514286,42.624104420907784,50.819046,44.18705105372726
squeezed_Sóc Trăng,2016-02-01,39.771427,37.566010199779875,45.104763,40.72679026564498,42.514286,42.6516574764206,42.514286,39.5361822572591,50.819046,47.37146213403292,41.75238,59.33422844976237
squeezed_Sóc Trăng,2016-03-01,45.104763,38.79412866542539,42.514286,45.65404886066882,42.514286,39.17294301870374,50.819046,58.410045189528844,41.75238,56.48462316038743,37.942856,49.7330767354254
squeezed_Sóc Trăng,2016-04-01,42.514286,45.48389547031404,42.514286,42.959464738579264,50.819046,49.90566872955084,41.75238,60.897904801900246,37.942856,43.458086761348724,36.342857,31.243246645493137
squeezed_Sóc Trăng,2016-05-01,42.514286,42.89322887370574,50.819046,44.02737242406439,41.75238,39.30102674603124,37.942856,44.36433497685926,36.342857,34.70754067175887,39.314285,31.265112846016052
squeezed_Sóc Trăng,2016-06-01,50.819046,39.33173547553118,41.75238,36.860471117214665,37.942856,38.50466945624137,36.342857,35.161866947357126,39.314285,30.61108900572917,39.314285,31.69427420206853
squeezed_Sóc Trăng,2016-07-01,41.75238,44.52775405241695,37.942856,44.52319699332561,36.342857,37.09342534776111,39.314285,34.06483104364264,39.314285,33.23398290295204,29.138964,37.53997451113628
squeezed_Sóc Trăng,2016-08-01,37.942856,45.959410834511175,36.342857,35.04666106567906,39.314285,35.4803407279517,39.314285,33.15249635470567,29.138964,35.33473501175248,43.010754,33.0009274487134
squeezed_Sóc Trăng,2016-09-01,36.342857,34.544333238518924,39.314285,34.46741416467779,39.314285,35.08886611660451,29.138964,33.12856078610455,43.010754,29.064019133038787,37.018795,37.52425062463689
squeezed_Sóc Trăng,2016-10-01,39.314285,34.377782150643974,39.314285,34.99607766514723,29.138964,33.16996397850532,43.010754,29.294413100403723,37.018795,38.19640704993958,34.802593,45.88663075794435
squeezed_Sóc Trăng,2016-11-01,39.314285,37.7440576587699,29.138964,40.49757017169727,43.010754,34.45805584944509,37.018795,34.44658282595667,34.802593,43.79453859669013,31.519331,35.80033769120861
squeezed_Sóc Trăng,2016-12-01,29.138964,42.89724707243715,43.010754,37.7074542633642,37.018795,34.086612485100545,34.802593,45.82070143592826,31.519331,37.638191015257746,38.003777,32.20861535592759
squeezed_Sóc Trăng,2017-01-01,43.010754,42.55853145511982,37.018795,29.49732774907704,34.802593,46.65704677235925,31.519331,37.95321862106983,38.003777,33.39588616765548,30.698515,30.031659858522392
squeezed_Sóc Trăng,2017-02-01,37.018795,38.9306131017004,34.802593,53.66825511929393,31.519331,40.19154333036641,38.003777,39.47107496996365,30.698515,41.16409350132522,32.422226,35.905886647977745
squeezed_Sóc Trăng,2017-03-01,34.802593,52.39962627620728,31.519331,40.04219667149764,38.003777,41.0975018670817,30.698515,42.356683041789495,32.422226,50.02058869281669,29.795616,42.70431108083699
squeezed_Sóc Trăng,2017-04-01,31.519331,38.33490792100512,38.003777,37.58881908590273,30.698515,39.96150147454795,32.422226,50.05979170717168,29.795616,35.68104227353359,34.063858,30.73393749727902
squeezed_Sóc Trăng,2017-05-01,38.003777,34.13868629210332,30.698515,35.58009195813568,32.422226,32.441341146689375,29.795616,33.18278140786423,34.063858,28.963345876376877,34.802593,26.17128920185437
squeezed_Sóc Trăng,2017-06-01,30.698515,32.51539843153251,32.422226,31.73668958252228,29.795616,34.600362285383596,34.063858,27.747136499364853,34.802593,27.101970333297647,32.422226,27.030225766875912
squeezed_Sóc Trăng,2017-07-01,32.422226,31.208238666758067,29.795616,30.71065760790092,34.063858,28.98877668730736,34.802593,19.1801258695649,32.422226,28.97120794948603,28.044342,26.73206743605276
squeezed_Sóc Trăng,2017-08-01,29.795616,35.27398464063684,34.063858,28.771720373051952,34.802593,28.206515958801468,32.422226,24.48050317664715,28.044342,24.866618173536338,33.090668,24.890154548008233
squeezed_Sóc Trăng,2017-09-01,34.063858,31.867179860791822,34.802593,27.617403062603078,32.422226,29.625479836633097,28.044342,29.135329668360836,33.090668,26.15155077796356,35.572468,30.81409706958612
squeezed_Sóc Trăng,2017-10-01,34.802593,34.2885219556924,32.422226,32.903237971070624,28.044342,34.94140216381359,33.090668,33.48110510651235,35.572468,33.07785060523442,29.533422,31.648968475708795
squeezed_Sóc Trăng,2017-11-01,32.422226,34.01246213267072,28.044342,34.952230837927814,33.090668,33.522090106248136,35.572468,32.43129249372966,29.533422,33.559897048500446,33.173393,32.79998759146905
squeezed_Sóc Trăng,2017-12-01,28.044342,34.54794258658513,33.090668,29.357976233391724,35.572468,31.607117388357718,29.533422,32.79869722699212,33.173393,33.47667487353337,26.472534,30.702199057174166
squeezed_Sơn La,2016-01-01,62.66556,71.27121259670996,75.08278,82.13604266287344,85.927155,88.16490274524206,91.47351,88.31892095263255,85.76159,98.56928647426447,70.03311,94.16073271203912
squeezed_Sơn La,2016-02-01,75.08278,76.09683414768271,85.927155,89.42390181128923,91.47351,84.48769307964018,85.76159,97.22017424535173,70.03311,91.84911023076916,79.718544,80.51889405991638
squeezed_Sơn La,2016-03-01,85.927155,97.06401164143176,91.47351,90.60749160016927,85.76159,90.25163952272389,70.03311,106.71399557783435,79.718544,76.71955019445572,81.62251,82.93143837198443
squeezed_Sơn La,2016-04-01,91.47351,86.25400294185873,85.76159,98.87156119272706,70.03311,97.69980041941159,79.718544,87.60620049703863,81.62251,78.81474138729877,75.248344,76.39747924685194
squeezed_Sơn La,2016-05-01,85.76159,96.62886213649006,70.03311,93.26137129284625,79.718544,88.33681762308385,81.62251,78.3829672128037,75.248344,76.07408967372885,73.50993,72.38629090103034
squeezed_Sơn La,2016-06-01,70.03311,87.81420635021482,79.718544,77.2399347963508,81.62251,77.6299734976054,75.248344,73.65924100985103,73.50993,70.54513738019195,3.3112583,68.36635528144429
squeezed_Sơn La,2016-07-01,79.718544,77.09341464188965,81.62251,78.71070504105184,75.248344,71.18552671270305,73.50993,66.73538002206078,3.3112583,65.8982217314772,83.319595,64.21789070261678
squeezed_Sơn La,2016-08-01,81.62251,79.29671214793277,75.248344,72.74697767042645,73.50993,69.40906426124354,3.3112583,67.66516089578505,83.319595,64.46562348469675,94.362946,63.324944826384325
squeezed_Sơn La,2016-09-01,75.248344,74.80429276926037,73.50993,72.00091016876179,3.3112583,67.10659350380092,83.319595,65.55355847472163,94.362946,64.24369041118432,0.0,67.59996244079079
squeezed_Sơn La,2016-10-01,73.50993,72.23239037551039,3.3112583,71.42720782296065,83.319595,62.597151374383785,94.362946,64.28184227738987,0.0,75.32918130025323,57.19466,75.69582027834419
squeezed_Sơn La,2016-11-01,3.3112583,74.47884560738119,83.319595,65.74537063408202,94.362946,74.9663964730139,0.0,76.14642608600973,57.19466,76.2476190448873,76.80897,73.41936034371139
squeezed_Sơn La,2016-12-01,83.319595,48.34303339320462,94.362946,43.77106519168994,0.0,30.503588488759554,57.19466,58.72695687595368,76.80897,38.472264287247675,70.95764,52.72533208492317
squeezed_Sơn La,2017-01-01,94.362946,69.69930524699441,0.0,76.02534875472412,57.19466,79.64967367598324,76.80897,74.35121097253588,70.95764,74.25847700212655,58.01879,59.35381139052838
squeezed_Sơn La,2017-02-01,0.0,85.46474347549466,57.19466,84.05152750712307,76.80897,112.22111739512701,70.95764,110.83880307990762,58.01879,88.33053717298895,62.88116,81.41550629207643
squeezed_Sơn La,2017-03-01,57.19466,48.306742745284154,76.80897,49.672622410822065,70.95764,41.91559714767051,58.01879,60.86931423473524,62.88116,28.558728143325563,66.589745,45.100175101980795
squeezed_Sơn La,2017-04-01,76.80897,60.70284732919035,70.95764,66.44735623281755,58.01879,66.73271229435935,62.88116,54.91319479157729,66.589745,61.24568873309259,63.293224,43.66761749458059
squeezed_Sơn La,2017-05-01,70.95764,75.39336466650299,58.01879,71.41665653378983,62.88116,62.82638882951241,66.589745,64.4835134756721,63.293224,57.7011288134107,53.898136,52.31954274915377
squeezed_Sơn La,2017-06-01,58.01879,72.43742993398206,62.88116,65.7015978435683,66.589745,63.269831119193015,63.293224,56.6497150045015,53.898136,53.51665205225933,50.27196,59.70066758499343
squeezed_Sơn La,2017-07-01,62.88116,61.922755475347024,66.589745,61.595027527663646,63.293224,58.30774628212969,53.898136,58.06609788578527,50.27196,57.720125781479815,56.605305,54.60541666540451
squeezed_Sơn La,2017-08-01,66.589745,63.11426265749321,63.293224,56.866571970728415,53.898136,55.860569748755665,50.27196,55.342288083871,56.605305,51.64761034262944,58.06504,60.62938001337647
squeezed_Sơn La,2017-09-01,63.293224,60.07219946525632,53.898136,56.49029521606852,50.27196,60.617919755157885,56.605305,53.79313021826973,58.06504,64.85325363726471,0.0,68.96975697366132
squeezed_Sơn La,2017-10-01,53.898136,57.27789031394298,50.27196,64.67743238705434,56.605305,57.38145146719778,58.06504,72.56293613868026,0.0,74.21573936125478,68.28319,71.94925599947105
squeezed_Sơn La,2017-11-01,50.27196,57.7282208335091,56.605305,56.01525690282855,58.06504,74.41241305146711,0.0,73.71131957060012,68.28319,75.57415923205599,71.36485,75.32328823273436
squeezed_Sơn La,2017-12-01,56.605305,53.96781064478625,58.06504,66.8713874926592,0.0,66.72026657585964,68.28319,63.923287042122695,71.36485,68.89669244032802,70.71608,72.35710099694033
squeezed_TT Huế,2016-01-01,57.92312,61.66777003442415,62.532616,70.60961901071026,65.92451,72.50493146303904,69.75126,73.3172932041629,74.5347,69.83272776054592,58.70586,67.50480996144746
squeezed_TT Huế,2016-02-01,62.532616,73.16979042825074,65.92451,70.6456166720068,69.75126,71.46862550371281,74.5347,78.54277358131326,58.70586,73.60111624773137,64.01113,77.7422484932299
squeezed_TT Huế,2016-03-01,65.92451,66.70867691093471,69.75126,69.51973199699756,74.5347,65.99931514654195,58.70586,73.23244741102866,64.01113,74.23470484237984,59.314663,95.68637726009568
squeezed_TT Huế,2016-04-01,69.75126,70.41602614966078,74.5347,66.28428392090922,58.70586,65.78499398027557,64.01113,59.371364925544796,59.314663,76.88411020433281,63.92416,64.62607729473311
squeezed_TT Huế,2016-05-01,74.5347,74.16527286623993,58.70586,66.29008841028691,64.01113,74.47597084493799,59.314663,72.27398812374209,63.92416,68.68152143881544,64.44599,61.41408234523469
squeezed_TT Huế,2016-06-01,58.70586,72.38119615499092,64.01113,67.34932380071716,59.314663,78.43943308232267,63.92416,63.423583994380394,64.44599,63.392884738467885,14.959124,89.7026094595165
squeezed_TT Huế,2016-07-01,64.01113,64.4935814305534,59.314663,61.95518986150149,63.92416,59.64203677232431,64.44599,71.9815328350483,14.959124,84.93694897358715,42.99448,55.240156704005514
squeezed_TT Huế,2016-08-01,59.314663,71.31708183329462,63.92416,55.65393032214891,64.44599,60.491998971044104,14.959124,73.8433862170272,42.99448,54.57064928062294,44.59676,52.204874847218875
squeezed_TT Huế,2016-09-01,63.92416,60.69771399739583,64.44599,52.62752571846021,14.959124,59.28387516579196,42.99448,46.24078303217844,44.59676,49.55191405328471,55.1896,62.65007725542945
squeezed_TT Huế,2016-10-01,64.44599,56.30681033378794,14.959124,60.1257954555541,42.99448,54.23272323339916,44.59676,56.60795866872963,55.1896,60.40571951460401,47.80132,66.46402612806021
squeezed_TT Huế,2016-11-01,14.959124,70.54426158606728,42.99448,54.553803041897375,44.59676,54.66805725891023,55.1896,58.97398576931926,47.80132,59.34445557204823,57.05893,63.14617775009766
squeezed_TT Huế,2016-12-01,42.99448,40.62738825867386,44.59676,43.63288860407855,55.1896,41.29960110648604,47.80132,40.672265365193184,57.05893,55.5982304208529,53.67634,50.02585400404269
squeezed_TT Huế,2017-01-01,44.59676,45.188220213108195,55.1896,39.307020984869204,47.80132,48.63751184945324,57.05893,51.336368699647544,53.67634,45.36925353127676,53.409294,49.38522146265224
squeezed_TT Huế,2017-02-01,55.1896,53.75663494282632,47.80132,46.00852775314806,57.05893,49.37991189209585,53.67634,42.81173835465722,53.409294,55.61953714862636,55.1896,44.80976281659423
squeezed_TT Huế,2017-03-01,47.80132,54.45065066789461,57.05893,54.544400855349735,53.67634,59.273628220393256,53.409294,55.106133112924134,55.1896,62.40920614903591,45.75396,56.07104091034456
squeezed_TT Huế,2017-04-01,57.05893,56.97263704333179,53.67634,59.384739265113225,53.409294,50.97052714166396,55.1896,48.88894597914418,45.75396,48.7529273412445,47.178207,44.1975744422192
squeezed_TT Huế,2017-05-01,53.67634,55.17345287827728,53.409294,53.32255337895192,55.1896,49.84058944558073,45.75396,51.09190139083264,47.178207,50.70923885207401,49.670643,40.345483949933765
squeezed_TT Huế,2017-06-01,53.409294,50.781579512369106,55.1896,47.11523180896403,45.75396,60.86634255320837,47.178207,51.5721946814438,49.670643,51.63698392192386,46.37707,71.06809341294733
squeezed_TT Huế,2017-07-01,55.1896,51.248265985667636,45.75396,59.96932336143379,47.178207,51.889453057036285,49.670643,61.009867195376536,46.37707,58.84697550627886,40.07464,42.04718473759898
squeezed_TT Huế,2017-08-01,45.75396,58.20312815610195,47.178207,49.8791050803705,49.670643,53.560316637011866,46.37707,55.295814292670556,40.07464,42.66624831995934,33.4992,35.459806583254924
squeezed_TT Huế,2017-09-01,47.178207,43.09332903364238,49.670643,46.566584261126366,46.37707,68.69887179631856,40.07464,41.825106119783904,33.4992,37.44163976237002,44.784077,49.18955695205648
squeezed_TT Huế,2017-10-01,49.670643,54.019965076930895,46.37707,75.801717335736,40.07464,40.76810487684235,33.4992,42.62563983442138,44.784077,44.44180443894077,50.026657,42.97350538758263
squeezed_TT Huế,2017-11-01,46.37707,83.69647869831748,40.07464,45.2287432817829,33.4992,37.09565138717972,44.784077,43.07200633368066,50.026657,41.20076352353471,56.335526,53.96379168280638
squeezed_TT Huế,2017-12-01,40.07464,37.45823331568735,33.4992,25.973367587147333,44.784077,46.48958770463158,50.026657,46.82857455308199,56.335526,48.55547741027137,51.448376,51.17129746792299
squeezed_Thanh Hóa,2016-01-01,32.96205,35.81768949751478,31.063118,37.06844895795703,31.148146,39.10456962775297,36.306435,40.970526576406584,36.249752,43.93461023001351,35.286114,42.034831991266834
squeezed_Thanh Hóa,2016-02-01,31.063118,39.45197361279031,31.148146,40.92503033547154,36.306435,52.58361056571165,36.249752,49.32147250120141,35.286114,54.9041206201751,31.034777,41.10456842252889
squeezed_Thanh Hóa,2016-03-01,31.148146,37.75067068638732,36.306435,41.744534088381066,36.249752,42.45600716264542,35.286114,41.943066893583875,31.034777,33.59015753151042,36.703228,34.698463722620204
squeezed_Thanh Hóa,2016-04-01,36.306435,37.82653280810953,36.249752,38.99302166939655,35.286114,39.781523908066106,31.034777,33.10675631037463,36.703228,31.923102213096627,32.281834,30.142034499492013
squeezed_Thanh Hóa,2016-05-01,36.249752,39.65957050460626,35.286114,35.34728052576531,31.034777,34.72842508828994,36.703228,30.98989524273676,32.281834,28.375680768866985,32.621944,36.02727727188316
squeezed_Thanh Hóa,2016-06-01,35.286114,36.1641493723213,31.034777,34.09846178149399,36.703228,37.11000037128825,32.281834,30.969866495574983,32.621944,40.05762584412062,35.116062,31.382739513328307
squeezed_Thanh Hóa,2016-07-01,31.034777,33.905750299618646,36.703228,33.96999948627886,32.281834,31.048490142407644,32.621944,38.085266637779505,35.116062,30.11983693284293,30.829426,29.94663635939345
squeezed_Thanh Hóa,2016-08-01,36.703228,32.43252755843708,32.281834,31.331308580972223,32.621944,32.3981110428186,35.116062,32.56970150865829,30.829426,27.21851359255959,28.109999,27.058205045564875
squeezed_Thanh Hóa,2016-09-01,32.281834,32.45382633831322,32.621944,35.05581891573095,35.116062,31.712204061952974,30.829426,30.072749696705035,28.109999,29.16343533575972,32.54988,36.65215874049291
squeezed_Thanh Hóa,2016-10-01,32.621944,32.1731775168115,35.116062,29.78102778405688,30.829426,28.543848019942807,28.109999,29.72693126954138,32.54988,34.9175994098371,31.883898,32.311781228293114
squeezed_Thanh Hóa,2016-11-01,35.116062,33.626989861562194,30.829426,29.02339276987562,28.109999,29.790932683032572,32.54988,34.59397909265304,31.883898,35.58124854456081,30.635181,39.326751078390075
squeezed_Thanh Hóa,2016-12-01,30.829426,32.10393845754097,28.109999,32.499509000749214,32.54988,33.133466039991355,31.883898,29.20886379116938,30.635181,33.33676081514059,37.988735,47.355453889466126
squeezed_Thanh Hóa,2017-01-01,28.109999,31.76940226185626,32.54988,37.88881221529094,31.883898,33.45246557670496,30.635181,35.9311048134258,37.988735,33.677985795414834,34.270332,35.73173772379488
squeezed_Thanh Hóa,2017-02-01,32.54988,38.77851357703099,31.883898,37.99846619904627,30.635181,38.64335257933291,37.988735,42.548200417354956,34.270332,41.2047243882786,35.491302,39.529547780451246
squeezed_Thanh Hóa,2017-03-01,31.883898,37.20741490570617,30.635181,37.039521232755334,37.988735,38.4537706065232,34.270332,42.55081010362406,35.491302,32.280248193335936,35.630047,34.93546722931941
squeezed_Thanh Hóa,2017-04-01,30.635181,37.7353756740349,37.988735,38.335534962928726,34.270332,41.928541994336584,35.491302,33.308192580766296,35.630047,29.90052956677809,37.406,28.067589166093924
squeezed_Thanh Hóa,2017-05-01,37.988735,35.90027287141012,34.270332,33.73777029037373,35.491302,31.072480850328308,35.630047,29.370031799203833,37.406,30.2020476909546,32.355633,27.92124729923931
squeezed_Thanh Hóa,2017-06-01,34.270332,33.41215105992671,35.491302,32.255601220630496,35.630047,32.57466450044489,37.406,30.266968256548374,32.355633,31.35339363331123,33.27136,31.604595983057827
squeezed_Thanh Hóa,2017-07-01,35.491302,32.92938320288286,35.630047,33.62106696774377,37.406,33.409845177248336,32.355633,30.08166232455238,33.27136,29.341829596456343,26.767273,32.001102183003916
squeezed_Thanh Hóa,2017-08-01,35.630047,34.222877223806165,37.406,33.4774047094189,32.355633,32.68107033886436,33.27136,30.341882167246958,26.767273,27.84692937262238,28.83265,33.55827283446974
squeezed_Thanh Hóa,2017-09-01,37.406,33.18908925469724,32.355633,33.97519253886715,33.27136,38.212827789466424,26.767273,31.524764490008454,28.83265,33.2120598763505,27.868807,37.995593480852044
squeezed_Thanh Hóa,2017-10-01,32.355633,34.36957009149842,33.27136,34.16539410622122,26.767273,34.56150580415469,28.83265,35.93369274174674,27.868807,36.94535421073023,28.364498,41.745473672132746
squeezed_Thanh Hóa,2017-11-01,33.27136,33.64248361075892,26.767273,34.513142008066005,28.83265,35.74363524749341,27.868807,39.80469606015793,28.364498,40.2939788774367,33.376476,41.364198546729504
squeezed_Thanh Hóa,2017-12-01,26.767273,34.02213977312923,28.83265,35.185870690623894,27.868807,42.4998036349882,28.364498,43.978008907753,33.376476,41.90146634563143,35.276623,44.32552806381004
squeezed_Thái Bình,2016-01-01,300.1676,351.10363253159875,310.83798,350.06534774562317,317.26257,317.3824766772638,314.41342,348.60482149034476,323.01675,386.2608567278275,322.40222,391.615266564029
squeezed_Thái Bình,2016-02-01,310.83798,362.49402150382997,317.26257,348.61265514443556,314.41342,362.47683259304756,323.01675,390.16364612803693,322.40222,408.7520364794994,322.34637,349.8592161224275
squeezed_Thái Bình,2016-03-01,317.26257,379.53876134795746,314.41342,359.37938883091437,323.01675,387.82960801242314,322.40222,388.4044697448113,322.34637,367.01394928606635,338.26816,326.68686714263225
squeezed_Thái Bình,2016-04-01,314.41342,375.95768329371424,323.01675,416.27553548456694,322.40222,377.5434863412521,322.34637,359.8169599005753,338.26816,339.369080900385,266.87152,343.77854730936167
squeezed_Thái Bình,2016-05-01,323.01675,376.99247699190335,322.40222,370.8651755280538,322.34637,335.46610208537805,338.26816,346.0788430731859,266.87152,339.58304110624846,187.7095,329.4158131932475
squeezed_Thái Bình,2016-06-01,322.40222,341.2741594440344,322.34637,325.679232556572,338.26816,360.3569009141396,266.87152,322.8686394293885,187.7095,338.0010799368757,153.07263,324.7093893201588
squeezed_Thái Bình,2016-07-01,322.34637,330.77849359600134,338.26816,321.7529685985284,266.87152,341.4709127335517,187.7095,322.5818883817269,153.07263,304.9962934069,252.74904,320.6908811624154
squeezed_Thái Bình,2016-08-01,338.26816,317.484963840432,266.87152,308.89144838374176,187.7095,329.051527548314,153.07263,315.4207423702975,252.74904,322.07160911733536,270.67874,313.25587004546315
squeezed_Thái Bình,2016-09-01,266.87152,298.4623081306155,187.7095,318.73307388618065,153.07263,315.4034871611406,252.74904,314.6671757535518,270.67874,283.7792012263926,299.71292,342.8626859837177
squeezed_Thái Bình,2016-10-01,187.7095,287.18460851574014,153.07263,288.2266013426116,252.74904,300.91251852938245,270.67874,276.2695229470856,299.71292,290.16457292335605,288.06674,328.24374837311535
squeezed_Thái Bình,2016-11-01,153.07263,222.485482245148,252.74904,236.49578089946678,270.67874,223.4738469331985,299.71292,258.2719660767032,288.06674,254.53040717534844,295.27112,297.96851648955715
squeezed_Thái Bình,2016-12-01,252.74904,207.09176736921123,270.67874,205.29643089585988,299.71292,231.44175509977276,288.06674,238.58769369540684,295.27112,273.22267423225856,0.0,221.59036924126352
squeezed_Thái Bình,2017-01-01,270.67874,234.7272824425089,299.71292,281.90627587909324,288.06674,269.5002824829202,295.27112,287.53634802919987,0.0,172.72133370996923,289.42093,232.06749472889845
squeezed_Thái Bình,2017-02-01,299.71292,293.80330188677715,288.06674,288.5875719857294,295.27112,340.37611011634885,0.0,307.06618846234454,289.42093,281.47944937762213,0.0,282.96153558281645
squeezed_Thái Bình,2017-03-01,288.06674,340.36103338195034,295.27112,337.91160274856406,0.0,323.99031151304735,289.42093,316.68754962186836,0.0,305.28341538313344,286.11667,275.2979487384186
squeezed_Thái Bình,2017-04-01,295.27112,337.42295522480265,0.0,336.34806280698314,289.42093,335.8550782081192,0.0,296.8117810140632,286.11667,251.759341664557,262.60767,282.0321085601746
squeezed_Thái Bình,2017-05-01,0.0,350.172007263478,289.42093,355.79033700001725,0.0,288.1659610261926,286.11667,274.59232105420114,262.60767,244.60822803472004,269.5412,257.71691102614204
squeezed_Thái Bình,2017-06-01,289.42093,172.3290684895845,0.0,118.51813706514342,286.11667,122.34130666883996,262.60767,143.44938040812679,269.5412,97.04733929175208,264.7202,142.99837233797615
squeezed_Thái Bình,2017-07-01,0.0,257.945413071074,286.11667,242.78477647730196,262.60767,207.31335697068567,269.5412,199.4464007083485,264.7202,175.20642822515987,243.40651,176.48257223078323
squeezed_Thái Bình,2017-08-01,286.11667,129.4484441847137,262.60767,102.35505631852627,269.5412,116.71811535519295,264.7202,90.88663469467126,243.40651,110.08027215616175,0.0,105.90564422534212
squeezed_Thái Bình,2017-09-01,262.60767,171.630399687205,269.5412,158.5772666599696,264.7202,165.49738605338186,243.40651,144.34406450371822,0.0,149.8046870867862,252.41357,117.66966303974759
squeezed_Thái Bình,2017-10-01,269.5412,211.7637759520097,264.7202,185.0500868453225,243.40651,203.09994154575668,0.0,172.50748114556197,252.41357,174.98063780571673,240.81764,210.8648931323724
squeezed_Thái Bình,2017-11-01,264.7202,218.1773046723348,243.40651,202.6590795924202,0.0,264.7464510588148,252.41357,242.10411022444467,240.81764,303.94578712888944,252.4675,272.54168954328117
squeezed_Thái Bình,2017-12-01,243.40651,209.6872181347192,0.0,195.8271660913159,252.41357,237.83120753118442,240.81764,237.7548853244762,252.4675,324.4484899081252,271.12885,298.75864196506757
squeezed_Thái Nguyên,2016-01-01,25.745478,28.91363089553313,28.434088,32.411892783349565,30.470915,30.195147053251993,32.915104,32.4153062119114,29.737658,36.635337098433276,25.745478,38.140157516592225
squeezed_Thái Nguyên,2016-02-01,28.434088,26.94421203514517,30.470915,34.14194738824851,32.915104,38.24462661526729,29.737658,32.40473819642331,25.745478,38.2534001953744,31.041225,31.683731865056274
squeezed_Thái Nguyên,2016-03-01,30.470915,33.48530763903468,32.915104,32.83643252969809,29.737658,33.23364714913298,25.745478,33.26064494926546,31.041225,32.76426148068083,32.426266,27.548696575632057
squeezed_Thái Nguyên,2016-04-01,32.915104,32.84872355455924,29.737658,31.52823112267027,25.745478,28.717417885707025,31.041225,27.73247788298581,32.426266,29.605959528986137,30.063549,25.160282088220924
squeezed_Thái Nguyên,2016-05-01,29.737658,40.37773972820672,25.745478,32.39348205751978,31.041225,26.64754458741514,32.426266,29.503758199795154,30.063549,26.055258549459886,31.530064,25.351717837034695
squeezed_Thái Nguyên,2016-06-01,25.745478,31.60017511263605,31.041225,25.676735945269336,32.426266,28.532545294860583,30.063549,29.53067204895819,31.530064,28.062573338039893,10.347075,26.213530266282
squeezed_Thái Nguyên,2016-07-01,31.041225,26.49964075304609,32.426266,27.63530336880324,30.063549,23.393693095093514,31.530064,30.96352300960598,10.347075,30.251798874219496,20.69899,27.54650567753587
squeezed_Thái Nguyên,2016-08-01,32.426266,28.531852777940994,30.063549,27.401693717945637,31.530064,29.728899402070812,10.347075,26.269169001423144,20.69899,27.203360527769075,26.192183,14.005077654260347
squeezed_Thái Nguyên,2016-09-01,30.063549,33.525174767628606,31.530064,30.641543906461894,10.347075,28.986400709645224,20.69899,28.657117946881623,26.192183,20.18552706877385,26.669851,31.08499391094178
squeezed_Thái Nguyên,2016-10-01,31.530064,31.00025109437564,10.347075,31.248426803122605,20.69899,27.920338380152614,26.192183,28.21253474068989,26.669851,31.56385036931219,25.47568,26.85007391385602
squeezed_Thái Nguyên,2016-11-01,10.347075,32.54938702695648,20.69899,30.831409279964145,26.192183,34.42480200360141,26.669851,26.832441887564944,25.47568,31.09414125133967,27.22713,33.54102358351395
squeezed_Thái Nguyên,2016-12-01,20.69899,31.070261027854023,26.192183,25.520907587985743,26.669851,12.752939663213693,25.47568,8.139138675227239,27.22713,14.157305865425263,23.326168,25.40976635347177
squeezed_Thái Nguyên,2017-01-01,26.192183,14.094063744131338,26.669851,13.538469267581755,25.47568,11.096600853126137,27.22713,17.54320069217562,23.326168,33.131541182969016,24.99801,17.404930955686257
squeezed_Thái Nguyên,2017-02-01,26.669851,21.11501579070855,25.47568,26.034544662418366,27.22713,22.243323644102922,23.326168,34.33902052619599,24.99801,36.21326968965172,22.131996,28.11342402877401
squeezed_Thái Nguyên,2017-03-01,25.47568,25.449718053676477,27.22713,24.72229867660647,23.326168,27.488109520012216,24.99801,35.926023860235006,22.131996,31.794999798592517,21.495104,28.1435925039861
squeezed_Thái Nguyên,2017-04-01,27.22713,26.83741700473672,23.326168,29.03471428585865,24.99801,25.975496512217497,22.131996,27.37191851212206,21.495104,24.076011445304264,20.062098,20.048466936020144
squeezed_Thái Nguyên,2017-05-01,23.326168,35.426248588514994,24.99801,27.6610994266994,22.131996,23.52477958813066,21.495104,24.444815236396078,20.062098,18.98002803785788,17.03686,21.75383325586828
squeezed_Thái Nguyên,2017-06-01,24.99801,26.608445587616036,22.131996,25.451458257903653,21.495104,23.838608505030997,20.062098,24.818567943506615,17.03686,21.354386454184635,17.196083,25.768288869839214
squeezed_Thái Nguyên,2017-07-01,22.131996,23.757528732816002,21.495104,24.064935260172245,20.062098,20.260624549125257,17.03686,22.09526088824167,17.196083,20.05832054100826,15.546482,20.953164600946085
squeezed_Thái Nguyên,2017-08-01,21.495104,21.421039884316286,20.062098,23.240162137023425,17.03686,21.893785506610115,17.196083,18.290122985409276,15.546482,24.613380775296072,15.153894,21.520909573769256
squeezed_Thái Nguyên,2017-09-01,20.062098,18.905173476736305,17.03686,22.398034856319846,17.196083,20.455095633367538,15.546482,20.069044933773583,15.153894,22.634857251034266,36.275127,22.74359738656245
squeezed_Thái Nguyên,2017-10-01,17.03686,19.939797266584876,17.196083,17.73754358533502,15.546482,21.52200432824845,15.153894,22.45766791291792,36.275127,26.931895626375127,20.964195,21.460584620517373
squeezed_Thái Nguyên,2017-11-01,17.196083,18.783440969377903,15.546482,18.54220502864936,15.153894,22.26646995021204,36.275127,23.490951825644522,20.964195,25.20089935739283,19.315327,28.960537624164978
squeezed_Thái Nguyên,2017-12-01,15.546482,25.062387959817592,15.153894,29.106030266029116,36.275127,25.15102753608766,20.964195,25.253275566389735,19.315327,33.30703632226444,15.782035,26.685427821881373
squeezed_Tiền Giang,2016-01-01,20.055166,23.630492508936893,27.00839,24.731188263185462,25.744167,31.5031843509479,24.939663,30.3136130722015,26.376278,33.36187688077213,27.180784,36.98130419934919
squeezed_Tiền Giang,2016-02-01,27.00839,25.099228832213942,25.744167,32.71051178991128,24.939663,30.670963422494758,26.376278,31.629940465610243,27.180784,37.80373110229411,24.824734,44.53019223515692
squeezed_Tiền Giang,2016-03-01,25.744167,34.189511323630796,24.939663,34.96641077741088,26.376278,28.747820064933304,27.180784,42.225879336828704,24.824734,36.96651135842446,23.388117,31.978649428881926
squeezed_Tiền Giang,2016-04-01,24.939663,32.384810205536155,26.376278,23.489445915990295,27.180784,34.31598837164295,24.824734,36.53738198004005,23.388117,24.016437760750993,22.238823,21.900258523995173
squeezed_Tiền Giang,2016-05-01,26.376278,34.71246501610132,27.180784,30.668962749023354,24.824734,33.7761028870011,23.388117,25.083297313553125,22.238823,24.008588978466552,23.732904,22.090675408661067
squeezed_Tiền Giang,2016-06-01,27.180784,24.263594456868663,24.824734,29.075288892975543,23.388117,23.326072432468482,22.238823,23.389914585923876,23.732904,21.403526866389413,0.22985864,22.12700643672736
squeezed_Tiền Giang,2016-07-01,24.824734,29.797557885922117,23.388117,23.520615920571608,22.238823,21.004439649484674,23.732904,22.67309622133152,0.22985864,22.01026839990323,14.841877,23.65066193710025
squeezed_Tiền Giang,2016-08-01,23.388117,23.023981552827554,22.238823,23.40340082698286,23.732904,19.06329865809856,0.22985864,19.146932249892572,14.841877,19.961909054702375,18.60943,27.20353655770311
squeezed_Tiền Giang,2016-09-01,22.238823,20.217605330825045,23.732904,23.81414770406379,0.22985864,27.113067393473965,14.841877,21.792121833720174,18.60943,20.059630955541838,19.351524,27.532085833497757
squeezed_Tiền Giang,2016-10-01,23.732904,18.942182719198893,0.22985864,24.476639789523983,14.841877,21.648953580850073,18.60943,16.59836596067961,19.351524,30.153631968705504,17.467747,28.476937765656217
squeezed_Tiền Giang,2016-11-01,0.22985864,28.073060137061162,14.841877,25.394576603063534,18.60943,24.16212246344593,19.351524,26.39004770286567,17.467747,30.659470668553194,19.865282,38.47090816120817
squeezed_Tiền Giang,2016-12-01,14.841877,40.582655416594996,18.60943,22.33187562283444,19.351524,25.925752069446204,17.467747,31.57034508083094,19.865282,41.49474223240143,25.63078,37.41189381007689
squeezed_Tiền Giang,2017-01-01,18.60943,23.13752683194643,19.351524,16.59342089092688,17.467747,27.46786444205444,19.865282,32.18124560509856,25.63078,23.581880775964855,21.577806,25.95304741360535
squeezed_Tiền Giang,2017-02-01,19.351524,27.23790885222198,17.467747,21.046910718814278,19.865282,21.036415547050296,25.63078,24.78657597548022,21.577806,28.28522666650774,21.121132,30.515123029390224
squeezed_Tiền Giang,2017-03-01,17.467747,20.191827092617128,19.865282,24.01489750155303,25.63078,23.408307415828205,21.577806,31.348938062644045,21.121132,33.5714899013928,19.351524,34.08042809312982
squeezed_Tiền Giang,2017-04-01,19.865282,18.509061294910435,25.63078,16.195628500840193,21.577806,22.54290700270622,21.121132,28.873607907439474,19.351524,22.756148086374722,20.835712,19.18661316690142
squeezed_Tiền Giang,2017-05-01,25.63078,18.434929571189027,21.577806,26.703705238209754,21.121132,15.62134909992485,19.351524,17.26495653504728,20.835712,18.47822736038264,17.924421,19.70720292150334
squeezed_Tiền Giang,2017-06-01,21.577806,20.444430526101403,21.121132,18.650206826176174,19.351524,16.150952325111902,20.835712,18.407001083190647,17.924421,18.953671591568828,14.670625,32.42003901818258
squeezed_Tiền Giang,2017-07-01,21.121132,19.382144828103417,19.351524,19.709926747491714,20.835712,15.562511154101577,17.924421,17.323510789772286,14.670625,32.488524803729625,19.21437,26.02736564949588
squeezed_Tiền Giang,2017-08-01,19.351524,21.41374615343281,20.835712,13.445647471547097,17.924421,17.26801511408924,14.670625,31.512588621194613,19.21437,26.06111969707396,18.077425,23.096611627808812
squeezed_Tiền Giang,2017-09-01,20.835712,16.967268625008774,17.924421,19.547847975621764,14.670625,37.762856222412644,19.21437,22.099766213407523,18.077425,22.513722638163518,21.033484,26.982576493810868
squeezed_Tiền Giang,2017-10-01,17.924421,15.69610998648854,14.670625,35.18647857853936,19.21437,26.92925668492504,18.077425,24.578526190950672,21.033484,28.18576519402609,28.878405,29.09545411320091
squeezed_Tiền Giang,2017-11-01,14.670625,34.598559659901014,19.21437,19.419720735092316,18.077425,21.492865570604263,21.033484,21.567035100400382,28.878405,25.381348619586845,26.149736,23.724410784053823
squeezed_Tiền Giang,2017-12-01,19.21437,30.36842830858451,18.077425,25.130126610015267,21.033484,22.439692463097327,28.878405,32.13763443298576,26.149736,28.086481989432105,27.684612,27.361281950253215
squeezed_Trà Vinh,2016-01-01,8.073042,36.420993234875844,7.8808265,27.304405299797025,11.148486,45.44225282515107,16.722729,33.51665631201017,20.567036,32.18354403277747,16.914946,53.9660128373129
squeezed_Trà Vinh,2016-02-01,7.8808265,16.070636905246424,11.148486,49.868239534301516,16.722729,36.20828666724435,20.567036,26.801667063091845,16.914946,39.31270989864804,12.782316,65.808780123725
squeezed_Trà Vinh,2016-03-01,11.148486,40.55860929883093,16.722729,33.06777134201911,20.567036,29.364767978194212,16.914946,38.37115508952302,12.782316,38.71801261649949,10.956271,47.264751026532394
squeezed_Trà Vinh,2016-04-01,16.722729,25.541714316300972,20.567036,25.333746044509688,16.914946,28.824783338504897,12.782316,34.51242682544785,10.956271,36.976716263788546,10.667948,25.9384785115544
squeezed_Trà Vinh,2016-05-01,20.567036,17.60389329632401,16.914946,23.370407629645594,12.782316,22.30657845196383,10.956271,32.68545649323128,10.667948,24.696018001809392,6.2469964,27.778760559743088
squeezed_Trà Vinh,2016-06-01,16.914946,18.286547293816184,12.782316,24.71524573864858,10.956271,24.918057718717645,10.667948,19.10348415028219,6.2469964,37.221886341584714,6.2469964,36.929797700132106
squeezed_Trà Vinh,2016-07-01,12.782316,17.616567097594867,10.956271,35.44222847252079,10.667948,21.54696665049449,6.2469964,27.852250417692538,6.2469964,41.4085848950592,8.431704,39.6824837757309
squeezed_Trà Vinh,2016-08-01,10.956271,25.01388256360972,10.667948,18.153513661343172,6.2469964,28.958369456963137,6.2469964,34.62845437487408,8.431704,40.54333606818975,20.930464,44.71923420750519
squeezed_Trà Vinh,2016-09-01,10.667948,15.961049157338923,6.2469964,30.348207551202265,6.2469964,33.13167333761252,8.431704,42.70279268212973,20.930464,47.892579316383504,20.632874,61.10722094819433
squeezed_Trà Vinh,2016-10-01,6.2469964,33.09333724258621,6.2469964,39.025654274763895,8.431704,49.15294794869955,20.930464,48.08263135621703,20.632874,56.26987787660453,11.605991,44.07409086996681
squeezed_Trà Vinh,2016-11-01,6.2469964,37.079700171514645,8.431704,48.24021417677163,20.930464,56.31828116640307,20.632874,53.80098530884705,11.605991,38.60372461587542,19.144926,39.87226849060788
squeezed_Trà Vinh,2016-12-01,8.431704,58.704175986278145,20.930464,57.86361597083242,20.632874,53.53665690606719,11.605991,30.944584746042022,19.144926,34.56672165591353,14.978673,45.68880590575536
squeezed_Trà Vinh,2017-01-01,20.930464,45.89565294812749,20.632874,53.553301424676796,11.605991,27.17694740416468,19.144926,28.844171837643167,14.978673,32.26579673290694,28.271006,45.826966810111344
squeezed_Trà Vinh,2017-02-01,20.632874,46.56209170027568,11.605991,21.352504371854106,19.144926,23.85708721609006,14.978673,28.116815136344144,28.271006,33.51899742238711,29.461363,39.09584520914627
squeezed_Trà Vinh,2017-03-01,11.605991,21.35598885444705,19.144926,22.165530493406873,14.978673,26.5634522169109,28.271006,33.00675121003359,29.461363,22.739894609804875,25.5927,37.325963634026365
squeezed_Trà Vinh,2017-04-01,19.144926,19.747297691089432,14.978673,19.13349072953089,28.271006,19.61479213849851,29.461363,19.62054793259797,25.5927,22.481723835217615,13.887511,23.990676985095625
squeezed_Trà Vinh,2017-05-01,14.978673,19.36518705020705,28.271006,20.708412165321686,29.461363,16.808134256266825,25.5927,19.67089160531547,13.887511,18.787368002662628,9.820455,34.44763158235912
squeezed_Trà Vinh,2017-06-01,28.271006,16.671718254227176,29.461363,18.702544188238416,25.5927,21.60448182790297,13.887511,15.342519716072982,9.820455,30.711428831845705,14.185101,43.67683293719561
squeezed_Trà Vinh,2017-07-01,29.461363,26.315817898398254,25.5927,18.540950399844576,13.887511,17.43831515082172,9.820455,28.36857944090655,14.185101,44.28403566337015,11.994449,52.28229014351769
squeezed_Trà Vinh,2017-08-01,25.5927,28.08365636019071,13.887511,20.571465257461824,9.820455,33.460089860130296,14.185101,36.1287901093685,11.994449,47.66368882326997,17.248217,31.111011411680305
squeezed_Trà Vinh,2017-09-01,13.887511,21.607950674388988,9.820455,33.16435722271748,14.185101,41.83212442358737,11.994449,43.319390801492645,17.248217,33.581866113865814,17.545599,31.25271271293229
squeezed_Trà Vinh,2017-10-01,9.820455,29.074596322448237,14.185101,33.636615509944846,11.994449,44.83546369357843,17.248217,34.299322049290794,17.545599,30.608928610608718,18.437748,34.289172910497285
squeezed_Trà Vinh,2017-11-01,14.185101,29.970792134971997,11.994449,47.38928378490794,17.248217,25.095365625635516,17.545599,26.40857399707347,18.437748,32.22263745988526,20.717684,29.60776056304133
squeezed_Trà Vinh,2017-12-01,11.994449,62.956428078348345,17.248217,23.596944546239346,17.545599,20.239647177328305,18.437748,26.747105496005393,20.717684,28.745886572569393,20.12292,31.130549984288173
squeezed_Tuyên Quang,2016-01-01,38.33616,41.42027905406943,38.466553,48.46928149332165,38.205765,47.488567435694364,35.597862,52.08588775235416,32.337986,51.113623839769346,31.164429,59.896170730586775
squeezed_Tuyên Quang,2016-02-01,38.466553,45.56186401562062,38.205765,48.58686683967633,35.597862,54.414132508995465,32.337986,53.01187649308209,31.164429,64.48896009195258,38.988132,47.907278416488
squeezed_Tuyên Quang,2016-03-01,38.205765,40.578065021896315,35.597862,47.07375920138521,32.337986,45.38405250128081,31.164429,51.67188058164465,38.988132,45.1510748902612,37.553787,45.462898472766426
squeezed_Tuyên Quang,2016-04-01,35.597862,43.50913268529353,32.337986,39.8512671472698,31.164429,41.8869211076976,38.988132,34.48798500108743,37.553787,44.022176706982016,38.59695,35.48365352162596
squeezed_Tuyên Quang,2016-05-01,32.337986,36.71966800700564,31.164429,38.369966318077545,38.988132,32.83152395877503,37.553787,35.63543410766881,38.59695,36.39232992524577,33.51154,33.73219425173797
squeezed_Tuyên Quang,2016-06-01,31.164429,35.24759715491804,38.988132,30.85560771459327,37.553787,33.81500261302926,38.59695,34.070762095993544,33.51154,33.63013806381047,20.080845,33.05064746743125
squeezed_Tuyên Quang,2016-07-01,38.988132,31.95922447665213,37.553787,33.550204405318965,38.59695,27.35540200507484,33.51154,34.92468092345461,20.080845,30.596078309539458,0.0,25.640622759762724
squeezed_Tuyên Quang,2016-08-01,37.553787,34.42135058307085,38.59695,34.17303568725626,33.51154,34.03884038958102,20.080845,29.509559238726727,0.0,29.73872358638452,0.0,31.81740192903356
squeezed_Tuyên Quang,2016-09-01,38.59695,34.3168429630771,33.51154,36.2204108156866,20.080845,33.29520088777147,0.0,31.307802735854317,0.0,37.33426617221269,0.0,35.13568160616408
squeezed_Tuyên Quang,2016-10-01,33.51154,34.843643398353734,20.080845,37.30658932093411,0.0,35.206776509617,0.0,31.047493956067903,0.0,37.89520378318085,0.0,39.04113650052904
squeezed_Tuyên Quang,2016-11-01,20.080845,44.372059356079745,0.0,30.71900512208351,0.0,28.1347105420351,0.0,37.08497839670112,0.0,37.60929291165948,0.0,42.57227487521343
squeezed_Tuyên Quang,2016-12-01,0.0,25.850370029419352,0.0,21.662261703115966,0.0,23.64176680893342,0.0,33.66320602438252,0.0,32.178983774230325,0.0,33.26078765562586
squeezed_Tuyên Quang,2017-01-01,0.0,10.098390402624833,0.0,14.40553005787479,0.0,15.901670801622531,0.0,21.72667052245318,0.0,-5.211190076624778,0.0,14.172775190545996
squeezed_Tuyên Quang,2017-02-01,0.0,8.254560060920683,0.0,11.954716834533691,0.0,14.37800775428439,0.0,22.421909048449113,0.0,18.527112106254563,0.0,8.365020104694981
squeezed_Tuyên Quang,2017-03-01,0.0,12.497869876728428,0.0,13.542098068768441,0.0,11.200375649446755,0.0,22.716184555717156,0.0,5.475387551881013,0.0,6.38361959879109
squeezed_Tuyên Quang,2017-04-01,0.0,14.134067465410121,0.0,7.628456991586428,0.0,4.535048349485176,0.0,10.3603127816461,0.0,10.004327589374599,0.0,5.587083290931966
squeezed_Tuyên Quang,2017-05-01,0.0,7.826141605402576,0.0,11.900138271953606,0.0,0.34493547335861646,0.0,9.395178280843812,0.0,7.262198576958565,0.0,9.604512917068163
squeezed_Tuyên Quang,2017-06-01,0.0,3.425203792423275,0.0,8.535392574069247,0.0,2.942453170355804,0.0,12.430478439252607,0.0,5.951472603972087,0.0,13.640420095966268
squeezed_Tuyên Quang,2017-07-01,0.0,6.457440667409461,0.0,11.549134730172225,0.0,0.8089473514659504,0.0,8.09492961019639,0.0,0.9487541655011441,32.763718,51.397968253939474
squeezed_Tuyên Quang,2017-08-01,0.0,6.689468175748288,0.0,8.861511858766322,0.0,0.8778010689592269,0.0,6.6136265064892745,32.763718,33.253703285659014,40.60131,49.74173690877226
squeezed_Tuyên Quang,2017-09-01,0.0,7.139162876253191,0.0,10.180191669825389,0.0,2.364670710365709,32.763718,39.35538385696494,40.60131,44.44729024106616,43.04253,61.72249083598654
squeezed_Tuyên Quang,2017-10-01,0.0,8.598693086813894,0.0,10.201833313156875,32.763718,41.91436255636166,40.60131,51.188296774889146,43.04253,50.76952096773276,36.746758,64.39105820810475
squeezed_Tuyên Quang,2017-11-01,0.0,11.548641359025313,32.763718,51.8820800301098,40.60131,51.98549594626582,43.04253,50.23272027371558,36.746758,54.65018160856414,36.10433,79.275689141874
squeezed_Tuyên Quang,2017-12-01,32.763718,51.73207686788464,40.60131,54.13584233834454,43.04253,58.201552767501,36.746758,58.003463309515375,36.10433,75.67845710768741,37.517666,81.94130963343237
squeezed_Tây Ninh,2016-01-01,12.602789,15.243889002250153,15.4629965,21.523786549314373,10.636396,31.091759156529303,9.116911,28.205327940872255,13.764748,29.10309576353082,11.887737,25.713378318340922
squeezed_Tây Ninh,2016-02-01,15.4629965,17.661187428212457,10.636396,21.99216918666308,9.116911,28.353875357551942,13.764748,23.261023639710558,11.887737,21.25318998359112,12.334644,21.15742591816171
squeezed_Tây Ninh,2016-03-01,10.636396,17.77651565642559,9.116911,19.036561206769164,13.764748,22.973044367717335,11.887737,22.252061615250827,12.334644,16.400207833590933,8.223096,16.97644331852158
squeezed_Tây Ninh,2016-04-01,9.116911,16.28879625129209,13.764748,22.372489378047806,11.887737,28.454254344883253,12.334644,16.72935908370753,8.223096,19.205284576153943,8.044333,14.641682137405425
squeezed_Tây Ninh,2016-05-01,13.764748,12.378937806204442,11.887737,22.75571876845814,12.334644,17.005086304248053,8.223096,16.005273614940087,8.044333,14.228827034260602,11.887737,15.623544222995358
squeezed_Tây Ninh,2016-06-01,11.887737,27.974319770913016,12.334644,17.707489864788585,8.223096,12.508158568734892,8.044333,15.902908203436807,11.887737,14.02800530052332,0.6256704,13.566466374646787
squeezed_Tây Ninh,2016-07-01,12.334644,11.277255788026189,8.223096,12.617902771526406,8.044333,10.794719918910708,11.887737,15.155168248068525,0.6256704,10.446935008259,4.691165,14.608024675299628
squeezed_Tây Ninh,2016-08-01,8.223096,10.862302407401586,8.044333,13.215755770572418,11.887737,9.575045284034601,0.6256704,16.39750798144826,4.691165,13.134872338048867,2.9536965,19.22053449217664
squeezed_Tây Ninh,2016-09-01,8.044333,9.529688870085,11.887737,9.190048412298776,0.6256704,12.747082571876474,4.691165,17.03252992962986,2.9536965,14.714718771331686,4.7780385,24.17652460149508
squeezed_Tây Ninh,2016-10-01,11.887737,6.993639429628387,0.6256704,14.262334718542617,4.691165,30.210903926835034,2.9536965,16.945429700467663,4.7780385,21.09131803525366,9.469203,28.050910442008032
squeezed_Tây Ninh,2016-11-01,0.6256704,15.603170146774117,4.691165,16.55613360381342,2.9536965,31.30734212674919,4.7780385,23.242009981865714,9.469203,23.350634880165277,7.2104945,37.34524316518616
squeezed_Tây Ninh,2016-12-01,4.691165,31.35912464001799,2.9536965,21.202411790453265,4.7780385,27.963065785744668,9.469203,25.16909173958886,7.2104945,50.353365163914496,7.9923553,35.41227308254697
squeezed_Tây Ninh,2017-01-01,2.9536965,8.403203981190062,4.7780385,18.205732693852294,9.469203,22.837520780409147,7.2104945,55.16521362572335,7.9923553,36.85899839914134,9.469203,23.961038622022578
squeezed_Tây Ninh,2017-02-01,4.7780385,6.166021294832228,9.469203,17.625270888695788,7.2104945,50.304841216703814,7.9923553,24.84870749741335,9.469203,25.49449084288471,5.8205194,28.882679152998243
squeezed_Tây Ninh,2017-03-01,9.469203,16.616309696109663,7.2104945,38.28573923547277,7.9923553,25.594081272945182,9.469203,21.825097291771854,5.8205194,17.209003537270373,5.8205194,42.290198702174365
squeezed_Tây Ninh,2017-04-01,7.2104945,32.39474058851783,7.9923553,10.452271513722026,9.469203,12.382954987791335,5.8205194,18.538602677305462,5.8205194,65.65295706529841,8.513596,40.06860917923126
squeezed_Tây Ninh,2017-05-01,7.9923553,8.35778766712628,9.469203,12.059642150186246,5.8205194,13.160532578189356,5.8205194,34.18057134467203,8.513596,40.25630250280412,9.64295,23.822859697216625
squeezed_Tây Ninh,2017-06-01,9.469203,7.059824610409286,5.8205194,12.868027703022074,5.8205194,33.15970409830844,8.513596,36.174558544308475,9.64295,19.420183527312197,5.2992787,27.4907613137752
squeezed_Tây Ninh,2017-07-01,5.8205194,8.036838479166368,5.8205194,30.66292913594555,8.513596,32.750775815811494,9.64295,18.98326579342452,5.2992787,35.61360352186695,9.993969,42.84996416550895
squeezed_Tây Ninh,2017-08-01,5.8205194,22.63722942733131,8.513596,26.461521964277928,9.64295,13.286002608706292,5.2992787,33.9765116120944,9.993969,45.79850268798429,8.443181,49.5427235567195
squeezed_Tây Ninh,2017-09-01,8.513596,19.674354356682915,9.64295,8.05165803481682,5.2992787,30.670183451748986,9.993969,51.25017796300051,8.443181,47.77503586350584,6.633928,64.14291255735944
squeezed_Tây Ninh,2017-10-01,9.64295,7.799440832493953,5.2992787,34.39014178807443,9.993969,54.8727396968893,8.443181,55.761978973911795,6.633928,56.05385827021169,6.8923926,61.44138449069213
squeezed_Tây Ninh,2017-11-01,5.2992787,33.50461858281498,9.993969,45.41001046145342,8.443181,60.41547318212936,6.633928,61.93124064196391,6.8923926,59.06622302422025,5.9446883,53.85906683442113
squeezed_Tây Ninh,2017-12-01,9.993969,51.79191619422778,8.443181,49.46139775165893,6.633928,49.137804281654695,6.8923926,59.90506893500504,5.9446883,61.03383660179795,5.1692944,63.10663166855242
squeezed_Vĩnh Phúc,2016-01-01,42.307693,46.815580147058235,40.52533,47.783925488149414,42.213882,50.4843862440231,41.557224,52.59468614137922,38.649155,55.037968585583066,40.900562,56.8977064615856
squeezed_Vĩnh Phúc,2016-02-01,40.52533,48.12896974459197,42.213882,50.038001315354165,41.557224,56.76415093783624,38.649155,66.0050023850803,40.900562,53.8351264676682,40.43152,55.654784588625624
squeezed_Vĩnh Phúc,2016-03-01,42.213882,46.080750776676354,41.557224,53.27587790441592,38.649155,54.71220511752598,40.900562,49.6956425289514,40.43152,49.33154703884275,38.555347,41.47774806224737
squeezed_Vĩnh Phúc,2016-04-01,41.557224,47.07359730886841,38.649155,48.962897276190745,40.900562,43.79160510000735,40.43152,43.73524187023032,38.555347,43.77169363098368,38.086304,64.75935057188806
squeezed_Vĩnh Phúc,2016-05-01,38.649155,46.09109135488633,40.900562,38.50032385019123,40.43152,41.94298346668083,38.555347,43.56854922282865,38.086304,49.3530496245625,36.679176,38.744217218848576
squeezed_Vĩnh Phúc,2016-06-01,40.900562,42.33263019317473,40.43152,44.31266791286927,38.555347,39.84052308700555,38.086304,42.953441720610144,36.679176,40.19944425218003,9.756098,42.08178970857559
squeezed_Vĩnh Phúc,2016-07-01,40.43152,35.69895083194551,38.555347,45.8157968730737,38.086304,38.87771761856891,36.679176,37.75785958243162,9.756098,37.360106456177895,29.20488,38.19892976069653
squeezed_Vĩnh Phúc,2016-08-01,38.555347,37.48856795376362,38.086304,36.72614116913723,36.679176,40.20127743457207,9.756098,36.95584283161693,29.20488,33.37610450779718,25.37619,40.40538116810807
squeezed_Vĩnh Phúc,2016-09-01,38.086304,34.81897919641679,36.679176,37.422856944667735,9.756098,38.49551594857823,29.20488,34.19136380046601,25.37619,36.96955973063915,0.0,40.37993727223724
squeezed_Vĩnh Phúc,2016-10-01,36.679176,36.01436270973034,9.756098,37.10558722779531,29.20488,38.79155238656578,25.37619,39.079011116780904,0.0,38.41185897662091,31.163744,42.11617451647295
squeezed_Vĩnh Phúc,2016-11-01,9.756098,36.01240753835947,29.20488,36.20618010917068,25.37619,37.32340661052853,0.0,34.94721226391649,31.163744,41.27112169757771,29.471996,45.48665783371072
squeezed_Vĩnh Phúc,2016-12-01,29.20488,27.45276231482162,25.37619,20.91935213906744,0.0,23.531399919665137,31.163744,28.151293402061135,29.471996,35.55623835397049,28.937761,31.90469119852653
squeezed_Vĩnh Phúc,2017-01-01,25.37619,28.575994331257778,0.0,26.37340677843185,31.163744,22.591912173021726,29.471996,39.117884072348424,28.937761,22.063594831037864,33.300686,21.436850800668253
squeezed_Vĩnh Phúc,2017-02-01,0.0,28.605833317577474,31.163744,31.24750605524985,29.471996,35.783625628746016,28.937761,31.313643991178644,33.300686,37.59684434736647,0.0,32.85797760195367
squeezed_Vĩnh Phúc,2017-03-01,31.163744,14.653625544356604,29.471996,9.691704846533678,28.937761,25.678288594494564,33.300686,22.16945258514532,0.0,21.11389056247965,37.57457,16.27440018967878
squeezed_Vĩnh Phúc,2017-04-01,29.471996,32.0061436117149,28.937761,29.84269558663039,33.300686,31.10071379369011,0.0,35.157507217988474,37.57457,19.50324992086963,35.25955,17.466679778190496
squeezed_Vĩnh Phúc,2017-05-01,28.937761,33.741812992034475,33.300686,31.29077525406759,0.0,28.72780094618256,37.57457,27.38602906411826,35.25955,21.91000568466158,26.355623,60.928418722260076
squeezed_Vĩnh Phúc,2017-06-01,33.300686,29.396401823410475,0.0,27.227486827180044,37.57457,22.30415722057115,35.25955,27.80365903546414,26.355623,58.54253806260363,0.0,45.61793696033117
squeezed_Vĩnh Phúc,2017-07-01,0.0,35.419809777070206,37.57457,30.20676772242732,35.25955,27.28323600645352,26.355623,27.544496284584316,0.0,43.286683059995276,0.0,30.770883568144903
squeezed_Vĩnh Phúc,2017-08-01,37.57457,17.44001917929587,35.25955,19.88413569282871,26.355623,19.576018204270024,0.0,37.471629174428735,0.0,25.069271133549094,0.0,26.663190489301588
squeezed_Vĩnh Phúc,2017-09-01,35.25955,24.91374559114787,26.355623,24.268063677641486,0.0,36.310669655428455,0.0,27.246678772374814,0.0,27.669198373090833,0.0,42.14551370722591
squeezed_Vĩnh Phúc,2017-10-01,26.355623,29.899378945342196,0.0,44.19235374706796,0.0,33.70134622982975,0.0,36.69786062394677,0.0,48.31400553985652,0.0,41.84353880595753
squeezed_Vĩnh Phúc,2017-11-01,0.0,27.353912310820107,0.0,31.939103968975743,0.0,32.12757340356628,0.0,48.52717867675254,0.0,44.09986267746406,0.0,35.167133585251
squeezed_Vĩnh Phúc,2017-12-01,0.0,29.791107680257134,0.0,27.079846710258167,0.0,46.27899749457928,0.0,26.65480857724725,0.0,26.17052251968392,0.0,28.258090827358284
squeezed_Yên Bái,2016-01-01,11.12361,14.153979074830294,29.99625,24.399870889365758,22.997126,20.882070549796154,26.496689,24.405094526125808,22.747156,37.12214637252363,19.247595,33.92268186016928
squeezed_Yên Bái,2016-02-01,29.99625,19.267065538138045,22.997126,23.432359133312495,26.496689,26.525269170605522,22.747156,25.16253065255181,19.247595,41.34671741260922,26.746656,29.39387503295851
squeezed_Yên Bái,2016-03-01,22.997126,30.727292816886973,26.496689,33.5332524010016,22.747156,30.74670988507073,19.247595,40.41998988979404,26.746656,31.981336851969594,18.497688,38.11095920217734
squeezed_Yên Bái,2016-04-01,26.496689,29.47538500928602,22.747156,25.24771927307629,19.247595,25.286430326044396,26.746656,26.07743868696851,18.497688,23.42960541703258,19.247595,22.84173338827901
squeezed_Yên Bái,2016-05-01,22.747156,27.098026007900916,19.247595,25.835294345122954,26.746656,17.357982788900504,18.497688,25.485547230492934,19.247595,21.071079980748177,18.497688,23.788236743890916
squeezed_Yên Bái,2016-06-01,19.247595,22.694400250607604,26.746656,22.926534481235528,18.497688,23.782681820797496,19.247595,21.743318056767283,18.497688,21.40873839074093,2.2497187,22.754437795956445
squeezed_Yên Bái,2016-07-01,26.746656,21.599505855161258,18.497688,20.460788291413863,19.247595,17.997070236753927,18.497688,18.94498724139913,2.2497187,20.6725461181823,14.121144,20.859689482194206
squeezed_Yên Bái,2016-08-01,18.497688,26.06496997774438,19.247595,22.406137717828777,18.497688,21.703283684239345,2.2497187,22.39838215390521,14.121144,21.49376849316586,20.4385,24.869750770464623
squeezed_Yên Bái,2016-09-01,19.247595,19.749706536146093,18.497688,17.774479036882937,2.2497187,16.591781014552925,14.121144,20.64130426524047,20.4385,24.874057222358633,24.03072,26.051976151604382
squeezed_Yên Bái,2016-10-01,18.497688,16.081231237076132,2.2497187,20.996633419170223,14.121144,17.977849041683598,20.4385,22.24397445629078,24.03072,31.09396603029717,22.915892,33.074778683384
squeezed_Yên Bái,2016-11-01,2.2497187,18.82497344535932,14.121144,18.69769074094566,20.4385,18.675512013272026,24.03072,23.584864892156165,22.915892,27.879189450120336,20.810108,26.992635623967228
squeezed_Yên Bái,2016-12-01,14.121144,17.80695837757353,20.4385,6.643288261876695,24.03072,16.799593603762816,22.915892,27.82962314063327,20.810108,20.679498048332054,22.420414,24.022828623821297
squeezed_Yên Bái,2017-01-01,20.4385,13.97643941289847,24.03072,11.309040300047108,22.915892,10.088275247256036,20.810108,21.538625600642636,22.420414,5.82963286783852,25.145546,17.352789795243574
squeezed_Yên Bái,2017-02-01,24.03072,20.82979795165815,22.915892,22.549104466093656,20.810108,26.04362214208176,22.420414,30.07146113960835,25.145546,32.04953843124038,18.952063,25.212208854335948
squeezed_Yên Bái,2017-03-01,22.915892,22.721421994964448,20.810108,25.212744616692003,22.420414,22.13580533356547,25.145546,22.50560565510366,18.952063,25.639887180544854,16.10306,26.351960775832328
squeezed_Yên Bái,2017-04-01,20.810108,25.421416131565508,22.420414,22.85576661187352,25.145546,22.00392940582102,18.952063,21.40340765427263,16.10306,19.923053563143565,9.414097,21.38741043864305
squeezed_Yên Bái,2017-05-01,22.420414,22.71654958872903,25.145546,22.014982181774766,18.952063,18.00657603444784,16.10306,17.433511992816133,9.414097,18.958506358214496,11.89149,25.099257346669052
squeezed_Yên Bái,2017-06-01,25.145546,23.07138761199678,18.952063,21.16078376098521,16.10306,20.148038414582107,9.414097,19.838011633454947,11.89149,20.98882425881734,11.643751,34.42184839323939
squeezed_Yên Bái,2017-07-01,18.952063,24.06604381842699,16.10306,20.9823006880497,9.414097,18.49076333814794,11.89149,23.85114965377839,11.643751,34.79821353851899,18.904984,30.76521441855504
squeezed_Yên Bái,2017-08-01,16.10306,18.949472992166754,9.414097,16.04531243125046,11.89149,21.900435110797254,11.643751,34.02263522805652,18.904984,30.42449089196329,14.117358,25.314120099150436
squeezed_Yên Bái,2017-09-01,9.414097,13.816804810827522,11.89149,16.356875310908716,11.643751,36.044376403957706,18.904984,22.7911547974947,14.117358,24.16244743745434,17.18635,25.562017418608583
squeezed_Yên Bái,2017-10-01,11.89149,6.751490625971133,11.643751,29.22920480726967,18.904984,20.8277987817565,14.117358,20.767890170886346,17.18635,26.456832717150863,14.485637,25.18624497155892
squeezed_Yên Bái,2017-11-01,11.643751,27.99254845278548,18.904984,16.23976719566437,14.117358,17.32675294912596,17.18635,27.00608835021216,14.485637,25.787118448186355,18.413946,29.77230085694015
squeezed_Yên Bái,2017-12-01,18.904984,23.258547331665206,14.117358,22.964271649022642,17.18635,24.340175830726672,14.485637,25.843095335523135,18.413946,33.00363532078691,16.449791,28.56566698177204
squeezed_Điện Biên,2016-01-01,170.97237,156.45582992410138,278.4356,172.2005531176128,222.82024,170.90881171838043,202.72694,172.91640443790416,201.82993,214.5842223052225,155.00539,202.37622743290893
squeezed_Điện Biên,2016-02-01,278.4356,169.455281726773,222.82024,186.65237694258755,202.72694,179.53947542578297,201.82993,195.10552787520626,155.00539,209.5691286908369,148.54683,192.49460016705424
squeezed_Điện Biên,2016-03-01,222.82024,227.35375185188119,202.72694,226.4837305594852,201.82993,205.43209877871712,155.00539,281.8985700153274,148.54683,224.77138694318492,151.9555,216.98833067742052
squeezed_Điện Biên,2016-04-01,202.72694,219.92743381030365,201.82993,216.15309969812714,155.00539,268.71795639093693,148.54683,246.00040882504277,151.9555,216.83334704785827,141.19124,192.06082290357125
squeezed_Điện Biên,2016-05-01,201.82993,226.16191224332036,155.00539,238.10776088583359,148.54683,237.4337902935107,151.9555,208.52079472728892,141.19124,175.29070278254736,161.10513,181.46960935932216
squeezed_Điện Biên,2016-06-01,155.00539,215.1141107076822,148.54683,204.9247969100112,151.9555,185.93630168783957,141.19124,189.2790816498605,161.10513,162.658483694244,1.435235,168.3831992542609
squeezed_Điện Biên,2016-07-01,148.54683,178.63474711740426,151.9555,159.9606152263755,141.19124,158.80586586285142,161.10513,157.06259724139375,1.435235,161.28203878599524,152.05385,171.56850828203784
squeezed_Điện Biên,2016-08-01,151.9555,153.54636540654238,141.19124,146.4202062716791,161.10513,153.7026961665302,1.435235,152.82408822526233,152.05385,168.10311993471925,0.0,133.9174468655743
squeezed_Điện Biên,2016-09-01,141.19124,146.36106631945648,161.10513,142.16283341837794,1.435235,157.46788193523705,152.05385,148.92544600921877,0.0,133.76938337370672,0.0,163.05521460401613
squeezed_Điện Biên,2016-10-01,161.10513,145.4641538463252,1.435235,141.85300890096443,152.05385,144.64612729897297,0.0,139.5539647965652,0.0,174.59671846399903,136.52054,160.94088432121924
squeezed_Điện Biên,2016-11-01,1.435235,142.21744001449278,152.05385,153.2295883090685,0.0,130.911917721986,0.0,185.16109181557704,136.52054,167.30488502503283,147.39386,158.67189362417736
squeezed_Điện Biên,2016-12-01,152.05385,108.43737466745739,0.0,84.23328196002592,0.0,85.81092669421007,136.52054,81.5977809605889,147.39386,72.57896384815,157.4042,118.53514204753185
squeezed_Điện Biên,2017-01-01,0.0,141.40594822729886,0.0,147.06112858868858,136.52054,126.3879176627688,147.39386,114.84947271634054,157.4042,142.13103802583143,0.0,130.466632233938
squeezed_Điện Biên,2017-02-01,0.0,105.24804163301758,136.52054,56.99306821977316,147.39386,54.99350729824808,157.4042,82.931479288899,0.0,64.70214391091216,137.3835,68.605208140683
squeezed_Điện Biên,2017-03-01,136.52054,11.561572756758864,147.39386,14.120112857060079,157.4042,8.867936790189884,0.0,9.172856429177003,137.3835,13.619075688686411,181.04936,6.711817025185444
squeezed_Điện Biên,2017-04-01,147.39386,110.68795566934074,157.4042,104.4091916449844,0.0,103.49721006622137,137.3835,104.80698086176578,181.04936,88.60530953372587,0.0,71.20854033635774
squeezed_Điện Biên,2017-05-01,157.4042,127.41341800540258,0.0,124.34833991257173,137.3835,108.78837906620033,181.04936,111.10960028613778,0.0,101.52863544386146,132.03314,103.92671919381807
squeezed_Điện Biên,2017-06-01,0.0,130.9176956216085,137.3835,112.75276779552888,181.04936,104.87831363304612,0.0,104.28712791970209,132.03314,116.37655379657404,0.0,121.09726516794227
squeezed_Điện Biên,2017-07-01,137.3835,67.73143374691622,181.04936,69.57832360922673,0.0,48.53540516673859,132.03314,68.01393525819941,0.0,96.06315724924562,0.0,86.27802800348884
squeezed_Điện Biên,2017-08-01,181.04936,110.81906396773238,0.0,105.68846159419537,132.03314,95.03708677912961,0.0,99.70314512864039,0.0,95.91350850099747,159.18713,94.90196539209515
squeezed_Điện Biên,2017-09-01,0.0,139.03284041472998,132.03314,136.69356457288114,0.0,110.21681432887085,0.0,107.46527447885215,159.18713,117.56374652835498,0.0,143.7399565439403
squeezed_Điện Biên,2017-10-01,132.03314,88.89166683962718,0.0,80.7622905533345,0.0,62.881866507653804,159.18713,80.47096691417173,0.0,144.3913974934459,0.0,94.36006441357829
squeezed_Điện Biên,2017-11-01,0.0,107.92766166795442,0.0,105.18192272687769,159.18713,122.25002012150739,0.0,131.77011777162994,0.0,115.94083504297907,0.0,121.41886258480808
squeezed_Điện Biên,2017-12-01,0.0,65.15658026106438,159.18713,81.60784091870063,0.0,79.58194776644541,0.0,82.95049508276763,0.0,64.7563207785807,0.0,90.3149641519983
squeezed_Đà Nẵng,2016-01-01,17.683043,24.322287961951925,13.190595,32.615556174363135,22.653412,28.844214136609338,21.601988,30.023790802059317,25.903269,33.763457205715895,22.940165,32.65167784223675
squeezed_Đà Nẵng,2016-02-01,13.190595,27.235603888534527,22.653412,29.046519039304133,21.601988,28.164717286333385,25.903269,25.42378959423601,22.940165,42.16028243633177,40.90996,33.692061346187494
squeezed_Đà Nẵng,2016-03-01,22.653412,24.58923341440098,21.601988,28.07541399960772,25.903269,29.395219565057108,22.940165,31.353438925582363,40.90996,40.42508779549361,25.616516,23.26497296107157
squeezed_Đà Nẵng,2016-04-01,21.601988,26.071384632532627,25.903269,35.275303965069206,22.940165,32.332618864257114,40.90996,37.95578447651224,25.616516,30.610790954878915,28.675205,36.33885805288482
squeezed_Đà Nẵng,2016-05-01,25.903269,43.68720247412013,22.940165,28.130436111069756,40.90996,25.143673887587287,25.616516,50.191878585056116,28.675205,29.164851733849293,23.704836,26.110349537655598
squeezed_Đà Nẵng,2016-06-01,22.940165,46.25781036902326,40.90996,29.91961985882976,25.616516,31.224446868641074,28.675205,33.13405471606592,23.704836,21.754735604438885,23.704836,25.917599824464013
squeezed_Đà Nẵng,2016-07-01,40.90996,43.64393931133364,25.616516,38.90502442202547,28.675205,26.995752452868533,23.704836,38.87608243535352,23.704836,22.897325211284198,46.27437,20.222804571693246
squeezed_Đà Nẵng,2016-08-01,25.616516,32.56906151685405,28.675205,33.88343633670477,23.704836,39.11684737394091,23.704836,29.463227818979345,46.27437,23.145612605991474,24.594645,29.984645199837335
squeezed_Đà Nẵng,2016-09-01,28.675205,56.961874072787445,23.704836,25.168099776566727,23.704836,29.679660740515637,46.27437,16.077315334722652,24.594645,22.216469785163465,63.03516,23.835944993576778
squeezed_Đà Nẵng,2016-10-01,23.704836,28.495349040905193,23.704836,26.191662784893914,46.27437,30.572529876707275,24.594645,25.717152387690838,63.03516,32.225180992181514,32.610676,30.73280436217871
squeezed_Đà Nẵng,2016-11-01,23.704836,37.89099098234024,46.27437,28.098574319073837,24.594645,21.177987534898147,63.03516,31.061500873185615,32.610676,33.152263328916916,96.19238,33.53167893973913
squeezed_Đà Nẵng,2016-12-01,46.27437,36.48846248166063,24.594645,26.287012896434945,63.03516,25.2870569588785,32.610676,27.919939045603897,96.19238,31.085488155150404,24.685736,33.48855814776046
squeezed_Đà Nẵng,2017-01-01,24.594645,38.29613233854627,63.03516,43.05765440649316,32.610676,40.80240061376647,96.19238,36.091384025741455,24.685736,36.66291055755992,33.70377,47.5221673216826
squeezed_Đà Nẵng,2017-02-01,63.03516,40.47204974386568,32.610676,40.652552930633384,96.19238,34.50410618558286,24.685736,38.18956212489051,33.70377,42.745117652787016,0.0,30.08398612989353
squeezed_Đà Nẵng,2017-03-01,32.610676,50.46869607692723,96.19238,52.105086734585605,24.685736,51.59195010631574,33.70377,50.90768301183983,0.0,49.20509755106089,0.0,48.04094425296337
squeezed_Đà Nẵng,2017-04-01,96.19238,46.40207665532734,24.685736,32.95617600633316,33.70377,29.8078602280663,0.0,33.09668285256079,0.0,53.53706496993364,0.0,32.71675257956026
squeezed_Đà Nẵng,2017-05-01,24.685736,58.66523775274689,33.70377,70.37972651416193,0.0,58.59954596507196,0.0,109.5137087852667,0.0,70.99326533295046,0.0,72.79053722771293
squeezed_Đà Nẵng,2017-06-01,33.70377,45.28604908924987,0.0,62.61156112911438,0.0,53.63006244017124,0.0,45.86345008298473,0.0,56.52214024794393,0.0,38.641701508290275
squeezed_Đà Nẵng,2017-07-01,0.0,52.96163890636618,0.0,36.20762807779088,0.0,38.5886395462955,0.0,56.10096772737798,0.0,32.0214217020122,25.215363,27.108260629151193
squeezed_Đà Nẵng,2017-08-01,0.0,9.36145304375607,0.0,32.40063589100099,0.0,15.855677821642248,0.0,20.0150817190355,25.215363,11.595952840081067,25.035894,21.654661887827764
squeezed_Đà Nẵng,2017-09-01,0.0,13.91907787462594,0.0,4.5366912143600215,0.0,11.726664259490654,25.215363,2.8841574006526,25.035894,8.781954520146476,30.68916,18.008841430297977
squeezed_Đà Nẵng,2017-10-01,0.0,8.772743722629238,0.0,32.82866130950089,25.215363,0.36778758013449575,25.035894,7.471361627857389,30.68916,15.787770933833208,26.292175,12.417864265816988
squeezed_Đà Nẵng,2017-11-01,0.0,17.124721663495986,25.215363,5.4320847364882265,25.035894,3.6152924812555405,30.68916,15.61158219409171,26.292175,25.335112000314624,28.4458,13.487811679395026
squeezed_Đà Nẵng,2017-12-01,25.215363,19.096967647686785,25.035894,14.46492236051579,30.68916,1.9983175420470705,26.292175,15.28503672732534,28.4458,22.01904338670459,0.0,24.954502655720315
squeezed_Đắk Lắk,2016-01-01,49.239796,62.07753951475987,53.13417,61.04709705052403,56.12163,70.00855432071894,61.082954,65.73833696833073,70.04535,71.57801642279212,58.57562,74.48443158668339
squeezed_Đắk Lắk,2016-02-01,53.13417,68.6367019685938,56.12163,58.6413820121085,61.082954,64.44038849618995,70.04535,64.80427779837838,58.57562,73.74999318572426,64.23046,77.30773736913918
squeezed_Đắk Lắk,2016-03-01,56.12163,55.699205160404766,61.082954,59.36917769521073,70.04535,61.96589763504799,58.57562,66.90247874672782,64.23046,75.6689624328736,55.801548,57.93053708793377
squeezed_Đắk Lắk,2016-04-01,61.082954,61.46645995330036,70.04535,61.613405258880334,58.57562,61.929306420476564,64.23046,65.7212266256246,55.801548,62.16411449908788,47.63937,46.00927244113433
squeezed_Đắk Lắk,2016-05-01,70.04535,61.26808665558329,58.57562,63.016237756814505,64.23046,57.09071058230724,55.801548,52.17064060456942,47.63937,49.67823637697247,40.91758,49.22094740929392
squeezed_Đắk Lắk,2016-06-01,58.57562,70.89368977788384,64.23046,61.742770881487615,55.801548,57.69712713200688,47.63937,51.266042753330716,40.91758,51.928993061981714,13.016805,49.96692079680995
squeezed_Đắk Lắk,2016-07-01,64.23046,60.80092317552945,55.801548,52.020712316261715,47.63937,52.455739386934226,40.91758,50.045373662033086,13.016805,53.969880387855795,39.074745,50.257217564322104
squeezed_Đắk Lắk,2016-08-01,55.801548,54.80923297150913,47.63937,53.2955999086595,40.91758,54.56653962558452,13.016805,56.43190524239556,39.074745,48.11350377865143,38.047886,52.6502144906016
squeezed_Đắk Lắk,2016-09-01,47.63937,52.27952119657503,40.91758,50.4881197680486,13.016805,53.956114839672466,39.074745,54.92731517078879,38.047886,51.80770878863602,61.50354,62.886099630724786
squeezed_Đắk Lắk,2016-10-01,40.91758,45.05367037014812,13.016805,52.821824097808275,39.074745,49.564647157220186,38.047886,55.42897757195269,61.50354,53.34830245981252,57.990597,59.296479461869644
squeezed_Đắk Lắk,2016-11-01,13.016805,42.694995787770935,39.074745,47.03778979482057,38.047886,43.52244887879141,61.50354,52.39997201267147,57.990597,54.31921393909445,69.664375,52.60503388021803
squeezed_Đắk Lắk,2016-12-01,39.074745,56.9306632096086,38.047886,37.54356570894964,61.50354,38.79408589595793,57.990597,47.4086151604343,69.664375,41.425084967412886,73.60969,46.715819451278904
squeezed_Đắk Lắk,2017-01-01,38.047886,40.918050482026985,61.50354,38.84085965991194,57.990597,38.05799140795254,69.664375,40.749234630130154,73.60969,41.47598748104463,63.7194,58.70902048329628
squeezed_Đắk Lắk,2017-02-01,61.50354,46.69428409145233,57.990597,42.37221964225304,69.664375,41.60386259489271,73.60969,47.8794081766534,63.7194,61.49440946083513,53.396748,41.931276010610404
squeezed_Đắk Lắk,2017-03-01,57.990597,50.18960502591332,69.664375,52.29553778566393,73.60969,55.01727148924868,63.7194,58.152077580626624,53.396748,57.04843519539564,45.506134,54.79770973495103
squeezed_Đắk Lắk,2017-04-01,69.664375,61.05392560590036,73.60969,57.143044913561866,63.7194,55.02465609784937,53.396748,52.9411138704002,45.506134,49.74159267097304,57.774414,46.583447533853764
squeezed_Đắk Lắk,2017-05-01,73.60969,64.59260017310656,63.7194,65.95458124915643,53.396748,53.612982880636125,45.506134,47.95982433809974,57.774414,50.701812479804694,50.37021,37.24035364052701
squeezed_Đắk Lắk,2017-06-01,63.7194,71.59545662216922,53.396748,56.50721828415506,45.506134,52.85940860750862,57.774414,51.62991759457496,50.37021,47.39870808032931,34.913258,43.09700820040841
squeezed_Đắk Lắk,2017-07-01,53.396748,56.250550747648,45.506134,50.399453741986996,57.774414,50.96595936590462,50.37021,49.34088982702044,34.913258,45.08483956199589,81.33226,42.366322577950825
squeezed_Đắk Lắk,2017-08-01,45.506134,47.271162645703846,57.774414,49.52043596189918,50.37021,47.32157598981781,34.913258,49.127011802149966,81.33226,41.96069995495569,183.29305,38.843989448510456
squeezed_Đắk Lắk,2017-09-01,57.774414,41.67093451976646,50.37021,43.79685964071226,34.913258,44.077029946046835,81.33226,42.68486610267068,183.29305,47.34782190419526,65.10878,47.84170814392056
squeezed_Đắk Lắk,2017-10-01,50.37021,49.10309461062009,34.913258,46.55845433619972,81.33226,43.41258952068696,183.29305,43.8691758764018,65.10878,52.55152988808092,44.695137,52.24990530130211
squeezed_Đắk Lắk,2017-11-01,34.913258,51.2543971032505,81.33226,48.8677205956083,183.29305,50.5316910705675,65.10878,49.10054324705157,44.695137,53.458668561312024,62.95998,51.480718802718286
squeezed_Đắk Lắk,2017-12-01,81.33226,39.9741698665662,183.29305,44.18372977179784,65.10878,47.99127014977014,44.695137,46.01128514278315,62.95998,49.53570112493404,59.14585,51.929430853772026
squeezed_Đắk Nông,2016-01-01,16.187645,4.11047629335118,23.785927,22.023701786242455,19.160885,20.339570354139113,17.509085,27.235165672320964,18.830524,45.31982823682003,15.692104,35.41944096030273
squeezed_Đắk Nông,2016-02-01,23.785927,20.864111288121187,19.160885,25.452259901246844,17.509085,32.77684904172989,18.830524,32.52017630369466,15.692104,30.32530470738243,7.5982823,34.00329163986292
squeezed_Đắk Nông,2016-03-01,19.160885,22.97935457735945,17.509085,27.092262577298175,18.830524,23.22949810660213,15.692104,35.42878589585907,7.5982823,19.042603811577912,6.2768416,19.842532444023536
squeezed_Đắk Nông,2016-04-01,17.509085,22.922586061834267,18.830524,19.276020516669334,15.692104,18.393712314976845,7.5982823,15.631455444650044,6.2768416,19.99901423436439,8.589362,17.469364266704147
squeezed_Đắk Nông,2016-05-01,18.830524,16.291040993002603,15.692104,17.590597835119116,7.5982823,13.262483567149118,6.2768416,21.69050245643929,8.589362,19.254963467699035,25.768087,18.585428322321754
squeezed_Đắk Nông,2016-06-01,15.692104,16.7471964074046,7.5982823,14.508998330035539,6.2768416,12.882112720216956,8.589362,18.57449000444559,25.768087,18.08164056616711,0.0,21.975848567257767
squeezed_Đắk Nông,2016-07-01,7.5982823,14.278544287187602,6.2768416,16.608356917408507,8.589362,13.639415775038595,25.768087,21.19382524070511,0.0,21.751397434228075,11.572161,36.46852986499467
squeezed_Đắk Nông,2016-08-01,6.2768416,4.510470103414387,8.589362,9.456144290558024,25.768087,13.387990699372706,0.0,27.124359578113562,11.572161,26.651652494485347,21.987104,25.30771418197988
squeezed_Đắk Nông,2016-09-01,8.589362,10.834356987156136,25.768087,7.525864319161068,0.0,14.898889160109993,11.572161,33.68220869512013,21.987104,22.68880119079953,20.333939,21.905533041095513
squeezed_Đắk Nông,2016-10-01,25.768087,7.535014422351065,0.0,11.986323515512227,11.572161,34.48304864080757,21.987104,26.422899046935115,20.333939,20.437790697086385,14.713176,24.493612678650315
squeezed_Đắk Nông,2016-11-01,0.0,22.279641574257337,11.572161,40.65393394716596,21.987104,26.631912007136492,20.333939,23.38926151819356,14.713176,26.592968372768247,22.979004,20.340556544976923
squeezed_Đắk Nông,2016-12-01,11.572161,70.16641216501796,21.987104,17.241632058262095,20.333939,13.912582801782419,14.713176,11.174670902617047,22.979004,22.983830964830062,21.325838,22.50980150823156
squeezed_Đắk Nông,2017-01-01,21.987104,11.329373718586119,20.333939,14.90498824943894,14.713176,13.0345975606821,22.979004,23.47838428179601,21.325838,22.79421924381006,15.043809,20.370589852100146
squeezed_Đắk Nông,2017-02-01,20.333939,19.59917482722794,14.713176,25.615866724474287,22.979004,12.029002778422242,21.325838,21.53789177166373,15.043809,20.4802042527943,12.398744,32.59783425309683
squeezed_Đắk Nông,2017-03-01,14.713176,16.207911236857754,22.979004,20.75834170005376,21.325838,14.054056608800783,15.043809,21.763035341562617,12.398744,29.04661176477076,12.06811,39.102464317631586
squeezed_Đắk Nông,2017-04-01,22.979004,16.10964250550275,21.325838,19.108636367422143,15.043809,10.674111725094576,12.398744,32.172044952841176,12.06811,33.16257970873015,15.043809,35.14818647167814
squeezed_Đắk Nông,2017-05-01,21.325838,20.0176250005516,15.043809,17.258203746892143,12.398744,25.56523615152367,12.06811,38.345873177289405,15.043809,31.65588294348412,17.35824,18.677101913864995
squeezed_Đắk Nông,2017-06-01,15.043809,15.52658371569589,12.398744,38.93547203369857,12.06811,35.32218107482769,15.043809,35.648080065358066,17.35824,23.34676029658394,16.36634,38.08459190503547
squeezed_Đắk Nông,2017-07-01,12.398744,28.020309563829972,12.06811,35.9097821281642,15.043809,29.20800547336839,17.35824,15.308560716557075,16.36634,28.15658477248326,17.54956,24.093057113861146
squeezed_Đắk Nông,2017-08-01,12.06811,20.58956483670158,15.043809,30.682324548709882,17.35824,21.39567804855365,16.36634,30.134601991499363,17.54956,16.361932129090984,15.112123,15.875806002724065
squeezed_Đắk Nông,2017-09-01,15.043809,20.92438033213179,17.35824,17.347240096507253,16.36634,26.86635831668219,17.54956,19.205806903175258,15.112123,16.277079585820776,20.79948,24.359998128143246
squeezed_Đắk Nông,2017-10-01,17.35824,15.092643611342137,16.36634,31.275180202026608,17.54956,20.601295807128864,15.112123,20.67581972333061,20.79948,26.46237062239929,20.79948,22.6309226893374
squeezed_Đắk Nông,2017-11-01,16.36634,26.72857964181448,17.54956,14.42663618005973,15.112123,16.417142620424627,20.79948,23.817214101710668,20.79948,20.219108325067516,11.862204,18.28041560699095
squeezed_Đắk Nông,2017-12-01,17.54956,19.631851148702616,15.112123,19.914750131905823,20.79948,27.95716003627257,20.79948,25.9233213422484,11.862204,21.071040119947632,16.737082,29.992160066254616
squeezed_Đồng Tháp,2016-01-01,76.2757,70.65133941447472,72.0678,84.84768848262367,71.949265,86.53187370314146,81.906006,70.58058333916284,69.34155,75.04336687047207,82.261604,83.47767621277634
squeezed_Đồng Tháp,2016-02-01,72.0678,84.87758283948054,71.949265,84.97127779523687,81.906006,81.74741800909908,69.34155,83.29330006180803,82.261604,73.58810508589352,65.48924,87.04705962580698
squeezed_Đồng Tháp,2016-03-01,71.949265,80.60618278276121,81.906006,76.496633778455,69.34155,74.76996976308926,82.261604,79.39197118775476,65.48924,75.04764359744343,59.50335,71.25916365050213
squeezed_Đồng Tháp,2016-04-01,81.906006,76.5973958505679,69.34155,67.06631795484746,82.261604,85.4942228717229,65.48924,70.9187165659998,59.50335,69.89488505887469,62.111065,65.95192865569753
squeezed_Đồng Tháp,2016-05-01,69.34155,74.07817847020164,82.261604,79.24755347427732,65.48924,82.97377582064759,59.50335,74.56892080647694,62.111065,65.20370318002735,49.961475,65.48203795786816
squeezed_Đồng Tháp,2016-06-01,82.261604,74.15683438456605,65.48924,71.64374487899728,59.50335,63.67362856956115,62.111065,64.87581404753743,49.961475,59.990751083104556,10.075268,65.0706547011915
squeezed_Đồng Tháp,2016-07-01,65.48924,71.91580092953338,59.50335,70.32187584790199,62.111065,61.95185334883195,49.961475,62.90907687846133,10.075268,66.00850332558733,63.503876,62.41593517535743
squeezed_Đồng Tháp,2016-08-01,59.50335,64.94066719363101,62.111065,57.851285059720006,49.961475,58.99454552776952,10.075268,61.60832982568228,63.503876,59.94477000109126,66.4186,65.58506340536685
squeezed_Đồng Tháp,2016-09-01,62.111065,55.84451090311161,49.961475,59.79145013911716,10.075268,60.562858342894614,63.503876,52.92851623855316,66.4186,63.454811350575646,70.75969,63.66020327240577
squeezed_Đồng Tháp,2016-10-01,49.961475,59.440748621568616,10.075268,67.53943700737035,63.503876,66.57720323522717,66.4186,67.25637531113365,70.75969,72.99590886501919,68.15504,69.84023260702243
squeezed_Đồng Tháp,2016-11-01,10.075268,69.13907943535945,63.503876,64.18594139226926,66.4186,66.47185654959323,70.75969,72.13086720316207,68.15504,72.9032487253024,70.94574,67.7173851005932
squeezed_Đồng Tháp,2016-12-01,63.503876,78.64724270139408,66.4186,61.516958713445526,70.75969,48.02713242671676,68.15504,64.8952443973879,70.94574,64.93071670042183,67.72093,70.51024192502909
squeezed_Đồng Tháp,2017-01-01,66.4186,59.02781918803692,70.75969,60.61777379420655,68.15504,66.80801039617218,70.94574,62.45642710129196,67.72093,60.74247725178288,63.56589,72.80844738601085
squeezed_Đồng Tháp,2017-02-01,70.75969,67.46986906219367,68.15504,59.27061889794018,70.94574,57.2902334264359,67.72093,66.29758217618587,63.56589,74.7200759595873,59.34884,69.79119225418546
squeezed_Đồng Tháp,2017-03-01,68.15504,69.23606405103688,70.94574,63.86522893618364,67.72093,65.2470759025268,63.56589,69.37989470392795,59.34884,69.32307587752781,63.379845,70.61534306856058
squeezed_Đồng Tháp,2017-04-01,70.94574,67.07416689719685,67.72093,65.48653703642388,63.56589,63.629107892230614,59.34884,68.78796387620893,63.379845,60.982023000938284,56.248062,51.49538115676839
squeezed_Đồng Tháp,2017-05-01,67.72093,69.63295846638887,63.56589,68.55055253831776,59.34884,63.143794928987504,63.379845,59.379735324062366,56.248062,55.27391359812621,65.30232,51.72976548126725
squeezed_Đồng Tháp,2017-06-01,63.56589,64.06608066601356,59.34884,61.26697803823391,63.379845,65.37407496585283,56.248062,52.539862816636386,65.30232,51.053228387463186,46.511627,56.44636552809763
squeezed_Đồng Tháp,2017-07-01,59.34884,56.83272026088733,63.379845,55.9034267889247,56.248062,56.16579046391204,65.30232,52.47249331272713,46.511627,60.686697767578146,69.173775,54.52781290387744
squeezed_Đồng Tháp,2017-08-01,63.379845,56.26942456299937,56.248062,52.231235968026795,65.30232,53.06879774931717,46.511627,56.70893802020785,69.173775,52.527284588255206,73.59442,58.85504149839926
squeezed_Đồng Tháp,2017-09-01,56.248062,54.93119415644734,65.30232,58.43217532398619,46.511627,59.658712589952316,69.173775,51.636554302876824,73.59442,59.723843074026775,60.20796,64.7764603262014
squeezed_Đồng Tháp,2017-10-01,65.30232,54.54364626871367,46.511627,57.72632544450472,69.173775,56.27090193930318,73.59442,58.458520519822734,60.20796,68.69203767109863,56.596725,64.17869880091197
squeezed_Đồng Tháp,2017-11-01,46.511627,60.30288249362448,69.173775,56.93799509297146,73.59442,57.847030233383926,60.20796,60.31265586736398,56.596725,64.58170496375197,55.600525,60.709799527967895
squeezed_Đồng Tháp,2017-12-01,69.173775,54.24392443419092,73.59442,53.1369462323161,60.20796,58.32672017563656,56.596725,58.602533809547616,55.600525,58.938859145853094,51.615715,59.580741215932974
