province,date,actual_t+1,pred_t+1,actual_t+2,pred_t+2,actual_t+3,pred_t+3,actual_t+4,pred_t+4,actual_t+5,pred_t+5,actual_t+6,pred_t+6
squeezed_An Giang,2017-12-01,38.011395,4.2207713,41.42931,4.2109103,41.58467,4.2422457,27.964785,4.356164,29.207664,4.3255725,29.052305,4.24151
squeezed_BR Vũng Tàu,2016-01-01,11.355311,5.7153206,18.498169,5.6892023,16.575092,5.754342,11.263737,5.8445244,4.85348,5.8140297,4.2124543,5.7291994
squeezed_BR Vũng Tàu,2016-02-01,18.498169,9.675207,16.575092,9.645264,11.263737,9.720794,4.85348,9.7801285,4.2124543,9.738453,19.322344,9.645155
squeezed_BR Vũng Tàu,2016-03-01,16.575092,13.710054,11.263737,13.667501,4.85348,13.741651,4.2124543,13.756887,19.322344,13.7050905,17.124542,13.628308
squeezed_BR Vũng Tàu,2016-04-01,11.263737,18.165375,4.85348,18.090828,4.2124543,18.165714,19.322344,18.147985,17.124542,18.074133,10.897436,18.001112
squeezed_BR Vũng Tàu,2016-05-01,4.85348,20.076653,4.2124543,19.973793,19.322344,20.032219,17.124542,20.005627,10.897436,19.91917,2.4725275,19.850286
squeezed_BR Vũng Tàu,2016-06-01,4.2124543,19.48904,19.322344,19.37259,17.124542,19.403324,10.897436,19.394396,2.4725275,19.311527,2.4725275,19.253096
squeezed_BR Vũng Tàu,2016-07-01,19.322344,19.14415,17.124542,19.03597,10.897436,19.041868,2.4725275,19.044209,2.4725275,18.964285,5.322924,18.925838
squeezed_BR Vũng Tàu,2016-08-01,17.124542,18.853123,10.897436,18.74477,2.4725275,18.750053,2.4725275,18.762953,5.322924,18.677208,3.548616,18.646826
squeezed_BR Vũng Tàu,2016-09-01,10.897436,18.851059,2.4725275,18.737406,2.4725275,18.743898,5.322924,18.762297,3.548616,18.671345,10.290986,18.648468
squeezed_BR Vũng Tàu,2016-10-01,2.4725275,19.800787,2.4725275,19.700172,5.322924,19.698761,3.548616,19.705582,10.290986,19.621775,3.6373315,19.5987
squeezed_BR Vũng Tàu,2016-11-01,2.4725275,22.303545,5.322924,22.190619,3.548616,22.206585,10.290986,22.17685,3.6373315,22.091824,2.838893,22.074928
squeezed_BR Vũng Tàu,2016-12-01,5.322924,25.616713,3.548616,25.487331,10.290986,25.530235,3.6373315,25.442608,2.838893,25.357948,3.3711853,25.341873
squeezed_BR Vũng Tàu,2017-01-01,3.548616,27.850044,10.290986,27.699234,3.6373315,27.775345,2.838893,27.642113,3.3711853,27.558739,5.056778,27.534658
squeezed_BR Vũng Tàu,2017-02-01,10.290986,28.186567,3.6373315,28.050816,2.838893,28.117882,3.3711853,27.969116,5.056778,27.902771,4.790632,27.873558
squeezed_BR Vũng Tàu,2017-03-01,3.6373315,26.334251,2.838893,26.215433,3.3711853,26.290485,5.056778,26.148106,4.790632,26.082077,0.5322924,26.059925
squeezed_BR Vũng Tàu,2017-04-01,2.838893,23.21432,3.3711853,23.0934,5.056778,23.18991,4.790632,23.050423,0.5322924,23.000122,3.1050391,22.98063
squeezed_BR Vũng Tàu,2017-05-01,3.3711853,19.909197,5.056778,19.788841,4.790632,19.884514,0.5322924,19.761984,3.1050391,19.733242,5.500355,19.714838
squeezed_BR Vũng Tàu,2017-06-01,5.056778,19.07901,4.790632,18.929716,0.5322924,19.031006,3.1050391,18.92084,5.500355,18.901527,2.661462,18.863241
squeezed_BR Vũng Tàu,2017-07-01,4.790632,20.853117,0.5322924,20.714987,3.1050391,20.768147,5.500355,20.670015,2.661462,20.65644,2.7233593,20.627298
squeezed_BR Vũng Tàu,2017-08-01,0.5322924,21.202744,3.1050391,21.071875,5.500355,21.106255,2.661462,21.017286,2.7233593,20.996162,2.3719583,20.964256
squeezed_BR Vũng Tàu,2017-09-01,3.1050391,22.83436,5.500355,22.689182,2.661462,22.73788,2.7233593,22.628769,2.3719583,22.614765,2.3719583,22.573324
squeezed_BR Vũng Tàu,2017-10-01,5.500355,22.946745,2.661462,22.821955,2.7233593,22.86623,2.3719583,22.742483,2.3719583,22.750011,2.4598086,22.68993
squeezed_BR Vũng Tàu,2017-11-01,2.661462,23.640915,2.7233593,23.536991,2.3719583,23.566357,2.3719583,23.443876,2.4598086,23.431229,2.284108,23.393175
squeezed_BR Vũng Tàu,2017-12-01,2.7233593,23.986933,2.3719583,23.885075,2.3719583,23.905884,2.4598086,23.794594,2.284108,23.759644,0.3514012,23.731747
squeezed_Bình Phước,2016-01-01,10.1421995,27.913746,15.683814,27.801624,19.44793,27.849277,18.716019,27.704716,19.552488,27.641262,24.466751,27.643776
squeezed_Bình Phước,2016-02-01,15.683814,29.553621,19.44793,29.378597,18.716019,29.507122,19.552488,29.32666,24.466751,29.270763,18.820578,29.26316
squeezed_Bình Phước,2016-03-01,19.44793,29.97636,18.716019,29.782871,19.552488,29.936829,24.466751,29.753014,18.820578,29.719086,11.710582,29.68327
squeezed_Bình Phước,2016-04-01,18.716019,28.956648,19.552488,28.755424,24.466751,28.9164,18.820578,28.733421,11.710582,28.722198,10.560435,28.672918
squeezed_Bình Phước,2016-05-01,19.552488,26.81115,24.466751,26.61546,18.820578,26.761059,11.710582,26.600346,10.560435,26.598782,11.81514,26.534475
squeezed_Bình Phước,2016-06-01,24.466751,24.999432,18.820578,24.817411,11.710582,24.918053,10.560435,24.795984,11.81514,24.812248,0.0,24.717089
squeezed_Bình Phước,2016-07-01,18.820578,22.973026,11.710582,22.82473,10.560435,22.905178,11.81514,22.805727,0.0,22.804096,2.5704298,22.71106
squeezed_Bình Phước,2016-08-01,11.710582,22.576698,10.560435,22.428091,11.81514,22.506592,0.0,22.403074,2.5704298,22.397099,9.767633,22.317316
squeezed_Bình Phước,2016-09-01,10.560435,21.988228,11.81514,21.845516,0.0,21.919449,2.5704298,21.825396,9.767633,21.794533,14.702858,21.738058
squeezed_Bình Phước,2016-10-01,11.81514,23.508823,0.0,23.373388,2.5704298,23.427143,9.767633,23.336235,14.702858,23.28761,11.412708,23.253561
squeezed_Bình Phước,2016-11-01,0.0,23.432224,2.5704298,23.312576,9.767633,23.33736,14.702858,23.252039,11.412708,23.191372,13.777504,23.174774
squeezed_Bình Phước,2016-12-01,2.5704298,24.416948,9.767633,24.282568,14.702858,24.337753,11.412708,24.237635,13.777504,24.153526,9.664816,24.145197
squeezed_Bình Phước,2017-01-01,9.767633,22.571415,14.702858,22.433493,11.412708,22.530895,13.777504,22.418158,9.664816,22.32534,13.983138,22.333628
squeezed_Bình Phước,2017-02-01,14.702858,21.596272,11.412708,21.466131,13.777504,21.591164,9.664816,21.443653,13.983138,21.394478,9.356364,21.4012
squeezed_Bình Phước,2017-03-01,11.412708,21.44302,13.777504,21.295967,9.664816,21.457527,13.983138,21.279829,9.356364,21.257668,15.114127,21.259905
squeezed_Bình Phước,2017-04-01,13.777504,22.991425,9.664816,22.837715,13.983138,22.996246,9.356364,22.808714,15.114127,22.807236,15.319761,22.816347
squeezed_Bình Phước,2017-05-01,9.664816,25.655828,13.983138,25.499023,9.356364,25.625893,15.114127,25.443975,15.319761,25.462875,19.123997,25.454685
squeezed_Bình Phước,2017-06-01,13.983138,28.527122,9.356364,28.39238,15.114127,28.463135,15.319761,28.284256,19.123997,28.326355,10.590171,28.283394
squeezed_Bình Phước,2017-07-01,9.356364,30.199453,15.114127,30.061228,15.319761,30.122849,19.123997,29.942886,10.590171,29.981277,8.731851,29.911808
squeezed_Bình Phước,2017-08-01,15.114127,31.67149,15.319761,31.50875,19.123997,31.580215,10.590171,31.392796,8.731851,31.432236,5.6858563,31.34116
squeezed_Bình Phước,2017-09-01,15.319761,31.73408,19.123997,31.556612,10.590171,31.628994,8.731851,31.441416,5.6858563,31.476807,10.051782,31.362442
squeezed_Bình Phước,2017-10-01,19.123997,30.88976,10.590171,30.732176,8.731851,30.787216,5.6858563,30.616638,10.051782,30.631283,12.793177,30.532894
squeezed_Bình Phước,2017-11-01,10.590171,27.546726,8.731851,27.424196,5.6858563,27.448727,10.051782,27.310366,12.793177,27.291267,11.676312,27.24238
squeezed_Bình Phước,2017-12-01,8.731851,27.507347,5.6858563,27.338837,10.051782,27.396374,12.793177,27.269987,11.676312,27.203953,11.168647,27.176832
squeezed_Bình Thuận,2016-01-01,59.94929,30.378036,58.149998,30.19844,44.982414,30.23236,51.85246,30.064419,56.596058,30.063725,79.00548,30.039925
squeezed_Bình Thuận,2016-02-01,58.149998,35.13015,44.982414,34.923996,51.85246,34.992435,56.596058,34.765972,79.00548,34.798344,68.455055,34.757286
squeezed_Bình Thuận,2016-03-01,44.982414,44.547516,51.85246,44.231274,56.596058,44.42178,79.00548,44.046154,68.455055,44.18462,59.540363,44.11113
squeezed_Bình Thuận,2016-04-01,51.85246,52.59555,56.596058,52.22872,79.00548,52.452965,68.455055,52.00185,59.540363,52.171825,70.41793,52.062336
squeezed_Bình Thuận,2016-05-01,56.596058,61.036366,79.00548,60.69982,68.455055,60.87328,59.540363,60.365086,70.41793,60.540623,66.819336,60.41609
squeezed_Bình Thuận,2016-06-01,79.00548,66.80443,68.455055,66.431366,59.540363,66.607895,70.41793,66.03139,66.819336,66.211205,3.435021,66.06351
squeezed_Bình Thuận,2016-07-01,68.455055,70.53375,59.540363,70.09549,70.41793,70.29454,66.819336,69.6804,3.435021,69.84909,37.443672,69.68102
squeezed_Bình Thuận,2016-08-01,59.540363,72.43851,70.41793,71.9859,66.819336,72.15789,3.435021,71.53375,37.443672,71.705444,28.676771,71.534294
squeezed_Bình Thuận,2016-09-01,70.41793,75.40045,66.819336,75.009346,3.435021,75.09207,37.443672,74.46991,28.676771,74.66002,52.10979,74.526855
squeezed_Bình Thuận,2016-10-01,66.819336,73.151764,3.435021,72.806435,37.443672,72.802864,28.676771,72.23096,52.10979,72.4171,60.303154,72.30892
squeezed_Bình Thuận,2016-11-01,3.435021,64.887344,37.443672,64.58842,28.676771,64.52116,52.10979,64.0669,60.303154,64.18325,45.39123,64.090805
squeezed_Bình Thuận,2016-12-01,37.443672,55.132896,28.676771,54.816845,52.10979,54.779156,60.303154,54.416225,45.39123,54.455914,51.044655,54.36097
squeezed_Bình Thuận,2017-01-01,28.676771,54.464603,52.10979,54.084476,60.303154,54.109364,45.39123,53.713802,51.044655,53.794086,0.0,53.660904
squeezed_Bình Thuận,2017-02-01,52.10979,57.798397,60.303154,57.39887,45.39123,57.465908,51.044655,57.039936,0.0,57.135147,90.70053,56.98917
squeezed_Bình Thuận,2017-03-01,60.303154,53.787502,45.39123,53.40547,51.044655,53.473236,0.0,53.105434,90.70053,53.16786,112.167145,53.041634
squeezed_Bình Thuận,2017-04-01,45.39123,48.011936,51.044655,47.674316,0.0,47.70201,90.70053,47.43814,112.167145,47.46213,97.746826,47.37694
squeezed_Bình Thuận,2017-05-01,51.044655,44.421528,0.0,44.081524,90.70053,44.112633,112.167145,43.882004,97.746826,43.909546,118.476036,43.821556
squeezed_Bình Thuận,2017-06-01,0.0,41.51523,90.70053,41.205193,112.167145,41.24593,97.746826,41.031185,118.476036,41.070564,0.0,40.969532
squeezed_Bình Thuận,2017-07-01,90.70053,39.638004,112.167145,39.36881,97.746826,39.398506,118.476036,39.19175,0.0,39.249626,78.057526,39.141697
squeezed_Bình Thuận,2017-08-01,112.167145,35.488243,97.746826,35.27324,118.476036,35.31573,0.0,35.124943,78.057526,35.193317,50.435917,35.07627
squeezed_Bình Thuận,2017-09-01,97.746826,35.919605,118.476036,35.702072,0.0,35.7251,78.057526,35.542297,50.435917,35.60282,57.769085,35.49756
squeezed_Bình Thuận,2017-10-01,118.476036,38.986782,0.0,38.75071,78.057526,38.740486,50.435917,38.540295,57.769085,38.603123,53.450665,38.50011
squeezed_Bình Thuận,2017-11-01,0.0,40.286873,78.057526,40.0442,50.435917,40.025215,57.769085,39.805237,53.450665,39.87287,69.50216,39.773293
squeezed_Bình Thuận,2017-12-01,78.057526,39.890965,50.435917,39.658676,57.769085,39.666294,53.450665,39.443764,69.50216,39.49434,70.47991,39.40131
squeezed_Bình Định,2016-01-01,27.744982,37.43626,26.36757,37.27795,23.67834,37.24754,15.413879,37.06882,18.693428,37.08572,17.119244,37.038055
squeezed_Bình Định,2016-02-01,26.36757,33.17256,23.67834,33.007267,15.413879,32.998653,18.693428,32.847927,17.119244,32.830692,17.775154,32.808395
squeezed_Bình Định,2016-03-01,23.67834,27.912489,15.413879,27.776648,18.693428,27.760345,17.119244,27.65207,17.775154,27.59951,17.250427,27.593912
squeezed_Bình Định,2016-04-01,15.413879,25.243698,18.693428,25.10623,17.119244,25.130714,17.775154,25.034018,17.250427,24.956272,16.79129,24.951794
squeezed_Bình Định,2016-05-01,18.693428,25.050314,17.119244,24.894115,17.775154,24.955814,17.250427,24.838743,16.79129,24.779118,26.433163,24.765747
squeezed_Bình Định,2016-06-01,17.119244,26.04743,17.775154,25.872555,17.250427,25.949577,16.79129,25.809483,26.433163,25.779099,0.0,25.754864
squeezed_Bình Định,2016-07-01,17.775154,27.897482,17.250427,27.709957,16.79129,27.785656,26.433163,27.62886,0.0,27.618309,22.988506,27.586884
squeezed_Bình Định,2016-08-01,17.250427,29.567411,16.79129,29.382898,26.433163,29.437183,0.0,29.273043,22.988506,29.275158,26.95436,29.234163
squeezed_Bình Định,2016-09-01,16.79129,32.799294,26.433163,32.59917,0.0,32.638325,22.988506,32.47827,26.95436,32.477097,19.560396,32.42699
squeezed_Bình Định,2016-10-01,26.433163,35.59938,0.0,35.414894,22.988506,35.416378,26.95436,35.244637,19.560396,35.245975,12.771392,35.209236
squeezed_Bình Định,2016-11-01,0.0,30.255877,22.988506,30.061993,26.95436,30.068905,19.560396,29.92996,12.771392,29.913994,14.317403,29.889448
squeezed_Bình Định,2016-12-01,22.988506,27.390923,26.95436,27.20787,19.560396,27.20903,12.771392,27.094162,14.317403,27.075512,14.048532,27.046247
squeezed_Bình Định,2017-01-01,26.95436,27.416355,19.560396,27.236792,12.771392,27.231396,14.317403,27.106833,14.048532,27.075516,13.712442,27.068008
squeezed_Bình Định,2017-02-01,19.560396,29.88439,12.771392,29.696041,14.317403,29.686348,14.048532,29.557499,13.712442,29.502277,16.199503,29.503572
squeezed_Bình Định,2017-03-01,12.771392,30.520641,14.317403,30.35191,14.048532,30.328606,13.712442,30.205542,16.199503,30.155125,15.728977,30.149189
squeezed_Bình Định,2017-04-01,14.317403,29.305908,14.048532,29.14198,13.712442,29.127102,16.199503,29.017044,15.728977,28.95279,15.124017,28.954441
squeezed_Bình Định,2017-05-01,14.048532,30.435675,13.712442,30.251379,16.199503,30.26315,15.728977,30.160013,15.124017,30.076305,17.81273,30.064888
squeezed_Bình Định,2017-06-01,13.712442,33.42414,16.199503,33.202007,15.728977,33.2196,15.124017,33.101025,17.81273,33.034492,15.863413,32.995018
squeezed_Bình Định,2017-07-01,16.199503,35.954903,15.728977,35.683544,15.124017,35.692726,17.81273,35.572666,15.863413,35.52512,18.416454,35.46028
squeezed_Bình Định,2017-08-01,15.728977,36.901375,15.124017,36.60748,17.81273,36.627823,15.863413,36.498947,18.416454,36.470596,22.38204,36.400166
squeezed_Bình Định,2017-09-01,15.124017,37.679714,17.81273,37.35582,15.863413,37.408215,18.416454,37.257484,22.38204,37.244442,18.1476,37.1781
squeezed_Bình Định,2017-10-01,17.81273,38.06761,15.863413,37.793736,18.416454,37.80336,22.38204,37.655567,18.1476,37.659214,13.980373,37.60773
squeezed_Bình Định,2017-11-01,15.863413,40.825356,18.416454,40.52181,22.38204,40.561844,18.1476,40.363087,13.980373,40.392044,10.48528,40.2974
squeezed_Bình Định,2017-12-01,18.416454,39.745567,22.38204,39.48882,18.1476,39.479744,13.980373,39.285954,10.48528,39.31787,12.232827,39.226215
squeezed_Bạc Liêu,2016-01-01,9.365831,43.504444,7.447529,43.2161,7.8988943,43.25918,11.622659,42.967285,9.0273075,43.021397,9.252991,42.97142
squeezed_Bạc Liêu,2016-02-01,7.447529,52.736393,7.8988943,52.3956,11.622659,52.49669,9.0273075,52.09558,9.252991,52.184837,6.7704806,52.0976
squeezed_Bạc Liêu,2016-03-01,7.8988943,58.49642,11.622659,58.13602,9.0273075,58.23586,9.252991,57.792442,6.7704806,57.89229,8.124577,57.7711
squeezed_Bạc Liêu,2016-04-01,11.622659,57.80658,9.0273075,57.424995,9.252991,57.505764,6.7704806,57.082096,8.124577,57.18832,5.6420674,57.025154
squeezed_Bạc Liêu,2016-05-01,9.0273075,58.240696,9.252991,57.841316,6.7704806,57.92191,8.124577,57.48976,5.6420674,57.606087,5.303543,57.433052
squeezed_Bạc Liêu,2016-06-01,9.252991,56.606426,6.7704806,56.26179,8.124577,56.27105,5.6420674,55.875217,5.303543,55.99011,5.303543,55.84234
squeezed_Bạc Liêu,2016-07-01,6.7704806,55.42515,8.124577,55.086117,5.6420674,55.067486,5.303543,54.70939,5.303543,54.799126,13.033307,54.646038
squeezed_Bạc Liêu,2016-08-01,8.124577,54.7839,5.6420674,54.45236,5.303543,54.405334,5.303543,54.074898,13.033307,54.145695,8.243288,54.00464
squeezed_Bạc Liêu,2016-09-01,5.6420674,49.968575,5.303543,49.64951,5.303543,49.58892,13.033307,49.30672,8.243288,49.35132,9.245851,49.23628
squeezed_Bạc Liêu,2016-10-01,5.303543,42.565483,5.303543,42.284157,13.033307,42.225883,8.243288,42.008533,9.245851,42.01435,2.2279158,41.948875
squeezed_Bạc Liêu,2016-11-01,5.303543,40.339973,13.033307,40.050556,8.243288,40.01062,9.245851,39.820072,2.2279158,39.777775,13.590286,39.740604
squeezed_Bạc Liêu,2016-12-01,13.033307,38.46468,8.243288,38.17649,9.245851,38.145798,2.2279158,37.974705,13.590286,37.914692,3.8988526,37.897537
squeezed_Bạc Liêu,2017-01-01,8.243288,39.031315,9.245851,38.744617,2.2279158,38.71734,13.590286,38.522366,3.8988526,38.481956,18.937284,38.451557
squeezed_Bạc Liêu,2017-02-01,9.245851,45.01717,2.2279158,44.695335,13.590286,44.700596,3.8988526,44.424305,18.937284,44.413063,21.1652,44.383724
squeezed_Bạc Liêu,2017-03-01,2.2279158,47.39796,13.590286,47.101234,3.8988526,47.097515,18.937284,46.826733,21.1652,46.795372,22.613346,46.80143
squeezed_Bạc Liêu,2017-04-01,13.590286,47.33635,3.8988526,47.036613,18.937284,47.03789,21.1652,46.772736,22.613346,46.748447,5.235602,46.75622
squeezed_Bạc Liêu,2017-05-01,3.8988526,48.420246,18.937284,48.113037,21.1652,48.113865,22.613346,47.82187,5.235602,47.83656,7.6863093,47.83294
squeezed_Bạc Liêu,2017-06-01,18.937284,48.391655,21.1652,48.073086,22.613346,48.069557,5.235602,47.785786,7.6863093,47.827885,11.139579,47.79497
squeezed_Bạc Liêu,2017-07-01,21.1652,48.122517,22.613346,47.811348,5.235602,47.797913,7.6863093,47.523354,11.139579,47.572266,23.698782,47.50677
squeezed_Bạc Liêu,2017-08-01,22.613346,48.505867,5.235602,48.212284,7.6863093,48.191456,11.139579,47.916187,23.698782,47.965073,12.070875,47.855988
squeezed_Bạc Liêu,2017-09-01,5.235602,46.484024,7.6863093,46.22618,11.139579,46.2018,23.698782,45.930958,12.070875,45.996254,6.866002,45.88022
squeezed_Bạc Liêu,2017-10-01,7.6863093,38.69316,11.139579,38.4961,23.698782,38.490307,12.070875,38.278587,6.866002,38.324383,8.970099,38.242832
squeezed_Bạc Liêu,2017-11-01,11.139579,32.03884,23.698782,31.876858,12.070875,31.889297,6.866002,31.737957,8.970099,31.725243,21.594685,31.678926
squeezed_Bạc Liêu,2017-12-01,23.698782,30.870754,12.070875,30.692633,6.866002,30.725315,8.970099,30.589699,21.594685,30.53341,16.389812,30.505077
squeezed_Bắc Giang,2016-01-01,44.76351,37.22285,57.372105,37.050907,62.80164,37.0731,48.44353,36.90609,39.21332,36.93584,39.032337,36.887966
squeezed_Bắc Giang,2016-02-01,57.372105,41.17928,62.80164,40.927963,48.44353,41.011692,39.21332,40.81877,39.032337,40.84933,49.89141,40.77845
squeezed_Bắc Giang,2016-03-01,62.80164,40.78678,48.44353,40.533493,39.21332,40.626133,39.032337,40.407387,49.89141,40.42155,54.53668,40.37491
squeezed_Bắc Giang,2016-04-01,48.44353,38.20816,39.21332,37.97146,39.032337,38.081966,49.89141,37.849525,54.53668,37.90029,46.030407,37.822563
squeezed_Bắc Giang,2016-05-01,39.21332,35.66321,39.032337,35.41636,49.89141,35.54901,54.53668,35.318596,46.030407,35.382034,46.81467,35.28246
squeezed_Bắc Giang,2016-06-01,39.032337,36.43083,49.89141,36.099228,54.53668,36.299465,46.030407,36.038162,46.81467,36.11727,10.97973,35.991863
squeezed_Bắc Giang,2016-07-01,49.89141,39.812885,54.53668,39.505173,46.030407,39.658695,46.81467,39.387325,10.97973,39.46175,29.134039,39.40038
squeezed_Bắc Giang,2016-08-01,54.53668,46.00414,46.030407,45.716496,46.81467,45.81943,10.97973,45.55132,29.134039,45.573723,36.906956,45.576504
squeezed_Bắc Giang,2016-09-01,46.030407,51.282154,46.81467,51.00719,10.97973,51.062057,29.134039,50.81117,36.906956,50.8234,39.21004,50.825855
squeezed_Bắc Giang,2016-10-01,46.81467,51.079777,10.97973,50.77596,29.134039,50.8173,36.906956,50.61235,39.21004,50.603546,58.90143,50.557495
squeezed_Bắc Giang,2016-11-01,10.97973,51.25986,29.134039,50.992817,36.906956,50.99721,39.21004,50.839165,58.90143,50.798687,42.319206,50.731293
squeezed_Bắc Giang,2016-12-01,29.134039,47.83782,36.906956,47.609966,39.21004,47.602585,58.90143,47.445194,42.319206,47.421535,34.60387,47.33634
squeezed_Bắc Giang,2017-01-01,36.906956,56.553543,39.21004,56.355618,58.90143,56.364887,42.319206,56.10954,34.60387,56.147583,32.99171,55.997868
squeezed_Bắc Giang,2017-02-01,39.21004,66.56962,58.90143,66.251465,42.319206,66.35034,34.60387,65.97811,32.99171,66.01969,40.131275,65.82287
squeezed_Bắc Giang,2017-03-01,58.90143,68.55379,42.319206,68.162094,34.60387,68.31314,32.99171,67.81468,40.131275,67.95709,49.286045,67.68608
squeezed_Bắc Giang,2017-04-01,42.319206,71.500946,34.60387,71.03195,32.99171,71.261925,40.131275,70.67876,49.286045,70.83726,51.646706,70.54871
squeezed_Bắc Giang,2017-05-01,34.60387,73.513535,32.99171,73.04653,40.131275,73.30298,49.286045,72.66502,51.646706,72.85145,48.825424,72.61168
squeezed_Bắc Giang,2017-06-01,32.99171,85.50267,40.131275,84.989586,49.286045,85.27518,51.646706,84.53836,48.825424,84.7301,53.14371,84.576195
squeezed_Bắc Giang,2017-07-01,40.131275,96.48682,49.286045,95.96691,51.646706,96.18054,48.825424,95.36363,53.14371,95.59522,29.254572,95.568436
squeezed_Bắc Giang,2017-08-01,49.286045,102.77971,51.646706,102.25213,48.825424,102.38403,53.14371,101.540955,29.254572,101.81887,35.049225,101.818115
squeezed_Bắc Giang,2017-09-01,51.646706,95.9957,48.825424,95.46223,53.14371,95.526634,29.254572,94.77775,35.049225,95.0804,34.767933,95.01236
squeezed_Bắc Giang,2017-10-01,48.825424,85.35573,53.14371,84.75141,29.254572,84.83093,35.049225,84.21472,34.767933,84.44829,34.88045,84.31649
squeezed_Bắc Giang,2017-11-01,53.14371,76.59128,29.254572,75.98059,35.049225,76.037155,34.767933,75.55146,34.88045,75.68983,28.579466,75.512596
squeezed_Bắc Giang,2017-12-01,29.254572,64.981476,35.049225,64.44526,34.767933,64.4571,34.88045,64.15059,28.579466,64.15757,23.178621,63.96018
squeezed_Bắc Kạn,2016-01-01,176.48903,165.64565,286.5204,165.58191,342.31976,165.61784,280.56427,165.07756,294.67084,165.07874,232.91536,164.8382
squeezed_Bắc Kạn,2016-02-01,286.5204,239.20743,342.31976,239.978,280.56427,239.80838,294.67084,239.31876,232.91536,238.88872,199.05956,238.86024
squeezed_Bắc Kạn,2016-03-01,342.31976,259.01855,280.56427,260.08633,294.67084,259.73114,232.91536,259.40353,199.05956,258.65286,285.57993,258.73788
squeezed_Bắc Kạn,2016-04-01,280.56427,263.80734,294.67084,264.95782,232.91536,264.5082,199.05956,264.28058,285.57993,263.39813,284.95297,263.5025
squeezed_Bắc Kạn,2016-05-01,294.67084,264.98938,232.91536,266.1616,199.05956,265.68115,285.57993,265.48795,284.95297,264.56445,268.65204,264.67114
squeezed_Bắc Kạn,2016-06-01,232.91536,265.15506,199.05956,266.3306,285.57993,265.84424,284.95297,265.65744,268.65204,264.72693,174.92163,264.83417
squeezed_Bắc Kạn,2016-07-01,199.05956,265.01028,285.57993,266.18307,284.95297,265.69458,268.65204,265.509,174.92163,264.57925,205.55017,264.68817
squeezed_Bắc Kạn,2016-08-01,285.57993,263.57266,284.95297,264.71268,268.65204,264.2185,174.92163,264.03137,205.55017,263.12143,262.98807,263.24518
squeezed_Bắc Kạn,2016-09-01,284.95297,259.4028,268.65204,260.47095,174.92163,259.9457,205.55017,259.76566,262.98807,258.9047,320.10327,259.04868
squeezed_Bắc Kạn,2016-10-01,268.65204,258.39948,174.92163,259.4512,205.55017,258.91937,262.98807,258.74576,320.10327,257.89236,271.05518,258.0331
squeezed_Bắc Kạn,2016-11-01,174.92163,261.10095,205.55017,262.1988,262.98807,261.6823,320.10327,261.5118,271.05518,260.62344,231.68764,260.7474
squeezed_Bắc Kạn,2016-12-01,205.55017,263.6745,262.98807,264.81976,320.10327,264.3191,271.05518,264.1439,231.68764,263.2242,254.92094,263.3376
squeezed_Bắc Kạn,2017-01-01,262.98807,264.99133,320.10327,266.16333,271.05518,265.66843,231.68764,265.49063,254.92094,264.55542,348.8222,264.66327
squeezed_Bắc Kạn,2017-02-01,320.10327,265.33472,271.05518,266.51343,231.68764,266.0202,254.92094,265.84152,348.8222,264.90237,402.71054,265.00928
squeezed_Bắc Kạn,2017-03-01,271.05518,265.40207,231.68764,266.58215,254.92094,266.0892,348.8222,265.91037,402.71054,264.97052,506.9377,265.07724
squeezed_Bắc Kạn,2017-04-01,231.68764,265.41403,254.92094,266.5944,348.8222,266.10144,402.71054,265.92252,506.9377,264.9825,412.71378,265.08923
squeezed_Bắc Kạn,2017-05-01,254.92094,265.41672,348.8222,266.5971,402.71054,266.10413,506.9377,265.92526,412.71378,264.98523,371.73282,265.092
squeezed_Bắc Kạn,2017-06-01,348.8222,265.41644,402.71054,266.59683,506.9377,266.1039,412.71378,265.92502,371.73282,264.98502,0.0,265.0917
squeezed_Bắc Kạn,2017-07-01,402.71054,265.4156,506.9377,266.59598,412.71378,266.103,371.73282,265.92416,0.0,264.98407,279.48718,265.09076
squeezed_Bắc Kạn,2017-08-01,506.9377,265.41467,412.71378,266.59503,371.73282,266.1021,0.0,265.92325,279.48718,264.9832,206.73077,265.0899
squeezed_Bắc Kạn,2017-09-01,412.71378,265.4132,371.73282,266.59357,0.0,266.1006,279.48718,265.9217,206.73077,264.98163,275.32053,265.08838
squeezed_Bắc Kạn,2017-10-01,371.73282,265.41257,0.0,266.59302,279.48718,266.0999,206.73077,265.92114,275.32053,264.98105,278.20514,265.08774
squeezed_Bắc Kạn,2017-11-01,0.0,265.4128,279.48718,266.59323,206.73077,266.10016,275.32053,265.92136,278.20514,264.98135,225.32051,265.08807
squeezed_Bắc Kạn,2017-12-01,279.48718,265.41205,206.73077,266.59244,275.32053,266.09946,278.20514,265.92056,225.32051,264.9805,195.1923,265.0873
squeezed_Cao Bằng,2016-01-01,306.15326,265.41748,331.25708,266.59787,296.33823,266.10498,341.26086,265.9261,307.66327,264.98605,267.0819,265.09274
squeezed_Cao Bằng,2016-02-01,331.25708,265.41806,296.33823,266.59845,341.26086,266.10553,307.66327,265.92667,267.0819,264.9866,346.92337,265.09332
squeezed_Cao Bằng,2016-03-01,296.33823,265.4184,341.26086,266.59882,307.66327,266.10593,267.0819,265.927,346.92337,264.98703,389.20346,265.09372
squeezed_Cao Bằng,2016-04-01,341.26086,265.41855,307.66327,266.59903,267.0819,266.1061,346.92337,265.92715,389.20346,264.98718,283.31445,265.09387
squeezed_Cao Bằng,2016-05-01,307.66327,265.4187,267.0819,266.59915,346.92337,266.1062,389.20346,265.92728,283.31445,264.98724,322.3858,265.09393
squeezed_Cao Bằng,2016-06-01,267.0819,265.41846,346.92337,266.59885,389.20346,266.106,283.31445,265.92703,322.3858,264.9871,451.67987,265.09378
squeezed_Cao Bằng,2016-07-01,346.92337,265.41852,389.20346,266.59897,283.31445,266.10608,322.3858,265.92715,451.67987,264.98712,271.08664,265.09384
squeezed_Cao Bằng,2016-08-01,389.20346,265.41815,283.31445,266.5986,322.3858,266.1057,451.67987,265.92676,271.08664,264.98676,379.3693,265.09344
squeezed_Cao Bằng,2016-09-01,283.31445,265.4177,322.3858,266.5981,451.67987,266.1052,271.08664,265.9263,379.3693,264.98627,350.87387,265.093
squeezed_Cao Bằng,2016-10-01,322.3858,265.41733,451.67987,266.59775,271.08664,266.10486,379.3693,265.92596,350.87387,264.98593,309.46048,265.09262
squeezed_Cao Bằng,2016-11-01,451.67987,265.4176,271.08664,266.59796,379.3693,266.10507,350.87387,265.9262,309.46048,264.98615,0.0,265.09283
squeezed_Cao Bằng,2016-12-01,271.08664,265.41785,379.3693,266.59827,350.87387,266.10535,309.46048,265.92645,0.0,264.98636,208.20668,265.0931
squeezed_Cao Bằng,2017-01-01,379.3693,265.41827,350.87387,266.5987,309.46048,266.10577,0.0,265.92685,208.20668,264.98685,268.61703,265.09357
squeezed_Cao Bằng,2017-02-01,350.87387,265.41855,309.46048,266.599,0.0,266.1061,208.20668,265.9272,268.61703,264.98718,369.3009,265.09387
squeezed_Cao Bằng,2017-03-01,309.46048,265.41858,0.0,266.599,208.20668,266.10614,268.61703,265.92722,369.3009,264.9872,348.40427,265.09393
squeezed_Cao Bằng,2017-04-01,0.0,265.41864,208.20668,266.59906,268.61703,266.10617,369.3009,265.92725,348.40427,264.98724,0.0,265.09393
squeezed_Cao Bằng,2017-05-01,208.20668,265.41867,268.61703,266.59912,369.3009,266.1062,348.40427,265.92728,0.0,264.98724,295.78268,265.094
squeezed_Cao Bằng,2017-06-01,268.61703,265.41824,369.3009,266.59863,348.40427,266.10577,0.0,265.92688,295.78268,264.98685,293.1231,265.09354
squeezed_Cao Bằng,2017-07-01,369.3009,265.41718,348.40427,266.59763,0.0,266.1047,295.78268,265.92584,293.1231,264.98575,264.9896,265.09247
squeezed_Cao Bằng,2017-08-01,348.40427,265.41266,0.0,266.59302,295.78268,266.10004,293.1231,265.92117,264.9896,264.9811,228.6741,265.08786
squeezed_Cao Bằng,2017-09-01,0.0,265.40207,295.78268,266.58246,293.1231,266.08923,264.9896,265.9105,228.6741,264.97037,0.0,265.07712
squeezed_Cao Bằng,2017-10-01,295.78268,265.3826,293.1231,266.56204,264.9896,266.06897,228.6741,265.8901,0.0,264.95047,238.13127,265.0577
squeezed_Cao Bằng,2017-11-01,293.1231,264.90814,264.9896,266.07574,228.6741,265.58142,0.0,265.40158,238.13127,264.46948,255.72159,264.58316
squeezed_Cao Bằng,2017-12-01,264.9896,254.8235,228.6741,255.87665,0.0,255.31885,238.13127,255.16602,255.72159,254.35786,193.30434,254.44992
squeezed_Cà Mau,2016-01-01,7.279568,74.62019,8.17929,73.78906,5.725503,73.86798,6.1344676,73.55609,5.8890886,73.3201,8.261083,72.76614
squeezed_Cà Mau,2016-02-01,8.17929,59.415066,5.725503,58.96794,6.1344676,58.918953,5.8890886,58.596657,8.261083,58.570805,7.443154,58.475998
squeezed_Cà Mau,2016-03-01,5.725503,55.709347,6.1344676,55.29962,5.8890886,55.26991,8.261083,54.991516,7.443154,54.907333,8.015704,54.812634
squeezed_Cà Mau,2016-04-01,6.1344676,50.47514,5.8890886,50.09684,8.261083,50.064533,7.443154,49.816986,8.015704,49.724228,6.1344676,49.657234
squeezed_Cà Mau,2016-05-01,5.8890886,51.349197,8.261083,50.894993,7.443154,50.873806,8.015704,50.595734,6.1344676,50.551376,5.8890886,50.468758
squeezed_Cà Mau,2016-06-01,8.261083,55.85536,7.443154,55.355797,8.015704,55.313442,6.1344676,54.99513,5.8890886,55.00367,5.8890886,54.89417
squeezed_Cà Mau,2016-07-01,7.443154,57.14757,8.015704,56.6435,6.1344676,56.569695,5.8890886,56.256145,5.8890886,56.27352,4.0935674,56.13937
squeezed_Cà Mau,2016-08-01,8.015704,55.097614,6.1344676,54.645454,5.8890886,54.54164,5.8890886,54.26255,4.0935674,54.261486,2.3391812,54.141987
squeezed_Cà Mau,2016-09-01,6.1344676,51.399,5.8890886,50.98732,5.8890886,50.87972,4.0935674,50.634953,2.3391812,50.614773,3.8429406,50.518723
squeezed_Cà Mau,2016-10-01,5.8890886,44.718147,5.8890886,44.381535,4.0935674,44.28031,2.3391812,44.081043,3.8429406,44.05241,0.0,43.988094
squeezed_Cà Mau,2016-11-01,5.8890886,36.72954,4.0935674,36.488667,2.3391812,36.396427,3.8429406,36.25431,0.0,36.215828,0.5012531,36.18183
squeezed_Cà Mau,2016-12-01,4.0935674,30.700743,2.3391812,30.48514,3.8429406,30.44595,0.0,30.33823,0.5012531,30.277863,0.41771093,30.267538
squeezed_Cà Mau,2017-01-01,2.3391812,26.730316,3.8429406,26.535404,0.0,26.51339,0.5012531,26.428282,0.41771093,26.377861,0.41771093,26.375261
squeezed_Cà Mau,2017-02-01,3.8429406,26.994669,0.0,26.825603,0.5012531,26.815212,0.41771093,26.715292,0.41771093,26.679771,1.336675,26.703203
squeezed_Cà Mau,2017-03-01,0.0,29.453865,0.5012531,29.270275,0.41771093,29.296425,0.41771093,29.171144,1.336675,29.143227,0.9189641,29.190529
squeezed_Cà Mau,2017-04-01,0.5012531,32.059525,0.41771093,31.833212,0.41771093,31.92139,1.336675,31.739193,0.9189641,31.748016,0.7518797,31.762918
squeezed_Cà Mau,2017-05-01,0.41771093,32.762157,0.41771093,32.541256,1.336675,32.628555,0.9189641,32.42655,0.7518797,32.477245,0.5012531,32.441624
squeezed_Cà Mau,2017-06-01,0.41771093,32.206726,1.336675,32.006382,0.9189641,32.04974,0.7518797,31.883682,0.5012531,31.940792,0.5012531,31.866331
squeezed_Cà Mau,2017-07-01,1.336675,33.798157,0.9189641,33.601746,0.7518797,33.62759,0.5012531,33.472855,0.5012531,33.51426,0.5854801,33.41922
squeezed_Cà Mau,2017-08-01,0.9189641,35.04341,0.7518797,34.84484,0.5012531,34.873226,0.5012531,34.71921,0.5854801,34.747063,0.16728003,34.639168
squeezed_Cà Mau,2017-09-01,0.7518797,33.949112,0.5012531,33.756435,0.5012531,33.7942,0.5854801,33.627052,0.16728003,33.662636,0.0,33.552044
squeezed_Cà Mau,2017-10-01,0.5012531,31.660755,0.5012531,31.50355,0.5854801,31.524147,0.16728003,31.36832,0.0,31.395275,0.08364002,31.301302
squeezed_Cà Mau,2017-11-01,0.5012531,29.112713,0.5854801,28.963026,0.16728003,28.969753,0.0,28.83182,0.08364002,28.82299,0.16728003,28.772768
squeezed_Cà Mau,2017-12-01,0.5854801,27.25499,0.16728003,27.101416,0.0,27.111755,0.08364002,26.997019,0.16728003,26.95237,0.08364002,26.929893
squeezed_Cần Thơ,2016-01-01,0.0,25.018072,0.0,24.901703,0.0,24.87465,0.0,24.7772,0.0,24.73492,0.0,24.74142
squeezed_Cần Thơ,2016-02-01,0.0,24.092134,0.0,24.011898,0.0,24.00069,0.0,23.898659,0.0,23.836784,0.0,23.849274
squeezed_Cần Thơ,2016-03-01,0.0,20.980633,0.0,20.905762,0.0,20.93766,0.0,20.838299,0.0,20.770226,0.0,20.786995
squeezed_Cần Thơ,2016-04-01,0.0,17.0705,0.0,17.012678,0.0,17.046745,0.0,16.968248,0.0,16.905716,0.0,16.926924
squeezed_Cần Thơ,2016-05-01,0.0,14.40293,0.0,14.358403,0.0,14.376957,0.0,14.339588,0.0,14.272248,0.0,14.279231
squeezed_Cần Thơ,2016-06-01,0.0,12.339146,0.0,12.307789,0.0,12.316357,0.0,12.322314,0.0,12.244015,0.0,12.234814
squeezed_Cần Thơ,2016-07-01,0.0,10.921201,0.0,10.8977165,0.0,10.91078,0.0,10.946117,0.0,10.855409,0.0,10.837993
squeezed_Cần Thơ,2016-08-01,0.0,10.756784,0.0,10.733541,0.0,10.753169,0.0,10.805154,0.0,10.703556,0.0,10.676626
squeezed_Cần Thơ,2016-09-01,0.0,10.189045,0.0,10.172905,0.0,10.194814,0.0,10.259325,0.0,10.157078,0.0,10.123226
squeezed_Cần Thơ,2016-10-01,0.0,9.835022,0.0,9.82911,0.0,9.850216,0.0,9.918627,0.0,9.821184,0.0,9.779629
squeezed_Cần Thơ,2016-11-01,0.0,9.094913,0.0,9.089397,0.0,9.108786,0.0,9.195269,0.0,9.099035,0.0,9.05099
squeezed_Cần Thơ,2016-12-01,0.0,7.7299547,0.0,7.7309294,0.0,7.756707,0.0,7.8556137,0.0,7.7719994,0.0,7.708647
squeezed_Cần Thơ,2017-01-01,0.0,6.503953,0.0,6.5038595,0.0,6.5482926,0.0,6.6458645,0.0,6.5851007,0.0,6.5085964
squeezed_Cần Thơ,2017-02-01,0.0,5.2994,0.0,5.297785,0.0,5.3598814,0.0,5.4411545,0.0,5.4019294,0.0,5.3287516
squeezed_Cần Thơ,2017-03-01,0.0,3.5342114,0.0,3.5388024,0.0,3.6145964,0.0,3.677446,0.0,3.6544256,0.0,3.6024377
squeezed_Cần Thơ,2017-04-01,0.0,1.5408618,0.0,1.5461676,0.0,1.6135178,0.0,1.690532,0.0,1.6740656,0.0,1.6207092
squeezed_Cần Thơ,2017-05-01,0.0,0.89111686,0.0,0.89991665,0.0,0.94559264,0.0,1.0546913,0.0,1.0403881,0.0,0.95006514
squeezed_Cần Thơ,2017-06-01,0.0,0.2630918,0.0,0.27221036,0.0,0.30942988,0.0,0.4171207,0.0,0.41368055,0.0,0.32826114
squeezed_Cần Thơ,2017-07-01,0.0,-0.2994523,0.0,-0.30002284,0.0,-0.2625985,0.0,-0.14263701,0.0,-0.14868093,1.4661562,-0.24134088
squeezed_Cần Thơ,2017-08-01,0.0,-0.26265478,0.0,-0.26316714,0.0,-0.2284677,0.0,-0.114836454,1.4661562,-0.11687541,0.0,-0.20072293
squeezed_Cần Thơ,2017-09-01,0.0,-0.5059428,0.0,-0.5081403,0.0,-0.47927094,1.4661562,-0.36046576,0.0,-0.3618555,0.81453127,-0.44902444
squeezed_Cần Thơ,2017-10-01,0.0,0.035237312,0.0,0.029206991,1.4661562,0.055071354,0.0,0.1807971,0.81453127,0.1741178,0.9774375,0.08224797
squeezed_Cần Thơ,2017-11-01,0.0,2.1668277,1.4661562,2.1479225,0.0,2.1696768,0.81453127,2.313748,0.9774375,2.2820034,2.1177812,2.1985245
squeezed_Cần Thơ,2017-12-01,1.4661562,2.9347224,0.0,2.918461,0.81453127,2.9460883,0.9774375,3.0714319,2.1177812,3.0489244,1.0588906,2.963297
squeezed_Gia Lai,2016-01-01,72.46172,8.2265835,68.651665,8.171387,49.813026,8.2387295,56.445354,8.325625,84.73859,8.291388,69.075005,8.198996
squeezed_Gia Lai,2016-02-01,68.651665,17.163614,49.813026,17.081474,56.445354,17.182457,84.73859,17.166986,69.075005,17.143496,66.67607,17.07739
squeezed_Gia Lai,2016-03-01,49.813026,23.29091,56.445354,23.149055,84.73859,23.293571,69.075005,23.173697,66.67607,23.173359,87.77252,23.117327
squeezed_Gia Lai,2016-04-01,56.445354,33.746098,84.73859,33.541855,69.075005,33.70018,66.67607,33.467575,87.77252,33.49963,176.46228,33.439262
squeezed_Gia Lai,2016-05-01,84.73859,48.561604,69.075005,48.27723,66.67607,48.379326,87.77252,48.044884,176.46228,48.11698,175.05115,48.06269
squeezed_Gia Lai,2016-06-01,69.075005,64.24698,66.67607,63.817646,87.77252,63.878563,176.46228,63.481144,175.05115,63.537098,28.293234,63.479076
squeezed_Gia Lai,2016-07-01,66.67607,79.49083,87.77252,78.91383,176.46228,78.95963,175.05115,78.47728,28.293234,78.52826,40.5065,78.48957
squeezed_Gia Lai,2016-08-01,87.77252,81.48479,176.46228,80.78825,175.05115,80.84828,28.293234,80.31967,40.5065,80.37742,54.87099,80.34274
squeezed_Gia Lai,2016-09-01,176.46228,78.55167,175.05115,77.87739,28.293234,77.90947,40.5065,77.43726,54.87099,77.45325,93.33515,77.40999
squeezed_Gia Lai,2016-10-01,175.05115,68.99962,28.293234,68.43002,40.5065,68.43656,54.87099,68.06504,93.33515,68.03472,71.48206,67.974625
squeezed_Gia Lai,2016-11-01,28.293234,61.896545,40.5065,61.368523,54.87099,61.40809,93.33515,61.050106,71.48206,61.02759,68.758934,60.95412
squeezed_Gia Lai,2016-12-01,40.5065,57.668217,54.87099,57.160416,93.33515,57.23961,71.48206,56.88285,68.758934,56.85553,0.0,56.79388
squeezed_Gia Lai,2017-01-01,54.87099,58.33722,93.33515,57.768616,71.48206,57.91125,68.758934,57.537235,0.0,57.49461,85.57424,57.452663
squeezed_Gia Lai,2017-02-01,93.33515,52.384716,71.48206,51.848965,68.758934,51.997223,0.0,51.667984,85.57424,51.63035,11.981755,51.598476
squeezed_Gia Lai,2017-03-01,71.48206,49.369965,68.758934,48.885754,0.0,49.006126,85.57424,48.71835,11.981755,48.684444,12.3902235,48.66346
squeezed_Gia Lai,2017-04-01,68.758934,62.403152,0.0,61.844936,85.57424,61.980232,11.981755,61.611717,12.3902235,61.607815,24.371979,61.583275
squeezed_Gia Lai,2017-05-01,0.0,72.8866,85.57424,72.26051,11.981755,72.38139,12.3902235,71.94003,24.371979,71.96102,74.817894,71.92115
squeezed_Gia Lai,2017-06-01,85.57424,70.52928,11.981755,69.88054,12.3902235,69.97448,24.371979,69.53284,74.817894,69.55203,61.61073,69.49371
squeezed_Gia Lai,2017-07-01,11.981755,56.834576,12.3902235,56.37914,24.371979,56.33483,74.817894,56.054302,61.61073,56.05969,70.00067,56.039135
squeezed_Gia Lai,2017-08-01,12.3902235,44.400227,24.371979,44.039715,74.817894,43.97832,61.61073,43.78048,70.00067,43.790787,64.05028,43.768574
squeezed_Gia Lai,2017-09-01,24.371979,36.819702,74.817894,36.52885,61.61073,36.4764,70.00067,36.309578,64.05028,36.319298,59.16962,36.295544
squeezed_Gia Lai,2017-10-01,74.817894,30.31556,61.61073,30.095474,70.00067,30.058762,64.05028,29.9253,59.16962,29.919807,72.74186,29.869284
squeezed_Gia Lai,2017-11-01,61.61073,28.554544,70.00067,28.387918,64.05028,28.356174,59.16962,28.231789,72.74186,28.196419,57.23073,28.158808
squeezed_Gia Lai,2017-12-01,70.00067,29.208496,64.05028,29.012676,59.16962,29.01844,72.74186,28.897057,57.23073,28.833157,73.87845,28.805435
squeezed_Hà Giang,2016-01-01,139.56622,78.49365,199.36282,78.1721,173.018,78.30383,194.584,77.8527,184.16861,78.0384,147.0408,77.90408
squeezed_Hà Giang,2016-02-01,199.36282,166.67276,173.018,166.67123,194.584,166.60725,184.16861,165.9865,147.0408,166.17169,182.08553,165.98964
squeezed_Hà Giang,2016-03-01,173.018,192.54466,194.584,192.73181,184.16861,192.53166,147.0408,191.84387,182.08553,192.1078,210.26836,191.79256
squeezed_Hà Giang,2016-04-01,194.584,197.22702,184.16861,197.49414,147.0408,197.22345,182.08553,196.52713,210.26836,196.75989,177.06163,196.3905
squeezed_Hà Giang,2016-05-01,184.16861,194.45714,147.0408,194.7206,182.08553,194.42523,210.26836,193.75299,177.06163,193.91573,182.57567,193.48207
squeezed_Hà Giang,2016-06-01,147.0408,184.35149,182.08553,184.55719,210.26836,184.15756,177.06163,183.52802,182.57567,183.62251,114.079155,183.11755
squeezed_Hà Giang,2016-07-01,182.08553,180.93489,210.26836,181.0864,177.06163,180.70639,182.57567,180.08301,114.079155,180.17213,112.15065,179.6341
squeezed_Hà Giang,2016-08-01,210.26836,175.05359,177.06163,175.18611,182.57567,174.75204,114.079155,174.21895,112.15065,174.26479,122.70601,173.69331
squeezed_Hà Giang,2016-09-01,177.06163,169.35771,182.57567,169.40672,114.079155,168.97548,112.15065,168.56033,122.70601,168.56593,139.85846,168.03795
squeezed_Hà Giang,2016-10-01,182.57567,159.76024,114.079155,159.61389,112.15065,159.22334,122.70601,158.84396,139.85846,158.90073,145.01619,158.49503
squeezed_Hà Giang,2016-11-01,114.079155,166.20558,112.15065,166.13733,122.70601,165.72423,139.85846,165.4549,145.01619,165.37875,0.0,165.10786
squeezed_Hà Giang,2016-12-01,112.15065,170.1199,122.70601,170.0722,139.85846,169.6299,145.01619,169.46045,0.0,169.32988,164.92743,169.05849
squeezed_Hà Giang,2017-01-01,122.70601,175.02461,139.85846,175.03502,145.01619,174.5868,0.0,174.40598,164.92743,174.30403,161.44896,173.98318
squeezed_Hà Giang,2017-02-01,139.85846,196.94624,145.01619,197.20506,0.0,196.98674,164.92743,196.61894,161.44896,196.49472,199.71213,196.11632
squeezed_Hà Giang,2017-03-01,145.01619,217.78026,0.0,218.34097,164.92743,218.13742,161.44896,217.73592,199.71213,217.42831,200.55176,217.24893
squeezed_Hà Giang,2017-04-01,0.0,241.66283,164.92743,242.59036,161.44896,242.26393,199.71213,241.95287,200.55176,241.39522,212.0667,241.42128
squeezed_Hà Giang,2017-05-01,164.92743,256.24246,161.44896,257.35858,199.71213,256.90567,200.55176,256.67447,212.0667,255.92165,216.50475,256.01074
squeezed_Hà Giang,2017-06-01,161.44896,260.30307,199.71213,261.46323,200.55176,260.95975,212.0667,260.76352,216.50475,259.935,166.48674,260.02893
squeezed_Hà Giang,2017-07-01,199.71213,255.17308,200.55176,256.34338,212.0667,255.71132,216.50475,255.57726,166.48674,254.81566,133.01831,254.88408
squeezed_Hà Giang,2017-08-01,200.55176,236.4425,212.0667,237.5206,216.50475,236.63097,166.48674,236.62006,133.01831,236.08492,138.45245,236.0151
squeezed_Hà Giang,2017-09-01,212.0667,213.9412,216.50475,214.80551,166.48674,213.98721,133.01831,214.00008,138.45245,213.6017,162.55168,213.3633
squeezed_Hà Giang,2017-10-01,216.50475,200.57489,166.48674,201.25986,133.01831,200.50868,138.45245,200.53383,162.55168,200.1689,186.06024,199.8713
squeezed_Hà Giang,2017-11-01,166.48674,194.18681,133.01831,194.73404,138.45245,193.97583,162.55168,194.03596,186.06024,193.67854,156.2906,193.39742
squeezed_Hà Giang,2017-12-01,133.01831,178.77051,138.45245,179.0107,162.55168,178.26752,186.06024,178.30214,156.2906,177.98601,163.85115,177.69522
squeezed_Hà Nội,2016-01-01,25.653622,115.7845,29.174171,115.05154,26.267672,114.939064,21.450794,114.42647,22.242235,114.504135,19.37667,114.13553
squeezed_Hà Nội,2016-02-01,29.174171,90.914856,26.267672,90.17137,21.450794,90.03158,22.242235,89.47856,19.37667,89.658554,17.220676,89.55104
squeezed_Hà Nội,2016-03-01,26.267672,82.69562,21.450794,81.94994,22.242235,81.84401,19.37667,81.30681,17.220676,81.45955,16.96141,81.41991
squeezed_Hà Nội,2016-04-01,21.450794,74.352325,22.242235,73.62476,19.37667,73.56484,17.220676,73.06106,16.96141,73.169876,18.025763,73.13524
squeezed_Hà Nội,2016-05-01,22.242235,63.57478,19.37667,62.905487,17.220676,62.898975,16.96141,62.468582,18.025763,62.51305,16.101742,62.448948
squeezed_Hà Nội,2016-06-01,19.37667,55.60607,17.220676,54.996014,16.96141,55.00077,18.025763,54.662647,16.101742,54.667698,3.3977404,54.58305
squeezed_Hà Nội,2016-07-01,17.220676,48.743053,16.96141,48.19639,18.025763,48.19496,16.101742,47.94651,3.3977404,47.923466,14.492004,47.846077
squeezed_Hà Nội,2016-08-01,16.96141,44.630424,18.025763,44.109196,16.101742,44.110996,3.3977404,43.90414,14.492004,43.86745,16.532768,43.80553
squeezed_Hà Nội,2016-09-01,18.025763,44.25004,16.101742,43.704018,3.3977404,43.712376,14.492004,43.47647,16.532768,43.45492,19.490583,43.376232
squeezed_Hà Nội,2016-10-01,16.101742,43.95979,3.3977404,43.411724,14.492004,43.400047,16.532768,43.163498,19.490583,43.15674,20.91137,43.06329
squeezed_Hà Nội,2016-11-01,3.3977404,44.541416,14.492004,43.97568,16.532768,43.957188,19.490583,43.708797,20.91137,43.71454,21.66051,43.620605
squeezed_Hà Nội,2016-12-01,14.492004,41.96369,16.532768,41.432446,19.490583,41.41754,20.91137,41.18374,21.66051,41.195946,18.302292,41.098732
squeezed_Hà Nội,2017-01-01,16.532768,33.880005,19.490583,33.442215,20.91137,33.48838,21.66051,33.323425,18.302292,33.297028,23.50753,33.21636
squeezed_Hà Nội,2017-02-01,19.490583,28.952324,20.91137,28.561079,21.66051,28.637138,18.302292,28.591105,23.50753,28.493847,22.383818,28.419258
squeezed_Hà Nội,2017-03-01,20.91137,31.022053,21.66051,30.610422,18.302292,30.69043,23.50753,30.664007,22.383818,30.519108,14.182015,30.446894
squeezed_Hà Nội,2017-04-01,21.66051,30.203217,18.302292,29.801334,23.50753,29.890797,22.383818,29.873594,14.182015,29.724258,20.381804,29.63148
squeezed_Hà Nội,2017-05-01,18.302292,26.911303,23.50753,26.530392,22.383818,26.631927,14.182015,26.632454,20.381804,26.484203,16.041952,26.391127
squeezed_Hà Nội,2017-06-01,23.50753,22.495796,22.383818,22.1705,14.182015,22.262474,20.381804,22.299938,16.041952,22.149078,17.75981,22.077522
squeezed_Hà Nội,2017-07-01,22.383818,21.959465,14.182015,21.633087,20.381804,21.7412,16.041952,21.77116,17.75981,21.61922,14.707183,21.550268
squeezed_Hà Nội,2017-08-01,14.182015,23.050955,20.381804,22.703552,16.041952,22.827042,17.75981,22.840378,14.707183,22.686417,0.0,22.61486
squeezed_Hà Nội,2017-09-01,20.381804,24.371101,16.041952,24.009918,17.75981,24.141396,14.707183,24.150434,0.0,23.985535,16.476088,23.91506
squeezed_Hà Nội,2017-10-01,16.041952,29.60828,17.75981,29.224422,14.707183,29.34156,0.0,29.341393,16.476088,29.161434,0.0,29.10829
squeezed_Hà Nội,2017-11-01,17.75981,42.938168,14.707183,42.395924,0.0,42.514664,16.476088,42.413673,0.0,42.28324,11.219913,42.235394
squeezed_Hà Nội,2017-12-01,14.707183,57.61671,0.0,56.82374,16.476088,56.990196,0.0,56.681313,11.219913,56.67827,15.869606,56.64283
squeezed_Hà Tĩnh,2016-01-01,238.96739,122.09653,231.15181,121.5671,314.9917,121.65251,245.83563,121.16534,251.04602,121.06003,200.83682,121.06852
squeezed_Hà Tĩnh,2016-02-01,231.15181,134.68094,314.9917,133.98936,245.83563,133.95665,251.04602,133.2492,200.83682,133.3339,214.5733,133.15144
squeezed_Hà Tĩnh,2016-03-01,314.9917,131.55681,245.83563,130.7674,251.04602,130.78023,200.83682,129.93979,214.5733,130.1365,215.4417,129.96275
squeezed_Hà Tĩnh,2016-04-01,245.83563,134.32848,251.04602,133.51767,200.83682,133.5275,214.5733,132.65424,215.4417,132.89531,264.5457,132.71628
squeezed_Hà Tĩnh,2016-05-01,251.04602,140.92819,200.83682,140.14941,214.5733,140.09634,215.4417,139.18637,264.5457,139.48999,184.10042,139.3204
squeezed_Hà Tĩnh,2016-06-01,200.83682,142.37837,214.5733,141.6065,215.4417,141.52628,264.5457,140.61797,184.10042,140.94264,120.23368,140.78937
squeezed_Hà Tĩnh,2016-07-01,214.5733,143.9975,215.4417,143.21654,264.5457,143.14603,184.10042,142.24004,120.23368,142.57356,185.68513,142.43648
squeezed_Hà Tĩnh,2016-08-01,215.4417,148.8201,264.5457,148.06795,184.10042,147.99289,120.23368,147.13,185.68513,147.45126,205.14833,147.30856
squeezed_Hà Tĩnh,2016-09-01,264.5457,159.56233,184.10042,158.90932,120.23368,158.89328,185.68513,158.07011,205.14833,158.3855,307.95795,158.19783
squeezed_Hà Tĩnh,2016-10-01,184.10042,179.86052,120.23368,179.66713,185.68513,179.55803,205.14833,178.89563,307.95795,178.98662,260.71262,178.72327
squeezed_Hà Tĩnh,2016-11-01,120.23368,212.15997,185.68513,212.59004,205.14833,212.35518,307.95795,211.92844,260.71262,211.63402,216.44954,211.44058
squeezed_Hà Tĩnh,2016-12-01,185.68513,240.57634,205.14833,241.46404,307.95795,240.99574,260.71262,240.78326,216.44954,240.15059,223.59128,240.057
squeezed_Hà Tĩnh,2017-01-01,205.14833,258.05075,307.95795,259.1596,260.71262,258.63495,216.44954,258.46313,223.59128,257.6223,204.99136,257.65384
squeezed_Hà Tĩnh,2017-02-01,307.95795,262.67496,260.71262,263.831,216.44954,263.31375,223.59128,263.14023,204.99136,262.24014,203.10783,262.3165
squeezed_Hà Tĩnh,2017-03-01,260.71262,262.75595,216.44954,263.91403,223.59128,263.38596,204.99136,263.21667,203.10783,262.31415,226.18114,262.3953
squeezed_Hà Tĩnh,2017-04-01,216.44954,260.52115,223.59128,261.66776,204.99136,261.0941,203.10783,260.9463,226.18114,260.06912,212.91791,260.13144
squeezed_Hà Tĩnh,2017-05-01,223.59128,254.78714,204.99136,255.90485,203.10783,255.21333,226.18114,255.12445,212.91791,254.30609,167.5561,254.30325
squeezed_Hà Tĩnh,2017-06-01,204.99136,239.39278,203.10783,240.44926,226.18114,239.51576,212.91791,239.49384,167.5561,238.93117,163.31816,238.84508
squeezed_Hà Tĩnh,2017-07-01,203.10783,217.61153,226.18114,218.45273,212.91791,217.4819,167.5561,217.37569,163.31816,217.09381,144.631,216.83249
squeezed_Hà Tĩnh,2017-08-01,226.18114,203.74493,212.91791,204.42758,167.5561,203.51097,163.31816,203.33154,144.631,203.14665,177.89926,202.7522
squeezed_Hà Tĩnh,2017-09-01,212.91791,198.26556,167.5561,198.86394,163.31816,198.01419,144.631,197.82216,177.89926,197.66377,198.12573,197.20819
squeezed_Hà Tĩnh,2017-10-01,167.5561,199.36665,163.31816,199.94606,144.631,199.17482,177.89926,198.97025,198.12573,198.81131,177.04022,198.34766
squeezed_Hà Tĩnh,2017-11-01,163.31816,200.9809,144.631,201.58319,177.89926,200.84229,198.12573,200.66719,177.04022,200.47205,152.44046,200.01239
squeezed_Hà Tĩnh,2017-12-01,144.631,212.51593,177.89926,213.25833,198.12573,212.52243,177.04022,212.35487,152.44046,212.08737,136.0406,211.7596
squeezed_Hòa Bình,2016-01-01,75.78491,204.21346,126.669075,204.85416,130.87935,204.07532,136.65343,203.89662,105.978584,203.68604,98.039215,203.27217
squeezed_Hòa Bình,2016-02-01,126.669075,196.14589,130.87935,196.63774,136.65343,195.92166,105.978584,195.7378,98.039215,195.53293,95.63335,195.09026
squeezed_Hòa Bình,2016-03-01,130.87935,192.67328,136.65343,193.0851,105.978584,192.43706,98.039215,192.18146,95.63335,192.00668,119.93263,191.53336
squeezed_Hòa Bình,2016-04-01,136.65343,188.99478,105.978584,189.30257,98.039215,188.73051,95.63335,188.3756,119.93263,188.33557,103.091545,187.82455
squeezed_Hòa Bình,2016-05-01,105.978584,182.9543,98.039215,183.10005,95.63335,182.61304,119.93263,182.14714,103.091545,182.27237,102.24949,181.74399
squeezed_Hòa Bình,2016-06-01,98.039215,169.32106,95.63335,169.24611,119.93263,168.78874,103.091545,168.25745,102.24949,168.47525,16.841093,167.97464
squeezed_Hòa Bình,2016-07-01,95.63335,157.92088,119.93263,157.70111,103.091545,157.30373,102.24949,156.70387,16.841093,156.99922,54.43787,156.51778
squeezed_Hòa Bình,2016-08-01,119.93263,138.85742,103.091545,138.32243,102.24949,138.17677,16.841093,137.51772,54.43787,137.82262,0.0,137.38438
squeezed_Hòa Bình,2016-09-01,103.091545,121.87535,102.24949,121.00681,16.841093,121.13475,54.43787,120.37122,0.0,120.68122,124.73373,120.39136
squeezed_Hòa Bình,2016-10-01,102.24949,109.337814,16.841093,108.57191,54.43787,108.6182,0.0,107.87581,124.73373,108.18721,139.1716,108.02288
squeezed_Hòa Bình,2016-11-01,16.841093,106.736786,54.43787,106.139404,0.0,106.03616,124.73373,105.34142,139.1716,105.63081,125.2071,105.50012
squeezed_Hòa Bình,2016-12-01,54.43787,115.78345,0.0,115.238205,124.73373,115.10287,139.1716,114.42726,125.2071,114.72574,90.76923,114.53729
squeezed_Hòa Bình,2017-01-01,0.0,121.43219,124.73373,120.88424,139.1716,120.738884,125.2071,120.020935,90.76923,120.39016,92.30769,120.17529
squeezed_Hòa Bình,2017-02-01,124.73373,132.9413,139.1716,132.38643,125.2071,132.18376,90.76923,131.46562,92.30769,131.82826,129.46745,131.55125
squeezed_Hòa Bình,2017-03-01,139.1716,139.37721,125.2071,138.81508,90.76923,138.61311,92.30769,137.84732,129.46745,138.20021,144.49704,137.9543
squeezed_Hòa Bình,2017-04-01,125.2071,141.20035,90.76923,140.59024,92.30769,140.44939,129.46745,139.6122,144.49704,139.96599,108.63905,139.75848
squeezed_Hòa Bình,2017-05-01,90.76923,138.66618,92.30769,138.03159,129.46745,137.91064,144.49704,137.02998,108.63905,137.40677,0.0,137.24924
squeezed_Hòa Bình,2017-06-01,92.30769,134.94537,129.46745,134.26706,144.49704,134.1956,108.63905,133.26797,0.0,133.66138,66.50887,133.54295
squeezed_Hòa Bình,2017-07-01,129.46745,129.91315,144.49704,129.164,108.63905,129.20224,0.0,128.21939,66.50887,128.62854,66.43932,128.55353
squeezed_Hòa Bình,2017-08-01,144.49704,120.79228,108.63905,120.00748,0.0,120.13849,66.50887,119.16838,66.43932,119.575714,62.20602,119.45855
squeezed_Hòa Bình,2017-09-01,108.63905,110.393875,0.0,109.61277,66.50887,109.72602,66.43932,108.87145,62.20602,109.23616,87.605835,109.12425
squeezed_Hòa Bình,2017-10-01,0.0,103.63695,66.50887,102.95401,66.43932,102.98613,62.20602,102.19032,87.605835,102.56331,0.0,102.46092
squeezed_Hòa Bình,2017-11-01,66.50887,106.63286,66.43932,106.14018,62.20602,106.0541,87.605835,105.269424,0.0,105.65311,77.610535,105.54103
squeezed_Hòa Bình,2017-12-01,66.43932,114.368546,62.20602,113.90081,87.605835,113.815,0.0,113.0492,77.610535,113.41649,0.0,113.266335
squeezed_Hưng Yên,2016-01-01,117.24492,121.319016,111.60485,120.85639,117.50128,120.70485,115.877625,120.04639,108.69937,120.409035,85.711845,120.03202
squeezed_Hưng Yên,2016-02-01,111.60485,120.55997,117.50128,120.09628,115.877625,119.88978,108.69937,119.25561,85.711845,119.60404,105.87933,119.163994
squeezed_Hưng Yên,2016-03-01,117.50128,113.98201,115.877625,113.50653,108.69937,113.334175,85.711845,112.70974,105.87933,113.01056,110.66484,112.618996
squeezed_Hưng Yên,2016-04-01,115.877625,104.09459,108.69937,103.58724,85.711845,103.517815,105.87933,102.916214,110.66484,103.15702,94.94103,102.80438
squeezed_Hưng Yên,2016-05-01,108.69937,89.35239,85.711845,88.83615,105.87933,88.877014,110.66484,88.33692,94.94103,88.44533,108.87028,88.147285
squeezed_Hưng Yên,2016-06-01,85.711845,84.5396,105.87933,83.95086,110.66484,84.034996,94.94103,83.52195,108.87028,83.64289,94.85558,83.30556
squeezed_Hưng Yên,2016-07-01,105.87933,80.25731,110.66484,79.627106,94.94103,79.7138,108.87028,79.2072,94.85558,79.355804,84.96094,78.99845
squeezed_Hưng Yên,2016-08-01,110.66484,78.30333,94.94103,77.68935,108.87028,77.73524,94.85558,77.217606,84.96094,77.40567,85.367836,77.07972
squeezed_Hưng Yên,2016-09-01,94.94103,79.0874,108.87028,78.480316,94.85558,78.4657,84.96094,77.9432,85.367836,78.191864,111.73502,77.88576
squeezed_Hưng Yên,2016-10-01,108.87028,77.47446,94.85558,76.98421,84.96094,76.908066,85.367836,76.41822,111.73502,76.635574,103.84115,76.38143
squeezed_Hưng Yên,2016-11-01,94.85558,76.38628,84.96094,75.93075,85.367836,75.85016,111.73502,75.3656,103.84115,75.55818,95.54037,75.30812
squeezed_Hưng Yên,2016-12-01,84.96094,87.12935,85.367836,86.69951,111.73502,86.63501,103.84115,86.12236,95.54037,86.34288,104.08529,86.037155
squeezed_Hưng Yên,2017-01-01,85.367836,115.83382,111.73502,115.41386,103.84115,115.327774,95.54037,114.74573,104.08529,115.07548,86.751305,114.67303
squeezed_Hưng Yên,2017-02-01,111.73502,128.16034,103.84115,127.702324,95.54037,127.54645,104.08529,126.88875,86.751305,127.283485,108.23568,126.866554
squeezed_Hưng Yên,2017-03-01,103.84115,125.434525,95.54037,124.940056,104.08529,124.77119,86.751305,124.039764,108.23568,124.44896,104.00391,124.04387
squeezed_Hưng Yên,2017-04-01,95.54037,121.33188,104.08529,120.822685,86.751305,120.66778,108.23568,119.91948,104.00391,120.32486,100.504555,120.02033
squeezed_Hưng Yên,2017-05-01,104.08529,113.53859,86.751305,112.94956,108.23568,112.9267,104.00391,112.18,100.504555,112.568344,96.92383,112.2882
squeezed_Hưng Yên,2017-06-01,86.751305,106.085464,108.23568,105.487144,104.00391,105.49122,100.504555,104.76407,96.92383,105.11542,107.25912,104.87476
squeezed_Hưng Yên,2017-07-01,108.23568,98.267136,104.00391,97.64483,100.504555,97.66946,96.92383,96.96429,107.25912,97.29177,105.60206,97.08127
squeezed_Hưng Yên,2017-08-01,104.00391,93.13774,100.504555,92.44517,96.92383,92.50925,107.25912,91.81712,105.60206,92.12874,91.35544,91.91429
squeezed_Hưng Yên,2017-09-01,100.504555,90.09282,96.92383,89.361916,107.25912,89.44098,105.60206,88.76808,91.35544,89.07087,118.07791,88.857994
squeezed_Hưng Yên,2017-10-01,96.92383,82.313446,107.25912,81.67623,105.60206,81.66885,91.35544,81.09364,118.07791,81.33781,93.609146,81.139496
squeezed_Hưng Yên,2017-11-01,107.25912,80.78468,105.60206,80.2238,91.35544,80.176994,118.07791,79.676506,93.609146,79.84916,95.701866,79.62815
squeezed_Hưng Yên,2017-12-01,105.60206,85.012695,91.35544,84.48443,118.07791,84.44321,93.609146,83.94723,95.701866,84.12161,93.367676,83.89032
squeezed_Hải Dương,2016-01-01,121.51417,82.184586,126.04995,81.648895,116.19442,81.65226,117.034386,81.19583,108.80278,81.30659,109.194756,81.00799
squeezed_Hải Dương,2016-02-01,126.04995,79.413925,116.19442,78.82432,117.034386,78.898766,108.80278,78.39174,109.194756,78.50149,106.2269,78.19805
squeezed_Hải Dương,2016-03-01,116.19442,76.74802,117.034386,76.19622,108.80278,76.289925,109.194756,75.7468,106.2269,75.84206,108.130806,75.56782
squeezed_Hải Dương,2016-04-01,117.034386,74.67711,108.80278,74.15468,109.194756,74.23283,106.2269,73.71037,108.130806,73.80938,104.155,73.515236
squeezed_Hải Dương,2016-05-01,108.80278,75.44347,109.194756,74.932205,106.2269,75.022194,108.130806,74.45562,104.155,74.597855,100.40318,74.29558
squeezed_Hải Dương,2016-06-01,109.194756,73.56854,106.2269,73.045555,108.130806,73.14432,104.155,72.5408,100.40318,72.73846,43.789898,72.46239
squeezed_Hải Dương,2016-07-01,106.2269,76.8766,108.130806,76.36341,104.155,76.43602,100.40318,75.79791,43.789898,76.011665,69.058685,75.803
squeezed_Hải Dương,2016-08-01,108.130806,81.4467,104.155,80.86586,100.40318,80.939735,43.789898,80.24284,69.058685,80.48266,0.0,80.32449
squeezed_Hải Dương,2016-09-01,104.155,91.10684,100.40318,90.514755,43.789898,90.55947,69.058685,89.7766,0.0,90.109825,0.0,90.015915
squeezed_Hải Dương,2016-10-01,100.40318,91.87518,43.789898,91.26267,69.058685,91.303276,0.0,90.572,0.0,90.89221,74.08408,90.76865
squeezed_Hải Dương,2016-11-01,43.789898,88.408966,69.058685,87.779976,0.0,87.82138,0.0,87.186844,74.08408,87.4489,0.0,87.249
squeezed_Hải Dương,2016-12-01,69.058685,87.29585,0.0,86.735954,0.0,86.75168,74.08408,86.16402,0.0,86.4114,0.0,86.18329
squeezed_Hải Dương,2017-01-01,0.0,96.50119,0.0,95.96193,74.08408,95.98278,0.0,95.32804,0.0,95.607254,76.353615,95.33731
squeezed_Hải Dương,2017-02-01,0.0,103.16786,74.08408,102.620674,0.0,102.60223,0.0,101.87015,76.353615,102.157684,87.917435,101.950935
squeezed_Hải Dương,2017-03-01,74.08408,105.89131,0.0,105.39996,0.0,105.34985,76.353615,104.504654,87.917435,104.83182,0.0,104.74647
squeezed_Hải Dương,2017-04-01,0.0,113.05783,0.0,112.46149,76.353615,112.50778,87.917435,111.55861,0.0,111.93896,80.67654,111.921036
squeezed_Hải Dương,2017-05-01,0.0,111.983154,76.353615,111.298874,87.917435,111.39989,0.0,110.42117,80.67654,110.83377,75.21885,110.86912
squeezed_Hải Dương,2017-06-01,76.353615,110.58934,87.917435,109.85898,0.0,109.99143,80.67654,109.02542,75.21885,109.441414,83.86469,109.45215
squeezed_Hải Dương,2017-07-01,87.917435,109.379456,0.0,108.66295,80.67654,108.77603,75.21885,107.810196,83.86469,108.23638,72.00298,108.26009
squeezed_Hải Dương,2017-08-01,0.0,109.43469,80.67654,108.71564,75.21885,108.81785,83.86469,107.852264,72.00298,108.27963,70.61831,108.30891
squeezed_Hải Dương,2017-09-01,80.67654,107.454895,75.21885,106.69191,83.86469,106.799164,72.00298,105.862404,70.61831,106.26838,0.0,106.295425
squeezed_Hải Dương,2017-10-01,75.21885,102.482376,83.86469,101.68016,72.00298,101.78549,70.61831,100.925705,0.0,101.28516,68.27502,101.3023
squeezed_Hải Dương,2017-11-01,83.86469,96.00241,72.00298,95.11823,70.61831,95.23925,0.0,94.4746,68.27502,94.766174,68.1685,94.74318
squeezed_Hải Dương,2017-12-01,72.00298,83.9893,70.61831,83.15949,0.0,83.225105,68.27502,82.63583,68.1685,82.821556,0.0,82.76596
squeezed_Hải Phòng,2016-01-01,24.182148,68.86868,28.018982,68.12891,24.888933,68.20589,25.39378,67.74064,26.201534,67.802895,27.009289,67.71455
squeezed_Hải Phòng,2016-02-01,28.018982,65.63545,24.888933,65.000565,25.39378,65.08258,26.201534,64.64192,27.009289,64.66787,28.877222,64.57862
squeezed_Hải Phòng,2016-03-01,24.888933,61.729244,25.39378,61.23972,26.201534,61.27149,27.009289,60.928078,28.877222,60.866173,31.9063,60.87393
squeezed_Hải Phòng,2016-04-01,25.39378,56.678265,26.201534,56.292374,27.009289,56.29089,28.877222,55.9592,31.9063,55.919056,18.527868,55.95647
squeezed_Hải Phòng,2016-05-01,26.201534,54.034477,27.009289,53.653133,28.877222,53.657818,31.9063,53.362392,18.527868,53.3143,17.417206,53.339024
squeezed_Hải Phòng,2016-06-01,27.009289,49.76821,28.877222,49.436615,31.9063,49.434143,18.527868,49.176006,17.417206,49.107315,22.718094,49.151352
squeezed_Hải Phòng,2016-07-01,28.877222,48.015434,31.9063,47.64899,18.527868,47.663597,17.417206,47.460472,22.718094,47.364635,0.0,47.418095
squeezed_Hải Phòng,2016-08-01,31.9063,43.764874,18.527868,43.381824,17.417206,43.427525,22.718094,43.28439,0.0,43.178974,0.0,43.231544
squeezed_Hải Phòng,2016-09-01,18.527868,41.972466,17.417206,41.556393,22.718094,41.612747,0.0,41.502666,0.0,41.405983,0.0,41.450665
squeezed_Hải Phòng,2016-10-01,17.417206,41.216457,22.718094,40.845585,0.0,40.858143,0.0,40.79027,0.0,40.699734,0.0,40.74609
squeezed_Hải Phòng,2016-11-01,22.718094,38.39088,0.0,38.10097,0.0,38.10349,0.0,38.058765,0.0,37.98387,0.0,38.026493
squeezed_Hải Phòng,2016-12-01,0.0,35.124825,0.0,34.903095,0.0,34.95949,0.0,34.87071,0.0,34.836365,0.0,34.87872
squeezed_Hải Phòng,2017-01-01,0.0,37.135494,0.0,36.93394,0.0,36.99915,0.0,36.8962,0.0,36.817265,0.0,36.883095
squeezed_Hải Phòng,2017-02-01,0.0,41.82367,0.0,41.60168,0.0,41.684235,0.0,41.568882,0.0,41.442127,0.0,41.52999
squeezed_Hải Phòng,2017-03-01,0.0,45.920605,0.0,45.642128,0.0,45.75,0.0,45.61343,0.0,45.49871,0.0,45.549286
squeezed_Hải Phòng,2017-04-01,0.0,44.75258,0.0,44.550587,0.0,44.604744,0.0,44.47121,0.0,44.384686,0.0,44.452675
squeezed_Hải Phòng,2017-05-01,0.0,41.659466,0.0,41.445007,0.0,41.52042,0.0,41.37526,0.0,41.317036,0.0,41.346996
squeezed_Hải Phòng,2017-06-01,0.0,40.73857,0.0,40.526608,0.0,40.61846,0.0,40.4648,0.0,40.403187,0.0,40.45889
squeezed_Hải Phòng,2017-07-01,0.0,42.141293,0.0,41.917297,0.0,41.982105,0.0,41.851055,0.0,41.756634,0.0,41.843277
squeezed_Hải Phòng,2017-08-01,0.0,44.090706,0.0,43.811672,0.0,43.89248,0.0,43.81069,0.0,43.64606,0.0,43.75217
squeezed_Hải Phòng,2017-09-01,0.0,40.963097,0.0,40.659206,0.0,40.75919,0.0,40.722683,0.0,40.510555,0.0,40.62112
squeezed_Hải Phòng,2017-10-01,0.0,37.610382,0.0,37.30757,0.0,37.399155,0.0,37.402695,0.0,37.192028,0.0,37.304115
squeezed_Hải Phòng,2017-11-01,0.0,34.28351,0.0,33.99203,0.0,34.064697,0.0,34.091343,0.0,33.906353,0.0,34.000843
squeezed_Hải Phòng,2017-12-01,0.0,33.859344,0.0,33.612873,0.0,33.684334,0.0,33.650608,0.0,33.507416,0.0,33.598545
squeezed_Khánh Hòa,2016-01-01,91.20119,37.5331,100.67557,37.319286,118.14137,37.356644,111.13857,37.248337,105.042015,37.19027,125.14417,37.229885
squeezed_Khánh Hòa,2016-02-01,100.67557,56.60203,118.14137,56.33423,111.13857,56.38022,105.042015,56.044514,125.14417,56.122585,129.0987,56.206623
squeezed_Khánh Hòa,2016-03-01,118.14137,104.04837,111.13857,103.80447,105.042015,103.76935,125.14417,103.084175,129.0987,103.36712,104.05338,103.46228
squeezed_Khánh Hòa,2016-04-01,111.13857,122.29161,105.042015,121.82737,125.14417,121.7643,129.0987,120.91541,104.05338,121.30737,123.826004,121.28299
squeezed_Khánh Hòa,2016-05-01,105.042015,126.87439,125.14417,126.217865,129.0987,126.21302,104.05338,125.297165,123.826004,125.706535,133.95947,125.59082
squeezed_Khánh Hòa,2016-06-01,125.14417,128.3306,129.0987,127.52862,104.05338,127.58107,123.826004,126.64403,133.95947,127.06143,133.95947,126.902214
squeezed_Khánh Hòa,2016-07-01,129.0987,122.67992,104.05338,121.69824,123.826004,121.85097,133.95947,120.89819,133.95947,121.34119,116.41865,121.149536
squeezed_Khánh Hòa,2016-08-01,104.05338,121.71005,123.826004,120.69017,133.95947,120.872246,133.95947,119.894684,116.41865,120.367355,147.24986,120.18803
squeezed_Khánh Hòa,2016-09-01,123.826004,125.00743,133.95947,124.07188,133.95947,124.16409,116.41865,123.20303,147.24986,123.683586,0.0,123.55485
squeezed_Khánh Hòa,2016-10-01,133.95947,126.59697,133.95947,125.74694,116.41865,125.76909,147.24986,124.86394,0.0,125.324875,0.0,125.18909
squeezed_Khánh Hòa,2016-11-01,133.95947,121.5067,116.41865,120.63115,147.24986,120.72362,0.0,119.84043,0.0,120.28339,123.90035,120.08769
squeezed_Khánh Hòa,2016-12-01,116.41865,112.396545,147.24986,111.46454,0.0,111.64289,0.0,110.74976,123.90035,111.124054,0.0,111.02906
squeezed_Khánh Hòa,2017-01-01,147.24986,102.50432,0.0,101.58571,0.0,101.760506,123.90035,100.89146,0.0,101.2288,0.0,101.20415
squeezed_Khánh Hòa,2017-02-01,0.0,93.06119,0.0,92.201584,123.90035,92.325195,0.0,91.51304,0.0,91.81477,0.0,91.8122
squeezed_Khánh Hòa,2017-03-01,0.0,82.15268,123.90035,81.45821,0.0,81.459694,0.0,80.80036,0.0,80.9986,0.0,80.99667
squeezed_Khánh Hòa,2017-04-01,123.90035,74.977234,0.0,74.31995,0.0,74.34552,0.0,73.79308,0.0,73.89944,0.0,73.8364
squeezed_Khánh Hòa,2017-05-01,0.0,66.26263,0.0,65.65156,0.0,65.69331,0.0,65.20459,0.0,65.30914,0.0,65.17575
squeezed_Khánh Hòa,2017-06-01,0.0,68.01915,0.0,67.44,0.0,67.49643,0.0,67.015656,0.0,67.13121,0.0,66.934135
squeezed_Khánh Hòa,2017-07-01,0.0,68.25539,0.0,67.699196,0.0,67.72738,0.0,67.26778,0.0,67.38156,158.35034,67.1479
squeezed_Khánh Hòa,2017-08-01,0.0,66.667496,0.0,66.12561,0.0,66.14807,0.0,65.69377,158.35034,65.80296,130.25725,65.53675
squeezed_Khánh Hòa,2017-09-01,0.0,65.131065,0.0,64.71321,0.0,64.68884,158.35034,64.2458,130.25725,64.35243,130.17558,64.10371
squeezed_Khánh Hòa,2017-10-01,0.0,62.389957,0.0,62.047363,158.35034,61.994255,130.25725,61.559677,130.17558,61.6768,121.437325,61.443256
squeezed_Khánh Hòa,2017-11-01,0.0,59.77968,158.35034,59.465748,130.25725,59.395256,130.17558,58.991055,121.437325,59.098995,0.0,58.886837
squeezed_Khánh Hòa,2017-12-01,158.35034,58.69469,130.25725,58.363693,130.17558,58.278,121.437325,57.899338,0.0,57.991238,135.48387,57.7813
squeezed_Kiên Giang,2016-01-01,11.087972,53.521088,6.922947,53.217415,6.810379,53.130157,7.0355153,52.789356,14.74644,52.868587,11.425676,52.745064
squeezed_Kiên Giang,2016-02-01,6.922947,49.047604,6.810379,48.724693,7.0355153,48.669853,14.74644,48.3725,11.425676,48.40856,16.603817,48.325863
squeezed_Kiên Giang,2016-03-01,6.810379,44.02835,7.0355153,43.72414,14.74644,43.677418,11.425676,43.449654,16.603817,43.43074,17.054089,43.38894
squeezed_Kiên Giang,2016-04-01,7.0355153,39.795227,14.74644,39.532513,11.425676,39.474045,16.603817,39.3065,17.054089,39.233643,9.399448,39.221497
squeezed_Kiên Giang,2016-05-01,14.74644,35.722572,11.425676,35.49398,16.603817,35.427704,17.054089,35.30456,9.399448,35.230724,13.451905,35.18973
squeezed_Kiên Giang,2016-06-01,11.425676,32.132175,16.603817,31.94041,17.054089,31.881092,9.399448,31.778831,13.451905,31.711414,13.451905,31.650755
squeezed_Kiên Giang,2016-07-01,16.603817,28.97395,17.054089,28.816721,9.399448,28.769196,13.451905,28.68187,13.451905,28.613178,10.391733,28.54523
squeezed_Kiên Giang,2016-08-01,17.054089,27.798456,9.399448,27.655367,13.451905,27.615265,13.451905,27.535887,10.391733,27.470009,7.9981318,27.394577
squeezed_Kiên Giang,2016-09-01,9.399448,26.568825,13.451905,26.428614,13.451905,26.390148,10.391733,26.3205,7.9981318,26.257801,8.348415,26.196476
squeezed_Kiên Giang,2016-10-01,13.451905,24.763517,13.451905,24.639301,10.391733,24.596375,7.9981318,24.53836,8.348415,24.480885,7.8229904,24.440384
squeezed_Kiên Giang,2016-11-01,13.451905,23.604939,10.391733,23.486298,7.9981318,23.429356,8.348415,23.408,7.8229904,23.343899,8.348415,23.323627
squeezed_Kiên Giang,2016-12-01,10.391733,24.60075,7.9981318,24.479105,8.348415,24.425,7.8229904,24.438187,8.348415,24.338272,11.325822,24.330935
squeezed_Kiên Giang,2017-01-01,7.9981318,28.44554,8.348415,28.312828,7.8229904,28.248226,8.348415,28.22955,11.325822,28.151562,15.120556,28.148386
squeezed_Kiên Giang,2017-02-01,8.348415,34.005783,7.8229904,33.842747,8.348415,33.785854,11.325822,33.706818,15.120556,33.645557,13.135618,33.63886
squeezed_Kiên Giang,2017-03-01,7.8229904,38.36802,8.348415,38.142773,11.325822,38.129425,15.120556,37.999508,13.135618,37.94359,14.770272,37.91427
squeezed_Kiên Giang,2017-04-01,8.348415,42.433655,11.325822,42.13751,15.120556,42.14028,13.135618,41.965298,14.770272,41.930862,10.742017,41.873154
squeezed_Kiên Giang,2017-05-01,11.325822,45.514076,15.120556,45.163315,13.135618,45.154972,14.770272,44.950737,10.742017,44.94419,11.267441,44.86255
squeezed_Kiên Giang,2017-06-01,15.120556,43.42495,13.135618,43.099392,14.770272,43.070168,10.742017,42.887146,11.267441,42.892826,13.427521,42.80042
squeezed_Kiên Giang,2017-07-01,13.135618,42.067566,14.770272,41.746555,10.742017,41.73619,11.267441,41.55171,13.427521,41.565968,8.497759,41.45542
squeezed_Kiên Giang,2017-08-01,14.770272,40.297462,10.742017,39.99299,11.267441,39.986256,13.427521,39.813755,8.497759,39.83283,6.3442173,39.711273
squeezed_Kiên Giang,2017-09-01,10.742017,38.107765,11.267441,37.829674,13.427521,37.834316,8.497759,37.661655,6.3442173,37.68249,9.370816,37.558395
squeezed_Kiên Giang,2017-10-01,11.267441,35.02948,13.427521,34.777,8.497759,34.781258,6.3442173,34.625114,9.370816,34.63896,5.9367905,34.534172
squeezed_Kiên Giang,2017-11-01,13.427521,32.956314,8.497759,32.725563,6.3442173,32.711605,9.370816,32.572987,5.9367905,32.568428,4.830918,32.50179
squeezed_Kiên Giang,2017-12-01,8.497759,31.615252,6.3442173,31.404108,9.370816,31.369125,5.9367905,31.243555,4.830918,31.23489,3.8996565,31.196377
squeezed_Kon Tum,2016-01-01,184.52147,150.6109,242.6152,150.78734,156.36078,150.75514,193.974,150.34941,172.90273,150.09924,169.75188,150.06407
squeezed_Kon Tum,2016-02-01,242.6152,227.78406,156.36078,228.62541,193.974,228.16818,172.90273,227.899,169.75188,227.36809,207.75896,227.3305
squeezed_Kon Tum,2016-03-01,156.36078,251.32063,193.974,252.43198,172.90273,251.86743,169.75188,251.68071,207.75896,250.96413,244.7814,251.02649
squeezed_Kon Tum,2016-04-01,193.974,260.2905,172.90273,261.46216,169.75188,260.9229,207.75896,260.74963,244.7814,259.9065,218.39307,260.00714
squeezed_Kon Tum,2016-05-01,172.90273,263.69293,169.75188,264.87122,207.75896,264.36038,244.7814,264.1846,218.39307,263.27844,220.16542,263.38345
squeezed_Kon Tum,2016-06-01,169.75188,264.47455,207.75896,265.6505,244.7814,265.14612,218.39307,264.9706,220.16542,264.04547,56.32139,264.1472
squeezed_Kon Tum,2016-07-01,207.75896,263.09634,244.7814,264.25922,218.39307,263.73474,220.16542,263.56424,56.32139,262.65137,153.6243,262.73495
squeezed_Kon Tum,2016-08-01,244.7814,242.18741,218.39307,243.17415,220.16542,242.46559,56.32139,242.21806,153.6243,241.60455,130.16728,241.47098
squeezed_Kon Tum,2016-09-01,218.39307,201.86562,220.16542,202.46188,56.32139,201.59077,153.6243,201.23749,130.16728,201.16507,146.89482,200.6683
squeezed_Kon Tum,2016-10-01,220.16542,187.14076,56.32139,187.61446,153.6243,186.82011,130.16728,186.4099,146.89482,186.4072,149.39435,185.82848
squeezed_Kon Tum,2016-11-01,56.32139,175.42519,153.6243,175.68295,130.16728,174.98802,146.89482,174.57423,149.39435,174.5498,133.2436,173.97043
squeezed_Kon Tum,2016-12-01,153.6243,163.19302,130.16728,163.1734,146.89482,162.60114,149.39435,162.17677,133.2436,162.17284,166.31416,161.63057
squeezed_Kon Tum,2017-01-01,130.16728,159.5655,146.89482,159.43927,149.39435,159.0018,133.2436,158.42644,166.31416,158.57141,171.3132,158.01414
squeezed_Kon Tum,2017-02-01,146.89482,163.50784,149.39435,163.38675,133.2436,163.08025,166.31416,162.34357,171.3132,162.64629,172.46683,162.0397
squeezed_Kon Tum,2017-03-01,149.39435,170.99232,133.2436,170.91788,166.31416,170.66673,171.3132,169.86955,172.46683,170.17125,230.91713,169.60352
squeezed_Kon Tum,2017-04-01,133.2436,182.45302,166.31416,182.53836,171.3132,182.25206,172.46683,181.57599,230.91713,181.67488,218.6118,181.15623
squeezed_Kon Tum,2017-05-01,166.31416,191.859,171.3132,192.05898,172.46683,191.7265,230.91713,191.22424,218.6118,191.11243,181.50356,190.62755
squeezed_Kon Tum,2017-06-01,171.3132,198.88036,172.46683,199.16203,230.91713,198.8032,218.6118,198.39397,181.50356,198.15733,181.69583,197.69409
squeezed_Kon Tum,2017-07-01,172.46683,195.88518,230.91713,196.16684,218.6118,195.7021,181.50356,195.31001,181.69583,195.13557,0.0,194.64378
squeezed_Kon Tum,2017-08-01,230.91713,183.83548,218.6118,184.08348,181.50356,183.57306,181.69583,183.11304,0.0,183.01149,0.0,182.44911
squeezed_Kon Tum,2017-09-01,218.6118,175.28505,181.50356,175.47897,181.69583,174.9545,0.0,174.49203,0.0,174.39453,0.0,173.80832
squeezed_Kon Tum,2017-10-01,181.50356,166.49113,181.69583,166.61884,0.0,166.0555,0.0,165.58168,0.0,165.45657,0.0,164.96126
squeezed_Kon Tum,2017-11-01,181.69583,164.58484,0.0,164.64543,0.0,164.1256,0.0,163.61914,0.0,163.55396,0.0,163.05725
squeezed_Kon Tum,2017-12-01,0.0,153.00734,0.0,152.80167,0.0,152.36723,0.0,151.763,0.0,151.911,0.0,151.54463
squeezed_Lai Châu,2016-01-01,278.89908,178.3048,342.66055,178.28667,309.63303,178.01642,234.86238,177.34164,254.81651,177.51076,231.42201,177.0055
squeezed_Lai Châu,2016-02-01,342.66055,199.06186,309.63303,199.2359,234.86238,199.05934,254.81651,198.47945,231.42201,198.38425,303.66974,198.01329
squeezed_Lai Châu,2016-03-01,309.63303,221.42651,234.86238,221.84337,254.81651,221.69434,231.42201,221.20181,303.66974,220.8288,291.97247,220.6146
squeezed_Lai Châu,2016-04-01,234.86238,241.85933,254.81651,242.53595,231.42201,242.22685,303.66974,241.82933,291.97247,241.23419,263.76147,241.12856
squeezed_Lai Châu,2016-05-01,254.81651,257.17328,231.42201,258.16815,303.66974,257.7124,291.97247,257.43784,263.76147,256.64417,285.09174,256.65054
squeezed_Lai Châu,2016-06-01,231.42201,262.71033,303.66974,263.83008,291.97247,263.3464,263.76147,263.134,285.09174,262.24548,229.12843,262.31625
squeezed_Lai Châu,2016-07-01,303.66974,264.71222,291.97247,265.8789,263.76147,265.38733,285.09174,265.19995,229.12843,264.27457,157.25534,264.37164
squeezed_Lai Châu,2016-08-01,291.97247,265.24252,263.76147,266.41937,285.09174,265.92743,229.12843,265.7466,157.25534,264.80994,0.0,264.914
squeezed_Lai Châu,2016-09-01,263.76147,265.35117,285.09174,266.53058,229.12843,266.03793,157.25534,265.8585,0.0,264.91968,247.01912,265.02548
squeezed_Lai Châu,2016-10-01,285.09174,265.3563,229.12843,266.53625,157.25534,266.043,0.0,265.864,247.01912,264.92453,182.67717,265.031
squeezed_Lai Châu,2016-11-01,229.12843,265.3437,157.25534,266.523,0.0,266.03055,247.01912,265.85123,182.67717,264.9119,197.97525,265.01843
squeezed_Lai Châu,2016-12-01,157.25534,265.32184,0.0,266.5001,247.01912,266.00845,182.67717,265.82858,197.97525,264.88956,205.39932,264.99606
squeezed_Lai Châu,2017-01-01,0.0,265.38132,247.01912,266.56082,182.67717,266.06842,197.97525,265.88922,205.39932,264.94955,263.44208,265.05615
squeezed_Lai Châu,2017-02-01,247.01912,265.40863,182.67717,266.58887,197.97525,266.09607,205.39932,265.91708,263.44208,264.97708,0.0,265.08377
squeezed_Lai Châu,2017-03-01,182.67717,265.41464,197.97525,266.59506,205.39932,266.10217,263.44208,265.92328,0.0,264.98315,383.57706,265.08987
squeezed_Lai Châu,2017-04-01,197.97525,265.41614,205.39932,266.5965,263.44208,266.10367,0.0,265.92474,383.57706,264.9847,266.3667,265.09143
squeezed_Lai Châu,2017-05-01,205.39932,265.41742,263.44208,266.59775,0.0,266.10483,383.57706,265.92603,266.3667,264.98596,257.5928,265.09268
squeezed_Lai Châu,2017-06-01,263.44208,265.41788,0.0,266.5983,383.57706,266.10535,266.3667,265.92648,257.5928,264.98642,217.09787,265.09317
squeezed_Lai Châu,2017-07-01,0.0,265.41772,383.57706,266.5981,266.3667,266.1052,257.5928,265.92633,217.09787,264.98624,216.5858,265.09302
squeezed_Lai Châu,2017-08-01,383.57706,265.41605,266.3667,266.59644,257.5928,266.10352,217.09787,265.92465,216.5858,264.98456,203.573,265.0913
squeezed_Lai Châu,2017-09-01,266.3667,265.38416,257.5928,266.56458,217.09787,266.07108,216.5858,265.89246,203.573,264.95227,189.01633,265.05908
squeezed_Lai Châu,2017-10-01,257.5928,264.2358,217.09787,265.41034,216.5858,264.9106,203.573,264.7349,189.01633,263.8093,166.07852,263.91592
squeezed_Lai Châu,2017-11-01,217.09787,246.75122,216.5858,247.80136,203.573,247.08842,189.01633,246.99529,166.07852,246.29367,184.1641,246.27159
squeezed_Lai Châu,2017-12-01,216.5858,216.75966,203.573,217.62196,189.01633,216.6903,166.07852,216.66077,184.1641,216.34692,147.77238,216.0699
squeezed_Long An,2016-01-01,140.21199,139.55663,172.01128,139.00725,148.66496,138.78609,132.29572,138.26195,132.29572,138.49957,135.65007,138.09006
squeezed_Long An,2016-02-01,172.01128,102.745224,148.66496,101.961555,132.29572,101.88394,132.29572,101.389145,135.65007,101.48889,131.69194,101.302704
squeezed_Long An,2016-03-01,148.66496,90.50853,132.29572,89.75347,132.29572,89.80014,135.65007,89.31716,131.69194,89.35163,161.27734,89.17475
squeezed_Long An,2016-04-01,132.29572,88.092514,132.29572,87.36017,135.65007,87.44881,131.69194,86.989914,161.27734,86.973915,178.51872,86.770615
squeezed_Long An,2016-05-01,132.29572,90.00404,135.65007,89.26909,131.69194,89.35803,161.27734,88.8877,178.51872,88.88836,155.7762,88.64719
squeezed_Long An,2016-06-01,135.65007,93.161865,131.69194,92.3883,161.27734,92.48804,178.51872,91.964096,155.7762,91.98863,67.690865,91.77176
squeezed_Long An,2016-07-01,131.69194,95.42534,161.27734,94.63292,178.51872,94.72184,155.7762,94.150696,67.690865,94.20869,135.35463,94.05603
squeezed_Long An,2016-08-01,161.27734,85.834274,178.51872,85.10093,155.7762,85.17437,67.690865,84.67717,135.35463,84.682884,144.73921,84.5578
squeezed_Long An,2016-09-01,178.51872,68.53735,155.7762,67.96654,67.690865,67.96178,135.35463,67.58011,144.73921,67.56755,167.0577,67.45454
squeezed_Long An,2016-10-01,155.7762,64.42972,67.690865,63.88718,135.35463,63.879932,144.73921,63.517895,167.0577,63.498898,121.51838,63.425262
squeezed_Long An,2016-11-01,67.690865,63.2042,135.35463,62.6977,144.73921,62.683758,167.0577,62.320675,121.51838,62.285183,120.97696,62.2484
squeezed_Long An,2016-12-01,135.35463,61.973385,144.73921,61.497246,167.0577,61.469772,121.51838,61.12318,120.97696,61.08567,137.27968,61.044773
squeezed_Long An,2017-01-01,144.73921,51.61401,167.0577,51.230675,121.51838,51.155434,120.97696,50.87974,137.27968,50.87273,108.644646,50.802456
squeezed_Long An,2017-02-01,167.0577,38.709724,121.51838,38.43405,120.97696,38.38161,137.27968,38.228333,108.644646,38.151108,110.20875,38.11413
squeezed_Long An,2017-03-01,121.51838,33.105957,120.97696,32.864185,137.27968,32.862186,108.644646,32.755737,110.20875,32.672935,121.93948,32.656063
squeezed_Long An,2017-04-01,120.97696,34.47121,137.27968,34.2637,108.644646,34.3003,110.20875,34.16604,121.93948,34.111088,121.75901,34.13152
squeezed_Long An,2017-05-01,137.27968,42.094936,108.644646,41.942863,110.20875,41.95255,121.93948,41.765762,121.75901,41.719105,136.79842,41.778824
squeezed_Long An,2017-06-01,108.644646,44.751507,110.20875,44.627735,121.93948,44.57577,121.75901,44.397846,136.79842,44.328724,124.34579,44.39405
squeezed_Long An,2017-07-01,110.20875,58.30117,121.93948,58.13896,121.75901,58.008045,136.79842,57.78768,124.34579,57.742893,119.12562,57.794262
squeezed_Long An,2017-08-01,121.93948,65.94493,121.75901,65.59796,136.79842,65.502594,124.34579,65.21652,119.12562,65.167046,108.463875,65.18716
squeezed_Long An,2017-09-01,121.75901,62.625015,136.79842,62.14148,124.34579,62.11832,119.12562,61.80013,108.463875,61.764526,109.65513,61.735996
squeezed_Long An,2017-10-01,136.79842,60.308613,124.34579,59.81474,119.12562,59.795235,108.463875,59.47168,109.65513,59.466732,108.046936,59.38592
squeezed_Long An,2017-11-01,124.34579,60.454056,119.12562,59.947075,108.463875,59.93407,109.65513,59.600353,108.046936,59.601505,97.74257,59.499683
squeezed_Long An,2017-12-01,119.12562,53.085808,108.463875,52.645733,109.65513,52.62373,108.046936,52.33268,97.74257,52.330017,89.0464,52.24934
squeezed_Lào Cai,2016-01-01,263.3348,179.09608,246.9677,179.2581,290.51587,179.08702,279.4096,178.69725,287.3009,178.43863,246.9677,178.23459
squeezed_Lào Cai,2016-02-01,246.9677,233.56621,290.51587,234.44154,279.4096,233.91786,287.3009,233.67053,246.9677,233.15543,172.00058,233.07057
squeezed_Lào Cai,2016-03-01,290.51587,250.29056,279.4096,251.4224,287.3009,250.81705,246.9677,250.64493,172.00058,249.97562,226.07043,250.02655
squeezed_Lào Cai,2016-04-01,279.4096,258.25925,287.3009,259.4499,246.9677,258.88208,172.00058,258.71967,226.07043,257.93173,287.7393,258.03995
squeezed_Lào Cai,2016-05-01,287.3009,263.4792,246.9677,264.6641,172.00058,264.1501,226.07043,263.97595,287.7393,263.07944,269.03406,263.18857
squeezed_Lào Cai,2016-06-01,246.9677,265.00443,172.00058,266.18488,226.07043,265.68784,287.7393,265.50974,269.03406,264.5789,238.63803,264.6857
squeezed_Lào Cai,2016-07-01,172.00058,265.32132,226.07043,266.50128,287.7393,266.00763,269.03406,265.82877,238.63803,264.89087,161.30399,264.9975
squeezed_Lào Cai,2016-08-01,226.07043,265.38843,287.7393,266.56857,269.03406,266.07553,238.63803,265.8966,161.30399,264.95712,0.0,265.06372
squeezed_Lào Cai,2016-09-01,287.7393,265.40402,269.03406,266.58435,238.63803,266.09128,161.30399,265.91245,0.0,264.97256,0.0,265.07928
squeezed_Lào Cai,2016-10-01,269.03406,265.40466,238.63803,266.58505,161.30399,266.09195,0.0,265.9131,0.0,264.97318,0.0,265.07993
squeezed_Lào Cai,2016-11-01,238.63803,265.40375,161.30399,266.58414,0.0,266.09103,0.0,265.9122,0.0,264.9722,165.53767,265.07907
squeezed_Lào Cai,2016-12-01,161.30399,265.40726,0.0,266.58768,0.0,266.0946,0.0,265.91574,165.53767,264.97577,146.62715,265.08255
squeezed_Lào Cai,2017-01-01,0.0,265.41312,0.0,266.59348,0.0,266.10056,165.53767,265.9217,146.62715,264.98163,147.89726,265.0884
squeezed_Lào Cai,2017-02-01,0.0,265.4137,0.0,266.59415,165.53767,266.1011,146.62715,265.9223,147.89726,264.98224,172.59384,265.08902
squeezed_Lào Cai,2017-03-01,0.0,265.41382,165.53767,266.5942,146.62715,266.10117,147.89726,265.92236,172.59384,264.98233,206.1812,265.08908
squeezed_Lào Cai,2017-04-01,165.53767,265.4083,146.62715,266.5887,147.89726,266.09558,172.59384,265.9168,206.1812,264.9767,229.04318,265.08353
squeezed_Lào Cai,2017-05-01,146.62715,265.39276,147.89726,266.57312,172.59384,266.0798,206.1812,265.90112,229.04318,264.96097,180.21451,265.0677
squeezed_Lào Cai,2017-06-01,147.89726,265.39023,172.59384,266.57056,206.1812,266.07715,229.04318,265.8984,180.21451,264.95844,0.0,265.0651
squeezed_Lào Cai,2017-07-01,172.59384,265.3892,206.1812,266.56952,229.04318,266.0762,180.21451,265.89743,0.0,264.9574,148.30743,265.06406
squeezed_Lào Cai,2017-08-01,206.1812,265.35782,229.04318,266.53793,180.21451,266.04434,0.0,265.86563,148.30743,264.92566,142.48058,265.03244
squeezed_Lào Cai,2017-09-01,229.04318,265.22675,180.21451,266.4058,0.0,265.91293,148.30743,265.73352,142.48058,264.7933,130.5494,264.902
squeezed_Lào Cai,2017-10-01,180.21451,264.77515,0.0,265.95102,148.30743,265.46475,142.48058,265.2794,130.5494,264.34003,145.67148,264.45694
squeezed_Lào Cai,2017-11-01,0.0,264.22348,148.30743,265.39005,142.48058,264.9059,130.5494,264.71725,145.67148,263.78687,158.85127,263.9096
squeezed_Lào Cai,2017-12-01,148.30743,251.66914,142.48058,252.72919,130.5494,252.14838,145.67148,251.98523,158.85127,251.21056,123.05772,251.27055
squeezed_Lâm Đồng,2016-01-01,37.49418,138.39291,54.494644,138.35437,58.764168,137.79622,69.39916,137.29698,50.14749,137.30493,45.334576,137.0012
squeezed_Lâm Đồng,2016-02-01,54.494644,123.52092,58.764168,123.23447,69.39916,122.79638,50.14749,122.14985,45.334576,122.41866,45.800343,122.157616
squeezed_Lâm Đồng,2016-03-01,58.764168,122.28693,69.39916,121.9069,50.14749,121.583954,45.334576,120.85954,45.800343,121.18249,51.544792,120.9306
squeezed_Lâm Đồng,2016-04-01,69.39916,143.15288,50.14749,142.85301,45.334576,142.44008,45.800343,141.71962,51.544792,142.05573,102.23568,141.69989
squeezed_Lâm Đồng,2016-05-01,50.14749,151.96349,45.334576,151.76399,45.800343,151.26726,51.544792,150.64633,102.23568,150.96326,104.02112,150.55298
squeezed_Lâm Đồng,2016-06-01,45.334576,150.08275,45.800343,149.84883,51.544792,149.36203,102.23568,148.75232,104.02112,149.06932,104.02112,148.65695
squeezed_Lâm Đồng,2016-07-01,45.800343,141.37949,51.544792,141.04985,102.23568,140.64816,104.02112,139.98863,104.02112,140.30913,73.59713,139.90378
squeezed_Lâm Đồng,2016-08-01,51.544792,127.70325,102.23568,127.221855,104.02112,126.97325,104.02112,126.27184,73.59713,126.563095,83.196754,126.16357
squeezed_Lâm Đồng,2016-09-01,102.23568,112.40564,104.02112,111.84201,104.02112,111.67401,73.59713,110.98361,83.196754,111.21047,116.834465,110.90286
squeezed_Lâm Đồng,2016-10-01,104.02112,97.99077,104.02112,97.42722,73.59713,97.298,83.196754,96.643616,116.834465,96.82219,53.38328,96.65571
squeezed_Lâm Đồng,2016-11-01,104.02112,71.644104,73.59713,71.138756,83.196754,71.21965,116.834465,70.675644,53.38328,70.71542,76.953094,70.67997
squeezed_Lâm Đồng,2016-12-01,73.59713,61.191807,83.196754,60.836967,116.834465,60.875404,53.38328,60.39185,76.953094,60.437748,93.654884,60.481213
squeezed_Lâm Đồng,2017-01-01,83.196754,71.786545,116.834465,71.57832,53.38328,71.572334,76.953094,71.012566,93.654884,71.06292,128.69742,71.12574
squeezed_Lâm Đồng,2017-02-01,116.834465,85.34973,53.38328,85.19905,76.953094,85.130104,93.654884,84.51155,128.69742,84.57365,97.869354,84.61905
squeezed_Lâm Đồng,2017-03-01,53.38328,88.23758,76.953094,87.99091,93.654884,87.92589,128.69742,87.27771,97.869354,87.34328,132.7558,87.3311
squeezed_Lâm Đồng,2017-04-01,76.953094,84.80832,93.654884,84.45666,128.69742,84.45824,97.869354,83.84925,132.7558,83.900475,147.19426,83.79319
squeezed_Lâm Đồng,2017-05-01,93.654884,79.3026,128.69742,78.920044,97.869354,78.93695,132.7558,78.35568,147.19426,78.41127,92.17201,78.29297
squeezed_Lâm Đồng,2017-06-01,128.69742,72.81746,97.869354,72.37855,132.7558,72.42754,147.19426,71.86409,92.17201,71.93615,80.855385,71.77021
squeezed_Lâm Đồng,2017-07-01,97.869354,70.495636,132.7558,70.07435,147.19426,70.09223,92.17201,69.55705,80.855385,69.63756,14.945021,69.468666
squeezed_Lâm Đồng,2017-08-01,132.7558,70.04552,147.19426,69.659805,92.17201,69.65762,80.855385,69.11367,14.945021,69.21628,67.52362,69.04006
squeezed_Lâm Đồng,2017-09-01,147.19426,66.01495,92.17201,65.71386,80.855385,65.64753,14.945021,65.1858,67.52362,65.27012,100.66595,65.100914
squeezed_Lâm Đồng,2017-10-01,92.17201,55.93056,80.855385,55.711185,14.945021,55.63572,67.52362,55.257404,100.66595,55.348774,78.442,55.192593
squeezed_Lâm Đồng,2017-11-01,80.855385,36.314697,14.945021,36.189198,67.52362,36.18372,100.66595,35.917557,78.442,36.009586,81.77172,35.909107
squeezed_Lâm Đồng,2017-12-01,14.945021,38.481358,67.52362,38.377346,100.66595,38.383087,78.442,38.094032,81.77172,38.17401,76.66099,38.136517
squeezed_Lạng Sơn,2016-01-01,106.803696,99.99448,171.84857,99.81139,161.96175,99.85667,167.29544,99.26355,100.819565,99.432144,100.039024,99.441574
squeezed_Lạng Sơn,2016-02-01,171.84857,163.70021,161.96175,163.64088,167.29544,163.6491,100.819565,163.01172,100.039024,163.17839,155.19708,163.00171
squeezed_Lạng Sơn,2016-03-01,161.96175,168.77168,167.29544,168.63843,100.819565,168.61261,100.039024,168.02007,155.19708,168.26212,166.90517,167.85803
squeezed_Lạng Sơn,2016-04-01,167.29544,159.73589,100.819565,159.51758,100.039024,159.33926,155.19708,158.81152,166.90517,159.05328,156.75816,158.58746
squeezed_Lạng Sơn,2016-05-01,100.819565,152.76945,100.039024,152.53958,155.19708,152.24928,166.90517,151.73512,156.75816,151.97641,116.69051,151.52415
squeezed_Lạng Sơn,2016-06-01,100.039024,141.30833,155.19708,141.20035,166.90517,140.73343,156.75816,140.21252,116.69051,140.44484,12.878886,140.08424
squeezed_Lạng Sơn,2016-07-01,155.19708,133.41747,166.90517,133.35757,156.75816,132.87054,116.69051,132.29907,12.878886,132.55016,80.0052,132.26614
squeezed_Lạng Sơn,2016-08-01,166.90517,120.16402,156.75816,120.016495,116.69051,119.66552,12.878886,118.99118,80.0052,119.27426,132.0411,119.05596
squeezed_Lạng Sơn,2016-09-01,156.75816,106.34923,116.69051,106.087395,12.878886,105.885414,80.0052,105.17777,132.0411,105.474655,116.9507,105.29766
squeezed_Lạng Sơn,2016-10-01,116.69051,95.850555,12.878886,95.6088,80.0052,95.42643,132.0411,94.785416,116.9507,95.04555,135.03317,94.92761
squeezed_Lạng Sơn,2016-11-01,12.878886,107.51416,80.0052,107.33915,132.0411,107.056915,116.9507,106.401855,135.03317,106.66417,156.10771,106.61147
squeezed_Lạng Sơn,2016-12-01,80.0052,125.735275,132.0411,125.46261,116.9507,125.24241,135.03317,124.60446,156.10771,124.85831,143.6191,124.71199
squeezed_Lạng Sơn,2017-01-01,132.0411,139.50545,116.9507,139.03406,135.03317,138.90913,156.10771,138.23761,143.6191,138.549,150.90413,138.2971
squeezed_Lạng Sơn,2017-02-01,116.9507,156.58783,135.03317,156.1023,156.10771,155.98555,143.6191,155.33688,150.90413,155.67703,154.80682,155.23149
squeezed_Lạng Sơn,2017-03-01,135.03317,171.12617,156.10771,170.78442,143.6191,170.7203,150.90413,170.03996,154.80682,170.40468,172.10875,169.89508
squeezed_Lạng Sơn,2017-04-01,156.10771,181.26962,143.6191,181.06122,150.90413,181.05011,154.80682,180.32402,172.10875,180.68347,151.68466,180.1698
squeezed_Lạng Sơn,2017-05-01,143.6191,185.41785,150.90413,185.29044,154.80682,185.23503,172.10875,184.51175,151.68466,184.8626,120.98348,184.33684
squeezed_Lạng Sơn,2017-06-01,150.90413,186.73143,154.80682,186.65233,172.10875,186.51701,151.68466,185.82573,120.98348,186.15263,135.29335,185.61934
squeezed_Lạng Sơn,2017-07-01,154.80682,188.91771,172.10875,188.90767,151.68466,188.72644,120.98348,188.0932,135.29335,188.31796,109.5502,187.8101
squeezed_Lạng Sơn,2017-08-01,172.10875,185.22243,151.68466,185.25874,120.98348,184.98401,135.29335,184.48114,109.5502,184.55023,111.48344,184.09138
squeezed_Lạng Sơn,2017-09-01,151.68466,174.619,120.98348,174.58049,135.29335,174.21118,109.5502,173.81906,111.48344,173.862,144.09073,173.39809
squeezed_Lạng Sơn,2017-10-01,120.98348,163.1718,135.29335,162.94942,109.5502,162.58345,111.48344,162.18234,144.09073,162.3555,117.28316,161.90784
squeezed_Lạng Sơn,2017-11-01,135.29335,158.45479,109.5502,158.08936,111.48344,157.77824,144.09073,157.344,117.28316,157.60023,120.50522,157.15646
squeezed_Lạng Sơn,2017-12-01,109.5502,152.69821,111.48344,152.1859,144.09073,152.00554,117.28316,151.50525,120.50522,151.79236,100.14177,151.35603
squeezed_Nam Định,2016-01-01,62.236855,121.81703,68.71424,121.32718,60.131706,121.11232,49.0122,120.5008,51.495197,120.799,48.202526,120.42361
squeezed_Nam Định,2016-02-01,68.71424,107.36238,60.131706,106.79768,49.0122,106.643715,51.495197,106.02292,48.202526,106.27083,51.33326,105.97527
squeezed_Nam Định,2016-03-01,60.131706,90.80324,49.0122,90.21516,51.495197,90.21768,48.202526,89.66807,51.33326,89.75998,49.821873,89.50915
squeezed_Nam Định,2016-04-01,49.0122,85.03183,51.495197,84.415596,48.202526,84.48526,51.33326,83.96596,49.821873,84.038895,55.00378,83.748604
squeezed_Nam Định,2016-05-01,51.495197,80.10492,48.202526,79.53815,51.33326,79.57754,49.821873,79.09876,55.00378,79.16444,53.654324,78.892845
squeezed_Nam Định,2016-06-01,48.202526,74.75972,51.33326,74.176735,49.821873,74.232185,55.00378,73.74524,53.654324,73.84364,53.2225,73.55461
squeezed_Nam Định,2016-07-01,51.33326,73.00621,49.821873,72.355644,55.00378,72.46024,53.654324,71.944214,53.2225,72.077484,48.98781,71.764656
squeezed_Nam Định,2016-08-01,49.821873,72.62152,55.00378,71.96285,53.654324,72.072845,53.2225,71.55349,48.98781,71.69555,53.40566,71.39079
squeezed_Nam Định,2016-09-01,55.00378,69.07237,53.654324,68.483795,53.2225,68.52251,48.98781,68.06586,53.40566,68.20588,57.26429,67.93724
squeezed_Nam Định,2016-10-01,53.654324,64.071365,53.2225,63.57832,48.98781,63.536407,53.40566,63.191505,57.26429,63.270752,51.448383,63.064182
squeezed_Nam Định,2016-11-01,53.2225,62.279423,48.98781,61.818085,53.40566,61.75479,57.26429,61.452686,51.448383,61.496593,57.82351,61.29254
squeezed_Nam Định,2016-12-01,48.98781,62.289665,53.40566,61.851364,57.26429,61.828636,51.448383,61.49497,57.82351,61.564686,0.0,61.320442
squeezed_Nam Định,2017-01-01,53.40566,64.863396,57.26429,64.47871,51.448383,64.46312,57.82351,64.07041,0.0,64.17455,38.3626,63.90687
squeezed_Nam Định,2017-02-01,57.26429,69.3607,51.448383,69.02194,57.82351,69.03227,0.0,68.57752,38.3626,68.67228,56.369534,68.45841
squeezed_Nam Định,2017-03-01,51.448383,70.92468,57.82351,70.566666,0.0,70.59881,38.3626,70.09663,56.369534,70.230064,56.76099,70.017
squeezed_Nam Định,2017-04-01,57.82351,71.47017,0.0,71.09737,38.3626,71.14315,56.369534,70.6595,56.76099,70.76577,61.626217,70.53727
squeezed_Nam Định,2017-05-01,0.0,69.692566,38.3626,69.312874,56.369534,69.36239,56.76099,68.898544,61.626217,69.02608,61.17884,68.75747
squeezed_Nam Định,2017-06-01,38.3626,70.78548,56.369534,70.326096,56.76099,70.43036,61.626217,69.90637,61.17884,70.08841,53.12605,69.79856
squeezed_Nam Định,2017-07-01,56.369534,71.91232,56.76099,71.45771,61.626217,71.53531,61.17884,70.998276,53.12605,71.20399,0.0,70.94236
squeezed_Nam Định,2017-08-01,56.76099,72.37834,61.626217,71.90443,61.17884,71.964615,53.12605,71.417076,0.0,71.639885,0.0,71.39153
squeezed_Nam Định,2017-09-01,61.626217,68.02351,61.17884,67.59406,53.12605,67.58709,0.0,67.10258,0.0,67.30146,0.0,67.07896
squeezed_Nam Định,2017-10-01,61.17884,65.06108,53.12605,64.66593,0.0,64.590034,0.0,64.1973,0.0,64.3459,0.0,64.14158
squeezed_Nam Định,2017-11-01,53.12605,62.89374,0.0,62.4993,0.0,62.419186,0.0,62.065525,0.0,62.197823,0.0,61.97633
squeezed_Nam Định,2017-12-01,0.0,60.60529,0.0,60.230446,0.0,60.20395,0.0,59.87002,0.0,59.96034,0.0,59.75543
squeezed_Nghệ An,2016-01-01,123.909195,89.86482,167.76686,89.46631,140.07407,89.44014,136.66077,88.92719,125.48704,89.132034,96.5706,88.90057
squeezed_Nghệ An,2016-02-01,167.76686,144.81496,140.07407,144.72185,136.66077,144.47389,125.48704,143.88983,96.5706,144.1034,119.01465,143.97885
squeezed_Nghệ An,2016-03-01,140.07407,171.83144,136.66077,171.8892,125.48704,171.43253,96.5706,170.92535,119.01465,171.14844,143.55176,170.83063
squeezed_Nghệ An,2016-04-01,136.66077,174.93326,125.48704,175.01193,96.5706,174.52513,119.01465,173.9961,143.55176,174.24286,145.58043,173.8026
squeezed_Nghệ An,2016-05-01,125.48704,173.70418,96.5706,173.77121,119.01465,173.25404,143.55176,172.75258,145.58043,172.98235,126.71068,172.52672
squeezed_Nghệ An,2016-06-01,96.5706,173.84789,119.01465,173.93399,143.55176,173.41289,145.58043,172.96094,126.71068,173.1376,3.6709065,172.66591
squeezed_Nghệ An,2016-07-01,119.01465,169.20381,143.55176,169.2714,145.58043,168.70569,126.71068,168.31621,3.6709065,168.43541,80.974525,167.96678
squeezed_Nghệ An,2016-08-01,143.55176,163.66301,145.58043,163.64645,126.71068,163.11269,3.6709065,162.6906,80.974525,162.85925,87.81224,162.39285
squeezed_Nghệ An,2016-09-01,145.58043,155.50604,126.71068,155.3199,3.6709065,154.84337,80.974525,154.34373,87.81224,154.58394,98.90042,154.16508
squeezed_Nghệ An,2016-10-01,126.71068,149.5566,3.6709065,149.19406,80.974525,148.83463,87.81224,148.22554,98.90042,148.53624,86.39542,148.18195
squeezed_Nghệ An,2016-11-01,3.6709065,149.2019,80.974525,148.79506,87.81224,148.48265,98.90042,147.84213,86.39542,148.1812,111.74423,147.8554
squeezed_Nghệ An,2016-12-01,80.974525,155.13368,87.81224,154.83333,98.90042,154.46349,86.39542,153.92976,111.74423,154.20586,104.22891,153.84525
squeezed_Nghệ An,2017-01-01,87.81224,163.84639,98.90042,163.7187,86.39542,163.27618,111.74423,162.82642,104.22891,162.99934,91.5391,162.57553
squeezed_Nghệ An,2017-02-01,98.90042,178.421,86.39542,178.48758,111.74423,178.07123,104.22891,177.62378,91.5391,177.73502,0.0,177.26208
squeezed_Nghệ An,2017-03-01,86.39542,184.74849,111.74423,184.91397,104.22891,184.49275,91.5391,184.02475,0.0,184.1091,111.68263,183.64651
squeezed_Nghệ An,2017-04-01,111.74423,186.25117,104.22891,186.48122,91.5391,185.98761,0.0,185.53796,111.68263,185.59346,104.25971,185.11673
squeezed_Nghệ An,2017-05-01,104.22891,187.41447,91.5391,187.75441,0.0,187.12335,111.68263,186.77861,104.25971,186.6815,97.4836,186.2192
squeezed_Nghệ An,2017-06-01,91.5391,185.70764,0.0,186.10022,111.68263,185.3755,104.25971,185.16069,97.4836,184.94318,98.86962,184.45677
squeezed_Nghệ An,2017-07-01,0.0,178.20459,111.68263,178.53328,104.25971,177.73535,97.4836,177.61584,98.86962,177.34865,90.052864,176.8695
squeezed_Nghệ An,2017-08-01,111.68263,171.39264,104.25971,171.6021,97.4836,170.83337,98.86962,170.67523,90.052864,170.48338,69.87908,169.98729
squeezed_Nghệ An,2017-09-01,104.25971,159.8629,97.4836,159.85895,98.86962,159.15755,90.052864,158.89873,69.87908,158.83286,91.663124,158.38185
squeezed_Nghệ An,2017-10-01,97.4836,152.74155,98.86962,152.5495,90.052864,151.98079,69.87908,151.60353,91.663124,151.65749,90.052864,151.25616
squeezed_Nghệ An,2017-11-01,98.86962,148.51834,90.052864,148.10829,69.87908,147.69023,91.663124,147.20168,90.052864,147.33762,83.49031,146.99452
squeezed_Nghệ An,2017-12-01,90.052864,148.51355,69.87908,147.91716,91.663124,147.67014,90.052864,147.08844,83.49031,147.27493,63.681107,146.97781
squeezed_Ninh Bình,2016-01-01,142.3775,159.14763,132.82971,158.69226,155.17784,158.47716,130.62637,157.93333,116.462074,158.10924,115.0981,157.7318
squeezed_Ninh Bình,2016-02-01,132.82971,148.2409,155.17784,147.55908,130.62637,147.46432,116.462074,146.71027,115.0981,146.95612,115.93747,146.71758
squeezed_Ninh Bình,2016-03-01,155.17784,142.44653,130.62637,141.7134,116.462074,141.65729,115.0981,140.77646,115.93747,141.09753,138.60036,140.90562
squeezed_Ninh Bình,2016-04-01,130.62637,147.91698,116.462074,147.24925,115.0981,147.17363,115.93747,146.25642,138.60036,146.57242,128.10828,146.37805
squeezed_Ninh Bình,2016-05-01,116.462074,155.1928,115.0981,154.72658,115.93747,154.48878,138.60036,153.70184,128.10828,153.9655,127.05907,153.7508
squeezed_Ninh Bình,2016-06-01,115.0981,154.02536,115.93747,153.63518,138.60036,153.30779,128.10828,152.56367,127.05907,152.83551,20.564474,152.62186
squeezed_Ninh Bình,2016-07-01,115.93747,141.8075,138.60036,141.24432,128.10828,141.06221,127.05907,140.2084,20.564474,140.56163,108.1417,140.3873
squeezed_Ninh Bình,2016-08-01,138.60036,138.49026,128.10828,137.90968,127.05907,137.76279,20.564474,136.90865,108.1417,137.2681,121.60762,137.10077
squeezed_Ninh Bình,2016-09-01,128.10828,135.93848,127.05907,135.35213,20.564474,135.20544,108.1417,134.35442,121.60762,134.72058,124.92231,134.58353
squeezed_Ninh Bình,2016-10-01,127.05907,129.60197,20.564474,129.10251,108.1417,128.86595,121.60762,128.04428,124.92231,128.42459,121.711205,128.31285
squeezed_Ninh Bình,2016-11-01,20.564474,128.04051,108.1417,127.47088,121.60762,127.32955,124.92231,126.553825,121.711205,126.92471,120.05386,126.70351
squeezed_Ninh Bình,2016-12-01,108.1417,125.486145,121.60762,124.92985,124.92231,124.818,121.711205,124.107056,120.05386,124.458206,109.695465,124.18811
squeezed_Ninh Bình,2017-01-01,121.60762,120.07695,124.92231,119.58974,121.711205,119.39336,120.05386,118.7264,109.695465,119.09118,117.8786,118.78879
squeezed_Ninh Bình,2017-02-01,124.92231,123.96742,121.711205,123.438896,120.05386,123.231995,109.695465,122.56315,117.8786,122.9192,113.11374,122.5849
squeezed_Ninh Bình,2017-03-01,121.711205,130.33003,120.05386,129.81819,109.695465,129.59149,117.8786,128.85994,113.11374,129.23393,110.93847,129.0156
squeezed_Ninh Bình,2017-04-01,120.05386,130.82704,109.695465,130.33134,117.8786,130.08167,113.11374,129.31436,110.93847,129.68138,108.76321,129.52293
squeezed_Ninh Bình,2017-05-01,109.695465,121.27278,117.8786,120.78476,113.11374,120.54684,110.93847,119.74529,108.76321,120.14842,75.098404,119.99316
squeezed_Ninh Bình,2017-06-01,117.8786,110.432434,113.11374,109.932556,110.93847,109.80768,108.76321,109.02666,75.098404,109.4406,118.189354,109.183105
squeezed_Ninh Bình,2017-07-01,113.11374,105.0202,110.93847,104.52404,108.76321,104.43711,75.098404,103.67624,118.189354,104.1025,99.6204,103.82545
squeezed_Ninh Bình,2017-08-01,110.93847,103.01439,108.76321,102.4707,75.098404,102.4026,118.189354,101.6459,99.6204,102.07544,105.468346,101.80117
squeezed_Ninh Bình,2017-09-01,108.76321,100.31157,75.098404,99.71973,118.189354,99.674934,99.6204,98.955765,105.468346,99.357056,87.411514,99.07948
squeezed_Ninh Bình,2017-10-01,75.098404,99.04855,118.189354,98.4794,99.6204,98.41609,105.468346,97.72118,87.411514,98.11247,93.054276,97.91526
squeezed_Ninh Bình,2017-11-01,118.189354,107.876144,99.6204,107.423836,105.468346,107.327065,87.411514,106.610466,93.054276,106.98323,98.90223,106.82353
squeezed_Ninh Bình,2017-12-01,99.6204,119.42503,105.468346,119.04162,87.411514,118.93641,93.054276,118.21625,98.90223,118.57163,86.38555,118.38553
squeezed_Ninh Thuận,2016-01-01,125.87296,149.7995,173.59494,149.42258,163.28566,149.31747,189.72398,148.66388,204.3565,148.98631,167.94147,148.64423
squeezed_Ninh Thuận,2016-02-01,173.59494,165.24818,163.28566,164.97034,189.72398,164.77312,204.3565,164.14503,167.94147,164.44916,141.00432,164.09642
squeezed_Ninh Thuận,2016-03-01,163.28566,176.36197,189.72398,176.22527,204.3565,176.04913,167.94147,175.39436,141.00432,175.69873,155.13802,175.23135
squeezed_Ninh Thuận,2016-04-01,189.72398,187.5269,204.3565,187.5373,167.94147,187.416,141.00432,186.7245,155.13802,186.99954,154.30663,186.49373
squeezed_Ninh Thuận,2016-05-01,204.3565,195.19543,167.94147,195.41176,141.00432,195.1738,155.13802,194.56783,154.30663,194.67075,170.93448,194.21269
squeezed_Ninh Thuận,2016-06-01,167.94147,200.91475,141.00432,201.302,155.13802,200.91539,154.30663,200.39665,170.93448,200.38957,170.93448,199.96815
squeezed_Ninh Thuận,2016-07-01,141.00432,207.87827,155.13802,208.44858,154.30663,207.85799,170.93448,207.43118,170.93448,207.38214,123.33447,206.99776
squeezed_Ninh Thuận,2016-08-01,155.13802,205.33914,154.30663,205.93121,170.93448,205.23138,170.93448,204.85089,123.33447,204.8048,185.17253,204.40073
squeezed_Ninh Thuận,2016-09-01,154.30663,199.32062,170.93448,199.8539,170.93448,199.16032,123.33447,198.7779,185.17253,198.72644,147.93304,198.30832
squeezed_Ninh Thuận,2016-10-01,170.93448,197.15817,170.93448,197.67072,123.33447,196.98749,185.17253,196.60333,147.93304,196.54666,120.43047,196.11061
squeezed_Ninh Thuận,2016-11-01,170.93448,197.75201,123.33447,198.27954,185.17253,197.58037,147.93304,197.20825,120.43047,197.145,111.54766,196.70766
squeezed_Ninh Thuận,2016-12-01,123.33447,201.1898,185.17253,201.76782,147.93304,201.04224,120.43047,200.66794,111.54766,200.63081,122.65118,200.16501
squeezed_Ninh Thuận,2017-01-01,185.17253,205.04323,147.93304,205.66656,120.43047,204.90028,111.54766,204.52849,122.65118,204.51878,127.60506,204.07552
squeezed_Ninh Thuận,2017-02-01,147.93304,207.03271,120.43047,207.6925,111.54766,206.87631,122.65118,206.51886,127.60506,206.51486,151.17868,206.10226
squeezed_Ninh Thuận,2017-03-01,120.43047,202.7176,111.54766,203.31502,122.65118,202.57066,127.60506,202.19687,151.17868,202.16197,170.3109,201.76038
squeezed_Ninh Thuận,2017-04-01,111.54766,203.82268,122.65118,204.44366,127.60506,203.7023,151.17868,203.31851,170.3109,203.28653,191.83464,202.88428
squeezed_Ninh Thuận,2017-05-01,122.65118,195.2259,127.60506,195.72421,151.17868,195.02863,170.3109,194.65385,191.83464,194.56061,217.97061,194.17676
squeezed_Ninh Thuận,2017-06-01,127.60506,182.40118,151.17868,182.67416,170.3109,182.05214,191.83464,181.65314,217.97061,181.52943,0.0,181.16176
squeezed_Ninh Thuận,2017-07-01,151.17868,173.09164,170.3109,173.233,191.83464,172.6714,217.97061,172.20457,0.0,172.12747,181.18526,171.76071
squeezed_Ninh Thuận,2017-08-01,170.3109,163.05179,191.83464,163.06276,217.97061,162.54213,0.0,162.05583,181.18526,162.01474,116.14875,161.7192
squeezed_Ninh Thuận,2017-09-01,191.83464,149.72728,217.97061,149.61043,0.0,149.1292,181.18526,148.59319,116.14875,148.63342,227.20326,148.47462
squeezed_Ninh Thuận,2017-10-01,217.97061,138.1038,0.0,137.81659,181.18526,137.45265,116.14875,136.82884,227.20326,136.99857,134.82765,136.86372
squeezed_Ninh Thuận,2017-11-01,0.0,130.75482,181.18526,130.34729,116.14875,130.07066,227.20326,129.34998,134.82765,129.63937,130.58244,129.54938
squeezed_Ninh Thuận,2017-12-01,181.18526,128.85126,116.14875,128.4021,227.20326,128.15631,134.82765,127.389366,130.58244,127.7374,173.20428,127.650536
squeezed_Phú Thọ,2016-01-01,107.114426,140.76129,147.57184,140.25333,135.63002,140.0713,110.298904,139.29079,98.71897,139.6724,96.90961,139.47398
squeezed_Phú Thọ,2016-02-01,147.57184,143.19379,135.63002,142.64398,110.298904,142.50055,98.71897,141.69196,96.90961,142.08104,86.921906,141.8391
squeezed_Phú Thọ,2016-03-01,135.63002,145.86853,110.298904,145.39888,98.71897,145.20528,96.90961,144.39987,86.921906,144.79402,86.921906,144.47002
squeezed_Phú Thọ,2016-04-01,110.298904,150.77097,98.71897,150.43562,96.90961,150.14899,86.921906,149.41527,86.921906,149.77077,92.6395,149.40994
squeezed_Phú Thọ,2016-05-01,98.71897,152.81549,96.90961,152.55008,86.921906,152.20229,86.921906,151.49884,92.6395,151.80095,85.98104,151.49898
squeezed_Phú Thọ,2016-06-01,96.90961,150.65869,86.921906,150.39574,86.921906,150.03159,92.6395,149.31874,85.98104,149.62042,54.353333,149.36453
squeezed_Phú Thọ,2016-07-01,86.921906,149.7658,86.921906,149.49257,92.6395,149.11932,85.98104,148.41216,54.353333,148.72426,65.01223,148.47188
squeezed_Phú Thọ,2016-08-01,86.921906,148.24522,92.6395,147.93988,85.98104,147.56754,54.353333,146.87354,65.01223,147.20091,78.154495,146.94576
squeezed_Phú Thọ,2016-09-01,92.6395,142.98099,85.98104,142.56741,54.353333,142.27008,65.01223,141.57504,78.154495,141.91994,79.4827,141.67534
squeezed_Phú Thọ,2016-10-01,85.98104,132.0912,54.353333,131.52994,65.01223,131.39644,78.154495,130.61076,79.4827,130.97371,88.91996,130.8172
squeezed_Phú Thọ,2016-11-01,54.353333,118.973724,65.01223,118.36055,78.154495,118.27661,79.4827,117.55338,88.91996,117.826225,78.43411,117.77031
squeezed_Phú Thọ,2016-12-01,65.01223,118.48468,78.154495,117.84933,79.4827,117.744865,88.91996,117.079254,78.43411,117.34355,88.71024,117.29358
squeezed_Phú Thọ,2017-01-01,78.154495,136.64224,79.4827,136.03522,88.91996,135.87479,78.43411,135.22203,88.71024,135.54202,68.71723,135.34947
squeezed_Phú Thọ,2017-02-01,79.4827,142.65176,88.91996,142.04703,78.43411,141.92273,88.71024,141.1597,68.71723,141.51971,80.6711,141.18823
squeezed_Phú Thọ,2017-03-01,88.91996,140.4608,78.43411,139.86487,88.71024,139.70143,68.71723,138.91922,80.6711,139.27827,90.94722,138.97983
squeezed_Phú Thọ,2017-04-01,78.43411,138.79735,88.71024,138.20343,68.71723,138.04485,80.6711,137.26997,90.94722,137.6454,92.485146,137.362
squeezed_Phú Thọ,2017-05-01,88.71024,127.72925,68.71723,127.04967,80.6711,127.0056,90.94722,126.22481,92.485146,126.57173,80.181755,126.382706
squeezed_Phú Thọ,2017-06-01,68.71723,116.19365,80.6711,115.444214,90.94722,115.45422,92.485146,114.68744,80.181755,114.99046,74.16987,114.87158
squeezed_Phú Thọ,2017-07-01,80.6711,109.08498,90.94722,108.21981,92.485146,108.28752,80.181755,107.5128,74.16987,107.81608,66.22517,107.70152
squeezed_Phú Thọ,2017-08-01,90.94722,101.84439,92.485146,100.88267,80.181755,100.98955,74.16987,100.22631,66.22517,100.51906,49.875828,100.424095
squeezed_Phú Thọ,2017-09-01,92.485146,92.67247,80.181755,91.74981,74.16987,91.795654,66.22517,91.08829,49.875828,91.36346,63.948677,91.29202
squeezed_Phú Thọ,2017-10-01,80.181755,83.01306,74.16987,82.26764,66.22517,82.18749,49.875828,81.61589,63.948677,81.82952,62.63797,81.75512
squeezed_Phú Thọ,2017-11-01,74.16987,75.86803,66.22517,75.23091,49.875828,75.15789,63.948677,74.70437,62.63797,74.841934,57.80905,74.68009
squeezed_Phú Thọ,2017-12-01,66.22517,65.69098,49.875828,65.2533,63.948677,65.2012,62.63797,64.87847,57.80905,64.93284,56.56733,64.73283
squeezed_Phú Yên,2016-01-01,82.94418,64.6416,99.17723,64.192055,76.0507,64.21316,71.38092,63.834606,66.59995,63.86558,49.588615,63.669296
squeezed_Phú Yên,2016-02-01,99.17723,61.267807,76.0507,60.851467,71.38092,60.865856,66.59995,60.48385,49.588615,60.542812,45.919502,60.364742
squeezed_Phú Yên,2016-03-01,76.0507,58.523144,71.38092,58.112755,66.59995,58.161102,49.588615,57.774258,45.919502,57.84784,70.38026,57.699173
squeezed_Phú Yên,2016-04-01,71.38092,62.28732,66.59995,61.81085,49.588615,61.92768,45.919502,61.47843,70.38026,61.59212,82.0547,61.408695
squeezed_Phú Yên,2016-05-01,66.59995,63.725307,49.588615,63.304546,45.919502,63.40188,70.38026,62.930637,82.0547,63.075577,57.038025,62.870766
squeezed_Phú Yên,2016-06-01,49.588615,69.03621,45.919502,68.629,70.38026,68.71169,82.0547,68.211105,57.038025,68.3619,57.038025,68.15401
squeezed_Phú Yên,2016-07-01,45.919502,69.39543,70.38026,68.95732,82.0547,69.0416,57.038025,68.55702,57.038025,68.68623,0.0,68.445595
squeezed_Phú Yên,2016-08-01,70.38026,67.31292,82.0547,66.82574,57.038025,66.91655,57.038025,66.445496,0.0,66.57599,41.95402,66.283104
squeezed_Phú Yên,2016-09-01,82.0547,66.321106,57.038025,65.848595,57.038025,65.90762,0.0,65.4592,41.95402,65.5851,45.747128,65.277084
squeezed_Phú Yên,2016-10-01,57.038025,66.38534,57.038025,65.97532,0.0,65.96867,41.95402,65.52402,45.747128,65.65798,39.54023,65.38112
squeezed_Phú Yên,2016-11-01,57.038025,60.56371,0.0,60.214367,41.95402,60.18369,45.747128,59.7506,39.54023,59.89039,0.0,59.637543
squeezed_Phú Yên,2016-12-01,0.0,58.65171,41.95402,58.340824,45.747128,58.305904,39.54023,57.89186,0.0,58.01229,28.62069,57.782204
squeezed_Phú Yên,2017-01-01,41.95402,57.16363,45.747128,56.901585,39.54023,56.853817,0.0,56.456947,28.62069,56.553665,40.0,56.369675
squeezed_Phú Yên,2017-02-01,45.747128,54.24866,39.54023,53.98328,0.0,53.954506,28.62069,53.578773,40.0,53.651417,0.0,53.520824
squeezed_Phú Yên,2017-03-01,39.54023,52.696968,0.0,52.40308,28.62069,52.41419,40.0,52.06388,0.0,52.09871,34.022987,52.011898
squeezed_Phú Yên,2017-04-01,0.0,48.942398,28.62069,48.621845,40.0,48.647587,0.0,48.344208,34.022987,48.349236,31.609196,48.296646
squeezed_Phú Yên,2017-05-01,28.62069,51.198338,40.0,50.84355,0.0,50.899284,34.022987,50.559765,31.609196,50.619,47.12644,50.519627
squeezed_Phú Yên,2017-06-01,40.0,55.71069,0.0,55.343014,34.022987,55.39273,31.609196,55.011597,47.12644,55.12024,41.49425,54.987564
squeezed_Phú Yên,2017-07-01,0.0,56.94154,34.022987,56.564365,31.609196,56.61328,47.12644,56.212193,41.49425,56.344353,0.0,56.181267
squeezed_Phú Yên,2017-08-01,34.022987,56.84029,31.609196,56.493317,47.12644,56.532883,41.49425,56.11649,0.0,56.25056,34.53815,56.092186
squeezed_Phú Yên,2017-09-01,31.609196,57.50133,47.12644,57.23511,41.49425,57.23021,0.0,56.825134,34.53815,56.938805,39.013195,56.797787
squeezed_Phú Yên,2017-10-01,47.12644,59.356564,41.49425,59.091675,0.0,59.04308,34.53815,58.6367,39.013195,58.74167,0.0,58.56499
squeezed_Phú Yên,2017-11-01,41.49425,60.518276,0.0,60.252087,34.53815,60.167816,39.013195,59.757725,0.0,59.877956,30.407343,59.649193
squeezed_Phú Yên,2017-12-01,0.0,60.041935,34.53815,59.804127,39.013195,59.682247,0.0,59.293037,30.407343,59.400555,23.752151,59.176044
squeezed_Quảng Bình,2016-01-01,141.27834,93.180435,170.21762,92.92682,158.1406,92.78501,150.507,92.22109,139.68326,92.34551,115.871025,92.19175
squeezed_Quảng Bình,2016-02-01,170.21762,99.1228,158.1406,98.69146,150.507,98.61158,139.68326,97.86419,115.871025,98.109245,133.98656,98.047195
squeezed_Quảng Bình,2016-03-01,158.1406,105.32849,150.507,104.73114,139.68326,104.768906,115.871025,103.89364,133.98656,104.21924,154.8365,104.12206
squeezed_Quảng Bình,2016-04-01,150.507,110.771545,139.68326,110.13673,115.871025,110.2271,133.98656,109.295166,154.8365,109.6131,170.21762,109.570145
squeezed_Quảng Bình,2016-05-01,139.68326,125.302155,115.871025,124.829544,133.98656,124.829056,154.8365,123.93425,170.21762,124.21702,164.40697,124.232925
squeezed_Quảng Bình,2016-06-01,115.871025,133.83151,133.98656,133.52257,154.8365,133.38295,170.21762,132.55878,164.40697,132.83861,65.853935,132.85904
squeezed_Quảng Bình,2016-07-01,133.98656,142.12779,154.8365,141.86273,170.21762,141.62888,164.40697,140.91385,65.853935,141.17633,106.808174,141.17445
squeezed_Quảng Bình,2016-08-01,154.8365,154.13205,170.21762,153.926,164.40697,153.64241,65.853935,153.02908,106.808174,153.23875,139.66354,153.1202
squeezed_Quảng Bình,2016-09-01,170.21762,164.17484,164.40697,163.99797,65.853935,163.70886,106.808174,163.11948,139.66354,163.30101,0.0,163.07286
squeezed_Quảng Bình,2016-10-01,164.40697,160.81046,65.853935,160.61523,106.808174,160.21687,139.66354,159.64594,0.0,159.81812,0.0,159.592
squeezed_Quảng Bình,2016-11-01,65.853935,153.26627,106.808174,153.05348,139.66354,152.6189,0.0,152.04071,0.0,152.24142,108.614655,152.06216
squeezed_Quảng Bình,2016-12-01,106.808174,153.06827,139.66354,152.84941,0.0,152.42998,0.0,151.8278,108.614655,152.02779,104.88879,151.83937
squeezed_Quảng Bình,2017-01-01,139.66354,149.95116,0.0,149.69987,0.0,149.32326,108.614655,148.61938,104.88879,148.86464,126.227844,148.61035
squeezed_Quảng Bình,2017-02-01,0.0,147.58711,0.0,147.27878,108.614655,146.97903,104.88879,146.22647,126.227844,146.50365,0.0,146.16492
squeezed_Quảng Bình,2017-03-01,0.0,136.85808,108.614655,136.27849,104.88879,136.14664,126.227844,135.28519,0.0,135.6245,0.0,135.42546
squeezed_Quảng Bình,2017-04-01,108.614655,126.07701,104.88879,125.30512,126.227844,125.34144,0.0,124.489494,0.0,124.824585,0.0,124.63988
squeezed_Quảng Bình,2017-05-01,104.88879,119.24635,126.227844,118.45447,0.0,118.51805,0.0,117.6585,0.0,118.02348,0.0,117.882706
squeezed_Quảng Bình,2017-06-01,126.227844,116.059784,0.0,115.16794,0.0,115.29562,0.0,114.4016,0.0,114.806366,0.0,114.63215
squeezed_Quảng Bình,2017-07-01,0.0,112.45151,0.0,111.58825,0.0,111.6778,0.0,110.7885,0.0,111.21023,0.0,111.038864
squeezed_Quảng Bình,2017-08-01,0.0,107.15195,0.0,106.37966,0.0,106.40105,0.0,105.52836,0.0,105.94267,0.0,105.82197
squeezed_Quảng Bình,2017-09-01,0.0,103.17531,0.0,102.454895,0.0,102.4018,0.0,101.57014,0.0,101.98069,0.0,101.86478
squeezed_Quảng Bình,2017-10-01,0.0,99.40741,0.0,98.7969,0.0,98.659744,0.0,97.89489,0.0,98.28083,0.0,98.22007
squeezed_Quảng Bình,2017-11-01,0.0,101.71065,0.0,101.14954,0.0,100.99125,0.0,100.21726,0.0,100.61388,0.0,100.53829
squeezed_Quảng Bình,2017-12-01,0.0,103.269226,0.0,102.77995,0.0,102.57871,0.0,101.76964,0.0,102.18542,0.0,102.12289
squeezed_Quảng Nam,2016-01-01,187.73946,121.5493,208.91309,121.01655,172.68266,120.83703,159.3063,119.93083,157.62587,120.34167,168.04463,120.24016
squeezed_Quảng Nam,2016-02-01,208.91309,133.6831,172.68266,133.11237,159.3063,132.99152,157.62587,132.00815,168.04463,132.40959,196.545,132.32104
squeezed_Quảng Nam,2016-03-01,172.68266,139.1331,159.3063,138.46101,157.62587,138.46155,168.04463,137.40862,196.545,137.85078,164.21321,137.67365
squeezed_Quảng Nam,2016-04-01,159.3063,143.91689,157.62587,143.23167,168.04463,143.25922,196.545,142.16081,164.21321,142.62933,132.62082,142.40186
squeezed_Quảng Nam,2016-05-01,157.62587,149.47087,168.04463,148.87459,196.545,148.81915,164.21321,147.77663,132.62082,148.20988,133.36021,147.99615
squeezed_Quảng Nam,2016-06-01,168.04463,159.35687,196.545,158.99898,164.21321,158.75465,132.62082,157.92729,133.36021,158.26575,11.830342,158.03168
squeezed_Quảng Nam,2016-07-01,196.545,165.00536,164.21321,164.78906,132.62082,164.46727,133.36021,163.75468,11.830342,164.04869,157.35185,163.77364
squeezed_Quảng Nam,2016-08-01,164.21321,169.38869,132.62082,169.24744,133.36021,168.91266,11.830342,168.24605,157.35185,168.5121,181.82431,168.19753
squeezed_Quảng Nam,2016-09-01,132.62082,179.6121,133.36021,179.58896,11.830342,179.32654,157.35185,178.66275,181.82431,178.87604,192.47624,178.51044
squeezed_Quảng Nam,2016-10-01,133.36021,203.25778,11.830342,203.65724,157.35185,203.26857,181.82431,202.76051,192.47624,202.68166,151.62138,202.38692
squeezed_Quảng Nam,2016-11-01,11.830342,215.27745,157.35185,215.93105,181.82431,215.29462,192.47624,214.99188,151.62138,214.7846,126.137665,214.54433
squeezed_Quảng Nam,2016-12-01,157.35185,215.04495,181.82431,215.7731,192.47624,214.91145,151.62138,214.69002,126.137665,214.51346,136.048,214.2015
squeezed_Quảng Nam,2017-01-01,181.82431,211.07863,192.47624,211.78853,151.62138,210.82542,126.137665,210.60301,136.048,210.5074,135.71092,210.12541
squeezed_Quảng Nam,2017-02-01,192.47624,205.78877,151.62138,206.43405,126.137665,205.5307,136.048,205.29324,135.71092,205.20348,145.95834,204.7738
squeezed_Quảng Nam,2017-03-01,151.62138,189.24287,126.137665,189.75438,136.048,189.02666,135.71092,188.6619,145.95834,188.59822,157.01477,188.05458
squeezed_Quảng Nam,2017-04-01,126.137665,172.03456,136.048,172.2914,135.71092,171.625,145.95834,171.27469,157.01477,171.1723,156.34059,170.57584
squeezed_Quảng Nam,2017-05-01,136.048,166.8819,135.71092,166.98643,145.95834,166.42313,157.01477,166.00128,156.34059,165.9496,160.79013,165.36287
squeezed_Quảng Nam,2017-06-01,135.71092,156.61461,145.95834,156.40062,157.01477,156.06606,156.34059,155.5013,160.79013,155.58282,174.54324,154.97159
squeezed_Quảng Nam,2017-07-01,145.95834,135.81146,157.01477,135.20699,156.34059,135.09589,160.79013,134.40756,174.54324,134.65903,150.32198,134.08504
squeezed_Quảng Nam,2017-08-01,157.01477,124.15936,156.34059,123.51881,160.79013,123.40537,174.54324,122.67469,150.32198,122.99686,151.32814,122.57132
squeezed_Quảng Nam,2017-09-01,156.34059,120.553635,160.79013,119.95377,174.54324,119.79545,150.32198,119.04119,151.32814,119.43059,159.77998,119.09743
squeezed_Quảng Nam,2017-10-01,160.79013,120.33862,174.54324,119.757965,150.32198,119.58732,151.32814,118.81156,159.77998,119.23741,145.49236,118.94432
squeezed_Quảng Nam,2017-11-01,174.54324,119.327225,150.32198,118.77585,151.32814,118.62404,159.77998,117.85032,145.49236,118.24467,138.78455,118.01937
squeezed_Quảng Nam,2017-12-01,150.32198,120.07349,151.32814,119.53242,159.77998,119.41185,145.49236,118.60713,138.78455,118.986626,140.66273,118.81134
squeezed_Quảng Ngãi,2016-01-01,38.194168,113.039734,43.068317,112.5907,40.19177,112.425865,29.644426,111.59798,32.76069,112.01387,31.0827,111.89571
squeezed_Quảng Ngãi,2016-02-01,43.068317,111.30098,40.19177,110.83294,29.644426,110.686424,32.76069,109.85126,31.0827,110.27276,37.954456,110.14627
squeezed_Quảng Ngãi,2016-03-01,40.19177,111.44461,29.644426,110.90948,32.76069,110.87452,31.0827,110.0001,37.954456,110.40316,34.278866,110.31561
squeezed_Quảng Ngãi,2016-04-01,29.644426,110.10031,32.76069,109.52614,31.0827,109.532715,37.954456,108.63897,34.278866,109.03054,38.353973,108.960846
squeezed_Quảng Ngãi,2016-05-01,32.76069,107.159485,31.0827,106.53875,37.954456,106.56561,34.278866,105.73,38.353973,106.07095,34.35877,106.00721
squeezed_Quảng Ngãi,2016-06-01,31.0827,95.612335,37.954456,95.00578,34.278866,94.94889,38.353973,94.27867,34.35877,94.53468,26.368359,94.47718
squeezed_Quảng Ngãi,2016-07-01,37.954456,83.43681,34.278866,82.84445,38.353973,82.77336,34.35877,82.265305,26.368359,82.414185,40.035805,82.323524
squeezed_Quảng Ngãi,2016-08-01,34.278866,71.971115,38.353973,71.431915,34.35877,71.38767,26.368359,70.99834,40.035805,71.0345,54.113434,70.91193
squeezed_Quảng Ngãi,2016-09-01,38.353973,69.47981,34.35877,68.93965,26.368359,68.91816,40.035805,68.55485,54.113434,68.57642,48.580032,68.4096
squeezed_Quảng Ngãi,2016-10-01,34.35877,67.69255,26.368359,67.190994,40.035805,67.12846,54.113434,66.78947,48.580032,66.809494,0.0,66.660065
squeezed_Quảng Ngãi,2016-11-01,26.368359,64.87402,40.035805,64.38306,54.113434,64.306984,48.580032,63.98383,0.0,63.973732,37.757343,63.844566
squeezed_Quảng Ngãi,2016-12-01,40.035805,63.675926,54.113434,63.154194,48.580032,63.10634,0.0,62.768906,37.757343,62.776024,45.731956,62.613667
squeezed_Quảng Ngãi,2017-01-01,54.113434,58.81333,48.580032,58.380737,0.0,58.322094,37.757343,57.980698,45.731956,58.0015,0.0,57.875473
squeezed_Quảng Ngãi,2017-02-01,48.580032,53.357334,0.0,52.980717,37.757343,52.922752,45.731956,52.601875,0.0,52.61928,0.0,52.53043
squeezed_Quảng Ngãi,2017-03-01,0.0,48.162056,37.757343,47.86428,45.731956,47.803684,0.0,47.518326,0.0,47.52261,64.61063,47.47323
squeezed_Quảng Ngãi,2017-04-01,37.757343,44.703922,45.731956,44.46504,0.0,44.39596,0.0,44.162704,64.61063,44.131256,22.052242,44.11223
squeezed_Quảng Ngãi,2017-05-01,45.731956,45.037823,0.0,44.76052,0.0,44.71126,64.61063,44.4989,22.052242,44.47022,33.607292,44.417686
squeezed_Quảng Ngãi,2017-06-01,0.0,50.349934,0.0,49.98708,64.61063,49.967438,22.052242,49.719994,33.607292,49.715717,29.864105,49.637062
squeezed_Quảng Ngãi,2017-07-01,0.0,50.678566,64.61063,50.31062,22.052242,50.307247,33.607292,50.047802,29.864105,50.084064,32.669647,49.981483
squeezed_Quảng Ngãi,2017-08-01,64.61063,52.065384,22.052242,51.695736,33.607292,51.70949,29.864105,51.41077,32.669647,51.48111,26.493296,51.339176
squeezed_Quảng Ngãi,2017-09-01,22.052242,52.673492,33.607292,52.357594,29.864105,52.355503,32.669647,52.032078,26.493296,52.126637,33.40106,51.97815
squeezed_Quảng Ngãi,2017-10-01,33.607292,55.0662,29.864105,54.79516,32.669647,54.78638,26.493296,54.42309,33.40106,54.52948,32.100773,54.407864
squeezed_Quảng Ngãi,2017-11-01,29.864105,58.49327,32.669647,58.2764,26.493296,58.22495,33.40106,57.82594,32.100773,57.96385,30.150345,57.808235
squeezed_Quảng Ngãi,2017-12-01,32.669647,62.497833,26.493296,62.282295,33.40106,62.21024,32.100773,61.813072,30.150345,61.921402,36.5705,61.73986
squeezed_Quảng Ninh,2016-01-01,14.617018,75.16751,166.9933,74.98057,36.09342,74.89372,22.78295,74.32122,18.618324,74.51788,21.394741,74.44498
squeezed_Quảng Ninh,2016-02-01,166.9933,82.95285,36.09342,82.76545,22.78295,82.64126,18.618324,82.0261,21.394741,82.15675,27.029234,82.12775
squeezed_Quảng Ninh,2016-03-01,36.09342,77.349045,22.78295,77.020805,18.618324,76.98589,21.394741,76.443375,27.029234,76.48676,28.172464,76.42682
squeezed_Quảng Ninh,2016-04-01,22.78295,62.71135,18.618324,62.45288,21.394741,62.40366,27.029234,61.966984,28.172464,62.014984,22.374653,62.046696
squeezed_Quảng Ninh,2016-05-01,18.618324,49.844963,21.394741,49.649216,27.029234,49.54109,28.172464,49.331314,22.374653,49.257683,15.351952,49.36458
squeezed_Quảng Ninh,2016-06-01,21.394741,42.85237,27.029234,42.63129,28.172464,42.5635,22.374653,42.43627,15.351952,42.309956,0.4899559,42.404076
squeezed_Quảng Ninh,2016-07-01,27.029234,38.624054,28.172464,38.34715,22.374653,38.34382,15.351952,38.23625,0.4899559,38.128597,19.296608,38.183537
squeezed_Quảng Ninh,2016-08-01,28.172464,38.64605,22.374653,38.330006,15.351952,38.35614,0.4899559,38.256027,19.296608,38.17361,16.651104,38.191006
squeezed_Quảng Ninh,2016-09-01,22.374653,38.08921,15.351952,37.83173,0.4899559,37.849537,19.296608,37.769222,16.651104,37.721806,33.84687,37.694965
squeezed_Quảng Ninh,2016-10-01,15.351952,36.650887,0.4899559,36.435978,19.296608,36.465145,16.651104,36.39956,33.84687,36.365093,45.98506,36.31576
squeezed_Quảng Ninh,2016-11-01,0.4899559,33.988617,19.296608,33.871315,16.651104,33.875008,33.84687,33.82872,45.98506,33.789227,29.411764,33.773197
squeezed_Quảng Ninh,2016-12-01,19.296608,32.98176,16.651104,32.87348,33.84687,32.898968,45.98506,32.805298,29.411764,32.79834,28.633677,32.783222
squeezed_Quảng Ninh,2017-01-01,16.651104,38.08033,33.84687,37.95279,45.98506,37.97026,29.411764,37.861412,28.633677,37.839493,36.10333,37.83301
squeezed_Quảng Ninh,2017-02-01,33.84687,44.174385,45.98506,44.06716,29.411764,44.07428,28.633677,43.926674,36.10333,43.89811,29.489574,43.89988
squeezed_Quảng Ninh,2017-03-01,45.98506,47.187885,29.411764,46.992435,28.633677,47.05747,36.10333,46.84166,29.489574,46.861115,24.354187,46.84792
squeezed_Quảng Ninh,2017-04-01,29.411764,46.987385,28.633677,46.873123,36.10333,46.89456,29.489574,46.650295,24.354187,46.699764,26.065983,46.726368
squeezed_Quảng Ninh,2017-05-01,28.633677,48.352337,36.10333,48.256237,29.489574,48.26971,24.354187,48.04465,26.065983,48.047523,22.798008,48.089546
squeezed_Quảng Ninh,2017-06-01,36.10333,45.500736,29.489574,45.38295,24.354187,45.400314,26.065983,45.214252,22.798008,45.185005,23.731714,45.22066
squeezed_Quảng Ninh,2017-07-01,29.489574,42.01258,24.354187,41.857567,26.065983,41.89163,22.798008,41.73889,23.731714,41.704887,0.0,41.713127
squeezed_Quảng Ninh,2017-08-01,24.354187,39.763733,26.065983,39.557198,22.798008,39.613293,23.731714,39.500275,0.0,39.441566,49.236904,39.441463
squeezed_Quảng Ninh,2017-09-01,26.065983,37.39439,22.798008,37.18466,23.731714,37.246765,0.0,37.16148,49.236904,37.105865,36.88933,37.076134
squeezed_Quảng Ninh,2017-10-01,22.798008,37.4392,23.731714,37.285065,0.0,37.309822,49.236904,37.224277,36.88933,37.20629,39.4202,37.185303
squeezed_Quảng Ninh,2017-11-01,23.731714,37.449947,0.0,37.356716,49.236904,37.35025,36.88933,37.23037,39.4202,37.260975,31.98098,37.249958
squeezed_Quảng Ninh,2017-12-01,0.0,37.606388,49.236904,37.55248,36.88933,37.546597,39.4202,37.396122,31.98098,37.4278,28.529795,37.44479
squeezed_Quảng Trị,2016-01-01,228.8693,101.57765,291.74017,101.578606,283.40015,101.57174,230.15236,101.07422,204.65117,101.18634,187.1692,101.181404
squeezed_Quảng Trị,2016-02-01,291.74017,149.87654,283.40015,150.03554,230.15236,149.61331,204.65117,149.09543,187.1692,149.33862,185.0842,149.03934
squeezed_Quảng Trị,2016-03-01,283.40015,155.41632,230.15236,155.63446,204.65117,155.09012,187.1692,154.5777,185.0842,154.92891,236.56776,154.46095
squeezed_Quảng Trị,2016-04-01,230.15236,160.08041,204.65117,160.25226,187.1692,159.7649,185.0842,159.2249,236.56776,159.59912,259.82358,159.13869
squeezed_Quảng Trị,2016-05-01,204.65117,165.29254,187.1692,165.36435,185.0842,165.00662,236.56776,164.45139,259.82358,164.84776,238.332,164.34917
squeezed_Quảng Trị,2016-06-01,187.1692,165.54591,185.0842,165.5279,236.56776,165.19833,259.82358,164.66342,238.332,165.03828,57.4178,164.54633
squeezed_Quảng Trị,2016-07-01,185.0842,169.5813,236.56776,169.5071,259.82358,169.28041,238.332,168.69025,57.4178,169.08394,205.9482,168.55984
squeezed_Quảng Trị,2016-08-01,236.56776,171.65009,259.82358,171.51128,238.332,171.32254,57.4178,170.69234,205.9482,171.08673,197.63351,170.5785
squeezed_Quảng Trị,2016-09-01,259.82358,177.39658,238.332,177.26474,57.4178,177.10915,205.9482,176.44554,197.63351,176.80536,235.84906,176.28445
squeezed_Quảng Trị,2016-10-01,238.332,190.35191,57.4178,190.40465,205.9482,190.27296,197.63351,189.66214,235.84906,189.84154,239.6866,189.41154
squeezed_Quảng Trị,2016-11-01,57.4178,207.69806,205.9482,208.07593,197.63351,207.8029,235.84906,207.34898,239.6866,207.26634,182.60313,206.98944
squeezed_Quảng Trị,2016-12-01,205.9482,221.12125,197.63351,221.81387,235.84906,221.21556,239.6866,220.9384,182.60313,220.70499,181.80365,220.51176
squeezed_Quảng Trị,2017-01-01,197.63351,209.8262,235.84906,210.45837,239.6866,209.64589,182.60313,209.40324,181.80365,209.33092,153.98145,208.9634
squeezed_Quảng Trị,2017-02-01,235.84906,195.33392,239.6866,195.79417,182.60313,195.07083,181.80365,194.78871,153.98145,194.8076,170.61081,194.31075
squeezed_Quảng Trị,2017-03-01,239.6866,180.63696,182.60313,180.91566,181.80365,180.35103,153.98145,179.87762,170.61081,179.9878,194.27567,179.3686
squeezed_Quảng Trị,2017-04-01,182.60313,175.21463,181.80365,175.35869,153.98145,174.8798,170.61081,174.26198,194.27567,174.44893,214.26288,173.82605
squeezed_Quảng Trị,2017-05-01,181.80365,177.12366,153.98145,177.1748,170.61081,176.67862,194.27567,176.119,214.26288,176.28828,224.01663,175.76685
squeezed_Quảng Trị,2017-06-01,153.98145,180.90271,170.61081,180.94498,194.27567,180.36497,214.26288,179.96942,224.01663,180.04987,235.36937,179.5961
squeezed_Quảng Trị,2017-07-01,170.61081,184.80238,194.27567,184.87935,214.26288,184.26993,224.01663,183.93297,235.36937,183.9704,198.82484,183.51308
squeezed_Quảng Trị,2017-08-01,194.27567,182.72627,214.26288,182.77847,224.01663,182.19806,235.36937,181.8878,198.82484,181.89119,158.80579,181.41856
squeezed_Quảng Trị,2017-09-01,214.26288,181.08948,224.01663,181.16806,235.36937,180.58363,198.82484,180.34784,158.80579,180.27571,181.51501,179.73357
squeezed_Quảng Trị,2017-10-01,224.01663,183.73602,235.36937,183.8939,198.82484,183.31467,158.80579,183.09619,181.51501,182.9786,193.42545,182.36171
squeezed_Quảng Trị,2017-11-01,235.36937,187.66733,198.82484,187.95514,158.80579,187.31844,181.51501,187.14662,193.42545,186.95605,145.6249,186.33603
squeezed_Quảng Trị,2017-12-01,198.82484,192.38202,158.80579,192.77347,181.51501,192.06604,193.42545,191.96399,145.6249,191.74202,145.7837,191.18356
squeezed_Sóc Trăng,2016-01-01,16.457144,159.0545,19.27619,158.94957,19.809525,158.4853,17.066668,158.20174,21.409523,158.10085,23.619047,157.51266
squeezed_Sóc Trăng,2016-02-01,19.27619,127.98401,19.809525,127.41349,17.066668,127.31074,21.409523,126.68695,23.619047,126.8755,21.180952,126.46652
squeezed_Sóc Trăng,2016-03-01,19.809525,104.164,17.066668,103.52034,21.409523,103.42136,23.619047,102.763794,21.180952,102.969345,20.952381,102.79206
squeezed_Sóc Trăng,2016-04-01,17.066668,94.5461,21.409523,93.877495,23.619047,93.84201,21.180952,93.210846,20.952381,93.367676,22.323809,93.24306
squeezed_Sóc Trăng,2016-05-01,21.409523,85.44043,23.619047,84.75202,21.180952,84.766106,20.952381,84.19055,22.323809,84.2995,24.304762,84.20362
squeezed_Sóc Trăng,2016-06-01,23.619047,77.53645,21.180952,76.87898,20.952381,76.88537,22.323809,76.38655,24.304762,76.44179,24.304762,76.36062
squeezed_Sóc Trăng,2016-07-01,21.180952,69.484604,20.952381,68.87276,22.323809,68.854515,24.304762,68.44332,24.304762,68.46426,13.625544,68.36402
squeezed_Sóc Trăng,2016-08-01,20.952381,61.09438,22.323809,60.540333,24.304762,60.495407,24.304762,60.14737,13.625544,60.159542,12.148075,60.04027
squeezed_Sóc Trăng,2016-09-01,22.323809,52.65351,24.304762,52.18851,24.304762,52.11664,13.625544,51.828823,12.148075,51.829067,16.252155,51.73103
squeezed_Sóc Trăng,2016-10-01,24.304762,46.409668,24.304762,46.03701,13.625544,45.95056,12.148075,45.717083,16.252155,45.695988,17.647541,45.624905
squeezed_Sóc Trăng,2016-11-01,24.304762,41.89184,13.625544,41.567036,12.148075,41.49852,16.252155,41.296032,17.647541,41.267426,16.744644,41.203777
squeezed_Sóc Trăng,2016-12-01,13.625544,42.13521,12.148075,41.83869,16.252155,41.769596,17.647541,41.574944,16.744644,41.512394,17.729624,41.464138
squeezed_Sóc Trăng,2017-01-01,12.148075,41.865692,16.252155,41.556942,17.647541,41.510704,16.744644,41.32682,17.729624,41.244488,19.371256,41.204903
squeezed_Sóc Trăng,2017-02-01,16.252155,39.6796,17.647541,39.38458,16.744644,39.376114,17.729624,39.201027,19.371256,39.13136,20.274153,39.09167
squeezed_Sóc Trăng,2017-03-01,17.647541,33.76864,16.744644,33.505108,17.729624,33.568466,19.371256,33.415306,20.274153,33.352695,17.237133,33.307556
squeezed_Sóc Trăng,2017-04-01,16.744644,24.093838,17.729624,23.926186,19.371256,24.002747,20.274153,23.882402,17.237133,23.845055,20.930805,23.831074
squeezed_Sóc Trăng,2017-05-01,17.729624,16.228497,19.371256,16.102058,20.274153,16.174335,17.237133,16.093473,20.930805,16.064407,17.072971,16.055214
squeezed_Sóc Trăng,2017-06-01,19.371256,11.366318,20.274153,11.303887,17.237133,11.351999,20.930805,11.326862,17.072971,11.272032,17.56546,11.2797165
squeezed_Sóc Trăng,2017-07-01,20.274153,9.866026,17.237133,9.82319,20.930805,9.874813,17.072971,9.886667,17.56546,9.808298,17.703508,9.801506
squeezed_Sóc Trăng,2017-08-01,17.237133,8.179005,20.930805,8.165723,17.072971,8.216597,17.56546,8.243533,17.703508,8.170534,17.207148,8.145361
squeezed_Sóc Trăng,2017-09-01,20.930805,9.09182,17.072971,9.089136,17.56546,9.140421,17.703508,9.169156,17.207148,9.091849,14.063534,9.058484
squeezed_Sóc Trăng,2017-10-01,17.072971,8.779269,17.56546,8.779221,17.703508,8.821699,17.207148,8.861983,14.063534,8.7834015,10.340834,8.748545
squeezed_Sóc Trăng,2017-11-01,17.56546,6.9170113,17.703508,6.9158797,17.207148,6.946356,14.063534,7.0208607,10.340834,6.948447,14.394441,6.9117055
squeezed_Sóc Trăng,2017-12-01,17.703508,4.315782,17.207148,4.3062763,14.063534,4.347013,10.340834,4.447523,14.394441,4.402891,12.326274,4.346273
squeezed_Sơn La,2016-01-01,144.95033,25.576166,175.24834,25.496874,213.49338,25.62318,207.53311,25.593699,171.93709,25.57994,151.49007,25.4417
squeezed_Sơn La,2016-02-01,175.24834,58.98032,213.49338,58.75509,207.53311,58.88222,171.93709,58.657436,151.49007,58.6468,150.16556,58.44402
squeezed_Sơn La,2016-03-01,213.49338,55.766163,207.53311,55.21872,171.93709,55.38166,151.49007,55.04316,150.16556,55.051125,202.40067,54.79135
squeezed_Sơn La,2016-04-01,207.53311,57.040825,171.93709,56.432137,151.49007,56.605003,150.16556,56.217228,202.40067,56.30171,180.71191,55.98664
squeezed_Sơn La,2016-05-01,171.93709,72.50499,151.49007,71.89334,150.16556,72.07587,202.40067,71.625786,180.71191,71.70202,163.82451,71.35764
squeezed_Sơn La,2016-06-01,151.49007,110.28473,150.16556,109.826675,202.40067,109.931206,180.71191,109.316284,163.82451,109.38457,7.781457,109.13058
squeezed_Sơn La,2016-07-01,150.16556,141.41068,202.40067,141.13663,180.71191,140.99059,163.82451,140.33202,7.781457,140.45403,108.78523,140.3006
squeezed_Sơn La,2016-08-01,202.40067,150.27042,180.71191,149.98694,163.82451,149.7006,7.781457,149.06628,108.78523,149.25903,122.87786,149.05261
squeezed_Sơn La,2016-09-01,180.71191,151.27156,163.82451,150.97234,7.781457,150.60538,108.78523,150.06537,122.87786,150.25633,0.0,150.00993
squeezed_Sơn La,2016-10-01,163.82451,152.89937,7.781457,152.58105,108.78523,152.19875,122.87786,151.74864,0.0,151.90985,123.86682,151.66516
squeezed_Sơn La,2016-11-01,7.781457,151.88028,108.78523,151.48918,122.87786,151.11385,0.0,150.7343,123.86682,150.83035,118.26273,150.62529
squeezed_Sơn La,2016-12-01,108.78523,145.74214,122.87786,145.3025,0.0,144.9551,123.86682,144.56384,118.26273,144.64786,112.49382,144.49112
squeezed_Sơn La,2017-01-01,122.87786,164.26904,0.0,163.97893,123.86682,163.69801,118.26273,163.2483,112.49382,163.38132,139.03082,163.10922
squeezed_Sơn La,2017-02-01,0.0,181.09505,123.86682,180.99019,118.26273,180.88223,112.49382,180.27095,139.03082,180.48639,202.81853,180.05092
squeezed_Sơn La,2017-03-01,123.86682,183.20422,118.26273,183.11575,112.49382,183.01457,139.03082,182.35574,202.81853,182.61353,216.00461,182.12305
squeezed_Sơn La,2017-04-01,118.26273,180.65488,112.49382,180.55293,139.03082,180.36623,202.81853,179.73775,216.00461,179.97487,179.08357,179.46902
squeezed_Sơn La,2017-05-01,112.49382,178.80797,139.03082,178.69269,202.81853,178.45726,216.00461,177.85007,179.08357,178.07692,159.22202,177.56721
squeezed_Sơn La,2017-06-01,139.03082,176.83232,202.81853,176.70728,216.00461,176.42595,179.08357,175.8412,159.22202,176.04475,142.57458,175.55461
squeezed_Sơn La,2017-07-01,202.81853,174.46155,216.00461,174.36305,179.08357,173.99025,159.22202,173.472,142.57458,173.59598,156.84048,173.17715
squeezed_Sơn La,2017-08-01,216.00461,166.06516,179.08357,165.9343,159.22202,165.45569,142.57458,164.99817,156.84048,165.10504,106.15522,164.75533
squeezed_Sơn La,2017-09-01,179.08357,154.53523,159.22202,154.2798,142.57458,153.82173,156.84048,153.34438,106.15522,153.4814,0.0,153.28
squeezed_Sơn La,2017-10-01,159.22202,152.11234,142.57458,151.79317,156.84048,151.34401,106.15522,150.93205,0.0,151.00719,104.046715,150.91629
squeezed_Sơn La,2017-11-01,142.57458,155.76476,156.84048,155.41748,106.15522,154.98076,0.0,154.63739,104.046715,154.67368,94.23405,154.57771
squeezed_Sơn La,2017-12-01,156.84048,161.48436,106.15522,161.23376,0.0,160.78517,104.046715,160.50737,94.23405,160.489,86.77317,160.37453
squeezed_TT Huế,2016-01-01,146.19934,147.3527,197.5126,146.89621,150.46095,146.52734,130.80536,146.01709,121.32545,146.16475,104.88781,145.91998
squeezed_TT Huế,2016-02-01,197.5126,137.54758,150.46095,136.89316,130.80536,136.64064,121.32545,136.0066,104.88781,136.16318,119.58601,136.0371
squeezed_TT Huế,2016-03-01,150.46095,134.42151,130.80536,133.77467,121.32545,133.56963,104.88781,132.86119,119.58601,133.0204,132.37085,133.00125
squeezed_TT Huế,2016-04-01,130.80536,138.3413,121.32545,137.75381,104.88781,137.48778,119.58601,136.81796,132.37085,136.95985,112.01948,136.9096
squeezed_TT Huế,2016-05-01,121.32545,148.95395,104.88781,148.56786,119.58601,148.2029,132.37085,147.59511,112.01948,147.72168,112.280396,147.6071
squeezed_TT Huế,2016-06-01,104.88781,155.11002,119.58601,154.79326,132.37085,154.39102,112.01948,153.79779,112.280396,153.92877,47.312576,153.72409
squeezed_TT Huế,2016-07-01,119.58601,155.68163,132.37085,155.36746,112.01948,154.94519,112.280396,154.37357,47.312576,154.48389,69.43208,154.30661
squeezed_TT Huế,2016-08-01,132.37085,154.03278,112.01948,153.7041,112.280396,153.27982,47.312576,152.72363,69.43208,152.83774,115.63112,152.68167
squeezed_TT Huế,2016-09-01,112.01948,150.26506,112.280396,149.93054,47.312576,149.5273,69.43208,148.94167,115.63112,149.10109,140.02136,148.89418
squeezed_TT Huế,2016-10-01,112.280396,146.56265,47.312576,146.18053,69.43208,145.82906,115.63112,145.20963,140.02136,145.40736,111.00231,145.22308
squeezed_TT Huế,2016-11-01,47.312576,145.36963,69.43208,144.96928,115.63112,144.65607,140.02136,143.99376,111.00231,144.21791,102.9019,144.05132
squeezed_TT Huế,2016-12-01,69.43208,144.3224,115.63112,143.80742,140.02136,143.62076,111.00231,142.85907,102.9019,143.13838,92.66512,142.86821
squeezed_TT Huế,2017-01-01,115.63112,140.70483,140.02136,140.06017,111.00231,139.99345,102.9019,139.08595,92.66512,139.43562,101.92274,139.19264
squeezed_TT Huế,2017-02-01,140.02136,131.78879,111.00231,131.02048,102.9019,131.06549,92.66512,130.15527,101.92274,130.50087,132.63307,130.31932
squeezed_TT Huế,2017-03-01,111.00231,118.9955,102.9019,118.263466,92.66512,118.24621,101.92274,117.48953,132.63307,117.74373,126.04593,117.635284
squeezed_TT Huế,2017-04-01,102.9019,103.84764,92.66512,103.138466,101.92274,103.10177,132.63307,102.39916,126.04593,102.63306,136.46074,102.523026
squeezed_TT Huế,2017-05-01,92.66512,102.41528,101.92274,101.70771,132.63307,101.71578,126.04593,100.97665,136.46074,101.26877,127.64821,101.13365
squeezed_TT Huế,2017-06-01,101.92274,100.90689,132.63307,100.1728,126.04593,100.17783,136.46074,99.389465,127.64821,99.729645,136.99484,99.58221
squeezed_TT Huế,2017-07-01,132.63307,96.66182,126.04593,95.95928,136.46074,95.906395,127.64821,95.109726,136.99484,95.48127,117.202774,95.31824
squeezed_TT Huế,2017-08-01,126.04593,97.4379,136.46074,96.74157,127.64821,96.65581,136.99484,95.835335,117.202774,96.23159,95.34388,96.03504
squeezed_TT Huế,2017-09-01,136.46074,96.81294,127.64821,96.19729,136.99484,96.05276,117.202774,95.252335,95.34388,95.63936,117.735916,95.48018
squeezed_TT Huế,2017-10-01,127.64821,97.48265,136.99484,96.9381,117.202774,96.768196,95.34388,95.96402,117.735916,96.34446,92.14501,96.233444
squeezed_TT Huế,2017-11-01,136.99484,97.958435,117.202774,97.519356,95.34388,97.37024,117.735916,96.58262,92.14501,96.905136,90.36787,96.84994
squeezed_TT Huế,2017-12-01,117.202774,96.93645,95.34388,96.58635,117.735916,96.37379,92.14501,95.55346,90.36787,95.890594,72.24098,95.95098
squeezed_Thanh Hóa,2016-01-01,198.90599,118.09215,209.93112,117.76568,229.74237,117.6531,219.22739,116.7618,228.26857,117.12959,193.66267,117.155266
squeezed_Thanh Hóa,2016-02-01,209.93112,166.94789,229.74237,166.97318,219.22739,167.01129,228.26857,166.19261,193.66267,166.41313,192.21721,166.40674
squeezed_Thanh Hóa,2016-03-01,229.74237,213.37038,219.22739,213.90936,228.26857,213.91571,193.66267,213.34906,192.21721,213.22375,194.73967,213.18196
squeezed_Thanh Hóa,2016-04-01,219.22739,234.17392,228.26857,234.98051,193.66267,234.82431,192.21721,234.4127,194.73967,234.10558,195.2215,234.03447
squeezed_Thanh Hóa,2016-05-01,228.26857,245.39798,193.66267,246.32033,192.21721,245.96112,194.73967,245.62875,195.2215,245.16948,193.69101,245.14209
squeezed_Thanh Hóa,2016-06-01,193.66267,249.8449,192.21721,250.87285,194.73967,250.2984,195.2215,250.0986,193.69101,249.46056,169.77014,249.4434
squeezed_Thanh Hóa,2016-07-01,192.21721,244.77368,194.73967,245.8151,195.2215,245.06221,193.69101,244.93323,169.77014,244.3393,176.40204,244.28244
squeezed_Thanh Hóa,2016-08-01,194.73967,231.78444,195.2215,232.7405,193.69101,231.80641,169.77014,231.67174,176.40204,231.31259,189.13895,231.15874
squeezed_Thanh Hóa,2016-09-01,195.2215,222.26657,193.69101,223.1145,169.77014,222.1137,176.40204,221.9503,189.13895,221.7309,204.0403,221.48097
squeezed_Thanh Hóa,2016-10-01,193.69101,218.56921,169.77014,219.3692,176.40204,218.3289,189.13895,218.1533,204.0403,217.99873,203.56856,217.69426
squeezed_Thanh Hóa,2016-11-01,169.77014,216.38316,176.40204,217.15858,189.13895,216.10118,204.0403,215.90875,203.56856,215.78928,197.87996,215.43314
squeezed_Thanh Hóa,2016-12-01,176.40204,222.07298,189.13895,222.93875,204.0403,221.85622,203.56856,221.68054,197.87996,221.51346,204.0403,221.19034
squeezed_Thanh Hóa,2017-01-01,189.13895,233.36598,204.0403,234.39407,203.56856,233.40274,197.87996,233.27536,204.0403,232.92517,189.0557,232.73898
squeezed_Thanh Hóa,2017-02-01,204.0403,244.03522,203.56856,245.19702,197.87996,244.36166,204.0403,244.25797,189.0557,243.72997,195.38252,243.70918
squeezed_Thanh Hóa,2017-03-01,203.56856,250.70831,197.87996,251.93399,204.0403,251.21516,189.0557,251.10321,195.38252,250.47504,226.48944,250.56389
squeezed_Thanh Hóa,2017-04-01,197.87996,252.54007,204.0403,253.7647,189.0557,253.07166,195.38252,252.95978,226.48944,252.28891,219.49663,252.38805
squeezed_Thanh Hóa,2017-05-01,204.0403,251.00166,189.0557,252.19463,195.38252,251.46173,226.48944,251.36743,219.49663,250.693,191.80287,250.74567
squeezed_Thanh Hóa,2017-06-01,189.0557,241.32411,195.38252,242.45305,226.48944,241.53963,219.49663,241.47327,191.80287,240.94792,219.44113,240.87631
squeezed_Thanh Hóa,2017-07-01,195.38252,227.68419,226.48944,228.67163,219.49663,227.55731,191.80287,227.45251,219.44113,227.1695,200.17624,226.90887
squeezed_Thanh Hóa,2017-08-01,226.48944,222.87299,219.49663,223.80592,191.80287,222.6473,219.44113,222.54993,200.17624,222.33191,177.07158,222.01675
squeezed_Thanh Hóa,2017-09-01,219.49663,215.4364,191.80287,216.2854,219.44113,215.12708,200.17624,215.05145,177.07158,214.89607,201.4981,214.48994
squeezed_Thanh Hóa,2017-10-01,191.80287,209.02124,219.44113,209.78972,200.17624,208.7104,177.07158,208.62666,201.4981,208.49055,198.96455,208.0025
squeezed_Thanh Hóa,2017-11-01,219.44113,214.73723,200.17624,215.57089,177.07158,214.48569,201.4981,214.37912,198.96455,214.20598,177.56726,213.79428
squeezed_Thanh Hóa,2017-12-01,200.17624,224.08864,177.07158,225.04459,201.4981,223.97076,198.96455,223.89508,177.56726,223.61356,173.95973,223.34749
squeezed_Thái Bình,2016-01-01,210.72626,234.88493,233.07263,235.9715,229.3296,235.01358,210.05586,234.9743,204.58101,234.52866,208.32402,234.4278
squeezed_Thái Bình,2016-02-01,233.07263,236.30287,229.3296,237.38846,210.05586,236.51482,204.58101,236.43523,208.32402,235.97748,203.40782,235.88577
squeezed_Thái Bình,2016-03-01,229.3296,238.32599,210.05586,239.42711,204.58101,238.59888,208.32402,238.49966,203.40782,238.02577,219.3296,237.95757
squeezed_Thái Bình,2016-04-01,210.05586,234.07683,204.58101,235.13728,208.32402,234.26888,203.40782,234.17595,219.3296,233.74878,162.56984,233.60823
squeezed_Thái Bình,2016-05-01,204.58101,231.95625,208.32402,233.00587,203.40782,232.08191,219.3296,232.00534,162.56984,231.60838,147.43016,231.44391
squeezed_Thái Bình,2016-06-01,208.32402,220.75371,203.40782,221.67435,219.3296,220.73135,162.56984,220.61806,147.43016,220.33961,107.65363,220.02182
squeezed_Thái Bình,2016-07-01,203.40782,210.07681,219.3296,210.87463,162.56984,209.95653,147.43016,209.82066,107.65363,209.63673,179.51357,209.16278
squeezed_Thái Bình,2016-08-01,219.3296,205.95139,162.56984,206.6992,147.43016,205.81631,107.65363,205.68776,179.51357,205.52293,195.92654,205.00145
squeezed_Thái Bình,2016-09-01,162.56984,207.68027,147.43016,208.42647,107.65363,207.56274,179.51357,207.44853,195.92654,207.25893,219.3814,206.76085
squeezed_Thái Bình,2016-10-01,147.43016,217.52881,107.65363,218.39687,179.51357,217.48952,195.92654,217.40443,219.3814,217.139,197.17242,216.78256
squeezed_Thái Bình,2016-11-01,107.65363,233.53204,179.51357,234.61636,195.92654,233.66284,219.3814,233.64398,197.17242,233.22359,215.75212,233.08371
squeezed_Thái Bình,2016-12-01,179.51357,245.65804,195.92654,246.85542,219.3814,246.02956,197.17242,246.0021,215.75212,245.39447,0.0,245.40292
squeezed_Thái Bình,2017-01-01,195.92654,242.41573,219.3814,243.57735,197.17242,242.71063,215.75212,242.68468,0.0,242.13387,199.88083,242.10663
squeezed_Thái Bình,2017-02-01,219.3814,226.22754,197.17242,227.23895,215.75212,226.28651,0.0,226.29527,199.88083,225.92094,0.0,225.70255
squeezed_Thái Bình,2017-03-01,197.17242,198.17459,215.75212,198.78343,0.0,198.18031,199.88083,197.95737,0.0,197.74716,200.15167,197.23022
squeezed_Thái Bình,2017-04-01,215.75212,185.19934,0.0,185.51915,199.88083,185.09909,0.0,184.6336,200.15167,184.57559,212.66454,183.91629
squeezed_Thái Bình,2017-05-01,0.0,181.77219,199.88083,182.05963,0.0,181.64178,200.15167,181.15617,212.66454,181.1128,209.46861,180.41135
squeezed_Thái Bình,2017-06-01,199.88083,186.44528,0.0,186.91176,200.15167,186.3663,212.66454,185.94312,209.46861,185.8867,205.08098,185.18611
squeezed_Thái Bình,2017-07-01,0.0,188.81061,200.15167,189.38269,212.66454,188.73898,209.46861,188.3315,205.08098,188.28697,202.84775,187.61446
squeezed_Thái Bình,2017-08-01,200.15167,183.46886,212.66454,183.92535,209.46861,183.3268,205.08098,182.89017,202.84775,182.8629,0.0,182.15477
squeezed_Thái Bình,2017-09-01,212.66454,177.94771,209.46861,178.26694,205.08098,177.69983,202.84775,177.28215,0.0,177.22745,212.82562,176.51646
squeezed_Thái Bình,2017-10-01,209.46861,175.43582,205.08098,175.60272,202.84775,175.13892,0.0,174.73073,212.82562,174.6751,199.18019,174.00114
squeezed_Thái Bình,2017-11-01,205.08098,172.61533,202.84775,172.56447,0.0,172.15776,212.82562,171.85854,199.18019,171.79773,194.59576,171.2019
squeezed_Thái Bình,2017-12-01,202.84775,151.06407,0.0,150.35538,212.82562,150.25891,199.18019,149.70291,194.59576,149.99774,191.5215,149.55246
squeezed_Thái Nguyên,2016-01-01,42.12156,122.327515,67.13378,121.584045,60.45299,121.4243,52.71305,120.87356,62.57129,121.0797,46.684048,120.83736
squeezed_Thái Nguyên,2016-02-01,67.13378,111.22897,60.45299,110.49918,52.71305,110.31497,62.57129,109.73461,46.684048,109.94965,66.319046,109.76436
squeezed_Thái Nguyên,2016-03-01,60.45299,109.93002,52.71305,109.19509,62.57129,109.04621,46.684048,108.36394,66.319046,108.63502,67.05231,108.49227
squeezed_Thái Nguyên,2016-04-01,52.71305,117.93149,62.57129,117.2868,46.684048,117.09664,66.319046,116.36911,67.05231,116.6441,53.038944,116.5569
squeezed_Thái Nguyên,2016-05-01,62.57129,119.85971,46.684048,119.16532,66.319046,119.04682,67.05231,118.32728,53.038944,118.5896,47.25436,118.42942
squeezed_Thái Nguyên,2016-06-01,46.684048,110.93762,66.319046,110.18693,67.05231,110.129715,53.038944,109.41297,47.25436,109.704056,26.8861,109.52739
squeezed_Thái Nguyên,2016-07-01,66.319046,102.623,67.05231,101.84887,53.038944,101.80857,47.25436,101.09108,26.8861,101.393684,35.188282,101.28508
squeezed_Thái Nguyên,2016-08-01,67.05231,97.62489,53.038944,96.77955,47.25436,96.76677,26.8861,96.05444,35.188282,96.35243,45.37855,96.265564
squeezed_Thái Nguyên,2016-09-01,53.038944,92.17888,47.25436,91.34479,26.8861,91.29759,35.188282,90.62492,45.37855,90.90175,56.36494,90.82779
squeezed_Thái Nguyên,2016-10-01,47.25436,82.19861,26.8861,81.42892,35.188282,81.352875,45.37855,80.770386,56.36494,80.99979,43.786324,80.908775
squeezed_Thái Nguyên,2016-11-01,26.8861,73.960236,35.188282,73.34824,45.37855,73.27486,56.36494,72.88258,43.786324,72.94046,45.85622,72.78176
squeezed_Thái Nguyên,2016-12-01,35.188282,62.439907,45.37855,62.016174,56.36494,61.920044,43.786324,61.600746,45.85622,61.66698,43.308655,61.498363
squeezed_Thái Nguyên,2017-01-01,45.37855,67.57807,56.36494,67.18436,43.786324,67.11589,45.85622,66.69533,43.308655,66.86031,41.318367,66.651665
squeezed_Thái Nguyên,2017-02-01,56.36494,83.02025,43.786324,82.71282,45.85622,82.62989,43.308655,82.079636,41.318367,82.272644,39.168858,82.06504
squeezed_Thái Nguyên,2017-03-01,43.786324,86.3553,45.85622,85.947334,43.308655,85.912125,41.318367,85.26974,39.168858,85.51077,49.43874,85.272705
squeezed_Thái Nguyên,2017-04-01,45.85622,81.39894,43.308655,81.04504,41.318367,80.992325,39.168858,80.41254,49.43874,80.619675,56.84261,80.40313
squeezed_Thái Nguyên,2017-05-01,43.308655,74.79828,41.318367,74.4488,39.168858,74.4384,49.43874,73.91811,56.84261,74.070564,47.92612,73.83832
squeezed_Thái Nguyên,2017-06-01,41.318367,73.81111,39.168858,73.385544,49.43874,73.44998,56.84261,72.91923,47.92612,73.06898,49.91641,72.826515
squeezed_Thái Nguyên,2017-07-01,39.168858,70.801895,49.43874,70.32932,56.84261,70.426445,47.92612,69.90879,49.91641,70.04605,45.775753,69.813126
squeezed_Thái Nguyên,2017-08-01,49.43874,70.49466,56.84261,69.91444,47.92612,70.07425,49.91641,69.52629,45.775753,69.67853,35.17588,69.45127
squeezed_Thái Nguyên,2017-09-01,56.84261,71.15744,47.92612,70.53785,49.91641,70.69087,45.775753,70.15436,35.17588,70.30544,99.089195,70.08553
squeezed_Thái Nguyên,2017-10-01,47.92612,67.1864,49.91641,66.70138,45.775753,66.71979,35.17588,66.28761,99.089195,66.42304,48.2098,66.21563
squeezed_Thái Nguyên,2017-11-01,49.91641,64.55191,45.775753,64.13465,35.17588,64.10071,99.089195,63.705677,48.2098,63.82319,50.722363,63.630787
squeezed_Thái Nguyên,2017-12-01,45.775753,61.295143,35.17588,60.96491,99.089195,60.90295,48.2098,60.565628,50.722363,60.642418,35.80402,60.525337
squeezed_Tiền Giang,2016-01-01,0.05746466,48.171238,0.0,47.888763,0.0,47.8544,0.0,47.65193,0.0,47.563766,0.0,47.529613
squeezed_Tiền Giang,2016-02-01,0.0,38.863876,0.0,38.600483,0.0,38.593796,0.0,38.45079,0.0,38.35658,0.0,38.335705
squeezed_Tiền Giang,2016-03-01,0.0,32.452114,0.0,32.26048,0.0,32.264126,0.0,32.136517,0.0,32.052437,0.0,32.05181
squeezed_Tiền Giang,2016-04-01,0.0,30.146276,0.0,29.95319,0.0,29.96986,0.0,29.851597,0.0,29.781319,0.0,29.767673
squeezed_Tiền Giang,2016-05-01,0.0,28.19538,0.0,28.010847,0.0,28.032055,0.0,27.917603,0.0,27.87677,2.6433744,27.84334
squeezed_Tiền Giang,2016-06-01,0.0,25.340353,0.0,25.196833,0.0,25.208397,0.0,25.10271,2.6433744,25.075516,0.0,25.03974
squeezed_Tiền Giang,2016-07-01,0.0,23.748436,0.0,23.622707,0.0,23.637268,2.6433744,23.534538,0.0,23.504276,0.0,23.472666
squeezed_Tiền Giang,2016-08-01,0.0,22.551374,0.0,22.433054,2.6433744,22.449512,0.0,22.354956,0.0,22.320782,0.0,22.298296
squeezed_Tiền Giang,2016-09-01,0.0,21.099926,2.6433744,20.997768,0.0,21.004002,0.0,20.918713,0.0,20.878513,0.0,20.876776
squeezed_Tiền Giang,2016-10-01,2.6433744,19.302616,0.0,19.21838,0.0,19.215012,0.0,19.140839,0.0,19.097548,0.0,19.112879
squeezed_Tiền Giang,2016-11-01,0.0,17.392561,0.0,17.319193,0.0,17.312374,0.0,17.2608,0.0,17.203758,0.0,17.238977
squeezed_Tiền Giang,2016-12-01,0.0,14.990252,0.0,14.929363,0.0,14.938754,0.0,14.907294,0.0,14.840393,0.0,14.886076
squeezed_Tiền Giang,2017-01-01,0.0,13.386232,0.0,13.325316,0.0,13.354601,0.0,13.377404,0.0,13.2947035,0.057084143,13.314348
squeezed_Tiền Giang,2017-02-01,0.0,11.715666,0.0,11.675221,0.0,11.724719,0.0,11.7494135,0.057084143,11.680361,0.0,11.688478
squeezed_Tiền Giang,2017-03-01,0.0,10.243629,0.0,10.219385,0.0,10.292852,0.057084143,10.298182,0.0,10.245539,0.0,10.254899
squeezed_Tiền Giang,2017-04-01,0.0,9.463737,0.0,9.450696,0.057084143,9.523308,0.0,9.52393,0.0,9.484249,0.0,9.480299
squeezed_Tiền Giang,2017-05-01,0.0,9.24351,0.057084143,9.245316,0.0,9.314909,0.0,9.316036,0.0,9.289383,0.0,9.254319
squeezed_Tiền Giang,2017-06-01,0.057084143,7.0789175,0.0,7.0982943,0.0,7.150488,0.0,7.1686363,0.0,7.155648,0.0,7.0942535
squeezed_Tiền Giang,2017-07-01,0.0,5.7952332,0.0,5.8088474,0.0,5.8502383,0.0,5.904683,0.0,5.8941474,0.0,5.8133907
squeezed_Tiền Giang,2017-08-01,0.0,4.4463096,0.0,4.4555864,0.0,4.488645,0.0,4.5649657,0.0,4.5663805,0.0,4.470204
squeezed_Tiền Giang,2017-09-01,0.0,4.002221,0.0,4.0097294,0.0,4.045397,0.0,4.1147466,0.0,4.1158156,0.0,4.025065
squeezed_Tiền Giang,2017-10-01,0.0,3.451962,0.0,3.460781,0.0,3.4929702,0.0,3.5669622,0.0,3.559075,0.0,3.4857283
squeezed_Tiền Giang,2017-11-01,0.0,2.76005,0.0,2.7494276,0.0,2.7806382,0.0,2.8855195,0.0,2.8656042,0.0,2.7950082
squeezed_Tiền Giang,2017-12-01,0.0,2.382875,0.0,2.366705,0.0,2.3953886,0.0,2.5202389,0.0,2.5028248,0.0,2.427685
squeezed_Trà Vinh,2016-01-01,0.19221528,4.50935,0.0,4.480405,0.0,4.536243,0.4805382,4.633312,0.9610764,4.6166196,1.2493993,4.533681
squeezed_Trà Vinh,2016-02-01,0.0,8.473024,0.0,8.426276,0.4805382,8.499726,0.9610764,8.564388,1.2493993,8.547159,0.0,8.454511
squeezed_Trà Vinh,2016-03-01,0.0,9.35766,0.4805382,9.287934,0.9610764,9.376213,1.2493993,9.402759,0.0,9.390766,0.28832293,9.313898
squeezed_Trà Vinh,2016-04-01,0.4805382,9.328497,0.9610764,9.248771,1.2493993,9.343409,0.0,9.357161,0.28832293,9.330661,0.0,9.279621
squeezed_Trà Vinh,2016-05-01,0.9610764,8.503578,1.2493993,8.428924,0.0,8.516394,0.28832293,8.548484,0.0,8.508539,0.0,8.45014
squeezed_Trà Vinh,2016-06-01,1.2493993,7.2575502,0.0,7.2086124,0.28832293,7.2705994,0.0,7.328724,0.0,7.2829275,0.0,7.212411
squeezed_Trà Vinh,2016-07-01,0.0,7.2231045,0.28832293,7.1866264,0.0,7.229844,0.0,7.3107443,0.0,7.2554092,0.09919651,7.1818514
squeezed_Trà Vinh,2016-08-01,0.28832293,7.4009542,0.0,7.3640184,0.0,7.402711,0.0,7.499472,0.09919651,7.4348974,0.09919651,7.3604364
squeezed_Trà Vinh,2016-09-01,0.0,7.19002,0.0,7.1462984,0.0,7.18276,0.09919651,7.2989836,0.09919651,7.223982,0.0,7.149934
squeezed_Trà Vinh,2016-10-01,0.0,6.990058,0.0,6.947809,0.09919651,6.9845467,0.09919651,7.1000805,0.0,7.0270863,0.09919651,6.958667
squeezed_Trà Vinh,2016-11-01,0.0,6.8708014,0.09919651,6.8185387,0.09919651,6.8508472,0.0,6.9803705,0.09919651,6.8959947,0.0,6.838279
squeezed_Trà Vinh,2016-12-01,0.09919651,7.7144375,0.09919651,7.6592646,0.0,7.707904,0.09919651,7.8197136,0.0,7.7346153,0.0,7.687605
squeezed_Trà Vinh,2017-01-01,0.09919651,9.369913,0.0,9.297094,0.09919651,9.37449,0.0,9.458786,0.0,9.368576,0.0,9.329799
squeezed_Trà Vinh,2017-02-01,0.0,15.209311,0.09919651,15.100952,0.0,15.229706,0.0,15.206763,0.0,15.157384,0.19839302,15.132192
squeezed_Trà Vinh,2017-03-01,0.09919651,18.904919,0.0,18.77314,0.0,18.911402,0.0,18.791313,0.19839302,18.780842,0.0,18.784449
squeezed_Trà Vinh,2017-04-01,0.0,21.510912,0.0,21.379454,0.0,21.497643,0.19839302,21.333576,0.0,21.334671,0.0,21.363916
squeezed_Trà Vinh,2017-05-01,0.0,25.669727,0.0,25.498402,0.19839302,25.610844,0.0,25.425922,0.0,25.44915,0.0,25.445889
squeezed_Trà Vinh,2017-06-01,0.0,32.054268,0.19839302,31.850573,0.0,31.928474,0.0,31.734962,0.0,31.79749,0.0,31.734165
squeezed_Trà Vinh,2017-07-01,0.19839302,36.572765,0.0,36.360218,0.0,36.417126,0.0,36.21379,0.0,36.28042,0.09912768,36.18456
squeezed_Trà Vinh,2017-08-01,0.0,38.79012,0.0,38.566216,0.0,38.619884,0.0,38.413746,0.09912768,38.465935,0.29738304,38.3382
squeezed_Trà Vinh,2017-09-01,0.0,37.373882,0.0,37.177624,0.0,37.219112,0.09912768,37.02001,0.29738304,37.06672,0.39651072,36.94818
squeezed_Trà Vinh,2017-10-01,0.0,32.493713,0.0,32.354362,0.09912768,32.36995,0.29738304,32.213314,0.39651072,32.211624,1.5860429,32.14161
squeezed_Trà Vinh,2017-11-01,0.0,28.77975,0.09912768,28.643612,0.29738304,28.645336,0.39651072,28.519663,1.5860429,28.483051,2.5773196,28.453928
squeezed_Trà Vinh,2017-12-01,0.09912768,27.57126,0.29738304,27.423956,0.39651072,27.44603,1.5860429,27.334362,2.5773196,27.26413,3.1720858,27.260777
squeezed_Tuyên Quang,2016-01-01,121.91942,71.92833,189.33368,71.59959,132.7422,71.724495,138.08841,71.31569,134.17656,71.43949,115.269264,71.3773
squeezed_Tuyên Quang,2016-02-01,189.33368,141.58777,132.7422,141.3672,138.08841,141.33502,134.17656,140.64725,115.269264,140.894,140.9571,140.78505
squeezed_Tuyên Quang,2016-03-01,132.7422,151.23773,138.08841,150.98268,134.17656,150.81747,115.269264,150.01137,140.9571,150.41756,185.9434,150.11948
squeezed_Tuyên Quang,2016-04-01,138.08841,152.13252,134.17656,151.88544,115.269264,151.66176,140.9571,150.8529,185.9434,151.25078,148.38962,150.9247
squeezed_Tuyên Quang,2016-05-01,134.17656,154.17876,115.269264,153.93791,140.9571,153.66628,185.9434,152.89299,148.38962,153.28036,149.95436,152.94969
squeezed_Tuyên Quang,2016-06-01,115.269264,147.712,140.9571,147.44588,185.9434,147.15312,148.38962,146.35538,149.95436,146.71904,107.44556,146.46486
squeezed_Tuyên Quang,2016-07-01,140.9571,146.075,185.9434,145.76443,148.38962,145.4935,149.95436,144.70427,107.44556,145.07664,0.0,144.86493
squeezed_Tuyên Quang,2016-08-01,185.9434,140.91422,148.38962,140.52869,149.95436,140.34195,107.44556,139.54839,0.0,139.90749,0.0,139.71292
squeezed_Tuyên Quang,2016-09-01,148.38962,138.78987,149.95436,138.3609,107.44556,138.17563,0.0,137.43909,0.0,137.7877,0.0,137.59068
squeezed_Tuyên Quang,2016-10-01,149.95436,139.8769,107.44556,139.48073,0.0,139.24574,0.0,138.57243,0.0,138.89317,0.0,138.69604
squeezed_Tuyên Quang,2016-11-01,107.44556,143.01987,0.0,142.59782,0.0,142.37355,0.0,141.75653,0.0,142.04579,0.0,141.77818
squeezed_Tuyên Quang,2016-12-01,0.0,141.27368,0.0,140.7101,0.0,140.6319,0.0,139.99982,0.0,140.31595,0.0,139.94064
squeezed_Tuyên Quang,2017-01-01,0.0,145.88103,0.0,145.25879,0.0,145.19553,0.0,144.57782,0.0,144.92926,0.0,144.50967
squeezed_Tuyên Quang,2017-02-01,0.0,152.51492,0.0,151.86707,0.0,151.80347,0.0,151.15419,0.0,151.538,0.0,151.06784
squeezed_Tuyên Quang,2017-03-01,0.0,156.39021,0.0,155.78403,0.0,155.7161,0.0,155.03685,0.0,155.43541,0.0,154.97096
squeezed_Tuyên Quang,2017-04-01,0.0,166.64886,0.0,166.28525,0.0,166.09473,0.0,165.4734,0.0,165.83472,0.0,165.34982
squeezed_Tuyên Quang,2017-05-01,0.0,168.9221,0.0,168.66508,0.0,168.38055,0.0,167.78767,0.0,168.1111,0.0,167.60825
squeezed_Tuyên Quang,2017-06-01,0.0,162.71968,0.0,162.4507,0.0,162.06932,0.0,161.52817,0.0,161.81047,0.0,161.35864
squeezed_Tuyên Quang,2017-07-01,0.0,147.06104,0.0,146.61215,0.0,146.34296,0.0,145.6922,0.0,146.03366,116.92149,145.69452
squeezed_Tuyên Quang,2017-08-01,0.0,126.74716,0.0,125.91588,0.0,126.0389,0.0,125.20914,116.92149,125.5958,144.28883,125.326035
squeezed_Tuyên Quang,2017-09-01,0.0,112.54353,0.0,111.66913,0.0,111.838844,116.92149,111.006,144.28883,111.39023,119.10574,111.26013
squeezed_Tuyên Quang,2017-10-01,0.0,103.07948,0.0,102.25748,116.92149,102.34076,144.28883,101.55457,119.10574,101.9313,137.09366,101.82916
squeezed_Tuyên Quang,2017-11-01,0.0,99.61873,116.92149,98.9341,144.28883,98.89921,119.10574,98.15359,137.09366,98.517914,131.18335,98.386475
squeezed_Tuyên Quang,2017-12-01,116.92149,97.88985,144.28883,97.36708,119.10574,97.22708,137.09366,96.528206,131.18335,96.852905,145.4452,96.731834
squeezed_Tây Ninh,2016-01-01,4.647837,81.2121,4.2009296,80.75997,5.362889,80.695915,7.418663,80.1437,3.7540221,80.273964,6.882374,80.12335
squeezed_Tây Ninh,2016-02-01,4.2009296,68.76822,5.362889,68.28041,7.418663,68.28593,3.7540221,67.876785,6.882374,67.88817,4.9159813,67.74541
squeezed_Tây Ninh,2016-03-01,5.362889,59.751396,7.418663,59.29105,3.7540221,59.28316,6.882374,58.98643,4.9159813,58.946453,2.6814444,58.846676
squeezed_Tây Ninh,2016-04-01,7.418663,50.497147,3.7540221,50.109497,6.882374,50.07299,4.9159813,49.86586,2.6814444,49.800507,2.9495888,49.7487
squeezed_Tây Ninh,2016-05-01,3.7540221,42.058323,6.882374,41.735874,4.9159813,41.688515,2.6814444,41.53027,2.9495888,41.466072,3.3071148,41.434685
squeezed_Tây Ninh,2016-06-01,6.882374,36.04706,4.9159813,35.776974,2.6814444,35.720913,2.9495888,35.593002,3.3071148,35.526413,1.4301037,35.502777
squeezed_Tây Ninh,2016-07-01,4.9159813,29.97071,2.6814444,29.778233,2.9495888,29.736122,3.3071148,29.634941,1.4301037,29.571167,3.1274433,29.52274
squeezed_Tây Ninh,2016-08-01,2.6814444,26.190964,2.9495888,26.032022,3.3071148,26.014732,1.4301037,25.929005,3.1274433,25.869408,2.432456,25.802792
squeezed_Tây Ninh,2016-09-01,2.9495888,24.207548,3.3071148,24.054256,1.4301037,24.053238,3.1274433,23.979261,2.432456,23.91941,3.1274433,23.865526
squeezed_Tây Ninh,2016-10-01,3.3071148,23.381128,1.4301037,23.23926,3.1274433,23.232136,2.432456,23.168095,3.1274433,23.106922,5.0386586,23.076775
squeezed_Tây Ninh,2016-11-01,1.4301037,23.444016,3.1274433,23.32308,2.432456,23.284199,3.1274433,23.22017,5.0386586,23.15664,3.7355573,23.155622
squeezed_Tây Ninh,2016-12-01,3.1274433,22.94171,2.432456,22.82902,3.1274433,22.804405,5.0386586,22.737123,3.7355573,22.659107,6.168013,22.670551
squeezed_Tây Ninh,2017-01-01,2.432456,18.756756,3.1274433,18.652,5.0386586,18.69442,3.7355573,18.643562,6.168013,18.541454,6.4286337,18.569643
squeezed_Tây Ninh,2017-02-01,3.1274433,17.39238,5.0386586,17.289803,3.7355573,17.395168,6.168013,17.337477,6.4286337,17.24218,8.3398485,17.283815
squeezed_Tây Ninh,2017-03-01,5.0386586,17.884892,3.7355573,17.770256,6.168013,17.918476,6.4286337,17.813654,8.3398485,17.747581,10.164191,17.77247
squeezed_Tây Ninh,2017-04-01,3.7355573,18.726238,6.168013,18.588638,6.4286337,18.731817,8.3398485,18.600187,10.164191,18.556046,8.86109,18.574547
squeezed_Tây Ninh,2017-05-01,6.168013,21.510258,6.4286337,21.341969,8.3398485,21.46408,10.164191,21.334953,8.86109,21.305809,6.7761273,21.294472
squeezed_Tây Ninh,2017-06-01,6.4286337,23.559986,8.3398485,23.381653,10.164191,23.462215,8.86109,23.349747,6.7761273,23.331558,5.5598993,23.284678
squeezed_Tây Ninh,2017-07-01,8.3398485,25.44303,10.164191,25.277214,8.86109,25.340504,6.7761273,25.226856,5.5598993,25.208508,7.6677866,25.144974
squeezed_Tây Ninh,2017-08-01,10.164191,27.472029,8.86109,27.29858,6.7761273,27.352345,5.5598993,27.241533,7.6677866,27.212963,5.772379,27.141268
squeezed_Tây Ninh,2017-09-01,8.86109,29.157438,6.7761273,28.958715,5.5598993,29.004414,7.6677866,28.885937,5.772379,28.863613,6.461618,28.791836
squeezed_Tây Ninh,2017-10-01,6.7761273,28.844889,5.5598993,28.671795,7.6677866,28.676945,5.772379,28.572645,6.461618,28.534,6.461618,28.495813
squeezed_Tây Ninh,2017-11-01,5.5598993,27.922321,7.6677866,27.755678,5.772379,27.749218,6.461618,27.654129,6.461618,27.593754,5.9446883,27.584108
squeezed_Tây Ninh,2017-12-01,7.6677866,28.977678,5.772379,28.78338,6.461618,28.783249,6.461618,28.688179,5.9446883,28.624088,8.012406,28.619299
squeezed_Vĩnh Phúc,2016-01-01,109.193245,64.99034,154.5028,64.74321,106.94184,64.74126,112.945595,64.3765,102.2514,64.45529,105.34709,64.451805
squeezed_Vĩnh Phúc,2016-02-01,154.5028,116.43846,106.94184,116.01702,112.945595,116.024635,102.2514,115.283875,105.34709,115.53434,114.35272,115.395424
squeezed_Vĩnh Phúc,2016-03-01,106.94184,126.836136,112.945595,126.365456,102.2514,126.27002,105.34709,125.473175,114.35272,125.74909,109.756096,125.449814
squeezed_Vĩnh Phúc,2016-04-01,112.945595,127.39299,102.2514,126.99752,105.34709,126.83333,114.35272,126.09305,109.756096,126.34345,117.16698,126.05158
squeezed_Vĩnh Phúc,2016-05-01,102.2514,125.55617,105.34709,125.15221,114.35272,125.054344,109.756096,124.33415,117.16698,124.59364,98.9681,124.25686
squeezed_Vĩnh Phúc,2016-06-01,105.34709,114.83792,114.35272,114.28899,109.756096,114.32422,117.16698,113.54125,98.9681,113.85198,28.611631,113.536674
squeezed_Vĩnh Phúc,2016-07-01,114.35272,109.38953,109.756096,108.78029,117.16698,108.87031,98.9681,108.04762,28.611631,108.386055,86.36809,108.151825
squeezed_Vĩnh Phúc,2016-08-01,109.756096,108.42551,117.16698,107.77208,98.9681,107.88654,28.611631,106.98758,86.36809,107.38633,81.738045,107.21538
squeezed_Vĩnh Phúc,2016-09-01,117.16698,108.37117,98.9681,107.70872,28.611631,107.81953,86.36809,106.91639,81.738045,107.33337,0.0,107.20623
squeezed_Vĩnh Phúc,2016-10-01,98.9681,102.40279,28.611631,101.82785,86.36809,101.83757,81.738045,101.030785,0.0,101.43801,96.51856,101.33145
squeezed_Vĩnh Phúc,2016-11-01,28.611631,98.64081,86.36809,98.09362,81.738045,98.03423,0.0,97.32642,96.51856,97.66359,75.23818,97.553696
squeezed_Vĩnh Phúc,2016-12-01,86.36809,116.07544,81.738045,115.51079,0.0,115.46696,96.51856,114.76961,75.23818,115.064255,80.22438,114.944725
squeezed_Vĩnh Phúc,2017-01-01,81.738045,137.41724,0.0,136.87428,96.51856,136.76111,75.23818,136.07155,80.22438,136.40088,76.39569,136.19116
squeezed_Vĩnh Phúc,2017-02-01,0.0,158.47682,96.51856,158.07762,75.23818,157.88641,80.22438,157.2322,76.39569,157.54459,0.0,157.14503
squeezed_Vĩnh Phúc,2017-03-01,96.51856,165.72841,75.23818,165.45404,80.22438,165.20404,76.39569,164.5594,0.0,164.85814,77.64224,164.39104
squeezed_Vĩnh Phúc,2017-04-01,75.23818,168.3007,80.22438,168.06909,76.39569,167.78264,0.0,167.15182,77.64224,167.4361,86.813286,166.95749
squeezed_Vĩnh Phúc,2017-05-01,80.22438,161.83707,76.39569,161.5886,0.0,161.23447,77.64224,160.58563,86.813286,160.84903,77.82032,160.40651
squeezed_Vĩnh Phúc,2017-06-01,76.39569,152.05319,0.0,151.73947,77.64224,151.3847,86.813286,150.69963,77.82032,151.00291,0.0,150.62305
squeezed_Vĩnh Phúc,2017-07-01,0.0,142.68199,77.64224,142.25208,86.813286,141.9948,77.82032,141.26973,0.0,141.61874,0.0,141.31142
squeezed_Vĩnh Phúc,2017-08-01,77.64224,132.61536,86.813286,131.99745,77.82032,131.94574,0.0,131.12354,0.0,131.51987,0.0,131.26056
squeezed_Vĩnh Phúc,2017-09-01,86.813286,119.19719,77.82032,118.43927,0.0,118.54047,0.0,117.66684,0.0,118.07009,0.0,117.91649
squeezed_Vĩnh Phúc,2017-10-01,77.82032,98.98456,0.0,98.279785,0.0,98.26174,0.0,97.53395,0.0,97.82564,0.0,97.75863
squeezed_Vĩnh Phúc,2017-11-01,0.0,79.92177,0.0,79.33885,0.0,79.237495,0.0,78.727104,0.0,78.829926,0.0,78.75946
squeezed_Vĩnh Phúc,2017-12-01,0.0,66.482544,0.0,65.998085,0.0,65.8932,0.0,65.54513,0.0,65.56184,0.0,65.47729
squeezed_Yên Bái,2016-01-01,45.869267,70.84305,118.23522,70.32076,131.60855,70.316086,67.866516,69.92165,50.993626,70.01642,55.868015,69.83524
squeezed_Yên Bái,2016-02-01,118.23522,79.40425,131.60855,78.85013,67.866516,78.92572,50.993626,78.40711,55.868015,78.574104,101.86227,78.31289
squeezed_Yên Bái,2016-03-01,131.60855,82.80562,67.866516,82.23708,50.993626,82.347115,55.868015,81.78579,101.86227,81.939545,128.109,81.64633
squeezed_Yên Bái,2016-04-01,67.866516,80.01402,50.993626,79.51163,55.868015,79.60135,101.86227,79.07284,128.109,79.2036,94.363205,78.89437
squeezed_Yên Bái,2016-05-01,50.993626,74.85043,55.868015,74.34229,101.86227,74.4388,128.109,73.91575,94.363205,74.05023,81.6148,73.724846
squeezed_Yên Bái,2016-06-01,55.868015,71.48923,101.86227,70.99935,128.109,71.07047,94.363205,70.56531,81.6148,70.68215,3.624547,70.38024
squeezed_Yên Bái,2016-07-01,101.86227,66.828445,128.109,66.403564,94.363205,66.4056,81.6148,65.95856,3.624547,66.06861,48.804657,65.7942
squeezed_Yên Bái,2016-08-01,128.109,63.222702,94.363205,62.84276,81.6148,62.807693,3.624547,62.38643,48.804657,62.517773,88.6907,62.26869
squeezed_Yên Bái,2016-09-01,94.363205,62.02342,81.6148,61.655563,3.624547,61.58856,48.804657,61.195343,88.6907,61.334633,108.50985,61.08278
squeezed_Yên Bái,2016-10-01,81.6148,61.649273,3.624547,61.335155,48.804657,61.224754,88.6907,60.837444,108.50985,60.999397,118.54329,60.746567
squeezed_Yên Bái,2016-11-01,3.624547,64.680984,48.804657,64.44268,88.6907,64.29113,108.50985,63.922005,118.54329,64.05385,77.79016,63.807438
squeezed_Yên Bái,2016-12-01,48.804657,74.92732,88.6907,74.65953,108.50985,74.54007,118.54329,74.10894,77.79016,74.28053,63.04967,74.00167
squeezed_Yên Bái,2017-01-01,88.6907,93.308334,108.50985,92.924034,118.54329,92.876434,77.79016,92.28088,63.04967,92.57849,57.599407,92.2657
squeezed_Yên Bái,2017-02-01,108.50985,106.31108,118.54329,105.84083,77.79016,105.809525,63.04967,105.108665,57.599407,105.43316,80.63917,105.129684
squeezed_Yên Bái,2017-03-01,118.54329,116.87482,77.79016,116.415245,63.04967,116.31131,57.599407,115.54929,80.63917,115.88503,91.78744,115.731285
squeezed_Yên Bái,2017-04-01,77.79016,125.67122,63.04967,125.25683,57.599407,125.11471,80.63917,124.34219,91.78744,124.67969,85.09847,124.60241
squeezed_Yên Bái,2017-05-01,63.04967,126.8699,57.599407,126.44138,80.63917,126.30255,91.78744,125.514786,85.09847,125.86045,68.62381,125.826485
squeezed_Yên Bái,2017-06-01,57.599407,121.63995,80.63917,121.22242,91.78744,121.0554,85.09847,120.23215,68.62381,120.59146,70.85346,120.58604
squeezed_Yên Bái,2017-07-01,80.63917,107.949295,91.78744,107.52915,85.09847,107.40848,68.62381,106.61433,70.85346,106.993645,47.753498,106.836914
squeezed_Yên Bái,2017-08-01,91.78744,94.484634,85.09847,94.09006,68.62381,93.93066,70.85346,93.28564,47.753498,93.659515,34.495457,93.43984
squeezed_Yên Bái,2017-09-01,85.09847,86.19028,68.62381,85.75592,70.85346,85.59879,47.753498,85.02564,34.495457,85.37865,47.38522,85.1616
squeezed_Yên Bái,2017-10-01,68.62381,82.82097,70.85346,82.360214,47.753498,82.218414,34.495457,81.68218,47.38522,82.01276,41.00172,81.799965
squeezed_Yên Bái,2017-11-01,70.85346,90.106964,47.753498,89.67863,34.495457,89.54099,47.38522,88.96894,41.00172,89.29683,38.178246,89.08018
squeezed_Yên Bái,2017-12-01,47.753498,100.63936,34.495457,100.22824,47.38522,100.12326,41.00172,99.46233,38.178246,99.81896,30.812668,99.62889
squeezed_Điện Biên,2016-01-01,189.80983,159.20805,229.6376,158.87016,214.02942,158.9283,222.10262,158.2256,183.17188,158.51067,177.96915,158.23988
squeezed_Điện Biên,2016-02-01,229.6376,207.65118,214.02942,207.69945,222.10262,207.84209,183.17188,207.05719,177.96915,207.22427,228.74059,206.97722
squeezed_Điện Biên,2016-03-01,214.02942,237.95695,222.10262,238.4532,183.17188,238.4311,177.96915,237.79822,228.74059,237.60838,205.77682,237.50267
squeezed_Điện Biên,2016-04-01,222.10262,254.19064,183.17188,255.0527,177.96915,254.81447,228.74059,254.38664,205.77682,253.85422,188.0158,253.86525
squeezed_Điện Biên,2016-05-01,183.17188,261.65213,177.96915,262.72012,228.74059,262.32147,205.77682,262.05096,188.0158,261.26025,232.68748,261.33423
squeezed_Điện Biên,2016-06-01,177.96915,264.68033,228.74059,265.8386,205.77682,265.36453,188.0158,265.1674,232.68748,264.25674,0.0,264.35724
squeezed_Điện Biên,2016-07-01,228.74059,265.29968,205.77682,266.47665,188.0158,265.98672,232.68748,265.8049,0.0,264.86942,117.535385,264.97516
squeezed_Điện Biên,2016-08-01,205.77682,265.3894,188.0158,266.56915,232.68748,266.0767,0.0,265.89728,117.535385,264.95816,0.0,265.06464
squeezed_Điện Biên,2016-09-01,188.0158,265.3598,232.68748,266.5392,0.0,266.04636,117.535385,265.86755,0.0,264.92822,0.0,265.03455
squeezed_Điện Biên,2016-10-01,232.68748,263.91528,0.0,265.06354,117.535385,264.57162,0.0,264.39795,0.0,263.4729,163.96272,263.5764
squeezed_Điện Biên,2016-11-01,0.0,254.416,117.535385,255.42903,0.0,254.88618,0.0,254.77736,163.96272,253.93434,181.91232,253.97197
squeezed_Điện Biên,2016-12-01,117.535385,232.51564,0.0,233.31519,0.0,232.61232,163.96272,232.60538,181.91232,231.99763,179.32344,231.82071
squeezed_Điện Biên,2017-01-01,0.0,230.60274,0.0,231.48706,163.96272,230.66714,181.91232,230.69055,179.32344,230.16212,0.0,229.97403
squeezed_Điện Biên,2017-02-01,0.0,248.31865,163.96272,249.38408,181.91232,248.6793,179.32344,248.6312,0.0,247.89525,205.38489,247.84319
squeezed_Điện Biên,2017-03-01,163.96272,260.19458,181.91232,261.34515,179.32344,260.7806,0.0,260.64493,205.38489,259.76804,283.05142,259.82727
squeezed_Điện Biên,2017-04-01,181.91232,264.3468,179.32344,265.5211,0.0,265.01303,205.38489,264.84265,283.05142,263.91586,0.0,264.0132
squeezed_Điện Biên,2017-05-01,179.32344,265.243,0.0,266.422,205.38489,265.92676,283.05142,265.74908,0.0,264.81113,202.10562,264.91647
squeezed_Điện Biên,2017-06-01,0.0,265.36557,205.38489,266.54553,283.05142,266.05188,0.0,265.87332,202.10562,264.93378,0.0,265.04022
squeezed_Điện Biên,2017-07-01,205.38489,265.31964,283.05142,266.499,0.0,266.00473,202.10562,265.8265,0.0,264.88727,0.0,264.99365
squeezed_Điện Biên,2017-08-01,283.05142,255.57668,0.0,256.66043,202.10562,256.01974,0.0,255.91162,0.0,255.08168,159.35648,255.12544
squeezed_Điện Biên,2017-09-01,0.0,203.77548,202.10562,204.31816,0.0,203.66872,0.0,203.61263,159.35648,203.30333,0.0,202.9224
squeezed_Điện Biên,2017-10-01,202.10562,157.96892,0.0,157.79306,0.0,157.41635,159.35648,157.08855,0.0,157.00572,0.0,156.43806
squeezed_Điện Biên,2017-11-01,0.0,142.59364,0.0,142.08685,159.35648,141.89522,0.0,141.37595,0.0,141.52457,0.0,141.08574
squeezed_Điện Biên,2017-12-01,0.0,139.95616,159.35648,139.32773,0.0,139.25046,0.0,138.6732,0.0,138.91904,0.0,138.60207
squeezed_Đà Nẵng,2016-01-01,49.034603,121.170044,43.681896,120.45816,52.857964,120.34165,29.05754,119.709045,53.71822,119.95909,33.35882,119.66713
squeezed_Đà Nẵng,2016-02-01,43.681896,89.1608,52.857964,88.54312,29.05754,88.46292,53.71822,87.923386,33.35882,88.03138,51.424202,87.897026
squeezed_Đà Nẵng,2016-03-01,52.857964,73.50171,29.05754,72.873436,53.71822,72.96962,33.35882,72.46904,51.424202,72.518616,48.174347,72.349304
squeezed_Đà Nẵng,2016-04-01,29.05754,72.87933,53.71822,72.20239,33.35882,72.3642,51.424202,71.831856,48.174347,71.90842,35.270504,71.70233
squeezed_Đà Nẵng,2016-05-01,53.71822,77.53047,33.35882,76.83998,51.424202,77.02231,48.174347,76.43067,35.270504,76.54542,35.844006,76.295235
squeezed_Đà Nẵng,2016-06-01,33.35882,74.365295,51.424202,73.748474,48.174347,73.83932,35.270504,73.29406,35.844006,73.41156,35.844006,73.189354
squeezed_Đà Nẵng,2016-07-01,51.424202,70.01477,48.174347,69.42738,35.270504,69.45423,35.844006,68.95974,35.844006,69.07057,83.07524,68.87374
squeezed_Đà Nẵng,2016-08-01,48.174347,66.402885,35.270504,65.7821,35.844006,65.815254,35.844006,65.31298,83.07524,65.445145,27.23629,65.23331
squeezed_Đà Nẵng,2016-09-01,35.270504,65.98569,35.844006,65.31599,35.844006,65.379616,83.07524,64.83557,27.23629,64.98616,59.027145,64.7479
squeezed_Đà Nẵng,2016-10-01,35.844006,68.07953,35.844006,67.55483,83.07524,67.526924,27.23629,67.043396,59.027145,67.164894,38.167244,66.98409
squeezed_Đà Nẵng,2016-11-01,35.844006,67.773544,83.07524,67.377945,27.23629,67.266426,59.027145,66.828606,38.167244,66.92541,49.18929,66.799995
squeezed_Đà Nẵng,2016-12-01,83.07524,64.73224,27.23629,64.37097,59.027145,64.26751,38.167244,63.87359,49.18929,63.950146,16.760794,63.809723
squeezed_Đà Nẵng,2017-01-01,27.23629,59.367737,59.027145,59.118984,38.167244,59.047935,49.18929,58.6897,16.760794,58.755474,19.402441,58.70127
squeezed_Đà Nẵng,2017-02-01,59.027145,55.0043,38.167244,54.800274,49.18929,54.75642,16.760794,54.39832,19.402441,54.46622,0.0,54.432194
squeezed_Đà Nẵng,2017-03-01,38.167244,54.30505,49.18929,54.09748,16.760794,54.079796,19.402441,53.71264,0.0,53.775192,0.0,53.73025
squeezed_Đà Nẵng,2017-04-01,49.18929,56.421097,16.760794,56.16093,19.402441,56.194233,0.0,55.766666,0.0,55.855114,0.0,55.784363
squeezed_Đà Nẵng,2017-05-01,16.760794,61.673096,19.402441,61.367455,0.0,61.430058,0.0,60.9346,0.0,61.051445,0.0,60.964302
squeezed_Đà Nẵng,2017-06-01,19.402441,66.55711,0.0,66.22486,0.0,66.29168,0.0,65.72474,0.0,65.87012,0.0,65.73993
squeezed_Đà Nẵng,2017-07-01,0.0,67.797195,0.0,67.45946,0.0,67.50904,0.0,66.90574,0.0,67.07632,25.125628,66.912346
squeezed_Đà Nẵng,2017-08-01,0.0,68.81354,0.0,68.506584,0.0,68.52208,0.0,67.90984,25.125628,68.10481,23.241205,67.9305
squeezed_Đà Nẵng,2017-09-01,0.0,69.331696,0.0,69.08843,0.0,69.06009,25.125628,68.48868,23.241205,68.68044,25.753769,68.51925
squeezed_Đà Nẵng,2017-10-01,0.0,68.00917,0.0,67.79252,25.125628,67.72568,23.241205,67.23475,25.753769,67.38096,21.805456,67.26027
squeezed_Đà Nẵng,2017-11-01,0.0,64.58527,25.125628,64.346695,23.241205,64.28446,25.753769,63.842037,21.805456,63.96366,24.676956,63.864937
squeezed_Đà Nẵng,2017-12-01,25.125628,62.87564,23.241205,62.62888,25.753769,62.567806,21.805456,62.1307,24.676956,62.261375,0.0,62.15483
squeezed_Đắk Lắk,2016-01-01,54.681248,63.476624,64.81728,63.18978,66.364365,63.21382,68.49827,62.686962,61.349693,62.851093,52.28061,62.716972
squeezed_Đắk Lắk,2016-02-01,64.81728,72.74492,66.364365,72.42748,68.49827,72.49183,61.349693,71.92205,52.28061,72.03901,84.82262,71.91938
squeezed_Đắk Lắk,2016-03-01,66.364365,81.91951,68.49827,81.5282,61.349693,81.60385,52.28061,80.98352,84.82262,81.06381,83.32889,80.96601
squeezed_Đắk Lắk,2016-04-01,68.49827,89.95265,61.349693,89.47507,52.28061,89.559425,84.82262,88.83666,83.32889,88.94781,88.71699,88.876366
squeezed_Đắk Lắk,2016-05-01,61.349693,99.60614,52.28061,99.0315,84.82262,99.13966,83.32889,98.29053,88.71699,98.48485,61.136303,98.47014
squeezed_Đắk Lắk,2016-06-01,52.28061,105.48886,84.82262,104.82141,83.32889,104.92475,88.71699,104.044304,61.136303,104.286804,7.3086157,104.30294
squeezed_Đắk Lắk,2016-07-01,84.82262,103.03441,83.32889,102.35663,88.71699,102.40493,61.136303,101.63942,7.3086157,101.83974,48.640762,101.870605
squeezed_Đắk Lắk,2016-08-01,83.32889,94.64554,88.71699,93.90686,61.136303,93.97781,7.3086157,93.3056,48.640762,93.461945,51.88348,93.46212
squeezed_Đắk Lắk,2016-09-01,88.71699,100.754974,61.136303,99.88697,7.3086157,100.016106,48.640762,99.286835,51.88348,99.461266,67.61066,99.4509
squeezed_Đắk Lắk,2016-10-01,61.136303,101.41559,7.3086157,100.457245,48.640762,100.63576,51.88348,99.876625,67.61066,100.04854,46.641087,100.05496
squeezed_Đắk Lắk,2016-11-01,7.3086157,95.892944,48.640762,94.912735,51.88348,95.10374,67.61066,94.363976,46.641087,94.52333,54.801926,94.56762
squeezed_Đắk Lắk,2016-12-01,48.640762,89.759964,51.88348,88.81131,67.61066,89.01004,46.641087,88.32118,54.801926,88.42965,63.935577,88.46206
squeezed_Đắk Lắk,2017-01-01,51.88348,85.76181,67.61066,84.83488,46.641087,85.04391,54.801926,84.39608,63.935577,84.46078,64.746254,84.44658
squeezed_Đắk Lắk,2017-02-01,67.61066,81.2729,46.641087,80.40403,54.801926,80.60493,63.935577,80.00206,64.746254,80.04586,80.3113,79.98804
squeezed_Đắk Lắk,2017-03-01,46.641087,79.0815,54.801926,78.27776,63.935577,78.450424,64.746254,77.887184,80.3113,77.91832,82.74334,77.84504
squeezed_Đắk Lắk,2017-04-01,54.801926,82.36917,63.935577,81.54924,64.746254,81.7263,80.3113,81.12399,82.74334,81.17075,83.06761,81.08169
squeezed_Đắk Lắk,2017-05-01,63.935577,90.05049,64.746254,89.18965,80.3113,89.34854,82.74334,88.63541,83.06761,88.78169,84.68897,88.718704
squeezed_Đắk Lắk,2017-06-01,64.746254,92.00148,80.3113,91.098434,82.74334,91.2227,83.06761,90.45608,84.68897,90.693825,62.260174,90.621544
squeezed_Đắk Lắk,2017-07-01,80.3113,88.88422,82.74334,88.09374,83.06761,88.14951,84.68897,87.50968,62.260174,87.65195,115.713135,87.61321
squeezed_Đắk Lắk,2017-08-01,82.74334,76.40198,83.06761,75.73026,84.68897,75.75034,62.260174,75.247215,115.713135,75.298965,160.24712,75.24653
squeezed_Đắk Lắk,2017-09-01,83.06761,67.545525,84.68897,66.93409,62.260174,66.93699,115.713135,66.52562,160.24712,66.54547,48.401825,66.48247
squeezed_Đắk Lắk,2017-10-01,84.68897,59.883232,62.260174,59.277103,115.713135,59.31032,160.24712,58.923725,48.401825,58.978294,48.939026,58.85909
squeezed_Đắk Lắk,2017-11-01,62.260174,49.288395,115.713135,48.859684,160.24712,48.845234,48.401825,48.5421,48.939026,48.60239,58.82353,48.502296
squeezed_Đắk Lắk,2017-12-01,115.713135,53.39781,160.24712,52.98068,48.401825,52.971046,48.939026,52.652172,58.82353,52.70477,62.906258,52.621296
squeezed_Đắk Nông,2016-01-01,12.553683,57.52889,11.067063,57.105034,8.589362,57.11236,11.727783,56.77207,13.709944,56.802197,18.830524,56.702377
squeezed_Đắk Nông,2016-02-01,11.067063,63.42192,8.589362,63.012844,11.727783,63.011253,13.709944,62.62026,18.830524,62.718735,18.995705,62.534893
squeezed_Đắk Nông,2016-03-01,8.589362,64.68752,11.727783,64.287506,13.709944,64.28216,18.830524,63.889317,18.995705,64.00487,15.031384,63.77172
squeezed_Đắk Nông,2016-04-01,11.727783,60.27457,13.709944,59.88126,18.830524,59.862507,18.995705,59.49241,15.031384,59.601543,14.040304,59.370087
squeezed_Đắk Nông,2016-05-01,13.709944,53.669632,18.830524,53.323315,18.995705,53.28547,15.031384,52.976517,14.040304,53.037487,15.196565,52.87753
squeezed_Đắk Nông,2016-06-01,18.830524,47.518265,18.995705,47.230778,15.031384,47.192978,14.040304,46.920746,15.196565,46.993397,1.1562604,46.85126
squeezed_Đắk Nông,2016-07-01,18.995705,38.561844,15.031384,38.32347,14.040304,38.3282,15.196565,38.112923,1.1562604,38.171124,3.8022814,38.05298
squeezed_Đắk Nông,2016-08-01,15.031384,30.732933,14.040304,30.526375,15.196565,30.571491,1.1562604,30.410578,3.8022814,30.430054,10.0843115,30.343008
squeezed_Đắk Nông,2016-09-01,14.040304,22.996746,15.196565,22.85819,1.1562604,22.907394,3.8022814,22.795967,10.0843115,22.768269,9.588362,22.710764
squeezed_Đắk Nông,2016-10-01,15.196565,19.978292,1.1562604,19.885067,3.8022814,19.918507,10.0843115,19.839077,9.588362,19.7751,6.1167135,19.740236
squeezed_Đắk Nông,2016-11-01,1.1562604,18.817177,3.8022814,18.653399,10.0843115,18.776285,9.588362,18.690706,6.1167135,18.5988,7.439246,18.546707
squeezed_Đắk Nông,2016-12-01,3.8022814,17.586369,10.0843115,17.480677,9.588362,17.55921,6.1167135,17.479906,7.439246,17.401455,11.572161,17.411715
squeezed_Đắk Nông,2017-01-01,10.0843115,19.886692,9.588362,19.732994,6.1167135,19.889,7.439246,19.756817,11.572161,19.698858,8.265829,19.70776
squeezed_Đắk Nông,2017-02-01,9.588362,25.673449,6.1167135,25.499401,7.439246,25.689682,11.572161,25.500792,8.265829,25.474064,9.092412,25.464813
squeezed_Đắk Nông,2017-03-01,6.1167135,30.244816,7.439246,30.082891,11.572161,30.263771,8.265829,30.03552,9.092412,30.036007,7.935196,30.007244
squeezed_Đắk Nông,2017-04-01,7.439246,31.50245,11.572161,31.339657,8.265829,31.509613,9.092412,31.261436,7.935196,31.298851,5.7860804,31.231752
squeezed_Đắk Nông,2017-05-01,11.572161,32.142216,8.265829,32.000294,9.092412,32.137012,7.935196,31.897104,5.7860804,31.951557,6.77798,31.876518
squeezed_Đắk Nông,2017-06-01,8.265829,30.881445,9.092412,30.77407,7.935196,30.862343,5.7860804,30.646254,6.77798,30.70103,4.1329145,30.621172
squeezed_Đắk Nông,2017-07-01,9.092412,30.243853,7.935196,30.124079,5.7860804,30.221436,6.77798,29.999107,4.1329145,30.064701,5.524862,29.9471
squeezed_Đắk Nông,2017-08-01,7.935196,26.811289,5.7860804,26.720243,6.77798,26.81583,4.1329145,26.61538,5.524862,26.64124,5.19987,26.533247
squeezed_Đắk Nông,2017-09-01,5.7860804,22.678925,6.77798,22.6114,4.1329145,22.669613,5.524862,22.535582,5.19987,22.509537,6.987325,22.445229
squeezed_Đắk Nông,2017-10-01,6.77798,18.766115,4.1329145,18.698402,5.524862,18.73842,5.19987,18.656523,6.987325,18.594776,5.3623657,18.54485
squeezed_Đắk Nông,2017-11-01,4.1329145,18.61633,5.524862,18.545328,5.19987,18.58395,6.987325,18.505224,5.3623657,18.438679,5.687358,18.403852
squeezed_Đắk Nông,2017-12-01,5.524862,26.669975,5.19987,26.53733,6.987325,26.668446,5.3623657,26.4783,5.687358,26.459469,6.8248296,26.426046
squeezed_Đồng Tháp,2016-01-01,143.30588,38.304295,182.12529,38.139236,199.8459,38.278614,198.77911,38.00969,172.05002,38.048717,204.64647,37.930817
squeezed_Đồng Tháp,2016-02-01,182.12529,49.65405,199.8459,49.430996,198.77911,49.57037,172.05002,49.248013,204.64647,49.29036,165.0566,49.160446
squeezed_Đồng Tháp,2016-03-01,199.8459,50.680843,198.77911,50.400337,172.05002,50.520203,204.64647,50.21478,165.0566,50.24644,159.12997,50.120647
squeezed_Đồng Tháp,2016-04-01,198.77911,50.57076,172.05002,50.206135,204.64647,50.36681,165.0566,50.063267,159.12997,50.10955,213.24008,49.97375
squeezed_Đồng Tháp,2016-05-01,172.05002,51.874886,204.64647,51.546288,165.0566,51.662117,159.12997,51.360233,213.24008,51.417595,191.19302,51.302834
squeezed_Đồng Tháp,2016-06-01,204.64647,63.84265,165.0566,63.524982,159.12997,63.613903,213.24008,63.225075,191.19302,63.29329,55.769573,63.203354
squeezed_Đồng Tháp,2016-07-01,165.0566,88.07094,159.12997,87.90575,213.24008,87.82002,191.19302,87.3005,55.769573,87.40263,118.387596,87.38142
squeezed_Đồng Tháp,2016-08-01,159.12997,120.8107,213.24008,120.74282,191.19302,120.44682,55.769573,119.86126,118.387596,119.94409,172.46512,119.92372
squeezed_Đồng Tháp,2016-09-01,213.24008,128.80392,191.19302,128.56033,55.769573,128.29425,118.387596,127.650406,172.46512,127.80408,149.95349,127.64639
squeezed_Đồng Tháp,2016-10-01,191.19302,131.0341,55.769573,130.68375,118.387596,130.44577,172.46512,129.77159,149.95349,129.97365,147.65892,129.7815
squeezed_Đồng Tháp,2016-11-01,55.769573,126.84976,118.387596,126.27754,172.46512,126.20873,149.95349,125.42868,147.65892,125.70845,155.41086,125.49744
squeezed_Đồng Tháp,2016-12-01,118.387596,126.98277,172.46512,126.32166,149.95349,126.29822,147.65892,125.45747,155.41086,125.77514,300.46512,125.59701
squeezed_Đồng Tháp,2017-01-01,172.46512,127.49425,149.95349,126.79284,147.65892,126.78755,155.41086,125.90733,300.46512,126.24568,215.56589,126.12111
squeezed_Đồng Tháp,2017-02-01,149.95349,127.582214,147.65892,126.79623,155.41086,126.842026,300.46512,125.96456,215.56589,126.31707,174.69768,126.13442
squeezed_Đồng Tháp,2017-03-01,147.65892,122.33551,155.41086,121.44247,300.46512,121.61089,215.56589,120.7361,174.69768,121.07888,228.71318,120.90059
squeezed_Đồng Tháp,2017-04-01,155.41086,117.013824,300.46512,116.01799,215.56589,116.25689,174.69768,115.39792,228.71318,115.732254,240.93024,115.54346
squeezed_Đồng Tháp,2017-05-01,300.46512,116.04637,215.56589,115.06155,174.69768,115.29372,228.71318,114.43073,240.93024,114.792175,171.28682,114.58126
squeezed_Đồng Tháp,2017-06-01,215.56589,117.11226,174.69768,116.15531,228.71318,116.37402,240.93024,115.510284,171.28682,115.88876,171.969,115.683945
squeezed_Đồng Tháp,2017-07-01,174.69768,119.24443,228.71318,118.29463,240.93024,118.5252,171.28682,117.635025,171.969,118.040016,168.23361,117.83716
squeezed_Đồng Tháp,2017-08-01,228.71318,123.262695,240.93024,122.316154,171.28682,122.53834,171.969,121.62804,168.23361,122.052956,157.83575,121.819954
squeezed_Đồng Tháp,2017-09-01,240.93024,128.80112,171.28682,127.96013,171.969,128.0808,168.23361,127.19007,157.83575,127.60856,225.63976,127.3657
squeezed_Đồng Tháp,2017-10-01,171.28682,135.73085,171.969,135.04654,168.23361,134.9868,157.83575,134.16083,225.63976,134.53355,161.82056,134.29861
squeezed_Đồng Tháp,2017-11-01,171.969,149.1011,168.23361,148.72696,157.83575,148.34807,225.63976,147.74298,161.82056,147.9911,177.32396,147.70993
squeezed_Đồng Tháp,2017-12-01,168.23361,159.36902,157.83575,159.233,225.63976,158.66211,161.82056,158.2095,177.32396,158.3316,145.32097,158.01762
