province,date,actual_t+1,pred_t+1,actual_t+2,pred_t+2,actual_t+3,pred_t+3,actual_t+4,pred_t+4,actual_t+5,pred_t+5,actual_t+6,pred_t+6
squeezed_An Giang,2016-01-01,8.148525,14.914699297618498,8.843002,13.359565783560965,8.148525,13.545960432240253,8.8893,12.656106969422856,8.565211,8.346650446320185,17.408213,10.67833796877228
squeezed_An Giang,2016-02-01,8.843002,15.498090275431906,8.148525,12.324590518876365,8.8893,13.348916105255553,8.565211,11.204407319084597,17.408213,8.086797892262359,18.565674,11.24602910238728
squeezed_An Giang,2016-03-01,8.148525,15.498090275431906,8.8893,12.884623249289149,8.565211,14.9463650729408,17.408213,11.885918532086139,18.565674,9.285267143600823,12.037595,11.156606937830643
squeezed_An Giang,2016-04-01,8.8893,14.914699297618498,8.565211,12.324590518876365,17.408213,13.818242083009606,18.565674,13.448318659570939,12.037595,14.232502169208724,19.723135,11.156606937830643
squeezed_An Giang,2016-05-01,8.565211,15.734351407838943,17.408213,12.679685624096164,18.565674,14.492268634258643,12.037595,13.406636744432637,19.723135,9.854527695078483,10.602343,11.156606937830643
squeezed_An Giang,2016-06-01,17.408213,15.932272179422057,18.565674,14.674658521566018,12.037595,16.14202421849763,19.723135,13.855333412892927,10.602343,9.791359823825283,0.0,11.156606937830643
squeezed_An Giang,2016-07-01,18.565674,16.46599839306699,12.037595,15.08036116389778,19.723135,15.444576145333876,10.602343,15.299166076378926,0.0,11.037533785009147,10.541398,11.329943109563166
squeezed_An Giang,2016-08-01,12.037595,17.0055211761874,19.723135,15.401603299512546,10.602343,15.993489772638487,0.0,15.617580650510627,10.541398,9.689271544680459,17.807798,11.329943109563166
squeezed_An Giang,2016-09-01,19.723135,19.992490729823547,10.602343,18.00720616339404,0.0,22.298963387473123,10.541398,12.802852058869929,17.807798,11.944736086644802,11.053117,14.720177883631328
squeezed_An Giang,2016-10-01,10.602343,20.36833596682856,0.0,19.075883778557703,10.541398,21.469503856498612,17.807798,15.108394726722368,11.053117,11.96247485329261,14.993348,17.226035333242837
squeezed_An Giang,2016-11-01,0.0,21.204420349885275,10.541398,17.826814450645337,17.807798,24.006965659190097,11.053117,14.957127831077239,14.993348,13.086518975034068,17.449596,14.337463231787535
squeezed_An Giang,2016-12-01,10.541398,18.343586287118548,17.807798,14.114264841764424,11.053117,18.94636658215246,14.993348,13.057407467875136,17.449596,15.022327636795083,12.332412,13.062333338523457
squeezed_An Giang,2017-01-01,17.807798,16.31922841977966,11.053117,14.795118971168423,14.993348,15.415979911273869,17.449596,17.484906205064235,12.332412,11.57064805727545,41.44919,14.726990079982727
squeezed_An Giang,2017-02-01,11.053117,18.040251763272845,14.993348,14.53489317257461,17.449596,15.589395929644478,12.332412,13.916621488996128,41.44919,11.514456020594052,40.22106,14.637567915426091
squeezed_An Giang,2017-03-01,14.993348,18.040251763272845,17.449596,14.951703853969521,12.332412,16.36549087627044,41.44919,13.526017846998407,40.22106,13.3433691563778,41.090984,16.024236452898727
squeezed_An Giang,2017-04-01,17.449596,19.597403021232076,12.332412,15.634453376475657,41.44919,18.8721245878306,40.22106,24.09235126075304,41.090984,13.314380630164438,40.47692,20.373510739312078
squeezed_An Giang,2017-05-01,12.332412,23.648091209221256,41.44919,19.152923496759115,40.22106,24.183494814367418,41.090984,18.102309216120013,40.47692,13.428443449213994,35.206223,15.784074574002512
squeezed_An Giang,2017-06-01,41.44919,19.931714962302486,40.22106,22.61482092493055,41.090984,24.612806029294433,40.47692,16.980803803376556,35.206223,21.97689817566138,39.709343,16.85396712451396
squeezed_An Giang,2017-07-01,40.22106,25.683595371807694,41.090984,32.1261277573466,40.47692,29.013218763372798,35.206223,26.046297596394545,39.709343,23.7953002753971,38.011395,20.291856590653083
squeezed_An Giang,2017-08-01,41.090984,35.817894432206565,40.47692,36.55047736021504,35.206223,29.434959576858155,39.709343,30.15548637594255,38.011395,26.024091160966513,41.42931,25.438895325921308
squeezed_An Giang,2017-09-01,40.47692,41.625943191594935,35.206223,38.03043354457153,39.709343,30.916566681294206,38.011395,29.75078724493011,41.42931,38.65036861741481,41.58467,33.504235866573936
squeezed_An Giang,2017-10-01,35.206223,42.022249382469404,39.709343,39.205172656098526,38.011395,32.40702635935617,41.42931,34.39286798827847,41.58467,29.690474593524478,27.964785,33.094071339135404
squeezed_An Giang,2017-11-01,39.709343,44.473128768266236,38.011395,35.26048308203574,41.42931,35.3545503445749,41.58467,36.46921544466997,27.964785,27.052843485438814,29.207664,28.974434075871276
squeezed_An Giang,2017-12-01,38.011395,41.36096438007718,41.42931,36.05045707241652,41.58467,38.47064052811664,27.964785,32.87241427977397,29.207664,33.46293365205183,29.052305,37.03501605255881
squeezed_BR Vũng Tàu,2016-01-01,11.355311,15.498090275431906,18.498169,14.292229413637626,16.575092,15.259098535833438,11.263737,13.708367243873617,4.85348,13.861490767666425,4.2124543,18.570626157196916
squeezed_BR Vũng Tàu,2016-02-01,18.498169,15.663253855674615,16.575092,15.783094954863822,11.263737,15.082665800681923,4.85348,14.275270603788314,4.2124543,14.386671073337416,19.322344,16.26456590767104
squeezed_BR Vũng Tàu,2016-03-01,16.575092,16.167495478181205,11.263737,13.802384372243392,4.85348,13.947745480572603,4.2124543,17.436014494501865,19.322344,14.37801347087413,17.124542,14.973681102784168
squeezed_BR Vũng Tàu,2016-04-01,11.263737,17.523934176898106,4.85348,14.935978907050481,4.2124543,18.77447879453854,19.322344,18.51872042628202,17.124542,10.647635060484541,10.897436,14.973681102784168
squeezed_BR Vũng Tàu,2016-05-01,4.85348,19.722683187366783,4.2124543,18.013967859867154,19.322344,22.80795902781464,17.124542,15.427782811358885,10.897436,25.79208893123677,2.4725275,14.658985440659839
squeezed_BR Vũng Tàu,2016-06-01,4.2124543,19.82995423344588,19.322344,20.882260589658983,17.124542,23.28426546044368,10.897436,17.47856875124349,2.4725275,13.88471692452127,2.4725275,15.43807427780306
squeezed_BR Vũng Tàu,2016-07-01,19.322344,17.050875405007705,17.124542,15.005465637130554,10.897436,15.339870535540697,2.4725275,14.197985231415982,2.4725275,11.68555153060311,5.322924,13.636472255764279
squeezed_BR Vũng Tàu,2016-08-01,17.124542,15.734351407838943,10.897436,14.940254633858721,2.4725275,15.308536925438737,2.4725275,14.595319525002717,5.322924,8.462704214216748,3.548616,12.639530113732853
squeezed_BR Vũng Tàu,2016-09-01,10.897436,16.482905965895057,2.4725275,14.49483878122606,2.4725275,16.048341869050084,5.322924,13.380477370379634,3.548616,12.61931596318434,10.290986,15.688874153180278
squeezed_BR Vũng Tàu,2016-10-01,2.4725275,20.52670587100755,2.4725275,14.116273178961633,5.322924,18.06906459874836,3.548616,12.768240811697947,10.290986,12.022779206191188,3.6373315,13.894962132872386
squeezed_BR Vũng Tàu,2016-11-01,2.4725275,22.55145555071756,5.322924,16.235486195886047,3.548616,20.26675127954019,10.290986,13.93322341460679,3.6373315,9.473367952762697,2.838893,12.655519060750166
squeezed_BR Vũng Tàu,2016-12-01,5.322924,15.735837441966254,3.548616,12.172858856661769,10.290986,15.897037096298,3.6373315,13.823655690660143,2.838893,13.070848191803984,3.3711853,12.863041351017188
squeezed_BR Vũng Tàu,2017-01-01,3.548616,14.914699297618498,10.290986,13.894470735376116,3.6373315,16.293138957288985,2.838893,14.396427053185919,3.3711853,17.471436242977838,5.056778,14.281859714020278
squeezed_BR Vũng Tàu,2017-02-01,10.290986,15.498090275431906,3.6373315,13.341122595991969,2.838893,16.951013162498345,3.3711853,14.471380692528143,5.056778,11.261510389135985,4.790632,14.856329297318672
squeezed_BR Vũng Tàu,2017-03-01,3.6373315,17.291697205216728,2.838893,14.2511383828029,3.3711853,14.17452608329176,5.056778,14.897500038178691,4.790632,15.309759889956181,0.5322924,15.042054277289651
squeezed_BR Vũng Tàu,2017-04-01,2.838893,18.040251763272845,3.3711853,12.448744492356624,5.056778,13.385206108270165,4.790632,15.703139546600351,0.5322924,12.732098360440881,3.1050391,13.142047874160289
squeezed_BR Vũng Tàu,2017-05-01,3.3711853,16.247596088529235,5.056778,13.709882598140032,4.790632,13.09617470397957,0.5322924,16.318968845867442,3.1050391,14.595332357796025,5.500355,12.706583385589349
squeezed_BR Vũng Tàu,2017-06-01,5.056778,15.882607415253581,4.790632,14.270452288012262,0.5322924,12.955961938176548,3.1050391,15.591484882278056,5.500355,11.05647776968973,2.661462,15.792970093245557
squeezed_BR Vũng Tàu,2017-07-01,4.790632,15.882607415253581,0.5322924,13.715971802152318,3.1050391,15.584448504400232,5.500355,13.676813888247692,2.661462,13.874817889990632,2.7233593,13.606249967701828
squeezed_BR Vũng Tàu,2017-08-01,0.5322924,15.882607415253581,3.1050391,15.924558295901003,5.500355,14.138471534657288,2.661462,14.234013496528926,2.7233593,13.317526025577907,2.3719583,11.463597202166673
squeezed_BR Vũng Tàu,2017-09-01,3.1050391,16.46599839306699,5.500355,13.872762242887399,2.661462,13.449443734526788,2.7233593,14.41906552364397,2.3719583,9.720826263525964,2.3719583,10.757965457610542
squeezed_BR Vũng Tàu,2017-10-01,5.500355,15.882607415253581,2.661462,12.581626955229947,2.7233593,13.094017899606635,2.3719583,11.705968436636581,2.3719583,7.103552746165464,2.4598086,9.82422539675313
squeezed_BR Vũng Tàu,2017-11-01,2.661462,14.8569739477009,2.7233593,11.80727969674725,2.3719583,13.094017899606635,2.3719583,10.775131514332069,2.4598086,7.425452693311011,2.284108,11.486895181712768
squeezed_BR Vũng Tàu,2017-12-01,2.7233593,14.914699297618498,2.3719583,12.324590518876365,2.3719583,13.348916105255553,2.4598086,10.698898011114556,2.284108,10.374078954648098,0.3514012,11.69798471850488
squeezed_Bình Phước,2016-01-01,10.1421995,39.30690056276915,15.683814,32.33594235403774,19.44793,43.2374921554405,18.716019,37.55355563750159,19.552488,37.507247483532446,24.466751,41.54516348440386
squeezed_Bình Phước,2016-02-01,15.683814,33.04633792573693,19.44793,33.11112318457976,18.716019,40.06320529021255,19.552488,32.48326002308829,24.466751,43.408914244053406,18.820578,44.9800912799769
squeezed_Bình Phước,2016-03-01,19.44793,29.935467115746608,18.716019,31.827810145367263,19.552488,39.46611845395586,24.466751,30.912211898055645,18.820578,38.356359282898865,11.710582,44.205123930913295
squeezed_Bình Phước,2016-04-01,18.716019,26.602192348880102,19.552488,35.49994639516064,24.466751,32.96685137580848,18.820578,35.65951370977445,11.710582,53.765966133710066,10.560435,36.339034001348594
squeezed_Bình Phước,2016-05-01,19.552488,27.180019468112114,24.466751,33.141543089342846,18.820578,32.149178409356644,11.710582,30.582824601609957,10.560435,35.6820629465902,11.81514,29.411685460962687
squeezed_Bình Phước,2016-06-01,24.466751,29.100705040793216,18.820578,30.682867874968053,11.710582,29.616873800449255,10.560435,28.08233021148496,11.81514,26.014552056804284,0.0,22.805379995768718
squeezed_Bình Phước,2016-07-01,18.820578,28.499992620502965,11.710582,25.731445930858502,10.560435,29.069701058784137,11.81514,25.16668288104514,0.0,21.103723378749812,2.5704298,22.10243873204944
squeezed_Bình Phước,2016-08-01,11.710582,26.81324961168486,10.560435,25.551693470585903,11.81514,27.08542862755091,0.0,23.55478625251455,2.5704298,15.87019618197788,9.767633,19.659497980249
squeezed_Bình Phước,2016-09-01,10.560435,24.95377232119618,11.81514,21.08515305901625,0.0,27.294419167638033,2.5704298,17.82572842708868,9.767633,18.66427866951603,14.702858,19.790744062028686
squeezed_Bình Phước,2016-10-01,11.81514,25.749759865906704,0.0,20.668342377621343,2.5704298,24.182760362207432,9.767633,16.285518386704886,14.702858,15.76007257615368,11.412708,16.874099877726607
squeezed_Bình Phước,2016-11-01,0.0,21.615824505454857,2.5704298,15.39021073919859,9.767633,20.161237572003614,14.702858,14.655139161900118,11.412708,17.335266292873314,13.777504,17.091462112323963
squeezed_Bình Phước,2016-12-01,2.5704298,18.666025549784056,9.767633,12.994322132040763,14.702858,16.75202783135931,11.412708,14.976670927207584,13.777504,16.43131089182222,9.664816,14.644795876503832
squeezed_Bình Phước,2017-01-01,9.767633,17.291697205216728,14.702858,14.984214400851783,11.412708,16.750934211617167,13.777504,22.700148472272126,9.664816,11.732742578308295,13.983138,15.995176548173154
squeezed_Bình Phước,2017-02-01,14.702858,17.291697205216728,11.412708,14.004605384877792,13.777504,17.213181409028508,9.664816,15.160045091273084,13.983138,19.133400919188873,9.356364,27.044591683213355
squeezed_Bình Phước,2017-03-01,11.412708,18.040251763272845,13.777504,15.969582521746137,9.664816,20.319813744751343,13.983138,19.06112071170649,9.356364,38.21612369304508,15.114127,29.33475002508941
squeezed_Bình Phước,2017-04-01,13.777504,18.101711373284235,9.664816,17.95575278688655,13.983138,17.099406281054016,9.356364,25.52321021209217,15.114127,35.98891788619665,15.319761,55.708228129224956
squeezed_Bình Phước,2017-05-01,9.664816,19.962391694507726,13.983138,16.00315328430724,9.356364,20.369781000297095,15.114127,19.74101987877264,15.319761,92.1131142766619,19.123997,19.095237531377393
squeezed_Bình Phước,2017-06-01,13.983138,19.076719306473905,9.356364,16.41085572775612,15.114127,22.804502051879766,15.319761,17.650842046085366,19.123997,18.868061760019216,10.590171,14.51595937057983
squeezed_Bình Phước,2017-07-01,9.356364,16.6311619733097,15.114127,17.54185948875846,15.319761,17.539130491886226,19.123997,19.925579185607464,10.590171,16.30551953434977,8.731851,13.292236795057272
squeezed_Bình Phước,2017-08-01,15.114127,19.66011028428731,15.319761,25.998125910372554,19.123997,21.428557096243125,10.590171,16.04058777421042,8.731851,14.52423668831104,5.6858563,14.214482977326453
squeezed_Bình Phước,2017-09-01,15.319761,17.09829778159488,19.123997,17.59758431151267,10.590171,16.326070636962584,8.731851,14.76397115206023,5.6858563,13.27467291852241,10.051782,16.741112755584453
squeezed_Bình Phước,2017-10-01,19.123997,19.66011028428731,10.590171,17.21497442868425,8.731851,20.227100085659185,5.6858563,14.7921379280335,10.051782,13.921968246000906,12.793177,14.898564641582716
squeezed_Bình Phước,2017-11-01,10.590171,19.075233272346594,8.731851,15.613102548853831,5.6858563,20.868235038435365,10.051782,18.382436455697974,12.793177,15.589686130659814,11.676312,16.24122444243976
squeezed_Bình Phước,2017-12-01,8.731851,20.459157949334067,5.6858563,18.53546696089399,10.051782,23.39896468501241,12.793177,13.803997744988306,11.676312,14.057095802572666,11.168647,14.95192186718639
squeezed_Bình Thuận,2016-01-01,59.94929,70.58435140953952,58.149998,68.75018511485295,44.982414,60.8970016187412,51.85246,60.331170965147095,56.596058,54.02251517373187,79.00548,58.573162913421044
squeezed_Bình Thuận,2016-02-01,58.149998,65.53235594105954,44.982414,61.73005533369903,51.85246,60.41776580449183,56.596058,60.43885868078415,79.00548,55.456268047392086,68.455055,61.79562151646437
squeezed_Bình Thuận,2016-03-01,44.982414,64.54992609032446,51.85246,61.01786017595902,56.596058,62.091612360599164,79.00548,64.70375460103674,68.455055,58.677265893407224,59.540363,60.433959181242415
squeezed_Bình Thuận,2016-04-01,51.85246,64.64857225784435,56.596058,61.51035112394575,79.00548,64.02671081759416,68.455055,58.66537171625788,59.540363,51.321012101948845,70.41793,58.53048906783828
squeezed_Bình Thuận,2016-05-01,56.596058,57.53754039813381,79.00548,53.3502206560741,68.455055,60.54273337078879,59.540363,50.708700494486656,70.41793,49.76173470144267,66.819336,54.1816561248028
squeezed_Bình Thuận,2016-06-01,79.00548,54.52606100514836,68.455055,52.673701786795014,59.540363,57.51069343633495,70.41793,53.208810169488295,66.819336,53.93202900780429,3.435021,51.576845983572944
squeezed_Bình Thuận,2016-07-01,68.455055,66.59970005505771,59.540363,59.45175834100161,70.41793,60.10000738036332,66.819336,57.48394079512472,3.435021,54.07336510509416,37.443672,52.25309739136576
squeezed_Bình Thuận,2016-08-01,59.540363,62.598393487656665,70.41793,62.954837451417475,66.819336,62.55585522519675,3.435021,55.7331689938168,37.443672,50.03868579770554,28.676771,52.753247223967094
squeezed_Bình Thuận,2016-09-01,70.41793,63.50214106879807,66.819336,52.305391355431965,3.435021,57.85744527206341,37.443672,54.04706251722883,28.676771,54.0223497205768,52.10979,54.28934499494362
squeezed_Bình Thuận,2016-10-01,66.819336,62.8342431559013,3.435021,61.2460753802491,37.443672,61.48844197780477,28.676771,55.668020302700015,52.10979,52.90064419910118,60.303154,52.666204099734195
squeezed_Bình Thuận,2016-11-01,3.435021,68.84449207012955,37.443672,69.41677712412663,28.676771,62.34776921852419,52.10979,61.391247466878596,60.303154,53.730925284721174,45.39123,59.36653226946373
squeezed_Bình Thuận,2016-12-01,37.443672,62.11094549585352,28.676771,53.8721850168075,52.10979,54.811325435201056,60.303154,55.726838538052974,45.39123,42.013481535220656,51.044655,51.56330107161923
squeezed_Bình Thuận,2017-01-01,28.676771,43.7577507988434,52.10979,40.98359819737686,60.303154,52.93895358487698,45.39123,55.78508271711602,51.044655,42.37374970409998,0.0,51.138951285541005
squeezed_Bình Thuận,2017-02-01,52.10979,43.48425060225416,60.303154,40.79082474135276,45.39123,45.498745390644515,51.044655,46.94661496707108,0.0,42.28937941010929,90.70053,49.256011596604345
squeezed_Bình Thuận,2017-03-01,60.303154,43.20348227318363,45.39123,45.85105642151441,51.044655,54.569319991291124,0.0,48.24146076490415,90.70053,46.41991512321148,112.167145,49.05777949594077
squeezed_Bình Thuận,2017-04-01,45.39123,52.518583382668716,51.044655,51.7955271556905,0.0,48.81781447763765,90.70053,50.90955646474933,112.167145,53.85194828029226,97.746826,50.258515634655836
squeezed_Bình Thuận,2017-05-01,51.044655,54.00558993848546,0.0,55.97321067013705,90.70053,52.589486988904945,112.167145,48.55402574551618,97.746826,53.83282941390664,118.476036,47.76231024243296
squeezed_Bình Thuận,2017-06-01,0.0,57.57502858311355,90.70053,52.984970817665456,112.167145,49.73241015453177,97.746826,51.133414230931,118.476036,49.51488991835359,0.0,52.45357357247725
squeezed_Bình Thuận,2017-07-01,90.70053,44.031232211522244,112.167145,37.969405094408906,97.746826,46.12021804183262,118.476036,40.53058727874621,0.0,42.57136919597458,78.057526,39.94419940262097
squeezed_Bình Thuận,2017-08-01,112.167145,57.872213943316524,97.746826,65.04715600489075,118.476036,55.939227013285034,0.0,49.909118502812966,78.057526,56.44915095698522,50.435917,52.2469309938765
squeezed_Bình Thuận,2017-09-01,97.746826,77.51557729393295,118.476036,67.59839687548893,0.0,60.20859636649995,78.057526,52.741248751689454,50.435917,56.20434419498385,57.769085,62.963911646148695
squeezed_Bình Thuận,2017-10-01,118.476036,81.55074420905385,0.0,68.91543699414188,78.057526,67.73274339532877,50.435917,54.272444628078404,57.769085,62.44818613331988,53.450665,57.13104703938589
squeezed_Bình Thuận,2017-11-01,0.0,94.30188764127595,78.057526,81.26521711745656,50.435917,68.2333250445034,57.769085,78.22198074999316,53.450665,62.29918191060361,69.50216,73.03760182835234
squeezed_Bình Thuận,2017-12-01,78.057526,71.12444574876217,50.435917,59.64110076476212,57.769085,62.929958728271714,53.450665,62.95491944023634,69.50216,57.92942250047619,70.47991,61.13324858358253
squeezed_Bình Định,2016-01-01,27.744982,30.407614793229648,26.36757,27.62699865045568,23.67834,29.951384557230156,15.413879,25.799502294405844,18.693428,27.138444221264663,17.119244,28.489408814357684
squeezed_Bình Định,2016-02-01,26.36757,29.396768504872007,23.67834,27.214199382521166,15.413879,27.797879732392765,18.693428,28.642476786531628,17.119244,30.10266283056769,17.775154,28.489408814357684
squeezed_Bình Định,2016-03-01,23.67834,28.24882496947532,15.413879,25.453596075335785,18.693428,35.35742712980322,17.119244,30.74118020812023,17.775154,27.719074501531516,17.250427,28.494898127284504
squeezed_Bình Định,2016-04-01,15.413879,28.24882496947532,18.693428,24.45062527575892,17.119244,32.02508455867437,17.775154,25.53786005237425,17.250427,26.10350937131462,16.79129,33.01611090644487
squeezed_Bình Định,2016-05-01,18.693428,28.507521508579497,17.119244,23.243374639368486,17.775154,28.55389448100937,17.250427,24.614836760619507,16.79129,26.2836563585617,26.433163,31.204455228666774
squeezed_Bình Định,2016-06-01,17.119244,27.56991893031506,17.775154,23.70604957404842,17.250427,29.5968830061111,16.79129,25.88123853831435,26.433163,24.034364680298438,0.0,28.50005410411749
squeezed_Bình Định,2016-07-01,17.775154,26.056541260235853,17.250427,21.884362401488517,16.79129,25.69819634422775,26.433163,21.562749077728363,0.0,48.07948420320918,22.988506,24.415701033023144
squeezed_Bình Định,2016-08-01,17.250427,26.94623371793523,16.79129,23.752765014181236,26.433163,25.908669857322234,0.0,21.96666194232973,22.988506,20.759875544070155,26.95436,19.681523852801813
squeezed_Bình Định,2016-09-01,16.79129,27.15526549287093,26.433163,29.45309519246995,0.0,26.508660877735167,22.988506,20.459221091372637,26.95436,18.880909335709415,19.560396,19.930674704058212
squeezed_Bình Định,2016-10-01,26.433163,26.60946461715605,0.0,22.585655359795688,22.988506,25.92416851299314,26.95436,19.24554160528299,19.560396,19.25306155559726,12.771392,17.868541399306903
squeezed_Bình Định,2016-11-01,0.0,25.97716522862816,22.988506,25.56939158108645,26.95436,25.981704840836642,19.560396,25.89094215561346,12.771392,16.676808137332973,14.317403,19.56189435895824
squeezed_Bình Định,2016-12-01,22.988506,25.714176753533458,26.95436,18.930883037835095,19.560396,26.614464567192154,12.771392,18.721520585600857,14.317403,17.554725552059303,14.048532,17.29229935825428
squeezed_Bình Định,2017-01-01,26.95436,21.802900992661446,19.560396,22.0619240754058,12.771392,23.520654198071476,14.317403,22.52692250255384,14.048532,18.246991831194993,13.712442,19.915777636879657
squeezed_Bình Định,2017-02-01,19.560396,25.680675975088658,12.771392,24.52412507698307,14.317403,25.574572570365287,14.048532,24.695596039145087,13.712442,23.326265994950464,16.199503,34.84217191927094
squeezed_Bình Định,2017-03-01,12.771392,22.176889135322345,14.317403,20.223092610956147,14.048532,27.477728979142906,13.712442,18.75740536345726,16.199503,20.28864316080895,15.728977,18.315971466147015
squeezed_Bình Định,2017-04-01,14.317403,25.455828839945603,14.048532,19.356421761663526,13.712442,24.14701257345918,16.199503,19.405112227154955,15.728977,26.249501139742435,15.124017,18.492395668264475
squeezed_Bình Định,2017-05-01,14.048532,26.65529187585359,13.712442,21.545961943180483,16.199503,25.42415899687833,15.728977,19.852190105153635,15.124017,19.30055842898009,17.81273,26.78982300536709
squeezed_Bình Định,2017-06-01,13.712442,21.83355183216412,16.199503,20.88563839961746,15.728977,25.48615335361966,15.124017,21.14991131118141,17.81273,22.599652208891072,15.863413,21.673062060685375
squeezed_Bình Định,2017-07-01,16.199503,19.075233272346594,15.728977,20.185473725183737,15.124017,21.036623296611893,17.81273,20.655517173809276,15.863413,19.51746845142814,18.416454,18.51578055027554
squeezed_Bình Định,2017-08-01,15.728977,22.573854079962555,15.124017,19.76786935623777,17.81273,22.202772613782845,15.863413,20.82773853286585,18.416454,18.103432024644768,22.38204,18.17585808886902
squeezed_Bình Định,2017-09-01,15.124017,22.266419959028447,17.81273,21.135634517045396,15.863413,25.140264238186028,18.416454,18.113020394097255,22.38204,18.719996802526413,18.1476,18.156715388125996
squeezed_Bình Định,2017-10-01,17.81273,24.154765090488564,15.863413,23.232308250200642,18.416454,24.744566110833915,22.38204,20.516846859765884,18.1476,17.962278351263958,13.980373,14.793831795898619
squeezed_Bình Định,2017-11-01,15.863413,28.021653616435685,18.416454,21.498661641638012,22.38204,23.565136387071583,18.1476,19.95321911357831,13.980373,26.22612746164229,10.48528,18.142593400694963
squeezed_Bình Định,2017-12-01,18.416454,21.099982952056607,22.38204,21.123366092159543,18.1476,24.260459141682826,13.980373,17.67584391361719,10.48528,22.46411463141979,12.232827,16.959224346722596
squeezed_Bạc Liêu,2016-01-01,9.365831,30.060492281088212,7.447529,31.57820286978102,7.8988943,35.50542587621099,11.622659,26.971870350558373,9.0273075,26.737357912280515,9.252991,30.487869195754723
squeezed_Bạc Liêu,2016-02-01,7.447529,27.138170726694973,7.8988943,22.28256196217707,11.622659,32.66898237116468,9.0273075,23.19659404152856,9.252991,26.549887884435602,6.7704806,30.329277749851045
squeezed_Bạc Liêu,2016-03-01,7.8988943,25.04929016307556,11.622659,21.30191434787641,9.0273075,25.326351890374582,9.252991,23.412920493504917,6.7704806,22.87965882310497,8.124577,23.81457289331043
squeezed_Bạc Liêu,2016-04-01,11.622659,20.915354802623714,9.0273075,16.827833830442017,9.252991,21.889173517473807,6.7704806,20.537871174864463,8.124577,19.588810470648397,5.6420674,19.600256860259705
squeezed_Bạc Liêu,2016-05-01,9.0273075,19.014106650231636,9.252991,19.151315352187968,6.7704806,17.985737409338963,8.124577,18.802842533568352,5.6420674,21.101175053423095,5.303543,20.729316874647097
squeezed_Bạc Liêu,2016-06-01,9.252991,19.65636907411628,6.7704806,18.632238404079743,8.124577,17.738998466522972,5.6420674,19.695216791467416,5.303543,18.44825450152166,5.303543,19.24361599457977
squeezed_Bạc Liêu,2016-07-01,6.7704806,18.649117976955985,8.124577,16.357574650348138,5.6420674,16.458661678767406,5.303543,18.409360786496595,5.303543,15.839536173218526,13.033307,15.098860020567065
squeezed_Bạc Liêu,2016-08-01,8.124577,18.440086202020282,5.6420674,15.611776497195152,5.303543,15.544327142995382,5.303543,16.95148760189269,13.033307,13.127555009966494,8.243288,14.17506863595909
squeezed_Bạc Liêu,2016-09-01,5.6420674,15.734351407838943,5.303543,13.973721880438866,5.303543,16.4231157403988,13.033307,15.465098913423994,8.243288,13.754585500125199,9.245851,15.23010610234675
squeezed_Bạc Liêu,2016-10-01,5.303543,15.734351407838943,5.303543,13.99103219653195,13.033307,15.68145315835138,8.243288,15.64710826812296,9.245851,15.97078881383243,2.2279158,14.17506863595909
squeezed_Bạc Liêu,2016-11-01,5.303543,15.734351407838943,13.033307,13.789740713768015,8.243288,16.385196185995884,9.245851,13.532918933136944,2.2279158,12.5215047347095,13.590286,14.264490800515725
squeezed_Bạc Liêu,2016-12-01,13.033307,15.734351407838943,8.243288,13.572524751771589,9.245851,15.610510603427477,2.2279158,14.854617763724724,13.590286,14.867320416755252,3.8988526,11.726697918836093
squeezed_Bạc Liêu,2017-01-01,8.243288,15.498090275431906,9.245851,14.494924217466764,2.2279158,15.125564958689404,13.590286,17.892929777549377,3.8988526,21.33968389259615,18.937284,13.040727539516874
squeezed_Bạc Liêu,2017-02-01,9.245851,16.24664483348802,2.2279158,12.84328379523825,13.590286,17.07406357245117,3.8988526,16.073247659476827,18.937284,9.87093934298155,21.1652,11.732242959034375
squeezed_Bạc Liêu,2017-03-01,2.2279158,15.498090275431906,13.590286,13.494350044842509,3.8988526,14.62347390034472,18.937284,13.302557087343473,21.1652,13.199501530568076,22.613346,12.967045041991996
squeezed_Bạc Liêu,2017-04-01,13.590286,14.914699297618498,3.8988526,13.816833053737382,18.937284,14.773524992962013,21.1652,21.277159413002508,22.613346,15.501765262873956,5.235602,11.799538802013801
squeezed_Bạc Liêu,2017-05-01,3.8988526,16.247596088529235,18.937284,16.270547513154646,21.1652,16.959511820784154,22.613346,16.92187391554712,5.235602,16.533771005925477,7.6863093,13.89208825006254
squeezed_Bạc Liêu,2017-06-01,18.937284,16.6311619733097,21.1652,16.00888149318836,22.613346,17.20688689541201,5.235602,17.014171613563615,7.6863093,11.577182653975955,11.139579,13.349515249772503
squeezed_Bạc Liêu,2017-07-01,21.1652,16.46599839306699,22.613346,16.04993847703319,5.235602,15.944001229318282,7.6863093,16.604009609653446,11.139579,13.066154628030615,23.698782,13.381618274137617
squeezed_Bạc Liêu,2017-08-01,22.613346,19.66011028428731,5.235602,21.948081411013064,7.6863093,19.251363565800062,11.139579,18.370556210105818,23.698782,11.183171651093616,12.070875,13.6871678531397
squeezed_Bạc Liêu,2017-09-01,5.235602,21.509954737712768,7.6863093,21.051818872660995,11.139579,23.25003396915888,23.698782,17.919745590959558,12.070875,11.7155474119126,6.866002,14.74220531952736
squeezed_Bạc Liêu,2017-10-01,7.6863093,23.524123839690112,11.139579,17.714518559485082,23.698782,22.516138403781742,12.070875,15.023473645893052,6.866002,11.7123067889058,8.970099,16.099471448980978
squeezed_Bạc Liêu,2017-11-01,11.139579,19.619781408772447,23.698782,16.463530304353963,12.070875,22.409701396276294,6.866002,14.529000626935789,8.970099,13.049489359843257,21.594685,15.38653525776468
squeezed_Bạc Liêu,2017-12-01,23.698782,17.59651776318974,12.070875,15.119671707574943,6.866002,20.81745789495452,8.970099,13.32578783963918,21.594685,16.261879519781186,16.389812,15.64814603516763
squeezed_Bắc Giang,2016-01-01,44.76351,52.39754697239306,57.372105,54.643214639675655,62.80164,57.76396728411447,48.44353,56.37015968815605,39.21332,52.042785302604834,39.032337,50.803375547335754
squeezed_Bắc Giang,2016-02-01,57.372105,52.09303514130284,62.80164,62.526775002331,48.44353,60.13634132545091,39.21332,53.61949705589351,39.032337,44.75787572626664,49.89141,53.25428050195224
squeezed_Bắc Giang,2016-03-01,62.80164,56.58935344953883,48.44353,53.13211413683088,39.21332,64.63349712913197,39.032337,55.981170411757034,49.89141,57.206252925773825,54.53668,53.139462301139694
squeezed_Bắc Giang,2016-04-01,48.44353,65.09724412464166,39.21332,69.64151885991204,39.032337,58.19340395490999,49.89141,58.43801033772612,54.53668,60.153394671403746,46.030407,70.30060667324669
squeezed_Bắc Giang,2016-05-01,39.21332,62.22673339305902,39.032337,53.0436270083183,49.89141,56.9116798950153,54.53668,61.019624656317696,46.030407,52.964518647873895,46.81467,58.471325114159406
squeezed_Bắc Giang,2016-06-01,39.032337,51.49740055274141,49.89141,48.87857110529886,54.53668,50.514648568059656,46.030407,52.178189223799336,46.81467,46.33639023164107,10.97973,50.262740037530904
squeezed_Bắc Giang,2016-07-01,49.89141,46.291259773643134,54.53668,45.27337402128381,46.030407,49.39303395213582,46.81467,48.82841609305195,10.97973,51.41004199680651,29.134039,47.29347421485372
squeezed_Bắc Giang,2016-08-01,54.53668,48.25825074169005,46.030407,51.748472278646815,46.81467,51.203959675759215,10.97973,51.80770494590915,29.134039,43.203140891682,36.906956,43.430393229079804
squeezed_Bắc Giang,2016-09-01,46.030407,52.184754203645426,46.81467,52.209062365531345,10.97973,49.614683372053314,29.134039,47.28382898578313,36.906956,46.260121581502894,39.21004,46.99746601132361
squeezed_Bắc Giang,2016-10-01,46.81467,49.380179847992274,10.97973,48.833127370587036,29.134039,50.27726619619626,36.906956,47.600573030257195,39.21004,51.07924208117325,58.90143,48.484851765907806
squeezed_Bắc Giang,2016-11-01,10.97973,49.053096733079734,29.134039,49.22291308808903,36.906956,49.46228407203195,39.21004,51.06643618906487,58.90143,55.43247200178164,42.319206,52.25931679322329
squeezed_Bắc Giang,2016-12-01,29.134039,47.2177646216363,36.906956,37.310339715825386,39.21004,46.449630032201824,58.90143,46.249956707947646,42.319206,48.50116466037835,34.60387,50.167621148721494
squeezed_Bắc Giang,2017-01-01,36.906956,39.926274255353846,39.21004,40.06139923118587,58.90143,48.69234040695401,42.319206,57.86316286182549,34.60387,50.03151578067202,32.99171,53.03079172864455
squeezed_Bắc Giang,2017-02-01,39.21004,37.98311134606639,58.90143,45.68156150136368,42.319206,53.12959691322565,34.60387,53.68883021827619,32.99171,45.52217762656756,40.131275,54.80393073166701
squeezed_Bắc Giang,2017-03-01,58.90143,38.67050829343065,42.319206,49.13209214475692,34.60387,54.164992922987985,32.99171,50.85205631750375,40.131275,51.05812802206991,49.286045,52.99130785551351
squeezed_Bắc Giang,2017-04-01,42.319206,44.72589875156485,34.60387,49.11603113608618,32.99171,48.018847698108935,40.131275,48.00399503216857,49.286045,63.007496501545425,51.646706,50.652128223010486
squeezed_Bắc Giang,2017-05-01,34.60387,50.05205985808814,32.99171,53.38239192706824,40.131275,51.543141409242914,49.286045,59.3590099086414,51.646706,55.84416610171205,48.825424,49.06710032331658
squeezed_Bắc Giang,2017-06-01,32.99171,48.84963424805471,40.131275,43.79098874395051,49.286045,51.851450740284776,51.646706,53.01171003420812,48.825424,42.94610569922729,53.14371,45.40210260262525
squeezed_Bắc Giang,2017-07-01,40.131275,44.35653199913818,49.286045,46.68159943001478,51.646706,49.902866530459505,48.825424,48.31743152162872,53.14371,43.58342653943119,29.254572,45.08369261831994
squeezed_Bắc Giang,2017-08-01,49.286045,45.51961087009915,51.646706,51.66688676366669,48.825424,46.305370820942,53.14371,46.06352274128836,29.254572,40.843114255792585,35.049225,42.34482816792486
squeezed_Bắc Giang,2017-09-01,51.646706,49.975395984534984,48.825424,46.627740795402964,53.14371,50.16149703366946,29.254572,40.37019992710817,35.049225,42.81024350076558,34.767933,43.191309039786425
squeezed_Bắc Giang,2017-10-01,48.825424,49.354557498136785,53.14371,49.43870030448895,29.254572,47.65083319072106,35.049225,46.228729059058956,34.767933,47.237714465626055,34.88045,40.72956453675511
squeezed_Bắc Giang,2017-11-01,53.14371,50.72423624757048,29.254572,44.709602960083025,35.049225,46.709561430307886,34.767933,44.332827080967036,34.88045,45.173149146823235,28.579466,48.58696750402119
squeezed_Bắc Giang,2017-12-01,29.254572,50.21999462506388,35.049225,45.8238259449293,34.767933,49.13232941041729,34.88045,48.294004452330675,28.579466,61.98884078013432,23.178621,52.822590833384155
squeezed_Bắc Kạn,2016-01-01,176.48903,266.8242067933167,286.5204,287.0526359882615,342.31976,313.6398802094228,280.56427,295.11078613503986,294.67084,303.03500076257075,232.91536,335.9694097417384
squeezed_Bắc Kạn,2016-02-01,286.5204,266.36142036551115,342.31976,283.62792572902515,280.56427,352.61421845485086,294.67084,332.682571954756,232.91536,277.0046830526275,199.05956,346.41964704936
squeezed_Bắc Kạn,2016-03-01,342.31976,300.21993809861914,280.56427,320.89988815552476,294.67084,361.9978637213889,232.91536,312.78738620396774,199.05956,340.676185142272,285.57993,405.43783389304883
squeezed_Bắc Kạn,2016-04-01,280.56427,322.6367156289411,294.67084,321.83246320248844,232.91536,322.8162601151951,199.05956,327.47781467863234,285.57993,371.3104642751458,284.95297,397.53692773086976
squeezed_Bắc Kạn,2016-05-01,294.67084,330.96990589667587,232.91536,300.13200393700487,199.05956,395.0302666862532,285.57993,388.22832473033714,284.95297,411.4805944531238,268.65204,329.9901589204933
squeezed_Bắc Kạn,2016-06-01,232.91536,368.4037601218026,199.05956,358.40537826514935,285.57993,394.3976408702994,284.95297,369.1357849726836,268.65204,336.93932181196243,174.92163,309.419766900568
squeezed_Bắc Kạn,2016-07-01,199.05956,322.1809328165301,285.57993,361.35723444010324,284.95297,427.3927084358756,268.65204,347.35657538557206,174.92163,291.24059284683574,205.55017,245.9065625668099
squeezed_Bắc Kạn,2016-08-01,285.57993,302.6353591226894,284.95297,372.4663230051231,268.65204,361.0645859036717,174.92163,262.5798136285883,205.55017,250.3997371711227,262.98807,228.67086423559633
squeezed_Bắc Kạn,2016-09-01,284.95297,333.9159948090929,268.65204,335.81577015467604,174.92163,272.9487245818408,205.55017,240.28279789976156,262.98807,246.10125351910517,320.10327,245.1196641607472
squeezed_Bắc Kạn,2016-10-01,268.65204,308.758731474478,174.92163,257.1554164620611,205.55017,251.46764226702052,262.98807,253.92062596899507,320.10327,269.0830270542902,271.05518,264.24502298400273
squeezed_Bắc Kạn,2016-11-01,174.92163,283.1475094909843,205.55017,250.01510867620232,262.98807,250.2559189591771,320.10327,264.9622612185698,271.05518,268.8327027175331,231.68764,325.6993093582213
squeezed_Bắc Kạn,2016-12-01,205.55017,195.91036355458388,262.98807,204.21991217530697,320.10327,305.5911419920643,271.05518,253.14983850517558,231.68764,291.45334657621703,254.92094,280.447947945864
squeezed_Bắc Kạn,2017-01-01,262.98807,215.87627931030462,320.10327,254.29424460994875,271.05518,287.31149073792,231.68764,268.98801964505213,254.92094,294.6640494794447,348.8222,265.3761214163987
squeezed_Bắc Kạn,2017-02-01,320.10327,255.3811680566158,271.05518,304.1748745498551,231.68764,302.1457782544458,254.92094,318.76802651919996,348.8222,300.69148861087837,402.71054,286.94964407994127
squeezed_Bắc Kạn,2017-03-01,271.05518,303.1938096660836,231.68764,299.46042151660896,254.92094,315.66706974906987,348.8222,302.23814508254134,402.71054,282.7412837718821,506.9377,285.8689930071248
squeezed_Bắc Kạn,2017-04-01,231.68764,304.2153861087398,254.92094,303.0010282368806,348.8222,273.0496999778334,402.71054,304.4812731223122,506.9377,296.9954096017567,412.71378,294.515687063391
squeezed_Bắc Kạn,2017-05-01,254.92094,261.76460468140203,348.8222,238.2425730663261,402.71054,287.68439752779483,506.9377,353.2993573897437,412.71378,283.5980222973299,371.73282,254.53715988669944
squeezed_Bắc Kạn,2017-06-01,348.8222,295.40214000141236,402.71054,320.24994865828415,506.9377,374.76156433256864,412.71378,325.79947911487665,371.73282,271.3190801664047,0.0,226.09222639547409
squeezed_Bắc Kạn,2017-07-01,402.71054,363.55692464872357,506.9377,365.05640042247245,412.71378,327.657717504704,371.73282,276.9219287288598,0.0,221.99369211169648,279.48718,244.8580179228417
squeezed_Bắc Kạn,2017-08-01,506.9377,371.9857238447304,412.71378,307.81079403795565,371.73282,299.92016954816114,0.0,288.9438928187736,279.48718,258.7350536838369,206.73077,270.4204176543302
squeezed_Bắc Kạn,2017-09-01,412.71378,374.46636722187014,371.73282,301.81820618541394,0.0,280.13455029338144,279.48718,288.4503709663399,206.73077,272.2292680444049,275.32053,307.01029218126604
squeezed_Bắc Kạn,2017-10-01,371.73282,318.04132755795047,0.0,307.961757184432,279.48718,284.16054841788423,206.73077,301.6808372166543,275.32053,298.8214563858709,278.20514,297.5205092034624
squeezed_Bắc Kạn,2017-11-01,0.0,318.7455276775189,279.48718,295.20465473654866,206.73077,289.05363806932405,275.32053,303.0832605897928,278.20514,335.5069735317618,225.32051,299.25024898008667
squeezed_Bắc Kạn,2017-12-01,279.48718,261.68313851067006,206.73077,259.2985096684708,275.32053,286.31613971065866,278.20514,287.28112620279006,225.32051,310.66869929347126,195.1923,303.8575235561817
squeezed_Cao Bằng,2016-01-01,306.15326,320.2192682926951,331.25708,315.11305579048906,296.33823,359.2919894869899,341.26086,333.11582320824755,307.66327,347.75846849657097,267.0819,323.3642215768268
squeezed_Cao Bằng,2016-02-01,331.25708,335.7625309546694,296.33823,325.6456512203307,341.26086,316.72848085178737,307.66327,340.0648735287666,267.0819,339.63936680345944,346.92337,356.5130743024111
squeezed_Cao Bằng,2016-03-01,296.33823,342.8494634100708,341.26086,338.4861081402506,307.66327,366.48773058643445,267.0819,303.5904272131374,346.92337,332.2138391699041,389.20346,411.0255821153398
squeezed_Cao Bằng,2016-04-01,341.26086,307.6148131914267,307.66327,332.25314874600747,267.0819,349.24423806946726,346.92337,380.60933591417773,389.20346,378.92487547692,283.31445,445.4904683123098
squeezed_Cao Bằng,2016-05-01,307.66327,372.7527858737773,267.0819,309.3730990590028,346.92337,364.11256519104546,389.20346,405.6540995185125,283.31445,409.5446129238198,322.3858,454.8842982761236
squeezed_Cao Bằng,2016-06-01,267.0819,335.7651148739599,346.92337,350.4131933864707,389.20346,414.4515516572613,283.31445,443.49503145868476,322.3858,415.49717970582043,451.67987,351.37528601715354
squeezed_Cao Bằng,2016-07-01,346.92337,314.8265721913658,389.20346,356.03766260523594,283.31445,406.5407794360741,322.3858,391.5187727464479,451.67987,361.44915040059095,271.08664,305.7079005662782
squeezed_Cao Bằng,2016-08-01,389.20346,354.61090995360144,283.31445,393.4467727099987,322.3858,396.1518511425336,451.67987,365.05282035680256,271.08664,314.88656563011506,379.3693,300.3672303499104
squeezed_Cao Bằng,2016-09-01,283.31445,408.1977822851093,322.3858,393.43830150291393,451.67987,340.55990752540106,271.08664,318.45857671631813,379.3693,296.89225991794007,350.87387,303.1519174677228
squeezed_Cao Bằng,2016-10-01,322.3858,355.9265576904302,451.67987,300.5449863551608,271.08664,292.1146436894622,379.3693,297.76481393070077,350.87387,311.0109666982857,309.46048,279.883340921821
squeezed_Cao Bằng,2016-11-01,451.67987,331.6023039268982,271.08664,277.4763834368096,379.3693,290.6590304169591,350.87387,305.0917441103629,309.46048,296.4127381243712,0.0,323.67153526838933
squeezed_Cao Bằng,2016-12-01,271.08664,299.550159440208,379.3693,317.49574044872224,350.87387,316.3429937165998,309.46048,304.5773066692517,0.0,316.095533626779,208.20668,315.37977600178493
squeezed_Cao Bằng,2017-01-01,379.3693,294.8386173900154,350.87387,279.7219519264255,309.46048,325.4716983434061,0.0,348.49249445732625,208.20668,367.7366141595981,268.61703,340.8890241569586
squeezed_Cao Bằng,2017-02-01,350.87387,338.29512757145295,309.46048,338.32257105127536,0.0,350.4254028950429,208.20668,358.1710468212771,268.61703,324.5784202271571,369.3009,435.12887910541735
squeezed_Cao Bằng,2017-03-01,309.46048,331.8468932532107,0.0,352.2941371713453,208.20668,337.1223333136513,268.61703,383.8972737572701,369.3009,374.7128329067702,348.40427,394.90865495613434
squeezed_Cao Bằng,2017-04-01,0.0,323.6406219785734,208.20668,295.13014537699064,268.61703,335.8042349140597,369.3009,406.25406662868863,348.40427,397.6033202447169,0.0,365.12811479417564
squeezed_Cao Bằng,2017-05-01,208.20668,261.8345157580537,268.61703,274.03147835074367,369.3009,367.69602497942816,348.40427,365.7734724277891,0.0,359.95176475833784,295.78268,340.80704979887827
squeezed_Cao Bằng,2017-06-01,268.61703,268.52850379266846,369.3009,321.14975465242446,348.40427,391.79718815293376,0.0,361.6787884548567,295.78268,304.8320830063642,293.1231,272.32399788273597
squeezed_Cao Bằng,2017-07-01,369.3009,317.7156865661613,348.40427,406.6079583739848,0.0,318.6104950224446,295.78268,308.18376665459164,293.1231,260.8735560383789,264.9896,246.4585841179247
squeezed_Cao Bằng,2017-08-01,348.40427,373.5266129666886,0.0,329.0681866316156,295.78268,301.70738057702596,293.1231,297.35335307720845,264.9896,242.16771500388808,228.6741,251.30629105699805
squeezed_Cao Bằng,2017-09-01,0.0,336.756168451669,295.78268,308.5173948058545,293.1231,284.157250161264,264.9896,270.35437319198576,228.6741,238.4392700436534,0.0,269.9182699031317
squeezed_Cao Bằng,2017-10-01,295.78268,253.66648359761373,293.1231,257.0962887280433,264.9896,252.85250112209775,228.6741,284.58196033635613,0.0,242.91128442729857,238.13127,219.57297338003326
squeezed_Cao Bằng,2017-11-01,293.1231,274.2928169690258,264.9896,257.30057917119603,228.6741,271.3259373195234,0.0,260.5869696397143,238.13127,254.89838510006985,255.72159,207.92983463671362
squeezed_Cao Bằng,2017-12-01,264.9896,251.11151786739597,228.6741,278.6354192360169,0.0,261.23216643731377,238.13127,268.95986240382456,255.72159,222.89543889808942,193.30434,253.6621284835177
squeezed_Cà Mau,2016-01-01,7.279568,15.498090275431906,8.17929,12.71794119983569,5.725503,13.647978692257054,6.1344676,12.028836539446951,5.8890886,10.214202456212812,8.261083,10.3528968911789
squeezed_Cà Mau,2016-02-01,8.17929,15.498090275431906,5.725503,12.637383674749586,6.1344676,14.334294199840718,5.8890886,12.759320190673009,8.261083,8.956310058456754,7.443154,14.058268972388431
squeezed_Cà Mau,2016-03-01,5.725503,14.914699297618498,6.1344676,13.728497750923674,5.8890886,14.3943254407264,8.261083,15.687221703792307,7.443154,13.156791664422743,8.015704,13.500014259689987
squeezed_Cà Mau,2016-04-01,6.1344676,15.498090275431906,5.8890886,13.872695380426569,8.261083,15.056977793923753,7.443154,13.274495998629481,8.015704,8.983415974813987,6.1344676,11.888960966570437
squeezed_Cà Mau,2016-05-01,5.8890886,16.46599839306699,8.261083,22.135956957594434,7.443154,13.521725718809131,8.015704,14.875904891779927,6.1344676,18.68883743187725,5.8890886,13.267138642185412
squeezed_Cà Mau,2016-06-01,8.261083,16.566262503183534,7.443154,14.388245321048231,8.015704,16.715763977983183,6.1344676,15.22243404594485,5.8890886,11.767721483510103,5.8890886,11.799538802013801
squeezed_Cà Mau,2016-07-01,7.443154,15.882607415253581,8.015704,21.42828850930245,6.1344676,14.856104080760613,5.8890886,14.63856625385447,5.8890886,10.197022999865666,4.0935674,10.787167245038875
squeezed_Cà Mau,2016-08-01,8.015704,17.128629172674245,6.1344676,14.503820589891392,5.8890886,14.18018314713505,5.8890886,13.105980121779657,4.0935674,11.096032288190756,2.3391812,10.685941836024854
squeezed_Cà Mau,2016-09-01,6.1344676,15.943383182774646,5.8890886,12.986609672938153,5.8890886,13.945550648512988,4.0935674,12.854725589218178,2.3391812,11.475123327104855,3.8429406,10.24657252884275
squeezed_Cà Mau,2016-10-01,5.8890886,15.150960430025536,5.8890886,12.009766261130459,4.0935674,13.870042911533483,2.3391812,13.454177561338119,3.8429406,9.415328680962931,0.0,10.35648530666648
squeezed_Cà Mau,2016-11-01,5.8890886,15.150960430025536,4.0935674,13.005398568230833,2.3391812,15.745384921215278,3.8429406,11.658682795784713,0.0,8.943862655517028,0.5012531,10.787167245038875
squeezed_Cà Mau,2016-12-01,4.0935674,15.150960430025536,2.3391812,12.7466012503698,3.8429406,15.268422496289926,0.0,12.179163463917844,0.5012531,9.432680059992487,0.41771093,11.105129791073601
squeezed_Cà Mau,2017-01-01,2.3391812,15.734351407838943,3.8429406,13.277973930248475,0.0,15.427985869031922,0.5012531,11.405411430536008,0.41771093,10.731068287688618,0.41771093,10.445907471223116
squeezed_Cà Mau,2017-02-01,3.8429406,15.498090275431906,0.0,13.281563384170623,0.5012531,17.183956904722884,0.41771093,13.556276701818948,0.41771093,10.167112943798523,1.336675,10.87658940959551
squeezed_Cà Mau,2017-03-01,0.0,15.498090275431906,0.5012531,12.980327971618872,0.41771093,13.911049297990822,0.41771093,12.865861216138466,1.336675,18.440409054200703,0.9189641,11.888960966570437
squeezed_Cà Mau,2017-04-01,0.5012531,16.041371829793743,0.41771093,13.847674046176806,0.41771093,14.493938012582635,1.336675,22.469746688441965,0.9189641,13.06583788954233,0.7518797,13.659536814597036
squeezed_Cà Mau,2017-05-01,0.41771093,15.882607415253581,0.41771093,14.331174213286001,1.336675,14.582676388754509,0.9189641,13.706452735502404,0.7518797,14.248015536195386,0.5012531,12.878041226639066
squeezed_Cà Mau,2017-06-01,0.41771093,15.882607415253581,1.336675,18.832510101991165,0.9189641,14.208300750064812,0.7518797,20.406709939637558,0.5012531,11.176177466462084,0.5012531,13.129166833059351
squeezed_Cà Mau,2017-07-01,1.336675,15.882607415253581,0.9189641,13.389307373618664,0.7518797,14.208300750064812,0.5012531,13.947211036330133,0.5012531,12.528313268171836,0.5854801,11.3116392054332
squeezed_Cà Mau,2017-08-01,0.9189641,15.882607415253581,0.7518797,20.216091755258674,0.5012531,13.521725718809131,0.5012531,12.197001147019051,0.5854801,9.339284832273313,0.16728003,11.499594880947235
squeezed_Cà Mau,2017-09-01,0.7518797,23.300136976016816,0.5012531,14.23618489212024,0.5012531,13.911049297990822,0.5854801,11.908122418900755,0.16728003,9.344226388153746,0.0,12.206577598110075
squeezed_Cà Mau,2017-10-01,0.5012531,15.882607415253581,0.5012531,13.265505281592711,0.5854801,13.647978692257054,0.16728003,11.1600864530917,0.0,11.092011990649974,0.08364002,11.18669916611863
squeezed_Cà Mau,2017-11-01,0.5012531,15.882607415253581,0.5854801,12.974977636189273,0.16728003,13.590365109236972,0.0,11.211642912241704,0.08364002,9.953169301789814,0.16728003,12.12982704589592
squeezed_Cà Mau,2017-12-01,0.5854801,15.673575640317878,0.16728003,12.71618031832824,0.0,16.732014372089267,0.08364002,11.61661482147352,0.16728003,10.879821082855814,0.08364002,10.328998178611903
squeezed_Cần Thơ,2016-01-01,0.0,14.437093331756877,0.0,11.657011669356688,0.0,13.32839087455668,0.0,10.44155274102669,0.0,7.057223760401769,0.0,9.761894990613243
squeezed_Cần Thơ,2016-02-01,0.0,14.437093331756877,0.0,11.657011669356688,0.0,13.572416038297526,0.0,10.905349404542225,0.0,12.140365339154847,0.0,10.298905950323915
squeezed_Cần Thơ,2016-03-01,0.0,14.437093331756877,0.0,11.657011669356688,0.0,13.474583334565374,0.0,11.777882364412458,0.0,13.769696172739556,0.0,10.38832811488055
squeezed_Cần Thơ,2016-04-01,0.0,14.437093331756877,0.0,11.801209298859584,0.0,13.935736912234576,0.0,10.807628229344783,0.0,7.2608677069446905,0.0,10.38832811488055
squeezed_Cần Thơ,2016-05-01,0.0,15.405001449391957,0.0,13.000112574880506,0.0,13.818315083024919,0.0,11.77685332067959,0.0,13.423573913769959,0.0,10.298905950323915
squeezed_Cần Thơ,2016-06-01,0.0,15.195969674456254,0.0,12.583301893485597,0.0,14.807645856546152,0.0,16.406640853372668,0.0,12.701837047417028,0.0,10.298905950323915
squeezed_Cần Thơ,2016-07-01,0.0,15.405001449391957,0.0,13.000112574880506,0.0,14.807645856546152,0.0,11.185300241730944,0.0,12.445798438865678,0.0,9.286534393348996
squeezed_Cần Thơ,2016-08-01,0.0,15.405001449391957,0.0,13.000112574880506,0.0,13.654339957414395,0.0,11.309115866127172,0.0,11.24059730022092,0.0,9.286534393348996
squeezed_Cần Thơ,2016-09-01,0.0,14.882386239099617,0.0,10.678704622724963,0.0,12.956891884250641,0.0,10.292152690096714,0.0,6.197006854271084,0.0,9.758671209749425
squeezed_Cần Thơ,2016-10-01,0.0,14.673354464163914,0.0,10.678704622724963,0.0,12.867237296887478,0.0,10.944213747473341,0.0,12.712096323896583,0.0,8.855852454976601
squeezed_Cần Thơ,2016-11-01,0.0,14.673354464163914,0.0,10.678704622724963,0.0,12.809623713867396,0.0,9.55144064440523,0.0,6.4968800142810466,0.0,9.286534393348996
squeezed_Cần Thơ,2016-12-01,0.0,14.673354464163914,0.0,10.678704622724963,0.0,13.893095760158067,0.0,10.164448543785587,0.0,7.6454652420219755,0.0,9.375956557905631
squeezed_Cần Thơ,2017-01-01,0.0,14.437093331756877,0.0,11.39046901535234,0.0,13.810069682924757,0.0,9.828544841646334,0.0,13.776373912532515,0.0,9.375956557905631
squeezed_Cần Thơ,2017-02-01,0.0,14.437093331756877,0.0,11.657011669356688,0.0,13.332328699463032,0.0,11.764605779208766,0.0,5.831486410614245,0.0,9.676061241544188
squeezed_Cần Thơ,2017-03-01,0.0,14.437093331756877,0.0,11.39046901535234,0.0,13.474583334565374,0.0,11.154169208789856,0.0,7.624666778517134,0.0,10.298905950323915
squeezed_Cần Thơ,2017-04-01,0.0,16.292159871553096,0.0,12.422715779337418,0.0,14.510394404472166,0.0,11.251950199026915,0.0,9.142073543705337,0.0,11.242033830101203
squeezed_Cần Thơ,2017-05-01,0.0,15.769990122667611,0.0,13.711557536395683,0.0,14.283613801753008,0.0,12.198070962334794,0.0,14.551403749059995,0.0,10.368063514901188
squeezed_Cần Thơ,2017-06-01,0.0,15.405001449391957,0.0,12.689258433341767,0.0,14.807645856546152,0.0,14.175129009375441,0.0,12.643577156773365,0.0,10.298905950323915
squeezed_Cần Thơ,2017-07-01,0.0,15.41342081347361,0.0,12.74687372648794,0.0,13.90923816306331,0.0,11.024997051060945,0.0,12.131385065059566,1.4661562,9.286534393348996
squeezed_Cần Thơ,2017-08-01,0.0,15.405001449391957,0.0,12.99236723873719,0.0,14.136018765782467,0.0,11.860237630549014,1.4661562,6.585591315315227,0.0,9.604496939383722
squeezed_Cần Thơ,2017-09-01,0.0,15.405001449391957,0.0,12.322829637368914,0.0,13.22266313180763,1.4661562,10.292152690096714,0.0,6.403792846981824,0.81453127,12.531161599145754
squeezed_Cần Thơ,2017-10-01,0.0,15.405001449391957,0.0,12.322829637368914,1.4661562,13.122135502536397,0.0,10.22971481590343,0.81453127,6.424061584498766,0.9774375,9.286534393348996
squeezed_Cần Thơ,2017-11-01,0.0,15.195969674456254,1.4661562,12.581626955229947,0.0,13.76564499037032,0.81453127,10.381519667516082,0.9774375,6.7764661114316,2.1177812,7.581215473402366
squeezed_Cần Thơ,2017-12-01,1.4661562,14.832118878704076,0.0,10.945247276729312,0.81453127,14.02054319601924,0.9774375,10.381519667516082,2.1177812,10.356193839983822,1.0588906,13.978674713511413
squeezed_Gia Lai,2016-01-01,72.46172,76.80457921061294,68.651665,68.88200645918567,49.813026,78.32180480034442,56.445354,77.3182707978827,84.73859,76.41840813566874,69.075005,81.7969096978839
squeezed_Gia Lai,2016-02-01,68.651665,70.00704668936585,49.813026,76.07690497090702,56.445354,80.22035823213747,84.73859,68.75009600554614,69.075005,78.16514138769023,66.67607,83.61231932340283
squeezed_Gia Lai,2016-03-01,49.813026,72.44465477100346,56.445354,75.1464807803894,84.73859,70.61468715847748,69.075005,73.69058060484565,66.67607,81.92479860017032,87.77252,89.26089542338708
squeezed_Gia Lai,2016-04-01,56.445354,69.0341319484814,84.73859,67.56667886298503,69.075005,69.33449018940628,66.67607,79.58579729792353,87.77252,77.56633353872645,176.46228,83.41670734459859
squeezed_Gia Lai,2016-05-01,84.73859,69.57598329649052,69.075005,70.16162012908248,66.67607,78.58026857442951,87.77252,84.79431803487806,176.46228,86.87087318635405,175.05115,83.72726192856089
squeezed_Gia Lai,2016-06-01,69.075005,78.91497391334786,66.67607,80.26910328226364,87.77252,86.81402918903038,176.46228,82.61155679751703,175.05115,81.142379382703,28.293234,76.23213461028186
squeezed_Gia Lai,2016-07-01,66.67607,78.68170723338623,87.77252,80.33676277312536,176.46228,83.48764550691375,175.05115,77.81072921661831,28.293234,71.9216093231811,40.5065,71.09294605084344
squeezed_Gia Lai,2016-08-01,87.77252,79.37601003103504,176.46228,82.9709488682824,175.05115,73.56826305013303,28.293234,74.4613452821553,40.5065,60.845983199220086,54.87099,64.53330521166833
squeezed_Gia Lai,2016-09-01,176.46228,88.03623122073562,175.05115,89.6234851978829,28.293234,79.14667775678006,40.5065,71.75144800657701,54.87099,58.24693601025435,93.33515,65.09553289121361
squeezed_Gia Lai,2016-10-01,175.05115,139.82640641259667,28.293234,108.3160036021081,40.5065,82.96697503555438,54.87099,84.81412744166245,93.33515,72.04160097748449,71.48206,77.07220049740383
squeezed_Gia Lai,2016-11-01,28.293234,134.27092642583952,40.5065,113.08791822902391,54.87099,84.3741944568941,93.33515,94.66944516055554,71.48206,93.30324638067329,68.758934,92.14345000019028
squeezed_Gia Lai,2016-12-01,40.5065,80.19726408598514,54.87099,63.717129747433056,93.33515,77.5672514241076,71.48206,73.02956220336185,68.758934,70.415216626034,0.0,78.96447048928096
squeezed_Gia Lai,2017-01-01,54.87099,62.746016892587356,93.33515,66.33400046359442,71.48206,73.524184133804,68.758934,72.9296745126148,0.0,68.56919739139352,85.57424,84.53462546832407
squeezed_Gia Lai,2017-02-01,93.33515,69.45399554383515,71.48206,67.09527358977695,68.758934,76.5544520060642,0.0,72.92932318332375,85.57424,80.59531563615388,11.981755,93.64693707844616
squeezed_Gia Lai,2017-03-01,71.48206,76.79632276045466,68.758934,84.57794724175356,0.0,77.47086994119282,85.57424,78.3437688589755,11.981755,96.49541033457918,12.3902235,90.9365193390577
squeezed_Gia Lai,2017-04-01,68.758934,79.82816772040071,0.0,75.71261475618093,85.57424,88.67417548109053,11.981755,91.03118976555619,12.3902235,96.08607767940401,24.371979,105.9832169263981
squeezed_Gia Lai,2017-05-01,0.0,76.07957051072317,85.57424,83.41124550037681,11.981755,90.95669231520628,12.3902235,93.03607500756745,24.371979,136.52394785337046,74.817894,135.55940053959168
squeezed_Gia Lai,2017-06-01,85.57424,72.94133661093387,11.981755,60.11916248991782,12.3902235,80.8874426786196,24.371979,112.53880922209031,74.817894,114.78774235320306,61.61073,79.82170925858935
squeezed_Gia Lai,2017-07-01,11.981755,85.50894332402017,12.3902235,80.97790946419565,24.371979,106.48603446543397,74.817894,113.6337605926052,61.61073,77.68381845314646,70.00067,83.23080575656516
squeezed_Gia Lai,2017-08-01,12.3902235,101.15961784950282,24.371979,123.25825783729158,74.817894,144.56333540027106,61.61073,57.790645138451616,70.00067,63.46328730313795,64.05028,54.841516272048445
squeezed_Gia Lai,2017-09-01,24.371979,102.63191335932551,74.817894,78.8379998594976,61.61073,64.9866260279966,70.00067,48.89928863726948,64.05028,51.29688062638998,59.16962,42.342167056546366
squeezed_Gia Lai,2017-10-01,74.817894,78.23098410526244,61.61073,42.76461053858716,70.00067,58.495565089639314,64.05028,46.438360717465315,59.16962,38.04010588177583,72.74186,46.887080564063766
squeezed_Gia Lai,2017-11-01,61.61073,49.46008077455434,70.00067,46.00260170658458,64.05028,56.939514406795986,59.16962,43.430345344437555,72.74186,51.14543641649023,57.23073,41.60456120831663
squeezed_Gia Lai,2017-12-01,70.00067,61.1847258894796,64.05028,60.13491986966774,59.16962,46.57064819004205,72.74186,47.37234592267543,57.23073,49.19805037674166,73.87845,45.11555264152984
squeezed_Hà Giang,2016-01-01,139.56622,191.16707165814077,199.36282,210.22752990720818,173.018,200.6110856449419,194.584,207.87866812808295,184.16861,187.2207790866114,147.0408,191.75786039239128
squeezed_Hà Giang,2016-02-01,199.36282,184.0734473722055,173.018,184.42832680157807,194.584,185.60362599726227,184.16861,214.3429527041945,147.0408,180.1973822718953,182.08553,189.80300703606395
squeezed_Hà Giang,2016-03-01,173.018,195.54506426148484,194.584,181.78065387105806,184.16861,187.95401388790953,147.0408,197.42546425279085,182.08553,195.0011336672676,210.26836,193.60567572249786
squeezed_Hà Giang,2016-04-01,194.584,188.7724239805313,184.16861,177.82215213146512,147.0408,187.11701727544832,182.08553,198.5440235188991,210.26836,194.1806424589727,177.06163,210.80595908055923
squeezed_Hà Giang,2016-05-01,184.16861,192.85411093061242,147.0408,186.4568180277961,182.08553,200.76075525667386,210.26836,196.08849859193285,177.06163,205.99694974917415,182.57567,215.65830840532712
squeezed_Hà Giang,2016-06-01,147.0408,195.3335177748442,182.08553,200.54449444884315,210.26836,196.18916726056725,177.06163,216.2501162552387,182.57567,215.1559130526393,114.079155,200.02646093611847
squeezed_Hà Giang,2016-07-01,182.08553,179.66801005728266,210.26836,192.60183233684668,177.06163,189.38033764557395,182.57567,196.82552513284,114.079155,201.74745233449136,112.15065,173.39307860321063
squeezed_Hà Giang,2016-08-01,210.26836,193.8846776193817,177.06163,197.81379248206656,182.57567,197.74140726997567,114.079155,207.62168341580642,112.15065,166.449414847912,122.70601,169.50302507055645
squeezed_Hà Giang,2016-09-01,177.06163,199.5450793385868,182.57567,216.73300377013825,114.079155,193.52497708317918,112.15065,169.17090532569728,122.70601,178.5063680891785,139.85846,189.33441600237555
squeezed_Hà Giang,2016-10-01,182.57567,189.619616447629,114.079155,185.00351808141852,112.15065,173.62169880611862,122.70601,170.09366068041217,139.85846,180.89094233935108,145.01619,180.75200315159415
squeezed_Hà Giang,2016-11-01,114.079155,190.27943415553716,112.15065,165.5701379701604,122.70601,172.65566750169793,139.85846,187.91662947778374,145.01619,187.51348248962896,0.0,192.91951023285066
squeezed_Hà Giang,2016-12-01,112.15065,140.4603022439803,122.70601,145.60542218537373,139.85846,170.22376018272402,145.01619,168.78346534360378,0.0,191.49414271350312,164.92743,176.76160005843624
squeezed_Hà Giang,2017-01-01,122.70601,150.95757829748825,139.85846,161.3324484922807,145.01619,169.6482366206729,0.0,192.38039545327345,164.92743,167.3466115891148,161.44896,164.3932699753828
squeezed_Hà Giang,2017-02-01,139.85846,155.07947813717274,145.01619,167.97851236248883,0.0,168.85835276490772,164.92743,157.18485035863793,161.44896,157.9080809730777,199.71213,184.56836319562396
squeezed_Hà Giang,2017-03-01,145.01619,156.36345352469704,0.0,175.04160286021082,164.92743,159.78940302237896,161.44896,162.96518826464475,199.71213,175.86320419068502,200.55176,173.7080889900771
squeezed_Hà Giang,2017-04-01,0.0,155.16240326410158,164.92743,160.38814646224316,161.44896,154.75777947963013,199.71213,172.02722155777693,200.55176,170.6463567340314,212.0667,176.05775009370825
squeezed_Hà Giang,2017-05-01,164.92743,139.53806455875787,161.44896,132.6449775850069,199.71213,147.88250471835582,200.55176,148.55231820557728,212.0667,148.5359862615964,216.50475,152.64381903833004
squeezed_Hà Giang,2017-06-01,161.44896,161.1338763568392,199.71213,146.0763096292359,200.55176,157.16843944037714,212.0667,160.4007830091184,216.50475,152.84643795862038,166.48674,132.64077062421254
squeezed_Hà Giang,2017-07-01,199.71213,158.76818789933577,200.55176,162.42527166053307,212.0667,155.52926485266082,216.50475,157.4929303742899,166.48674,143.32419922470217,133.01831,122.49254873776574
squeezed_Hà Giang,2017-08-01,200.55176,204.68115827982712,212.0667,166.82824481734687,216.50475,145.62308591127461,166.48674,141.1598980064685,133.01831,136.8509268793668,138.45245,117.85998431235303
squeezed_Hà Giang,2017-09-01,212.0667,177.57337108778057,216.50475,150.8881254246561,166.48674,148.2650573701709,133.01831,138.50815945771737,138.45245,131.85179843371245,162.55168,143.32782157348493
squeezed_Hà Giang,2017-10-01,216.50475,174.35377375745588,166.48674,156.66645801592958,133.01831,150.21175987403498,138.45245,143.6429594987617,162.55168,145.97254861689277,186.06024,147.715936419146
squeezed_Hà Giang,2017-11-01,166.48674,176.5451982156112,133.01831,170.0734339687768,138.45245,153.1110054510009,162.55168,149.48530449403785,186.06024,166.09243678600737,156.2906,152.64733749396558
squeezed_Hà Giang,2017-12-01,133.01831,155.27940198474533,138.45245,152.10808335567927,162.55168,166.75594531378152,186.06024,174.68621436441902,156.2906,152.63473948331725,163.85115,180.24005832906383
squeezed_Hà Nội,2016-01-01,25.653622,28.87850829808877,29.174171,26.190111456476206,26.267672,31.298243140412065,21.450794,27.594162239977635,22.242235,22.52154017435151,19.37667,27.218609098862835
squeezed_Hà Nội,2016-02-01,29.174171,27.711749336561525,26.267672,27.07019506986544,21.450794,37.06884229684033,22.242235,37.637445478090896,19.37667,26.041729901956188,17.220676,31.931762875969962
squeezed_Hà Nội,2016-03-01,26.267672,32.450365799022215,21.450794,29.019768238028124,22.242235,48.435090482025664,19.37667,34.91402932958525,17.220676,30.39258270093922,16.96141,25.336677175152353
squeezed_Hà Nội,2016-04-01,21.450794,31.829920934853032,22.242235,46.38896340848244,19.37667,35.250321043672756,17.220676,34.361017920560656,16.96141,31.072374052450023,18.025763,50.424314723663954
squeezed_Hà Nội,2016-05-01,22.242235,31.620889159917326,19.37667,28.599648807724794,17.220676,33.126264012545086,16.96141,32.718118940868486,18.025763,62.37458051477446,16.101742,29.18349165600808
squeezed_Hà Nội,2016-06-01,19.37667,29.13720483719295,17.220676,28.06241835257881,16.96141,32.51106634077791,18.025763,25.061234077515252,16.101742,56.04758248689308,3.3977404,35.336697468479066
squeezed_Hà Nội,2016-07-01,17.220676,28.406003313371766,16.96141,31.941970344984377,18.025763,26.062794928491588,16.101742,21.127907185211825,3.3977404,54.62975825889324,14.492004,19.408617380221614
squeezed_Hà Nội,2016-08-01,16.96141,26.94623371793523,18.025763,30.702140482173633,16.101742,25.56718764083057,3.3977404,21.493439213890802,14.492004,14.768897532295652,16.532768,17.482213453031996
squeezed_Hà Nội,2016-09-01,18.025763,26.632650282578588,16.101742,22.76004826614536,3.3977404,25.075348087551106,14.492004,18.840319673482497,16.532768,23.273021190710686,19.490583,20.463501682323873
squeezed_Hà Nội,2016-10-01,16.101742,26.12492783604422,3.3977404,20.506392104541234,14.492004,24.332991778191246,16.532768,20.711981922464812,19.490583,22.0087577325981,20.91137,24.41783143261612
squeezed_Hà Nội,2016-11-01,3.3977404,25.797844721131675,14.492004,19.47458101809134,16.532768,24.704768129565238,19.490583,23.21811927792494,20.91137,22.345602980958656,21.66051,35.3864064524785
squeezed_Hà Nội,2016-12-01,14.492004,24.619744456888906,16.532768,19.487184223918685,19.490583,25.641441385148894,20.91137,22.034493117634135,21.66051,28.986500010454566,18.302292,28.009210959159656
squeezed_Hà Nội,2017-01-01,16.532768,20.064337653293485,19.490583,30.6310491785152,20.91137,27.98508333077216,21.66051,45.555361151000554,18.302292,43.42781762574143,23.50753,21.26418340369026
squeezed_Hà Nội,2017-02-01,19.490583,19.116389820984736,20.91137,19.908476762171233,21.66051,36.24192143324208,18.302292,29.546277754971577,23.50753,29.688703653610617,22.383818,26.431909364520894
squeezed_Hà Nội,2017-03-01,20.91137,21.621347728650566,21.66051,52.42996859205755,18.302292,24.6965812987595,23.50753,26.18311421191744,22.383818,24.583445673152685,14.182015,22.77297895929361
squeezed_Hà Nội,2017-04-01,21.66051,26.551316575541538,18.302292,23.439058637413353,23.50753,27.819557497282396,22.383818,25.83145673445193,14.182015,29.37435841348281,20.381804,24.116890829326355
squeezed_Hà Nội,2017-05-01,18.302292,28.450365618721346,23.50753,22.850593645079716,22.383818,31.446902952941393,14.182015,28.60549619981861,20.381804,20.422566741958057,16.041952,20.218630717959208
squeezed_Hà Nội,2017-06-01,23.50753,27.375713595136766,22.383818,24.151923764217145,14.182015,30.125006531871286,20.381804,22.38025022563709,16.041952,60.48087869239699,17.75981,21.542009384466382
squeezed_Hà Nội,2017-07-01,22.383818,25.050030245646884,14.182015,26.13298612456396,20.381804,26.38441736517164,16.041952,21.201570278925956,17.75981,21.539980337050423,14.707183,18.739414426307867
squeezed_Hà Nội,2017-08-01,14.182015,26.06692683114281,20.381804,24.192850614218774,16.041952,25.718857575385027,17.75981,23.79053745913964,14.707183,15.96068962553351,0.0,18.066349364872593
squeezed_Hà Nội,2017-09-01,20.381804,27.259702890699593,16.041952,19.721171979238118,17.75981,25.654269388619923,14.707183,18.78899931674826,0.0,19.236851189278138,16.476088,19.774647662746258
squeezed_Hà Nội,2017-10-01,16.041952,26.94623371793523,17.75981,22.638206683774317,14.707183,26.433010471347654,0.0,21.09401823492224,16.476088,19.675001635843685,0.0,18.428512211314533
squeezed_Hà Nội,2017-11-01,17.75981,26.633929104188375,14.707183,20.052837002100006,0.0,25.05740763996148,16.476088,19.575677200250148,0.0,18.004747526381497,11.219913,26.189935349916617
squeezed_Hà Nội,2017-12-01,14.707183,23.596240509895384,0.0,19.283899359140115,16.476088,26.570948655651183,0.0,20.214928618549134,11.219913,24.968644000064163,15.869606,16.299960816860658
squeezed_Hà Tĩnh,2016-01-01,238.96739,242.92155651987497,231.15181,248.31009904744042,314.9917,243.8740950062526,245.83563,223.80693761573534,251.04602,211.12168876427083,200.83682,196.06324028595742
squeezed_Hà Tĩnh,2016-02-01,231.15181,263.75299912441744,314.9917,231.56999071990197,245.83563,230.24585363300088,251.04602,211.04381202805837,200.83682,195.0859700025988,214.5733,238.17858235518182
squeezed_Hà Tĩnh,2016-03-01,314.9917,243.96594152592655,245.83563,216.14959943638507,251.04602,202.66345360935313,200.83682,199.8884217539693,214.5733,210.23816927197038,215.4417,192.8258925745509
squeezed_Hà Tĩnh,2016-04-01,245.83563,276.9443023033735,251.04602,235.42890138170546,200.83682,216.1656410384523,214.5733,218.2661139778558,215.4417,222.13999843395368,264.5457,215.47255205690044
squeezed_Hà Tĩnh,2016-05-01,251.04602,217.40569070432173,200.83682,224.41418370554692,214.5733,216.20585506603726,215.4417,209.48222214899238,264.5457,222.06953240379065,184.10042,210.17438029384624
squeezed_Hà Tĩnh,2016-06-01,200.83682,276.8603735471207,214.5733,220.8007985769437,215.4417,214.1932045657578,264.5457,231.71505521950027,184.10042,243.95134435077344,120.23368,212.0298869854714
squeezed_Hà Tĩnh,2016-07-01,214.5733,221.02148523296623,215.4417,205.3943870955348,264.5457,201.63719055467428,184.10042,214.0466735268821,120.23368,253.78053110649483,185.68513,204.6344661407501
squeezed_Hà Tĩnh,2016-08-01,215.4417,209.0228577495639,264.5457,219.3431338741025,184.10042,228.33971467249728,120.23368,213.83820081825482,185.68513,205.3990652627297,205.14833,217.81294509861
squeezed_Hà Tĩnh,2016-09-01,264.5457,225.69287800669755,184.10042,215.44498770833147,120.23368,216.60552280370675,185.68513,197.24704096181173,205.14833,218.97454103885673,307.95795,245.84588681193057
squeezed_Hà Tĩnh,2016-10-01,184.10042,250.67520312556167,120.23368,243.05865370336164,185.68513,230.56289118936627,205.14833,235.18428226514507,307.95795,245.0083976502086,260.71262,249.603990105208
squeezed_Hà Tĩnh,2016-11-01,120.23368,219.54282915756582,185.68513,209.35493745773005,205.14833,223.00997098123045,307.95795,252.56187356509398,260.71262,260.80328900820666,216.44954,233.6234718032125
squeezed_Hà Tĩnh,2016-12-01,185.68513,160.4988134375862,205.14833,192.71571407493636,307.95795,228.06555427565763,260.71262,253.77645520106992,216.44954,222.0241530068533,223.59128,210.38049340960927
squeezed_Hà Tĩnh,2017-01-01,205.14833,211.31189277007488,307.95795,209.91358054509027,260.71262,240.35995794185828,216.44954,247.16385730731633,223.59128,227.64874434239698,204.99136,210.88120525147437
squeezed_Hà Tĩnh,2017-02-01,307.95795,223.28702255604668,260.71262,238.54620058071197,216.44954,228.40226654691918,223.59128,212.0871851744085,204.99136,219.7944841976001,203.10783,200.63560994174432
squeezed_Hà Tĩnh,2017-03-01,260.71262,280.07881333362997,216.44954,263.6154594896785,223.59128,215.35186088210466,204.99136,211.35374610584688,203.10783,210.76175218528957,226.18114,221.98371768792583
squeezed_Hà Tĩnh,2017-04-01,216.44954,256.7208848404645,223.59128,224.22712146488888,204.99136,216.089140541741,203.10783,208.1635271181404,226.18114,224.58492097719719,212.91791,244.30582280864547
squeezed_Hà Tĩnh,2017-05-01,223.59128,217.4088846896459,204.99136,205.62895788573326,203.10783,212.29780249332467,226.18114,214.59579676968076,212.91791,234.84663758341,167.5561,205.06333106202717
squeezed_Hà Tĩnh,2017-06-01,204.99136,211.73946451958588,203.10783,214.7902509502509,226.18114,214.78636755209465,212.91791,234.64758777729696,167.5561,192.25087598481272,163.31816,207.01337362672803
squeezed_Hà Tĩnh,2017-07-01,203.10783,200.6313849052515,226.18114,229.96600247584118,212.91791,233.63720261814564,167.5561,205.56639094227458,163.31816,227.38119921815115,144.631,188.48470332537613
squeezed_Hà Tĩnh,2017-08-01,226.18114,206.96121261775542,212.91791,219.1342953679281,167.5561,203.82788334533865,163.31816,199.1941563157198,144.631,185.73920723787197,177.89926,202.51266909726542
squeezed_Hà Tĩnh,2017-09-01,212.91791,213.68119496269915,167.5561,213.80154130012284,163.31816,215.61528710361716,144.631,185.9019327913791,177.89926,218.33240971000097,198.12573,243.0685910329851
squeezed_Hà Tĩnh,2017-10-01,167.5561,205.52579609445547,163.31816,211.27151034883767,144.631,200.59261219789565,177.89926,217.38546686240483,198.12573,248.0616635647705,177.04022,232.54235166480476
squeezed_Hà Tĩnh,2017-11-01,163.31816,194.5651929104451,144.631,188.0781699740995,177.89926,210.88802964727915,198.12573,252.0197006995049,177.04022,249.09309831982947,152.44046,231.3608334942302
squeezed_Hà Tĩnh,2017-12-01,144.631,176.18157911445633,177.89926,201.822971388465,198.12573,244.6354679674716,177.04022,233.16815687670623,152.44046,197.2124301775892,136.0406,216.57414755208072
squeezed_Hòa Bình,2016-01-01,75.78491,92.79212787541847,126.669075,92.45568780793671,130.87935,95.95894669687456,136.65343,92.94044433413244,105.978584,91.99639127715544,98.039215,98.2263428513192
squeezed_Hòa Bình,2016-02-01,126.669075,83.02367271509443,130.87935,92.69892475701548,136.65343,92.04798050476589,105.978584,93.18687480556996,98.039215,100.5829355248313,95.63335,115.33957930708306
squeezed_Hòa Bình,2016-03-01,130.87935,109.6178896455689,136.65343,105.98189672911941,105.978584,99.48754764134632,98.039215,104.24020585559364,95.63335,114.14856277620152,119.93263,108.140982313531
squeezed_Hòa Bình,2016-04-01,136.65343,118.25195523063094,105.978584,103.01566050211976,98.039215,105.2073383375669,95.63335,106.41165847774582,119.93263,116.03985021315668,103.091545,152.52823436500242
squeezed_Hòa Bình,2016-05-01,105.978584,129.26669682898654,98.039215,116.37336092789076,95.63335,113.87113260737935,119.93263,125.12626704085247,103.091545,157.66997619958585,102.24949,115.47581880015467
squeezed_Hòa Bình,2016-06-01,98.039215,113.486368657166,95.63335,113.99933453228026,119.93263,124.98064361079386,103.091545,119.17068120330677,102.24949,128.12075205263127,16.841093,104.29827936136016
squeezed_Hòa Bình,2016-07-01,95.63335,102.93547428461343,119.93263,121.67521461578096,103.091545,116.79705185824649,102.24949,96.05420545190317,16.841093,125.79109904105056,54.43787,94.94192222855351
squeezed_Hòa Bình,2016-08-01,119.93263,108.01117933258962,103.091545,120.68927554323713,102.24949,110.9190495287403,16.841093,97.85694474384721,54.43787,89.52247648112225,0.0,93.11352174325135
squeezed_Hòa Bình,2016-09-01,103.091545,120.49692964354537,102.24949,103.3760149001103,16.841093,99.91257983719237,54.43787,93.58947736285269,0.0,92.67716134148527,124.73373,103.79805436510547
squeezed_Hòa Bình,2016-10-01,102.24949,103.89782551109246,16.841093,103.64476867799257,54.43787,90.78640632901339,0.0,100.77125251531024,124.73373,104.54082616882032,139.1716,108.69918592163953
squeezed_Hòa Bình,2016-11-01,16.841093,102.26097697442451,54.43787,98.71936926290344,0.0,103.51171543146572,124.73373,114.8310445332842,139.1716,113.74695473676766,125.2071,115.38005225442514
squeezed_Hòa Bình,2016-12-01,54.43787,81.87443059908378,0.0,88.63163504866488,124.73373,94.82283405960301,139.1716,105.03327442146895,125.2071,111.03306701298365,90.76923,104.01640814388313
squeezed_Hòa Bình,2017-01-01,0.0,68.40800135619111,124.73373,85.05905555228016,139.1716,95.79415213924736,125.2071,133.75006631932175,90.76923,100.89484822430603,92.30769,105.5035326066879
squeezed_Hòa Bình,2017-02-01,124.73373,82.18899616062713,139.1716,86.67045273565482,125.2071,108.90634383534974,90.76923,99.72890728782473,92.30769,90.62170054217509,129.46745,90.75591858202726
squeezed_Hòa Bình,2017-03-01,139.1716,107.66302842627721,125.2071,113.78678303371228,90.76923,112.81483099016826,92.30769,97.19343533649848,129.46745,88.68259759086355,144.49704,91.94440211145952
squeezed_Hòa Bình,2017-04-01,125.2071,132.46844286979882,90.76923,114.20450083394147,92.30769,99.10269807460702,129.46745,109.65822329981384,144.49704,102.70271621760071,108.63905,108.29031188905812
squeezed_Hòa Bình,2017-05-01,90.76923,112.2921946749996,92.30769,102.78000120430461,129.46745,110.20087836203606,144.49704,119.09847177608712,108.63905,110.4267120785306,0.0,90.04419234939733
squeezed_Hòa Bình,2017-06-01,92.30769,93.97228746950215,129.46745,107.05322025274597,144.49704,109.6530781590747,108.63905,100.30519595582281,0.0,112.81869949900272,66.50887,85.61379757977612
squeezed_Hòa Bình,2017-07-01,129.46745,97.16129561282796,144.49704,110.0250904505585,108.63905,100.3681530944996,0.0,84.62126282283228,66.50887,99.57648049856834,66.43932,87.30721737981473
squeezed_Hòa Bình,2017-08-01,144.49704,111.82305849331657,108.63905,105.46129861144053,0.0,91.32052681897117,66.50887,101.51016474631366,66.43932,94.44122287248582,62.20602,94.74935170006638
squeezed_Hòa Bình,2017-09-01,108.63905,131.26849180620036,0.0,108.65283409978694,66.50887,94.23600314528613,66.43932,98.22882641365925,62.20602,98.85170277084042,87.605835,105.3666987619806
squeezed_Hòa Bình,2017-10-01,0.0,97.96223336244275,66.50887,101.94832048419339,66.43932,90.79840313421609,62.20602,104.941560356072,87.605835,104.94839587856586,0.0,110.36742946947675
squeezed_Hòa Bình,2017-11-01,66.50887,87.0323101627374,66.43932,64.83829544662514,62.20602,86.75096339241964,87.605835,97.1503551234813,0.0,104.79859247360802,77.610535,105.68041041669228
squeezed_Hòa Bình,2017-12-01,66.43932,66.04285861672898,62.20602,81.65022085230993,87.605835,98.5915333401096,0.0,115.7703792844945,77.610535,109.00728610839981,0.0,121.99306205267156
squeezed_Hưng Yên,2016-01-01,117.24492,99.69136564434383,111.60485,125.48836838286542,117.50128,119.88231295753394,115.877625,119.76249941191226,108.69937,118.45389461463505,85.711845,106.01556824010896
squeezed_Hưng Yên,2016-02-01,111.60485,121.40355669381174,117.50128,121.72569677596653,115.877625,121.8985465922494,108.69937,122.54209571631642,85.711845,121.14133943792233,105.87933,111.50517463175443
squeezed_Hưng Yên,2016-03-01,117.50128,121.47311462414615,115.877625,122.6063086633245,108.69937,131.30305460788202,85.711845,119.8831333576146,105.87933,126.99124879493344,110.66484,108.83824145716179
squeezed_Hưng Yên,2016-04-01,115.877625,120.51604268232123,108.69937,130.07536080555442,85.711845,117.62103406482775,105.87933,118.58605799370277,110.66484,112.95974290441143,94.94103,115.32192431022982
squeezed_Hưng Yên,2016-05-01,108.69937,120.36750372145849,85.711845,117.68519164873425,105.87933,125.33063112397417,110.66484,118.48535528111574,94.94103,113.38280628323128,108.87028,112.34282636381668
squeezed_Hưng Yên,2016-06-01,85.711845,115.39196326529112,105.87933,120.07079779823954,110.66484,122.04271955588254,94.94103,115.95755479082771,108.87028,109.49164721881444,94.85558,108.65313486228517
squeezed_Hưng Yên,2016-07-01,105.87933,104.38767884219284,110.66484,110.92766941281664,94.94103,115.18509899043666,108.87028,108.51540620873098,94.85558,107.0123579004202,84.96094,94.13449736086474
squeezed_Hưng Yên,2016-08-01,110.66484,107.92019674753303,94.94103,118.93231282075277,108.87028,110.40248374951427,94.85558,108.31389755212831,84.96094,95.90126358385777,85.367836,102.20522456843298
squeezed_Hưng Yên,2016-09-01,94.94103,116.81310245369615,108.87028,108.15665268609132,94.85558,109.40726626088286,84.96094,96.17933310374214,85.367836,102.10461312911755,111.73502,106.5630063967071
squeezed_Hưng Yên,2016-10-01,108.87028,104.32245298128043,94.85558,102.80204876017106,84.96094,99.12587048859645,85.367836,98.68150579262485,111.73502,111.38979199707066,103.84115,102.67816505967855
squeezed_Hưng Yên,2016-11-01,94.85558,109.33684273113968,84.96094,99.95665721008231,85.367836,103.62594355625274,111.73502,111.75988023592417,103.84115,112.33856722457276,95.54037,112.24265352044799
squeezed_Hưng Yên,2016-12-01,84.96094,93.56287384388311,85.367836,98.73933294181157,111.73502,109.58606722481895,103.84115,114.57472397524545,95.54037,113.6239118324508,104.08529,112.27934365955899
squeezed_Hưng Yên,2017-01-01,85.367836,102.35802014544987,111.73502,100.47710979325132,103.84115,117.39375552383434,95.54037,125.83440558591703,104.08529,107.24714165060277,86.751305,103.24931001215369
squeezed_Hưng Yên,2017-02-01,111.73502,94.73665381497729,103.84115,101.75291870943927,95.54037,108.83590592810927,104.08529,109.22528428178772,86.751305,119.74408541127266,108.23568,99.43400918422404
squeezed_Hưng Yên,2017-03-01,103.84115,114.40492021564047,95.54037,131.7102822966676,104.08529,106.39356249755734,86.751305,127.17609242870788,108.23568,100.88715211203562,104.00391,111.17514009587289
squeezed_Hưng Yên,2017-04-01,95.54037,116.72473060167052,104.08529,102.90729415813811,86.751305,100.68461420660182,108.23568,102.47231287887024,104.00391,117.53107912543288,100.504555,105.57626196865031
squeezed_Hưng Yên,2017-05-01,104.08529,103.76226204637847,86.751305,97.71707292329697,108.23568,107.0237012907522,104.00391,110.95057710228312,100.504555,98.56071239367436,96.92383,99.19759041655588
squeezed_Hưng Yên,2017-06-01,86.751305,98.97963624729493,108.23568,104.87944995243387,104.00391,115.08539229664026,100.504555,101.29481241279144,96.92383,130.5357059069659,107.25912,95.73962577990056
squeezed_Hưng Yên,2017-07-01,108.23568,96.14120628458315,104.00391,100.2061015622827,100.504555,96.2905461453626,96.92383,106.45262258119426,107.25912,87.67498392118647,105.60206,90.43044795614536
squeezed_Hưng Yên,2017-08-01,104.00391,106.23295179058844,100.504555,97.16877284588406,96.92383,95.70056278030637,107.25912,91.35261527711558,105.60206,89.4180147574322,91.35544,93.15807750615751
squeezed_Hưng Yên,2017-09-01,100.504555,96.95907727590392,96.92383,99.6080740004513,107.25912,95.35531760535862,105.60206,89.59640236302356,91.35544,86.07220896210065,118.07791,102.52533105210684
squeezed_Hưng Yên,2017-10-01,96.92383,102.2962090984257,107.25912,95.9840253729425,105.60206,89.75668663074445,91.35544,94.47544117449803,118.07791,105.92750768886766,93.609146,94.42204040663442
squeezed_Hưng Yên,2017-11-01,107.25912,96.50482177660925,105.60206,88.48549786173454,91.35544,91.2907268276,118.07791,97.78562175980274,93.609146,104.05810951180413,95.701866,92.66853758908665
squeezed_Hưng Yên,2017-12-01,105.60206,101.59007441010358,91.35544,90.72364955382803,118.07791,102.97778899261945,93.609146,102.43390182805483,95.701866,98.69183990855811,93.367676,98.7684325021504
squeezed_Hải Dương,2016-01-01,121.51417,129.16859642249958,126.04995,154.17404450574284,116.19442,140.97038651376076,117.034386,138.59573792996386,108.80278,158.99343245585868,109.194756,138.60688089987443
squeezed_Hải Dương,2016-02-01,126.04995,163.24083616711684,116.19442,147.72565248969607,117.034386,141.0997359261624,108.80278,188.39033236907179,109.194756,135.83167949122267,106.2269,140.25028757180155
squeezed_Hải Dương,2016-03-01,116.19442,144.094757826501,117.034386,138.9198074866541,108.80278,168.58598641465284,109.194756,136.32662978225991,106.2269,139.92849158879088,108.130806,135.83956630293414
squeezed_Hải Dương,2016-04-01,117.034386,133.40440290872795,108.80278,194.9509796549451,109.194756,130.2201969716874,106.2269,131.7182103244547,108.130806,132.62699117180455,104.155,131.1835034329826
squeezed_Hải Dương,2016-05-01,108.80278,145.46162845277246,109.194756,133.39535211769024,106.2269,138.68473385707085,108.130806,132.05427453122022,104.155,128.66676122752966,100.40318,132.57688801278988
squeezed_Hải Dương,2016-06-01,109.194756,125.27486409961588,106.2269,132.82294126290415,108.130806,136.78471105143117,104.155,123.3980931922585,100.40318,117.2944139495083,43.789898,112.1251898835945
squeezed_Hải Dương,2016-07-01,106.2269,125.91222248804827,108.130806,136.3546173986955,104.155,124.19538341204658,100.40318,121.34411808196472,43.789898,123.62250278748667,69.058685,108.71176391702407
squeezed_Hải Dương,2016-08-01,108.130806,127.86623007264696,104.155,123.69619640858873,100.40318,119.52418509836527,43.789898,118.74116389863516,69.058685,110.51630057549673,0.0,103.94828496617939
squeezed_Hải Dương,2016-09-01,104.155,116.94008187235485,100.40318,118.12925437434434,43.789898,115.47572148016519,69.058685,107.59182291077236,0.0,112.63072855291078,0.0,109.57209565339814
squeezed_Hải Dương,2016-10-01,100.40318,107.1271521406504,43.789898,117.67801391446221,69.058685,111.949611912311,0.0,120.18974834263967,0.0,117.16141959676528,74.08408,113.54955338132449
squeezed_Hải Dương,2016-11-01,43.789898,108.75162344539784,69.058685,106.04486992195747,0.0,111.85604490289937,0.0,120.30167476626605,74.08408,112.69515501480569,0.0,120.52968707236354
squeezed_Hải Dương,2016-12-01,69.058685,89.61216749910689,0.0,85.11874197048613,0.0,99.10778157793231,74.08408,103.51392929179148,0.0,116.3053658418375,0.0,125.23620866919727
squeezed_Hải Dương,2017-01-01,0.0,86.95208097282183,0.0,103.04544339962686,74.08408,101.09790209114597,0.0,129.33125916575088,0.0,115.68331988179665,76.353615,100.35125222518235
squeezed_Hải Dương,2017-02-01,0.0,96.73768808186905,74.08408,96.23828280765079,0.0,107.30539373283904,0.0,102.12456784681974,76.353615,98.21202686549985,87.917435,93.65772491859687
squeezed_Hải Dương,2017-03-01,74.08408,83.31724637723399,0.0,89.8689028004243,0.0,104.9093231631647,76.353615,82.02578207360487,87.917435,75.35631082990663,0.0,83.84246825032925
squeezed_Hải Dương,2017-04-01,0.0,69.08671987193969,0.0,77.66414132677102,76.353615,78.57802788526006,87.917435,75.50031670011944,0.0,81.06151789747268,80.67654,72.7934726392402
squeezed_Hải Dương,2017-05-01,0.0,79.79321035631752,76.353615,59.62377982012791,87.917435,68.65320555046532,0.0,71.06050135665839,80.67654,52.65594048513481,75.21885,53.79600016383717
squeezed_Hải Dương,2017-06-01,76.353615,54.78107884575832,87.917435,50.25789659209534,0.0,54.78709307721119,80.67654,49.01779273203999,75.21885,43.39492243295817,83.86469,41.09694146186864
squeezed_Hải Dương,2017-07-01,87.917435,52.24009625019258,0.0,63.037955210769525,80.67654,67.07860157245491,75.21885,51.35061803821445,83.86469,50.803183596921045,72.00298,39.6344810957567
squeezed_Hải Dương,2017-08-01,0.0,70.83330109955692,80.67654,63.99395281317624,75.21885,56.84798807870531,83.86469,47.805178000556154,72.00298,37.03132032057309,70.61831,37.67078480427084
squeezed_Hải Dương,2017-09-01,80.67654,55.447132687953356,75.21885,45.76045676466851,83.86469,45.56906255254135,72.00298,36.60776473838289,70.61831,37.62844083764286,0.0,43.11452060790806
squeezed_Hải Dương,2017-10-01,75.21885,54.76842242726728,83.86469,52.17286058670711,72.00298,54.90599086543891,70.61831,57.75089079969957,0.0,53.459614210424135,68.27502,49.70386498385834
squeezed_Hải Dương,2017-11-01,83.86469,60.351827062536,72.00298,56.75537332491269,70.61831,56.66499826220695,0.0,48.09818816619589,68.27502,55.981396896611265,68.1685,55.01104225244622
squeezed_Hải Dương,2017-12-01,72.00298,67.95651905862604,70.61831,55.83056139273687,0.0,58.61677497970478,68.27502,55.61717571186942,68.1685,60.78251189148941,0.0,56.21891887134777
squeezed_Hải Phòng,2016-01-01,24.182148,38.465579600512555,28.018982,38.967953958861756,24.888933,39.649973512487435,25.39378,38.375848197878796,26.201534,26.60828905605374,27.009289,37.56780964973754
squeezed_Hải Phòng,2016-02-01,28.018982,33.27902123471588,24.888933,36.44896671699847,25.39378,42.199722025350276,26.201534,37.62531976718997,27.009289,30.065968859777975,28.877222,70.2747416350253
squeezed_Hải Phòng,2016-03-01,24.888933,33.641588246465915,25.39378,42.16038159885386,26.201534,45.04937641487122,27.009289,36.63309131971853,28.877222,50.732003533210595,31.9063,30.322891346430115
squeezed_Hải Phòng,2016-04-01,25.39378,34.31591888039113,26.201534,54.603222844249956,27.009289,38.715860236731146,28.877222,60.91069517796029,31.9063,32.743106280171126,18.527868,42.52877729926508
squeezed_Hải Phòng,2016-05-01,26.201534,29.83594527146959,27.009289,29.846498517634558,28.877222,45.0857376762613,31.9063,31.451066431314928,18.527868,26.355860139071243,17.417206,33.0281295394237
squeezed_Hải Phòng,2016-06-01,27.009289,30.752100702479883,28.877222,67.52307463992382,31.9063,31.933524388691534,18.527868,26.740734151905038,17.417206,28.219222227986442,22.718094,34.28846006151525
squeezed_Hải Phòng,2016-07-01,28.877222,37.60097802659062,31.9063,26.444541588306702,18.527868,30.21093506513022,17.417206,27.627914768108994,22.718094,22.22494914375333,0.0,28.035985119923538
squeezed_Hải Phòng,2016-08-01,31.9063,29.555978380819028,18.527868,28.78249974053443,17.417206,30.3176834340584,22.718094,29.265975360214203,0.0,26.904611561802252,0.0,23.92328683611878
squeezed_Hải Phòng,2016-09-01,18.527868,33.48956534025884,17.417206,29.485268034852577,22.718094,32.04838734941297,0.0,30.19722240436956,0.0,21.996971298694852,0.0,28.73246217446767
squeezed_Hải Phòng,2016-10-01,17.417206,28.575908084387862,22.718094,26.635688209658515,0.0,30.035930637655312,0.0,20.602400408593528,0.0,30.674846701775348,0.0,27.383749407584034
squeezed_Hải Phòng,2016-11-01,22.718094,28.77016135815788,0.0,25.272697587861607,0.0,27.64477216819068,0.0,23.0457058411014,0.0,30.52935247092676,0.0,33.969005621877415
squeezed_Hải Phòng,2016-12-01,0.0,25.797844721131675,0.0,22.480255578747506,0.0,29.354936731578285,0.0,29.579465974102185,0.0,31.04161028053771,0.0,31.34201168521927
squeezed_Hải Phòng,2017-01-01,0.0,28.87850829808877,0.0,22.074872109492937,0.0,28.124043343966296,0.0,44.37437655549215,0.0,53.825702199825294,0.0,44.45311832401448
squeezed_Hải Phòng,2017-02-01,0.0,20.915354802623714,0.0,20.82074447549167,0.0,27.59089633725683,0.0,28.760735899055767,0.0,32.38514190397759,0.0,25.922582577206743
squeezed_Hải Phòng,2017-03-01,0.0,21.616434597075326,0.0,21.637888337099753,0.0,21.05579866376949,0.0,25.909978415024312,0.0,30.178430657211948,0.0,28.329786206965935
squeezed_Hải Phòng,2017-04-01,0.0,20.87279317059445,0.0,19.455462238726497,0.0,22.27022829767055,0.0,22.62391803854304,0.0,23.86465643042921,0.0,26.03335059306006
squeezed_Hải Phòng,2017-05-01,0.0,25.462697873879055,0.0,20.079729389743218,0.0,20.306210268405938,0.0,22.801838987345594,0.0,22.003955461558107,0.0,17.965433145499297
squeezed_Hải Phòng,2017-06-01,0.0,19.794972938221296,0.0,15.862798866983487,0.0,19.602467240761435,0.0,18.601623178322154,0.0,14.871282895246194,0.0,18.973418003182328
squeezed_Hải Phòng,2017-07-01,0.0,18.68941221152241,0.0,15.881306375759591,0.0,19.66287999134276,0.0,16.475583697309503,0.0,17.863997583315573,0.0,13.052077732325875
squeezed_Hải Phòng,2017-08-01,0.0,17.38965503649433,0.0,15.903878000157233,0.0,13.911690931938132,0.0,16.31780387606782,0.0,14.29801724752518,0.0,14.00404296360452
squeezed_Hải Phòng,2017-09-01,0.0,18.83962086189863,0.0,12.780952291894371,0.0,15.5460534752285,0.0,13.89439534729306,0.0,10.493754728407023,0.0,14.421617648520257
squeezed_Hải Phòng,2017-10-01,0.0,15.195969674456254,0.0,13.132139696172825,0.0,15.609160178709375,0.0,12.178336633147426,0.0,16.024491130030167,0.0,18.43309418559955
squeezed_Hải Phòng,2017-11-01,0.0,14.882386239099617,0.0,12.548985644040624,0.0,13.629938135535049,0.0,12.459181037023065,0.0,19.47009380017666,0.0,16.885112811703838
squeezed_Hải Phòng,2017-12-01,0.0,14.211851279728677,0.0,11.900960032468758,0.0,16.02645544199561,0.0,13.982595067276744,0.0,21.793970132459123,0.0,14.969619868364306
squeezed_Khánh Hòa,2016-01-01,91.20119,114.27920282927533,100.67557,104.66322440923565,118.14137,124.49777623661944,111.13857,104.55343086434986,105.042015,103.10680591829303,125.14417,120.11980142641944
squeezed_Khánh Hòa,2016-02-01,100.67557,99.88492030935095,118.14137,117.97748368689113,111.13857,116.59046410859219,105.042015,117.84070803959258,125.14417,115.09000496414505,129.0987,106.61444079868811
squeezed_Khánh Hòa,2016-03-01,118.14137,117.68159663428365,111.13857,110.68919510001226,105.042015,110.27847147222438,125.14417,114.13453579121425,129.0987,123.03214101349029,104.05338,106.99231721084588
squeezed_Khánh Hòa,2016-04-01,111.13857,118.85586222971429,105.042015,114.16301561549781,125.14417,110.78597910292615,129.0987,99.84426120573578,104.05338,122.88273111701172,123.826004,112.17900163688908
squeezed_Khánh Hòa,2016-05-01,105.042015,117.37133459284652,125.14417,111.39946572024638,129.0987,107.97623753154103,104.05338,117.08094167890646,123.826004,110.55503651356617,133.95947,114.94047498097932
squeezed_Khánh Hòa,2016-06-01,125.14417,111.80290582527161,129.0987,127.980263430705,104.05338,127.2383255456709,123.826004,126.8829810264746,133.95947,114.65565501516588,133.95947,110.89854348222312
squeezed_Khánh Hòa,2016-07-01,129.0987,118.11681105524264,104.05338,130.9014763581007,123.826004,142.46500493284418,133.95947,122.90776197408091,133.95947,111.93656139631685,116.41865,118.6122776718687
squeezed_Khánh Hòa,2016-08-01,104.05338,128.27346919848463,123.826004,118.6844403002198,133.95947,135.89427356037737,133.95947,147.0955930768273,116.41865,113.3811550873213,147.24986,120.93851267899927
squeezed_Khánh Hòa,2016-09-01,123.826004,106.20870665067802,133.95947,149.58082422090854,133.95947,174.9265097942525,116.41865,134.52860634508,147.24986,111.3283082663171,0.0,131.72202994711938
squeezed_Khánh Hòa,2016-10-01,133.95947,205.22123648464355,133.95947,138.7832431851301,116.41865,140.52350160794566,147.24986,125.21652692475226,0.0,97.06141319692003,0.0,108.8978651038981
squeezed_Khánh Hòa,2016-11-01,133.95947,149.9302247963709,116.41865,122.17845134395847,147.24986,163.12534743238245,0.0,120.27193806484958,0.0,129.53352349589306,123.90035,105.36371286659785
squeezed_Khánh Hòa,2016-12-01,116.41865,125.56502954759598,147.24986,123.83616851155662,0.0,158.51657337877938,0.0,131.92480320606847,123.90035,120.50324443097588,0.0,130.06220387394183
squeezed_Khánh Hòa,2017-01-01,147.24986,124.35236586163958,0.0,129.86045972512207,0.0,147.11910181208725,123.90035,114.57580977829733,0.0,108.46905441767483,0.0,111.63099414318994
squeezed_Khánh Hòa,2017-02-01,0.0,130.21640550285522,0.0,125.79535651451752,123.90035,122.04180278328606,0.0,107.65271613215576,0.0,141.02551274265443,0.0,152.98354046869355
squeezed_Khánh Hòa,2017-03-01,0.0,117.58174003557347,123.90035,93.7587870947282,0.0,100.15390459206985,0.0,107.77519282683807,0.0,107.95740476433754,0.0,104.89725138097369
squeezed_Khánh Hòa,2017-04-01,123.90035,80.09828260433368,0.0,79.01962000671715,0.0,98.11247927803177,0.0,112.78538561291313,0.0,83.18099241195638,0.0,101.1541704347169
squeezed_Khánh Hòa,2017-05-01,0.0,104.54248170690576,0.0,108.58470258371757,0.0,111.97849268936619,0.0,112.55270161124068,0.0,114.94884462447821,0.0,101.18073100699442
squeezed_Khánh Hòa,2017-06-01,0.0,110.92342588050977,0.0,76.76747850199845,0.0,85.19777926561628,0.0,105.97709662665021,0.0,95.75603560820475,0.0,81.17779676477798
squeezed_Khánh Hòa,2017-07-01,0.0,87.59862482691602,0.0,82.94812373030013,0.0,79.80902534888236,0.0,93.13934457304588,0.0,80.42552450832285,158.35034,80.97558796068124
squeezed_Khánh Hòa,2017-08-01,0.0,59.48634504872245,0.0,60.383200310944105,0.0,64.13537582983524,0.0,79.58339839552649,158.35034,71.27493239073915,130.25725,78.75876355786177
squeezed_Khánh Hòa,2017-09-01,0.0,57.52445565771284,0.0,44.24412100425406,0.0,41.72906426296227,158.35034,70.29292668253876,130.25725,75.44327130491702,130.17558,39.82437750785115
squeezed_Khánh Hòa,2017-10-01,0.0,54.13774869699888,0.0,46.37909578236565,158.35034,50.39953226518047,130.25725,59.65901851854959,130.17558,30.223670916518714,121.437325,40.529863461807025
squeezed_Khánh Hòa,2017-11-01,0.0,42.87309203411583,158.35034,45.71110152055846,130.25725,66.07768656389275,130.17558,24.440716072570407,121.437325,44.84771973049999,0.0,33.73016130946291
squeezed_Khánh Hòa,2017-12-01,158.35034,41.385155129565355,130.25725,43.517665466584056,130.17558,17.339236093097135,121.437325,47.09273525816759,0.0,35.439729752753806,135.48387,30.187116532360896
squeezed_Kiên Giang,2016-01-01,11.087972,21.92568176420635,6.922947,18.258333487152143,6.810379,23.53947155301664,7.0355153,16.000085137771155,14.74644,15.852279181518876,11.425676,16.659866364694203
squeezed_Kiên Giang,2016-02-01,6.922947,19.152377526440226,6.810379,16.40281927752888,7.0355153,19.890292587931874,14.74644,15.954973272691245,11.425676,16.457475043914773,16.603817,17.632354042663536
squeezed_Kiên Giang,2016-03-01,6.810379,16.831521845428735,7.0355153,14.598721094268354,14.74644,16.314713732789592,11.425676,16.786630775607712,16.603817,16.648799321934476,17.054089,18.597095714909035
squeezed_Kiên Giang,2016-04-01,7.0355153,17.291697205216728,14.74644,15.274329093524297,11.425676,17.26076212599906,16.603817,16.130465174075248,17.054089,13.86525404907092,9.399448,15.918197729492112
squeezed_Kiên Giang,2016-05-01,14.74644,16.83098706634264,11.425676,15.566559112658014,16.603817,16.271923155729255,17.054089,15.836552275722944,9.399448,19.461830634773122,13.451905,15.218755495395873
squeezed_Kiên Giang,2016-06-01,11.425676,16.256966618131287,16.603817,15.42185253888909,17.054089,17.679748714995664,9.399448,19.623201751588507,13.451905,14.652032176249502,13.451905,15.936774623877445
squeezed_Kiên Giang,2016-07-01,16.603817,19.497936645128647,17.054089,16.728396773898854,9.399448,16.6727693842621,13.451905,15.31796657572642,13.451905,13.711733894829415,10.391733,14.471455311568082
squeezed_Kiên Giang,2016-08-01,17.054089,17.373317365663265,9.399448,16.295355070021113,13.451905,15.57328921830981,13.451905,16.318633186061195,10.391733,12.978756654866714,7.9981318,12.073771998411708
squeezed_Kiên Giang,2016-09-01,9.399448,21.099982952056607,13.451905,19.55721219178645,13.451905,22.374542613014953,10.391733,17.506559681400457,7.9981318,12.694967991317881,8.348415,13.121441747274547
squeezed_Kiên Giang,2016-10-01,13.451905,19.992490729823547,13.451905,17.456865311975648,10.391733,22.850443752886143,7.9981318,14.544882628557747,8.348415,13.402089614560264,7.8229904,15.262822519433366
squeezed_Kiên Giang,2016-11-01,13.451905,19.619781408772447,10.391733,18.28331379734816,7.9981318,23.503409637049792,8.348415,16.508188500911814,7.8229904,14.474578329860707,8.348415,14.53426350057093
squeezed_Kiên Giang,2016-12-01,10.391733,18.928463299059263,7.9981318,14.970856730897529,8.348415,20.71202998903439,7.8229904,15.896232072027445,8.348415,13.456657412954455,11.325822,15.226512153921117
squeezed_Kiên Giang,2017-01-01,7.9981318,18.343586287118548,8.348415,15.438085419242993,7.8229904,20.167850334131877,8.348415,17.331985651735582,11.325822,13.676811160501597,15.120556,14.526734059533212
squeezed_Kiên Giang,2017-02-01,8.348415,19.451078509351607,7.8229904,14.615572095516319,8.348415,18.786910437744353,11.325822,18.714790417999115,15.120556,12.002058462355592,13.135618,15.514008220210716
squeezed_Kiên Giang,2017-03-01,7.8229904,19.59898366217235,8.348415,17.501114370971408,11.325822,15.852466535378252,15.120556,16.24201862327111,13.135618,13.596179526460444,14.770272,13.128827314494076
squeezed_Kiên Giang,2017-04-01,8.348415,19.014106650231636,11.325822,15.20864402194232,15.120556,15.852466535378252,13.135618,14.48910391971974,14.770272,10.845981810003249,10.742017,13.82947956765862
squeezed_Kiên Giang,2017-05-01,11.325822,16.83098706634264,15.120556,15.461882870334888,13.135618,16.541494335508748,14.770272,15.492713785349324,10.742017,17.176830300317125,11.267441,12.576523472769741
squeezed_Kiên Giang,2017-06-01,15.120556,16.46599839306699,13.135618,16.39269029886114,14.770272,14.984550979882911,10.742017,17.60828726021259,11.267441,13.268008412830891,13.427521,13.530432290473065
squeezed_Kiên Giang,2017-07-01,13.135618,17.373317365663265,14.770272,15.659068740039386,10.742017,15.900359382732567,11.267441,16.259629156283456,13.427521,13.207767488208424,8.497759,14.068760181280865
squeezed_Kiên Giang,2017-08-01,14.770272,17.373317365663265,10.742017,16.353001633553223,11.267441,16.64016432634391,13.427521,16.02839022485445,8.497759,13.437790505543322,6.3442173,12.57774479544032
squeezed_Kiên Giang,2017-09-01,10.742017,19.233997686886756,11.267441,17.605413700289663,13.427521,19.789785987089466,8.497759,15.605494045096325,6.3442173,10.30776346409282,9.370816,17.39515207848565
squeezed_Kiên Giang,2017-10-01,11.267441,21.099982952056607,13.427521,19.66248898274492,8.497759,23.794369758665557,6.3442173,14.136471025249074,9.370816,17.669340936849647,5.9367905,16.669707349769897
squeezed_Kiên Giang,2017-11-01,13.427521,19.66011028428731,8.497759,17.64510236559758,6.3442173,20.11707319065103,9.370816,16.454269022082535,5.9367905,16.7786449855297,4.830918,15.156790762930498
squeezed_Kiên Giang,2017-12-01,8.497759,19.66011028428731,6.3442173,16.085620612740037,9.370816,19.428045390520534,5.9367905,17.82087435254009,4.830918,12.70128919895732,3.8996565,14.441252920526713
squeezed_Kon Tum,2016-01-01,184.52147,228.38840992411613,242.6152,249.66090236425745,156.36078,263.1021564884185,193.974,241.37844145268906,172.90273,259.9340228099542,169.75188,278.5933489937534
squeezed_Kon Tum,2016-02-01,242.6152,217.6455619050408,156.36078,231.88114466024825,193.974,247.5622485126572,172.90273,244.80980270892127,169.75188,268.1415856918814,207.75896,276.39576495216744
squeezed_Kon Tum,2016-03-01,156.36078,240.58076954176536,193.974,223.22648156978624,172.90273,292.3629230310409,169.75188,279.44323075670684,207.75896,320.9295587833709,244.7814,300.25632432070495
squeezed_Kon Tum,2016-04-01,193.974,198.60886709664567,172.90273,216.07800565381532,169.75188,269.2430822879844,207.75896,285.4178249571005,244.7814,280.66013386133073,218.39307,298.9348095118819
squeezed_Kon Tum,2016-05-01,172.90273,221.09647972361898,169.75188,239.38658420395777,207.75896,304.9282613139353,244.7814,281.97687269150725,218.39307,290.06965189387887,220.16542,286.8305711974498
squeezed_Kon Tum,2016-06-01,169.75188,217.8295532755938,207.75896,248.10510657396708,244.7814,296.79517566314036,218.39307,289.5206116593261,220.16542,247.5694685860282,56.32139,250.8731694732465
squeezed_Kon Tum,2016-07-01,207.75896,222.34866074915277,244.7814,246.29096659491242,218.39307,267.57703023957623,220.16542,258.83862402991986,56.32139,218.46205309328374,153.6243,243.46734628775084
squeezed_Kon Tum,2016-08-01,244.7814,240.1623096513625,218.39307,254.9250326427473,220.16542,257.4384550642006,56.32139,221.15570889669524,153.6243,182.62917472602308,130.16728,215.79332131370586
squeezed_Kon Tum,2016-09-01,218.39307,259.0669906936315,220.16542,266.0252584679943,56.32139,231.0045589095431,153.6243,188.17066477392737,130.16728,196.36786216723453,146.89482,242.58559612767533
squeezed_Kon Tum,2016-10-01,220.16542,230.7242045317715,56.32139,212.6782927801773,153.6243,213.84087036628372,130.16728,209.37656286891948,146.89482,215.17235891283732,149.39435,206.73784726890239
squeezed_Kon Tum,2016-11-01,56.32139,222.30616807810736,153.6243,194.36959279190168,130.16728,201.4103938512666,146.89482,227.81477769690864,149.39435,201.76346015041273,133.2436,230.378809033854
squeezed_Kon Tum,2016-12-01,153.6243,159.18560811938994,130.16728,188.84379777913443,146.89482,199.84304690010129,149.39435,186.8366348863097,133.2436,189.4006572373257,166.31416,219.44085369409083
squeezed_Kon Tum,2017-01-01,130.16728,174.72771103710596,146.89482,198.94958919765074,149.39435,179.94245484050418,133.2436,206.95453673639682,166.31416,201.84965929998492,171.3132,244.93423760896465
squeezed_Kon Tum,2017-02-01,146.89482,163.99591250576768,149.39435,171.45807751000223,133.2436,172.34284958713525,166.31416,182.22780361025906,171.3132,259.9208936221141,172.46683,272.2154536497961
squeezed_Kon Tum,2017-03-01,149.39435,171.7057756353271,133.2436,195.87963069270538,166.31416,186.01351888369285,171.3132,201.0714981373514,172.46683,251.9216193113849,230.91713,386.10180536494903
squeezed_Kon Tum,2017-04-01,133.2436,167.11927228233162,166.31416,204.94628280406172,171.3132,229.40405083462326,172.46683,272.68833676819105,230.91713,349.18562746468274,218.6118,250.20687954229757
squeezed_Kon Tum,2017-05-01,166.31416,172.49428429829217,171.3132,266.9488139801076,172.46683,244.190608736124,230.91713,288.9854920461813,218.6118,239.69167356257108,181.50356,275.120244236903
squeezed_Kon Tum,2017-06-01,171.3132,208.2061782387066,172.46683,313.06190936499706,230.91713,265.4648019484068,218.6118,253.8146435798962,181.50356,233.56526180058782,181.69583,194.28708695281534
squeezed_Kon Tum,2017-07-01,172.46683,217.33445499975863,230.91713,297.3975232733204,218.6118,230.1770398352349,181.50356,223.97417778839701,181.69583,152.1551647985445,0.0,194.7492471644449
squeezed_Kon Tum,2017-08-01,230.91713,211.97046890273623,218.6118,278.1163930369994,181.50356,213.1430680327863,181.69583,177.7374996981634,0.0,166.284576158109,0.0,164.01554956637614
squeezed_Kon Tum,2017-09-01,218.6118,204.40381726894267,181.50356,241.8072303524543,181.69583,187.22259150769702,0.0,155.071841151129,0.0,157.83479917077472,0.0,178.76822347679934
squeezed_Kon Tum,2017-10-01,181.50356,196.02697454810308,181.69583,187.83957727513885,0.0,175.44764991897608,0.0,153.17419181353546,0.0,175.4784326728833,0.0,185.49409476591703
squeezed_Kon Tum,2017-11-01,181.69583,179.6208362229707,0.0,156.5281896883704,0.0,165.4718234763345,0.0,171.2099086365465,0.0,168.68458795605937,0.0,204.27334365833872
squeezed_Kon Tum,2017-12-01,0.0,166.283976126835,0.0,156.1370364185003,0.0,182.81530611144876,0.0,185.90923912561374,0.0,189.61438454618306,0.0,213.8608129835073
squeezed_Lai Châu,2016-01-01,278.89908,287.7303110487055,342.66055,285.7956866152786,309.63303,293.83866869080583,234.86238,289.9656615724901,254.81651,320.0082225722012,231.42201,339.0925833375499
squeezed_Lai Châu,2016-02-01,342.66055,270.3475632589158,309.63303,293.9362185548354,234.86238,301.1556113011887,254.81651,299.28629459165774,231.42201,327.34889221942456,303.66974,360.49656644437385
squeezed_Lai Châu,2016-03-01,309.63303,312.2211538889637,234.86238,343.5385600433415,254.81651,300.7160732677951,231.42201,331.14254449609405,303.66974,363.2402903944005,291.97247,430.4563767233287
squeezed_Lai Châu,2016-04-01,234.86238,310.80930507003086,254.81651,304.0496838241836,231.42201,334.4996789563845,303.66974,431.5611054920614,291.97247,423.16226696355545,263.76147,449.66875704375127
squeezed_Lai Châu,2016-05-01,254.81651,302.70423624667586,231.42201,282.72911830484514,303.66974,391.30994768143705,291.97247,438.5005416380525,263.76147,368.896189210571,285.09174,371.5561635590163
squeezed_Lai Châu,2016-06-01,231.42201,330.27464071311687,303.66974,388.9159790811817,291.97247,423.601915301531,263.76147,373.87403366766995,285.09174,333.33230605371534,229.12843,381.12672179261864
squeezed_Lai Châu,2016-07-01,303.66974,360.72575074572666,291.97247,426.58211950581347,263.76147,409.92649372000204,285.09174,355.48791619339744,229.12843,345.95296563862786,157.25534,274.93249127637057
squeezed_Lai Châu,2016-08-01,291.97247,402.7437334657698,263.76147,396.25888086258794,285.09174,336.5684692096771,229.12843,310.8988782692902,157.25534,270.6431810016056,0.0,255.64405256448603
squeezed_Lai Châu,2016-09-01,263.76147,325.43604624752095,285.09174,314.15455558314306,229.12843,289.89079248022404,157.25534,266.0767430992775,0.0,262.73893765877887,247.01912,260.12738917723834
squeezed_Lai Châu,2016-10-01,285.09174,292.71963836742174,229.12843,284.8368867384656,157.25534,257.64639087813316,0.0,269.4954157702049,247.01912,278.0241425310033,182.67717,261.5470652030697
squeezed_Lai Châu,2016-11-01,229.12843,305.60546615868765,157.25534,265.08061152649884,0.0,254.4776911345577,247.01912,252.14582244177825,182.67717,255.40679784707092,197.97525,263.10813191855004
squeezed_Lai Châu,2016-12-01,157.25534,227.82756876203527,0.0,241.79077287901725,247.01912,282.2424597626645,182.67717,245.43484935478247,197.97525,271.30020758120764,205.39932,256.4472160071126
squeezed_Lai Châu,2017-01-01,0.0,209.79663410904482,247.01912,250.58575135740364,182.67717,274.541541798612,197.97525,244.80002242274887,205.39932,247.13112847804769,263.44208,237.9548509315154
squeezed_Lai Châu,2017-02-01,247.01912,198.89041687430674,182.67717,233.48165334463326,197.97525,262.75032533235446,205.39932,280.7719856881899,263.44208,239.403997040017,0.0,271.4020340014863
squeezed_Lai Châu,2017-03-01,182.67717,243.17377604808144,197.97525,267.4859178608144,205.39932,288.5013522142636,263.44208,248.1902701652927,0.0,289.3803501806654,383.57706,281.80464054370674
squeezed_Lai Châu,2017-04-01,197.97525,219.21177373981536,205.39932,234.80949200618184,263.44208,241.60157024451567,0.0,292.2241657775996,383.57706,299.43446378876064,266.3667,281.7475422827632
squeezed_Lai Châu,2017-05-01,205.39932,217.01314647672754,263.44208,201.43754232664256,0.0,287.6846452053326,383.57706,270.1187295332552,266.3667,317.6411523020947,257.5928,246.55741539615377
squeezed_Lai Châu,2017-06-01,263.44208,209.08868615825287,0.0,248.56414587629746,383.57706,313.62430006526006,266.3667,301.07734718105166,257.5928,265.68039866863694,217.09787,211.1810641314202
squeezed_Lai Châu,2017-07-01,0.0,267.7901609205393,383.57706,299.6124069781177,266.3667,304.45957351591085,257.5928,257.9845076742971,217.09787,236.60898605338838,216.5858,206.2433954955778
squeezed_Lai Châu,2017-08-01,383.57706,268.33631535620384,266.3667,234.68482792946648,257.5928,254.01746729541316,217.09787,196.4691872819948,216.5858,180.8021617556319,203.573,165.11574924984268
squeezed_Lai Châu,2017-09-01,266.3667,311.32159163083014,257.5928,271.80180540105954,217.09787,224.34780190852308,216.5858,174.3019086202374,203.573,188.50294962535153,189.01633,229.5828394009741
squeezed_Lai Châu,2017-10-01,257.5928,273.0132892222458,217.09787,252.3001684477713,216.5858,192.9586567936823,203.573,203.6159965663505,189.01633,251.82921131624585,166.07852,184.97769371563527
squeezed_Lai Châu,2017-11-01,217.09787,254.28852903069003,216.5858,193.33770536220032,203.573,185.82581340794803,189.01633,208.29814713124662,166.07852,189.97640161144608,184.1641,206.84248741480306
squeezed_Lai Châu,2017-12-01,216.5858,186.06213088981846,203.573,202.31694171130454,189.01633,217.53259604621292,166.07852,191.58048847518288,184.1641,187.5234362681662,147.77238,237.04792124607454
squeezed_Long An,2016-01-01,140.21199,145.41106572379476,172.01128,148.3299126821943,148.66496,153.1967612912277,132.29572,130.96743236702187,132.29572,135.60330345790177,135.65007,133.09256453752687
squeezed_Long An,2016-02-01,172.01128,149.04960696718263,148.66496,140.628968912877,132.29572,136.44557851542044,132.29572,135.09626802373415,135.65007,141.17376426135365,131.69194,138.54675334140688
squeezed_Long An,2016-03-01,148.66496,161.99680693454576,132.29572,143.9215161761953,132.29572,147.84473215169564,135.65007,148.64093686037245,131.69194,136.67303738937807,161.27734,151.28435477919345
squeezed_Long An,2016-04-01,132.29572,142.7938265865928,132.29572,147.52655246348337,135.65007,148.1024267958627,131.69194,139.71190150936243,161.27734,146.99952999879986,178.51872,161.79564239160734
squeezed_Long An,2016-05-01,132.29572,144.02991390201078,135.65007,141.91046914232416,131.69194,146.34001552346672,161.27734,140.81374595186347,178.51872,154.1432849235486,155.7762,159.78366551499232
squeezed_Long An,2016-06-01,135.65007,140.79117110950196,131.69194,139.07612280786827,161.27734,146.6835056099484,178.51872,145.87044904555628,155.7762,142.89315372796574,67.690865,153.88967652178738
squeezed_Long An,2016-07-01,131.69194,143.75712855232828,161.27734,144.31777961722747,178.51872,142.57390684299398,155.7762,146.37172462726753,67.690865,150.17093991611353,135.35463,141.1404758744083
squeezed_Long An,2016-08-01,161.27734,141.76361753573843,178.51872,140.99615809961023,155.7762,139.235765058806,67.690865,140.51005029685993,135.35463,143.31922734796504,144.73921,135.05271205096034
squeezed_Long An,2016-09-01,178.51872,155.4541624964205,155.7762,159.9551677282036,67.690865,148.46845765339592,135.35463,141.08527187511345,144.73921,144.0312013706794,167.0577,165.36052701173037
squeezed_Long An,2016-10-01,155.7762,168.64650777126107,67.690865,148.37127652345262,135.35463,153.04466593640473,144.73921,150.16803506879754,167.0577,151.45633368638954,121.51838,155.24842075276962
squeezed_Long An,2016-11-01,67.690865,152.70015360111088,135.35463,144.879919070871,144.73921,153.59618348035877,167.0577,152.43205422143825,121.51838,145.1942062836744,120.97696,148.42623357584318
squeezed_Long An,2016-12-01,135.35463,126.17483491357689,144.73921,131.92241065641804,167.0577,145.11657499030773,121.51838,136.93857135497814,120.97696,129.71777299701756,137.27968,129.6598333715575
squeezed_Long An,2017-01-01,144.73921,138.8225288185794,167.0577,140.05771001558355,121.51838,145.13810639799303,120.97696,144.5049763379539,137.27968,138.29976579785566,108.644646,134.40790749617057
squeezed_Long An,2017-02-01,167.0577,148.19506664338854,121.51838,137.693128768571,120.97696,134.10714214477878,137.27968,136.21509789491486,108.644646,137.82747951634886,110.20875,148.36933045870492
squeezed_Long An,2017-03-01,121.51838,150.65208254529662,120.97696,142.5005962387754,137.27968,141.3882981945846,108.644646,152.66632831393633,110.20875,147.96008795839785,121.93948,157.04084266775698
squeezed_Long An,2017-04-01,120.97696,134.2857965985278,137.27968,136.3780774733585,108.644646,139.67220047367806,110.20875,154.25877992641955,121.93948,146.33771190272319,121.75901,152.6412329115321
squeezed_Long An,2017-05-01,137.27968,132.57199709232142,108.644646,130.85838393729955,110.20875,141.11182133421474,121.93948,138.05370708835082,121.75901,140.8224903356638,136.79842,149.7628455820407
squeezed_Long An,2017-06-01,108.644646,147.0822680874021,110.20875,146.37952698861892,121.93948,143.737539759545,121.75901,141.80671200306006,136.79842,137.54175054133867,124.34579,141.05689735377783
squeezed_Long An,2017-07-01,110.20875,134.29290700663157,121.93948,146.21563517498973,121.75901,147.0506203288313,136.79842,138.64202149644512,124.34579,136.95919255400952,119.12562,133.30174993023795
squeezed_Long An,2017-08-01,121.93948,127.89786809314859,121.75901,138.72977602681226,136.79842,125.5827487726156,124.34579,120.34304991095473,119.12562,120.19493737655863,108.463875,124.24980810845165
squeezed_Long An,2017-09-01,121.75901,140.6311743183938,136.79842,124.3251047566271,124.34579,122.38298864633452,119.12562,120.70943114071315,108.463875,118.71336343310684,109.65513,129.5240544751858
squeezed_Long An,2017-10-01,136.79842,131.48046897595694,124.34579,118.5789591612496,119.12562,125.2430746769097,108.463875,121.8842534574569,109.65513,117.91291387432874,108.046936,116.97941645971062
squeezed_Long An,2017-11-01,124.34579,141.35018419772877,119.12562,127.6681173967323,108.463875,126.89927327650997,109.65513,132.16340618970844,108.046936,122.87289888454336,97.74257,116.14169900896803
squeezed_Long An,2017-12-01,119.12562,118.51155083486915,108.463875,126.36145915023465,109.65513,128.71038472946103,108.046936,122.32249545963934,97.74257,122.60200781049524,89.0464,118.83711973387096
squeezed_Lào Cai,2016-01-01,263.3348,343.6783405843506,246.9677,289.817661234701,290.51587,338.02355609298615,279.4096,369.0847361989429,287.3009,303.11140579303867,246.9677,506.2149922001601
squeezed_Lào Cai,2016-02-01,246.9677,293.2498238019471,290.51587,328.50532761860075,279.4096,352.3828720997309,287.3009,346.50532899015684,246.9677,478.51955931497406,172.00058,342.76357571466815
squeezed_Lào Cai,2016-03-01,290.51587,291.510805893756,279.4096,343.8404480990196,287.3009,327.34266129848936,246.9677,450.33130747653894,172.00058,304.89178586332525,226.07043,400.71753906122126
squeezed_Lào Cai,2016-04-01,279.4096,309.56798157090464,287.3009,333.4820168576432,246.9677,403.0822418003393,172.00058,357.75832225538613,226.07043,404.8987487732296,287.7393,367.95663256237884
squeezed_Lào Cai,2016-05-01,287.3009,317.9872177952436,246.9677,388.6202705448519,172.00058,376.25218013711975,226.07043,420.3707708055787,287.7393,426.1622797214648,269.03406,365.93760555041445
squeezed_Lào Cai,2016-06-01,246.9677,386.5112475673958,172.00058,389.39955231360307,226.07043,338.074182919287,287.7393,408.763122069768,269.03406,392.71700939598435,238.63803,328.97891095851975
squeezed_Lào Cai,2016-07-01,172.00058,398.4507413956544,226.07043,429.7917501628067,287.7393,350.5947398432228,269.03406,395.3703139723607,238.63803,324.50555629302517,161.30399,295.38942689833897
squeezed_Lào Cai,2016-08-01,226.07043,346.4661264805845,287.7393,343.0637515319601,269.03406,308.55726669052433,238.63803,294.4969025958429,161.30399,303.77775092111017,0.0,275.63295316492827
squeezed_Lào Cai,2016-09-01,287.7393,292.78373368248737,269.03406,331.5634587362537,238.63803,274.9792814319887,161.30399,273.1156205858951,0.0,266.09502512236764,0.0,253.2122385950109
squeezed_Lào Cai,2016-10-01,269.03406,331.5580768197749,238.63803,294.15687793106434,161.30399,270.0177067517222,0.0,247.54241286247094,0.0,253.54978093765786,0.0,320.8207624354824
squeezed_Lào Cai,2016-11-01,238.63803,284.5729895747732,161.30399,280.39969835618496,0.0,248.17085586225429,0.0,262.55770720103584,0.0,280.5832111646465,165.53767,313.7435338645488
squeezed_Lào Cai,2016-12-01,161.30399,237.94133128602203,0.0,253.47551655229364,0.0,245.09589299709776,0.0,290.20602607201766,165.53767,305.4054083611333,146.62715,302.24230635978194
squeezed_Lào Cai,2017-01-01,0.0,223.71501120137336,0.0,247.41372404553735,0.0,224.10388245970955,165.53767,300.85102458843846,146.62715,279.2834417101302,147.89726,269.76409316561615
squeezed_Lào Cai,2017-02-01,0.0,219.6917588355798,0.0,237.27101871034998,165.53767,234.47081931138038,146.62715,288.07312113029593,147.89726,295.640113132152,172.59384,213.89441410131158
squeezed_Lào Cai,2017-03-01,0.0,186.22972139826103,165.53767,213.09663522193568,146.62715,240.36581431633252,147.89726,298.50066767723825,172.59384,291.1700042896128,206.1812,190.83986425374388
squeezed_Lào Cai,2017-04-01,165.53767,176.36067108771294,146.62715,188.05109842909658,147.89726,259.1826412795967,172.59384,210.86052093313378,206.1812,203.59186165888534,229.04318,257.3117953516606
squeezed_Lào Cai,2017-05-01,146.62715,191.96609329845205,147.89726,199.62162909621392,172.59384,182.43374759635898,206.1812,176.23911808517445,229.04318,261.24388474073476,180.21451,215.95574729622783
squeezed_Lào Cai,2017-06-01,147.89726,192.11816333543143,172.59384,198.05722770740596,206.1812,186.552793073001,229.04318,226.14862626862097,180.21451,191.9999127215013,0.0,177.1343991890776
squeezed_Lào Cai,2017-07-01,172.59384,195.15196769267678,206.1812,170.5389948596728,229.04318,198.66978261313488,180.21451,237.13555343946865,0.0,191.00378423636667,148.30743,150.3601492329971
squeezed_Lào Cai,2017-08-01,206.1812,192.3262910861124,229.04318,204.83651971961416,180.21451,199.70381881331994,0.0,213.59719113962774,148.30743,179.3438058136724,142.48058,159.08325860576952
squeezed_Lào Cai,2017-09-01,229.04318,199.8845912753244,180.21451,211.73486344737583,0.0,179.4552543395047,148.30743,160.46453929534397,142.48058,139.39462467746185,130.5494,138.1720748655147
squeezed_Lào Cai,2017-10-01,180.21451,187.96543004266272,0.0,206.33929463185615,148.30743,171.92163196214898,142.48058,171.85690862719414,130.5494,167.41349853708405,145.67148,175.012071459145
squeezed_Lào Cai,2017-11-01,0.0,192.48932826518057,148.30743,201.7959428193578,142.48058,157.02865330135023,130.5494,161.19677331222184,145.67148,196.6257202295964,158.85127,197.6322179362561
squeezed_Lào Cai,2017-12-01,148.30743,147.24626257135705,142.48058,115.39271081172258,130.5494,141.70928218524327,145.67148,130.8488997537144,158.85127,189.8678673449648,123.05772,188.83482746724485
squeezed_Lâm Đồng,2016-01-01,37.49418,48.56549329241118,54.494644,48.33856157787028,58.764168,51.78352450869619,69.39916,53.21010505322177,50.14749,47.21224522332951,45.334576,53.06546998623878
squeezed_Lâm Đồng,2016-02-01,54.494644,49.269116397337505,58.764168,44.563327699748704,69.39916,49.03922119538024,50.14749,51.44416218817414,45.334576,50.14817421403743,45.800343,50.40902669542191
squeezed_Lâm Đồng,2016-03-01,58.764168,46.86639521077337,69.39916,50.46468027547847,50.14749,53.15173262309276,45.334576,52.41822097479176,45.800343,56.20584408815901,51.544792,56.715151693841904
squeezed_Lâm Đồng,2016-04-01,69.39916,55.02027217139452,50.14749,50.534753871901685,45.334576,52.99174797727568,45.800343,56.248561922039734,51.544792,57.95148897699749,102.23568,55.9618401638294
squeezed_Lâm Đồng,2016-05-01,50.14749,62.75786603920449,45.334576,60.95643631664507,45.800343,60.78880983682182,51.544792,62.16198388168723,102.23568,63.490809227767876,104.02112,55.567592720711865
squeezed_Lâm Đồng,2016-06-01,45.334576,56.63811549836979,45.800343,59.14934896690961,51.544792,56.79541795090559,102.23568,64.4186983813295,104.02112,56.76196036844496,104.02112,51.88301270078555
squeezed_Lâm Đồng,2016-07-01,45.800343,56.31171999184193,51.544792,55.79850984132414,102.23568,55.76516673325843,104.02112,58.31990273170887,104.02112,50.1971455654208,73.59713,49.11090256509726
squeezed_Lâm Đồng,2016-08-01,51.544792,52.716121201271314,102.23568,53.18389500495424,104.02112,51.69141732980961,104.02112,50.684837804246044,73.59713,47.380640952382684,83.196754,49.13186299972441
squeezed_Lâm Đồng,2016-09-01,102.23568,54.06017760084951,104.02112,49.14220610603776,104.02112,50.77817792368634,73.59713,50.765452538300025,83.196754,47.07771472693709,116.834465,49.45975145968658
squeezed_Lâm Đồng,2016-10-01,104.02112,67.88347876756536,104.02112,65.98453240440953,73.59713,59.31930455114768,83.196754,56.48946542646686,116.834465,58.24148348184628,53.38328,60.24223454698399
squeezed_Lâm Đồng,2016-11-01,104.02112,81.56664553852637,73.59713,76.97386488761255,83.196754,67.54446830362025,116.834465,59.647601669305274,53.38328,64.6980443301854,76.953094,68.27482783705574
squeezed_Lâm Đồng,2016-12-01,73.59713,85.93269119010687,83.196754,82.80927359303764,116.834465,70.78959746325698,53.38328,75.4044120738828,76.953094,67.04850349901783,93.654884,74.61861603174398
squeezed_Lâm Đồng,2017-01-01,83.196754,78.62781789744285,116.834465,71.54856189524514,53.38328,78.20444513315775,76.953094,79.38814467932671,93.654884,75.28923608252941,128.69742,72.02373335458026
squeezed_Lâm Đồng,2017-02-01,116.834465,79.70551640057884,53.38328,73.7111839341853,76.953094,79.76253518658744,93.654884,77.46584813047768,128.69742,76.80734004992635,97.869354,79.21091440805475
squeezed_Lâm Đồng,2017-03-01,53.38328,95.0929647798989,76.953094,88.05755640238499,93.654884,81.29350157707736,128.69742,86.77362281762404,97.869354,83.85435476177146,132.7558,90.45542124933043
squeezed_Lâm Đồng,2017-04-01,76.953094,74.27692015718023,93.654884,69.80933348421462,128.69742,75.5734860710108,97.869354,77.94950253290104,132.7558,86.37191028233954,147.19426,91.64349371715828
squeezed_Lâm Đồng,2017-05-01,93.654884,69.70331799995985,128.69742,76.51958413579642,97.869354,79.84109832812763,132.7558,87.55222484180037,147.19426,86.98619342046288,92.17201,108.59269804054877
squeezed_Lâm Đồng,2017-06-01,128.69742,85.95777318528361,97.869354,86.26461979185157,132.7558,86.54753137396227,147.19426,87.68005240121656,92.17201,90.15118416312576,80.855385,86.611962095391
squeezed_Lâm Đồng,2017-07-01,97.869354,105.16358770393909,132.7558,93.27415972410617,147.19426,93.47072626226274,92.17201,103.57041342187321,80.855385,90.50583674111792,14.945021,90.45417076913506
squeezed_Lâm Đồng,2017-08-01,132.7558,97.62319235266175,147.19426,96.70159511526069,92.17201,94.63432245838584,80.855385,86.54100643038903,14.945021,92.25664223740797,67.52362,89.93625620392707
squeezed_Lâm Đồng,2017-09-01,147.19426,122.58459579253113,92.17201,102.91858175101308,80.855385,90.79081313233307,14.945021,93.94910602459356,67.52362,84.37809238992614,100.66595,97.83082132596215
squeezed_Lâm Đồng,2017-10-01,92.17201,131.8944356878228,80.855385,110.34899553901518,14.945021,97.36315347507153,67.52362,99.3496951646876,100.66595,105.19975595268481,78.442,99.40770769043786
squeezed_Lâm Đồng,2017-11-01,80.855385,96.48764127972791,14.945021,98.37416257629526,67.52362,93.01109171842175,100.66595,105.51180826535654,78.442,98.76181793507028,81.77172,98.16842975118753
squeezed_Lâm Đồng,2017-12-01,14.945021,88.72055264670479,67.52362,88.77882122142196,100.66595,97.72500317886092,78.442,95.05309246374398,81.77172,85.41658780471164,76.66099,92.89237088247593
squeezed_Lạng Sơn,2016-01-01,106.803696,152.5605759759961,171.84857,175.25368398113136,161.96175,170.67710120757394,167.29544,183.04253392829852,100.819565,178.92825717751566,100.039024,174.2815815368694
squeezed_Lạng Sơn,2016-02-01,171.84857,155.20665648104344,161.96175,161.4016251677187,167.29544,164.24557288501083,100.819565,166.70504459526995,100.039024,157.97642703434317,155.19708,175.38644837850822
squeezed_Lạng Sơn,2016-03-01,161.96175,177.12894953278936,167.29544,191.23067195665513,100.819565,222.29060396074226,100.039024,175.95027713228598,155.19708,173.68874847234443,166.90517,187.62134831202226
squeezed_Lạng Sơn,2016-04-01,167.29544,180.25765111910047,100.819565,197.37282047459064,100.039024,178.9388220486706,155.19708,177.44425582545267,166.90517,175.33442138074895,156.75816,180.23346383792105
squeezed_Lạng Sơn,2016-05-01,100.819565,179.02392576558753,100.039024,176.7947216175941,155.19708,180.16842863641418,166.90517,180.57625079820548,156.75816,173.4303276202395,116.69051,168.79508252998903
squeezed_Lạng Sơn,2016-06-01,100.039024,155.6881139521021,155.19708,181.57012448509875,166.90517,163.92184860187817,156.75816,155.5433290407006,116.69051,148.08066870315145,12.878886,148.27436894946095
squeezed_Lạng Sơn,2016-07-01,155.19708,139.96148037096546,166.90517,151.5232292042581,156.75816,155.01961105061076,116.69051,137.37264444793777,12.878886,138.69476371666593,80.0052,138.40928005169474
squeezed_Lạng Sơn,2016-08-01,166.90517,159.7802872631435,156.75816,166.47398206700078,116.69051,156.5649044578857,12.878886,148.60358700981757,80.0052,119.95186463677958,132.0411,143.87740107799354
squeezed_Lạng Sơn,2016-09-01,156.75816,160.22679179042083,116.69051,162.5894218128308,12.878886,145.56489804450092,80.0052,133.76371213562896,132.0411,132.78778127918545,116.9507,153.88932020449843
squeezed_Lạng Sơn,2016-10-01,116.69051,154.17833649320002,12.878886,145.78288869561845,80.0052,132.19201267798343,132.0411,151.94318497475732,116.9507,140.43636222317062,135.03317,157.38635640122084
squeezed_Lạng Sơn,2016-11-01,12.878886,132.6042223970296,80.0052,114.36413473212716,132.0411,132.74843652985004,116.9507,141.61971909882655,135.03317,143.87230602769463,156.10771,159.50757466622542
squeezed_Lạng Sơn,2016-12-01,80.0052,93.30636609107643,132.0411,107.25895261565095,116.9507,129.02708654710983,135.03317,123.47651148237487,156.10771,131.33163082923338,143.6191,141.46918133512185
squeezed_Lạng Sơn,2017-01-01,132.0411,99.06071539402025,116.9507,123.0712239903728,135.03317,132.07109857624758,156.10771,138.063269985535,143.6191,122.88073436427746,150.90413,124.20409305168577
squeezed_Lạng Sơn,2017-02-01,116.9507,134.42067436134073,135.03317,138.03937826200246,156.10771,138.38499215849902,143.6191,118.39511125371861,150.90413,127.43034127552949,154.80682,138.58483149126522
squeezed_Lạng Sơn,2017-03-01,135.03317,132.05878449175714,156.10771,132.36772654213183,143.6191,117.36044310719475,150.90413,121.98458584997073,154.80682,136.91099990475573,172.10875,126.48932949277571
squeezed_Lạng Sơn,2017-04-01,156.10771,134.97501483666213,143.6191,129.9374542695317,150.90413,124.39156193237373,154.80682,143.7982581577806,172.10875,139.74610355426273,151.68466,136.1533277077877
squeezed_Lạng Sơn,2017-05-01,143.6191,139.52815398494147,150.90413,138.67676598803544,154.80682,145.11663451776695,172.10875,147.8387911414139,151.68466,150.03730908124874,120.98348,118.82823292764986
squeezed_Lạng Sơn,2017-06-01,150.90413,141.52374426653128,154.80682,150.8988161261212,172.10875,146.61092634727123,151.68466,150.1576066166539,120.98348,136.6270658338408,135.29335,116.7112108088191
squeezed_Lạng Sơn,2017-07-01,154.80682,154.01439681465854,172.10875,155.72278122460864,151.68466,150.59266001588898,120.98348,134.3683766635589,135.29335,122.86615320107366,109.5502,111.82311425413785
squeezed_Lạng Sơn,2017-08-01,172.10875,157.9769733869269,151.68466,154.27857301073806,120.98348,138.7684259076233,135.29335,133.18982447156705,109.5502,116.70971884938054,111.48344,127.88099545428638
squeezed_Lạng Sơn,2017-09-01,151.68466,165.1474262821617,120.98348,136.1779331374369,135.29335,125.68952418912002,109.5502,128.98458425130508,111.48344,118.32828011209709,144.09073,140.6465780475204
squeezed_Lạng Sơn,2017-10-01,120.98348,137.3928221886985,135.29335,131.778226814156,109.5502,136.6333746699895,111.48344,127.33587678448451,144.09073,136.3655630300445,117.28316,137.05192135998976
squeezed_Lạng Sơn,2017-11-01,135.29335,125.68802021482276,109.5502,123.22887073117931,111.48344,121.76150134353715,144.09073,133.4949966693407,117.28316,139.77476356671897,120.50522,137.5115145578688
squeezed_Lạng Sơn,2017-12-01,109.5502,118.62351530065895,111.48344,126.1082643440829,144.09073,135.00925356089687,117.28316,138.17751893416641,120.50522,133.73681211898568,100.14177,144.9993534018741
squeezed_Nam Định,2016-01-01,62.236855,60.340224293619265,68.71424,60.75770966259424,60.131706,55.76579343875034,49.0122,74.19536615721047,51.495197,58.8796211515071,48.202526,53.636752462610005
squeezed_Nam Định,2016-02-01,68.71424,61.436095203746476,60.131706,60.86537798893037,49.0122,63.121623357935256,51.495197,75.05163696643764,48.202526,56.7154876104627,51.33326,59.106655983748496
squeezed_Nam Định,2016-03-01,60.131706,67.69537389843948,49.0122,70.5245134128251,51.495197,70.0495573183863,48.202526,58.92559362488381,51.33326,62.485291501196436,49.821873,57.75664259209398
squeezed_Nam Định,2016-04-01,49.0122,69.9410984808334,51.495197,81.23318837630279,48.202526,65.39429808552647,51.33326,61.73931865693953,49.821873,62.574809381662135,55.00378,71.80730757937836
squeezed_Nam Định,2016-05-01,51.495197,62.02552326160352,48.202526,64.19027158992752,51.33326,66.94619549789027,49.821873,57.598631888975774,55.00378,52.64075703531018,53.654324,60.09199463057239
squeezed_Nam Định,2016-06-01,48.202526,58.102919481221726,51.33326,60.15695052895233,49.821873,59.02058583893222,55.00378,56.748425046399376,53.654324,54.04677343213672,53.2225,55.29204692603152
squeezed_Nam Định,2016-07-01,51.33326,56.02766155782235,49.821873,51.01364623691398,55.00378,56.84574166352962,53.654324,48.77596150467744,53.2225,49.45980932154353,48.98781,49.507097827760866
squeezed_Nam Định,2016-08-01,49.821873,52.13991178156057,55.00378,59.880747564308145,53.654324,51.341609557823034,53.2225,50.80282652809849,48.98781,45.71735649400613,53.40566,47.63220441458748
squeezed_Nam Định,2016-09-01,55.00378,52.34894355649627,53.654324,51.75118055935691,53.2225,50.64509961666213,48.98781,49.97891337299566,53.40566,45.04483778317047,57.26429,49.74020083105931
squeezed_Nam Định,2016-10-01,53.654324,52.18896065886421,53.2225,50.42187346801221,48.98781,49.907569107613625,53.40566,49.67469199859611,57.26429,52.56259312154219,51.448383,51.85598701470902
squeezed_Nam Định,2016-11-01,53.2225,51.036365206841886,48.98781,48.73016936705605,53.40566,51.16780054583425,57.26429,52.032695932624506,51.448383,56.343994321027616,57.82351,52.982920247789465
squeezed_Nam Định,2016-12-01,48.98781,50.99152278475703,53.40566,49.09420855917291,57.26429,52.34918289103543,51.448383,52.461439855748544,57.82351,56.09217796089984,0.0,61.40658798307396
squeezed_Nam Định,2017-01-01,53.40566,50.77594628714039,57.26429,52.25772253585915,51.448383,54.55390305074868,57.82351,66.22409714247127,0.0,71.23550307810233,38.3626,52.47762105028799
squeezed_Nam Định,2017-02-01,57.26429,50.62719961815193,51.448383,52.64889123789425,57.82351,61.869941305785034,0.0,65.69077954918235,38.3626,60.2366482217743,56.369534,56.92292892439114
squeezed_Nam Định,2017-03-01,51.448383,56.09809240376766,57.82351,55.473915428330635,0.0,64.16916086609645,38.3626,59.728525828140484,56.369534,61.495931073987244,56.76099,58.15117700687878
squeezed_Nam Định,2017-04-01,57.82351,53.22050175423481,0.0,56.97481741389148,38.3626,55.645811702437015,56.369534,58.65141938550658,56.76099,59.6055454606786,61.626217,53.04392875905916
squeezed_Nam Định,2017-05-01,0.0,56.09809240376766,38.3626,52.679812804609305,56.369534,56.578042801681825,56.76099,61.01660111278527,61.626217,59.78989929908402,61.17884,52.961792342273185
squeezed_Nam Định,2017-06-01,38.3626,48.10311669955519,56.369534,41.157925706884434,56.76099,50.29608965283121,61.626217,45.50918573851426,61.17884,42.96079952267337,53.12605,43.853930541663274
squeezed_Nam Định,2017-07-01,56.369534,44.877178166419064,56.76099,45.691481822167624,61.626217,50.284566256719316,61.17884,49.78378086126932,53.12605,44.364406983112076,0.0,48.20470379329462
squeezed_Nam Định,2017-08-01,56.76099,47.342477519201566,61.626217,50.89892478914308,61.17884,49.73150884650058,53.12605,48.695469810165974,0.0,53.09752873153556,0.0,48.2668518873845
squeezed_Nam Định,2017-09-01,61.626217,49.69168189559475,61.17884,48.24370346060991,53.12605,50.41376123260474,0.0,47.11875987074981,0.0,48.653473511972216,0.0,51.57032032798715
squeezed_Nam Định,2017-10-01,61.17884,56.914883717595835,53.12605,56.39108352861391,0.0,51.2341539992854,0.0,51.21847098996163,0.0,56.377579185732934,0.0,48.262114176728076
squeezed_Nam Định,2017-11-01,53.12605,61.365843747745465,0.0,56.232090620605206,0.0,52.75852790065414,0.0,54.20206872290078,0.0,59.53863407760584,0.0,52.11296221259443
squeezed_Nam Định,2017-12-01,0.0,57.27256052566087,0.0,50.03529560380974,0.0,52.5766832066473,0.0,57.28518447097527,0.0,60.23273269402775,0.0,63.19936987127615
squeezed_Nghệ An,2016-01-01,123.909195,156.65133323257442,167.76686,156.4792086983157,140.07407,155.62459902882384,136.66077,154.65565423682358,125.48704,143.72061248447145,96.5706,134.49884523405063
squeezed_Nghệ An,2016-02-01,167.76686,150.4442156553658,140.07407,160.47233545454193,136.66077,147.31915674416376,125.48704,137.53282659100677,96.5706,133.0277424596949,119.01465,131.23820611127712
squeezed_Nghệ An,2016-03-01,140.07407,163.59594040373813,136.66077,164.42475881011117,125.48704,153.25826476098294,96.5706,150.91662629100512,119.01465,151.2227246273998,143.55176,145.45815081705888
squeezed_Nghệ An,2016-04-01,136.66077,154.02647702917332,125.48704,148.43079778744175,96.5706,140.87175100519661,119.01465,142.03581804735208,143.55176,142.7815174870014,145.58043,161.46476676376753
squeezed_Nghệ An,2016-05-01,125.48704,147.164742639345,96.5706,141.49709144219028,119.01465,149.07441150940633,143.55176,145.7528588302654,145.58043,176.16134566210297,126.71068,157.86905645796585
squeezed_Nghệ An,2016-06-01,96.5706,133.0087302258281,119.01465,145.1563885644611,143.55176,142.2052886653581,145.58043,144.50206524164042,126.71068,165.16162652809416,3.6709065,142.14619731772794
squeezed_Nghệ An,2016-07-01,119.01465,128.1191236226952,143.55176,148.7827390596243,145.58043,137.98156696310446,126.71068,123.30869944566541,3.6709065,182.29895689411907,80.974525,129.64777076728848
squeezed_Nghệ An,2016-08-01,143.55176,138.6106863379671,145.58043,146.9734047495862,126.71068,133.1042015297312,3.6709065,123.34530796706696,80.974525,114.2349596288501,87.81224,126.56779400195548
squeezed_Nghệ An,2016-09-01,145.58043,147.73099689157735,126.71068,135.01447129860753,3.6709065,130.2642685945868,80.974525,122.26923122712535,87.81224,120.46806938304815,98.90042,123.91291590819375
squeezed_Nghệ An,2016-10-01,126.71068,146.51925202059172,3.6709065,133.48594848795094,80.974525,131.4136134327663,87.81224,134.99675134926878,98.90042,139.4119717781386,86.39542,127.35123010832427
squeezed_Nghệ An,2016-11-01,3.6709065,124.15448225323539,80.974525,124.00892149524326,87.81224,126.67559034261161,98.90042,135.2429980656295,86.39542,127.47858750726934,111.74423,128.7372438763368
squeezed_Nghệ An,2016-12-01,80.974525,120.65052714041278,87.81224,107.05106309767854,98.90042,120.50196357711944,86.39542,107.13640283166104,111.74423,112.00010521211479,104.22891,117.47976226851789
squeezed_Nghệ An,2017-01-01,87.81224,97.63613743297456,98.90042,119.10799757642629,86.39542,142.73663985081703,111.74423,133.76637118109113,104.22891,112.45059023750146,91.5391,113.04655968737714
squeezed_Nghệ An,2017-02-01,98.90042,121.69370805730443,86.39542,117.66538238694149,111.74423,115.41367110608999,104.22891,119.67601154871424,91.5391,109.96135739277639,0.0,107.31892527616306
squeezed_Nghệ An,2017-03-01,86.39542,109.61826819163855,111.74423,115.09051645183501,104.22891,112.44303937712404,91.5391,114.95160423112094,0.0,131.34563879425522,111.68263,118.97288006667446
squeezed_Nghệ An,2017-04-01,111.74423,99.75394218717615,104.22891,103.79446815446238,91.5391,98.43300370606494,0.0,114.17403798740858,111.68263,119.62354002512672,104.25971,106.03213354539412
squeezed_Nghệ An,2017-05-01,104.22891,118.0170707132326,91.5391,114.62497501984048,0.0,115.99393749670966,111.68263,118.73348394737295,104.25971,115.03912409996877,97.4836,101.31074800771479
squeezed_Nghệ An,2017-06-01,91.5391,106.16874044566364,0.0,124.29181112051634,111.68263,121.14287061639747,104.25971,124.0533502114256,97.4836,120.52889349553475,98.86962,101.35345742972076
squeezed_Nghệ An,2017-07-01,0.0,114.45273458747211,111.68263,126.79100836345019,104.25971,119.1326007681926,97.4836,114.48049178620111,98.86962,107.13256314802398,90.052864,92.46172518083719
squeezed_Nghệ An,2017-08-01,111.68263,104.82591519957609,104.25971,97.5673132543206,97.4836,95.05535221163167,98.86962,93.57635267465521,90.052864,67.86772454586158,69.87908,75.63314883779441
squeezed_Nghệ An,2017-09-01,104.25971,105.08964743716955,97.4836,97.30860443030915,98.86962,90.62080671896896,90.052864,77.54294392521997,69.87908,78.2516854209806,91.663124,89.10916159982918
squeezed_Nghệ An,2017-10-01,97.4836,97.8078339709227,98.86962,90.34216750900303,90.052864,87.28256078225988,69.87908,82.75162543072948,91.663124,86.94604849958299,90.052864,87.31275228947325
squeezed_Nghệ An,2017-11-01,98.86962,96.76699043755028,90.052864,86.00645791993932,69.87908,83.94537935116915,91.663124,82.72204520222203,90.052864,86.81230234828949,83.49031,87.7769484578909
squeezed_Nghệ An,2017-12-01,90.052864,92.04630429319309,69.87908,90.50383995371593,91.663124,92.41456872177314,90.052864,91.17370444409787,83.49031,95.10585405398156,63.681107,87.42933370689256
squeezed_Ninh Bình,2016-01-01,142.3775,150.6727562045954,132.82971,158.72705388511883,155.17784,152.30312880119055,130.62637,145.77045440081298,116.462074,145.8803063969501,115.0981,142.9136061790243
squeezed_Ninh Bình,2016-02-01,132.82971,189.0117548791981,155.17784,158.6132738414459,130.62637,158.67017476179998,116.462074,153.29947760666153,115.0981,148.32776392018587,115.93747,158.4849276515607
squeezed_Ninh Bình,2016-03-01,155.17784,146.7037730974724,130.62637,155.72910042671165,116.462074,162.7109097677596,115.0981,141.86365690058508,115.93747,166.8103090711365,138.60036,143.25544688620286
squeezed_Ninh Bình,2016-04-01,130.62637,157.0035268439608,116.462074,173.46019745100767,115.0981,156.16393601684115,115.93747,165.14562415975516,138.60036,161.50318296120523,128.10828,203.14539028447436
squeezed_Ninh Bình,2016-05-01,116.462074,142.11295432300358,115.0981,151.23713215146827,115.93747,156.615403135644,138.60036,148.74883321504012,128.10828,165.07471130463094,127.05907,154.54347853093816
squeezed_Ninh Bình,2016-06-01,115.0981,137.61606039403364,115.93747,145.5478769992511,138.60036,147.87973767172622,128.10828,147.28647793125276,127.05907,168.60078315630236,20.564474,155.09337988152305
squeezed_Ninh Bình,2016-07-01,115.93747,138.3576316624865,138.60036,142.9000114233994,128.10828,142.56821829833098,127.05907,134.66718519699052,20.564474,155.46192578158463,108.1417,136.47359212280955
squeezed_Ninh Bình,2016-08-01,138.60036,137.30110739809342,128.10828,147.5029751230792,127.05907,143.696091887265,20.564474,129.70410325710208,108.1417,124.20337521798906,121.60762,126.09655013744053
squeezed_Ninh Bình,2016-09-01,128.10828,149.4178809132758,127.05907,145.53240804472065,20.564474,130.66104650948438,108.1417,121.67808557316533,121.60762,126.44116809825351,124.92231,130.4720189243674
squeezed_Ninh Bình,2016-10-01,127.05907,138.4336230285278,20.564474,132.36454056174946,108.1417,126.54483605098208,121.60762,125.80765592427701,124.92231,128.19440753681687,121.711205,135.79987285372857
squeezed_Ninh Bình,2016-11-01,20.564474,126.76930670682495,108.1417,125.34256401915525,121.60762,128.71191196135996,124.92231,127.68135979294593,121.711205,133.6786328223312,120.05386,139.76450921441875
squeezed_Ninh Bình,2016-12-01,108.1417,109.07937644792719,121.60762,114.66325028329388,124.92231,115.41249537989424,121.711205,136.22948147492596,120.05386,134.016723719882,109.695465,126.38091755791564
squeezed_Ninh Bình,2017-01-01,121.60762,112.38161719660039,124.92231,117.03733808224132,121.711205,130.45394744172913,120.05386,141.03066879216104,109.695465,135.1261191984061,117.8786,121.99420336916191
squeezed_Ninh Bình,2017-02-01,124.92231,123.84411217662857,121.711205,133.39594354968253,120.05386,129.43232510139654,109.695465,123.54033954789351,117.8786,123.2140095075706,113.11374,123.36498662488734
squeezed_Ninh Bình,2017-03-01,121.711205,131.17038083597456,120.05386,142.37545071665272,109.695465,130.8068867515469,117.8786,124.10550570021161,113.11374,138.9279515261378,110.93847,117.39825699695233
squeezed_Ninh Bình,2017-04-01,120.05386,129.81183575508194,109.695465,121.17958934203145,117.8786,121.82889737840175,113.11374,129.8408080813867,110.93847,128.7247839772496,108.76321,119.49363800612267
squeezed_Ninh Bình,2017-05-01,109.695465,125.0620906503842,117.8786,127.35493073801658,113.11374,125.24407900009653,110.93847,121.05256184547795,108.76321,116.31729888644666,75.098404,114.44468453995539
squeezed_Ninh Bình,2017-06-01,117.8786,125.69813795418058,113.11374,130.6546826226344,110.93847,121.55521566173844,108.76321,119.13393797523628,75.098404,127.1868377980423,118.189354,108.29378381637372
squeezed_Ninh Bình,2017-07-01,113.11374,127.81189784682995,110.93847,128.2028772487913,108.76321,119.52194982876372,75.098404,119.8053946467746,118.189354,111.03664704949654,99.6204,109.31952754583659
squeezed_Ninh Bình,2017-08-01,110.93847,112.78100757156072,108.76321,117.60653989244108,75.098404,114.361275828244,118.189354,108.53003834173013,99.6204,103.57143867296547,105.468346,102.49408020454273
squeezed_Ninh Bình,2017-09-01,108.76321,118.3514742865032,75.098404,110.68985139188746,118.189354,103.07222279622277,99.6204,111.50822421060481,105.468346,108.77303295513981,87.411514,111.23658971549442
squeezed_Ninh Bình,2017-10-01,75.098404,109.51171473188276,118.189354,106.13689124737661,99.6204,110.02038010220798,105.468346,114.9366501534279,87.411514,114.56996233049543,93.054276,111.04237397719295
squeezed_Ninh Bình,2017-11-01,118.189354,92.90976225994582,99.6204,97.43606354395074,105.468346,111.77985632567241,87.411514,105.72644539673483,93.054276,112.66657643408648,98.90223,102.77395057676468
squeezed_Ninh Bình,2017-12-01,99.6204,108.45085732741269,105.468346,108.85629473529661,87.411514,111.98183252694331,93.054276,118.2571280170889,98.90223,123.52645946114444,86.38555,116.33912444043237
squeezed_Ninh Thuận,2016-01-01,125.87296,233.1343163647612,173.59494,222.705227583048,163.28566,262.41183506376166,189.72398,246.35500628365824,204.3565,256.9174056402651,167.94147,258.34540336086246
squeezed_Ninh Thuận,2016-02-01,173.59494,200.32319549902127,163.28566,206.20584786329184,189.72398,276.86228123959364,204.3565,227.5493114692753,167.94147,247.56939963253527,141.00432,219.86898828071656
squeezed_Ninh Thuận,2016-03-01,163.28566,215.12310809742155,189.72398,230.5297584189785,204.3565,229.33267362851683,167.94147,238.63173709219137,141.00432,234.1677395912599,155.13802,248.47968515044542
squeezed_Ninh Thuận,2016-04-01,189.72398,199.78763876703272,204.3565,217.13981143959685,167.94147,211.86637464746374,141.00432,231.0024603931832,155.13802,229.32974310136476,154.30663,252.97683423699294
squeezed_Ninh Thuận,2016-05-01,204.3565,206.03193315413594,167.94147,227.50793944285502,141.00432,227.18913761631202,155.13802,274.9787650782188,154.30663,289.26674338770596,170.93448,255.62185233476842
squeezed_Ninh Thuận,2016-06-01,167.94147,221.7538769731594,141.00432,250.38525052521726,155.13802,260.19668594587114,154.30663,283.5032358152611,170.93448,356.3783307345219,170.93448,252.80273369142614
squeezed_Ninh Thuận,2016-07-01,141.00432,208.11613949002282,155.13802,244.4980350892527,154.30663,244.0496646235688,170.93448,250.88143001029414,170.93448,239.77383257023834,123.33447,213.231724010149
squeezed_Ninh Thuận,2016-08-01,155.13802,197.70408392657876,154.30663,247.0723426198868,170.93448,229.82130064299486,170.93448,250.111037306059,123.33447,202.52303400116767,185.17253,161.96722836703526
squeezed_Ninh Thuận,2016-09-01,154.30663,205.75642104965982,170.93448,255.3436047592158,170.93448,204.5151019658169,123.33447,189.41322270409538,185.17253,157.0954880890993,147.93304,178.42879890202835
squeezed_Ninh Thuận,2016-10-01,170.93448,200.83099140116562,170.93448,221.71470045804247,123.33447,189.45641759196215,185.17253,176.8732080951554,147.93304,172.18671766116805,120.43047,183.3588156833894
squeezed_Ninh Thuận,2016-11-01,170.93448,169.39794858068296,123.33447,156.8273688411067,185.17253,180.65654440011264,147.93304,162.1533179822494,120.43047,171.14585003145,111.54766,186.72418479733432
squeezed_Ninh Thuận,2016-12-01,123.33447,160.90954938542885,185.17253,158.77892290319718,147.93304,168.98251558140694,120.43047,180.0744691846118,111.54766,187.88543835135198,122.65118,192.81262726306187
squeezed_Ninh Thuận,2017-01-01,185.17253,160.21360811761676,147.93304,163.04723096536185,120.43047,166.04242367917493,111.54766,166.5986900394214,122.65118,192.3804596470776,127.60506,164.444208813701
squeezed_Ninh Thuận,2017-02-01,147.93304,201.8008067330973,120.43047,171.33673764279806,111.54766,181.87535441606772,122.65118,202.9018482473128,127.60506,203.43269726170243,151.17868,179.12659352767704
squeezed_Ninh Thuận,2017-03-01,120.43047,173.91748054915075,111.54766,171.34880229411638,122.65118,180.27554043641382,127.60506,184.76233749508253,151.17868,199.7511187386235,170.3109,169.09054422484647
squeezed_Ninh Thuận,2017-04-01,111.54766,148.37899041009973,122.65118,177.82316497762383,127.60506,165.0435031359939,151.17868,185.13555156704393,170.3109,173.05314728575448,191.83464,213.00287834625544
squeezed_Ninh Thuận,2017-05-01,122.65118,151.62498832724518,127.60506,174.41739317963072,151.17868,175.3645260859419,170.3109,189.76527241372307,191.83464,201.03970720355233,217.97061,176.18350781206595
squeezed_Ninh Thuận,2017-06-01,127.60506,144.46074733726397,151.17868,153.78015282500016,170.3109,173.90514576220374,191.83464,177.54148964256663,217.97061,172.19399878254967,0.0,199.86641494292513
squeezed_Ninh Thuận,2017-07-01,151.17868,143.33091016752402,170.3109,166.89640788393157,191.83464,168.9181280189846,217.97061,161.8552550097085,0.0,242.88789416201365,181.18526,186.96006589025757
squeezed_Ninh Thuận,2017-08-01,170.3109,175.8572600412901,191.83464,184.1504337816428,217.97061,158.85436939544,0.0,180.10785921180772,181.18526,173.30431104659402,116.14875,172.77315438419828
squeezed_Ninh Thuận,2017-09-01,191.83464,165.31313211872356,217.97061,167.93580395082083,0.0,173.72630267087425,181.18526,155.09872976758052,116.14875,170.0483394868758,227.20326,153.5077065154192
squeezed_Ninh Thuận,2017-10-01,217.97061,176.69558262086653,0.0,177.25512883378116,181.18526,164.4949727631417,116.14875,161.35567726215356,227.20326,151.30080015174033,134.82765,163.62887789285483
squeezed_Ninh Thuận,2017-11-01,0.0,196.55871137804513,181.18526,168.80400386145385,116.14875,182.07175541235898,227.20326,173.7466572591412,134.82765,157.46277891980444,130.58244,162.8162716589833
squeezed_Ninh Thuận,2017-12-01,181.18526,171.46314718020793,116.14875,153.24210348702982,227.20326,166.94858588361885,134.82765,136.58642140710126,130.58244,156.79048577283336,173.20428,141.0795138933959
squeezed_Phú Thọ,2016-01-01,107.114426,98.99750457876885,147.57184,126.96402189336068,135.63002,117.7768881173182,110.298904,111.89096557133603,98.71897,113.77289326987813,96.90961,99.89698344154488
squeezed_Phú Thọ,2016-02-01,147.57184,122.1791083726594,135.63002,116.71523655287689,110.298904,119.28200294084246,98.71897,124.87316975162476,96.90961,103.319099086795,86.921906,107.27277509691851
squeezed_Phú Thọ,2016-03-01,135.63002,136.78159198616962,110.298904,129.21006738968967,98.71897,131.18256088815343,96.90961,108.55462539818792,86.921906,127.2213714487404,86.921906,107.62933095871968
squeezed_Phú Thọ,2016-04-01,110.298904,136.50858935431424,98.71897,138.33343186502557,96.90961,110.01161298818364,86.921906,118.83667558281775,86.921906,120.91143990579982,92.6395,127.40309405460104
squeezed_Phú Thọ,2016-05-01,98.71897,121.43784801091866,96.90961,109.79378950429496,86.921906,112.9457497123597,86.921906,123.05501046976163,92.6395,120.9860737910499,85.98104,114.37297343940845
squeezed_Phú Thọ,2016-06-01,96.90961,101.97530983155745,86.921906,112.47580931305278,86.921906,118.764362782161,92.6395,104.65096562235247,85.98104,111.64292804665912,54.353333,101.48819863540807
squeezed_Phú Thọ,2016-07-01,86.921906,103.19908991087608,86.921906,117.29767043064477,92.6395,115.59519730674303,85.98104,103.6542996254151,54.353333,110.14178393434368,65.01223,100.91542131525573
squeezed_Phú Thọ,2016-08-01,86.921906,102.22776782823138,92.6395,100.67476052895971,85.98104,112.4949696074788,54.353333,112.08290792765075,65.01223,92.37733399100368,78.154495,95.08707575279193
squeezed_Phú Thọ,2016-09-01,92.6395,97.89804395080064,85.98104,98.10044207264143,54.353333,108.38963164078416,65.01223,95.33482446160019,78.154495,107.30576568712934,79.4827,107.9125254943274
squeezed_Phú Thọ,2016-10-01,85.98104,96.83280345886881,54.353333,107.90115231498956,65.01223,94.50556868673198,78.154495,101.21567091422295,79.4827,113.22804009690338,88.91996,107.28789416687826
squeezed_Phú Thọ,2016-11-01,54.353333,103.7546893848341,65.01223,88.4572414218778,78.154495,102.5920841387418,79.4827,107.17877893091723,88.91996,107.95218229065154,78.43411,106.18113106446249
squeezed_Phú Thọ,2016-12-01,65.01223,82.42187399533387,78.154495,89.01094647928086,79.4827,106.59547173867345,88.91996,101.66710926771553,78.43411,115.5867314060607,88.71024,98.85461938075815
squeezed_Phú Thọ,2017-01-01,78.154495,87.08999457082582,79.4827,105.65761229236978,88.91996,95.4072833105513,78.43411,131.6194717204515,88.71024,102.25208235273584,68.71723,90.9377776762129
squeezed_Phú Thọ,2017-02-01,79.4827,94.11693603055986,88.91996,100.37460370716327,78.43411,117.9438416638706,88.71024,97.33708197832894,68.71723,84.8482395327912,80.6711,90.11939408666957
squeezed_Phú Thọ,2017-03-01,88.91996,92.789999315375,78.43411,101.02417336020574,88.71024,100.71671487310482,68.71723,90.75601241516736,80.6711,90.10835407901654,90.94722,87.28921683587566
squeezed_Phú Thọ,2017-04-01,78.43411,92.72668341767196,88.71024,90.63586825096182,68.71723,93.73254867270245,80.6711,93.46561549357135,90.94722,91.57798872838528,92.485146,83.7379871077058
squeezed_Phú Thọ,2017-05-01,88.71024,79.99969524341488,68.71723,86.5714989968574,80.6711,93.55726745057622,90.94722,90.83584133651951,92.485146,84.4724777618161,80.181755,85.93416745100062
squeezed_Phú Thọ,2017-06-01,68.71723,87.50948957700342,80.6711,86.77260929788721,90.94722,87.17180120301491,92.485146,83.63302993478476,80.181755,105.8781324933247,74.16987,74.71209476677132
squeezed_Phú Thọ,2017-07-01,80.6711,80.8935276967365,90.94722,85.3440356891608,92.485146,78.30154536102808,80.181755,78.50157321309742,74.16987,74.6433769672159,66.22517,72.1782288973228
squeezed_Phú Thọ,2017-08-01,90.94722,81.51340549941713,92.485146,83.28130174918775,80.181755,79.42110515135,74.16987,78.4083218184362,66.22517,91.92704613399984,49.875828,70.18051038640509
squeezed_Phú Thọ,2017-09-01,92.485146,82.50938525393487,80.181755,86.00098834844022,74.16987,77.06388619959644,66.22517,76.49544746706613,49.875828,71.84940373383647,63.948677,72.00680453864307
squeezed_Phú Thọ,2017-10-01,80.181755,88.42379218059115,74.16987,84.86816519152875,66.22517,81.13141957587452,49.875828,78.81038550143936,63.948677,79.16943014441436,62.63797,84.08121999541503
squeezed_Phú Thọ,2017-11-01,74.16987,82.58239713834675,66.22517,73.31134394407931,49.875828,80.3495097117119,63.948677,78.6900400318174,62.63797,73.80535716308587,57.80905,76.35108973384735
squeezed_Phú Thọ,2017-12-01,66.22517,76.58124447769151,49.875828,76.71708453672724,63.948677,84.04059497396524,62.63797,83.6564581255662,57.80905,80.96828861185668,56.56733,77.74123166546785
squeezed_Phú Yên,2016-01-01,82.94418,85.84410617669062,99.17723,95.36668821690434,76.0507,84.23784289970386,71.38092,83.57291779983103,66.59995,78.0300144506697,49.588615,82.56067364510812
squeezed_Phú Yên,2016-02-01,99.17723,81.6435778258419,76.0507,76.51361487517013,71.38092,79.50117911621638,66.59995,80.69538115782159,49.588615,74.55745816056502,45.919502,84.80253049661505
squeezed_Phú Yên,2016-03-01,76.0507,87.59665071766045,71.38092,88.8187743637291,66.59995,83.62792352078299,49.588615,84.19122855467403,45.919502,84.62218109098615,70.38026,93.97097222951902
squeezed_Phú Yên,2016-04-01,71.38092,82.82951086197205,66.59995,77.78726924292098,49.588615,84.85742498551171,45.919502,74.33913802715554,70.38026,87.4459664103128,82.0547,88.92114942486558
squeezed_Phú Yên,2016-05-01,66.59995,76.98509074304906,49.588615,79.2177601907214,45.919502,78.80905772715651,70.38026,82.26993151259592,82.0547,92.66710603426658,57.038025,112.58594142759883
squeezed_Phú Yên,2016-06-01,49.588615,80.43818369905556,45.919502,77.00229839438728,70.38026,83.49879675039305,82.0547,83.9583365760143,57.038025,124.44191609193525,57.038025,89.40615734902852
squeezed_Phú Yên,2016-07-01,45.919502,68.2100563262893,70.38026,71.6242226100559,82.0547,81.21235503224035,57.038025,92.48754916669303,57.038025,97.91206369745792,0.0,78.54898050019138
squeezed_Phú Yên,2016-08-01,70.38026,70.48185781577723,82.0547,71.86945757647202,57.038025,86.58912743333865,57.038025,101.2391495688389,0.0,73.66749306641817,41.95402,67.19254311320846
squeezed_Phú Yên,2016-09-01,82.0547,74.68119591136137,57.038025,88.38469948501981,57.038025,104.02379668764061,0.0,70.86031018119088,41.95402,63.50166111928219,45.747128,77.10226373800488
squeezed_Phú Yên,2016-10-01,57.038025,88.81145572783635,57.038025,90.5462683821413,0.0,79.9298405058409,41.95402,65.05442578934309,45.747128,67.36490778425636,39.54023,66.84402732477687
squeezed_Phú Yên,2016-11-01,57.038025,101.03822961270079,0.0,71.43228455116433,41.95402,68.45522532995938,45.747128,68.78057099722707,39.54023,60.45605019879741,0.0,64.3628089348586
squeezed_Phú Yên,2016-12-01,0.0,77.31156696785683,41.95402,65.03959787255292,45.747128,63.86376876900689,39.54023,62.17660791014743,0.0,59.443833390198186,28.62069,59.87937593275375
squeezed_Phú Yên,2017-01-01,41.95402,67.39227858305826,45.747128,43.96671838147578,39.54023,54.53688094302624,0.0,50.254050537281046,28.62069,43.39537128825295,40.0,47.29657231433504
squeezed_Phú Yên,2017-02-01,45.747128,47.14131827668338,39.54023,56.97613668102515,0.0,47.87280731679902,28.62069,46.60083969099672,40.0,53.586608160465936,0.0,48.684056755540915
squeezed_Phú Yên,2017-03-01,39.54023,48.149003591563975,0.0,50.25397816419584,28.62069,51.404291932839214,40.0,52.876866280804926,0.0,48.81120611891034,34.022987,50.63007776543603
squeezed_Phú Yên,2017-04-01,0.0,44.57731574139837,28.62069,44.74585045102416,40.0,47.63257164359616,0.0,49.19648796782105,34.022987,46.519914534004506,31.609196,50.3821471855652
squeezed_Phú Yên,2017-05-01,28.62069,48.8244353285746,40.0,39.78696534350094,0.0,49.4376229491784,34.022987,45.538887734270084,31.609196,46.48628755106696,47.12644,45.35754548064005
squeezed_Phú Yên,2017-06-01,40.0,37.132135626430376,0.0,39.94041876455644,34.022987,42.10407229089326,31.609196,43.68340536966918,47.12644,56.37178395795766,41.49425,41.872705130303665
squeezed_Phú Yên,2017-07-01,0.0,35.1328764182657,34.022987,39.30487789060734,31.609196,36.60543301083118,47.12644,38.72341106251951,41.49425,33.301554705588856,0.0,33.70920875919446
squeezed_Phú Yên,2017-08-01,34.022987,35.01687307651896,31.609196,40.57616398774472,47.12644,38.70197177431946,41.49425,34.39507023885458,0.0,31.77933157109782,34.53815,31.607205298779203
squeezed_Phú Yên,2017-09-01,31.609196,32.126864365600376,47.12644,48.17497215618824,41.49425,34.357626300863686,0.0,37.03321224826748,34.53815,32.33657424293351,39.013195,31.3667045110103
squeezed_Phú Yên,2017-10-01,47.12644,53.07783077538443,41.49425,33.63336518463579,0.0,33.15945647079102,34.53815,30.937667233337844,39.013195,28.720793452983706,0.0,29.900216489369154
squeezed_Phú Yên,2017-11-01,41.49425,42.89058006500219,0.0,40.99702942069831,34.53815,35.32278668148032,39.013195,29.051081609685802,0.0,42.13372853086375,30.407343,32.24860019641027
squeezed_Phú Yên,2017-12-01,0.0,46.02490132540699,34.53815,43.39593484004431,39.013195,35.241886347308125,0.0,44.27200387922144,30.407343,46.52392950277284,23.752151,36.357306954655165
squeezed_Quảng Bình,2016-01-01,141.27834,180.7389696601368,170.21762,188.43838484785988,158.1406,159.79020527638562,150.507,151.57362068351645,139.68326,144.88198915825853,115.871025,144.05812539942366
squeezed_Quảng Bình,2016-02-01,170.21762,163.73442702031485,158.1406,165.00389098147602,150.507,163.56750903960994,139.68326,146.165531552581,115.871025,143.00205129829,133.98656,144.65846370730162
squeezed_Quảng Bình,2016-03-01,158.1406,169.86408652634407,150.507,171.3666599842235,139.68326,158.38163678119412,115.871025,162.75887836182324,133.98656,155.2356967414569,154.8365,179.01990241174855
squeezed_Quảng Bình,2016-04-01,150.507,158.56870594639952,139.68326,161.91820520570224,115.871025,157.95686475014145,133.98656,160.29189081237303,154.8365,200.6221899820784,170.21762,179.52248603316664
squeezed_Quảng Bình,2016-05-01,139.68326,154.29234346700383,115.871025,151.45381869834816,133.98656,164.0227814538154,154.8365,161.21905609540883,170.21762,192.71385038588082,164.40697,171.2870588153005
squeezed_Quảng Bình,2016-06-01,115.871025,148.6834406440171,133.98656,158.52701585134326,154.8365,152.62812809844792,170.21762,153.16941501443327,164.40697,188.690242321259,65.853935,147.315169846588
squeezed_Quảng Bình,2016-07-01,133.98656,140.1087249857997,154.8365,147.45082219338926,170.21762,153.56970164988542,164.40697,144.28637150998276,65.853935,178.2241494350635,106.808174,139.2888575061995
squeezed_Quảng Bình,2016-08-01,154.8365,145.15781459745827,170.21762,153.89597441853448,164.40697,153.3033672149852,65.853935,145.90316646540447,106.808174,134.237231003586,139.66354,137.6802139904554
squeezed_Quảng Bình,2016-09-01,170.21762,152.27862275599074,164.40697,148.06342322210858,65.853935,155.04724101147184,106.808174,142.25797014811954,139.66354,140.16422774499375,0.0,152.2226826331618
squeezed_Quảng Bình,2016-10-01,164.40697,242.66797698948258,65.853935,158.680894361648,106.808174,153.84623647712175,139.66354,152.19280592910243,0.0,160.6820741361459,0.0,164.5968582611886
squeezed_Quảng Bình,2016-11-01,65.853935,175.85953460891784,106.808174,154.71394049983311,139.66354,155.4141784976728,0.0,173.7632560387313,0.0,164.00696212213515,108.614655,161.05135914802543
squeezed_Quảng Bình,2016-12-01,106.808174,120.9859722940349,139.66354,134.744456245735,0.0,147.52740051486703,0.0,153.30469485419846,108.614655,146.1600648797062,104.88879,141.75209178220402
squeezed_Quảng Bình,2017-01-01,139.66354,132.43447418812826,0.0,147.68876803895867,0.0,146.8561571059486,108.614655,137.6942826408277,104.88879,138.1845790495348,126.227844,141.9636488647787
squeezed_Quảng Bình,2017-02-01,0.0,155.38321186780578,0.0,154.585096741246,108.614655,142.1405285693202,104.88879,134.92628700723608,126.227844,132.16162105329818,0.0,143.47384761355266
squeezed_Quảng Bình,2017-03-01,0.0,133.41919203458173,108.614655,120.4359078354507,104.88879,119.80706659645078,126.227844,135.25203615080707,0.0,130.8989464400753,0.0,152.71054936654002
squeezed_Quảng Bình,2017-04-01,108.614655,93.65679985202863,104.88879,89.11634422824481,126.227844,115.42979984191582,0.0,126.30016062326841,0.0,170.2661194172935,0.0,122.9277953207187
squeezed_Quảng Bình,2017-05-01,104.88879,105.81273286364102,126.227844,116.78630925317304,0.0,126.06542116656091,0.0,126.98478432641363,0.0,140.3730260164107,0.0,111.08720812044925
squeezed_Quảng Bình,2017-06-01,126.227844,124.7633068752491,0.0,122.18953677686677,0.0,125.98574123603667,0.0,130.64255814394315,0.0,123.46079978422607,0.0,98.38391387390395
squeezed_Quảng Bình,2017-07-01,0.0,134.49740155833268,0.0,141.12542022065043,0.0,126.15315921145059,0.0,152.83494165753964,0.0,136.40029063292891,0.0,101.69169961335486
squeezed_Quảng Bình,2017-08-01,0.0,109.59900678621244,0.0,129.52791504085647,0.0,121.90416265002814,0.0,104.20134504664824,0.0,86.85951218318267,0.0,86.51429751405318
squeezed_Quảng Bình,2017-09-01,0.0,92.92001634437132,0.0,69.67588275324657,0.0,76.06316687771596,0.0,69.48440448388531,0.0,71.67496050950369,0.0,61.62185710678846
squeezed_Quảng Bình,2017-10-01,0.0,119.69668365753314,0.0,57.216002705283195,0.0,80.71969820728165,0.0,60.00456805225951,0.0,50.66749240548184,0.0,72.08576867551562
squeezed_Quảng Bình,2017-11-01,0.0,42.32823578083057,0.0,60.18219933813129,0.0,61.70284844551611,0.0,66.88783365949132,0.0,56.84635612844532,0.0,64.91628989804722
squeezed_Quảng Bình,2017-12-01,0.0,43.72662021290713,0.0,46.55522736046785,0.0,41.34306101956204,0.0,63.206695321374845,0.0,65.4737758716154,0.0,54.76975580009868
squeezed_Quảng Nam,2016-01-01,187.73946,222.98123469053817,208.91309,224.0848618538441,172.68266,210.32442462544023,159.3063,191.22228135315436,157.62587,177.23744113296573,168.04463,198.44991553998662
squeezed_Quảng Nam,2016-02-01,208.91309,224.75833144155953,172.68266,205.68461267095685,159.3063,195.96527884731384,157.62587,196.72017753363022,168.04463,211.00876052423578,196.545,208.21035033585395
squeezed_Quảng Nam,2016-03-01,172.68266,208.5805444873915,159.3063,197.19085973061217,157.62587,187.42698223540384,168.04463,201.2226448733065,196.545,204.50881754170095,164.21321,212.42803952885285
squeezed_Quảng Nam,2016-04-01,159.3063,182.6313643375733,157.62587,180.71104200300314,168.04463,184.7849415686828,196.545,196.6316703364371,164.21321,208.79590168341025,132.62082,212.06494718470697
squeezed_Quảng Nam,2016-05-01,157.62587,168.4053649277293,168.04463,183.86760553623537,196.545,187.3769204170601,164.21321,208.51807490834386,132.62082,209.2491709781933,133.36021,200.42420785479342
squeezed_Quảng Nam,2016-06-01,168.04463,170.45231948523556,196.545,203.76671782385338,164.21321,202.4003490345169,132.62082,204.09956864314685,133.36021,187.50476275147085,11.830342,219.8097757854692
squeezed_Quảng Nam,2016-07-01,196.545,189.52410299274655,164.21321,189.493332727177,132.62082,199.888118917162,133.36021,185.11620943088752,11.830342,217.91464276571216,157.35185,197.31838063877717
squeezed_Quảng Nam,2016-08-01,164.21321,199.33786759386595,132.62082,218.95640516609686,133.36021,186.98312838195508,11.830342,187.71756451666482,157.35185,184.42677383509178,181.82431,189.62269924847274
squeezed_Quảng Nam,2016-09-01,132.62082,184.49156558581595,133.36021,193.82265769327427,11.830342,184.77218939249354,157.35185,173.17409299566825,181.82431,180.5872917591692,192.47624,205.66100654544763
squeezed_Quảng Nam,2016-10-01,133.36021,165.6978767933294,11.830342,183.41549234723814,157.35185,179.98234838193096,181.82431,155.3647225358732,192.47624,184.91741271881415,151.62138,176.51390575162483
squeezed_Quảng Nam,2016-11-01,11.830342,176.15620679392404,157.35185,163.96990144569,181.82431,165.85677660407387,192.47624,167.39849021847544,151.62138,165.6394431255291,126.137665,179.90339692930982
squeezed_Quảng Nam,2016-12-01,157.35185,180.94222519866494,181.82431,157.3302276738278,192.47624,164.8963021648822,151.62138,148.11995492354538,126.137665,154.43994765649595,136.048,152.61338281460925
squeezed_Quảng Nam,2017-01-01,181.82431,149.36327983299745,192.47624,153.22014221373223,151.62138,160.7140284906493,126.137665,152.07300374723283,136.048,143.3224298208473,135.71092,189.2445680901782
squeezed_Quảng Nam,2017-02-01,192.47624,176.02116224870863,151.62138,152.88272302826516,126.137665,155.7556802917898,136.048,144.00850115445047,135.71092,164.91276384576938,145.95834,202.53958691989052
squeezed_Quảng Nam,2017-03-01,151.62138,168.12643943026117,126.137665,159.41737941756494,136.048,162.13005780779724,135.71092,181.5303687879264,145.95834,169.77380433076397,157.01477,156.890716040424
squeezed_Quảng Nam,2017-04-01,126.137665,159.32388995443966,136.048,152.8228200066204,135.71092,167.7233340924561,145.95834,166.15088532824151,157.01477,160.79129485565974,156.34059,177.30353049465214
squeezed_Quảng Nam,2017-05-01,136.048,147.92627489470698,135.71092,152.85548680346457,145.95834,151.43460493397865,157.01477,164.32561552512217,156.34059,167.24856578887434,160.79013,150.6880581081417
squeezed_Quảng Nam,2017-06-01,135.71092,153.16279058919793,145.95834,151.8308591172034,157.01477,145.32682570288955,156.34059,155.963842883785,160.79013,144.7135336670355,174.54324,145.76954157005036
squeezed_Quảng Nam,2017-07-01,145.95834,153.04014394771883,157.01477,177.77217024649508,156.34059,143.6596881969777,160.79013,156.99987387524752,174.54324,145.3955607416328,150.32198,141.39933370683187
squeezed_Quảng Nam,2017-08-01,157.01477,147.30362465047938,156.34059,175.56861360344251,160.79013,154.9648867918026,174.54324,151.89280276791212,150.32198,153.03488215633462,151.32814,155.2392280726523
squeezed_Quảng Nam,2017-09-01,156.34059,155.61794861962798,160.79013,160.02338626050576,174.54324,154.6724410917411,150.32198,149.1394036322565,151.32814,161.7957184644352,159.77998,168.76304628368356
squeezed_Quảng Nam,2017-10-01,160.79013,182.76006225326788,174.54324,167.53795014895067,150.32198,169.9960936469475,151.32814,165.7887270132433,159.77998,171.64245183178107,145.49236,165.21774194148952
squeezed_Quảng Nam,2017-11-01,174.54324,181.0730783641217,150.32198,170.72223466583281,151.32814,166.2265706972235,159.77998,171.5060269901154,145.49236,165.30716589788298,138.78455,168.41005233892247
squeezed_Quảng Nam,2017-12-01,150.32198,163.85569276464207,151.32814,182.1901436803746,159.77998,181.79061944924788,145.49236,160.41814864635487,138.78455,158.732868960305,140.66273,164.663862657375
squeezed_Quảng Ngãi,2016-01-01,38.194168,45.02330560976147,43.068317,40.54486269083175,40.19177,44.65558426684312,29.644426,47.50071098202767,32.76069,39.65909530271976,31.0827,43.36880924856132
squeezed_Quảng Ngãi,2016-02-01,43.068317,44.22475558894551,40.19177,41.189840165910304,29.644426,46.03127691997384,32.76069,43.72677340903063,31.0827,46.18922687255799,37.954456,52.46350707695847
squeezed_Quảng Ngãi,2016-03-01,40.19177,45.76788389459758,29.644426,48.46961072421434,32.76069,45.66445818177156,31.0827,43.82842911934005,37.954456,46.83114587672124,34.278866,47.794208390436836
squeezed_Quảng Ngãi,2016-04-01,29.644426,48.48988319723026,32.76069,48.054012592537646,31.0827,48.37462116160655,37.954456,45.576489349119335,34.278866,48.40961597839806,38.353973,44.92640613823992
squeezed_Quảng Ngãi,2016-05-01,32.76069,46.46138879256234,31.0827,40.105188481984044,37.954456,48.06272370398896,34.278866,46.9452522975971,38.353973,61.26301803845327,34.35877,43.800007324274034
squeezed_Quảng Ngãi,2016-06-01,31.0827,42.69238100381668,37.954456,45.337284291587835,34.278866,45.755498278832974,38.353973,43.63446475831504,34.35877,40.45180289411676,26.368359,60.11436615062377
squeezed_Quảng Ngãi,2016-07-01,37.954456,38.80565202871839,34.278866,42.351713010048314,38.353973,41.82669636431769,34.35877,41.23309886265668,26.368359,36.723971169513696,40.035805,48.56176327915201
squeezed_Quảng Ngãi,2016-08-01,34.278866,39.4418476400862,38.353973,43.900323850317086,34.35877,45.86342166211239,26.368359,41.39591478194711,40.035805,55.06973644856664,54.113434,36.823645927601696
squeezed_Quảng Ngãi,2016-09-01,38.353973,39.22640004793951,34.35877,41.988919493709986,26.368359,45.66597035624518,40.035805,38.540011995564484,54.113434,35.08421641781983,48.580032,35.9296921801267
squeezed_Quảng Ngãi,2016-10-01,34.35877,40.09806260248246,26.368359,43.51644747451538,40.035805,38.808597852133296,54.113434,34.314568092273525,48.580032,33.39228540559798,0.0,37.36407682556869
squeezed_Quảng Ngãi,2016-11-01,26.368359,44.283595996629906,40.035805,41.07806186778156,54.113434,35.34169412585326,48.580032,33.87347176346578,0.0,33.6088232995927,37.757343,49.25356567794383
squeezed_Quảng Ngãi,2016-12-01,40.035805,39.269309766824435,54.113434,35.856109200994574,48.580032,36.79025231784028,0.0,38.487894067060914,37.757343,34.27494918682061,45.731956,31.587878128163286
squeezed_Quảng Ngãi,2017-01-01,54.113434,37.02403495807501,48.580032,34.39707032383607,0.0,35.48944902486225,37.757343,41.85180234126796,45.731956,30.77425193748193,0.0,36.663127265928445
squeezed_Quảng Ngãi,2017-02-01,48.580032,42.83012949113087,0.0,45.235580271274266,37.757343,44.647835992507666,45.731956,35.04749514285341,0.0,45.71090760751178,0.0,37.54720301566312
squeezed_Quảng Ngãi,2017-03-01,0.0,49.781021929580646,37.757343,47.46184141626401,45.731956,47.54001627976247,0.0,45.80007281137746,0.0,44.454026623204065,64.61063,44.00294591081009
squeezed_Quảng Ngãi,2017-04-01,37.757343,42.071576740248226,45.731956,33.02150645818828,0.0,44.321767409825306,0.0,35.880437592037346,64.61063,41.55978938082406,22.052242,37.45500603749902
squeezed_Quảng Ngãi,2017-05-01,45.731956,37.46905884849529,0.0,37.909523882947084,0.0,34.716785417676306,64.61063,36.70930023181746,22.052242,37.98028917513764,33.607292,48.89718629033946
squeezed_Quảng Ngãi,2017-06-01,0.0,38.262360770408144,0.0,44.32602636727054,64.61063,39.75063780695265,22.052242,38.421932115365315,33.607292,57.461540683131794,29.864105,46.16631349021674
squeezed_Quảng Ngãi,2017-07-01,0.0,38.168794081365945,64.61063,40.940636547371824,22.052242,42.00928687168276,33.607292,39.197417356933876,29.864105,45.835853819115556,32.669647,41.67515346635063
squeezed_Quảng Ngãi,2017-08-01,64.61063,29.294197500659113,22.052242,34.27188823569859,33.607292,31.902005057033023,29.864105,37.81319873297578,32.669647,33.180874021200815,26.493296,32.83082158674822
squeezed_Quảng Ngãi,2017-09-01,22.052242,37.39458564594079,33.607292,55.55657744526432,29.864105,30.539355008577118,32.669647,28.760730596814234,26.493296,40.73414647328485,33.40106,35.24512189573987
squeezed_Quảng Ngãi,2017-10-01,33.607292,59.72323584364467,29.864105,34.3096589129298,32.669647,29.801218167227592,26.493296,29.184438878735424,33.40106,31.704877630090024,32.100773,30.54751166981499
squeezed_Quảng Ngãi,2017-11-01,29.864105,48.75852336245725,32.669647,29.645243847411592,26.493296,30.917176341046115,33.40106,35.68844480994683,32.100773,38.46334558020116,30.150345,34.36437646461472
squeezed_Quảng Ngãi,2017-12-01,32.669647,38.63296518410418,26.493296,31.412474775622535,33.40106,32.97074020659962,32.100773,36.81989297986365,30.150345,31.161056980110647,36.5705,36.76581077560718
squeezed_Quảng Ninh,2016-01-01,14.617018,28.042423915032067,166.9933,24.89471253939311,36.09342,27.069890060636244,22.78295,32.86519950163405,18.618324,46.99230966792476,21.394741,25.499764666566982
squeezed_Quảng Ninh,2016-02-01,166.9933,26.875664953504828,36.09342,26.995554397198177,22.78295,32.10552733821277,18.618324,32.687516658732704,21.394741,27.914717418013772,27.029234,17.492382512016583
squeezed_Quảng Ninh,2016-03-01,36.09342,93.99279899893288,22.78295,104.6639987156608,18.618324,55.638016711242,21.394741,56.98364388662161,27.029234,49.37383637996304,28.172464,42.070407240102874
squeezed_Quảng Ninh,2016-04-01,22.78295,68.49773321151359,18.618324,52.404704937115056,21.394741,55.814509886937515,27.029234,57.33067022202073,28.172464,49.643526499935454,22.374653,47.79198108712966
squeezed_Quảng Ninh,2016-05-01,18.618324,42.07227791131673,21.394741,41.06094294127243,27.029234,47.97275471709213,28.172464,48.86251971937799,22.374653,40.84100535101186,15.351952,47.60986243990384
squeezed_Quảng Ninh,2016-06-01,21.394741,42.15605371117256,27.029234,49.426320354814436,28.172464,55.5982487849781,22.374653,40.62633195862653,15.351952,40.64074281738572,0.4899559,42.266624068264626
squeezed_Quảng Ninh,2016-07-01,27.029234,35.11247399747254,28.172464,36.040768812120525,22.374653,43.25703730808485,15.351952,34.51334152078801,0.4899559,47.219962040770824,19.296608,37.925731461696735
squeezed_Quảng Ninh,2016-08-01,28.172464,33.5936624067069,22.374653,37.12706289398653,15.351952,38.465894937754065,0.4899559,58.62086690694342,19.296608,31.999647694351165,16.651104,34.94715280025246
squeezed_Quảng Ninh,2016-09-01,22.374653,28.91517843671198,15.351952,32.971456504885595,0.4899559,42.17777464705846,19.296608,41.75268391105228,16.651104,28.29640427568923,33.84687,46.94114780383542
squeezed_Quảng Ninh,2016-10-01,15.351952,26.96101221910092,0.4899559,26.39261210055619,19.296608,38.782234560062356,16.651104,39.3106251164627,33.84687,57.24170517803293,45.98506,37.475333231134236
squeezed_Quảng Ninh,2016-11-01,0.4899559,38.222729610539666,19.296608,30.30746399303709,16.651104,47.566443213295315,33.84687,53.79549639637824,45.98506,36.35483542752551,29.411764,41.57634531352492
squeezed_Quảng Ninh,2016-12-01,19.296608,29.807045376055793,16.651104,37.11524735748791,33.84687,51.996953601515685,45.98506,30.05336717816947,29.411764,44.73309096619681,28.633677,24.275226398549172
squeezed_Quảng Ninh,2017-01-01,16.651104,31.717859819082076,33.84687,43.37937228099638,45.98506,28.32582506447827,29.411764,62.7680714846223,28.633677,44.17791951747334,36.10333,27.622570771427608
squeezed_Quảng Ninh,2017-02-01,33.84687,46.086724025609065,45.98506,29.663296596616398,29.411764,35.28934912126195,28.633677,30.756640578703173,36.10333,19.708092994847995,29.489574,25.60535814139397
squeezed_Quảng Ninh,2017-03-01,45.98506,29.04355953057888,29.411764,30.388798369742688,28.633677,27.77370967098902,36.10333,33.48954763011603,29.489574,32.05312895035001,24.354187,27.31425498494709
squeezed_Quảng Ninh,2017-04-01,29.411764,33.902851941364155,28.633677,36.30499162673731,36.10333,36.11752233932199,29.489574,34.42677604407548,24.354187,38.23628206703819,26.065983,27.134145579346477
squeezed_Quảng Ninh,2017-05-01,28.633677,44.30408658340585,36.10333,30.961580263207974,29.489574,35.11305395975163,24.354187,37.79631794738741,26.065983,34.49990290323876,22.798008,28.20941041843831
squeezed_Quảng Ninh,2017-06-01,36.10333,35.39046819817019,29.489574,31.35192452703617,24.354187,34.21743199729735,26.065983,37.03546375485105,22.798008,32.490136792432146,23.731714,30.673932119400206
squeezed_Quảng Ninh,2017-07-01,29.489574,34.49470989982338,24.354187,37.00756274504703,26.065983,40.719396476759954,22.798008,32.46280272248652,23.731714,32.63559516199155,0.0,31.210837713363517
squeezed_Quảng Ninh,2017-08-01,24.354187,39.72468087377611,26.065983,38.49753713973212,22.798008,36.040134712457835,23.731714,37.16948674564147,0.0,26.623152977779437,49.236904,27.307759958665052
squeezed_Quảng Ninh,2017-09-01,26.065983,32.14093964428369,22.798008,30.128853815133237,23.731714,33.97166974022728,0.0,28.193282616983925,49.236904,24.242192332151244,36.88933,30.164512224014757
squeezed_Quảng Ninh,2017-10-01,22.798008,31.20888127789177,23.731714,33.56266886932378,0.0,31.646611061006126,49.236904,27.426361926016842,36.88933,29.165255131997743,39.4202,23.55090772181519
squeezed_Quảng Ninh,2017-11-01,23.731714,28.575908084387862,0.0,25.68656479193133,49.236904,30.410410519210508,36.88933,24.216944120009032,39.4202,23.080791220943322,31.98098,30.518128500055017
squeezed_Quảng Ninh,2017-12-01,0.0,28.64775522791902,49.236904,22.14402405690054,36.88933,30.030278974475873,39.4202,23.810009395502124,31.98098,26.564425593932004,28.529795,25.956406412659035
squeezed_Quảng Trị,2016-01-01,228.8693,234.59366153488128,291.74017,236.38664237010505,283.40015,226.44720993617068,230.15236,189.61348833494247,204.65117,190.55755370682104,187.1692,201.47806106214756
squeezed_Quảng Trị,2016-02-01,291.74017,225.70316966624335,283.40015,232.1527669629314,230.15236,200.73950448456367,204.65117,206.47877396613296,187.1692,217.29015821106142,185.0842,218.08449630327422
squeezed_Quảng Trị,2016-03-01,283.40015,263.1811106281741,230.15236,215.873400682442,204.65117,204.72206227485842,187.1692,215.40175929837375,185.0842,260.44271359578977,236.56776,255.15116308759627
squeezed_Quảng Trị,2016-04-01,230.15236,235.39454334294618,204.65117,230.48536107528867,187.1692,239.59313531127503,185.0842,228.43421260797837,236.56776,305.68330605300054,259.82358,282.5925119114856
squeezed_Quảng Trị,2016-05-01,204.65117,204.35903993433624,187.1692,226.39139540262906,185.0842,250.03823308250628,236.56776,247.64675048204035,259.82358,277.90985494258564,238.332,262.0854709165311
squeezed_Quảng Trị,2016-06-01,187.1692,215.2171392255257,185.0842,241.91088967559756,236.56776,247.9682259698298,259.82358,252.18688254774975,238.332,274.1542356056221,57.4178,238.0865439265158
squeezed_Quảng Trị,2016-07-01,185.0842,219.4982642535365,236.56776,238.79986530576616,259.82358,234.04331459090605,238.332,247.80446286576117,57.4178,244.60794705335474,205.9482,219.43382129759203
squeezed_Quảng Trị,2016-08-01,236.56776,224.63533182776516,259.82358,219.9772562212835,238.332,225.122551013878,57.4178,232.49485719369167,205.9482,219.06637012732892,197.63351,214.63997495215594
squeezed_Quảng Trị,2016-09-01,259.82358,240.88887587462557,238.332,255.15743880707035,57.4178,244.20727172952786,205.9482,227.91210286247048,197.63351,236.99390188715884,235.84906,229.95978298722378
squeezed_Quảng Trị,2016-10-01,238.332,242.4997660796362,57.4178,268.5334438947523,205.9482,239.44291543689434,197.63351,233.2177952700093,235.84906,256.492157976921,239.6866,241.9639593192814
squeezed_Quảng Trị,2016-11-01,57.4178,246.57027075458566,205.9482,218.4146402271501,197.63351,235.64395756336626,235.84906,256.7933057461705,239.6866,255.43263090987003,182.60313,253.04155891903375
squeezed_Quảng Trị,2016-12-01,205.9482,206.6705926291173,197.63351,194.1094201180989,235.84906,248.93803547169315,239.6866,271.2814307996463,182.60313,203.71446849909313,181.80365,194.24160785289678
squeezed_Quảng Trị,2017-01-01,197.63351,223.4965308814883,235.84906,240.23960115006813,239.6866,249.25910166351684,182.60313,196.8318110504268,181.80365,252.60629674681198,153.98145,186.8435595060145
squeezed_Quảng Trị,2017-02-01,235.84906,222.06969094139055,239.6866,225.92429540605733,182.60313,203.6236978761872,181.80365,212.13793870162777,153.98145,222.82335189773414,170.61081,199.10172446234773
squeezed_Quảng Trị,2017-03-01,239.6866,237.66872237235876,182.60313,203.49099305873074,181.80365,205.6971527046333,153.98145,214.99470679525504,170.61081,215.50755652772494,194.27567,234.29545612198223
squeezed_Quảng Trị,2017-04-01,182.60313,234.94715822419087,181.80365,206.24649629737695,153.98145,230.48584670125794,170.61081,222.65113153117028,194.27567,294.17232279063506,214.26288,255.88930394784555
squeezed_Quảng Trị,2017-05-01,181.80365,188.6998484620535,153.98145,214.1405410864552,170.61081,207.78887293452496,194.27567,232.4094726089668,214.26288,261.41721878958623,224.01663,259.59966643943136
squeezed_Quảng Trị,2017-06-01,153.98145,194.0935777202273,170.61081,192.92285556874796,194.27567,230.73268654163118,214.26288,250.13355711129466,224.01663,256.5685570902999,235.36937,214.1307320961267
squeezed_Quảng Trị,2017-07-01,170.61081,182.24456859710136,194.27567,229.5886338886733,214.26288,223.4711691355841,224.01663,226.9454979420289,235.36937,199.9862937089412,198.82484,199.37379204209788
squeezed_Quảng Trị,2017-08-01,194.27567,211.5030902518298,214.26288,254.90451936747425,224.01663,210.62018554798667,235.36937,217.93967559661988,198.82484,213.1892196189865,158.80579,181.07329194162554
squeezed_Quảng Trị,2017-09-01,214.26288,223.75363129574043,224.01663,204.28226537283288,235.36937,201.76063940228866,198.82484,191.46980754547832,158.80579,210.72167799291884,181.51501,218.98094327807095
squeezed_Quảng Trị,2017-10-01,224.01663,204.04021455813842,235.36937,211.47765482535294,198.82484,195.6311830680636,158.80579,193.09681539900848,181.51501,230.54846608114653,193.42545,265.38614737040035
squeezed_Quảng Trị,2017-11-01,235.36937,211.57835000677278,198.82484,206.34657446886152,158.80579,217.67288726526817,181.51501,239.93498557184938,193.42545,233.58043974310888,145.6249,238.17413540084212
squeezed_Quảng Trị,2017-12-01,198.82484,198.7116307504975,158.80579,212.09199540090344,181.51501,235.54761819701093,193.42545,265.78066015939675,145.6249,265.99815289175615,145.7837,215.4098148541567
squeezed_Sóc Trăng,2016-01-01,16.457144,26.633929104188375,19.27619,18.830017782417105,19.809525,25.638617089136897,17.066668,18.139998697644575,21.409523,18.318948442257444,23.619047,20.544900433482596
squeezed_Sóc Trăng,2016-02-01,19.27619,25.797844721131675,19.809525,20.161140281159543,17.066668,24.930145755627507,21.409523,20.771945169115284,23.619047,18.948046242519116,21.180952,21.439044009992973
squeezed_Sóc Trăng,2016-03-01,19.809525,21.92568176420635,17.066668,20.330049625774276,21.409523,24.93836736546719,23.619047,19.910934741366674,21.180952,24.14081319545361,20.952381,19.562169264616156
squeezed_Sóc Trăng,2016-04-01,17.066668,21.340804752265633,21.409523,21.901742580968655,23.619047,24.675574120801375,21.180952,20.939819918202776,20.952381,19.745101832696218,22.323809,20.47317077237169
squeezed_Sóc Trăng,2016-05-01,21.409523,26.969206510024808,23.619047,21.88953137863182,21.180952,26.894307475579414,20.952381,22.104855697444698,22.323809,20.747146323384456,24.304762,21.28405269634665
squeezed_Sóc Trăng,2016-06-01,23.619047,25.97716522862816,21.180952,23.555411387939092,20.952381,26.894307475579414,22.323809,23.41713661365351,24.304762,18.79785880689961,24.304762,21.459490356725716
squeezed_Sóc Trăng,2016-07-01,21.180952,26.81324961168486,20.952381,23.555411387939092,22.323809,26.894307475579414,24.304762,21.512052207194362,24.304762,17.2208999201461,13.625544,20.660290691756195
squeezed_Sóc Trăng,2016-08-01,20.952381,25.80823029203863,22.323809,22.784088085744028,24.304762,25.654417565604913,24.304762,22.47172474954714,13.625544,18.19209623165482,12.148075,20.660290691756195
squeezed_Sóc Trăng,2016-09-01,22.323809,27.468734665635296,24.304762,20.46268013358849,24.304762,25.012219893181943,13.625544,20.44285360663737,12.148075,17.778379618508037,16.252155,21.132427508156624
squeezed_Sóc Trăng,2016-10-01,24.304762,27.259702890699593,24.304762,20.635259800566846,13.625544,24.922565305818782,12.148075,19.69341474932346,16.252155,19.450950026362058,17.647541,20.2296087533838
squeezed_Sóc Trăng,2016-11-01,24.304762,27.259702890699593,13.625544,20.6316703466447,12.148075,24.8649517227987,16.252155,19.875771661949553,17.647541,18.436438225043748,16.744644,18.2119199746332
squeezed_Sóc Trăng,2016-12-01,13.625544,27.259702890699593,12.148075,21.477329148876205,16.252155,24.975001783219632,17.647541,19.875771661949553,16.744644,18.807955063540952,17.729624,20.938267715919896
squeezed_Sóc Trăng,2017-01-01,12.148075,26.57620375427078,16.252155,20.695488509309307,17.647541,25.91892778899905,16.744644,18.314727638934006,17.729624,22.61784153158669,19.371256,21.304100582731294
squeezed_Sóc Trăng,2017-02-01,16.252155,25.797844721131675,17.647541,18.927794290452145,16.744644,25.749760769299975,17.729624,23.447934304137775,19.371256,19.769993743040626,20.274153,21.14050979247068
squeezed_Sóc Trăng,2017-03-01,17.647541,23.103782028449118,16.744644,20.742510618773757,17.729624,23.616698007789477,19.371256,21.86134935212108,20.274153,20.972770411663234,17.237133,19.541904664636796
squeezed_Sóc Trăng,2017-04-01,16.744644,20.485809096437055,17.729624,16.576376491702348,19.371256,22.138279117487958,20.274153,24.203421537831613,17.237133,20.338588775992232,20.930805,21.672444754424383
squeezed_Sóc Trăng,2017-05-01,17.729624,23.06321419728054,19.371256,21.81480908812998,20.274153,25.457774456963996,17.237133,22.145572313784587,20.930805,22.40794920161091,17.072971,20.729316874647097
squeezed_Sóc Trăng,2017-06-01,19.371256,23.283102535945606,20.274153,22.72328624839693,17.237133,25.81027630977877,20.930805,23.017236711331975,17.072971,20.500122609324276,17.56546,19.924595462693354
squeezed_Sóc Trăng,2017-07-01,20.274153,25.97716522862816,17.237133,22.053103211634163,20.930805,25.995899782096576,17.072971,21.310900164007915,17.56546,19.536095069445842,17.703508,17.50730164934113
squeezed_Sóc Trăng,2017-08-01,17.237133,23.794045644739164,20.930805,23.54766605179578,17.072971,26.636193262758297,17.56546,20.17402418568883,17.703508,17.718601110873028,17.207148,18.418303157096677
squeezed_Sóc Trăng,2017-09-01,20.930805,24.63013002779586,17.072971,22.565784813282253,17.56546,25.05121053801978,17.703508,17.87941426633914,17.207148,16.9388045598287,14.063534,20.683826637418175
squeezed_Sóc Trăng,2017-10-01,17.072971,25.97716522862816,17.56546,23.807108805051307,17.703508,25.864038542723378,17.207148,18.648041262411695,14.063534,16.738157361325005,10.340834,21.059822612835948
squeezed_Sóc Trăng,2017-11-01,17.56546,26.81324961168486,17.703508,20.64134364181628,17.207148,24.922565305818782,14.063534,17.713628670033653,10.340834,15.874630235164144,14.394441,18.58034885154264
squeezed_Sóc Trăng,2017-12-01,17.703508,25.245518243400113,17.207148,18.712417981969566,14.063534,24.950682908748544,10.340834,17.823614120322944,14.394441,21.22088951902815,12.326274,16.36592291868818
squeezed_Sơn La,2016-01-01,144.95033,183.8074725770928,175.24834,186.3098607583908,213.49338,188.39906522997202,207.53311,190.66877537922218,171.93709,179.94611760539138,151.49007,203.84034617152255
squeezed_Sơn La,2016-02-01,175.24834,171.93426510429111,213.49338,179.07890276335834,207.53311,175.45475013514448,171.93709,173.91556479601158,151.49007,185.52107069435485,150.16556,200.21238415128863
squeezed_Sơn La,2016-03-01,213.49338,177.9361605920294,207.53311,170.2888948474325,171.93709,193.08691949339902,151.49007,191.30300511122633,150.16556,230.9658222525906,202.40067,218.73318660693818
squeezed_Sơn La,2016-04-01,207.53311,187.2111636707562,171.93709,192.70298136679637,151.49007,185.97102698693945,150.16556,215.5726124755874,202.40067,227.50706329135707,180.71191,235.38669839164928
squeezed_Sơn La,2016-05-01,171.93709,194.95988941246418,151.49007,206.89751423537868,150.16556,230.8390233516926,202.40067,230.87722180515846,180.71191,228.28378209254853,163.82451,203.5246926154632
squeezed_Sơn La,2016-06-01,151.49007,211.0993011181992,150.16556,210.30483729152996,202.40067,249.24860242850863,180.71191,214.9155410396027,163.82451,193.7174555906674,7.781457,198.71079397308299
squeezed_Sơn La,2016-07-01,150.16556,192.81203600348817,202.40067,238.63614639884275,180.71191,219.4893187092239,163.82451,194.15246482991068,7.781457,181.4996541374616,108.78523,181.7280141261823
squeezed_Sơn La,2016-08-01,202.40067,186.0068991989491,180.71191,194.8377390761637,163.82451,183.0110184443067,7.781457,177.7208584783447,108.78523,164.91902390137275,122.87786,172.3811110334731
squeezed_Sơn La,2016-09-01,180.71191,195.3717407941676,163.82451,192.21641150017103,7.781457,178.5558334801396,108.78523,161.2237308913142,122.87786,171.51414303225906,0.0,179.35025001828527
squeezed_Sơn La,2016-10-01,163.82451,185.00674862924456,7.781457,176.25407961524283,108.78523,168.04685164011195,122.87786,166.61016384146723,0.0,175.30050210815148,123.86682,186.95769842885136
squeezed_Sơn La,2016-11-01,7.781457,165.1113857997532,108.78523,167.98439605605427,122.87786,164.00127807248734,0.0,172.44821494316386,123.86682,177.8198720543755,118.26273,186.9576024249776
squeezed_Sơn La,2016-12-01,108.78523,148.9934952899697,122.87786,142.10106937810727,0.0,168.81690601062934,123.86682,164.9628388647398,118.26273,192.50988883115096,112.49382,170.4483413926058
squeezed_Sơn La,2017-01-01,122.87786,120.49103354204647,0.0,153.78251800458435,123.86682,158.48238536814722,118.26273,173.0222610841929,112.49382,154.17852206030696,139.03082,159.47722270281332
squeezed_Sơn La,2017-02-01,0.0,141.07104014351273,123.86682,145.27766768941862,118.26273,154.82417374160582,112.49382,140.18191728223366,139.03082,140.16792019663046,202.81853,156.03970990686886
squeezed_Sơn La,2017-03-01,123.86682,148.11946496933595,118.26273,118.39667555556545,112.49382,136.36978513867945,139.03082,129.9477524791838,202.81853,143.32043594835827,216.00461,158.62903268188478
squeezed_Sơn La,2017-04-01,118.26273,127.62319899147265,112.49382,135.29584068337547,139.03082,149.08777352334815,202.81853,136.98467833720855,216.00461,152.63123790168765,179.08357,133.11400545206965
squeezed_Sơn La,2017-05-01,112.49382,137.84272402442818,139.03082,138.41173995847188,202.81853,142.45752931634044,216.00461,150.5278036461252,179.08357,149.7311873473679,159.22202,120.0108096898587
squeezed_Sơn La,2017-06-01,139.03082,149.22836297959955,202.81853,136.92042850606865,216.00461,137.82403934421401,179.08357,147.111218458132,159.22202,129.8481633811436,142.57458,106.94758753175753
squeezed_Sơn La,2017-07-01,202.81853,144.59477332163644,216.00461,156.0026571240966,179.08357,140.84781954827884,159.22202,145.00475250870363,142.57458,118.33090016491155,156.84048,111.41048695966522
squeezed_Sơn La,2017-08-01,216.00461,162.8877610942581,179.08357,169.07273492276607,159.22202,139.4000725932269,142.57458,115.99680042762736,156.84048,124.1522555435172,106.15522,107.15067459665237
squeezed_Sơn La,2017-09-01,179.08357,168.7750578582773,159.22202,147.24715853253392,142.57458,111.15308512128621,156.84048,122.80477990437852,106.15522,114.26820564652617,0.0,111.13681457488164
squeezed_Sơn La,2017-10-01,159.22202,168.52887528288056,142.57458,140.17955905742411,156.84048,146.23408388779114,106.15522,128.58412071761987,0.0,123.25359323333126,104.046715,131.33363636563578
squeezed_Sơn La,2017-11-01,142.57458,131.8764172712129,156.84048,146.05364335598466,106.15522,128.25110167635845,0.0,130.5845729182655,104.046715,135.48218785755796,94.23405,143.68173795366445
squeezed_Sơn La,2017-12-01,156.84048,131.67953090718265,106.15522,128.44366125527313,0.0,135.36029113054545,104.046715,141.31447954067838,94.23405,139.18872212985767,86.77317,137.68448356065733
squeezed_TT Huế,2016-01-01,146.19934,139.03169161548672,197.5126,156.0235114974053,150.46095,139.3865447012457,130.80536,126.12797792563451,121.32545,126.68294125037005,104.88781,123.85488706793423
squeezed_TT Huế,2016-02-01,197.5126,151.9678795980787,150.46095,149.5583556107205,130.80536,136.89720537840753,121.32545,129.71330009636478,104.88781,134.74610845971392,119.58601,148.04022202363987
squeezed_TT Huế,2016-03-01,150.46095,162.9905659824716,130.80536,152.69444052288432,121.32545,144.91254020137643,104.88781,129.3471962124641,119.58601,147.9661016172962,132.37085,158.79202261438644
squeezed_TT Huế,2016-04-01,130.80536,149.41474202337355,121.32545,148.8766372390552,104.88781,146.7081297425483,119.58601,155.79109485400986,132.37085,149.24706830116443,112.01948,154.5253918254212
squeezed_TT Huế,2016-05-01,121.32545,143.8499088464158,104.88781,139.55824140102922,119.58601,158.86974893626723,132.37085,150.37572438698288,112.01948,148.20124955937723,112.280396,143.57207122443583
squeezed_TT Huế,2016-06-01,104.88781,138.04268632474205,119.58601,139.5945804375374,132.37085,140.45583694139398,112.01948,159.16343868960539,112.280396,144.88708260284167,47.312576,150.11022233474995
squeezed_TT Huế,2016-07-01,119.58601,129.90666405633303,132.37085,135.32362654780033,112.01948,135.0271134950813,112.280396,130.36573131647773,47.312576,180.62910445011167,69.43208,132.07271288173988
squeezed_TT Huế,2016-08-01,132.37085,133.52180616488488,112.01948,139.563331806655,112.280396,136.01793359141945,47.312576,139.94655380976096,69.43208,123.06669608362685,115.63112,127.96054879775461
squeezed_TT Huế,2016-09-01,112.01948,136.3654506663027,112.280396,131.41429347921655,47.312576,136.05301143970695,69.43208,127.01274536801728,115.63112,124.31081560664731,140.02136,132.14396809005638
squeezed_TT Huế,2016-10-01,112.280396,130.36958267284982,47.312576,127.47895978228956,69.43208,126.85972278007964,115.63112,127.31523423127585,140.02136,124.48361193721156,111.00231,126.5638030067293
squeezed_TT Huế,2016-11-01,47.312576,128.53072068389855,69.43208,121.08246858130718,115.63112,125.25467880104974,140.02136,136.87109139795518,111.00231,123.53954340588655,102.9019,132.5410773894712
squeezed_TT Huế,2016-12-01,69.43208,116.81383369130803,115.63112,113.98904203954228,140.02136,132.3351177915341,111.00231,125.08383681235347,102.9019,108.53184061170775,92.66512,106.63938127981255
squeezed_TT Huế,2017-01-01,115.63112,103.70481837802267,140.02136,130.3086918990575,111.00231,123.90797421162125,102.9019,111.72841101452626,92.66512,108.99671520364663,101.92274,116.81165158953863
squeezed_TT Huế,2017-02-01,140.02136,134.4669398475512,111.00231,123.76039093655683,102.9019,112.0519201853002,92.66512,124.60123321334135,101.92274,123.37854693097843,132.63307,113.03137572361653
squeezed_TT Huế,2017-03-01,111.00231,142.55778166902508,102.9019,120.77850524953611,92.66512,116.63652749714194,101.92274,123.21976482261879,132.63307,131.7586911299291,126.04593,112.38843637710073
squeezed_TT Huế,2017-04-01,102.9019,120.16639592211673,92.66512,123.56084555239791,101.92274,110.168032434012,132.63307,118.5999070175753,126.04593,114.30757731913583,136.46074,110.92459977997514
squeezed_TT Huế,2017-05-01,92.66512,110.67127911707244,101.92274,122.94613025296916,132.63307,113.16193276442665,126.04593,112.79825113202045,136.46074,121.12622867836929,127.64821,111.975415705653
squeezed_TT Huế,2017-06-01,101.92274,101.60110577583242,132.63307,113.05384831401985,126.04593,112.85113826670366,136.46074,110.54306558144371,127.64821,110.78115922754986,136.99484,132.18669387644002
squeezed_TT Huế,2017-07-01,132.63307,106.52191373778803,126.04593,118.76260178073005,136.46074,106.39443980240708,127.64821,110.42154045876931,136.99484,124.92213359697838,117.202774,95.46252470570651
squeezed_TT Huế,2017-08-01,126.04593,126.65376922553004,136.46074,121.28255250776785,127.64821,106.68408605503429,136.99484,122.08235231355343,117.202774,91.79542398761967,95.34388,99.72294557496146
squeezed_TT Huế,2017-09-01,136.46074,121.59695813680597,127.64821,106.40815528107348,136.99484,101.8187685265669,117.202774,99.57803994231276,95.34388,108.43290036408631,117.735916,105.32971175676401
squeezed_TT Huế,2017-10-01,127.64821,132.13229606361898,136.99484,166.32206896186517,117.202774,101.11350708036373,95.34388,111.78116748732154,117.735916,116.96166434944092,92.14501,110.35582605176842
squeezed_TT Huế,2017-11-01,136.99484,175.45438663785893,117.202774,101.06162022184559,95.34388,120.42237111150695,117.735916,127.98474681714701,92.14501,115.21850415530317,90.36787,124.20553434594902
squeezed_TT Huế,2017-12-01,117.202774,125.13418875318625,95.34388,137.42539025036967,117.735916,144.16513928951693,92.14501,116.50289112177357,90.36787,131.79225126635788,72.24098,109.00541430832416
squeezed_Thanh Hóa,2016-01-01,198.90599,210.20817343642645,209.93112,197.61740661900004,229.74237,215.5282859065378,219.22739,220.62982641730076,228.26857,198.3661948980201,193.66267,185.48802652420724
squeezed_Thanh Hóa,2016-02-01,209.93112,216.46999577853344,229.74237,212.0816363132814,219.22739,212.0101200587424,228.26857,198.03018187146625,193.66267,184.82994873344893,192.21721,185.16578865110392
squeezed_Thanh Hóa,2016-03-01,229.74237,222.14774211760226,219.22739,219.68106709018392,228.26857,205.22214719090218,193.66267,189.7823250830061,192.21721,216.72659548331094,194.73967,186.81516449505403
squeezed_Thanh Hóa,2016-04-01,219.22739,224.67902315469442,228.26857,212.28974595953335,193.66267,197.4004921978775,192.21721,203.37555096848683,194.73967,189.27790372509065,195.2215,188.30837153116295
squeezed_Thanh Hóa,2016-05-01,228.26857,211.6435017616776,193.66267,205.4100263489081,192.21721,202.8116109796771,194.73967,194.87804368790782,195.2215,192.3345953286816,193.69101,193.0926892880848
squeezed_Thanh Hóa,2016-06-01,193.66267,209.40261986489415,192.21721,205.84695018108576,194.73967,206.36886753649063,195.2215,199.06962870798978,193.69101,197.50159283807022,169.77014,175.78326213912848
squeezed_Thanh Hóa,2016-07-01,192.21721,203.07413474242966,194.73967,202.696668855136,195.2215,199.2610435912961,193.69101,202.02656011949028,169.77014,200.64336196504888,176.40204,173.10019536487061
squeezed_Thanh Hóa,2016-08-01,194.73967,206.7682309848498,195.2215,193.35837223358237,193.69101,197.8870200601437,169.77014,197.09941732988344,176.40204,169.51161841735595,189.13895,182.8557575620156
squeezed_Thanh Hóa,2016-09-01,195.2215,208.87580439679815,193.69101,189.82839844177866,169.77014,203.01279916498132,176.40204,177.1088097435485,189.13895,174.80279603705083,204.0403,194.99646772728605
squeezed_Thanh Hóa,2016-10-01,193.69101,205.58341496308964,169.77014,188.06340643694978,176.40204,187.51248292271325,189.13895,178.69369658744446,204.0403,198.44463950913035,203.56856,225.53472784121263
squeezed_Thanh Hóa,2016-11-01,169.77014,200.081459518996,176.40204,170.62294444352796,189.13895,186.95105127573675,204.0403,200.50451535710815,203.56856,209.6537239473287,197.87996,232.2053800653688
squeezed_Thanh Hóa,2016-12-01,176.40204,171.26906348611678,189.13895,174.10465697247216,204.0403,202.08009162393253,203.56856,199.73773330543844,197.87996,203.8643342519123,204.0403,230.0580646326526
squeezed_Thanh Hóa,2017-01-01,189.13895,185.97360956722463,204.0403,183.34017765385735,203.56856,203.2149422126496,197.87996,243.71029706094353,204.0403,185.7789115306337,189.0557,176.98284357148455
squeezed_Thanh Hóa,2017-02-01,204.0403,197.80139640061316,203.56856,200.5221163045367,197.87996,207.2104275854565,204.0403,201.78933609471827,189.0557,177.33758361286505,195.38252,180.32388982351517
squeezed_Thanh Hóa,2017-03-01,203.56856,207.72681698585234,197.87996,211.31027640147738,204.0403,204.6602742070887,189.0557,183.1584525957172,195.38252,192.02935468480476,226.48944,182.41628350509723
squeezed_Thanh Hóa,2017-04-01,197.87996,199.685728916637,204.0403,193.01342093006954,189.0557,191.05746592990678,195.38252,207.44587609344796,226.48944,203.15898006034297,219.49663,181.63759761841956
squeezed_Thanh Hóa,2017-05-01,204.0403,197.73074394545176,189.0557,182.41294781469907,195.38252,199.07047664533275,226.48944,199.28556162756306,219.49663,189.18516650636988,191.80287,173.376445136548
squeezed_Thanh Hóa,2017-06-01,189.0557,197.2588451468089,195.38252,194.1609234401142,226.48944,205.86444914917297,219.49663,202.29526853524573,191.80287,192.06757778736457,219.44113,178.39012202438175
squeezed_Thanh Hóa,2017-07-01,195.38252,206.5837239552742,226.48944,200.18517075511835,219.49663,202.03517333177027,191.80287,200.24912419407718,219.44113,191.50350273308428,200.17624,164.6721965089199
squeezed_Thanh Hóa,2017-08-01,226.48944,210.86658003473713,219.49663,186.1435532836433,191.80287,196.76037477709806,219.44113,190.16290810785415,200.17624,171.6394967408986,177.07158,164.24452847963693
squeezed_Thanh Hóa,2017-09-01,219.49663,213.0940228847932,191.80287,198.67787234647406,219.44113,194.57915157598518,200.17624,177.24368197547287,177.07158,173.53451378404517,201.4981,180.84822085070726
squeezed_Thanh Hóa,2017-10-01,191.80287,210.73468603413147,219.44113,186.4097680896017,200.17624,180.27422552927618,177.07158,186.72953384457173,201.4981,187.49524849243596,198.96455,175.2644594588949
squeezed_Thanh Hóa,2017-11-01,219.44113,199.23640287495567,200.17624,167.28054719039656,177.07158,189.06837336456692,201.4981,196.76853954086863,198.96455,189.59846808250828,177.56726,168.6432738694148
squeezed_Thanh Hóa,2017-12-01,200.17624,190.26713453707092,177.07158,180.14796477599026,201.4981,201.1767608028364,198.96455,196.7539515128027,177.56726,181.74733084347397,173.95973,180.3654933601034
squeezed_Thái Bình,2016-01-01,210.72626,205.82017500394733,233.07263,248.67556624677061,229.3296,217.80679934042905,210.05586,219.37721064295053,204.58101,277.0687384654167,208.32402,215.71882381056116
squeezed_Thái Bình,2016-02-01,233.07263,235.44606722190576,229.3296,219.31718947230797,210.05586,211.71399842486065,204.58101,291.61580236009735,208.32402,197.1638592827896,203.40782,206.95302680586994
squeezed_Thái Bình,2016-03-01,229.3296,229.41607302108616,210.05586,235.0319292533955,204.58101,268.06561319265796,208.32402,204.33416705995526,203.40782,198.3193788456115,219.3296,212.46103191874013
squeezed_Thái Bình,2016-04-01,210.05586,230.83500021560093,204.58101,299.89561912467803,208.32402,202.07735725400167,203.40782,208.85406391499515,219.3296,226.81680179874394,162.56984,238.4987240124497
squeezed_Thái Bình,2016-05-01,204.58101,219.97867143521006,208.32402,212.97109107913164,203.40782,212.21097779534688,219.3296,201.01788465914981,162.56984,252.57989326869574,147.43016,216.65008425957993
squeezed_Thái Bình,2016-06-01,208.32402,211.85026371451255,203.40782,208.5884670059009,219.3296,209.68227880050233,162.56984,237.14930792112855,147.43016,224.90878454039972,107.65363,211.01196382917416
squeezed_Thái Bình,2016-07-01,203.40782,206.18145474421655,219.3296,221.09725414908675,162.56984,227.22734646670705,147.43016,223.31451036963125,107.65363,240.82219728022386,179.51357,201.58855160066238
squeezed_Thái Bình,2016-08-01,219.3296,209.33142162679437,162.56984,247.90110359428658,147.43016,220.17878328522562,107.65363,219.93021240199573,179.51357,214.15341505563381,195.92654,235.67971748957942
squeezed_Thái Bình,2016-09-01,162.56984,225.5195083108449,147.43016,223.47937268954138,107.65363,217.3533696679136,179.51357,192.64614384792392,195.92654,211.8454470687749,219.3814,275.89319891658977
squeezed_Thái Bình,2016-10-01,147.43016,197.0238200994146,107.65363,189.62259239772322,179.51357,194.5137125051948,195.92654,203.31350733193457,219.3814,214.27287617569323,197.17242,223.61331362007417
squeezed_Thái Bình,2016-11-01,107.65363,179.78429162233505,179.51357,177.212315933659,195.92654,195.6124297896195,219.3814,215.52136597547434,197.17242,215.20763977817091,215.75212,227.0936310650404
squeezed_Thái Bình,2016-12-01,179.51357,150.24215667138682,195.92654,175.3317801968608,219.3814,197.75575120372005,197.17242,187.36895043369034,215.75212,212.753201953886,0.0,220.3899920225062
squeezed_Thái Bình,2017-01-01,195.92654,196.99231615270682,219.3814,186.82847757332954,197.17242,189.65125706342445,215.75212,223.3839627224565,0.0,213.30057242203586,199.88083,216.98926362916063
squeezed_Thái Bình,2017-02-01,219.3814,193.5809933146745,197.17242,209.4245700069256,215.75212,203.95085624905406,0.0,220.70270481939957,199.88083,225.13414578607245,0.0,213.00379041628037
squeezed_Thái Bình,2017-03-01,197.17242,212.3121375200344,215.75212,224.26532943575208,0.0,236.92396344887385,199.88083,216.74657893511977,0.0,215.9660729069897,200.15167,204.78257553738555
squeezed_Thái Bình,2017-04-01,215.75212,204.25955837587045,0.0,203.44771278721328,199.88083,211.2550803997624,0.0,213.08904877432587,200.15167,208.4055758033003,212.66454,188.8875295091323
squeezed_Thái Bình,2017-05-01,0.0,208.95299668009437,199.88083,205.0388954282929,0.0,223.0127856077743,200.15167,208.28050815117317,212.66454,207.7778319418787,209.46861,185.06205094608674
squeezed_Thái Bình,2017-06-01,199.88083,173.43606000824013,0.0,200.15087566677994,200.15167,201.12744640334287,212.66454,168.64872134188792,209.46861,173.38793129238928,205.08098,155.43086082136134
squeezed_Thái Bình,2017-07-01,0.0,202.40510159600257,200.15167,196.16565073738764,212.66454,199.83018349770768,209.46861,194.84048906852928,205.08098,166.98542989767185,202.84775,167.976721952048
squeezed_Thái Bình,2017-08-01,200.15167,172.20258452452546,212.66454,175.0473005649246,209.46861,157.53655147570103,205.08098,157.1036124264313,202.84775,155.40866646520178,0.0,150.3083543486103
squeezed_Thái Bình,2017-09-01,212.66454,214.58294572720422,209.46861,175.81331753851856,205.08098,154.59178564187664,202.84775,144.85822564978545,0.0,165.69923759096042,212.82562,179.0977756611087
squeezed_Thái Bình,2017-10-01,209.46861,182.1477801393174,205.08098,157.51091117981434,202.84775,156.68642790439898,0.0,169.49115008312128,212.82562,172.36301804744025,199.18019,173.16223604709865
squeezed_Thái Bình,2017-11-01,205.08098,196.87310984402276,202.84775,166.16503978612886,0.0,171.14490015047653,212.82562,176.54728357785018,199.18019,196.33896803329097,194.59576,186.53086304475616
squeezed_Thái Bình,2017-12-01,202.84775,167.77481639269607,0.0,158.96939276142578,212.82562,183.9658997426516,199.18019,189.47968601781417,194.59576,190.36100667335973,191.5215,173.93233313488435
squeezed_Thái Nguyên,2016-01-01,42.12156,50.73446239113064,67.13378,54.62403493896032,60.45299,48.659359705771266,52.71305,53.68030243705416,62.57129,58.21385445036321,46.684048,50.62141287269828
squeezed_Thái Nguyên,2016-02-01,67.13378,51.2906657006399,60.45299,55.50998173887925,52.71305,52.054006881289396,62.57129,51.65620530459737,46.684048,50.865854093435985,66.319046,53.61428020105129
squeezed_Thái Nguyên,2016-03-01,60.45299,61.181670055282225,52.71305,61.755928920553956,62.57129,57.75280923689124,46.684048,56.739962263955576,66.319046,56.04156595612131,67.05231,51.977401994115624
squeezed_Thái Nguyên,2016-04-01,52.71305,64.01969924063218,62.57129,64.12616559375672,46.684048,57.28696534165912,66.319046,59.26208312824827,67.05231,59.743286848687376,53.038944,68.34745694271653
squeezed_Thái Nguyên,2016-05-01,62.57129,54.544049137580515,46.684048,55.870995901352885,66.319046,56.9116798950153,67.05231,56.34845817834389,53.038944,54.07074969525069,47.25436,55.91299140140169
squeezed_Thái Nguyên,2016-06-01,46.684048,58.908982527980804,66.319046,59.57341007755019,67.05231,57.01616315414293,53.038944,57.90200995107786,47.25436,58.213858704849336,26.8861,52.29680552194283
squeezed_Thái Nguyên,2016-07-01,66.319046,56.43587970759971,67.05231,53.803392878245944,53.038944,55.6533127675307,47.25436,57.44719159320433,26.8861,52.473374152541915,35.188282,46.97218078522967
squeezed_Thái Nguyên,2016-08-01,67.05231,58.07463245278285,53.038944,65.4834322524719,47.25436,52.68103878166133,26.8861,57.00902253753895,35.188282,48.64145134487249,45.37855,47.42056108104515
squeezed_Thái Nguyên,2016-09-01,53.038944,65.7939235052811,47.25436,62.10905680111307,26.8861,60.05481468416577,35.188282,52.01019150504014,45.37855,48.700501993215,56.36494,52.02078939910359
squeezed_Thái Nguyên,2016-10-01,47.25436,60.904460382317865,26.8861,58.47330586482555,35.188282,56.92600067538004,45.37855,53.5753893909319,56.36494,52.121190539883756,43.786324,54.73700279001798
squeezed_Thái Nguyên,2016-11-01,26.8861,50.450221510043754,35.188282,48.09178264344676,45.37855,54.984870908626974,56.36494,57.14427188308392,43.786324,55.168763768271965,45.85622,53.56284205058021
squeezed_Thái Nguyên,2016-12-01,35.188282,46.713522999129715,45.37855,39.60377910843108,56.36494,53.918226432629105,43.786324,53.796418668654304,45.85622,49.533472840268324,43.308655,49.34595706966935
squeezed_Thái Nguyên,2017-01-01,45.37855,43.65718056453286,56.36494,42.86828528959449,43.786324,51.940273314971854,45.85622,61.67768787700193,43.308655,55.34443543844528,41.318367,66.64998115902968
squeezed_Thái Nguyên,2017-02-01,56.36494,45.78417893309406,43.786324,56.291710898302355,45.85622,57.036278881442655,43.308655,55.86385835364015,41.318367,60.664455652338,39.168858,58.05967623185631
squeezed_Thái Nguyên,2017-03-01,43.786324,55.577555742764595,45.85622,55.263556354991174,43.308655,57.350156400430365,41.318367,59.68397215097855,39.168858,63.79444790131292,49.43874,54.74952478982072
squeezed_Thái Nguyên,2017-04-01,45.85622,53.51755510731836,43.308655,53.7236753422002,41.318367,59.25911856713763,39.168858,61.874986436564086,49.43874,59.7812077668359,56.84261,54.90457297468558
squeezed_Thái Nguyên,2017-05-01,43.308655,51.5563724660843,41.318367,53.207891683713115,39.168858,56.426659129180045,49.43874,59.7208132128094,56.84261,54.505663476918606,47.92612,50.896817002960276
squeezed_Thái Nguyên,2017-06-01,41.318367,52.99795398093119,39.168858,54.7271138233728,49.43874,52.03240071024311,56.84261,53.271783150377644,47.92612,54.484194622809774,49.91641,52.199238838892704
squeezed_Thái Nguyên,2017-07-01,39.168858,52.29813690552194,49.43874,53.69456706129945,56.84261,50.80708790456221,47.92612,55.61269121120164,49.91641,51.858137885758595,45.775753,45.78313632372588
squeezed_Thái Nguyên,2017-08-01,49.43874,48.92349912176218,56.84261,46.26032240696987,47.92612,49.41094822586836,49.91641,51.96439623975461,45.775753,38.560520378147714,35.17588,44.250844679661455
squeezed_Thái Nguyên,2017-09-01,56.84261,46.260002846804575,47.92612,49.530184212424196,49.91641,50.848092303577744,45.775753,42.929570755338716,35.17588,43.31640523253135,99.089195,47.76956684946408
squeezed_Thái Nguyên,2017-10-01,47.92612,53.144848774190436,49.91641,50.919476837796616,45.775753,46.5968571245207,35.17588,46.932823025827595,99.089195,53.925911762601324,48.2098,49.56684773022942
squeezed_Thái Nguyên,2017-11-01,49.91641,49.69230880726369,45.775753,46.44077638766175,35.17588,48.19834485222807,99.089195,47.51507532083412,48.2098,54.497061271002345,50.722363,46.79782657520082
squeezed_Thái Nguyên,2017-12-01,45.775753,51.25185097929738,35.17588,46.2125638205653,99.089195,51.64917086645964,48.2098,54.06748611999671,50.722363,51.1626873904135,35.80402,65.03888702427717
squeezed_Tiền Giang,2016-01-01,0.05746466,14.437093331756877,0.0,12.050362350316014,0.0,13.616580419650107,0.0,9.821716749662409,0.0,8.378031872561698,0.0,11.027671563576128
squeezed_Tiền Giang,2016-02-01,0.0,14.437093331756877,0.0,12.053951804238162,0.0,14.670556485850453,0.0,10.910846509627717,0.0,7.594062288932852,0.0,10.938249399019492
squeezed_Tiền Giang,2016-03-01,0.0,14.437093331756877,0.0,12.053951804238162,0.0,14.234799499236077,0.0,11.797125892967848,0.0,8.1876728325991,0.0,11.031259979063709
squeezed_Tiền Giang,2016-04-01,0.0,14.437093331756877,0.0,12.464692087745407,0.0,13.97200625457026,0.0,11.019652680309242,0.0,10.191357070578984,0.0,11.031259979063709
squeezed_Tiền Giang,2016-05-01,0.0,15.560958347731908,0.0,14.114568069164822,0.0,14.409260370383901,0.0,11.955945362405625,0.0,10.363484284599343,2.6433744,10.941837814507073
squeezed_Tiền Giang,2016-06-01,0.0,15.195969674456254,0.0,13.449240226913725,0.0,15.278238645526027,0.0,12.180518011820707,2.6433744,14.704313482190967,0.0,10.941837814507073
squeezed_Tiền Giang,2016-07-01,0.0,15.405001449391957,0.0,13.39705270976198,0.0,14.851810237898736,2.6433744,11.981881119668781,0.0,8.891272806850111,0.0,10.018888422088782
squeezed_Tiền Giang,2016-08-01,0.0,14.882386239099617,0.0,11.752927695118029,2.6433744,13.255954471252142,0.0,12.25750159567766,0.0,8.062753400272912,0.0,10.452242925479604
squeezed_Tiền Giang,2016-09-01,0.0,14.673354464163914,2.6433744,11.075644757606437,0.0,13.255954471252142,0.0,12.373856507752691,0.0,13.777433061175428,0.0,10.401603073932575
squeezed_Tiền Giang,2016-10-01,2.6433744,14.673354464163914,0.0,11.075644757606437,0.0,14.096823514252641,0.0,14.57525097729281,0.0,14.12451303096507,0.0,9.498784319159752
squeezed_Tiền Giang,2016-11-01,0.0,14.673354464163914,0.0,11.488865985079197,0.0,14.134544764139486,0.0,10.110074053751188,0.0,6.919739233710641,0.0,8.943288173554885
squeezed_Tiền Giang,2016-12-01,0.0,14.673354464163914,0.0,14.256298781694635,0.0,14.192158347159568,0.0,10.908880875079381,0.0,7.43604623872548,0.0,9.929466257532146
squeezed_Tiền Giang,2017-01-01,0.0,14.437093331756877,0.0,11.783819696311665,0.0,13.590365109236972,0.0,10.493191799282034,0.0,7.852617862656362,0.057084143,10.318993105727339
squeezed_Tiền Giang,2017-02-01,0.0,14.437093331756877,0.0,11.787409150233813,0.0,14.220275950089329,0.0,10.80919844036411,0.057084143,8.929695610205876,0.0,10.318993105727339
squeezed_Tiền Giang,2017-03-01,0.0,14.437093331756877,0.0,12.204219831628723,0.0,13.911049297990822,0.057084143,10.697290876760297,0.0,13.376439645129448,0.0,11.100417543640981
squeezed_Tiền Giang,2017-04-01,0.0,14.76417644666942,0.0,11.787409150233813,0.057084143,13.911049297990822,0.0,11.695477823704241,0.0,9.543833526860327,0.0,11.884965694284361
squeezed_Tiền Giang,2017-05-01,0.0,15.769990122667611,0.057084143,13.690012051626594,0.0,14.809456991473667,0.0,13.434263018605364,0.0,11.463082928104429,0.0,11.010995379084346
squeezed_Tiền Giang,2017-06-01,0.057084143,15.405001449391957,0.0,15.975763722419483,0.0,14.420133412291975,0.0,12.42149229800151,0.0,14.172463490112612,0.0,10.941837814507073
squeezed_Tiền Giang,2017-07-01,0.0,15.405001449391957,0.0,13.560624542764323,0.0,14.208300750064812,0.0,11.259143245257823,0.0,8.523342666408881,0.0,10.968552025698356
squeezed_Tiền Giang,2017-08-01,0.0,15.882607415253581,0.0,13.395377771506329,0.0,14.435081352783968,0.0,10.690630365399409,0.0,7.758942784856626,0.0,10.641893893440507
squeezed_Tiền Giang,2017-09-01,0.0,15.405001449391957,0.0,12.719769772250388,0.0,13.521725718809131,0.0,10.811809621318064,0.0,7.548702844963692,0.0,11.348876610603346
squeezed_Tiền Giang,2017-10-01,0.0,15.405001449391957,0.0,12.848694600197799,0.0,13.166299883888978,0.0,9.545963043057824,0.0,9.901501235980385,0.0,12.701956646928478
squeezed_Tiền Giang,2017-11-01,0.0,14.673354464163914,0.0,11.330852621545322,0.0,13.393080486608136,0.0,11.386899302995223,0.0,6.419748544134767,0.0,10.328998178611903
squeezed_Tiền Giang,2017-12-01,0.0,14.673354464163914,0.0,11.912744524259079,0.0,14.430659976496873,0.0,10.908594417702133,0.0,7.477878048382957,0.0,10.018888422088782
squeezed_Trà Vinh,2016-01-01,0.19221528,14.437093331756877,0.0,11.783819696311665,0.0,13.311934482667152,0.4805382,10.988875854061904,0.9610764,10.762601885687799,1.2493993,11.614160629050943
squeezed_Trà Vinh,2016-02-01,0.0,14.437093331756877,0.0,12.053951804238162,0.4805382,14.283673784509089,0.9610764,10.977169150300455,1.2493993,13.079763433212136,0.0,11.010995379084346
squeezed_Trà Vinh,2016-03-01,0.0,14.914699297618498,0.4805382,12.053951804238162,0.9610764,14.636121616538063,1.2493993,12.20594775876762,0.0,8.705457780614413,0.28832293,11.031259979063709
squeezed_Trà Vinh,2016-04-01,0.4805382,14.914699297618498,0.9610764,12.053951804238162,1.2493993,14.47357864007553,0.0,10.869618135381854,0.28832293,9.834744766088102,0.0,11.100417543640981
squeezed_Trà Vinh,2016-05-01,0.9610764,16.769765837414717,1.2493993,17.11045088430776,0.0,15.787446345519662,0.28832293,12.823943586711838,0.0,10.379841795508778,0.0,10.941837814507073
squeezed_Trà Vinh,2016-06-01,1.2493993,15.66369798849614,0.0,12.980242028367071,0.28832293,15.508030560849644,0.0,12.386888971437816,0.0,10.777683239919988,0.0,11.368856863641406
squeezed_Trà Vinh,2016-07-01,0.0,15.882607415253581,0.28832293,13.39705270976198,0.0,14.851810237898736,0.0,12.499668800198648,0.0,11.416447797468056,0.09919651,9.498784319159752
squeezed_Trà Vinh,2016-08-01,0.28832293,14.882386239099617,0.0,11.752927695118029,0.0,13.255954471252142,0.0,13.547746488682227,0.09919651,7.37780068392559,0.09919651,9.929466257532146
squeezed_Trà Vinh,2016-09-01,0.0,14.673354464163914,0.0,11.075644757606437,0.0,13.482735073971297,0.09919651,11.409912898492955,0.09919651,9.127864846320595,0.0,9.97092113556018
squeezed_Trà Vinh,2016-10-01,0.0,14.673354464163914,0.0,11.075644757606437,0.09919651,13.393080486608136,0.09919651,11.492398308187523,0.0,13.264059900520847,0.09919651,9.498784319159752
squeezed_Trà Vinh,2016-11-01,0.0,14.673354464163914,0.09919651,11.072055303684289,0.09919651,13.335466903588054,0.0,10.464507652079424,0.09919651,6.760428823042401,0.0,10.018888422088782
squeezed_Trà Vinh,2016-12-01,0.09919651,14.673354464163914,0.09919651,11.072055303684289,0.0,14.192158347159568,0.09919651,10.569360015292604,0.0,9.235144621188141,0.0,9.588206483716387
squeezed_Trà Vinh,2017-01-01,0.09919651,14.437093331756877,0.0,11.783819696311665,0.09919651,14.510454387228245,0.0,10.986555969887677,0.0,8.110347489884836,0.0,10.408415270283975
squeezed_Trà Vinh,2017-02-01,0.0,14.437093331756877,0.09919651,12.053951804238162,0.0,14.621598067391316,0.0,11.791204109444692,0.0,8.048366467246495,0.19839302,10.408415270283975
squeezed_Trà Vinh,2017-03-01,0.09919651,14.437093331756877,0.0,12.204219831628723,0.0,14.174968038868863,0.0,11.444595151063195,0.19839302,12.046522888935803,0.0,11.031259979063709
squeezed_Trà Vinh,2017-04-01,0.0,14.437093331756877,0.0,12.463017149489756,0.0,14.546744390242857,0.19839302,11.961576685557812,0.0,9.671155988263214,0.0,13.476314010336125
squeezed_Trà Vinh,2017-05-01,0.0,15.769990122667611,0.0,14.114568069164822,0.19839302,17.769202079605652,0.0,12.405600176926011,0.0,13.908537875403862,0.0,10.58031344071195
squeezed_Trà Vinh,2017-06-01,0.0,15.405001449391957,0.19839302,19.157754068602717,0.0,15.508030560849644,0.0,13.949584234091745,0.0,10.745135317189458,0.0,10.511155876134678
squeezed_Trà Vinh,2017-07-01,0.19839302,15.505265559508505,0.0,13.39705270976198,0.0,16.20746288646432,0.0,11.622406857800705,0.0,15.024245242784135,0.09912768,9.929466257532146
squeezed_Trà Vinh,2017-08-01,0.0,15.405001449391957,0.0,15.555054598945354,0.0,14.609622867366802,0.0,11.251749463239667,0.09912768,8.378037191513476,0.29738304,9.498784319159752
squeezed_Trà Vinh,2017-09-01,0.0,15.64436461540703,0.0,12.719769772250388,0.0,14.609622867366802,0.09912768,10.890622743637424,0.29738304,9.03344711549689,0.39651072,11.32391166295979
squeezed_Trà Vinh,2017-10-01,0.0,15.769990122667611,0.0,12.719769772250388,0.09912768,13.822520206839886,0.29738304,10.78767452613878,0.39651072,7.85021974771849,1.5860429,9.498784319159752
squeezed_Trà Vinh,2017-11-01,0.0,15.195969674456254,0.09912768,11.783819696311665,0.29738304,14.29148818009098,0.39651072,10.94797771680878,1.5860429,7.26504662448207,2.5773196,10.328998178611903
squeezed_Trà Vinh,2017-12-01,0.09912768,14.37936798183928,0.29738304,12.050362350316014,0.39651072,13.822520206839886,1.5860429,10.5120540501299,2.5773196,7.838966596878271,3.1720858,9.929466257532146
squeezed_Tuyên Quang,2016-01-01,121.91942,165.28522776845105,189.33368,172.34329655126209,132.7422,168.40021091299977,138.08841,195.34435206025424,134.17656,172.68487903860225,115.269264,172.18495362464907
squeezed_Tuyên Quang,2016-02-01,189.33368,154.65893323925337,132.7422,174.7461432137063,138.08841,161.04928704006088,134.17656,162.34977669434815,115.269264,162.37463898512019,140.9571,173.98515552213885
squeezed_Tuyên Quang,2016-03-01,132.7422,186.09592955986426,138.08841,180.59059888291065,134.17656,181.4388272410185,115.269264,171.31133146718926,140.9571,199.94615938374787,185.9434,190.4324232360932
squeezed_Tuyên Quang,2016-04-01,138.08841,158.82079343331614,134.17656,170.88022108893887,115.269264,170.2553723707098,140.9571,168.84403651512903,185.9434,175.52707369845967,148.38962,190.040805425494
squeezed_Tuyên Quang,2016-05-01,134.17656,155.7238602943339,115.269264,166.59927022418202,140.9571,174.62562604295988,185.9434,175.96904609625855,148.38962,164.27138387927602,149.95436,157.03364540491202
squeezed_Tuyên Quang,2016-06-01,115.269264,151.69915970687907,140.9571,165.12238475137522,185.9434,166.1579237120478,148.38962,165.0356465523269,149.95436,161.05901219983207,107.44556,148.1085977652112
squeezed_Tuyên Quang,2016-07-01,140.9571,149.10150727304205,185.9434,174.2404582637568,148.38962,152.83997725748353,149.95436,153.90924894295244,107.44556,158.8807749656269,0.0,136.57587194986357
squeezed_Tuyên Quang,2016-08-01,185.9434,159.05419742896683,148.38962,166.97634241638843,149.95436,150.73276342203158,107.44556,160.47524138668928,0.0,131.14604576996712,0.0,140.75723149477287
squeezed_Tuyên Quang,2016-09-01,148.38962,185.48726373441315,149.95436,156.49981215758075,107.44556,146.3784868452427,0.0,136.95645558050398,0.0,135.96246426316236,0.0,156.84352410921048
squeezed_Tuyên Quang,2016-10-01,149.95436,152.75845909484772,107.44556,142.61078253242061,0.0,141.52921495977006,0.0,143.61032538044338,0.0,153.63684584074505,0.0,145.74063572303965
squeezed_Tuyên Quang,2016-11-01,107.44556,147.61068787460994,0.0,138.87571046745794,0.0,145.16989564090215,0.0,150.81499627609085,0.0,147.56124382505115,0.0,151.63223921034722
squeezed_Tuyên Quang,2016-12-01,0.0,126.7708344947832,0.0,131.550813700232,0.0,143.29720843281714,0.0,138.4848182310815,0.0,150.08975501429563,0.0,169.08644656121274
squeezed_Tuyên Quang,2017-01-01,0.0,131.10787974568672,0.0,132.78119645440995,0.0,120.87813724881896,0.0,154.36863460485776,0.0,143.20596109213227,0.0,134.17401007524
squeezed_Tuyên Quang,2017-02-01,0.0,103.66208188746461,0.0,102.68200089037451,0.0,128.9819707677104,0.0,116.90909586858099,0.0,115.17961948382316,0.0,119.5981377749481
squeezed_Tuyên Quang,2017-03-01,0.0,91.28766235665398,0.0,97.55979580453291,0.0,121.67949764124548,0.0,117.28449724270112,0.0,134.59819357511606,0.0,126.48308015100841
squeezed_Tuyên Quang,2017-04-01,0.0,89.90376842954079,0.0,82.40144876759105,0.0,124.48856842276722,0.0,120.86553311234118,0.0,101.74661490073527,0.0,134.2305685219526
squeezed_Tuyên Quang,2017-05-01,0.0,67.71504625696802,0.0,75.89160114116615,0.0,99.32811660274014,0.0,113.10529267509465,0.0,94.24907616230593,0.0,80.68302309414308
squeezed_Tuyên Quang,2017-06-01,0.0,60.244039004821246,0.0,65.9889367636263,0.0,83.79185497621759,0.0,90.13139715977083,0.0,80.39313657570847,0.0,58.37610410828282
squeezed_Tuyên Quang,2017-07-01,0.0,58.16886159184509,0.0,75.7187608261498,0.0,88.2501677192747,0.0,72.72060305541889,0.0,60.923153572734186,116.92149,43.39481170317964
squeezed_Tuyên Quang,2017-08-01,0.0,90.55150059888345,0.0,67.95791625071642,0.0,69.17267512781302,0.0,46.69767984081711,116.92149,37.1336591744835,144.28883,21.43404464158442
squeezed_Tuyên Quang,2017-09-01,0.0,62.266505282119944,0.0,48.346895775713904,0.0,35.63439059064803,116.92149,36.27525973422893,144.28883,17.124248003192665,119.10574,18.62136996451452
squeezed_Tuyên Quang,2017-10-01,0.0,56.15166760847359,0.0,29.856099841599193,116.92149,26.66124188392647,144.28883,15.91025439514153,119.10574,16.471366876683494,137.09366,22.8041838660006
squeezed_Tuyên Quang,2017-11-01,0.0,35.91586712854982,116.92149,16.81049554511138,144.28883,15.94050448073391,119.10574,15.24764531092185,137.09366,19.75622561616511,131.18335,16.438031988244127
squeezed_Tuyên Quang,2017-12-01,116.92149,16.26298909525887,144.28883,11.241124582242191,119.10574,20.14910877246327,137.09366,20.2234467865318,131.18335,20.284507840635115,145.4452,38.30320678352495
squeezed_Tây Ninh,2016-01-01,4.647837,18.040251763272845,4.2009296,14.520247665698099,5.362889,16.17072433895034,7.418663,15.285639871627536,3.7540221,13.16143414664304,6.882374,11.414280412999648
squeezed_Tây Ninh,2016-02-01,4.2009296,15.498090275431906,5.362889,14.023048572446788,7.418663,15.470823496911766,3.7540221,16.08100468363399,6.882374,10.706912613062643,4.9159813,15.50853025468698
squeezed_Tây Ninh,2016-03-01,5.362889,15.498090275431906,7.418663,14.145308432318583,3.7540221,16.89934061409423,6.882374,14.0065718354482,4.9159813,13.570913634659163,2.6814444,15.3518992948103
squeezed_Tây Ninh,2016-04-01,7.418663,15.498090275431906,3.7540221,18.36489041956506,6.882374,16.89934061409423,4.9159813,15.88607914474743,2.6814444,14.910996268515543,2.9495888,15.889590298214438
squeezed_Tây Ninh,2016-05-01,3.7540221,16.46599839306699,6.882374,21.50940554496163,4.9159813,15.967266445656524,2.6814444,17.465170012878446,2.9495888,14.194695520564332,3.3071148,13.592775191031675
squeezed_Tây Ninh,2016-06-01,6.882374,16.46599839306699,4.9159813,14.806116747557821,2.6814444,15.106708443547653,2.9495888,17.09696056708652,3.3071148,10.39036150849269,1.4301037,14.183399371880622
squeezed_Tây Ninh,2016-07-01,4.9159813,15.882607415253581,2.6814444,14.511565926034708,2.9495888,15.278238645526027,3.3071148,16.518762823317076,1.4301037,12.848248987256756,3.1274433,11.324858248443013
squeezed_Tây Ninh,2016-08-01,2.6814444,15.882607415253581,2.9495888,14.511565926034708,3.3071148,13.953402544415896,1.4301037,14.663392230819195,3.1274433,9.24502315158123,2.432456,11.324858248443013
squeezed_Tây Ninh,2016-09-01,2.9495888,15.359992204961241,3.3071148,13.167001385686858,1.4301037,14.558999223101662,3.1274433,13.0244721401277,2.432456,9.886809355246559,3.1274433,12.109412570679886
squeezed_Tây Ninh,2016-10-01,3.3071148,15.150960430025536,1.4301037,12.009766261130459,3.1274433,13.393080486608136,2.432456,12.336326869707179,3.1274433,6.909291961914153,5.0386586,10.668902812502925
squeezed_Tây Ninh,2016-11-01,1.4301037,15.734351407838943,3.1274433,10.987908324676036,2.432456,13.845023019241754,3.1274433,12.196117060295256,5.0386586,8.987527833159865,3.7355573,11.414280412999648
squeezed_Tây Ninh,2016-12-01,3.1274433,15.150960430025536,2.432456,12.00617680720831,3.1274433,13.393080486608136,5.0386586,11.770865368377297,3.7355573,9.679938382806693,6.168013,11.324858248443013
squeezed_Tây Ninh,2017-01-01,2.432456,15.498090275431906,3.1274433,12.073761490414654,5.0386586,13.793613291035227,3.7355573,20.152924074437166,6.168013,9.126622188038274,6.4286337,10.87658940959551
squeezed_Tây Ninh,2017-02-01,3.1274433,14.914699297618498,5.0386586,12.053951804238162,3.7355573,13.421198089537898,6.168013,19.817620367706756,6.4286337,10.405670288539776,8.3398485,11.58407880382543
squeezed_Tây Ninh,2017-03-01,5.0386586,14.914699297618498,3.7355573,12.204219831628723,6.168013,17.51206472541232,6.4286337,20.819666229780452,8.3398485,18.970788026446098,10.164191,24.709231158174784
squeezed_Tây Ninh,2017-04-01,3.7355573,16.404777164139066,6.168013,12.986312426254736,6.4286337,14.279920646488954,8.3398485,32.634469963815455,10.164191,35.095149080972746,8.86109,14.780980350991896
squeezed_Tây Ninh,2017-05-01,6.168013,15.882607415253581,6.4286337,13.866050908308635,8.3398485,15.44078162198856,10.164191,15.561198687703147,8.86109,16.301824736047692,6.7761273,12.437784519046081
squeezed_Tây Ninh,2017-06-01,6.4286337,15.882607415253581,8.3398485,15.873188858873418,10.164191,15.106708443547653,8.86109,22.136384544689367,6.7761273,13.6535884711455,5.5598993,10.787167245038875
squeezed_Tây Ninh,2017-07-01,8.3398485,15.882607415253581,10.164191,13.403123107649645,8.86109,15.106708443547653,6.7761273,15.0802632544408,5.5598993,11.64987109554086,7.6677866,9.929466257532146
squeezed_Tây Ninh,2017-08-01,10.164191,15.882607415253581,8.86109,20.589863859444236,6.7761273,15.269251420010189,5.5598993,12.724744938718848,7.6677866,10.050040643906359,5.772379,10.787167245038875
squeezed_Tây Ninh,2017-09-01,8.86109,16.514906803781475,6.7761273,15.340149647649048,5.5598993,14.370843726527344,7.6677866,12.064325437395722,5.772379,10.246436464436542,6.461618,12.916002853523608
squeezed_Tây Ninh,2017-10-01,6.7761273,16.6311619733097,5.5598993,13.279802502663172,7.6677866,14.089048182982598,5.772379,13.293388391625957,6.461618,10.609426362545028,6.461618,9.929466257532146
squeezed_Tây Ninh,2017-11-01,5.5598993,15.673575640317878,7.6677866,13.566154842844007,5.772379,13.873140622171515,6.461618,13.487028241668135,6.461618,7.19591091235965,5.9446883,12.12982704589592
squeezed_Tây Ninh,2017-12-01,7.6677866,15.673575640317878,5.772379,13.458365642997178,6.461618,16.200711206884723,6.461618,11.72684932350191,5.9446883,10.192334110958372,8.012406,10.018888422088782
squeezed_Vĩnh Phúc,2016-01-01,109.193245,128.18389214720102,154.5028,129.98028467972415,106.94184,137.43557887617797,112.945595,130.3173130369551,102.2514,134.62803065861468,105.34709,128.3908901730584
squeezed_Vĩnh Phúc,2016-02-01,154.5028,124.59137277083998,106.94184,141.75965176000523,112.945595,137.07936276727855,102.2514,134.49356242891167,105.34709,130.79725098539413,114.35272,137.42044937858373
squeezed_Vĩnh Phúc,2016-03-01,106.94184,154.20840872730042,112.945595,141.3488212427447,102.2514,158.10750082988423,105.34709,133.8537087599302,114.35272,139.03957805842663,109.756096,126.71397015036332
squeezed_Vĩnh Phúc,2016-04-01,112.945595,130.07991861367896,102.2514,150.24541613156873,105.34709,131.54782046193625,114.35272,129.517247465534,109.756096,133.79379691605055,117.16698,152.5369360219531
squeezed_Vĩnh Phúc,2016-05-01,102.2514,136.32147238635073,105.34709,132.0425259951971,114.35272,137.28932129136112,109.756096,129.7014674706568,117.16698,150.7591422293131,98.9681,132.40378951303572
squeezed_Vĩnh Phúc,2016-06-01,105.34709,117.6934096920416,114.35272,129.99423824754726,109.756096,128.92139148575527,117.16698,121.3196868784299,98.9681,115.45761754887891,28.611631,112.96090377232613
squeezed_Vĩnh Phúc,2016-07-01,114.35272,124.26810889838723,109.756096,134.99007909820077,117.16698,121.89315611076348,98.9681,119.18283701689009,28.611631,116.14535801502599,86.36809,111.75241140603175
squeezed_Vĩnh Phúc,2016-08-01,109.756096,131.2423862221059,117.16698,126.89490811132906,98.9681,120.2732027348132,28.611631,122.58587704022943,86.36809,110.39646650441838,81.738045,105.2715996086966
squeezed_Vĩnh Phúc,2016-09-01,117.16698,113.07970178257449,98.9681,115.89196396702397,28.611631,115.52171488597816,86.36809,111.55619711417887,81.738045,111.19872491388963,0.0,113.19271824458494
squeezed_Vĩnh Phúc,2016-10-01,98.9681,116.40637564552418,28.611631,120.24112188548057,86.36809,113.37564537838678,81.738045,107.6560233512738,0.0,117.77527737261703,96.51856,114.91048595181286
squeezed_Vĩnh Phúc,2016-11-01,28.611631,110.56979982610892,86.36809,106.84286619148448,81.738045,112.60523573870735,0.0,111.99978980737684,96.51856,101.82013510416924,75.23818,105.76442550329216
squeezed_Vĩnh Phúc,2016-12-01,86.36809,94.62502752348445,81.738045,94.73133627149628,0.0,107.92645150129235,96.51856,88.96557756884206,75.23818,109.12912941793218,80.22438,102.66975084712006
squeezed_Vĩnh Phúc,2017-01-01,81.738045,92.22576821019102,0.0,101.54563492647299,96.51856,106.42593474834868,75.23818,120.63675287244152,80.22438,111.4128555203436,76.39569,96.0062725038801
squeezed_Vĩnh Phúc,2017-02-01,0.0,105.35267276501166,96.51856,112.50462367070838,75.23818,104.47624692490963,80.22438,99.25818851555339,76.39569,98.51239206064692,0.0,108.41869620141631
squeezed_Vĩnh Phúc,2017-03-01,96.51856,103.6641281193773,75.23818,87.18894513341546,80.22438,92.24739148637994,76.39569,84.5733881520089,0.0,96.90521462541938,77.64224,85.80524479017424
squeezed_Vĩnh Phúc,2017-04-01,75.23818,90.0349975889316,80.22438,94.2773611223235,76.39569,108.55889964099713,0.0,96.63785512507131,77.64224,94.29451388346786,86.813286,91.58767610372266
squeezed_Vĩnh Phúc,2017-05-01,80.22438,87.59526212487455,76.39569,87.01938195352794,0.0,98.05409818459391,77.64224,88.40130543855199,86.813286,80.21703837354907,77.82032,84.613838742743
squeezed_Vĩnh Phúc,2017-06-01,76.39569,85.06938627816915,0.0,90.62148482281737,77.64224,85.66642966742852,86.813286,79.54130132625902,77.82032,110.2210551555389,0.0,65.3528289877471
squeezed_Vĩnh Phúc,2017-07-01,0.0,85.2492561969912,77.64224,93.12740619177433,86.813286,98.43485456633773,77.82032,82.25751544786479,0.0,83.47393196415477,0.0,71.24362561413494
squeezed_Vĩnh Phúc,2017-08-01,77.64224,93.3305670581935,86.813286,73.97555023526837,77.82032,73.5878600272808,0.0,65.25173829093951,0.0,49.456937931254664,0.0,62.24264797145282
squeezed_Vĩnh Phúc,2017-09-01,86.813286,66.00767025195366,77.82032,64.84514613293344,0.0,67.30050071819774,0.0,56.7178074250817,0.0,57.77334873854043,0.0,59.13574519880888
squeezed_Vĩnh Phúc,2017-10-01,77.82032,78.31277234137346,0.0,73.1893868978906,0.0,79.52613503859725,0.0,67.68195024739887,0.0,65.79415521027491,0.0,73.15603102660646
squeezed_Vĩnh Phúc,2017-11-01,0.0,71.20565914958983,0.0,73.27566505102172,0.0,70.4400149295537,0.0,69.38633551032378,0.0,64.78897794243275,0.0,67.20519436344301
squeezed_Vĩnh Phúc,2017-12-01,0.0,69.6137999573047,0.0,58.111277017423774,0.0,62.26562800924043,0.0,62.0735873360307,0.0,54.87684828597351,0.0,64.86186943722628
squeezed_Yên Bái,2016-01-01,45.869267,76.30900828311128,118.23522,88.48820273516289,131.60855,81.46424785656377,67.866516,85.08028973560681,50.993626,78.61130292347237,55.868015,91.99216152347168
squeezed_Yên Bái,2016-02-01,118.23522,71.36911059500567,131.60855,81.71487951399537,67.866516,89.6638505301893,50.993626,77.91008798048574,55.868015,83.1286212531097,101.86227,101.50493962489222
squeezed_Yên Bái,2016-03-01,131.60855,102.83201841152702,67.866516,97.68117507556154,50.993626,97.29738886306006,55.868015,99.2013777885208,101.86227,109.94133467623159,128.109,110.54983655546536
squeezed_Yên Bái,2016-04-01,67.866516,117.45449673811558,50.993626,92.61599772971216,55.868015,107.59507685290919,101.86227,115.3347777699866,128.109,116.56041605662442,94.363205,118.18703568664424
squeezed_Yên Bái,2016-05-01,50.993626,85.3423194115134,55.868015,99.39769144065569,101.86227,107.85089859776916,128.109,108.84763077361318,94.363205,97.0399542157834,81.6148,85.85823103910921
squeezed_Yên Bái,2016-06-01,55.868015,75.0045872222879,101.86227,88.46489928698894,128.109,99.58221466756176,94.363205,90.03668209195105,81.6148,82.67465310104096,3.624547,72.53055022105484
squeezed_Yên Bái,2016-07-01,101.86227,80.26183966922564,128.109,79.69940595518923,94.363205,78.46570786815279,81.6148,74.65654037237537,3.624547,82.07549469805315,48.804657,74.64498364522137
squeezed_Yên Bái,2016-08-01,128.109,92.32689829253565,94.363205,95.86331003564882,81.6148,84.86111691242486,3.624547,82.27227548385409,48.804657,82.7025677534029,88.6907,82.811261469258
squeezed_Yên Bái,2016-09-01,94.363205,102.53972644633782,81.6148,99.02818627269772,3.624547,84.02618372277013,48.804657,92.54243851841937,88.6907,85.67722921070298,108.50985,96.90515668470569
squeezed_Yên Bái,2016-10-01,81.6148,87.56347931198351,3.624547,84.46604968024948,48.804657,81.57385871037127,88.6907,84.53942956258476,108.50985,100.30233822710233,118.54329,100.20303354403428
squeezed_Yên Bái,2016-11-01,3.624547,83.42581045904356,48.804657,81.79065750745158,88.6907,89.16738437449945,108.50985,100.4464800180132,118.54329,101.14660327604804,77.79016,92.9259282805849
squeezed_Yên Bái,2016-12-01,48.804657,71.29681503297088,88.6907,68.05991980134404,108.50985,93.08766369485895,118.54329,94.06968113314076,77.79016,73.04909973295219,63.04967,91.58806548184013
squeezed_Yên Bái,2017-01-01,88.6907,65.57103479784708,108.50985,90.84488838978865,118.54329,84.02657309806845,77.79016,80.50182473615098,63.04967,86.11929733957564,57.599407,80.20677741725467
squeezed_Yên Bái,2017-02-01,108.50985,84.97784647131887,118.54329,90.91577342335995,77.79016,98.64129190005193,63.04967,83.66348505659076,57.599407,86.41327174878306,80.63917,90.21613760198171
squeezed_Yên Bái,2017-03-01,118.54329,96.39992958314974,77.79016,100.36215023746838,63.04967,91.64851122843679,57.599407,89.61345907845661,80.63917,99.49531849321609,91.78744,93.32967933094173
squeezed_Yên Bái,2017-04-01,77.79016,103.55022076350984,63.04967,98.83486852906461,57.599407,91.22979549490785,80.63917,104.59053634045024,91.78744,111.85375756838461,85.09847,98.57444984182703
squeezed_Yên Bái,2017-05-01,63.04967,87.10005133238782,57.599407,83.54092451347043,80.63917,104.51649188534861,91.78744,109.59990698837265,85.09847,96.98376264135268,68.62381,87.09885988553013
squeezed_Yên Bái,2017-06-01,57.599407,81.15137332815125,80.63917,95.74430094569405,91.78744,96.83229281026328,85.09847,95.25122292436744,68.62381,86.28271351570446,70.85346,72.10443484009416
squeezed_Yên Bái,2017-07-01,80.63917,78.19455021470804,91.78744,82.76846459717434,85.09847,83.95294877247309,68.62381,86.59406993189647,70.85346,74.19381087290085,47.753498,72.47979848663302
squeezed_Yên Bái,2017-08-01,91.78744,80.21182256292184,85.09847,85.31186188986233,68.62381,82.85298354063137,70.85346,78.4014016298932,47.753498,79.12282713188843,34.495457,73.5074901553729
squeezed_Yên Bái,2017-09-01,85.09847,85.92773927839923,68.62381,92.5268135851247,70.85346,75.92374762827212,47.753498,75.91757665061498,34.495457,79.45022532283197,47.38522,91.12763381039719
squeezed_Yên Bái,2017-10-01,68.62381,86.25126794476603,70.85346,75.22757993894484,47.753498,80.41327869168832,34.495457,80.38209307397125,47.38522,98.77755083632897,41.00172,84.47375219869336
squeezed_Yên Bái,2017-11-01,70.85346,73.62154511297126,47.753498,70.82237891935895,34.495457,74.03864943116079,47.38522,90.23364625871795,41.00172,98.56882323775403,38.178246,81.20097469259113
squeezed_Yên Bái,2017-12-01,47.753498,79.49703440007642,34.495457,74.45816139554763,47.38522,97.87011973752989,41.00172,95.92677476875019,38.178246,79.88418788936609,30.812668,72.77473491167783
squeezed_Điện Biên,2016-01-01,189.80983,211.9813694020994,229.6376,209.26161485948523,214.02942,211.31128492426478,222.10262,202.57092197099809,183.17188,200.1951165250325,177.96915,209.12805279150135
squeezed_Điện Biên,2016-02-01,229.6376,204.12183267056008,214.02942,206.2707926128853,222.10262,207.42368168663415,183.17188,195.01837657155167,177.96915,224.717131779297,228.74059,221.88614658786003
squeezed_Điện Biên,2016-03-01,214.02942,202.98981487881085,222.10262,213.22383502895678,183.17188,206.1861065997486,177.96915,208.47052285529824,228.74059,250.67585716203214,205.77682,244.00986643855018
squeezed_Điện Biên,2016-04-01,222.10262,202.1228354779621,183.17188,210.02394000598582,177.96915,212.69071847485793,228.74059,235.4627019698535,205.77682,271.62828840020757,188.0158,290.4550870051203
squeezed_Điện Biên,2016-05-01,183.17188,205.21047892696203,177.96915,225.9032406223841,228.74059,255.35057446369677,205.77682,255.5390225388118,188.0158,278.9213400413112,232.68748,265.35814899873077
squeezed_Điện Biên,2016-06-01,177.96915,206.52838351197926,228.74059,232.40827338108627,205.77682,270.92740351580017,188.0158,271.84071021526546,232.68748,270.7695999027289,0.0,236.23994862013635
squeezed_Điện Biên,2016-07-01,228.74059,214.51920400435017,205.77682,256.2639295151542,188.0158,255.3382843142404,232.68748,276.4999205613158,0.0,237.18829977044464,117.535385,211.76890782176798
squeezed_Điện Biên,2016-08-01,205.77682,249.5505166817882,188.0158,265.0329160761946,232.68748,247.35749525485812,0.0,244.87401750979532,117.535385,213.01306343208793,0.0,205.4200970848811
squeezed_Điện Biên,2016-09-01,188.0158,230.0922525571274,232.68748,224.5724342466768,0.0,232.83765229171297,117.535385,209.44273052567522,0.0,201.99215887246507,0.0,212.23958221698803
squeezed_Điện Biên,2016-10-01,232.68748,220.82555183353134,0.0,191.04496101492555,117.535385,200.75475620068855,0.0,212.2222708486628,0.0,214.73362217454957,163.96272,209.63122092415225
squeezed_Điện Biên,2016-11-01,0.0,233.03809153715895,117.535385,202.01162733195184,0.0,201.02884511871932,0.0,215.6284813010078,163.96272,215.489355902303,181.91232,219.68145928317443
squeezed_Điện Biên,2016-12-01,117.535385,174.60278373446377,0.0,179.41192429017306,0.0,199.15110381720424,163.96272,197.99197320344626,181.91232,213.10892123635676,179.32344,212.5612344799143
squeezed_Điện Biên,2017-01-01,0.0,153.82613545802997,0.0,192.32075258622137,163.96272,199.25954254128473,181.91232,186.18504423250292,179.32344,176.34765791399377,0.0,221.77936290923464
squeezed_Điện Biên,2017-02-01,0.0,186.3734685664554,163.96272,204.01401243614026,181.91232,187.88345985919318,179.32344,176.2325285936494,0.0,213.61127524202797,205.38489,223.59562076647993
squeezed_Điện Biên,2017-03-01,163.96272,152.6063730225231,181.91232,161.87868819584668,179.32344,175.90770757997154,0.0,180.82557432630583,205.38489,187.59726874750748,283.05142,212.24611384482697
squeezed_Điện Biên,2017-04-01,181.91232,159.13020762494804,179.32344,183.8203911264036,0.0,177.57740679640983,205.38489,205.6764555645651,283.05142,183.8228695891401,0.0,174.85345344327285
squeezed_Điện Biên,2017-05-01,179.32344,172.4849440628657,0.0,184.16341891537246,205.38489,190.82047759105427,283.05142,205.4323133860911,0.0,214.33304971719315,202.10562,158.17493078944258
squeezed_Điện Biên,2017-06-01,0.0,193.0464156636323,205.38489,223.74602365277812,283.05142,175.6359308227865,0.0,222.28178885672313,202.10562,178.6480640675093,0.0,121.72695095121954
squeezed_Điện Biên,2017-07-01,205.38489,175.72856785172894,283.05142,177.5662754071318,0.0,206.768418189593,202.10562,173.9070293438148,0.0,117.39480752707318,0.0,118.66809244868502
squeezed_Điện Biên,2017-08-01,283.05142,181.850280276155,0.0,221.22753357313928,202.10562,168.74656913774007,0.0,132.55086820978886,0.0,118.01468098221089,159.35648,100.40131863705578
squeezed_Điện Biên,2017-09-01,0.0,207.58187293194325,202.10562,205.56400912911678,0.0,139.5822683001855,0.0,103.53075862029598,159.35648,139.34766081513283,0.0,112.40836208774843
squeezed_Điện Biên,2017-10-01,202.10562,173.1779717923916,0.0,133.794803413656,0.0,110.58085023919337,159.35648,108.25995470861098,0.0,101.05962001546887,0.0,142.3494602648841
squeezed_Điện Biên,2017-11-01,0.0,140.46100089851336,0.0,137.25674166009702,159.35648,109.73121737293152,0.0,144.8603514129999,0.0,127.8878833767346,0.0,165.5464819517662
squeezed_Điện Biên,2017-12-01,0.0,127.40224288019321,159.35648,79.15238530982411,0.0,120.24131334205369,0.0,117.18449296392835,0.0,134.08218104012036,0.0,177.46129997181964
squeezed_Đà Nẵng,2016-01-01,49.034603,46.99235098496768,43.681896,50.08412586522156,52.857964,49.124622291942686,29.05754,46.89624860016533,53.71822,62.33626256431273,33.35882,45.43989323867333
squeezed_Đà Nẵng,2016-02-01,43.681896,50.97863985692429,52.857964,49.243859885817685,29.05754,49.88816850388518,53.71822,53.32812695623561,33.35882,62.67538962007445,51.424202,52.90009757142728
squeezed_Đà Nẵng,2016-03-01,52.857964,49.69230880726369,29.05754,48.2865476905492,53.71822,55.445766579012506,33.35882,56.35310521495173,51.424202,58.69615082183533,48.174347,48.33375687872115
squeezed_Đà Nẵng,2016-04-01,29.05754,50.15160804925552,53.71822,48.65646347674696,33.35882,59.309232811150885,51.424202,52.719511120782755,48.174347,65.95297973427391,35.270504,55.630077851115864
squeezed_Đà Nẵng,2016-05-01,53.71822,45.16046998486103,33.35882,42.67458994283937,51.424202,49.278856987913926,48.174347,49.20130426331856,35.270504,51.18682760227362,35.844006,49.59323353692713
squeezed_Đà Nẵng,2016-06-01,33.35882,46.151250718356856,51.424202,45.721956205615946,48.174347,51.02976927795626,35.270504,59.27185003398397,35.844006,57.23794179897216,35.844006,47.405612008988676
squeezed_Đà Nẵng,2016-07-01,51.424202,48.74857973633444,48.174347,39.33407571598739,35.270504,47.69765102797687,35.844006,57.96211698071705,35.844006,42.53820251116103,83.07524,46.203501392042895
squeezed_Đà Nẵng,2016-08-01,48.174347,54.989466815230166,35.270504,52.75525496370661,35.844006,53.28696602568314,35.844006,56.592725891256755,83.07524,49.800707888172816,27.23629,46.806034244604305
squeezed_Đà Nẵng,2016-09-01,35.270504,78.8658184659493,35.844006,51.90617611228373,35.844006,50.501931292108104,83.07524,44.50380048732585,27.23629,52.459439751862334,59.027145,51.40328905086775
squeezed_Đà Nẵng,2016-10-01,35.844006,81.19505375383832,35.844006,44.49049414610321,83.07524,46.52973027366465,27.23629,49.72212388357909,59.027145,46.64284398348297,38.167244,41.22102455959549
squeezed_Đà Nẵng,2016-11-01,35.844006,44.900400270370326,83.07524,44.06317422009522,27.23629,45.53517514772031,59.027145,47.48214471699281,38.167244,42.05683566001406,49.18929,48.421211003014946
squeezed_Đà Nẵng,2016-12-01,83.07524,52.578770570646526,27.23629,40.01569117840088,59.027145,45.5004211011415,38.167244,44.647582504233625,49.18929,45.0989268257288,16.760794,39.35807484592067
squeezed_Đà Nẵng,2017-01-01,27.23629,60.220135084166955,59.027145,58.14721674986163,38.167244,57.521285129652526,49.18929,58.42041354221197,16.760794,59.03536552095542,19.402441,49.66025317296377
squeezed_Đà Nẵng,2017-02-01,59.027145,53.1250074766917,38.167244,40.76863555936904,49.18929,45.71297881974554,16.760794,49.03151428047284,19.402441,43.18408959431257,0.0,52.182718497151804
squeezed_Đà Nẵng,2017-03-01,38.167244,43.67977989355774,49.18929,45.67033793313745,16.760794,49.92797397920138,19.402441,52.05410120749018,0.0,46.47954648766451,0.0,51.425711695932534
squeezed_Đà Nẵng,2017-04-01,49.18929,58.505527819484854,16.760794,41.9514530548174,19.402441,53.304699825944795,0.0,58.08543613500738,0.0,81.69955894036717,0.0,55.87572873212805
squeezed_Đà Nẵng,2017-05-01,16.760794,56.87202363450128,19.402441,49.602761165964026,0.0,50.28010884794758,0.0,46.42057972737319,0.0,57.83313394120756,0.0,48.30321354147002
squeezed_Đà Nẵng,2017-06-01,19.402441,43.32577594763017,0.0,36.63301785450221,0.0,44.707050534445244,0.0,56.26102895730163,0.0,55.26240691299722,0.0,49.25531568951571
squeezed_Đà Nẵng,2017-07-01,0.0,43.24016233387131,0.0,40.24621406172414,0.0,43.736085065111524,0.0,46.721437796507686,0.0,49.066203003036364,25.125628,41.16815470511964
squeezed_Đà Nẵng,2017-08-01,0.0,60.98949145580964,0.0,37.580703426337486,0.0,35.97184291186294,0.0,43.28173190670334,25.125628,43.43942018234937,23.241205,44.8993251616476
squeezed_Đà Nẵng,2017-09-01,0.0,64.17754373658445,0.0,24.015317479361013,0.0,35.88651659929334,25.125628,25.557174951989104,23.241205,28.519379189073312,25.753769,32.05744276736038
squeezed_Đà Nẵng,2017-10-01,0.0,19.870064126850178,0.0,29.5428846944378,25.125628,19.713274425100394,23.241205,23.72015604278628,25.753769,24.18065956331827,21.805456,22.661808726542308
squeezed_Đà Nẵng,2017-11-01,0.0,30.002276843766882,25.125628,24.429921539102736,23.241205,18.725389187438456,25.753769,20.652454300495105,21.805456,22.898826806840724,24.676956,20.087706053901712
squeezed_Đà Nẵng,2017-12-01,25.125628,25.80271983683481,23.241205,29.153473769365355,25.753769,15.41047190165419,21.805456,19.5534327589638,24.676956,17.19387361833032,0.0,17.266513654550202
squeezed_Đắk Lắk,2016-01-01,54.681248,78.09449720599353,64.81728,78.9823342281342,66.364365,76.2861333958549,68.49827,79.14332096566409,61.349693,77.66356925703153,52.28061,84.03057392188067
squeezed_Đắk Lắk,2016-02-01,64.81728,75.065016745863,66.364365,72.41442865753244,68.49827,68.72528049776453,61.349693,76.20854678484072,52.28061,82.00013086264124,84.82262,86.13554471380824
squeezed_Đắk Lắk,2016-03-01,66.364365,74.5951385744347,68.49827,74.72738453439833,61.349693,75.85244724120965,52.28061,76.94565371545113,84.82262,83.68810347118023,83.32889,95.77110928467235
squeezed_Đắk Lắk,2016-04-01,68.49827,76.14300076545429,61.349693,79.0219831434249,52.28061,77.31323945656618,84.82262,79.97023178216651,83.32889,89.99771511380622,88.71699,85.46097112057582
squeezed_Đắk Lắk,2016-05-01,61.349693,78.59699190358661,52.28061,82.36141107361952,84.82262,84.05600781291884,83.32889,94.21641401797027,88.71699,85.6981399161534,61.136303,78.72331332689303
squeezed_Đắk Lắk,2016-06-01,52.28061,79.99969524341488,84.82262,80.96136618066474,83.32889,92.68713907725564,88.71699,78.52409534733805,61.136303,71.33646359830277,7.3086157,72.78995435632864
squeezed_Đắk Lắk,2016-07-01,84.82262,73.7427497717125,83.32889,74.11176462492756,88.71699,72.5980717420172,61.136303,71.23059434731226,7.3086157,59.73764457228768,48.640762,61.473239905426325
squeezed_Đắk Lắk,2016-08-01,83.32889,81.48771685948853,88.71699,76.77954959329045,61.136303,77.90538376782119,7.3086157,64.91801541895077,48.640762,60.85426151892848,51.88348,60.02223497612347
squeezed_Đắk Lắk,2016-09-01,88.71699,80.38563511459111,61.136303,93.4422106912413,7.3086157,74.40744982840336,48.640762,66.10308848359347,51.88348,56.14265360816996,67.61066,62.947656243319024
squeezed_Đắk Lắk,2016-10-01,61.136303,85.0570434450998,7.3086157,74.66661133087611,48.640762,77.65223933233618,51.88348,69.00984064497787,67.61066,62.93927194307563,46.641087,67.78431823377433
squeezed_Đắk Lắk,2016-11-01,7.3086157,68.8431914385711,48.640762,68.9731899348249,51.88348,69.54529391591699,67.61066,66.13738272711488,46.641087,65.96384213142086,54.801926,65.2080797427924
squeezed_Đắk Lắk,2016-12-01,48.640762,67.22991826752461,51.88348,51.819294155206386,67.61066,64.10501401773038,46.641087,58.972699821905415,54.801926,54.73200108176284,63.935577,59.60572959335329
squeezed_Đắk Lắk,2017-01-01,51.88348,50.863124249846756,67.61066,56.92520555529031,46.641087,56.23055176718991,54.801926,48.47720852037218,63.935577,50.37370666594682,64.746254,58.45196650090122
squeezed_Đắk Lắk,2017-02-01,67.61066,60.729452733019166,46.641087,59.4075313177431,54.801926,58.61135501096528,63.935577,50.64419635490185,64.746254,58.36043732236814,80.3113,65.47013548621757
squeezed_Đắk Lắk,2017-03-01,46.641087,56.578356801613616,54.801926,59.13856939645267,63.935577,60.66659027802913,64.746254,59.05785776769456,80.3113,63.876840859198474,82.74334,63.890490027628694
squeezed_Đắk Lắk,2017-04-01,54.801926,60.15142585502848,63.935577,53.191835955833774,64.746254,60.62529268355169,80.3113,62.98909632075701,82.74334,76.64430421130034,83.06761,60.22011030220809
squeezed_Đắk Lắk,2017-05-01,63.935577,58.27875323935936,64.746254,56.75049859419573,80.3113,62.50665996162201,82.74334,62.036747782940104,83.06761,65.22585100422795,84.68897,93.05122125791411
squeezed_Đắk Lắk,2017-06-01,64.746254,67.98460183506576,80.3113,66.33028015368534,82.74334,61.48953083046714,83.06761,60.98337715208192,84.68897,79.18155356729777,62.260174,54.641386249888924
squeezed_Đắk Lắk,2017-07-01,80.3113,65.6902853726604,82.74334,66.09482685400101,83.06761,55.84177499508783,84.68897,60.835643984194895,62.260174,60.51680599580773,115.713135,49.878777792329714
squeezed_Đắk Lắk,2017-08-01,82.74334,85.95643374176929,83.06761,66.50783194192977,84.68897,97.02260795615916,62.260174,62.59528083787727,115.713135,52.2778165605908,160.24712,53.72882925113952
squeezed_Đắk Lắk,2017-09-01,83.06761,101.69351752176912,84.68897,82.88247818613648,62.260174,84.81030022162253,115.713135,53.21451630694077,160.24712,59.39601833879047,48.401825,60.23789362489263
squeezed_Đắk Lắk,2017-10-01,84.68897,86.59426686483522,62.260174,76.08692116578526,115.713135,66.77478305751538,160.24712,68.18657923956894,48.401825,56.64716895546869,48.939026,59.23376150371536
squeezed_Đắk Lắk,2017-11-01,62.260174,75.29862658767601,115.713135,67.16566667071537,160.24712,71.87481548677475,48.401825,68.13314517222676,48.939026,67.79358494520478,58.82353,66.55480499925514
squeezed_Đắk Lắk,2017-12-01,115.713135,68.95990785184301,160.24712,69.3717707575798,48.401825,66.1260374331219,48.939026,65.94966895922592,58.82353,67.23364735716311,62.906258,67.60363109886033
squeezed_Đắk Nông,2016-01-01,12.553683,33.00450724332881,11.067063,16.92166187616612,8.589362,25.314135506092224,11.727783,14.439820648292097,13.709944,27.615936506159336,18.830524,20.03003576047618
squeezed_Đắk Nông,2016-02-01,11.067063,30.970836797877794,8.589362,32.363034831532254,11.727783,24.84494515534803,13.709944,16.250230755176762,18.830524,16.86357546181491,18.995705,40.6999106991973
squeezed_Đắk Nông,2016-03-01,8.589362,32.6452182754846,11.727783,15.850256069025724,13.709944,25.94603048740789,18.830524,22.738851198941862,18.995705,19.73184772108819,15.031384,23.294554420869098
squeezed_Đắk Nông,2016-04-01,11.727783,29.1591368237622,13.709944,22.711965073916797,18.830524,19.531075594917002,18.995705,23.324548476465353,15.031384,24.72836025162661,14.040304,23.708693907080608
squeezed_Đắk Nông,2016-05-01,13.709944,38.754677856351265,18.830524,22.71419641438987,18.995705,20.918299044615694,15.031384,24.82290729161721,14.040304,21.650303060973947,15.196565,24.59527211553583
squeezed_Đắk Nông,2016-06-01,18.830524,32.538573969475976,18.995705,21.246876120924817,15.031384,20.160825008146322,14.040304,27.79196076059571,15.196565,17.272451191754964,1.1562604,20.851764673048088
squeezed_Đắk Nông,2016-07-01,18.995705,20.946272464790063,15.031384,19.93575231306614,14.040304,19.585846043584496,15.196565,27.44304323962241,1.1562604,12.352854206620854,3.8022814,15.642864265716215
squeezed_Đắk Nông,2016-08-01,15.031384,20.60869176896489,14.040304,24.74944550303773,15.196565,29.000965824014234,1.1562604,24.689818066553897,3.8022814,11.208714985702912,10.0843115,17.292724315848165
squeezed_Đắk Nông,2016-09-01,14.040304,35.15120729703206,15.196565,27.91777426699015,1.1562604,29.77687249583281,3.8022814,27.928351785481908,10.0843115,10.18938577776606,9.588362,18.404711901340026
squeezed_Đắk Nông,2016-10-01,15.196565,34.37289750684428,1.1562604,26.953390759082232,3.8022814,29.104171933646413,10.0843115,18.44909274884528,9.588362,12.940408852252595,6.1167135,16.122366929348967
squeezed_Đắk Nông,2016-11-01,1.1562604,30.791230930593738,3.8022814,17.33062312027966,10.0843115,24.4756500224292,9.588362,16.543072956054196,6.1167135,10.77891153845237,7.439246,15.727394216919949
squeezed_Đắk Nông,2016-12-01,3.8022814,30.791230930593738,10.0843115,17.408857375454335,9.588362,23.19977038962998,6.1167135,8.527751756823735,7.439246,12.778882750995773,11.572161,16.791879941028437
squeezed_Đắk Nông,2017-01-01,10.0843115,24.69857661485741,9.588362,11.64670995591697,6.1167135,16.773745360044195,7.439246,8.060654488310773,11.572161,21.567038882467287,8.265829,19.121520180907293
squeezed_Đắk Nông,2017-02-01,9.588362,26.49218354464223,6.1167135,13.671336787203387,7.439246,16.615109454053997,11.572161,10.769647068302008,8.265829,13.14956682976596,9.092412,23.31133627426397
squeezed_Đắk Nông,2017-03-01,6.1167135,29.1591368237622,7.439246,20.01423800832611,11.572161,16.70107540786708,8.265829,12.829546264587059,9.092412,12.015952118731446,7.935196,20.142065147161045
squeezed_Đắk Nông,2017-04-01,7.439246,26.9760172398732,11.572161,24.283970157466293,8.265829,17.550113501296895,9.092412,22.428948743295273,7.935196,17.42487530249616,5.7860804,21.52923743588027
squeezed_Đắk Nông,2017-05-01,11.572161,26.227462681817087,8.265829,25.692978877251463,9.092412,19.374239544666718,7.935196,30.958496016945368,5.7860804,19.215578843815447,6.77798,23.618071978006245
squeezed_Đắk Nông,2017-06-01,8.265829,26.615103197789747,9.092412,25.78342427365126,7.935196,19.791967238813527,5.7860804,22.71008208266168,6.77798,23.45580251961709,4.1329145,20.592722229894598
squeezed_Đắk Nông,2017-07-01,9.092412,26.392626262059796,7.935196,20.42923268773337,5.7860804,19.14795898735267,6.77798,22.317420822144737,4.1329145,13.308139960693872,5.524862,20.687618159925428
squeezed_Đắk Nông,2017-08-01,7.935196,25.96876614271291,5.7860804,18.752762063000922,6.77798,17.041485164358548,4.1329145,21.05810444034553,5.524862,13.710514863672527,5.19987,13.511411162091736
squeezed_Đắk Nông,2017-09-01,5.7860804,25.491160176851288,6.77798,21.19934359476502,4.1329145,24.507521187703766,5.524862,17.264517544647497,5.19987,15.022347817742927,6.987325,13.342029602264843
squeezed_Đắk Nông,2017-10-01,6.77798,27.553853461155327,4.1329145,17.633949653904782,5.524862,17.688563018257334,5.19987,13.553124286071027,6.987325,12.337454110393368,5.3623657,13.14596024309261
squeezed_Đắk Nông,2017-11-01,4.1329145,27.253882030107818,5.524862,10.593384972821047,5.19987,16.485170184959905,6.987325,11.671439280234566,5.3623657,10.963551744439972,5.687358,11.490927567076097
squeezed_Đắk Nông,2017-12-01,5.524862,25.398815490311602,5.19987,9.60331152548842,6.987325,17.960251424789966,5.3623657,10.343222863530253,5.687358,16.379016375375738,6.8248296,13.628227913303439
squeezed_Đồng Tháp,2016-01-01,143.30588,195.68165327685983,182.12529,199.7400920246038,199.8459,187.57760148581374,198.77911,187.8063660362148,172.05002,183.85514915504453,204.64647,186.69783637137618
squeezed_Đồng Tháp,2016-02-01,182.12529,181.09825736652087,199.8459,180.12694359131265,198.77911,178.51738246843644,172.05002,181.94789761025166,204.64647,173.76011817003214,165.0566,181.38351035354748
squeezed_Đồng Tháp,2016-03-01,199.8459,188.77327909527594,198.77911,172.8933048305586,172.05002,179.40520593132638,204.64647,179.9177277096687,165.0566,187.7586156617772,159.12997,190.05128886176706
squeezed_Đồng Tháp,2016-04-01,198.77911,189.12072022665842,172.05002,181.9496405409932,204.64647,189.59752455674413,165.0566,183.49445122319108,159.12997,193.83121051210452,213.24008,193.02356608867535
squeezed_Đồng Tháp,2016-05-01,172.05002,191.66256983937666,204.64647,182.8539744566093,165.0566,188.52430678466047,159.12997,187.57922823984094,213.24008,195.38171471066656,191.19302,202.46199284503246
squeezed_Đồng Tháp,2016-06-01,204.64647,188.6691918421824,165.0566,198.44487921643994,159.12997,194.19174245563158,213.24008,192.16318260806122,191.19302,192.20945638920878,55.769573,197.36438542952226
squeezed_Đồng Tháp,2016-07-01,165.0566,196.90263496186773,159.12997,202.29675231398417,213.24008,206.51190735165548,191.19302,189.33116289126775,55.769573,208.0968697653912,118.387596,181.4649032617528
squeezed_Đồng Tháp,2016-08-01,159.12997,183.49887291870354,213.24008,199.71187785590192,191.19302,187.09650941223595,55.769573,189.11729694136488,118.387596,173.239192910718,172.46512,182.56797865958086
squeezed_Đồng Tháp,2016-09-01,213.24008,172.26590320858085,191.19302,174.1604625989862,55.769573,172.62546416344568,118.387596,163.36785589992098,172.46512,167.35577500328822,149.95349,184.29100863964433
squeezed_Đồng Tháp,2016-10-01,191.19302,187.20274272942845,55.769573,179.62311886911345,118.387596,178.15713196994486,172.46512,183.42746720692566,149.95349,177.5328048832462,147.65892,187.46992337986495
squeezed_Đồng Tháp,2016-11-01,55.769573,189.09061756664354,118.387596,169.46110426397982,172.46512,177.18589120114675,149.95349,167.75363909751496,147.65892,195.14577614183173,155.41086,190.84618376905405
squeezed_Đồng Tháp,2016-12-01,118.387596,156.48547236660534,172.46512,154.3199086191274,149.95349,158.2312070190114,147.65892,169.62461968706543,155.41086,161.21194791295278,300.46512,162.62871149944988
squeezed_Đồng Tháp,2017-01-01,172.46512,129.5227065347996,149.95349,141.27808969085046,147.65892,164.5176815502903,155.41086,147.36414346053238,300.46512,153.64021587753317,215.56589,161.25144971456737
squeezed_Đồng Tháp,2017-02-01,149.95349,171.68758959112094,147.65892,160.97558798834336,155.41086,167.14598278382744,300.46512,170.4111483540506,215.56589,171.07741026704565,174.69768,164.9687340226987
squeezed_Đồng Tháp,2017-03-01,147.65892,158.62811254370905,155.41086,169.29625449602014,300.46512,160.34023171579744,215.56589,162.20543098424392,174.69768,163.7784203068708,228.71318,168.30189580626032
squeezed_Đồng Tháp,2017-04-01,155.41086,161.93176758858627,300.46512,154.19551932518183,215.56589,151.41648905124714,174.69768,162.82737675711604,228.71318,163.53941882620813,240.93024,178.5680416751605
squeezed_Đồng Tháp,2017-05-01,300.46512,156.03671660982275,215.56589,168.19512211744077,174.69768,174.14088977062087,228.71318,172.85944019957742,240.93024,174.07803533478787,171.28682,170.68354540891286
squeezed_Đồng Tháp,2017-06-01,215.56589,226.25245847831778,174.69768,205.29669565142694,228.71318,189.55610354386087,240.93024,172.78773893605154,171.28682,172.63840447320965,171.969,192.30784152099739
squeezed_Đồng Tháp,2017-07-01,174.69768,204.31189203734326,228.71318,217.86979913224894,240.93024,208.4310714042482,171.28682,187.07413424009218,171.969,160.21989830137687,168.23361,168.63520618011174
squeezed_Đồng Tháp,2017-08-01,228.71318,186.95883760161408,240.93024,192.73750508024966,171.28682,179.90488685792747,171.969,161.9750878617102,168.23361,161.64384197952782,157.83575,165.76347864622542
squeezed_Đồng Tháp,2017-09-01,240.93024,200.9789353166972,171.28682,188.4167672149575,171.969,178.49566547147845,168.23361,175.58148386920953,157.83575,172.11210745294306,225.63976,185.73295101836203
squeezed_Đồng Tháp,2017-10-01,171.28682,204.013387949898,171.969,187.7527791864541,168.23361,178.55545546385517,157.83575,180.5255348332023,225.63976,169.0691020397635,161.82056,195.1147941856758
squeezed_Đồng Tháp,2017-11-01,171.969,178.77335886887445,168.23361,165.2800867487906,157.83575,182.75562586105204,225.63976,178.7096575281059,161.82056,172.7340013492409,177.32396,197.56449515138124
squeezed_Đồng Tháp,2017-12-01,168.23361,165.17828070751992,157.83575,174.33881209924664,225.63976,180.03768133285917,161.82056,169.89355395975366,177.32396,187.3582177264117,145.32097,211.67999577863904
