model,MAE@1,RMSE@1,SMAPE@1,MAE@2,RMSE@2,SMAPE@2,MAE@3,RMSE@3,SMAPE@3,MAE@4,RMSE@4,SMAPE@4,MAE@5,RMSE@5,SMAPE@5,MAE@6,RMSE@6,SMAPE@6,outbreak_threshold,precision,recall
HistGB,6.692333403371529,14.810370359491808,105.22929312686695,7.895046664611333,17.22533458494617,112.49239349239022,8.623405656932448,18.099871609234167,124.96498662489961,8.101785898246261,17.70979912167331,116.84624453325583,8.435714292983253,18.089891341266217,121.13838815582345,8.261912188383876,17.785161838288605,123.74919973135914,35.96744918823243,0.5909090909090909,0.6724137931034483
XGBoost,7.36859130859375,15.61751187757172,114.3563985824585,7.937013626098633,17.074651729667963,118.53158473968506,8.847786903381348,18.668778345465174,123.44927787780762,8.754348754882812,18.200590790602188,123.68649244308472,9.037140846252441,19.208659380988664,124.45911169052124,8.553738594055176,18.37677034945375,121.64368629455566,35.96744918823243,0.5466666666666666,0.7068965517241379
LSTM,7.740952491760254,20.291605840300686,131.87137842178345,7.58206844329834,19.913981279257673,133.93107652664185,7.374759674072266,19.75486676093229,131.2554955482483,7.4090423583984375,19.815482604016438,131.43967390060425,7.607520580291748,20.219236766020387,134.07812118530273,7.65684700012207,20.141312900393622,134.2525601387024,36.07353057861328,0.0,0.0
Naive,7.811671986812349,19.283213110208926,75.12065224695701,11.548905866550928,26.693685618609983,95.96102331561653,12.704378683023974,28.752422519939643,103.38160593679737,11.495339445816892,27.31527593471868,100.57066258767628,9.507660566372452,24.455968263545948,92.53600813844771,8.794807905958194,23.820790767528376,87.51047963078153,35.96744918823243,0.453125,0.5
Prophet,9.057928461822192,20.089519866788937,150.5988112066879,9.155594695979621,20.304260072188235,151.29328689225008,9.52088594264088,20.9409208095574,153.4210516955675,10.008135546441075,21.715684958530325,155.2689765174681,10.58993092557557,22.47551662908846,158.20444464585972,10.886968541836264,22.66395777098001,159.36398897647732,35.96744918823243,0.625,0.08620689655172414
SeasonalNaive,9.804913161644293,25.215379090288955,91.97537281834175,11.099034258864329,27.145627245529017,102.19683220042013,11.421317115558201,27.904388261333647,107.83779189755948,10.64032022484294,27.121600138293697,102.20457921997381,9.192380238350065,24.860620715557808,95.34293034006063,8.32073011453938,22.09544116922065,99.34071061947859,35.96744918823243,0.2542372881355932,0.25862068965517243
