model,MAE@1,RMSE@1,SMAPE@1,MAE@2,RMSE@2,SMAPE@2,MAE@3,RMSE@3,SMAPE@3,MAE@4,RMSE@4,SMAPE@4,MAE@5,RMSE@5,SMAPE@5,MAE@6,RMSE@6,SMAPE@6,outbreak_threshold,precision,recall
HistGB,6.8718916783061825,15.1182631424043,105.63916642496709,7.897298880692201,17.556701246733315,115.42546841238999,8.19080855998046,18.035006403767923,116.773034647687,8.177128616182735,17.62788299215851,119.50002311866719,8.473853291407385,18.219319693887844,120.80882930719675,8.330372591983682,17.874015011628128,124.8723299144939,35.96744918823243,0.6440677966101694,0.6551724137931034
XGBoost,7.138434410095215,15.463111050003054,112.03010082244873,8.219425201416016,17.777676348926693,120.03201246261597,9.016389846801758,19.202489310064074,123.66137504577637,8.81732177734375,18.42636465249292,123.57144355773926,8.618427276611328,18.080021474369765,124.21777248382568,8.463115692138672,18.09324906204228,123.39386940002441,35.96744918823243,0.5797101449275363,0.6896551724137931
Naive,7.811671986812349,19.283213110208926,75.12065224695701,11.548905866550928,26.693685618609983,95.96102331561653,12.704378683023974,28.752422519939643,103.38160593679737,11.495339445816892,27.31527593471868,100.57066258767628,9.507660566372452,24.455968263545948,92.53600813844771,8.794807905958194,23.820790767528376,87.51047963078153,35.96744918823243,0.453125,0.5
LSTM,7.999090194702148,20.386838130159187,131.92944526672363,7.871176719665527,20.183910889346063,132.1752667427063,7.8155999183654785,20.01059137281664,131.38407468795776,7.770142555236816,20.098087868907534,130.91251850128174,7.85190486907959,20.27874147862809,131.78887367248535,7.744320392608643,20.016511586287567,132.29600191116333,36.07353057861328,0.0,0.0
Prophet,9.057928461822192,20.089519866788937,150.5988112066879,9.155594695979621,20.304260072188235,151.29328689225008,9.52088594264088,20.9409208095574,153.4210516955675,10.008135546441075,21.715684958530325,155.2689765174681,10.58993092557557,22.47551662908846,158.20444464585972,10.886968541836264,22.66395777098001,159.36398897647732,35.96744918823243,0.625,0.08620689655172414
SeasonalNaive,9.804913161644293,25.215379090288955,91.97537281834175,11.099034258864329,27.145627245529017,102.19683220042013,11.421317115558201,27.904388261333647,107.83779189755948,10.64032022484294,27.121600138293697,102.20457921997381,9.192380238350065,24.860620715557808,95.34293034006063,8.32073011453938,22.09544116922065,99.34071061947859,35.96744918823243,0.2542372881355932,0.25862068965517243
