model,MAE@1,RMSE@1,SMAPE@1,MAE@2,RMSE@2,SMAPE@2,MAE@3,RMSE@3,SMAPE@3,MAE@4,RMSE@4,SMAPE@4,MAE@5,RMSE@5,SMAPE@5,MAE@6,RMSE@6,SMAPE@6,outbreak_threshold,precision,recall
HistGB,6.692333403371529,14.810370359491808,105.22929312686695,7.895046664611333,17.22533458494617,112.49239349239022,8.623405656932448,18.099871609234167,124.96498662489961,8.101785898246261,17.70979912167331,116.84624453325583,8.435714292983253,18.089891341266217,121.13838815582345,8.325190473325843,17.818475761994502,125.41247565079195,35.96744918823243,0.5909090909090909,0.6724137931034483
XGBoost,7.312292098999023,15.584284843457889,114.59805965423584,8.065999031066895,17.383645520770287,119.48362588882446,8.987308502197266,18.873575523131375,123.154616355896,8.659356117248535,17.926489876901183,124.38865900039673,9.113396644592285,19.468381630242952,124.25835132598877,8.670528411865234,18.527119322512743,123.08140993118286,35.96744918823243,0.5714285714285714,0.6896551724137931
LSTM,7.7097907066345215,19.89704028025431,129.58444356918335,7.5472588539123535,19.74093999570594,127.98104286193848,7.574860572814941,19.620599532771433,128.57916355133057,7.6540303230285645,19.66288531314493,130.57425022125244,7.725927829742432,19.9401547568848,131.93774223327637,7.681200981140137,19.743873128721397,131.7670464515686,36.07353057861328,0.0,0.0
Naive,7.811671986812349,19.283213110208926,75.12065224695701,11.548905866550928,26.693685618609983,95.96102331561653,12.704378683023974,28.752422519939643,103.38160593679737,11.495339445816892,27.31527593471868,100.57066258767628,9.507660566372452,24.455968263545948,92.53600813844771,8.794807905958194,23.820790767528376,87.51047963078153,35.96744918823243,0.453125,0.5
Prophet,9.057928461822192,20.089519866788937,150.5988112066879,9.155594695979621,20.304260072188235,151.29328689225008,9.52088594264088,20.9409208095574,153.4210516955675,10.008135546441075,21.715684958530325,155.2689765174681,10.58993092557557,22.47551662908846,158.20444464585972,10.886968541836264,22.66395777098001,159.36398897647732,35.96744918823243,0.625,0.08620689655172414
SeasonalNaive,9.804913161644293,25.215379090288955,91.97537281834175,11.099034258864329,27.145627245529017,102.19683220042013,11.421317115558201,27.904388261333647,107.83779189755948,10.64032022484294,27.121600138293697,102.20457921997381,9.192380238350065,24.860620715557808,95.34293034006063,8.32073011453938,22.09544116922065,99.34071061947859,35.96744918823243,0.2542372881355932,0.25862068965517243
