model,wilcoxon_stat,p_value
Naive,163007.0,3.523090878802485e-05
Prophet,226647.0,1.0252727168960562e-20
XGBoost,324468.0,0.501243828355306
HistGB,321401.0,0.34512826795044294
LSTM,290001.0,0.0082641026959996
