model,wilcoxon_stat,p_value
Naive,163007.0,3.523090878802485e-05
Prophet,226647.0,1.0252727168960562e-20
XGBoost,316527.0,0.16894132556356467
HistGB,319638.5,0.27127553887679656
LSTM,304638.0,0.19176651295611913
