model,wilcoxon_stat,p_value
Naive,220907.0,1.9170761695145777e-06
Prophet,287311.0,7.443398831275046e-27
XGBoost,311013.0,1.9175914993512478e-19
HistGB,333213.0,1.2094138467132948e-13
LightGBM,317311.5,1.0978878074255378e-17
LSTM,374204.0,0.0005415421897686099
