province,feature,importance
squeezed_An Giang,Total_Evaporation,0.029860050659261523
squeezed_An Giang,Total_Rainfall,0.035934014432235914
squeezed_An Giang,Max_Daily_Rainfall,0.08307124144052429
squeezed_An Giang,n_raining_days,0.09217545413122978
squeezed_An Giang,Average_temperature,0.003338575077402187
squeezed_An Giang,Max_Average_Temperature,0.15599689339748063
squeezed_An Giang,Min_Average_Temperature,0.011961780745712925
squeezed_An Giang,Max_Absolute_Temperature,0.025897911578873754
squeezed_An Giang,Min_Absolute_Temperature,0.5397581054699484
squeezed_An Giang,Average_Humidity,0.028652472348292185
squeezed_An Giang,Min_Humidity,0.06079431497813714
squeezed_An Giang,n_hours_sunshine,0.24718653455411968
squeezed_An Giang,population_male,0.027430903378445864
squeezed_An Giang,population_female,0.0021128505582108967
squeezed_An Giang,population_urban,0.1273338051802901
squeezed_An Giang,population_countryside,0.04803354383393682
squeezed_An Giang,Diarrhoea_rates,35.93958003127138
squeezed_An Giang,Diarrhoea_rates_lag1,11.495274472762441
squeezed_An Giang,Diarrhoea_rates_lag2,1.6160469196267606
squeezed_An Giang,Diarrhoea_rates_lag3,0.06273471097019155
squeezed_An Giang,Diarrhoea_rates_lag4,2.2127394205589574
squeezed_An Giang,Diarrhoea_rates_lag5,0.8135239689774664
squeezed_An Giang,Diarrhoea_rates_lag6,1.4020946227742954
squeezed_An Giang,Diarrhoea_rates_lag7,0.17227010701338263
squeezed_An Giang,Diarrhoea_rates_lag8,0.37976877883694043
squeezed_An Giang,Diarrhoea_rates_lag9,0.20680332316716396
squeezed_An Giang,Diarrhoea_rates_lag10,0.715180830798907
squeezed_An Giang,Diarrhoea_rates_lag11,1.4134165724470258
squeezed_An Giang,Diarrhoea_rates_lag12,0.7680650773525463
squeezed_An Giang,Total_Evaporation_lag1,0.039101728538309385
squeezed_An Giang,Total_Evaporation_lag2,0.2299785644732755
squeezed_An Giang,Total_Evaporation_lag3,0.017170984265914218
squeezed_An Giang,Total_Evaporation_lag4,0.006340475627678391
squeezed_An Giang,Total_Evaporation_lag5,0.014748942647779663
squeezed_An Giang,Total_Evaporation_lag6,0.013015416326458307
squeezed_An Giang,Total_Evaporation_lag7,0.011557631715093435
squeezed_An Giang,Total_Evaporation_lag8,0.07508551573799262
squeezed_An Giang,Total_Evaporation_lag9,0.01644639099314864
squeezed_An Giang,Total_Evaporation_lag10,0.0
squeezed_An Giang,Total_Evaporation_lag11,0.12849087203315374
squeezed_An Giang,Total_Evaporation_lag12,0.06750788125745194
squeezed_An Giang,Total_Rainfall_lag1,0.5647135572690644
squeezed_An Giang,Total_Rainfall_lag2,0.5657489595367438
squeezed_An Giang,Total_Rainfall_lag3,0.05484526781833193
squeezed_An Giang,Total_Rainfall_lag4,0.09199759823654342
squeezed_An Giang,Total_Rainfall_lag5,0.008573499124697329
squeezed_An Giang,Total_Rainfall_lag6,0.046035067988648176
squeezed_An Giang,Total_Rainfall_lag7,0.03946787212920073
squeezed_An Giang,Total_Rainfall_lag8,0.029640176281794883
squeezed_An Giang,Total_Rainfall_lag9,0.07326060093614173
squeezed_An Giang,Total_Rainfall_lag10,0.19195823808320897
squeezed_An Giang,Total_Rainfall_lag11,0.38172101777577
squeezed_An Giang,Total_Rainfall_lag12,0.016597192628830925
squeezed_An Giang,Max_Daily_Rainfall_lag1,0.10058727981012909
squeezed_An Giang,Max_Daily_Rainfall_lag2,0.13721327552392595
squeezed_An Giang,Max_Daily_Rainfall_lag3,0.01693408989816535
squeezed_An Giang,Max_Daily_Rainfall_lag4,0.04410198421171433
squeezed_An Giang,Max_Daily_Rainfall_lag5,0.01631795137249738
squeezed_An Giang,Max_Daily_Rainfall_lag6,0.02171256923249487
squeezed_An Giang,Max_Daily_Rainfall_lag7,0.03284876518628634
squeezed_An Giang,Max_Daily_Rainfall_lag8,0.16287080062156592
squeezed_An Giang,Max_Daily_Rainfall_lag9,0.19374298138802493
squeezed_An Giang,Max_Daily_Rainfall_lag10,0.09231606021032306
squeezed_An Giang,Max_Daily_Rainfall_lag11,0.29731136125505747
squeezed_An Giang,Max_Daily_Rainfall_lag12,0.14631270251044898
squeezed_An Giang,n_raining_days_lag1,0.03780941053111308
squeezed_An Giang,n_raining_days_lag2,0.07160383510231244
squeezed_An Giang,n_raining_days_lag3,0.01870069711015034
squeezed_An Giang,n_raining_days_lag4,0.04112774213185114
squeezed_An Giang,n_raining_days_lag5,0.0026127661473153946
squeezed_An Giang,n_raining_days_lag6,0.0040986139750235975
squeezed_An Giang,n_raining_days_lag7,0.0
squeezed_An Giang,n_raining_days_lag8,0.025098299611817716
squeezed_An Giang,n_raining_days_lag9,0.1350633496875229
squeezed_An Giang,n_raining_days_lag10,0.14223528241383468
squeezed_An Giang,n_raining_days_lag11,0.007768008094139821
squeezed_An Giang,n_raining_days_lag12,0.06560385352656188
squeezed_An Giang,Average_temperature_lag1,0.04067964282839479
squeezed_An Giang,Average_temperature_lag2,0.0
squeezed_An Giang,Average_temperature_lag3,0.08800031270662619
squeezed_An Giang,Average_temperature_lag4,0.0016903639404838994
squeezed_An Giang,Average_temperature_lag5,0.007716454292431274
squeezed_An Giang,Average_temperature_lag6,0.07171518568431018
squeezed_An Giang,Average_temperature_lag7,0.09785706196201142
squeezed_An Giang,Average_temperature_lag8,0.08243229118513405
squeezed_An Giang,Average_temperature_lag9,0.045386633083694644
squeezed_An Giang,Average_temperature_lag10,0.01403178775539625
squeezed_An Giang,Average_temperature_lag11,0.025569067258307984
squeezed_An Giang,Average_temperature_lag12,0.01103865048355121
squeezed_An Giang,Max_Average_Temperature_lag1,0.11481769785771562
squeezed_An Giang,Max_Average_Temperature_lag2,0.12901400290187034
squeezed_An Giang,Max_Average_Temperature_lag3,0.08902157726176108
squeezed_An Giang,Max_Average_Temperature_lag4,0.003628278243865812
squeezed_An Giang,Max_Average_Temperature_lag5,0.3533323218215072
squeezed_An Giang,Max_Average_Temperature_lag6,0.01683395910641521
squeezed_An Giang,Max_Average_Temperature_lag7,0.03304369640510994
squeezed_An Giang,Max_Average_Temperature_lag8,0.29488985857523214
squeezed_An Giang,Max_Average_Temperature_lag9,0.010483910881247277
squeezed_An Giang,Max_Average_Temperature_lag10,0.10980183417645455
squeezed_An Giang,Max_Average_Temperature_lag11,0.16108039992409687
squeezed_An Giang,Max_Average_Temperature_lag12,0.19177790822883567
squeezed_An Giang,Min_Average_Temperature_lag1,0.013916896566421309
squeezed_An Giang,Min_Average_Temperature_lag2,0.033002357967510755
squeezed_An Giang,Min_Average_Temperature_lag3,0.13012744279663943
squeezed_An Giang,Min_Average_Temperature_lag4,0.2005981507632025
squeezed_An Giang,Min_Average_Temperature_lag5,0.013282505979069069
squeezed_An Giang,Min_Average_Temperature_lag6,0.03822225201117475
squeezed_An Giang,Min_Average_Temperature_lag7,0.07695463435991884
squeezed_An Giang,Min_Average_Temperature_lag8,0.010153813056859565
squeezed_An Giang,Min_Average_Temperature_lag9,0.00494525167013373
squeezed_An Giang,Min_Average_Temperature_lag10,0.020608401777775596
squeezed_An Giang,Min_Average_Temperature_lag11,0.04873646909941345
squeezed_An Giang,Min_Average_Temperature_lag12,0.1063671544839709
squeezed_An Giang,Max_Absolute_Temperature_lag1,0.11753571905705172
squeezed_An Giang,Max_Absolute_Temperature_lag2,0.04222122978425666
squeezed_An Giang,Max_Absolute_Temperature_lag3,0.02405320951392186
squeezed_An Giang,Max_Absolute_Temperature_lag4,0.11557163014003906
squeezed_An Giang,Max_Absolute_Temperature_lag5,0.017702900167557004
squeezed_An Giang,Max_Absolute_Temperature_lag6,0.05781790108487465
squeezed_An Giang,Max_Absolute_Temperature_lag7,0.09604763864525238
squeezed_An Giang,Max_Absolute_Temperature_lag8,0.013691869723828
squeezed_An Giang,Max_Absolute_Temperature_lag9,0.001471964772207344
squeezed_An Giang,Max_Absolute_Temperature_lag10,0.05206878934012895
squeezed_An Giang,Max_Absolute_Temperature_lag11,0.06422528525833122
squeezed_An Giang,Max_Absolute_Temperature_lag12,0.05347806541149749
squeezed_An Giang,Min_Absolute_Temperature_lag1,0.08550388996209744
squeezed_An Giang,Min_Absolute_Temperature_lag2,0.16795360877567667
squeezed_An Giang,Min_Absolute_Temperature_lag3,0.0724767453941048
squeezed_An Giang,Min_Absolute_Temperature_lag4,0.30589864277831685
squeezed_An Giang,Min_Absolute_Temperature_lag5,0.037411633481965766
squeezed_An Giang,Min_Absolute_Temperature_lag6,0.017001221469099645
squeezed_An Giang,Min_Absolute_Temperature_lag7,0.014153057321855825
squeezed_An Giang,Min_Absolute_Temperature_lag8,0.13852803526484758
squeezed_An Giang,Min_Absolute_Temperature_lag9,0.05619109787252074
squeezed_An Giang,Min_Absolute_Temperature_lag10,0.3654497153272162
squeezed_An Giang,Min_Absolute_Temperature_lag11,0.01681813031565091
squeezed_An Giang,Min_Absolute_Temperature_lag12,0.22121165585990102
squeezed_An Giang,Average_Humidity_lag1,0.11405732417176839
squeezed_An Giang,Average_Humidity_lag2,0.06092831321047571
squeezed_An Giang,Average_Humidity_lag3,0.0007689313916094355
squeezed_An Giang,Average_Humidity_lag4,0.0950898919548747
squeezed_An Giang,Average_Humidity_lag5,0.14185026458680675
squeezed_An Giang,Average_Humidity_lag6,0.009073460851953584
squeezed_An Giang,Average_Humidity_lag7,0.0341729481251536
squeezed_An Giang,Average_Humidity_lag8,0.069929940495991
squeezed_An Giang,Average_Humidity_lag9,0.06745045132361775
squeezed_An Giang,Average_Humidity_lag10,0.0073813685383734805
squeezed_An Giang,Average_Humidity_lag11,0.03830592032175111
squeezed_An Giang,Average_Humidity_lag12,0.8975092891551065
squeezed_An Giang,Min_Humidity_lag1,0.01231140532216741
squeezed_An Giang,Min_Humidity_lag2,0.20052932563030845
squeezed_An Giang,Min_Humidity_lag3,0.041103165544293475
squeezed_An Giang,Min_Humidity_lag4,0.013265519169378627
squeezed_An Giang,Min_Humidity_lag5,0.017333007723393752
squeezed_An Giang,Min_Humidity_lag6,0.008976489081755851
squeezed_An Giang,Min_Humidity_lag7,0.10082964927842152
squeezed_An Giang,Min_Humidity_lag8,0.008174599271802937
squeezed_An Giang,Min_Humidity_lag9,0.014109545710350876
squeezed_An Giang,Min_Humidity_lag10,0.006125744954247468
squeezed_An Giang,Min_Humidity_lag11,0.04644512015078298
squeezed_An Giang,Min_Humidity_lag12,0.025236735232867544
squeezed_An Giang,n_hours_sunshine_lag1,0.06779113869092201
squeezed_An Giang,n_hours_sunshine_lag2,0.24196308978251344
squeezed_An Giang,n_hours_sunshine_lag3,0.033030404031372834
squeezed_An Giang,n_hours_sunshine_lag4,0.13741277889522213
squeezed_An Giang,n_hours_sunshine_lag5,0.01629118247759963
squeezed_An Giang,n_hours_sunshine_lag6,0.08992933231858004
squeezed_An Giang,n_hours_sunshine_lag7,0.06706749090774938
squeezed_An Giang,n_hours_sunshine_lag8,0.01114129837324341
squeezed_An Giang,n_hours_sunshine_lag9,0.05188439934210534
squeezed_An Giang,n_hours_sunshine_lag10,0.026528572301326877
squeezed_An Giang,n_hours_sunshine_lag11,0.05477490136082063
squeezed_An Giang,n_hours_sunshine_lag12,0.10829295314672037
squeezed_An Giang,population_male_lag1,0.0
squeezed_An Giang,population_male_lag2,0.05169797036505569
squeezed_An Giang,population_male_lag3,0.0061753879551897555
squeezed_An Giang,population_male_lag4,0.278787008651691
squeezed_An Giang,population_male_lag5,0.0
squeezed_An Giang,population_male_lag6,0.001040004002301863
squeezed_An Giang,population_male_lag7,0.006794564501299804
squeezed_An Giang,population_male_lag8,0.0
squeezed_An Giang,population_male_lag9,0.0
squeezed_An Giang,population_male_lag10,0.30215903775107816
squeezed_An Giang,population_male_lag11,0.0
squeezed_An Giang,population_male_lag12,0.012178453256806346
squeezed_An Giang,population_female_lag1,0.0
squeezed_An Giang,population_female_lag2,0.005216398089286437
squeezed_An Giang,population_female_lag3,0.0
squeezed_An Giang,population_female_lag4,0.0
squeezed_An Giang,population_female_lag5,0.00825628493678235
squeezed_An Giang,population_female_lag6,0.23538710759228335
squeezed_An Giang,population_female_lag7,0.0
squeezed_An Giang,population_female_lag8,0.0
squeezed_An Giang,population_female_lag9,0.001151127000970844
squeezed_An Giang,population_female_lag10,0.003002001526273178
squeezed_An Giang,population_female_lag11,0.0
squeezed_An Giang,population_female_lag12,0.0
squeezed_An Giang,population_urban_lag1,0.15260044734109282
squeezed_An Giang,population_urban_lag2,0.031234380273554782
squeezed_An Giang,population_urban_lag3,0.0042794372383207074
squeezed_An Giang,population_urban_lag4,0.0033228763604542526
squeezed_An Giang,population_urban_lag5,0.09463199619330182
squeezed_An Giang,population_urban_lag6,0.19889562982153763
squeezed_An Giang,population_urban_lag7,0.8244602136813688
squeezed_An Giang,population_urban_lag8,0.0
squeezed_An Giang,population_urban_lag9,0.0030509772783779755
squeezed_An Giang,population_urban_lag10,0.003181035350775685
squeezed_An Giang,population_urban_lag11,0.7590369998912886
squeezed_An Giang,population_urban_lag12,0.04501805974736678
squeezed_An Giang,population_countryside_lag1,0.00567022799486844
squeezed_An Giang,population_countryside_lag2,0.028801082087482485
squeezed_An Giang,population_countryside_lag3,0.011272439132915028
squeezed_An Giang,population_countryside_lag4,0.0119459213694912
squeezed_An Giang,population_countryside_lag5,0.0
squeezed_An Giang,population_countryside_lag6,0.008373806503388722
squeezed_An Giang,population_countryside_lag7,0.01300577392906956
squeezed_An Giang,population_countryside_lag8,0.0
squeezed_An Giang,population_countryside_lag9,0.0
squeezed_An Giang,population_countryside_lag10,0.0
squeezed_An Giang,population_countryside_lag11,0.018938939901553955
squeezed_An Giang,population_countryside_lag12,0.047955832736651736
squeezed_An Giang,Dengue_fever_rates_lag1,0.4790161098803463
squeezed_An Giang,Dengue_fever_rates_lag2,0.0373257690236583
squeezed_An Giang,Dengue_fever_rates_lag3,0.07883344498362327
squeezed_An Giang,Dengue_fever_rates_lag4,0.04084347288757132
squeezed_An Giang,Dengue_fever_rates_lag5,0.005586268298922308
squeezed_An Giang,Dengue_fever_rates_lag6,0.05293445043151282
squeezed_An Giang,Dengue_fever_rates_lag7,0.013504414921058172
squeezed_An Giang,Dengue_fever_rates_lag8,0.1747504520289683
squeezed_An Giang,Dengue_fever_rates_lag9,0.026760074780979665
squeezed_An Giang,Dengue_fever_rates_lag10,0.02351318894927494
squeezed_An Giang,Dengue_fever_rates_lag11,0.31918183958051627
squeezed_An Giang,Dengue_fever_rates_lag12,0.21246172483261624
squeezed_An Giang,Influenza_rates_lag1,0.07901346183634474
squeezed_An Giang,Influenza_rates_lag2,0.2902014777348611
squeezed_An Giang,Influenza_rates_lag3,0.12278785663108056
squeezed_An Giang,Influenza_rates_lag4,0.2781730897616634
squeezed_An Giang,Influenza_rates_lag5,0.12835534269378435
squeezed_An Giang,Influenza_rates_lag6,0.19729585968293115
squeezed_An Giang,Influenza_rates_lag7,0.25720416335525903
squeezed_An Giang,Influenza_rates_lag8,0.05409012212649333
squeezed_An Giang,Influenza_rates_lag9,0.026019084856995636
squeezed_An Giang,Influenza_rates_lag10,0.5324214068087928
squeezed_An Giang,Influenza_rates_lag11,0.8348856656173695
squeezed_An Giang,Influenza_rates_lag12,0.04392101444147958
squeezed_An Giang,Diarrhoea_rates_rollmean_3,9.511513627032373
squeezed_An Giang,Diarrhoea_rates_rollstd_3,0.10446345358436687
squeezed_An Giang,Diarrhoea_rates_rollmean_6,2.284441078344967
squeezed_An Giang,Diarrhoea_rates_rollstd_6,0.047946515390176324
squeezed_An Giang,month_sin,1.3328528623131526
squeezed_An Giang,month_cos,0.7219186459041466
squeezed_BR Vũng Tàu,Total_Evaporation,0.019137686899882735
squeezed_BR Vũng Tàu,Total_Rainfall,0.038967952891133424
squeezed_BR Vũng Tàu,Max_Daily_Rainfall,0.09771563046606065
squeezed_BR Vũng Tàu,n_raining_days,0.04680146918264668
squeezed_BR Vũng Tàu,Average_temperature,0.0026262706072607764
squeezed_BR Vũng Tàu,Max_Average_Temperature,0.05699906731716592
squeezed_BR Vũng Tàu,Min_Average_Temperature,0.020242234861505705
squeezed_BR Vũng Tàu,Max_Absolute_Temperature,0.030674163282155748
squeezed_BR Vũng Tàu,Min_Absolute_Temperature,0.6327759372287604
squeezed_BR Vũng Tàu,Average_Humidity,0.02069026669568153
squeezed_BR Vũng Tàu,Min_Humidity,0.07171333227078315
squeezed_BR Vũng Tàu,n_hours_sunshine,0.36103692758077016
squeezed_BR Vũng Tàu,population_male,0.019622597163282247
squeezed_BR Vũng Tàu,population_female,0.007466573901361281
squeezed_BR Vũng Tàu,population_urban,0.13147165191847104
squeezed_BR Vũng Tàu,population_countryside,0.033064756702540075
squeezed_BR Vũng Tàu,Diarrhoea_rates,8.638345443924878
squeezed_BR Vũng Tàu,Diarrhoea_rates_lag1,3.785436203949423
squeezed_BR Vũng Tàu,Diarrhoea_rates_lag2,0.7041010214535711
squeezed_BR Vũng Tàu,Diarrhoea_rates_lag3,0.12342143778350416
squeezed_BR Vũng Tàu,Diarrhoea_rates_lag4,0.8337885660727654
squeezed_BR Vũng Tàu,Diarrhoea_rates_lag5,0.7931277126450894
squeezed_BR Vũng Tàu,Diarrhoea_rates_lag6,0.25771003436946244
squeezed_BR Vũng Tàu,Diarrhoea_rates_lag7,0.17447920297795425
squeezed_BR Vũng Tàu,Diarrhoea_rates_lag8,0.43882474311134456
squeezed_BR Vũng Tàu,Diarrhoea_rates_lag9,0.3973566921836909
squeezed_BR Vũng Tàu,Diarrhoea_rates_lag10,0.45451996933993394
squeezed_BR Vũng Tàu,Diarrhoea_rates_lag11,0.7370326016526936
squeezed_BR Vũng Tàu,Diarrhoea_rates_lag12,0.18269892497769638
squeezed_BR Vũng Tàu,Total_Evaporation_lag1,0.04810160175382478
squeezed_BR Vũng Tàu,Total_Evaporation_lag2,0.3391953331744846
squeezed_BR Vũng Tàu,Total_Evaporation_lag3,0.01745421914746564
squeezed_BR Vũng Tàu,Total_Evaporation_lag4,0.006442644953035336
squeezed_BR Vũng Tàu,Total_Evaporation_lag5,0.07210953569928444
squeezed_BR Vũng Tàu,Total_Evaporation_lag6,0.03010651460745259
squeezed_BR Vũng Tàu,Total_Evaporation_lag7,0.014225073749661253
squeezed_BR Vũng Tàu,Total_Evaporation_lag8,0.05368312365075709
squeezed_BR Vũng Tàu,Total_Evaporation_lag9,0.007297680906275445
squeezed_BR Vũng Tàu,Total_Evaporation_lag10,0.0
squeezed_BR Vũng Tàu,Total_Evaporation_lag11,0.15012461676310654
squeezed_BR Vũng Tàu,Total_Evaporation_lag12,0.06338746820757307
squeezed_BR Vũng Tàu,Total_Rainfall_lag1,0.48573476783060143
squeezed_BR Vũng Tàu,Total_Rainfall_lag2,0.6523029563975372
squeezed_BR Vũng Tàu,Total_Rainfall_lag3,0.05774755194784261
squeezed_BR Vũng Tàu,Total_Rainfall_lag4,0.07527721154255708
squeezed_BR Vũng Tàu,Total_Rainfall_lag5,0.005451582686494867
squeezed_BR Vũng Tàu,Total_Rainfall_lag6,0.0376482952222957
squeezed_BR Vũng Tàu,Total_Rainfall_lag7,0.03959547707601885
squeezed_BR Vũng Tàu,Total_Rainfall_lag8,0.012839839499810038
squeezed_BR Vũng Tàu,Total_Rainfall_lag9,0.06604698669244784
squeezed_BR Vũng Tàu,Total_Rainfall_lag10,0.09838571166184705
squeezed_BR Vũng Tàu,Total_Rainfall_lag11,0.654851976071179
squeezed_BR Vũng Tàu,Total_Rainfall_lag12,0.015740519076786263
squeezed_BR Vũng Tàu,Max_Daily_Rainfall_lag1,0.10404594121881694
squeezed_BR Vũng Tàu,Max_Daily_Rainfall_lag2,0.3625561647299109
squeezed_BR Vũng Tàu,Max_Daily_Rainfall_lag3,0.016117843976134947
squeezed_BR Vũng Tàu,Max_Daily_Rainfall_lag4,0.054106598010994815
squeezed_BR Vũng Tàu,Max_Daily_Rainfall_lag5,0.11322799672676252
squeezed_BR Vũng Tàu,Max_Daily_Rainfall_lag6,0.07144642592942403
squeezed_BR Vũng Tàu,Max_Daily_Rainfall_lag7,0.038151117445300455
squeezed_BR Vũng Tàu,Max_Daily_Rainfall_lag8,0.15457015895309903
squeezed_BR Vũng Tàu,Max_Daily_Rainfall_lag9,0.16155337750022072
squeezed_BR Vũng Tàu,Max_Daily_Rainfall_lag10,0.1077369761100929
squeezed_BR Vũng Tàu,Max_Daily_Rainfall_lag11,0.2867314463839536
squeezed_BR Vũng Tàu,Max_Daily_Rainfall_lag12,0.1645718254306935
squeezed_BR Vũng Tàu,n_raining_days_lag1,0.007421147785498158
squeezed_BR Vũng Tàu,n_raining_days_lag2,0.1483049639497703
squeezed_BR Vũng Tàu,n_raining_days_lag3,0.0631386754783225
squeezed_BR Vũng Tàu,n_raining_days_lag4,0.0416518845568174
squeezed_BR Vũng Tàu,n_raining_days_lag5,0.003427221874964
squeezed_BR Vũng Tàu,n_raining_days_lag6,0.004014161349645446
squeezed_BR Vũng Tàu,n_raining_days_lag7,0.0
squeezed_BR Vũng Tàu,n_raining_days_lag8,0.01904266292244299
squeezed_BR Vũng Tàu,n_raining_days_lag9,0.14321342599213271
squeezed_BR Vũng Tàu,n_raining_days_lag10,0.13710465665224386
squeezed_BR Vũng Tàu,n_raining_days_lag11,0.007146000640239576
squeezed_BR Vũng Tàu,n_raining_days_lag12,0.08816503359340006
squeezed_BR Vũng Tàu,Average_temperature_lag1,0.27169290159799653
squeezed_BR Vũng Tàu,Average_temperature_lag2,0.0
squeezed_BR Vũng Tàu,Average_temperature_lag3,0.08562701184627386
squeezed_BR Vũng Tàu,Average_temperature_lag4,0.0016903639404838994
squeezed_BR Vũng Tàu,Average_temperature_lag5,0.009359537332981826
squeezed_BR Vũng Tàu,Average_temperature_lag6,0.07092380879395878
squeezed_BR Vũng Tàu,Average_temperature_lag7,0.10079123649883513
squeezed_BR Vũng Tàu,Average_temperature_lag8,0.05737448417658899
squeezed_BR Vũng Tàu,Average_temperature_lag9,0.08103004711618109
squeezed_BR Vũng Tàu,Average_temperature_lag10,0.0137612545638413
squeezed_BR Vũng Tàu,Average_temperature_lag11,0.02598340854828533
squeezed_BR Vũng Tàu,Average_temperature_lag12,0.018471886150229825
squeezed_BR Vũng Tàu,Max_Average_Temperature_lag1,0.08798295962813323
squeezed_BR Vũng Tàu,Max_Average_Temperature_lag2,0.16065412447182106
squeezed_BR Vũng Tàu,Max_Average_Temperature_lag3,0.07888899561917795
squeezed_BR Vũng Tàu,Max_Average_Temperature_lag4,0.006517239665543371
squeezed_BR Vũng Tàu,Max_Average_Temperature_lag5,0.31099501710084276
squeezed_BR Vũng Tàu,Max_Average_Temperature_lag6,0.017991284363394658
squeezed_BR Vũng Tàu,Max_Average_Temperature_lag7,0.015998827490239013
squeezed_BR Vũng Tàu,Max_Average_Temperature_lag8,0.09144263251445363
squeezed_BR Vũng Tàu,Max_Average_Temperature_lag9,0.010743702684783805
squeezed_BR Vũng Tàu,Max_Average_Temperature_lag10,0.05171511072483528
squeezed_BR Vũng Tàu,Max_Average_Temperature_lag11,0.12762537692945972
squeezed_BR Vũng Tàu,Max_Average_Temperature_lag12,0.04984090004210459
squeezed_BR Vũng Tàu,Min_Average_Temperature_lag1,0.013916896566421309
squeezed_BR Vũng Tàu,Min_Average_Temperature_lag2,0.034064617217920486
squeezed_BR Vũng Tàu,Min_Average_Temperature_lag3,0.10636463176382673
squeezed_BR Vũng Tàu,Min_Average_Temperature_lag4,0.20180779219995001
squeezed_BR Vũng Tàu,Min_Average_Temperature_lag5,0.012831502687254132
squeezed_BR Vũng Tàu,Min_Average_Temperature_lag6,0.02267536151293127
squeezed_BR Vũng Tàu,Min_Average_Temperature_lag7,0.09274112515214288
squeezed_BR Vũng Tàu,Min_Average_Temperature_lag8,0.01077403742820731
squeezed_BR Vũng Tàu,Min_Average_Temperature_lag9,0.012192630753128958
squeezed_BR Vũng Tàu,Min_Average_Temperature_lag10,0.0867435188211828
squeezed_BR Vũng Tàu,Min_Average_Temperature_lag11,0.09973970751381385
squeezed_BR Vũng Tàu,Min_Average_Temperature_lag12,0.12962860217456743
squeezed_BR Vũng Tàu,Max_Absolute_Temperature_lag1,0.1186159477999066
squeezed_BR Vũng Tàu,Max_Absolute_Temperature_lag2,0.04351892705536351
squeezed_BR Vũng Tàu,Max_Absolute_Temperature_lag3,0.01930520522012506
squeezed_BR Vũng Tàu,Max_Absolute_Temperature_lag4,0.10816649548330409
squeezed_BR Vũng Tàu,Max_Absolute_Temperature_lag5,0.010646576044897585
squeezed_BR Vũng Tàu,Max_Absolute_Temperature_lag6,0.06323409951634855
squeezed_BR Vũng Tàu,Max_Absolute_Temperature_lag7,0.028464192096634536
squeezed_BR Vũng Tàu,Max_Absolute_Temperature_lag8,0.014804099912133361
squeezed_BR Vũng Tàu,Max_Absolute_Temperature_lag9,0.0014962649449513498
squeezed_BR Vũng Tàu,Max_Absolute_Temperature_lag10,0.060910156157551194
squeezed_BR Vũng Tàu,Max_Absolute_Temperature_lag11,0.06777513672439635
squeezed_BR Vũng Tàu,Max_Absolute_Temperature_lag12,0.06352190576121082
squeezed_BR Vũng Tàu,Min_Absolute_Temperature_lag1,0.05687802740465763
squeezed_BR Vũng Tàu,Min_Absolute_Temperature_lag2,0.10732948814295991
squeezed_BR Vũng Tàu,Min_Absolute_Temperature_lag3,0.05809538694890317
squeezed_BR Vũng Tàu,Min_Absolute_Temperature_lag4,0.32681771451503866
squeezed_BR Vũng Tàu,Min_Absolute_Temperature_lag5,0.030666882228527027
squeezed_BR Vũng Tàu,Min_Absolute_Temperature_lag6,0.016618598643560953
squeezed_BR Vũng Tàu,Min_Absolute_Temperature_lag7,0.015560827797782173
squeezed_BR Vũng Tàu,Min_Absolute_Temperature_lag8,0.10533603012789432
squeezed_BR Vũng Tàu,Min_Absolute_Temperature_lag9,0.041567958371735554
squeezed_BR Vũng Tàu,Min_Absolute_Temperature_lag10,0.3620066184081487
squeezed_BR Vũng Tàu,Min_Absolute_Temperature_lag11,0.02548858959636821
squeezed_BR Vũng Tàu,Min_Absolute_Temperature_lag12,0.29809204191892813
squeezed_BR Vũng Tàu,Average_Humidity_lag1,0.02679368954902778
squeezed_BR Vũng Tàu,Average_Humidity_lag2,0.07985749873467422
squeezed_BR Vũng Tàu,Average_Humidity_lag3,0.0011994833915549867
squeezed_BR Vũng Tàu,Average_Humidity_lag4,0.11085468238426184
squeezed_BR Vũng Tàu,Average_Humidity_lag5,0.05765200134142958
squeezed_BR Vũng Tàu,Average_Humidity_lag6,0.007045526795107574
squeezed_BR Vũng Tàu,Average_Humidity_lag7,0.016745138194711146
squeezed_BR Vũng Tàu,Average_Humidity_lag8,0.07772284874550034
squeezed_BR Vũng Tàu,Average_Humidity_lag9,0.07780408791274725
squeezed_BR Vũng Tàu,Average_Humidity_lag10,0.003758884241985189
squeezed_BR Vũng Tàu,Average_Humidity_lag11,0.016152009012332044
squeezed_BR Vũng Tàu,Average_Humidity_lag12,0.07972203140965488
squeezed_BR Vũng Tàu,Min_Humidity_lag1,0.00877416852330805
squeezed_BR Vũng Tàu,Min_Humidity_lag2,0.06432662207843648
squeezed_BR Vũng Tàu,Min_Humidity_lag3,0.03701617836300904
squeezed_BR Vũng Tàu,Min_Humidity_lag4,0.014334238782561258
squeezed_BR Vũng Tàu,Min_Humidity_lag5,0.09529433103069844
squeezed_BR Vũng Tàu,Min_Humidity_lag6,0.011266164294125159
squeezed_BR Vũng Tàu,Min_Humidity_lag7,0.10389476464562386
squeezed_BR Vũng Tàu,Min_Humidity_lag8,0.008067522070054262
squeezed_BR Vũng Tàu,Min_Humidity_lag9,0.012067134274284302
squeezed_BR Vũng Tàu,Min_Humidity_lag10,0.005208927876819276
squeezed_BR Vũng Tàu,Min_Humidity_lag11,0.05060603759890775
squeezed_BR Vũng Tàu,Min_Humidity_lag12,0.032304517851264154
squeezed_BR Vũng Tàu,n_hours_sunshine_lag1,0.11322722710470856
squeezed_BR Vũng Tàu,n_hours_sunshine_lag2,0.17871559394845307
squeezed_BR Vũng Tàu,n_hours_sunshine_lag3,0.03289115864547408
squeezed_BR Vũng Tàu,n_hours_sunshine_lag4,0.26906031174976747
squeezed_BR Vũng Tàu,n_hours_sunshine_lag5,0.030700187991567898
squeezed_BR Vũng Tàu,n_hours_sunshine_lag6,0.12007209132800466
squeezed_BR Vũng Tàu,n_hours_sunshine_lag7,0.09892684786802497
squeezed_BR Vũng Tàu,n_hours_sunshine_lag8,0.25921391144146394
squeezed_BR Vũng Tàu,n_hours_sunshine_lag9,0.09079429098495685
squeezed_BR Vũng Tàu,n_hours_sunshine_lag10,0.02591978597965867
squeezed_BR Vũng Tàu,n_hours_sunshine_lag11,0.05033062497711572
squeezed_BR Vũng Tàu,n_hours_sunshine_lag12,0.09419251427779253
squeezed_BR Vũng Tàu,population_male_lag1,0.0
squeezed_BR Vũng Tàu,population_male_lag2,0.0515394263323938
squeezed_BR Vũng Tàu,population_male_lag3,0.0038510727140931428
squeezed_BR Vũng Tàu,population_male_lag4,0.278787008651691
squeezed_BR Vũng Tàu,population_male_lag5,0.0
squeezed_BR Vũng Tàu,population_male_lag6,0.001040004002301863
squeezed_BR Vũng Tàu,population_male_lag7,0.0010250476651208448
squeezed_BR Vũng Tàu,population_male_lag8,0.0
squeezed_BR Vũng Tàu,population_male_lag9,0.0
squeezed_BR Vũng Tàu,population_male_lag10,0.3020795895016384
squeezed_BR Vũng Tàu,population_male_lag11,0.0
squeezed_BR Vũng Tàu,population_male_lag12,0.01251183851628822
squeezed_BR Vũng Tàu,population_female_lag1,0.0
squeezed_BR Vũng Tàu,population_female_lag2,0.005216398089286437
squeezed_BR Vũng Tàu,population_female_lag3,0.0
squeezed_BR Vũng Tàu,population_female_lag4,0.0
squeezed_BR Vũng Tàu,population_female_lag5,0.013189421041094882
squeezed_BR Vũng Tàu,population_female_lag6,0.2271702630726572
squeezed_BR Vũng Tàu,population_female_lag7,0.0
squeezed_BR Vũng Tàu,population_female_lag8,0.0
squeezed_BR Vũng Tàu,population_female_lag9,0.0011416901888783376
squeezed_BR Vũng Tàu,population_female_lag10,0.0030237171560743153
squeezed_BR Vũng Tàu,population_female_lag11,0.0
squeezed_BR Vũng Tàu,population_female_lag12,0.0
squeezed_BR Vũng Tàu,population_urban_lag1,0.1526561984480485
squeezed_BR Vũng Tàu,population_urban_lag2,0.03166039684254917
squeezed_BR Vũng Tàu,population_urban_lag3,0.0032479568911737595
squeezed_BR Vũng Tàu,population_urban_lag4,0.0033228763604542526
squeezed_BR Vũng Tàu,population_urban_lag5,0.09396745475135992
squeezed_BR Vũng Tàu,population_urban_lag6,0.1938659084525273
squeezed_BR Vũng Tàu,population_urban_lag7,0.8275588677272632
squeezed_BR Vũng Tàu,population_urban_lag8,0.0
squeezed_BR Vũng Tàu,population_urban_lag9,0.0030509772783779755
squeezed_BR Vũng Tàu,population_urban_lag10,0.0032589700105881045
squeezed_BR Vũng Tàu,population_urban_lag11,0.7528947095596287
squeezed_BR Vũng Tàu,population_urban_lag12,0.04556473208168085
squeezed_BR Vũng Tàu,population_countryside_lag1,0.006376721191215885
squeezed_BR Vũng Tàu,population_countryside_lag2,0.01834838568814245
squeezed_BR Vũng Tàu,population_countryside_lag3,0.028351808924428224
squeezed_BR Vũng Tàu,population_countryside_lag4,0.009359601547550804
squeezed_BR Vũng Tàu,population_countryside_lag5,0.0
squeezed_BR Vũng Tàu,population_countryside_lag6,0.008373806503388722
squeezed_BR Vũng Tàu,population_countryside_lag7,0.01300577392906956
squeezed_BR Vũng Tàu,population_countryside_lag8,0.0
squeezed_BR Vũng Tàu,population_countryside_lag9,0.0
squeezed_BR Vũng Tàu,population_countryside_lag10,0.0
squeezed_BR Vũng Tàu,population_countryside_lag11,0.04405887942383172
squeezed_BR Vũng Tàu,population_countryside_lag12,0.04363535892898895
squeezed_BR Vũng Tàu,Dengue_fever_rates_lag1,0.5497115318536883
squeezed_BR Vũng Tàu,Dengue_fever_rates_lag2,0.012828273805454813
squeezed_BR Vũng Tàu,Dengue_fever_rates_lag3,0.10201298109972241
squeezed_BR Vũng Tàu,Dengue_fever_rates_lag4,0.03812047174998674
squeezed_BR Vũng Tàu,Dengue_fever_rates_lag5,0.005586268298922308
squeezed_BR Vũng Tàu,Dengue_fever_rates_lag6,0.058527441862624374
squeezed_BR Vũng Tàu,Dengue_fever_rates_lag7,0.006953495916349049
squeezed_BR Vũng Tàu,Dengue_fever_rates_lag8,0.17480942506623962
squeezed_BR Vũng Tàu,Dengue_fever_rates_lag9,0.05822534097583715
squeezed_BR Vũng Tàu,Dengue_fever_rates_lag10,0.01754278083392299
squeezed_BR Vũng Tàu,Dengue_fever_rates_lag11,0.11303524157408218
squeezed_BR Vũng Tàu,Dengue_fever_rates_lag12,0.027692889487975186
squeezed_BR Vũng Tàu,Influenza_rates_lag1,0.06910664527018891
squeezed_BR Vũng Tàu,Influenza_rates_lag2,0.2463130270367224
squeezed_BR Vũng Tàu,Influenza_rates_lag3,0.12003681658994368
squeezed_BR Vũng Tàu,Influenza_rates_lag4,0.2917405437694787
squeezed_BR Vũng Tàu,Influenza_rates_lag5,0.12378986844398837
squeezed_BR Vũng Tàu,Influenza_rates_lag6,0.18899806743334524
squeezed_BR Vũng Tàu,Influenza_rates_lag7,0.2502310438675523
squeezed_BR Vũng Tàu,Influenza_rates_lag8,0.03843850900797966
squeezed_BR Vũng Tàu,Influenza_rates_lag9,0.01574540044561463
squeezed_BR Vũng Tàu,Influenza_rates_lag10,0.42721085789475594
squeezed_BR Vũng Tàu,Influenza_rates_lag11,0.8130357532211344
squeezed_BR Vũng Tàu,Influenza_rates_lag12,0.04486705758072243
squeezed_BR Vũng Tàu,Diarrhoea_rates_rollmean_3,4.089779184350348
squeezed_BR Vũng Tàu,Diarrhoea_rates_rollstd_3,0.16104511520658762
squeezed_BR Vũng Tàu,Diarrhoea_rates_rollmean_6,2.172756522008687
squeezed_BR Vũng Tàu,Diarrhoea_rates_rollstd_6,0.05520808476402031
squeezed_BR Vũng Tàu,month_sin,1.3650371725709778
squeezed_BR Vũng Tàu,month_cos,0.8884033556555666
squeezed_Bình Phước,Total_Evaporation,0.022473812960823267
squeezed_Bình Phước,Total_Rainfall,0.044374068456596215
squeezed_Bình Phước,Max_Daily_Rainfall,0.08144214265495914
squeezed_Bình Phước,n_raining_days,0.11047497674963942
squeezed_Bình Phước,Average_temperature,0.004470978665688595
squeezed_Bình Phước,Max_Average_Temperature,0.24531639967700772
squeezed_Bình Phước,Min_Average_Temperature,0.017272479249525814
squeezed_Bình Phước,Max_Absolute_Temperature,0.027253553996949138
squeezed_Bình Phước,Min_Absolute_Temperature,0.5669276463646002
squeezed_Bình Phước,Average_Humidity,0.034270024357718136
squeezed_Bình Phước,Min_Humidity,0.0917270429028662
squeezed_Bình Phước,n_hours_sunshine,0.2937890492440826
squeezed_Bình Phước,population_male,0.03488120089463512
squeezed_Bình Phước,population_female,0.007777552866032756
squeezed_Bình Phước,population_urban,0.1255475862470346
squeezed_Bình Phước,population_countryside,0.06914842135567485
squeezed_Bình Phước,Diarrhoea_rates,39.81725936288841
squeezed_Bình Phước,Diarrhoea_rates_lag1,12.006076226318454
squeezed_Bình Phước,Diarrhoea_rates_lag2,1.5884406054246292
squeezed_Bình Phước,Diarrhoea_rates_lag3,0.06815248038784959
squeezed_Bình Phước,Diarrhoea_rates_lag4,2.8313302420320716
squeezed_Bình Phước,Diarrhoea_rates_lag5,0.883105447010924
squeezed_Bình Phước,Diarrhoea_rates_lag6,1.80029117319299
squeezed_Bình Phước,Diarrhoea_rates_lag7,0.17423498969017645
squeezed_Bình Phước,Diarrhoea_rates_lag8,0.44574788442038155
squeezed_Bình Phước,Diarrhoea_rates_lag9,0.17607514047378106
squeezed_Bình Phước,Diarrhoea_rates_lag10,0.6907007088311566
squeezed_Bình Phước,Diarrhoea_rates_lag11,1.8258169755965188
squeezed_Bình Phước,Diarrhoea_rates_lag12,0.6632832555963102
squeezed_Bình Phước,Total_Evaporation_lag1,0.03574817059632927
squeezed_Bình Phước,Total_Evaporation_lag2,0.3590569577540297
squeezed_Bình Phước,Total_Evaporation_lag3,0.09278203270250762
squeezed_Bình Phước,Total_Evaporation_lag4,0.04268914403109011
squeezed_Bình Phước,Total_Evaporation_lag5,0.04692443383677353
squeezed_Bình Phước,Total_Evaporation_lag6,0.10351795931755897
squeezed_Bình Phước,Total_Evaporation_lag7,0.02057533380212999
squeezed_Bình Phước,Total_Evaporation_lag8,0.06588151456477744
squeezed_Bình Phước,Total_Evaporation_lag9,0.011015452354788409
squeezed_Bình Phước,Total_Evaporation_lag10,0.0
squeezed_Bình Phước,Total_Evaporation_lag11,0.16772240259851542
squeezed_Bình Phước,Total_Evaporation_lag12,0.20531497192372927
squeezed_Bình Phước,Total_Rainfall_lag1,0.5566426092286756
squeezed_Bình Phước,Total_Rainfall_lag2,0.501405096836438
squeezed_Bình Phước,Total_Rainfall_lag3,0.08257495233408481
squeezed_Bình Phước,Total_Rainfall_lag4,0.08959664284863822
squeezed_Bình Phước,Total_Rainfall_lag5,0.011056244365323589
squeezed_Bình Phước,Total_Rainfall_lag6,0.0725387240227826
squeezed_Bình Phước,Total_Rainfall_lag7,0.0558675514638648
squeezed_Bình Phước,Total_Rainfall_lag8,0.03429208869369645
squeezed_Bình Phước,Total_Rainfall_lag9,0.18343961271554213
squeezed_Bình Phước,Total_Rainfall_lag10,0.17024719127103657
squeezed_Bình Phước,Total_Rainfall_lag11,0.31810486966984103
squeezed_Bình Phước,Total_Rainfall_lag12,0.020425126834896373
squeezed_Bình Phước,Max_Daily_Rainfall_lag1,0.09768190154730812
squeezed_Bình Phước,Max_Daily_Rainfall_lag2,0.11005701865056437
squeezed_Bình Phước,Max_Daily_Rainfall_lag3,0.013725771108178299
squeezed_Bình Phước,Max_Daily_Rainfall_lag4,0.044439838703058
squeezed_Bình Phước,Max_Daily_Rainfall_lag5,0.04039804362385726
squeezed_Bình Phước,Max_Daily_Rainfall_lag6,0.028955460063362654
squeezed_Bình Phước,Max_Daily_Rainfall_lag7,0.1356471304432377
squeezed_Bình Phước,Max_Daily_Rainfall_lag8,0.1281754194819564
squeezed_Bình Phước,Max_Daily_Rainfall_lag9,0.09839910800478269
squeezed_Bình Phước,Max_Daily_Rainfall_lag10,0.1223829803667615
squeezed_Bình Phước,Max_Daily_Rainfall_lag11,0.20462234724537978
squeezed_Bình Phước,Max_Daily_Rainfall_lag12,0.2171098446153125
squeezed_Bình Phước,n_raining_days_lag1,0.06519156221849397
squeezed_Bình Phước,n_raining_days_lag2,0.24114672399576895
squeezed_Bình Phước,n_raining_days_lag3,0.06269853429342495
squeezed_Bình Phước,n_raining_days_lag4,0.0730194189451488
squeezed_Bình Phước,n_raining_days_lag5,0.0037633406924502378
squeezed_Bình Phước,n_raining_days_lag6,0.004264144821910406
squeezed_Bình Phước,n_raining_days_lag7,0.0
squeezed_Bình Phước,n_raining_days_lag8,0.02751997563857628
squeezed_Bình Phước,n_raining_days_lag9,0.27275614643645896
squeezed_Bình Phước,n_raining_days_lag10,0.18524741547659687
squeezed_Bình Phước,n_raining_days_lag11,0.00811727925766989
squeezed_Bình Phước,n_raining_days_lag12,0.09217440296442742
squeezed_Bình Phước,Average_temperature_lag1,0.0469188518790126
squeezed_Bình Phước,Average_temperature_lag2,0.0
squeezed_Bình Phước,Average_temperature_lag3,0.09053891703123207
squeezed_Bình Phước,Average_temperature_lag4,0.001552979525706135
squeezed_Bình Phước,Average_temperature_lag5,0.011280478143195582
squeezed_Bình Phước,Average_temperature_lag6,0.07004928297732442
squeezed_Bình Phước,Average_temperature_lag7,0.07683957585829337
squeezed_Bình Phước,Average_temperature_lag8,0.06879091936429
squeezed_Bình Phước,Average_temperature_lag9,0.041486602915917596
squeezed_Bình Phước,Average_temperature_lag10,0.014665744806970768
squeezed_Bình Phước,Average_temperature_lag11,0.031728791722060876
squeezed_Bình Phước,Average_temperature_lag12,0.043077921659720186
squeezed_Bình Phước,Max_Average_Temperature_lag1,1.4458566538036883
squeezed_Bình Phước,Max_Average_Temperature_lag2,0.13838214755441813
squeezed_Bình Phước,Max_Average_Temperature_lag3,0.0903083299682842
squeezed_Bình Phước,Max_Average_Temperature_lag4,0.004727871832326384
squeezed_Bình Phước,Max_Average_Temperature_lag5,0.559654703095161
squeezed_Bình Phước,Max_Average_Temperature_lag6,0.020949908809246742
squeezed_Bình Phước,Max_Average_Temperature_lag7,0.05376282323678467
squeezed_Bình Phước,Max_Average_Temperature_lag8,0.3806153884874202
squeezed_Bình Phước,Max_Average_Temperature_lag9,0.020144649010662537
squeezed_Bình Phước,Max_Average_Temperature_lag10,0.19002583224320724
squeezed_Bình Phước,Max_Average_Temperature_lag11,0.28355514977104923
squeezed_Bình Phước,Max_Average_Temperature_lag12,0.33667685609430315
squeezed_Bình Phước,Min_Average_Temperature_lag1,0.013916896566421309
squeezed_Bình Phước,Min_Average_Temperature_lag2,0.041664499382121765
squeezed_Bình Phước,Min_Average_Temperature_lag3,0.07599360950743392
squeezed_Bình Phước,Min_Average_Temperature_lag4,0.2018674103740908
squeezed_Bình Phước,Min_Average_Temperature_lag5,0.012374432350082565
squeezed_Bình Phước,Min_Average_Temperature_lag6,0.03976529710889213
squeezed_Bình Phước,Min_Average_Temperature_lag7,0.08990592967528975
squeezed_Bình Phước,Min_Average_Temperature_lag8,0.009321529963345393
squeezed_Bình Phước,Min_Average_Temperature_lag9,0.008386214942190306
squeezed_Bình Phước,Min_Average_Temperature_lag10,0.01216010867816752
squeezed_Bình Phước,Min_Average_Temperature_lag11,0.05041861614847613
squeezed_Bình Phước,Min_Average_Temperature_lag12,0.07793388488526871
squeezed_Bình Phước,Max_Absolute_Temperature_lag1,0.13489755874870482
squeezed_Bình Phước,Max_Absolute_Temperature_lag2,0.05997263929690938
squeezed_Bình Phước,Max_Absolute_Temperature_lag3,0.0309131920242695
squeezed_Bình Phước,Max_Absolute_Temperature_lag4,0.14628040777153273
squeezed_Bình Phước,Max_Absolute_Temperature_lag5,0.06026136749991118
squeezed_Bình Phước,Max_Absolute_Temperature_lag6,0.047114693208271614
squeezed_Bình Phước,Max_Absolute_Temperature_lag7,0.153944676114296
squeezed_Bình Phước,Max_Absolute_Temperature_lag8,0.0156816370024083
squeezed_Bình Phước,Max_Absolute_Temperature_lag9,0.001554914809770819
squeezed_Bình Phước,Max_Absolute_Temperature_lag10,0.057417546053333296
squeezed_Bình Phước,Max_Absolute_Temperature_lag11,0.120880444093809
squeezed_Bình Phước,Max_Absolute_Temperature_lag12,0.05556946777252921
squeezed_Bình Phước,Min_Absolute_Temperature_lag1,0.046287269063524095
squeezed_Bình Phước,Min_Absolute_Temperature_lag2,0.16336871275600912
squeezed_Bình Phước,Min_Absolute_Temperature_lag3,0.10202060692842818
squeezed_Bình Phước,Min_Absolute_Temperature_lag4,0.3014103263950911
squeezed_Bình Phước,Min_Absolute_Temperature_lag5,0.031033827174630393
squeezed_Bình Phước,Min_Absolute_Temperature_lag6,0.01519309846582248
squeezed_Bình Phước,Min_Absolute_Temperature_lag7,0.01517988760635231
squeezed_Bình Phước,Min_Absolute_Temperature_lag8,0.07691260471648609
squeezed_Bình Phước,Min_Absolute_Temperature_lag9,0.00417996978183554
squeezed_Bình Phước,Min_Absolute_Temperature_lag10,0.02474444349660913
squeezed_Bình Phước,Min_Absolute_Temperature_lag11,0.01605815117223804
squeezed_Bình Phước,Min_Absolute_Temperature_lag12,0.26627251374374
squeezed_Bình Phước,Average_Humidity_lag1,0.12965682945949403
squeezed_Bình Phước,Average_Humidity_lag2,0.10975647143167244
squeezed_Bình Phước,Average_Humidity_lag3,0.0007333810418582704
squeezed_Bình Phước,Average_Humidity_lag4,0.12443664604252891
squeezed_Bình Phước,Average_Humidity_lag5,0.45196271672169136
squeezed_Bình Phước,Average_Humidity_lag6,0.01123866619595784
squeezed_Bình Phước,Average_Humidity_lag7,0.10775410412238691
squeezed_Bình Phước,Average_Humidity_lag8,0.08344356839793003
squeezed_Bình Phước,Average_Humidity_lag9,0.07449173235448078
squeezed_Bình Phước,Average_Humidity_lag10,0.018827493864219152
squeezed_Bình Phước,Average_Humidity_lag11,0.07462148063187941
squeezed_Bình Phước,Average_Humidity_lag12,0.7837138844589937
squeezed_Bình Phước,Min_Humidity_lag1,0.03427566850409517
squeezed_Bình Phước,Min_Humidity_lag2,0.09287088734636685
squeezed_Bình Phước,Min_Humidity_lag3,0.07518446380634651
squeezed_Bình Phước,Min_Humidity_lag4,0.015473937074758347
squeezed_Bình Phước,Min_Humidity_lag5,0.02190621901048004
squeezed_Bình Phước,Min_Humidity_lag6,0.008486691590421544
squeezed_Bình Phước,Min_Humidity_lag7,0.13241011497286254
squeezed_Bình Phước,Min_Humidity_lag8,0.04715267418677522
squeezed_Bình Phước,Min_Humidity_lag9,0.015246507870327464
squeezed_Bình Phước,Min_Humidity_lag10,0.008022772984279183
squeezed_Bình Phước,Min_Humidity_lag11,0.15093735969820457
squeezed_Bình Phước,Min_Humidity_lag12,0.1050614650214381
squeezed_Bình Phước,n_hours_sunshine_lag1,0.10619935280882649
squeezed_Bình Phước,n_hours_sunshine_lag2,0.21074315816779313
squeezed_Bình Phước,n_hours_sunshine_lag3,0.04097375281372674
squeezed_Bình Phước,n_hours_sunshine_lag4,0.2918912518895213
squeezed_Bình Phước,n_hours_sunshine_lag5,0.02081821062232295
squeezed_Bình Phước,n_hours_sunshine_lag6,0.11833569033440323
squeezed_Bình Phước,n_hours_sunshine_lag7,0.12641886026599886
squeezed_Bình Phước,n_hours_sunshine_lag8,0.2710624793777263
squeezed_Bình Phước,n_hours_sunshine_lag9,0.06039595559498465
squeezed_Bình Phước,n_hours_sunshine_lag10,0.02460957414264306
squeezed_Bình Phước,n_hours_sunshine_lag11,0.06720544589832389
squeezed_Bình Phước,n_hours_sunshine_lag12,0.09558122053196672
squeezed_Bình Phước,population_male_lag1,0.0
squeezed_Bình Phước,population_male_lag2,0.05186636246747653
squeezed_Bình Phước,population_male_lag3,0.00528142055476798
squeezed_Bình Phước,population_male_lag4,0.2717082840366883
squeezed_Bình Phước,population_male_lag5,0.0
squeezed_Bình Phước,population_male_lag6,0.0030590553903562787
squeezed_Bình Phước,population_male_lag7,0.007489198903087115
squeezed_Bình Phước,population_male_lag8,0.0
squeezed_Bình Phước,population_male_lag9,0.0
squeezed_Bình Phước,population_male_lag10,0.30919236336640094
squeezed_Bình Phước,population_male_lag11,0.0
squeezed_Bình Phước,population_male_lag12,0.010844912218878866
squeezed_Bình Phước,population_female_lag1,0.0
squeezed_Bình Phước,population_female_lag2,0.005216398089286437
squeezed_Bình Phước,population_female_lag3,0.0
squeezed_Bình Phước,population_female_lag4,0.0
squeezed_Bình Phước,population_female_lag5,0.00825628493678235
squeezed_Bình Phước,population_female_lag6,0.04954496859068249
squeezed_Bình Phước,population_female_lag7,0.0
squeezed_Bình Phước,population_female_lag8,0.0
squeezed_Bình Phước,population_female_lag9,0.0014249602828883946
squeezed_Bình Phước,population_female_lag10,0.0028822469021694912
squeezed_Bình Phước,population_female_lag11,0.0
squeezed_Bình Phước,population_female_lag12,0.0
squeezed_Bình Phước,population_urban_lag1,0.14998376398672922
squeezed_Bình Phước,population_urban_lag2,0.049805193526176406
squeezed_Bình Phước,population_urban_lag3,0.004900614203860048
squeezed_Bình Phước,population_urban_lag4,0.0033228763604542526
squeezed_Bình Phước,population_urban_lag5,0.09578735249448021
squeezed_Bình Phước,population_urban_lag6,0.003206073126605827
squeezed_Bình Phước,population_urban_lag7,0.21018371998440688
squeezed_Bình Phước,population_urban_lag8,0.0
squeezed_Bình Phước,population_urban_lag9,0.0030509772783779755
squeezed_Bình Phước,population_urban_lag10,0.0015704683429877246
squeezed_Bình Phước,population_urban_lag11,0.7622444809216847
squeezed_Bình Phước,population_urban_lag12,0.044863734723722105
squeezed_Bình Phước,population_countryside_lag1,0.009913515389096832
squeezed_Bình Phước,population_countryside_lag2,0.03972543074394571
squeezed_Bình Phước,population_countryside_lag3,0.018263209006592698
squeezed_Bình Phước,population_countryside_lag4,0.014983109540219773
squeezed_Bình Phước,population_countryside_lag5,0.0
squeezed_Bình Phước,population_countryside_lag6,0.008373806503388722
squeezed_Bình Phước,population_countryside_lag7,0.012318953381335379
squeezed_Bình Phước,population_countryside_lag8,0.0
squeezed_Bình Phước,population_countryside_lag9,0.0
squeezed_Bình Phước,population_countryside_lag10,0.0
squeezed_Bình Phước,population_countryside_lag11,0.020380891483877075
squeezed_Bình Phước,population_countryside_lag12,0.14592962223011283
squeezed_Bình Phước,Dengue_fever_rates_lag1,0.4941259507059315
squeezed_Bình Phước,Dengue_fever_rates_lag2,0.042091216289892826
squeezed_Bình Phước,Dengue_fever_rates_lag3,0.13197626348863337
squeezed_Bình Phước,Dengue_fever_rates_lag4,0.05594418600400555
squeezed_Bình Phước,Dengue_fever_rates_lag5,0.005586268298922308
squeezed_Bình Phước,Dengue_fever_rates_lag6,0.05478334731422314
squeezed_Bình Phước,Dengue_fever_rates_lag7,0.013088563431767742
squeezed_Bình Phước,Dengue_fever_rates_lag8,0.24520262330579323
squeezed_Bình Phước,Dengue_fever_rates_lag9,0.029711601840366936
squeezed_Bình Phước,Dengue_fever_rates_lag10,0.08438350488690509
squeezed_Bình Phước,Dengue_fever_rates_lag11,1.018311819348726
squeezed_Bình Phước,Dengue_fever_rates_lag12,0.23793713056600377
squeezed_Bình Phước,Influenza_rates_lag1,0.08509688602626271
squeezed_Bình Phước,Influenza_rates_lag2,0.35087804759746577
squeezed_Bình Phước,Influenza_rates_lag3,0.11459157648536254
squeezed_Bình Phước,Influenza_rates_lag4,0.16866353195773806
squeezed_Bình Phước,Influenza_rates_lag5,0.12406339874694382
squeezed_Bình Phước,Influenza_rates_lag6,0.21313388137439215
squeezed_Bình Phước,Influenza_rates_lag7,0.3895284264630811
squeezed_Bình Phước,Influenza_rates_lag8,0.053023962785066124
squeezed_Bình Phước,Influenza_rates_lag9,0.04341977699096633
squeezed_Bình Phước,Influenza_rates_lag10,0.4686062610522137
squeezed_Bình Phước,Influenza_rates_lag11,0.2427976908816486
squeezed_Bình Phước,Influenza_rates_lag12,0.04908966720907798
squeezed_Bình Phước,Diarrhoea_rates_rollmean_3,9.388027044995708
squeezed_Bình Phước,Diarrhoea_rates_rollstd_3,0.12982098573439252
squeezed_Bình Phước,Diarrhoea_rates_rollmean_6,2.3316304148450215
squeezed_Bình Phước,Diarrhoea_rates_rollstd_6,0.09567940314870353
squeezed_Bình Phước,month_sin,1.087414397300296
squeezed_Bình Phước,month_cos,0.8923268992579371
squeezed_Bình Thuận,Total_Evaporation,0.01978244744875273
squeezed_Bình Thuận,Total_Rainfall,0.04511849838880038
squeezed_Bình Thuận,Max_Daily_Rainfall,0.042727412417446396
squeezed_Bình Thuận,n_raining_days,0.03575096246576596
squeezed_Bình Thuận,Average_temperature,0.02528583618272551
squeezed_Bình Thuận,Max_Average_Temperature,0.06846138201143094
squeezed_Bình Thuận,Min_Average_Temperature,0.01316005081195759
squeezed_Bình Thuận,Max_Absolute_Temperature,0.030444005365630047
squeezed_Bình Thuận,Min_Absolute_Temperature,0.39905106515664857
squeezed_Bình Thuận,Average_Humidity,0.022280021336922667
squeezed_Bình Thuận,Min_Humidity,0.051328814063777685
squeezed_Bình Thuận,n_hours_sunshine,0.26307743311734394
squeezed_Bình Thuận,population_male,0.02158592581648472
squeezed_Bình Thuận,population_female,0.007051935281799316
squeezed_Bình Thuận,population_urban,0.12723405637396445
squeezed_Bình Thuận,population_countryside,0.045372260553138845
squeezed_Bình Thuận,Diarrhoea_rates,27.486847327667235
squeezed_Bình Thuận,Diarrhoea_rates_lag1,8.204177934247719
squeezed_Bình Thuận,Diarrhoea_rates_lag2,1.048557220690198
squeezed_Bình Thuận,Diarrhoea_rates_lag3,0.026111220990000517
squeezed_Bình Thuận,Diarrhoea_rates_lag4,1.2823522148091415
squeezed_Bình Thuận,Diarrhoea_rates_lag5,0.7112330882142439
squeezed_Bình Thuận,Diarrhoea_rates_lag6,1.1050673511919107
squeezed_Bình Thuận,Diarrhoea_rates_lag7,0.18412499324851342
squeezed_Bình Thuận,Diarrhoea_rates_lag8,0.49407787391806157
squeezed_Bình Thuận,Diarrhoea_rates_lag9,0.19076629471973772
squeezed_Bình Thuận,Diarrhoea_rates_lag10,0.7661872663122988
squeezed_Bình Thuận,Diarrhoea_rates_lag11,1.5527435502757536
squeezed_Bình Thuận,Diarrhoea_rates_lag12,0.5887366913946509
squeezed_Bình Thuận,Total_Evaporation_lag1,0.024151855472789464
squeezed_Bình Thuận,Total_Evaporation_lag2,0.3568089263062026
squeezed_Bình Thuận,Total_Evaporation_lag3,0.022883997198175483
squeezed_Bình Thuận,Total_Evaporation_lag4,0.0034415007206110965
squeezed_Bình Thuận,Total_Evaporation_lag5,0.01994977558894619
squeezed_Bình Thuận,Total_Evaporation_lag6,0.0068986450733778204
squeezed_Bình Thuận,Total_Evaporation_lag7,0.010467485828304339
squeezed_Bình Thuận,Total_Evaporation_lag8,0.061321582007225255
squeezed_Bình Thuận,Total_Evaporation_lag9,0.02117854134028323
squeezed_Bình Thuận,Total_Evaporation_lag10,0.0
squeezed_Bình Thuận,Total_Evaporation_lag11,0.12693373423479656
squeezed_Bình Thuận,Total_Evaporation_lag12,0.05797257819951834
squeezed_Bình Thuận,Total_Rainfall_lag1,0.4412486594292149
squeezed_Bình Thuận,Total_Rainfall_lag2,0.33454122790679186
squeezed_Bình Thuận,Total_Rainfall_lag3,0.039502088412025106
squeezed_Bình Thuận,Total_Rainfall_lag4,0.1024147666702136
squeezed_Bình Thuận,Total_Rainfall_lag5,0.006161802352084206
squeezed_Bình Thuận,Total_Rainfall_lag6,0.027049642786700172
squeezed_Bình Thuận,Total_Rainfall_lag7,0.037369203355710666
squeezed_Bình Thuận,Total_Rainfall_lag8,0.01018864438280141
squeezed_Bình Thuận,Total_Rainfall_lag9,0.06428529814829441
squeezed_Bình Thuận,Total_Rainfall_lag10,0.11001497892441454
squeezed_Bình Thuận,Total_Rainfall_lag11,0.0859174748763772
squeezed_Bình Thuận,Total_Rainfall_lag12,0.011318633771208508
squeezed_Bình Thuận,Max_Daily_Rainfall_lag1,0.11336916427357835
squeezed_Bình Thuận,Max_Daily_Rainfall_lag2,0.08739043780858274
squeezed_Bình Thuận,Max_Daily_Rainfall_lag3,0.014138776119019444
squeezed_Bình Thuận,Max_Daily_Rainfall_lag4,0.03833564159944188
squeezed_Bình Thuận,Max_Daily_Rainfall_lag5,0.00973693499687852
squeezed_Bình Thuận,Max_Daily_Rainfall_lag6,0.06106119011673009
squeezed_Bình Thuận,Max_Daily_Rainfall_lag7,0.02121035700323857
squeezed_Bình Thuận,Max_Daily_Rainfall_lag8,0.10959876574587514
squeezed_Bình Thuận,Max_Daily_Rainfall_lag9,0.09767507938426606
squeezed_Bình Thuận,Max_Daily_Rainfall_lag10,0.025385597438451146
squeezed_Bình Thuận,Max_Daily_Rainfall_lag11,0.08422105791791189
squeezed_Bình Thuận,Max_Daily_Rainfall_lag12,0.13563398577580765
squeezed_Bình Thuận,n_raining_days_lag1,0.0037364990605312023
squeezed_Bình Thuận,n_raining_days_lag2,0.015553418257937887
squeezed_Bình Thuận,n_raining_days_lag3,0.015186391695229081
squeezed_Bình Thuận,n_raining_days_lag4,0.01330918938084604
squeezed_Bình Thuận,n_raining_days_lag5,0.002309609201912042
squeezed_Bình Thuận,n_raining_days_lag6,0.003946881461697392
squeezed_Bình Thuận,n_raining_days_lag7,0.0
squeezed_Bình Thuận,n_raining_days_lag8,0.02003747100023971
squeezed_Bình Thuận,n_raining_days_lag9,0.10444997798240964
squeezed_Bình Thuận,n_raining_days_lag10,0.0922358247126639
squeezed_Bình Thuận,n_raining_days_lag11,0.007929954775579147
squeezed_Bình Thuận,n_raining_days_lag12,0.04711490801501655
squeezed_Bình Thuận,Average_temperature_lag1,0.04728027404159691
squeezed_Bình Thuận,Average_temperature_lag2,0.0
squeezed_Bình Thuận,Average_temperature_lag3,0.09236634201502324
squeezed_Bình Thuận,Average_temperature_lag4,0.0028191755934322254
squeezed_Bình Thuận,Average_temperature_lag5,0.019731606872889138
squeezed_Bình Thuận,Average_temperature_lag6,0.06489673995892047
squeezed_Bình Thuận,Average_temperature_lag7,0.11396610525705929
squeezed_Bình Thuận,Average_temperature_lag8,0.06626791494847258
squeezed_Bình Thuận,Average_temperature_lag9,0.05409201188228079
squeezed_Bình Thuận,Average_temperature_lag10,0.011884916657261534
squeezed_Bình Thuận,Average_temperature_lag11,0.026538105484221138
squeezed_Bình Thuận,Average_temperature_lag12,0.02686489442141411
squeezed_Bình Thuận,Max_Average_Temperature_lag1,0.07235602040413375
squeezed_Bình Thuận,Max_Average_Temperature_lag2,0.24278704458604503
squeezed_Bình Thuận,Max_Average_Temperature_lag3,0.059228398409304134
squeezed_Bình Thuận,Max_Average_Temperature_lag4,0.004234183955259137
squeezed_Bình Thuận,Max_Average_Temperature_lag5,0.23223619254231412
squeezed_Bình Thuận,Max_Average_Temperature_lag6,0.0253231255493038
squeezed_Bình Thuận,Max_Average_Temperature_lag7,0.02301306311424488
squeezed_Bình Thuận,Max_Average_Temperature_lag8,0.12548284668184184
squeezed_Bình Thuận,Max_Average_Temperature_lag9,0.01114188708152187
squeezed_Bình Thuận,Max_Average_Temperature_lag10,0.06781921702574749
squeezed_Bình Thuận,Max_Average_Temperature_lag11,0.10253181444098647
squeezed_Bình Thuận,Max_Average_Temperature_lag12,0.04541626916379345
squeezed_Bình Thuận,Min_Average_Temperature_lag1,0.013916896566421309
squeezed_Bình Thuận,Min_Average_Temperature_lag2,0.033598582571138506
squeezed_Bình Thuận,Min_Average_Temperature_lag3,0.05063256833487926
squeezed_Bình Thuận,Min_Average_Temperature_lag4,0.17952693363651215
squeezed_Bình Thuận,Min_Average_Temperature_lag5,0.013509524386315695
squeezed_Bình Thuận,Min_Average_Temperature_lag6,0.017166103042271053
squeezed_Bình Thuận,Min_Average_Temperature_lag7,0.05224568824193294
squeezed_Bình Thuận,Min_Average_Temperature_lag8,0.010127066633643907
squeezed_Bình Thuận,Min_Average_Temperature_lag9,0.011872203535569517
squeezed_Bình Thuận,Min_Average_Temperature_lag10,0.027016476307442663
squeezed_Bình Thuận,Min_Average_Temperature_lag11,0.11573041390971035
squeezed_Bình Thuận,Min_Average_Temperature_lag12,0.10905707888165633
squeezed_Bình Thuận,Max_Absolute_Temperature_lag1,0.11457827848104397
squeezed_Bình Thuận,Max_Absolute_Temperature_lag2,0.030411034758494684
squeezed_Bình Thuận,Max_Absolute_Temperature_lag3,0.019036200786154003
squeezed_Bình Thuận,Max_Absolute_Temperature_lag4,0.10860117928525832
squeezed_Bình Thuận,Max_Absolute_Temperature_lag5,0.032011209459119526
squeezed_Bình Thuận,Max_Absolute_Temperature_lag6,0.00445367520016617
squeezed_Bình Thuận,Max_Absolute_Temperature_lag7,0.1483465329473544
squeezed_Bình Thuận,Max_Absolute_Temperature_lag8,0.013400408513774976
squeezed_Bình Thuận,Max_Absolute_Temperature_lag9,0.0015914005637142285
squeezed_Bình Thuận,Max_Absolute_Temperature_lag10,0.05385430438436683
squeezed_Bình Thuận,Max_Absolute_Temperature_lag11,0.08581641164687055
squeezed_Bình Thuận,Max_Absolute_Temperature_lag12,0.043087011727045134
squeezed_Bình Thuận,Min_Absolute_Temperature_lag1,0.014264730991443576
squeezed_Bình Thuận,Min_Absolute_Temperature_lag2,0.056979090224068295
squeezed_Bình Thuận,Min_Absolute_Temperature_lag3,0.07949904303603696
squeezed_Bình Thuận,Min_Absolute_Temperature_lag4,0.2937822504696627
squeezed_Bình Thuận,Min_Absolute_Temperature_lag5,0.04418174843283899
squeezed_Bình Thuận,Min_Absolute_Temperature_lag6,0.0155728246672241
squeezed_Bình Thuận,Min_Absolute_Temperature_lag7,0.014973612046514609
squeezed_Bình Thuận,Min_Absolute_Temperature_lag8,0.08011057709585265
squeezed_Bình Thuận,Min_Absolute_Temperature_lag9,0.009515437100983673
squeezed_Bình Thuận,Min_Absolute_Temperature_lag10,0.01657004127437572
squeezed_Bình Thuận,Min_Absolute_Temperature_lag11,0.04977259105440333
squeezed_Bình Thuận,Min_Absolute_Temperature_lag12,0.23139908179063293
squeezed_Bình Thuận,Average_Humidity_lag1,0.020240812023416793
squeezed_Bình Thuận,Average_Humidity_lag2,0.006435750699996474
squeezed_Bình Thuận,Average_Humidity_lag3,0.0007811665300316174
squeezed_Bình Thuận,Average_Humidity_lag4,0.10607898381305421
squeezed_Bình Thuận,Average_Humidity_lag5,0.0496896577797964
squeezed_Bình Thuận,Average_Humidity_lag6,0.011391922712363238
squeezed_Bình Thuận,Average_Humidity_lag7,0.025868433444929912
squeezed_Bình Thuận,Average_Humidity_lag8,0.0647926141678895
squeezed_Bình Thuận,Average_Humidity_lag9,0.05489025956535875
squeezed_Bình Thuận,Average_Humidity_lag10,0.004339519270220645
squeezed_Bình Thuận,Average_Humidity_lag11,0.020248717448853863
squeezed_Bình Thuận,Average_Humidity_lag12,0.7529340649324877
squeezed_Bình Thuận,Min_Humidity_lag1,0.015246192996016962
squeezed_Bình Thuận,Min_Humidity_lag2,0.10049524689357718
squeezed_Bình Thuận,Min_Humidity_lag3,0.03923177004596958
squeezed_Bình Thuận,Min_Humidity_lag4,0.012960988683160877
squeezed_Bình Thuận,Min_Humidity_lag5,0.08489620314828801
squeezed_Bình Thuận,Min_Humidity_lag6,0.009657888084933834
squeezed_Bình Thuận,Min_Humidity_lag7,0.09993432914638563
squeezed_Bình Thuận,Min_Humidity_lag8,0.012876595795723296
squeezed_Bình Thuận,Min_Humidity_lag9,0.012780018731305942
squeezed_Bình Thuận,Min_Humidity_lag10,0.0062602752907534994
squeezed_Bình Thuận,Min_Humidity_lag11,0.050912899440148374
squeezed_Bình Thuận,Min_Humidity_lag12,0.0376976996376124
squeezed_Bình Thuận,n_hours_sunshine_lag1,0.08575543263249198
squeezed_Bình Thuận,n_hours_sunshine_lag2,0.12538987277713926
squeezed_Bình Thuận,n_hours_sunshine_lag3,0.020439915805632588
squeezed_Bình Thuận,n_hours_sunshine_lag4,0.13019147622728153
squeezed_Bình Thuận,n_hours_sunshine_lag5,0.011370413743581978
squeezed_Bình Thuận,n_hours_sunshine_lag6,0.08347230212923351
squeezed_Bình Thuận,n_hours_sunshine_lag7,0.06564436020067523
squeezed_Bình Thuận,n_hours_sunshine_lag8,0.023380305679865657
squeezed_Bình Thuận,n_hours_sunshine_lag9,0.01982211933360947
squeezed_Bình Thuận,n_hours_sunshine_lag10,0.019703376082569172
squeezed_Bình Thuận,n_hours_sunshine_lag11,0.02181595574437382
squeezed_Bình Thuận,n_hours_sunshine_lag12,0.11151982128989373
squeezed_Bình Thuận,population_male_lag1,0.0
squeezed_Bình Thuận,population_male_lag2,0.05182195431359931
squeezed_Bình Thuận,population_male_lag3,0.004566246634430561
squeezed_Bình Thuận,population_male_lag4,0.278787008651691
squeezed_Bình Thuận,population_male_lag5,0.0
squeezed_Bình Thuận,population_male_lag6,0.0009558425165130773
squeezed_Bình Thuận,population_male_lag7,0.000757689955533785
squeezed_Bình Thuận,population_male_lag8,0.0
squeezed_Bình Thuận,population_male_lag9,0.0
squeezed_Bình Thuận,population_male_lag10,0.3022044367507581
squeezed_Bình Thuận,population_male_lag11,0.0
squeezed_Bình Thuận,population_male_lag12,0.014178764813697573
squeezed_Bình Thuận,population_female_lag1,0.0
squeezed_Bình Thuận,population_female_lag2,0.005216398089286437
squeezed_Bình Thuận,population_female_lag3,0.0
squeezed_Bình Thuận,population_female_lag4,0.0
squeezed_Bình Thuận,population_female_lag5,0.009226868250358946
squeezed_Bình Thuận,population_female_lag6,0.040899477708852564
squeezed_Bình Thuận,population_female_lag7,0.0
squeezed_Bình Thuận,population_female_lag8,0.0
squeezed_Bình Thuận,population_female_lag9,0.0008867305311457989
squeezed_Bình Thuận,population_female_lag10,0.0030592996693140397
squeezed_Bình Thuận,population_female_lag11,0.0
squeezed_Bình Thuận,population_female_lag12,0.0
squeezed_Bình Thuận,population_urban_lag1,0.1536537831748104
squeezed_Bình Thuận,population_urban_lag2,0.031424381510874684
squeezed_Bình Thuận,population_urban_lag3,0.00349092989546484
squeezed_Bình Thuận,population_urban_lag4,0.0033228763604542526
squeezed_Bình Thuận,population_urban_lag5,0.09358885975819602
squeezed_Bình Thuận,population_urban_lag6,0.003837472820239059
squeezed_Bình Thuận,population_urban_lag7,0.22025029200466217
squeezed_Bình Thuận,population_urban_lag8,0.0
squeezed_Bình Thuận,population_urban_lag9,0.0030509772783779755
squeezed_Bình Thuận,population_urban_lag10,0.003163745892361677
squeezed_Bình Thuận,population_urban_lag11,0.7546779543019103
squeezed_Bình Thuận,population_urban_lag12,0.04502530831552292
squeezed_Bình Thuận,population_countryside_lag1,0.005717425419425353
squeezed_Bình Thuận,population_countryside_lag2,0.019941331219705163
squeezed_Bình Thuận,population_countryside_lag3,0.022455563373163265
squeezed_Bình Thuận,population_countryside_lag4,0.009347356495938973
squeezed_Bình Thuận,population_countryside_lag5,0.0
squeezed_Bình Thuận,population_countryside_lag6,0.008373806503388722
squeezed_Bình Thuận,population_countryside_lag7,0.01266236365520247
squeezed_Bình Thuận,population_countryside_lag8,0.0
squeezed_Bình Thuận,population_countryside_lag9,0.0
squeezed_Bình Thuận,population_countryside_lag10,0.0
squeezed_Bình Thuận,population_countryside_lag11,0.019462122550289843
squeezed_Bình Thuận,population_countryside_lag12,0.04887598683850545
squeezed_Bình Thuận,Dengue_fever_rates_lag1,0.372419479760429
squeezed_Bình Thuận,Dengue_fever_rates_lag2,0.007438743525528431
squeezed_Bình Thuận,Dengue_fever_rates_lag3,0.08346227285005452
squeezed_Bình Thuận,Dengue_fever_rates_lag4,0.01627336461540299
squeezed_Bình Thuận,Dengue_fever_rates_lag5,0.005586268298922308
squeezed_Bình Thuận,Dengue_fever_rates_lag6,0.05734545089579086
squeezed_Bình Thuận,Dengue_fever_rates_lag7,0.005639071397463217
squeezed_Bình Thuận,Dengue_fever_rates_lag8,0.13286062631908815
squeezed_Bình Thuận,Dengue_fever_rates_lag9,0.019208561557205316
squeezed_Bình Thuận,Dengue_fever_rates_lag10,0.023114450401005168
squeezed_Bình Thuận,Dengue_fever_rates_lag11,0.3633257813289708
squeezed_Bình Thuận,Dengue_fever_rates_lag12,0.11640873870497893
squeezed_Bình Thuận,Influenza_rates_lag1,0.07448881875021503
squeezed_Bình Thuận,Influenza_rates_lag2,0.27443944621615984
squeezed_Bình Thuận,Influenza_rates_lag3,0.10286913904209999
squeezed_Bình Thuận,Influenza_rates_lag4,0.09306788864709022
squeezed_Bình Thuận,Influenza_rates_lag5,0.11440543625406806
squeezed_Bình Thuận,Influenza_rates_lag6,0.19756358532898521
squeezed_Bình Thuận,Influenza_rates_lag7,0.2618511448475569
squeezed_Bình Thuận,Influenza_rates_lag8,0.05807108409549088
squeezed_Bình Thuận,Influenza_rates_lag9,0.015077323823326124
squeezed_Bình Thuận,Influenza_rates_lag10,0.4250915875646813
squeezed_Bình Thuận,Influenza_rates_lag11,0.08408957337502691
squeezed_Bình Thuận,Influenza_rates_lag12,0.04094793332120098
squeezed_Bình Thuận,Diarrhoea_rates_rollmean_3,7.8266686506256145
squeezed_Bình Thuận,Diarrhoea_rates_rollstd_3,0.11386890224904377
squeezed_Bình Thuận,Diarrhoea_rates_rollmean_6,2.1676326527539294
squeezed_Bình Thuận,Diarrhoea_rates_rollstd_6,0.03544792210771798
squeezed_Bình Thuận,month_sin,1.2921410963216993
squeezed_Bình Thuận,month_cos,1.1511905355182568
squeezed_Bình Định,Total_Evaporation,0.021551002503488435
squeezed_Bình Định,Total_Rainfall,0.45741771721241314
squeezed_Bình Định,Max_Daily_Rainfall,0.10340306901362735
squeezed_Bình Định,n_raining_days,0.10996066584799763
squeezed_Bình Định,Average_temperature,0.0320191842818038
squeezed_Bình Định,Max_Average_Temperature,0.16061141541840007
squeezed_Bình Định,Min_Average_Temperature,0.015648303449508627
squeezed_Bình Định,Max_Absolute_Temperature,0.02984956950506522
squeezed_Bình Định,Min_Absolute_Temperature,0.46817766048256293
squeezed_Bình Định,Average_Humidity,0.014571630091661398
squeezed_Bình Định,Min_Humidity,0.10435650074791013
squeezed_Bình Định,n_hours_sunshine,0.3187295927555858
squeezed_Bình Định,population_male,0.03154630610647504
squeezed_Bình Định,population_female,0.007259254591580298
squeezed_Bình Định,population_urban,0.12785441867490052
squeezed_Bình Định,population_countryside,0.06114422267857874
squeezed_Bình Định,Diarrhoea_rates,41.712194811554404
squeezed_Bình Định,Diarrhoea_rates_lag1,12.782961586012286
squeezed_Bình Định,Diarrhoea_rates_lag2,1.6087192701536166
squeezed_Bình Định,Diarrhoea_rates_lag3,0.12345861447034555
squeezed_Bình Định,Diarrhoea_rates_lag4,2.7088589816859905
squeezed_Bình Định,Diarrhoea_rates_lag5,0.969325990111319
squeezed_Bình Định,Diarrhoea_rates_lag6,1.7158730354324
squeezed_Bình Định,Diarrhoea_rates_lag7,0.17173629394124912
squeezed_Bình Định,Diarrhoea_rates_lag8,0.33708425142387055
squeezed_Bình Định,Diarrhoea_rates_lag9,0.17267238731668186
squeezed_Bình Định,Diarrhoea_rates_lag10,0.4619574406954327
squeezed_Bình Định,Diarrhoea_rates_lag11,1.1158763039668822
squeezed_Bình Định,Diarrhoea_rates_lag12,1.0624912993332887
squeezed_Bình Định,Total_Evaporation_lag1,0.04195230835025049
squeezed_Bình Định,Total_Evaporation_lag2,0.33827557410746095
squeezed_Bình Định,Total_Evaporation_lag3,0.014101440339841337
squeezed_Bình Định,Total_Evaporation_lag4,0.010197310280257886
squeezed_Bình Định,Total_Evaporation_lag5,0.046153401426410896
squeezed_Bình Định,Total_Evaporation_lag6,0.03023826900572821
squeezed_Bình Định,Total_Evaporation_lag7,0.014166272930126683
squeezed_Bình Định,Total_Evaporation_lag8,0.056154674627377214
squeezed_Bình Định,Total_Evaporation_lag9,0.013407539901483093
squeezed_Bình Định,Total_Evaporation_lag10,0.0
squeezed_Bình Định,Total_Evaporation_lag11,0.20598037689712612
squeezed_Bình Định,Total_Evaporation_lag12,0.22687037572071825
squeezed_Bình Định,Total_Rainfall_lag1,0.5830218764925038
squeezed_Bình Định,Total_Rainfall_lag2,0.5401770796969294
squeezed_Bình Định,Total_Rainfall_lag3,0.11717121487123823
squeezed_Bình Định,Total_Rainfall_lag4,0.09486261466824915
squeezed_Bình Định,Total_Rainfall_lag5,0.01747006640219947
squeezed_Bình Định,Total_Rainfall_lag6,0.04385346923663727
squeezed_Bình Định,Total_Rainfall_lag7,0.05795602501285566
squeezed_Bình Định,Total_Rainfall_lag8,0.17839227497471322
squeezed_Bình Định,Total_Rainfall_lag9,0.4712012636272304
squeezed_Bình Định,Total_Rainfall_lag10,0.32906454822758296
squeezed_Bình Định,Total_Rainfall_lag11,0.1829556676196191
squeezed_Bình Định,Total_Rainfall_lag12,0.0647990807664582
squeezed_Bình Định,Max_Daily_Rainfall_lag1,0.17752138863096856
squeezed_Bình Định,Max_Daily_Rainfall_lag2,0.09465235560585289
squeezed_Bình Định,Max_Daily_Rainfall_lag3,0.01596857381907299
squeezed_Bình Định,Max_Daily_Rainfall_lag4,0.045981686402922224
squeezed_Bình Định,Max_Daily_Rainfall_lag5,0.066487067247409
squeezed_Bình Định,Max_Daily_Rainfall_lag6,0.06179244873830281
squeezed_Bình Định,Max_Daily_Rainfall_lag7,0.06880799713357592
squeezed_Bình Định,Max_Daily_Rainfall_lag8,0.5921386613146368
squeezed_Bình Định,Max_Daily_Rainfall_lag9,0.3688759109599042
squeezed_Bình Định,Max_Daily_Rainfall_lag10,0.0754477193036051
squeezed_Bình Định,Max_Daily_Rainfall_lag11,0.3129019691548891
squeezed_Bình Định,Max_Daily_Rainfall_lag12,0.38871862990634704
squeezed_Bình Định,n_raining_days_lag1,0.010903319278018337
squeezed_Bình Định,n_raining_days_lag2,0.10311978036713444
squeezed_Bình Định,n_raining_days_lag3,0.021045777645939404
squeezed_Bình Định,n_raining_days_lag4,0.013707214302395248
squeezed_Bình Định,n_raining_days_lag5,0.008746912848716586
squeezed_Bình Định,n_raining_days_lag6,0.005299462241519511
squeezed_Bình Định,n_raining_days_lag7,0.0
squeezed_Bình Định,n_raining_days_lag8,0.041039444671921554
squeezed_Bình Định,n_raining_days_lag9,0.2035518954625374
squeezed_Bình Định,n_raining_days_lag10,0.24828734047327228
squeezed_Bình Định,n_raining_days_lag11,0.008378573740032924
squeezed_Bình Định,n_raining_days_lag12,0.077256094571841
squeezed_Bình Định,Average_temperature_lag1,0.16480687869548113
squeezed_Bình Định,Average_temperature_lag2,0.0
squeezed_Bình Định,Average_temperature_lag3,0.08807640424066376
squeezed_Bình Định,Average_temperature_lag4,0.004980325627494747
squeezed_Bình Định,Average_temperature_lag5,0.022114894493502128
squeezed_Bình Định,Average_temperature_lag6,0.06271477385129622
squeezed_Bình Định,Average_temperature_lag7,0.09662650866592849
squeezed_Bình Định,Average_temperature_lag8,0.0644372299479927
squeezed_Bình Định,Average_temperature_lag9,0.0725585661437548
squeezed_Bình Định,Average_temperature_lag10,0.014113135168280165
squeezed_Bình Định,Average_temperature_lag11,0.036564897060334806
squeezed_Bình Định,Average_temperature_lag12,0.07465417982970445
squeezed_Bình Định,Max_Average_Temperature_lag1,0.1766278665132881
squeezed_Bình Định,Max_Average_Temperature_lag2,0.20480590929059148
squeezed_Bình Định,Max_Average_Temperature_lag3,0.09831647498871753
squeezed_Bình Định,Max_Average_Temperature_lag4,0.004972167277705545
squeezed_Bình Định,Max_Average_Temperature_lag5,0.4286612673927075
squeezed_Bình Định,Max_Average_Temperature_lag6,0.02498510365748093
squeezed_Bình Định,Max_Average_Temperature_lag7,0.038720391904442375
squeezed_Bình Định,Max_Average_Temperature_lag8,0.3263078337606383
squeezed_Bình Định,Max_Average_Temperature_lag9,0.006792842499743851
squeezed_Bình Định,Max_Average_Temperature_lag10,0.09510091882727445
squeezed_Bình Định,Max_Average_Temperature_lag11,0.1517823609643105
squeezed_Bình Định,Max_Average_Temperature_lag12,0.22879660829157325
squeezed_Bình Định,Min_Average_Temperature_lag1,0.013916896566421309
squeezed_Bình Định,Min_Average_Temperature_lag2,0.03439633834173377
squeezed_Bình Định,Min_Average_Temperature_lag3,0.09062682732653682
squeezed_Bình Định,Min_Average_Temperature_lag4,0.20009898240255972
squeezed_Bình Định,Min_Average_Temperature_lag5,0.013170513536784912
squeezed_Bình Định,Min_Average_Temperature_lag6,0.051932723019198185
squeezed_Bình Định,Min_Average_Temperature_lag7,0.08374352622724844
squeezed_Bình Định,Min_Average_Temperature_lag8,0.009136189531613602
squeezed_Bình Định,Min_Average_Temperature_lag9,0.019420805374388513
squeezed_Bình Định,Min_Average_Temperature_lag10,0.02575560476303415
squeezed_Bình Định,Min_Average_Temperature_lag11,0.10506782370763472
squeezed_Bình Định,Min_Average_Temperature_lag12,0.14756196225928986
squeezed_Bình Định,Max_Absolute_Temperature_lag1,0.14086872516927473
squeezed_Bình Định,Max_Absolute_Temperature_lag2,0.040953351723749996
squeezed_Bình Định,Max_Absolute_Temperature_lag3,0.0224773476126339
squeezed_Bình Định,Max_Absolute_Temperature_lag4,0.09810990170410067
squeezed_Bình Định,Max_Absolute_Temperature_lag5,0.04232391493609287
squeezed_Bình Định,Max_Absolute_Temperature_lag6,0.02571811007431345
squeezed_Bình Định,Max_Absolute_Temperature_lag7,0.29851876213906714
squeezed_Bình Định,Max_Absolute_Temperature_lag8,0.01400704870347329
squeezed_Bình Định,Max_Absolute_Temperature_lag9,0.0014941480310387695
squeezed_Bình Định,Max_Absolute_Temperature_lag10,0.0575712016109154
squeezed_Bình Định,Max_Absolute_Temperature_lag11,0.13071853087616583
squeezed_Bình Định,Max_Absolute_Temperature_lag12,0.06413611151727376
squeezed_Bình Định,Min_Absolute_Temperature_lag1,0.08568950759899528
squeezed_Bình Định,Min_Absolute_Temperature_lag2,0.17831158997308408
squeezed_Bình Định,Min_Absolute_Temperature_lag3,0.09143001617095543
squeezed_Bình Định,Min_Absolute_Temperature_lag4,0.27825106372872005
squeezed_Bình Định,Min_Absolute_Temperature_lag5,0.04899570247421429
squeezed_Bình Định,Min_Absolute_Temperature_lag6,0.01563301330723646
squeezed_Bình Định,Min_Absolute_Temperature_lag7,0.015220834347741933
squeezed_Bình Định,Min_Absolute_Temperature_lag8,0.1260864482267352
squeezed_Bình Định,Min_Absolute_Temperature_lag9,0.027671531662726068
squeezed_Bình Định,Min_Absolute_Temperature_lag10,0.37174460531484815
squeezed_Bình Định,Min_Absolute_Temperature_lag11,0.03986346648433032
squeezed_Bình Định,Min_Absolute_Temperature_lag12,0.22919462277612926
squeezed_Bình Định,Average_Humidity_lag1,0.024366800718819137
squeezed_Bình Định,Average_Humidity_lag2,0.042592793381777676
squeezed_Bình Định,Average_Humidity_lag3,0.0007444611147650716
squeezed_Bình Định,Average_Humidity_lag4,0.12443310905477413
squeezed_Bình Định,Average_Humidity_lag5,0.08444235506820208
squeezed_Bình Định,Average_Humidity_lag6,0.010486958472196816
squeezed_Bình Định,Average_Humidity_lag7,0.03175011731641244
squeezed_Bình Định,Average_Humidity_lag8,0.08937264679364217
squeezed_Bình Định,Average_Humidity_lag9,0.06273728775745084
squeezed_Bình Định,Average_Humidity_lag10,0.011581469188354976
squeezed_Bình Định,Average_Humidity_lag11,0.05689860226957529
squeezed_Bình Định,Average_Humidity_lag12,0.2524597777373779
squeezed_Bình Định,Min_Humidity_lag1,0.01876655909694024
squeezed_Bình Định,Min_Humidity_lag2,0.0811837758462577
squeezed_Bình Định,Min_Humidity_lag3,0.05764796939933584
squeezed_Bình Định,Min_Humidity_lag4,0.017678464540809447
squeezed_Bình Định,Min_Humidity_lag5,0.022923497184650362
squeezed_Bình Định,Min_Humidity_lag6,0.0073753909632634515
squeezed_Bình Định,Min_Humidity_lag7,0.12852905260498124
squeezed_Bình Định,Min_Humidity_lag8,0.028990763197097872
squeezed_Bình Định,Min_Humidity_lag9,0.01702662922480917
squeezed_Bình Định,Min_Humidity_lag10,0.011218875415021541
squeezed_Bình Định,Min_Humidity_lag11,0.06762223506516028
squeezed_Bình Định,Min_Humidity_lag12,0.028164134899633448
squeezed_Bình Định,n_hours_sunshine_lag1,0.22574500551822588
squeezed_Bình Định,n_hours_sunshine_lag2,0.22737702261998186
squeezed_Bình Định,n_hours_sunshine_lag3,0.04398773352451807
squeezed_Bình Định,n_hours_sunshine_lag4,0.3151200486264504
squeezed_Bình Định,n_hours_sunshine_lag5,0.019456152408711635
squeezed_Bình Định,n_hours_sunshine_lag6,0.12970304387240758
squeezed_Bình Định,n_hours_sunshine_lag7,0.14757065627303795
squeezed_Bình Định,n_hours_sunshine_lag8,0.10724735288191806
squeezed_Bình Định,n_hours_sunshine_lag9,0.05277361607923577
squeezed_Bình Định,n_hours_sunshine_lag10,0.028684904093546622
squeezed_Bình Định,n_hours_sunshine_lag11,0.07456691026512795
squeezed_Bình Định,n_hours_sunshine_lag12,0.09187042880665665
squeezed_Bình Định,population_male_lag1,0.0
squeezed_Bình Định,population_male_lag2,0.05183243819847904
squeezed_Bình Định,population_male_lag3,0.005460214034852335
squeezed_Bình Định,population_male_lag4,0.27642743378002343
squeezed_Bình Định,population_male_lag5,0.0
squeezed_Bình Định,population_male_lag6,0.004382215484286294
squeezed_Bình Định,population_male_lag7,0.004933956312765254
squeezed_Bình Định,population_male_lag8,0.0
squeezed_Bình Định,population_male_lag9,0.0
squeezed_Bình Định,population_male_lag10,0.30448456337298585
squeezed_Bình Định,population_male_lag11,0.0
squeezed_Bình Định,population_male_lag12,0.012845223775770092
squeezed_Bình Định,population_female_lag1,0.0
squeezed_Bình Định,population_female_lag2,0.005143192044302671
squeezed_Bình Định,population_female_lag3,0.0
squeezed_Bình Định,population_female_lag4,0.0
squeezed_Bình Định,population_female_lag5,0.009348191164556022
squeezed_Bình Định,population_female_lag6,0.05112758411819205
squeezed_Bình Định,population_female_lag7,0.0
squeezed_Bình Định,population_female_lag8,0.0
squeezed_Bình Định,population_female_lag9,0.0015712177414157497
squeezed_Bình Định,population_female_lag10,0.02729821699873722
squeezed_Bình Định,population_female_lag11,0.0
squeezed_Bình Định,population_female_lag12,0.0
squeezed_Bình Định,population_urban_lag1,0.15761747404729173
squeezed_Bình Định,population_urban_lag2,0.03017756188203952
squeezed_Bình Định,population_urban_lag3,0.004049445449526755
squeezed_Bình Định,population_urban_lag4,0.0033228763604542526
squeezed_Bình Định,population_urban_lag5,0.09545749059406122
squeezed_Bình Định,population_urban_lag6,0.0036570729077724223
squeezed_Bình Định,population_urban_lag7,0.2171162619792699
squeezed_Bình Định,population_urban_lag8,0.0
squeezed_Bình Định,population_urban_lag9,0.0030509772783779755
squeezed_Bình Định,population_urban_lag10,0.005659659436436859
squeezed_Bình Định,population_urban_lag11,0.74783252896336
squeezed_Bình Định,population_urban_lag12,0.0422626614985705
squeezed_Bình Định,population_countryside_lag1,0.00986631796453992
squeezed_Bình Định,population_countryside_lag2,0.04320540066254768
squeezed_Bình Định,population_countryside_lag3,0.015476482508571046
squeezed_Bình Định,population_countryside_lag4,0.010358862534789452
squeezed_Bình Định,population_countryside_lag5,0.0
squeezed_Bình Định,population_countryside_lag6,0.008373806503388722
squeezed_Bình Định,population_countryside_lag7,0.012318953381335379
squeezed_Bình Định,population_countryside_lag8,0.0
squeezed_Bình Định,population_countryside_lag9,0.0
squeezed_Bình Định,population_countryside_lag10,0.0
squeezed_Bình Định,population_countryside_lag11,0.020222857911381262
squeezed_Bình Định,population_countryside_lag12,0.13534564521212122
squeezed_Bình Định,Dengue_fever_rates_lag1,0.4563650672043995
squeezed_Bình Định,Dengue_fever_rates_lag2,0.03493764688125212
squeezed_Bình Định,Dengue_fever_rates_lag3,0.09328939392275187
squeezed_Bình Định,Dengue_fever_rates_lag4,0.06663600598672023
squeezed_Bình Định,Dengue_fever_rates_lag5,0.005586268298922308
squeezed_Bình Định,Dengue_fever_rates_lag6,0.05518465387967834
squeezed_Bình Định,Dengue_fever_rates_lag7,0.059211705399260434
squeezed_Bình Định,Dengue_fever_rates_lag8,0.5618796562859029
squeezed_Bình Định,Dengue_fever_rates_lag9,0.03178567749483925
squeezed_Bình Định,Dengue_fever_rates_lag10,0.1390847627667025
squeezed_Bình Định,Dengue_fever_rates_lag11,1.037876109746444
squeezed_Bình Định,Dengue_fever_rates_lag12,0.26190429281011623
squeezed_Bình Định,Influenza_rates_lag1,0.07776717291037498
squeezed_Bình Định,Influenza_rates_lag2,0.29343717670692715
squeezed_Bình Định,Influenza_rates_lag3,0.11344345153010332
squeezed_Bình Định,Influenza_rates_lag4,0.17618486196516048
squeezed_Bình Định,Influenza_rates_lag5,0.1098138702625297
squeezed_Bình Định,Influenza_rates_lag6,0.19800958353859996
squeezed_Bình Định,Influenza_rates_lag7,0.25370301772525866
squeezed_Bình Định,Influenza_rates_lag8,0.043528166601871005
squeezed_Bình Định,Influenza_rates_lag9,0.028453200775179766
squeezed_Bình Định,Influenza_rates_lag10,0.6397153500731901
squeezed_Bình Định,Influenza_rates_lag11,0.2119598176009184
squeezed_Bình Định,Influenza_rates_lag12,0.05918061566507315
squeezed_Bình Định,Diarrhoea_rates_rollmean_3,9.729032661741867
squeezed_Bình Định,Diarrhoea_rates_rollstd_3,0.1348689430988004
squeezed_Bình Định,Diarrhoea_rates_rollmean_6,2.2989859872851466
squeezed_Bình Định,Diarrhoea_rates_rollstd_6,0.05506048213385865
squeezed_Bình Định,month_sin,1.5207381523238845
squeezed_Bình Định,month_cos,0.5692072650281707
squeezed_Bạc Liêu,Total_Evaporation,0.018917592985544737
squeezed_Bạc Liêu,Total_Rainfall,0.05478894328659398
squeezed_Bạc Liêu,Max_Daily_Rainfall,0.09167749544600638
squeezed_Bạc Liêu,n_raining_days,0.08029942460803617
squeezed_Bạc Liêu,Average_temperature,0.0015646340176289034
squeezed_Bạc Liêu,Max_Average_Temperature,0.03632163523705221
squeezed_Bạc Liêu,Min_Average_Temperature,0.019299936353061247
squeezed_Bạc Liêu,Max_Absolute_Temperature,0.03380734946138052
squeezed_Bạc Liêu,Min_Absolute_Temperature,0.5170879986532059
squeezed_Bạc Liêu,Average_Humidity,0.017808835537671788
squeezed_Bạc Liêu,Min_Humidity,0.04908057243358425
squeezed_Bạc Liêu,n_hours_sunshine,0.2945865215701269
squeezed_Bạc Liêu,population_male,0.019743857360957667
squeezed_Bạc Liêu,population_female,0.0076738932111422645
squeezed_Bạc Liêu,population_urban,0.13061286250011755
squeezed_Bạc Liêu,population_countryside,0.0527410348809787
squeezed_Bạc Liêu,Diarrhoea_rates,41.80638550135297
squeezed_Bạc Liêu,Diarrhoea_rates_lag1,12.40782026355751
squeezed_Bạc Liêu,Diarrhoea_rates_lag2,1.5643971996528065
squeezed_Bạc Liêu,Diarrhoea_rates_lag3,0.042294019366871126
squeezed_Bạc Liêu,Diarrhoea_rates_lag4,1.9821363828173697
squeezed_Bạc Liêu,Diarrhoea_rates_lag5,0.9351189145715143
squeezed_Bạc Liêu,Diarrhoea_rates_lag6,1.5571825509613717
squeezed_Bạc Liêu,Diarrhoea_rates_lag7,0.17214990596973187
squeezed_Bạc Liêu,Diarrhoea_rates_lag8,0.37446197946951026
squeezed_Bạc Liêu,Diarrhoea_rates_lag9,0.1550200182177219
squeezed_Bạc Liêu,Diarrhoea_rates_lag10,0.6246250230595094
squeezed_Bạc Liêu,Diarrhoea_rates_lag11,1.1373769305515637
squeezed_Bạc Liêu,Diarrhoea_rates_lag12,0.5836733236968175
squeezed_Bạc Liêu,Total_Evaporation_lag1,0.05357281842243392
squeezed_Bạc Liêu,Total_Evaporation_lag2,0.3358741938467393
squeezed_Bạc Liêu,Total_Evaporation_lag3,0.08005177327045786
squeezed_Bạc Liêu,Total_Evaporation_lag4,0.021766818405121065
squeezed_Bạc Liêu,Total_Evaporation_lag5,0.028616463126198134
squeezed_Bạc Liêu,Total_Evaporation_lag6,0.08882250388089406
squeezed_Bạc Liêu,Total_Evaporation_lag7,0.011375317008551522
squeezed_Bạc Liêu,Total_Evaporation_lag8,0.06313256895609946
squeezed_Bạc Liêu,Total_Evaporation_lag9,0.01289838094498253
squeezed_Bạc Liêu,Total_Evaporation_lag10,0.0
squeezed_Bạc Liêu,Total_Evaporation_lag11,0.21668524245151152
squeezed_Bạc Liêu,Total_Evaporation_lag12,0.21263275856736333
squeezed_Bạc Liêu,Total_Rainfall_lag1,0.6523779614931183
squeezed_Bạc Liêu,Total_Rainfall_lag2,0.5540380329170741
squeezed_Bạc Liêu,Total_Rainfall_lag3,0.05167736452451197
squeezed_Bạc Liêu,Total_Rainfall_lag4,0.08232949043246189
squeezed_Bạc Liêu,Total_Rainfall_lag5,0.008156417501869536
squeezed_Bạc Liêu,Total_Rainfall_lag6,0.041343704168572436
squeezed_Bạc Liêu,Total_Rainfall_lag7,0.04909630403835826
squeezed_Bạc Liêu,Total_Rainfall_lag8,0.015428272677292984
squeezed_Bạc Liêu,Total_Rainfall_lag9,0.118143893559419
squeezed_Bạc Liêu,Total_Rainfall_lag10,0.0808856036806969
squeezed_Bạc Liêu,Total_Rainfall_lag11,0.581941311877006
squeezed_Bạc Liêu,Total_Rainfall_lag12,0.014696541271312058
squeezed_Bạc Liêu,Max_Daily_Rainfall_lag1,0.10850474624639965
squeezed_Bạc Liêu,Max_Daily_Rainfall_lag2,0.1606309013020392
squeezed_Bạc Liêu,Max_Daily_Rainfall_lag3,0.015575981147902353
squeezed_Bạc Liêu,Max_Daily_Rainfall_lag4,0.04807116937485062
squeezed_Bạc Liêu,Max_Daily_Rainfall_lag5,0.03642340524340488
squeezed_Bạc Liêu,Max_Daily_Rainfall_lag6,0.02819982966032135
squeezed_Bạc Liêu,Max_Daily_Rainfall_lag7,0.02066502674184268
squeezed_Bạc Liêu,Max_Daily_Rainfall_lag8,0.14715130985005734
squeezed_Bạc Liêu,Max_Daily_Rainfall_lag9,0.09356946943067179
squeezed_Bạc Liêu,Max_Daily_Rainfall_lag10,0.13090656693789873
squeezed_Bạc Liêu,Max_Daily_Rainfall_lag11,0.31334321746334454
squeezed_Bạc Liêu,Max_Daily_Rainfall_lag12,0.15541587438945142
squeezed_Bạc Liêu,n_raining_days_lag1,0.007463757301773289
squeezed_Bạc Liêu,n_raining_days_lag2,0.2085957611300866
squeezed_Bạc Liêu,n_raining_days_lag3,0.03604315235563905
squeezed_Bạc Liêu,n_raining_days_lag4,0.04748440431586639
squeezed_Bạc Liêu,n_raining_days_lag5,0.0036020942188121634
squeezed_Bạc Liêu,n_raining_days_lag6,0.00406205070430402
squeezed_Bạc Liêu,n_raining_days_lag7,0.0
squeezed_Bạc Liêu,n_raining_days_lag8,0.023704308781709038
squeezed_Bạc Liêu,n_raining_days_lag9,0.22549862683566846
squeezed_Bạc Liêu,n_raining_days_lag10,0.13685123610004724
squeezed_Bạc Liêu,n_raining_days_lag11,0.0068873023808268515
squeezed_Bạc Liêu,n_raining_days_lag12,0.08868936414065197
squeezed_Bạc Liêu,Average_temperature_lag1,0.03915025161785449
squeezed_Bạc Liêu,Average_temperature_lag2,0.0
squeezed_Bạc Liêu,Average_temperature_lag3,0.08667579818463937
squeezed_Bạc Liêu,Average_temperature_lag4,0.003508358454663228
squeezed_Bạc Liêu,Average_temperature_lag5,0.008749580060617842
squeezed_Bạc Liêu,Average_temperature_lag6,0.07078367287322172
squeezed_Bạc Liêu,Average_temperature_lag7,0.10092778668955836
squeezed_Bạc Liêu,Average_temperature_lag8,0.07371192214877215
squeezed_Bạc Liêu,Average_temperature_lag9,0.03994230353567746
squeezed_Bạc Liêu,Average_temperature_lag10,0.01403178775539625
squeezed_Bạc Liêu,Average_temperature_lag11,0.02398801171323216
squeezed_Bạc Liêu,Average_temperature_lag12,0.046611554376215926
squeezed_Bạc Liêu,Max_Average_Temperature_lag1,0.035781243024423696
squeezed_Bạc Liêu,Max_Average_Temperature_lag2,0.133008050865937
squeezed_Bạc Liêu,Max_Average_Temperature_lag3,0.06720627779968218
squeezed_Bạc Liêu,Max_Average_Temperature_lag4,0.006527719740097477
squeezed_Bạc Liêu,Max_Average_Temperature_lag5,0.1732874651837161
squeezed_Bạc Liêu,Max_Average_Temperature_lag6,0.017946757517942426
squeezed_Bạc Liêu,Max_Average_Temperature_lag7,0.0185424901608026
squeezed_Bạc Liêu,Max_Average_Temperature_lag8,0.11489036614537791
squeezed_Bạc Liêu,Max_Average_Temperature_lag9,0.006998362105270946
squeezed_Bạc Liêu,Max_Average_Temperature_lag10,0.04566319757093971
squeezed_Bạc Liêu,Max_Average_Temperature_lag11,0.10030963430963463
squeezed_Bạc Liêu,Max_Average_Temperature_lag12,0.05117169842484484
squeezed_Bạc Liêu,Min_Average_Temperature_lag1,0.013916896566421309
squeezed_Bạc Liêu,Min_Average_Temperature_lag2,0.039419628386200854
squeezed_Bạc Liêu,Min_Average_Temperature_lag3,0.07009788051935004
squeezed_Bạc Liêu,Min_Average_Temperature_lag4,0.20015835946525698
squeezed_Bạc Liêu,Min_Average_Temperature_lag5,0.012719510244969978
squeezed_Bạc Liêu,Min_Average_Temperature_lag6,0.020838942022711193
squeezed_Bạc Liêu,Min_Average_Temperature_lag7,0.08813027385417728
squeezed_Bạc Liêu,Min_Average_Temperature_lag8,0.010944693511565911
squeezed_Bạc Liêu,Min_Average_Temperature_lag9,0.012936380729442976
squeezed_Bạc Liêu,Min_Average_Temperature_lag10,0.020871000972538314
squeezed_Bạc Liêu,Min_Average_Temperature_lag11,0.05887606513027608
squeezed_Bạc Liêu,Min_Average_Temperature_lag12,0.08320230097704039
squeezed_Bạc Liêu,Max_Absolute_Temperature_lag1,0.11296862718780089
squeezed_Bạc Liêu,Max_Absolute_Temperature_lag2,0.051464354556793206
squeezed_Bạc Liêu,Max_Absolute_Temperature_lag3,0.023472078766588883
squeezed_Bạc Liêu,Max_Absolute_Temperature_lag4,0.1057650341141299
squeezed_Bạc Liêu,Max_Absolute_Temperature_lag5,0.013253657536343283
squeezed_Bạc Liêu,Max_Absolute_Temperature_lag6,0.07575487170899046
squeezed_Bạc Liêu,Max_Absolute_Temperature_lag7,0.0312613825548679
squeezed_Bạc Liêu,Max_Absolute_Temperature_lag8,0.01735564150143285
squeezed_Bạc Liêu,Max_Absolute_Temperature_lag9,0.0015545110158014565
squeezed_Bạc Liêu,Max_Absolute_Temperature_lag10,0.058411648687013575
squeezed_Bạc Liêu,Max_Absolute_Temperature_lag11,0.06787261873812621
squeezed_Bạc Liêu,Max_Absolute_Temperature_lag12,0.05542093145519322
squeezed_Bạc Liêu,Min_Absolute_Temperature_lag1,0.010694154358671985
squeezed_Bạc Liêu,Min_Absolute_Temperature_lag2,0.08269711895232171
squeezed_Bạc Liêu,Min_Absolute_Temperature_lag3,0.0744411919993787
squeezed_Bạc Liêu,Min_Absolute_Temperature_lag4,0.3281404546861909
squeezed_Bạc Liêu,Min_Absolute_Temperature_lag5,0.03206834226697964
squeezed_Bạc Liêu,Min_Absolute_Temperature_lag6,0.016578206401352737
squeezed_Bạc Liêu,Min_Absolute_Temperature_lag7,0.015154917422326266
squeezed_Bạc Liêu,Min_Absolute_Temperature_lag8,0.09643417506362036
squeezed_Bạc Liêu,Min_Absolute_Temperature_lag9,0.02827899348023585
squeezed_Bạc Liêu,Min_Absolute_Temperature_lag10,0.020702651514242932
squeezed_Bạc Liêu,Min_Absolute_Temperature_lag11,0.025357582100501246
squeezed_Bạc Liêu,Min_Absolute_Temperature_lag12,0.23440193016773006
squeezed_Bạc Liêu,Average_Humidity_lag1,0.13109163678480726
squeezed_Bạc Liêu,Average_Humidity_lag2,0.08922237776983229
squeezed_Bạc Liêu,Average_Humidity_lag3,0.0007444611147650716
squeezed_Bạc Liêu,Average_Humidity_lag4,0.10976326899870181
squeezed_Bạc Liêu,Average_Humidity_lag5,0.08302998206794102
squeezed_Bạc Liêu,Average_Humidity_lag6,0.007372387431432075
squeezed_Bạc Liêu,Average_Humidity_lag7,0.026696586658305942
squeezed_Bạc Liêu,Average_Humidity_lag8,0.06662107319469915
squeezed_Bạc Liêu,Average_Humidity_lag9,0.06671877837392305
squeezed_Bạc Liêu,Average_Humidity_lag10,0.003353401103542293
squeezed_Bạc Liêu,Average_Humidity_lag11,0.036513915228524756
squeezed_Bạc Liêu,Average_Humidity_lag12,0.6858081335222953
squeezed_Bạc Liêu,Min_Humidity_lag1,0.02557100027310465
squeezed_Bạc Liêu,Min_Humidity_lag2,0.10278388134543709
squeezed_Bạc Liêu,Min_Humidity_lag3,0.04327465448719012
squeezed_Bạc Liêu,Min_Humidity_lag4,0.012778445745510668
squeezed_Bạc Liêu,Min_Humidity_lag5,0.024023413158093875
squeezed_Bạc Liêu,Min_Humidity_lag6,0.012385658776645157
squeezed_Bạc Liêu,Min_Humidity_lag7,0.1085728085957341
squeezed_Bạc Liêu,Min_Humidity_lag8,0.008056153757899887
squeezed_Bạc Liêu,Min_Humidity_lag9,0.010328807079316481
squeezed_Bạc Liêu,Min_Humidity_lag10,0.005891410287026395
squeezed_Bạc Liêu,Min_Humidity_lag11,0.04563220625729262
squeezed_Bạc Liêu,Min_Humidity_lag12,0.0333857170622795
squeezed_Bạc Liêu,n_hours_sunshine_lag1,0.2818192293575778
squeezed_Bạc Liêu,n_hours_sunshine_lag2,0.21308178874811376
squeezed_Bạc Liêu,n_hours_sunshine_lag3,0.03689055372305355
squeezed_Bạc Liêu,n_hours_sunshine_lag4,0.22299546830760042
squeezed_Bạc Liêu,n_hours_sunshine_lag5,0.01879582529308004
squeezed_Bạc Liêu,n_hours_sunshine_lag6,0.12527882941251953
squeezed_Bạc Liêu,n_hours_sunshine_lag7,0.11153936365241947
squeezed_Bạc Liêu,n_hours_sunshine_lag8,0.16570739942095242
squeezed_Bạc Liêu,n_hours_sunshine_lag9,0.06600129330709047
squeezed_Bạc Liêu,n_hours_sunshine_lag10,0.02623350385444147
squeezed_Bạc Liêu,n_hours_sunshine_lag11,0.06280736112527699
squeezed_Bạc Liêu,n_hours_sunshine_lag12,0.08188638933957586
squeezed_Bạc Liêu,population_male_lag1,0.0
squeezed_Bạc Liêu,population_male_lag2,0.051519080248530226
squeezed_Bạc Liêu,population_male_lag3,0.004923833594599271
squeezed_Bạc Liêu,population_male_lag4,0.278787008651691
squeezed_Bạc Liêu,population_male_lag5,0.0
squeezed_Bạc Liêu,population_male_lag6,0.0037320725197077516
squeezed_Bạc Liêu,population_male_lag7,0.0009181045812860208
squeezed_Bạc Liêu,population_male_lag8,0.0
squeezed_Bạc Liêu,population_male_lag9,0.0
squeezed_Bạc Liêu,population_male_lag10,0.30212498850131825
squeezed_Bạc Liêu,population_male_lag11,0.0
squeezed_Bạc Liêu,population_male_lag12,0.011178297478360737
squeezed_Bạc Liêu,population_female_lag1,0.0
squeezed_Bạc Liêu,population_female_lag2,0.005216398089286437
squeezed_Bạc Liêu,population_female_lag3,0.0
squeezed_Bạc Liêu,population_female_lag4,0.0
squeezed_Bạc Liêu,population_female_lag5,0.0084989307651765
squeezed_Bạc Liêu,population_female_lag6,0.03306650749517814
squeezed_Bạc Liêu,population_female_lag7,0.0
squeezed_Bạc Liêu,population_female_lag8,0.0
squeezed_Bạc Liêu,population_female_lag9,0.000839546470683268
squeezed_Bạc Liêu,population_female_lag10,0.006954549458970929
squeezed_Bạc Liêu,population_female_lag11,0.0
squeezed_Bạc Liêu,population_female_lag12,0.0
squeezed_Bạc Liêu,population_urban_lag1,0.13269342329153166
squeezed_Bạc Liêu,population_urban_lag2,0.030992315865758114
squeezed_Bạc Liêu,population_urban_lag3,0.003884120934754622
squeezed_Bạc Liêu,population_urban_lag4,0.0033228763604542526
squeezed_Bạc Liêu,population_urban_lag5,0.09410881866434744
squeezed_Bạc Liêu,population_urban_lag6,0.0032962730828391463
squeezed_Bạc Liêu,population_urban_lag7,0.21959086162176047
squeezed_Bạc Liêu,population_urban_lag8,0.0
squeezed_Bạc Liêu,population_urban_lag9,0.0030509772783779755
squeezed_Bạc Liêu,population_urban_lag10,0.0032589700105881045
squeezed_Bạc Liêu,population_urban_lag11,0.7475343878768768
squeezed_Bạc Liêu,population_urban_lag12,0.04549894874204913
squeezed_Bạc Liêu,population_countryside_lag1,0.010153904923480015
squeezed_Bạc Liêu,population_countryside_lag2,0.018034054452237942
squeezed_Bạc Liêu,population_countryside_lag3,0.019673507969317532
squeezed_Bạc Liêu,population_countryside_lag4,0.011890374614110513
squeezed_Bạc Liêu,population_countryside_lag5,0.0
squeezed_Bạc Liêu,population_countryside_lag6,0.008373806503388722
squeezed_Bạc Liêu,population_countryside_lag7,0.01197554310746829
squeezed_Bạc Liêu,population_countryside_lag8,0.0
squeezed_Bạc Liêu,population_countryside_lag9,0.0
squeezed_Bạc Liêu,population_countryside_lag10,0.0
squeezed_Bạc Liêu,population_countryside_lag11,0.02123168147704957
squeezed_Bạc Liêu,population_countryside_lag12,0.03474004327716036
squeezed_Bạc Liêu,Dengue_fever_rates_lag1,0.5206774861425274
squeezed_Bạc Liêu,Dengue_fever_rates_lag2,0.011975585332529728
squeezed_Bạc Liêu,Dengue_fever_rates_lag3,0.061995532723764214
squeezed_Bạc Liêu,Dengue_fever_rates_lag4,0.03807334564040207
squeezed_Bạc Liêu,Dengue_fever_rates_lag5,0.005586268298922308
squeezed_Bạc Liêu,Dengue_fever_rates_lag6,0.056837221163143915
squeezed_Bạc Liêu,Dengue_fever_rates_lag7,0.006868038250371324
squeezed_Bạc Liêu,Dengue_fever_rates_lag8,0.16444532648393076
squeezed_Bạc Liêu,Dengue_fever_rates_lag9,0.01637344664431376
squeezed_Bạc Liêu,Dengue_fever_rates_lag10,0.04516703473092468
squeezed_Bạc Liêu,Dengue_fever_rates_lag11,0.31777828576756495
squeezed_Bạc Liêu,Dengue_fever_rates_lag12,0.06278954213517507
squeezed_Bạc Liêu,Influenza_rates_lag1,0.07133669489427268
squeezed_Bạc Liêu,Influenza_rates_lag2,0.21534978253460454
squeezed_Bạc Liêu,Influenza_rates_lag3,0.11627351216903019
squeezed_Bạc Liêu,Influenza_rates_lag4,0.13917231360919727
squeezed_Bạc Liêu,Influenza_rates_lag5,0.113720137639568
squeezed_Bạc Liêu,Influenza_rates_lag6,0.19888635723900236
squeezed_Bạc Liêu,Influenza_rates_lag7,0.2479349175075467
squeezed_Bạc Liêu,Influenza_rates_lag8,0.040511257394678486
squeezed_Bạc Liêu,Influenza_rates_lag9,0.027346420525764432
squeezed_Bạc Liêu,Influenza_rates_lag10,0.37039029362645387
squeezed_Bạc Liêu,Influenza_rates_lag11,0.1711812915323563
squeezed_Bạc Liêu,Influenza_rates_lag12,0.03757409845345545
squeezed_Bạc Liêu,Diarrhoea_rates_rollmean_3,9.746328279408212
squeezed_Bạc Liêu,Diarrhoea_rates_rollstd_3,0.15343142615653232
squeezed_Bạc Liêu,Diarrhoea_rates_rollmean_6,2.2632972017397104
squeezed_Bạc Liêu,Diarrhoea_rates_rollstd_6,0.07295846434902788
squeezed_Bạc Liêu,month_sin,1.2784049716765984
squeezed_Bạc Liêu,month_cos,0.3137579097014054
squeezed_Bắc Giang,Total_Evaporation,0.022294473014963814
squeezed_Bắc Giang,Total_Rainfall,0.05088138609690354
squeezed_Bắc Giang,Max_Daily_Rainfall,0.03140144930557122
squeezed_Bắc Giang,n_raining_days,0.08320440403019545
squeezed_Bắc Giang,Average_temperature,0.05867418061486505
squeezed_Bắc Giang,Max_Average_Temperature,0.07849543519288917
squeezed_Bắc Giang,Min_Average_Temperature,0.007467646175085041
squeezed_Bắc Giang,Max_Absolute_Temperature,0.051303245399476984
squeezed_Bắc Giang,Min_Absolute_Temperature,0.5763617107259894
squeezed_Bắc Giang,Average_Humidity,0.012884080669216933
squeezed_Bắc Giang,Min_Humidity,0.12214497827979964
squeezed_Bắc Giang,n_hours_sunshine,0.1402514036799892
squeezed_Bắc Giang,population_male,0.026845443154337307
squeezed_Bắc Giang,population_female,0.007362914246470791
squeezed_Bắc Giang,population_urban,0.12851637989474787
squeezed_Bắc Giang,population_countryside,0.027121679365014157
squeezed_Bắc Giang,Diarrhoea_rates,36.306376470184354
squeezed_Bắc Giang,Diarrhoea_rates_lag1,12.00652050516129
squeezed_Bắc Giang,Diarrhoea_rates_lag2,1.7006655272696805
squeezed_Bắc Giang,Diarrhoea_rates_lag3,0.12661420727483105
squeezed_Bắc Giang,Diarrhoea_rates_lag4,2.156760746273702
squeezed_Bắc Giang,Diarrhoea_rates_lag5,0.8579845284982293
squeezed_Bắc Giang,Diarrhoea_rates_lag6,1.2712845589523138
squeezed_Bắc Giang,Diarrhoea_rates_lag7,0.1908673849252779
squeezed_Bắc Giang,Diarrhoea_rates_lag8,0.40637452920246675
squeezed_Bắc Giang,Diarrhoea_rates_lag9,0.2253462800358871
squeezed_Bắc Giang,Diarrhoea_rates_lag10,0.613629771337805
squeezed_Bắc Giang,Diarrhoea_rates_lag11,1.593956412823693
squeezed_Bắc Giang,Diarrhoea_rates_lag12,0.5930276710843384
squeezed_Bắc Giang,Total_Evaporation_lag1,0.0069874946920359
squeezed_Bắc Giang,Total_Evaporation_lag2,0.28563218937932794
squeezed_Bắc Giang,Total_Evaporation_lag3,0.04497490643108113
squeezed_Bắc Giang,Total_Evaporation_lag4,0.0074420269338911155
squeezed_Bắc Giang,Total_Evaporation_lag5,0.021581029684461017
squeezed_Bắc Giang,Total_Evaporation_lag6,0.015849800964461574
squeezed_Bắc Giang,Total_Evaporation_lag7,0.027006935512970977
squeezed_Bắc Giang,Total_Evaporation_lag8,0.08013581457683679
squeezed_Bắc Giang,Total_Evaporation_lag9,0.016173831115461248
squeezed_Bắc Giang,Total_Evaporation_lag10,0.0
squeezed_Bắc Giang,Total_Evaporation_lag11,0.19657346665675957
squeezed_Bắc Giang,Total_Evaporation_lag12,0.06601270567843338
squeezed_Bắc Giang,Total_Rainfall_lag1,0.5484749394869503
squeezed_Bắc Giang,Total_Rainfall_lag2,0.5093712056098348
squeezed_Bắc Giang,Total_Rainfall_lag3,0.0444020456348276
squeezed_Bắc Giang,Total_Rainfall_lag4,0.09686129760438646
squeezed_Bắc Giang,Total_Rainfall_lag5,0.009093515944723622
squeezed_Bắc Giang,Total_Rainfall_lag6,0.04888020667186418
squeezed_Bắc Giang,Total_Rainfall_lag7,0.13457210063593553
squeezed_Bắc Giang,Total_Rainfall_lag8,0.04917331736387386
squeezed_Bắc Giang,Total_Rainfall_lag9,0.13400653578240132
squeezed_Bắc Giang,Total_Rainfall_lag10,0.3894193779223701
squeezed_Bắc Giang,Total_Rainfall_lag11,0.1187181598944499
squeezed_Bắc Giang,Total_Rainfall_lag12,0.1278754370368213
squeezed_Bắc Giang,Max_Daily_Rainfall_lag1,0.12770096588494698
squeezed_Bắc Giang,Max_Daily_Rainfall_lag2,0.06523524288368769
squeezed_Bắc Giang,Max_Daily_Rainfall_lag3,0.015094859281006491
squeezed_Bắc Giang,Max_Daily_Rainfall_lag4,0.0395674292369459
squeezed_Bắc Giang,Max_Daily_Rainfall_lag5,0.01817405655543572
squeezed_Bắc Giang,Max_Daily_Rainfall_lag6,0.09151961228592977
squeezed_Bắc Giang,Max_Daily_Rainfall_lag7,0.12185831208464827
squeezed_Bắc Giang,Max_Daily_Rainfall_lag8,0.09279231092647251
squeezed_Bắc Giang,Max_Daily_Rainfall_lag9,0.13031371309920828
squeezed_Bắc Giang,Max_Daily_Rainfall_lag10,0.028839410717990722
squeezed_Bắc Giang,Max_Daily_Rainfall_lag11,0.26306193035073266
squeezed_Bắc Giang,Max_Daily_Rainfall_lag12,0.22298882492781302
squeezed_Bắc Giang,n_raining_days_lag1,0.004347204219451401
squeezed_Bắc Giang,n_raining_days_lag2,0.12521567351674204
squeezed_Bắc Giang,n_raining_days_lag3,0.027119564657924356
squeezed_Bắc Giang,n_raining_days_lag4,0.013753702554896883
squeezed_Bắc Giang,n_raining_days_lag5,0.006095467751623819
squeezed_Bắc Giang,n_raining_days_lag6,0.005192397929543726
squeezed_Bắc Giang,n_raining_days_lag7,0.0
squeezed_Bắc Giang,n_raining_days_lag8,0.017096646130926586
squeezed_Bắc Giang,n_raining_days_lag9,0.09702733705925125
squeezed_Bắc Giang,n_raining_days_lag10,0.10286205067309516
squeezed_Bắc Giang,n_raining_days_lag11,0.011733553657273648
squeezed_Bắc Giang,n_raining_days_lag12,0.04550156924132597
squeezed_Bắc Giang,Average_temperature_lag1,0.04138058649941073
squeezed_Bắc Giang,Average_temperature_lag2,0.0
squeezed_Bắc Giang,Average_temperature_lag3,0.16638561393796614
squeezed_Bắc Giang,Average_temperature_lag4,0.03800224629457945
squeezed_Bắc Giang,Average_temperature_lag5,0.02843002013527135
squeezed_Bắc Giang,Average_temperature_lag6,0.049930748858714236
squeezed_Bắc Giang,Average_temperature_lag7,0.10535751064507974
squeezed_Bắc Giang,Average_temperature_lag8,0.0379090633187951
squeezed_Bắc Giang,Average_temperature_lag9,0.04533916628699411
squeezed_Bắc Giang,Average_temperature_lag10,0.02555207199375345
squeezed_Bắc Giang,Average_temperature_lag11,0.058115565514606206
squeezed_Bắc Giang,Average_temperature_lag12,0.050032857300806255
squeezed_Bắc Giang,Max_Average_Temperature_lag1,0.1722340184078849
squeezed_Bắc Giang,Max_Average_Temperature_lag2,0.29309170055909556
squeezed_Bắc Giang,Max_Average_Temperature_lag3,0.09314164718642333
squeezed_Bắc Giang,Max_Average_Temperature_lag4,0.011000366675487136
squeezed_Bắc Giang,Max_Average_Temperature_lag5,0.3940657635015128
squeezed_Bắc Giang,Max_Average_Temperature_lag6,0.0212206383358118
squeezed_Bắc Giang,Max_Average_Temperature_lag7,0.03732364583562035
squeezed_Bắc Giang,Max_Average_Temperature_lag8,0.19011780977120538
squeezed_Bắc Giang,Max_Average_Temperature_lag9,0.0172032631172267
squeezed_Bắc Giang,Max_Average_Temperature_lag10,0.0705770090387193
squeezed_Bắc Giang,Max_Average_Temperature_lag11,0.10725075959293072
squeezed_Bắc Giang,Max_Average_Temperature_lag12,0.07184324678286065
squeezed_Bắc Giang,Min_Average_Temperature_lag1,0.013916896566421309
squeezed_Bắc Giang,Min_Average_Temperature_lag2,0.057901456667061424
squeezed_Bắc Giang,Min_Average_Temperature_lag3,0.05023538251327265
squeezed_Bắc Giang,Min_Average_Temperature_lag4,0.21535376948231846
squeezed_Bắc Giang,Min_Average_Temperature_lag5,0.05956532869616687
squeezed_Bắc Giang,Min_Average_Temperature_lag6,0.027484777782586733
squeezed_Bắc Giang,Min_Average_Temperature_lag7,0.1187296128854496
squeezed_Bắc Giang,Min_Average_Temperature_lag8,0.011447737540455983
squeezed_Bắc Giang,Min_Average_Temperature_lag9,0.009124257770955898
squeezed_Bắc Giang,Min_Average_Temperature_lag10,0.0383946016073095
squeezed_Bắc Giang,Min_Average_Temperature_lag11,0.11774019079155701
squeezed_Bắc Giang,Min_Average_Temperature_lag12,0.12558370189676166
squeezed_Bắc Giang,Max_Absolute_Temperature_lag1,0.2650470891867639
squeezed_Bắc Giang,Max_Absolute_Temperature_lag2,0.04831439425956869
squeezed_Bắc Giang,Max_Absolute_Temperature_lag3,0.025328810252366787
squeezed_Bắc Giang,Max_Absolute_Temperature_lag4,0.11857846190546477
squeezed_Bắc Giang,Max_Absolute_Temperature_lag5,0.03845013688357334
squeezed_Bắc Giang,Max_Absolute_Temperature_lag6,0.007418398927808653
squeezed_Bắc Giang,Max_Absolute_Temperature_lag7,0.16609974081282697
squeezed_Bắc Giang,Max_Absolute_Temperature_lag8,0.014334139396059958
squeezed_Bắc Giang,Max_Absolute_Temperature_lag9,0.002082483727862534
squeezed_Bắc Giang,Max_Absolute_Temperature_lag10,0.05427782587827554
squeezed_Bắc Giang,Max_Absolute_Temperature_lag11,0.10625664094253719
squeezed_Bắc Giang,Max_Absolute_Temperature_lag12,0.05081461177215534
squeezed_Bắc Giang,Min_Absolute_Temperature_lag1,0.04405339662869185
squeezed_Bắc Giang,Min_Absolute_Temperature_lag2,0.15727613457817838
squeezed_Bắc Giang,Min_Absolute_Temperature_lag3,0.1993835543564986
squeezed_Bắc Giang,Min_Absolute_Temperature_lag4,0.48240551086811245
squeezed_Bắc Giang,Min_Absolute_Temperature_lag5,0.06642691817544522
squeezed_Bắc Giang,Min_Absolute_Temperature_lag6,0.05259851731037483
squeezed_Bắc Giang,Min_Absolute_Temperature_lag7,0.3000880406692395
squeezed_Bắc Giang,Min_Absolute_Temperature_lag8,0.1145666900343743
squeezed_Bắc Giang,Min_Absolute_Temperature_lag9,0.020981365787400893
squeezed_Bắc Giang,Min_Absolute_Temperature_lag10,0.020152607882138098
squeezed_Bắc Giang,Min_Absolute_Temperature_lag11,0.022756319189059068
squeezed_Bắc Giang,Min_Absolute_Temperature_lag12,0.5560527482154439
squeezed_Bắc Giang,Average_Humidity_lag1,0.022577958787416485
squeezed_Bắc Giang,Average_Humidity_lag2,0.010460032291305524
squeezed_Bắc Giang,Average_Humidity_lag3,0.0008912827758312548
squeezed_Bắc Giang,Average_Humidity_lag4,0.08884461681852124
squeezed_Bắc Giang,Average_Humidity_lag5,0.08552606559682811
squeezed_Bắc Giang,Average_Humidity_lag6,0.010442362905848468
squeezed_Bắc Giang,Average_Humidity_lag7,0.07000709448862115
squeezed_Bắc Giang,Average_Humidity_lag8,0.07081693503713103
squeezed_Bắc Giang,Average_Humidity_lag9,0.038715265137296
squeezed_Bắc Giang,Average_Humidity_lag10,0.015359524262311845
squeezed_Bắc Giang,Average_Humidity_lag11,0.03504905776469318
squeezed_Bắc Giang,Average_Humidity_lag12,0.10838256548033376
squeezed_Bắc Giang,Min_Humidity_lag1,0.030702063569220728
squeezed_Bắc Giang,Min_Humidity_lag2,0.10577283297167565
squeezed_Bắc Giang,Min_Humidity_lag3,0.09270580071391327
squeezed_Bắc Giang,Min_Humidity_lag4,0.023757928921223973
squeezed_Bắc Giang,Min_Humidity_lag5,0.005453173717749379
squeezed_Bắc Giang,Min_Humidity_lag6,0.039356389717203025
squeezed_Bắc Giang,Min_Humidity_lag7,0.1481037146584662
squeezed_Bắc Giang,Min_Humidity_lag8,0.058608108146244016
squeezed_Bắc Giang,Min_Humidity_lag9,0.017013090765376066
squeezed_Bắc Giang,Min_Humidity_lag10,0.007190485977172104
squeezed_Bắc Giang,Min_Humidity_lag11,0.23305996204863969
squeezed_Bắc Giang,Min_Humidity_lag12,0.13055263150262078
squeezed_Bắc Giang,n_hours_sunshine_lag1,0.04031800595871847
squeezed_Bắc Giang,n_hours_sunshine_lag2,0.07154553890774303
squeezed_Bắc Giang,n_hours_sunshine_lag3,0.03742323006520066
squeezed_Bắc Giang,n_hours_sunshine_lag4,0.08273312972593884
squeezed_Bắc Giang,n_hours_sunshine_lag5,0.008159124772934737
squeezed_Bắc Giang,n_hours_sunshine_lag6,0.09621908957556408
squeezed_Bắc Giang,n_hours_sunshine_lag7,0.029388823218640957
squeezed_Bắc Giang,n_hours_sunshine_lag8,0.03897457543101553
squeezed_Bắc Giang,n_hours_sunshine_lag9,0.00602869347612784
squeezed_Bắc Giang,n_hours_sunshine_lag10,0.06317409143710118
squeezed_Bắc Giang,n_hours_sunshine_lag11,0.008789613128820836
squeezed_Bắc Giang,n_hours_sunshine_lag12,0.1403815049946637
squeezed_Bắc Giang,population_male_lag1,0.0
squeezed_Bắc Giang,population_male_lag2,0.05192744310674194
squeezed_Bắc Giang,population_male_lag3,0.0061753879551897555
squeezed_Bắc Giang,population_male_lag4,0.2740678589083559
squeezed_Bắc Giang,population_male_lag5,0.0
squeezed_Bắc Giang,population_male_lag6,0.0008030585364055031
squeezed_Bắc Giang,population_male_lag7,0.002626239953359489
squeezed_Bắc Giang,population_male_lag8,0.0
squeezed_Bắc Giang,population_male_lag9,0.0
squeezed_Bắc Giang,population_male_lag10,0.3073456721478444
squeezed_Bắc Giang,population_male_lag11,0.0
squeezed_Bắc Giang,population_male_lag12,0.0138453795542157
squeezed_Bắc Giang,population_female_lag1,0.0
squeezed_Bắc Giang,population_female_lag2,0.005216398089286437
squeezed_Bắc Giang,population_female_lag3,0.0
squeezed_Bắc Giang,population_female_lag4,0.0
squeezed_Bắc Giang,population_female_lag5,0.009833482821344318
squeezed_Bắc Giang,population_female_lag6,0.04347689748711884
squeezed_Bắc Giang,population_female_lag7,0.0
squeezed_Bắc Giang,population_female_lag8,0.0
squeezed_Bắc Giang,population_female_lag9,0.0015479569860609981
squeezed_Bắc Giang,population_female_lag10,0.002898263055092023
squeezed_Bắc Giang,population_female_lag11,0.0
squeezed_Bắc Giang,population_female_lag12,0.0
squeezed_Bắc Giang,population_urban_lag1,0.14186654750410832
squeezed_Bắc Giang,population_urban_lag2,0.044936068721062095
squeezed_Bắc Giang,population_urban_lag3,0.0063532538838354255
squeezed_Bắc Giang,population_urban_lag4,0.0030862637729141026
squeezed_Bắc Giang,population_urban_lag5,0.08623839046576094
squeezed_Bắc Giang,population_urban_lag6,0.0035668729515391036
squeezed_Bắc Giang,population_urban_lag7,0.22177060247097366
squeezed_Bắc Giang,population_urban_lag8,0.0
squeezed_Bắc Giang,population_urban_lag9,0.0030509772783779755
squeezed_Bắc Giang,population_urban_lag10,0.001510689189512101
squeezed_Bắc Giang,population_urban_lag11,0.749740494221285
squeezed_Bắc Giang,population_urban_lag12,0.04394973747315644
squeezed_Bắc Giang,population_countryside_lag1,0.005717425419425353
squeezed_Bắc Giang,population_countryside_lag2,0.02494823329792728
squeezed_Bắc Giang,population_countryside_lag3,0.004746360548244405
squeezed_Bắc Giang,population_countryside_lag4,0.01300425968267641
squeezed_Bắc Giang,population_countryside_lag5,0.0
squeezed_Bắc Giang,population_countryside_lag6,0.0074760627671848524
squeezed_Bắc Giang,population_countryside_lag7,0.0025670341457579558
squeezed_Bắc Giang,population_countryside_lag8,0.0
squeezed_Bắc Giang,population_countryside_lag9,0.0
squeezed_Bắc Giang,population_countryside_lag10,0.0
squeezed_Bắc Giang,population_countryside_lag11,0.016812859789506508
squeezed_Bắc Giang,population_countryside_lag12,0.029446565237648978
squeezed_Bắc Giang,Dengue_fever_rates_lag1,0.32760388861597695
squeezed_Bắc Giang,Dengue_fever_rates_lag2,0.030319609336338506
squeezed_Bắc Giang,Dengue_fever_rates_lag3,0.06695303343828075
squeezed_Bắc Giang,Dengue_fever_rates_lag4,0.041679689515894486
squeezed_Bắc Giang,Dengue_fever_rates_lag5,0.0025312778229491704
squeezed_Bắc Giang,Dengue_fever_rates_lag6,0.04272184408037572
squeezed_Bắc Giang,Dengue_fever_rates_lag7,0.006220804163092192
squeezed_Bắc Giang,Dengue_fever_rates_lag8,0.14585838167422763
squeezed_Bắc Giang,Dengue_fever_rates_lag9,0.02900869725018997
squeezed_Bắc Giang,Dengue_fever_rates_lag10,0.13753784829026197
squeezed_Bắc Giang,Dengue_fever_rates_lag11,0.3260442498551723
squeezed_Bắc Giang,Dengue_fever_rates_lag12,0.07705034115235855
squeezed_Bắc Giang,Influenza_rates_lag1,0.08959842936744643
squeezed_Bắc Giang,Influenza_rates_lag2,0.31174865505381166
squeezed_Bắc Giang,Influenza_rates_lag3,0.10801966273345531
squeezed_Bắc Giang,Influenza_rates_lag4,0.1721833618708701
squeezed_Bắc Giang,Influenza_rates_lag5,0.11450706457668125
squeezed_Bắc Giang,Influenza_rates_lag6,0.20410348408574308
squeezed_Bắc Giang,Influenza_rates_lag7,0.2730225059492289
squeezed_Bắc Giang,Influenza_rates_lag8,0.05957678627981239
squeezed_Bắc Giang,Influenza_rates_lag9,0.027343155228342086
squeezed_Bắc Giang,Influenza_rates_lag10,0.416675906838425
squeezed_Bắc Giang,Influenza_rates_lag11,0.10638558283367078
squeezed_Bắc Giang,Influenza_rates_lag12,0.04337725187163783
squeezed_Bắc Giang,Diarrhoea_rates_rollmean_3,9.874296290445931
squeezed_Bắc Giang,Diarrhoea_rates_rollstd_3,0.12656331061356269
squeezed_Bắc Giang,Diarrhoea_rates_rollmean_6,2.3785631950829362
squeezed_Bắc Giang,Diarrhoea_rates_rollstd_6,0.0327542394464489
squeezed_Bắc Giang,month_sin,2.17088162353775
squeezed_Bắc Giang,month_cos,0.8129273635102962
squeezed_Bắc Kạn,Total_Evaporation,0.023373144562683093
squeezed_Bắc Kạn,Total_Rainfall,0.06364621122594268
squeezed_Bắc Kạn,Max_Daily_Rainfall,0.08221328517065588
squeezed_Bắc Kạn,n_raining_days,0.06678523854172097
squeezed_Bắc Kạn,Average_temperature,0.07005385189244218
squeezed_Bắc Kạn,Max_Average_Temperature,0.07905426515011471
squeezed_Bắc Kạn,Min_Average_Temperature,0.008153651131114973
squeezed_Bắc Kạn,Max_Absolute_Temperature,0.11485643475135278
squeezed_Bắc Kạn,Min_Absolute_Temperature,0.831616625490752
squeezed_Bắc Kạn,Average_Humidity,0.019121422650728092
squeezed_Bắc Kạn,Min_Humidity,0.08890220378565154
squeezed_Bắc Kạn,n_hours_sunshine,0.1459683320991664
squeezed_Bắc Kạn,population_male,0.035730956800815124
squeezed_Bắc Kạn,population_female,0.01690956447507182
squeezed_Bắc Kạn,population_urban,0.14042151788857044
squeezed_Bắc Kạn,population_countryside,0.18270485327254704
squeezed_Bắc Kạn,Diarrhoea_rates,27.481984205429143
squeezed_Bắc Kạn,Diarrhoea_rates_lag1,8.291794611982638
squeezed_Bắc Kạn,Diarrhoea_rates_lag2,1.1584905044573433
squeezed_Bắc Kạn,Diarrhoea_rates_lag3,0.04857305544484483
squeezed_Bắc Kạn,Diarrhoea_rates_lag4,1.5343860207280702
squeezed_Bắc Kạn,Diarrhoea_rates_lag5,0.5524521158037664
squeezed_Bắc Kạn,Diarrhoea_rates_lag6,1.007615658843408
squeezed_Bắc Kạn,Diarrhoea_rates_lag7,0.19224301969743263
squeezed_Bắc Kạn,Diarrhoea_rates_lag8,0.5116036628676098
squeezed_Bắc Kạn,Diarrhoea_rates_lag9,0.1772660607304117
squeezed_Bắc Kạn,Diarrhoea_rates_lag10,0.8389137847395363
squeezed_Bắc Kạn,Diarrhoea_rates_lag11,1.3424886912603862
squeezed_Bắc Kạn,Diarrhoea_rates_lag12,0.5578576445523751
squeezed_Bắc Kạn,Total_Evaporation_lag1,0.010481603111202768
squeezed_Bắc Kạn,Total_Evaporation_lag2,0.38534984408787093
squeezed_Bắc Kạn,Total_Evaporation_lag3,0.13322562472636426
squeezed_Bắc Kạn,Total_Evaporation_lag4,0.013271697993995748
squeezed_Bắc Kạn,Total_Evaporation_lag5,0.03883579297964468
squeezed_Bắc Kạn,Total_Evaporation_lag6,0.01928144584850297
squeezed_Bắc Kạn,Total_Evaporation_lag7,0.023042219749468264
squeezed_Bắc Kạn,Total_Evaporation_lag8,0.08538226909667797
squeezed_Bắc Kạn,Total_Evaporation_lag9,0.01746706516617048
squeezed_Bắc Kạn,Total_Evaporation_lag10,0.0
squeezed_Bắc Kạn,Total_Evaporation_lag11,0.5592576548270952
squeezed_Bắc Kạn,Total_Evaporation_lag12,0.06353137593085949
squeezed_Bắc Kạn,Total_Rainfall_lag1,0.4856706455142034
squeezed_Bắc Kạn,Total_Rainfall_lag2,0.5508536641073828
squeezed_Bắc Kạn,Total_Rainfall_lag3,0.0514986548079246
squeezed_Bắc Kạn,Total_Rainfall_lag4,0.22835679797165453
squeezed_Bắc Kạn,Total_Rainfall_lag5,0.007521621749637455
squeezed_Bắc Kạn,Total_Rainfall_lag6,0.0474155275103883
squeezed_Bắc Kạn,Total_Rainfall_lag7,0.050884819308843095
squeezed_Bắc Kạn,Total_Rainfall_lag8,0.01081667587927255
squeezed_Bắc Kạn,Total_Rainfall_lag9,0.10648900159679899
squeezed_Bắc Kạn,Total_Rainfall_lag10,0.1511416419550368
squeezed_Bắc Kạn,Total_Rainfall_lag11,0.13312317260474524
squeezed_Bắc Kạn,Total_Rainfall_lag12,0.011949356727651678
squeezed_Bắc Kạn,Max_Daily_Rainfall_lag1,0.254798383153557
squeezed_Bắc Kạn,Max_Daily_Rainfall_lag2,0.0903638627988473
squeezed_Bắc Kạn,Max_Daily_Rainfall_lag3,0.014416660161214142
squeezed_Bắc Kạn,Max_Daily_Rainfall_lag4,0.03663635891980872
squeezed_Bắc Kạn,Max_Daily_Rainfall_lag5,0.0126399181820828
squeezed_Bắc Kạn,Max_Daily_Rainfall_lag6,0.01970101766950239
squeezed_Bắc Kạn,Max_Daily_Rainfall_lag7,0.013767484575635066
squeezed_Bắc Kạn,Max_Daily_Rainfall_lag8,0.10188002860674483
squeezed_Bắc Kạn,Max_Daily_Rainfall_lag9,0.09398569144346001
squeezed_Bắc Kạn,Max_Daily_Rainfall_lag10,0.026329323390203677
squeezed_Bắc Kạn,Max_Daily_Rainfall_lag11,0.07588363961289225
squeezed_Bắc Kạn,Max_Daily_Rainfall_lag12,0.171882298670594
squeezed_Bắc Kạn,n_raining_days_lag1,0.005399884407575112
squeezed_Bắc Kạn,n_raining_days_lag2,0.22854832154326665
squeezed_Bắc Kạn,n_raining_days_lag3,0.031556072698803256
squeezed_Bắc Kạn,n_raining_days_lag4,0.016034530620410343
squeezed_Bắc Kạn,n_raining_days_lag5,0.010216338323101018
squeezed_Bắc Kạn,n_raining_days_lag6,0.005824273126106579
squeezed_Bắc Kạn,n_raining_days_lag7,0.0
squeezed_Bắc Kạn,n_raining_days_lag8,0.027487982188109883
squeezed_Bắc Kạn,n_raining_days_lag9,0.09090919220757343
squeezed_Bắc Kạn,n_raining_days_lag10,0.1118552180641837
squeezed_Bắc Kạn,n_raining_days_lag11,0.009967102642108067
squeezed_Bắc Kạn,n_raining_days_lag12,0.07343276105374652
squeezed_Bắc Kạn,Average_temperature_lag1,0.09090699966345635
squeezed_Bắc Kạn,Average_temperature_lag2,0.0
squeezed_Bắc Kạn,Average_temperature_lag3,0.20612791662994578
squeezed_Bắc Kạn,Average_temperature_lag4,0.07228214374542674
squeezed_Bắc Kạn,Average_temperature_lag5,0.14374077592602533
squeezed_Bắc Kạn,Average_temperature_lag6,0.05368148912112756
squeezed_Bắc Kạn,Average_temperature_lag7,0.3034564076836256
squeezed_Bắc Kạn,Average_temperature_lag8,0.07179460452300046
squeezed_Bắc Kạn,Average_temperature_lag9,0.018338163757646995
squeezed_Bắc Kạn,Average_temperature_lag10,0.030003809609761137
squeezed_Bắc Kạn,Average_temperature_lag11,0.09091126118706318
squeezed_Bắc Kạn,Average_temperature_lag12,0.05009879926140275
squeezed_Bắc Kạn,Max_Average_Temperature_lag1,0.1915703279629429
squeezed_Bắc Kạn,Max_Average_Temperature_lag2,0.3301368621505474
squeezed_Bắc Kạn,Max_Average_Temperature_lag3,0.12093680123195223
squeezed_Bắc Kạn,Max_Average_Temperature_lag4,0.12007956620336359
squeezed_Bắc Kạn,Max_Average_Temperature_lag5,0.21879006356875352
squeezed_Bắc Kạn,Max_Average_Temperature_lag6,0.02678309469684061
squeezed_Bắc Kạn,Max_Average_Temperature_lag7,0.02278178093123848
squeezed_Bắc Kạn,Max_Average_Temperature_lag8,0.054563313612028874
squeezed_Bắc Kạn,Max_Average_Temperature_lag9,0.0055601698578039045
squeezed_Bắc Kạn,Max_Average_Temperature_lag10,0.02760821583170918
squeezed_Bắc Kạn,Max_Average_Temperature_lag11,0.08186776898542476
squeezed_Bắc Kạn,Max_Average_Temperature_lag12,0.06384839074604876
squeezed_Bắc Kạn,Min_Average_Temperature_lag1,0.03992025450829882
squeezed_Bắc Kạn,Min_Average_Temperature_lag2,0.10360302261327059
squeezed_Bắc Kạn,Min_Average_Temperature_lag3,0.03517773528602806
squeezed_Bắc Kạn,Min_Average_Temperature_lag4,0.22377750772930424
squeezed_Bắc Kạn,Min_Average_Temperature_lag5,0.03689403254269446
squeezed_Bắc Kạn,Min_Average_Temperature_lag6,0.011123317970981645
squeezed_Bắc Kạn,Min_Average_Temperature_lag7,0.1930127647459365
squeezed_Bắc Kạn,Min_Average_Temperature_lag8,0.015053255682736452
squeezed_Bắc Kạn,Min_Average_Temperature_lag9,0.010254843395440678
squeezed_Bắc Kạn,Min_Average_Temperature_lag10,0.013385105026022151
squeezed_Bắc Kạn,Min_Average_Temperature_lag11,0.18900048974131703
squeezed_Bắc Kạn,Min_Average_Temperature_lag12,0.2578143063770671
squeezed_Bắc Kạn,Max_Absolute_Temperature_lag1,0.322063706741522
squeezed_Bắc Kạn,Max_Absolute_Temperature_lag2,0.053462504258536596
squeezed_Bắc Kạn,Max_Absolute_Temperature_lag3,0.08297384930879946
squeezed_Bắc Kạn,Max_Absolute_Temperature_lag4,0.1288940334408392
squeezed_Bắc Kạn,Max_Absolute_Temperature_lag5,0.027996552585145964
squeezed_Bắc Kạn,Max_Absolute_Temperature_lag6,0.0068932434390287095
squeezed_Bắc Kạn,Max_Absolute_Temperature_lag7,0.058276179082356216
squeezed_Bắc Kạn,Max_Absolute_Temperature_lag8,0.01612548228979139
squeezed_Bắc Kạn,Max_Absolute_Temperature_lag9,0.0022950940934373686
squeezed_Bắc Kạn,Max_Absolute_Temperature_lag10,0.05429743087433999
squeezed_Bắc Kạn,Max_Absolute_Temperature_lag11,0.0691753153460542
squeezed_Bắc Kạn,Max_Absolute_Temperature_lag12,0.03923314384715652
squeezed_Bắc Kạn,Min_Absolute_Temperature_lag1,0.1128354065958548
squeezed_Bắc Kạn,Min_Absolute_Temperature_lag2,0.15065276297190625
squeezed_Bắc Kạn,Min_Absolute_Temperature_lag3,0.2799462797762608
squeezed_Bắc Kạn,Min_Absolute_Temperature_lag4,0.6509041310697649
squeezed_Bắc Kạn,Min_Absolute_Temperature_lag5,0.10807354809967472
squeezed_Bắc Kạn,Min_Absolute_Temperature_lag6,0.09146160569980682
squeezed_Bắc Kạn,Min_Absolute_Temperature_lag7,0.440925956744678
squeezed_Bắc Kạn,Min_Absolute_Temperature_lag8,0.16169825555506442
squeezed_Bắc Kạn,Min_Absolute_Temperature_lag9,0.014964491262310087
squeezed_Bắc Kạn,Min_Absolute_Temperature_lag10,0.016541107688734433
squeezed_Bắc Kạn,Min_Absolute_Temperature_lag11,0.028762526415773204
squeezed_Bắc Kạn,Min_Absolute_Temperature_lag12,0.9328065883589963
squeezed_Bắc Kạn,Average_Humidity_lag1,0.017259315576044366
squeezed_Bắc Kạn,Average_Humidity_lag2,0.009687974199066583
squeezed_Bắc Kạn,Average_Humidity_lag3,0.0008807588455800073
squeezed_Bắc Kạn,Average_Humidity_lag4,0.07417123977469411
squeezed_Bắc Kạn,Average_Humidity_lag5,0.12792332536456544
squeezed_Bắc Kạn,Average_Humidity_lag6,0.01022079290610847
squeezed_Bắc Kạn,Average_Humidity_lag7,0.06820686656872521
squeezed_Bắc Kạn,Average_Humidity_lag8,0.09844274881311339
squeezed_Bắc Kạn,Average_Humidity_lag9,0.0504834206273635
squeezed_Bắc Kạn,Average_Humidity_lag10,0.005946861344168864
squeezed_Bắc Kạn,Average_Humidity_lag11,0.03286426589233678
squeezed_Bắc Kạn,Average_Humidity_lag12,0.5047076668749512
squeezed_Bắc Kạn,Min_Humidity_lag1,0.03561809084401655
squeezed_Bắc Kạn,Min_Humidity_lag2,0.23232921348000923
squeezed_Bắc Kạn,Min_Humidity_lag3,0.11579460665724034
squeezed_Bắc Kạn,Min_Humidity_lag4,0.022951465148010566
squeezed_Bắc Kạn,Min_Humidity_lag5,0.006095438670673762
squeezed_Bắc Kạn,Min_Humidity_lag6,0.015226160766231173
squeezed_Bắc Kạn,Min_Humidity_lag7,0.12844166067317145
squeezed_Bắc Kạn,Min_Humidity_lag8,0.09066689487640901
squeezed_Bắc Kạn,Min_Humidity_lag9,0.013683030599435826
squeezed_Bắc Kạn,Min_Humidity_lag10,0.019019273409085567
squeezed_Bắc Kạn,Min_Humidity_lag11,0.18114607918629236
squeezed_Bắc Kạn,Min_Humidity_lag12,0.21806242862160277
squeezed_Bắc Kạn,n_hours_sunshine_lag1,0.14887587728971396
squeezed_Bắc Kạn,n_hours_sunshine_lag2,0.08585307548792247
squeezed_Bắc Kạn,n_hours_sunshine_lag3,0.03604261767444033
squeezed_Bắc Kạn,n_hours_sunshine_lag4,0.11240296546738428
squeezed_Bắc Kạn,n_hours_sunshine_lag5,0.00929036055490229
squeezed_Bắc Kạn,n_hours_sunshine_lag6,0.09499290592089797
squeezed_Bắc Kạn,n_hours_sunshine_lag7,0.03362540288524566
squeezed_Bắc Kạn,n_hours_sunshine_lag8,0.0362328630942842
squeezed_Bắc Kạn,n_hours_sunshine_lag9,0.00488967881828474
squeezed_Bắc Kạn,n_hours_sunshine_lag10,0.12520210157094852
squeezed_Bắc Kạn,n_hours_sunshine_lag11,0.016337084465478702
squeezed_Bắc Kạn,n_hours_sunshine_lag12,0.24286859724326124
squeezed_Bắc Kạn,population_male_lag1,0.0
squeezed_Bắc Kạn,population_male_lag2,0.015261143170351044
squeezed_Bắc Kạn,population_male_lag3,0.33816398982349144
squeezed_Bắc Kạn,population_male_lag4,0.03193571628660071
squeezed_Bắc Kạn,population_male_lag5,0.0
squeezed_Bắc Kạn,population_male_lag6,0.020319510793286175
squeezed_Bắc Kạn,population_male_lag7,0.004026737572041583
squeezed_Bắc Kạn,population_male_lag8,0.0
squeezed_Bắc Kạn,population_male_lag9,0.0
squeezed_Bắc Kạn,population_male_lag10,0.08976079529596538
squeezed_Bắc Kạn,population_male_lag11,0.0
squeezed_Bắc Kạn,population_male_lag12,0.16162961573854714
squeezed_Bắc Kạn,population_female_lag1,0.0
squeezed_Bắc Kạn,population_female_lag2,0.07438630459161825
squeezed_Bắc Kạn,population_female_lag3,0.0
squeezed_Bắc Kạn,population_female_lag4,0.0
squeezed_Bắc Kạn,population_female_lag5,0.013536067348518789
squeezed_Bắc Kạn,population_female_lag6,0.19127123726785544
squeezed_Bắc Kạn,population_female_lag7,0.0
squeezed_Bắc Kạn,population_female_lag8,0.0
squeezed_Bắc Kạn,population_female_lag9,0.016039347759981996
squeezed_Bắc Kạn,population_female_lag10,0.007036389239422296
squeezed_Bắc Kạn,population_female_lag11,0.0
squeezed_Bắc Kạn,population_female_lag12,0.0
squeezed_Bắc Kạn,population_urban_lag1,0.16126382672404094
squeezed_Bắc Kạn,population_urban_lag2,0.21005166403317857
squeezed_Bắc Kạn,population_urban_lag3,0.08155504404534908
squeezed_Bắc Kạn,population_urban_lag4,0.0027349171656455254
squeezed_Bắc Kạn,population_urban_lag5,0.1269768170097312
squeezed_Bắc Kạn,population_urban_lag6,0.020540141234809697
squeezed_Bắc Kạn,population_urban_lag7,0.05130009404870156
squeezed_Bắc Kạn,population_urban_lag8,0.0
squeezed_Bắc Kạn,population_urban_lag9,0.003905250916323808
squeezed_Bắc Kạn,population_urban_lag10,0.004415806941162546
squeezed_Bắc Kạn,population_urban_lag11,1.245554548017989
squeezed_Bắc Kạn,population_urban_lag12,0.12231758818202215
squeezed_Bắc Kạn,population_countryside_lag1,0.02294663300953022
squeezed_Bắc Kạn,population_countryside_lag2,0.01089461594161484
squeezed_Bắc Kạn,population_countryside_lag3,0.0976304356665188
squeezed_Bắc Kạn,population_countryside_lag4,0.014504133500150835
squeezed_Bắc Kạn,population_countryside_lag5,0.0
squeezed_Bắc Kạn,population_countryside_lag6,0.0070271908990829175
squeezed_Bắc Kạn,population_countryside_lag7,0.002457189485232884
squeezed_Bắc Kạn,population_countryside_lag8,0.0
squeezed_Bắc Kạn,population_countryside_lag9,0.0
squeezed_Bắc Kạn,population_countryside_lag10,0.0
squeezed_Bắc Kạn,population_countryside_lag11,0.017090438667259723
squeezed_Bắc Kạn,population_countryside_lag12,0.11053027881740174
squeezed_Bắc Kạn,Dengue_fever_rates_lag1,0.3594464751445113
squeezed_Bắc Kạn,Dengue_fever_rates_lag2,0.00944656587077519
squeezed_Bắc Kạn,Dengue_fever_rates_lag3,0.048300233484217824
squeezed_Bắc Kạn,Dengue_fever_rates_lag4,0.01559950858590243
squeezed_Bắc Kạn,Dengue_fever_rates_lag5,0.002225778775351857
squeezed_Bắc Kạn,Dengue_fever_rates_lag6,0.04234758909820179
squeezed_Bắc Kạn,Dengue_fever_rates_lag7,0.004513570002260911
squeezed_Bắc Kạn,Dengue_fever_rates_lag8,0.12595841431200383
squeezed_Bắc Kạn,Dengue_fever_rates_lag9,0.021535510639241345
squeezed_Bắc Kạn,Dengue_fever_rates_lag10,0.13216021346586496
squeezed_Bắc Kạn,Dengue_fever_rates_lag11,0.24188570844832372
squeezed_Bắc Kạn,Dengue_fever_rates_lag12,0.032564028053770754
squeezed_Bắc Kạn,Influenza_rates_lag1,0.08393876497127047
squeezed_Bắc Kạn,Influenza_rates_lag2,0.26193330943973886
squeezed_Bắc Kạn,Influenza_rates_lag3,0.13149599415913213
squeezed_Bắc Kạn,Influenza_rates_lag4,0.01541151654562307
squeezed_Bắc Kạn,Influenza_rates_lag5,0.11843140475034693
squeezed_Bắc Kạn,Influenza_rates_lag6,0.06410731137121822
squeezed_Bắc Kạn,Influenza_rates_lag7,0.08092795018947585
squeezed_Bắc Kạn,Influenza_rates_lag8,0.07142163095763059
squeezed_Bắc Kạn,Influenza_rates_lag9,0.024223452112293018
squeezed_Bắc Kạn,Influenza_rates_lag10,0.21103760085231268
squeezed_Bắc Kạn,Influenza_rates_lag11,0.22973612553946587
squeezed_Bắc Kạn,Influenza_rates_lag12,0.20226546427470768
squeezed_Bắc Kạn,Diarrhoea_rates_rollmean_3,8.304411351448922
squeezed_Bắc Kạn,Diarrhoea_rates_rollstd_3,0.12220761865238643
squeezed_Bắc Kạn,Diarrhoea_rates_rollmean_6,2.2205918890072422
squeezed_Bắc Kạn,Diarrhoea_rates_rollstd_6,0.0707402575088801
squeezed_Bắc Kạn,month_sin,2.3758972679289676
squeezed_Bắc Kạn,month_cos,0.9894237985807447
squeezed_Cao Bằng,Total_Evaporation,0.022914644181953298
squeezed_Cao Bằng,Total_Rainfall,0.06265350219911726
squeezed_Cao Bằng,Max_Daily_Rainfall,0.03844809570726136
squeezed_Cao Bằng,n_raining_days,0.05556301397951302
squeezed_Cao Bằng,Average_temperature,0.06862383038169713
squeezed_Cao Bằng,Max_Average_Temperature,0.12178685962344389
squeezed_Cao Bằng,Min_Average_Temperature,0.00972287513669412
squeezed_Cao Bằng,Max_Absolute_Temperature,0.057196038659863856
squeezed_Cao Bằng,Min_Absolute_Temperature,0.7621779114063295
squeezed_Cao Bằng,Average_Humidity,0.011441855917594446
squeezed_Cao Bằng,Min_Humidity,0.2084357659822134
squeezed_Cao Bằng,n_hours_sunshine,0.1968443201398176
squeezed_Cao Bằng,population_male,0.02619554248920311
squeezed_Cao Bằng,population_female,0.04472361360105918
squeezed_Cao Bằng,population_urban,0.14111232207299526
squeezed_Cao Bằng,population_countryside,0.014631411723188352
squeezed_Cao Bằng,Diarrhoea_rates,26.32550513437486
squeezed_Cao Bằng,Diarrhoea_rates_lag1,11.090169661971643
squeezed_Cao Bằng,Diarrhoea_rates_lag2,0.6400861534299122
squeezed_Cao Bằng,Diarrhoea_rates_lag3,0.30762050039570726
squeezed_Cao Bằng,Diarrhoea_rates_lag4,2.449696155071558
squeezed_Cao Bằng,Diarrhoea_rates_lag5,1.6793722422209258
squeezed_Cao Bằng,Diarrhoea_rates_lag6,0.39503405063665414
squeezed_Cao Bằng,Diarrhoea_rates_lag7,0.4289757436596328
squeezed_Cao Bằng,Diarrhoea_rates_lag8,1.279855365300391
squeezed_Cao Bằng,Diarrhoea_rates_lag9,0.9733702480781274
squeezed_Cao Bằng,Diarrhoea_rates_lag10,0.5074852487361005
squeezed_Cao Bằng,Diarrhoea_rates_lag11,0.4913825556140676
squeezed_Cao Bằng,Diarrhoea_rates_lag12,1.4575872703945505
squeezed_Cao Bằng,Total_Evaporation_lag1,0.0146922778446002
squeezed_Cao Bằng,Total_Evaporation_lag2,0.3632013074833018
squeezed_Cao Bằng,Total_Evaporation_lag3,0.05574955522896665
squeezed_Cao Bằng,Total_Evaporation_lag4,0.01075791043623169
squeezed_Cao Bằng,Total_Evaporation_lag5,0.05261775122435858
squeezed_Cao Bằng,Total_Evaporation_lag6,0.019895903125849004
squeezed_Cao Bằng,Total_Evaporation_lag7,0.02792663977145339
squeezed_Cao Bằng,Total_Evaporation_lag8,0.12215613016157588
squeezed_Cao Bằng,Total_Evaporation_lag9,0.023785908471896596
squeezed_Cao Bằng,Total_Evaporation_lag10,0.0
squeezed_Cao Bằng,Total_Evaporation_lag11,0.23594365984854496
squeezed_Cao Bằng,Total_Evaporation_lag12,0.06977131834416807
squeezed_Cao Bằng,Total_Rainfall_lag1,0.24455952052198993
squeezed_Cao Bằng,Total_Rainfall_lag2,0.7892167849700877
squeezed_Cao Bằng,Total_Rainfall_lag3,0.05228369930905704
squeezed_Cao Bằng,Total_Rainfall_lag4,0.19027055870778745
squeezed_Cao Bằng,Total_Rainfall_lag5,0.006739509432517326
squeezed_Cao Bằng,Total_Rainfall_lag6,0.03922135626672713
squeezed_Cao Bằng,Total_Rainfall_lag7,0.05109923724131679
squeezed_Cao Bằng,Total_Rainfall_lag8,0.013202089648472406
squeezed_Cao Bằng,Total_Rainfall_lag9,0.2508931244614104
squeezed_Cao Bằng,Total_Rainfall_lag10,0.13298644537305948
squeezed_Cao Bằng,Total_Rainfall_lag11,0.17687998123951865
squeezed_Cao Bằng,Total_Rainfall_lag12,0.030841576785052543
squeezed_Cao Bằng,Max_Daily_Rainfall_lag1,0.17916911596559568
squeezed_Cao Bằng,Max_Daily_Rainfall_lag2,0.1751868461912123
squeezed_Cao Bằng,Max_Daily_Rainfall_lag3,0.013944727279164877
squeezed_Cao Bằng,Max_Daily_Rainfall_lag4,0.11039492144075864
squeezed_Cao Bằng,Max_Daily_Rainfall_lag5,0.014288581930876626
squeezed_Cao Bằng,Max_Daily_Rainfall_lag6,0.02675988161599388
squeezed_Cao Bằng,Max_Daily_Rainfall_lag7,0.015433522633658771
squeezed_Cao Bằng,Max_Daily_Rainfall_lag8,0.2301757853053242
squeezed_Cao Bằng,Max_Daily_Rainfall_lag9,0.14310048426329286
squeezed_Cao Bằng,Max_Daily_Rainfall_lag10,0.0553433512415392
squeezed_Cao Bằng,Max_Daily_Rainfall_lag11,0.09537809892664545
squeezed_Cao Bằng,Max_Daily_Rainfall_lag12,0.18813895971573613
squeezed_Cao Bằng,n_raining_days_lag1,0.008740033781624981
squeezed_Cao Bằng,n_raining_days_lag2,0.14406918343488004
squeezed_Cao Bằng,n_raining_days_lag3,0.025152524849292132
squeezed_Cao Bằng,n_raining_days_lag4,0.02586674338644188
squeezed_Cao Bằng,n_raining_days_lag5,0.020063364652832306
squeezed_Cao Bằng,n_raining_days_lag6,0.004824067434164363
squeezed_Cao Bằng,n_raining_days_lag7,0.0
squeezed_Cao Bằng,n_raining_days_lag8,0.10235001522807231
squeezed_Cao Bằng,n_raining_days_lag9,0.0825265110383894
squeezed_Cao Bằng,n_raining_days_lag10,0.1101002131419911
squeezed_Cao Bằng,n_raining_days_lag11,0.022783560146881834
squeezed_Cao Bằng,n_raining_days_lag12,0.06462111975947105
squeezed_Cao Bằng,Average_temperature_lag1,0.12805501858723523
squeezed_Cao Bằng,Average_temperature_lag2,0.0
squeezed_Cao Bằng,Average_temperature_lag3,0.1427679355777425
squeezed_Cao Bằng,Average_temperature_lag4,0.04362918792056727
squeezed_Cao Bằng,Average_temperature_lag5,0.1691658854668897
squeezed_Cao Bằng,Average_temperature_lag6,0.05772727360509639
squeezed_Cao Bằng,Average_temperature_lag7,0.29680467855993015
squeezed_Cao Bằng,Average_temperature_lag8,0.04030774764523825
squeezed_Cao Bằng,Average_temperature_lag9,0.04338803874239173
squeezed_Cao Bằng,Average_temperature_lag10,0.033305670648787124
squeezed_Cao Bằng,Average_temperature_lag11,0.1436098913291524
squeezed_Cao Bằng,Average_temperature_lag12,0.047707506359345515
squeezed_Cao Bằng,Max_Average_Temperature_lag1,0.17763589580074735
squeezed_Cao Bằng,Max_Average_Temperature_lag2,0.41063169013607753
squeezed_Cao Bằng,Max_Average_Temperature_lag3,0.2647368160492021
squeezed_Cao Bằng,Max_Average_Temperature_lag4,0.019691551718932183
squeezed_Cao Bằng,Max_Average_Temperature_lag5,0.3635881603785665
squeezed_Cao Bằng,Max_Average_Temperature_lag6,0.054593785679668445
squeezed_Cao Bằng,Max_Average_Temperature_lag7,0.04942327998546089
squeezed_Cao Bằng,Max_Average_Temperature_lag8,0.19603772408048617
squeezed_Cao Bằng,Max_Average_Temperature_lag9,0.05253324507696016
squeezed_Cao Bằng,Max_Average_Temperature_lag10,0.10134194553465499
squeezed_Cao Bằng,Max_Average_Temperature_lag11,0.15103353595516952
squeezed_Cao Bằng,Max_Average_Temperature_lag12,0.08577745059720321
squeezed_Cao Bằng,Min_Average_Temperature_lag1,0.03934614273213211
squeezed_Cao Bằng,Min_Average_Temperature_lag2,0.12341060010246376
squeezed_Cao Bằng,Min_Average_Temperature_lag3,0.01947426276552546
squeezed_Cao Bằng,Min_Average_Temperature_lag4,0.3575898938016305
squeezed_Cao Bằng,Min_Average_Temperature_lag5,0.08346804968683712
squeezed_Cao Bằng,Min_Average_Temperature_lag6,0.016792681050057684
squeezed_Cao Bằng,Min_Average_Temperature_lag7,0.4117490753545683
squeezed_Cao Bằng,Min_Average_Temperature_lag8,0.048677610000274145
squeezed_Cao Bằng,Min_Average_Temperature_lag9,0.004925258177685014
squeezed_Cao Bằng,Min_Average_Temperature_lag10,0.027886813526615675
squeezed_Cao Bằng,Min_Average_Temperature_lag11,0.19805581552061388
squeezed_Cao Bằng,Min_Average_Temperature_lag12,0.237583041246098
squeezed_Cao Bằng,Max_Absolute_Temperature_lag1,0.2345482893062867
squeezed_Cao Bằng,Max_Absolute_Temperature_lag2,0.21211616593284602
squeezed_Cao Bằng,Max_Absolute_Temperature_lag3,0.26240586573061775
squeezed_Cao Bằng,Max_Absolute_Temperature_lag4,0.5417632681293837
squeezed_Cao Bằng,Max_Absolute_Temperature_lag5,0.16521596425641358
squeezed_Cao Bằng,Max_Absolute_Temperature_lag6,0.005965695246297714
squeezed_Cao Bằng,Max_Absolute_Temperature_lag7,0.12767981237755946
squeezed_Cao Bằng,Max_Absolute_Temperature_lag8,0.02113103549810469
squeezed_Cao Bằng,Max_Absolute_Temperature_lag9,0.001567507760893045
squeezed_Cao Bằng,Max_Absolute_Temperature_lag10,0.2530991122099025
squeezed_Cao Bằng,Max_Absolute_Temperature_lag11,0.0942551294796773
squeezed_Cao Bằng,Max_Absolute_Temperature_lag12,0.11015163045799363
squeezed_Cao Bằng,Min_Absolute_Temperature_lag1,0.09605097935629892
squeezed_Cao Bằng,Min_Absolute_Temperature_lag2,0.3054006939382096
squeezed_Cao Bằng,Min_Absolute_Temperature_lag3,0.4178563950312269
squeezed_Cao Bằng,Min_Absolute_Temperature_lag4,0.5883372367523535
squeezed_Cao Bằng,Min_Absolute_Temperature_lag5,0.23141357901832668
squeezed_Cao Bằng,Min_Absolute_Temperature_lag6,0.11371838810835448
squeezed_Cao Bằng,Min_Absolute_Temperature_lag7,0.34592760367633435
squeezed_Cao Bằng,Min_Absolute_Temperature_lag8,0.12896338960569578
squeezed_Cao Bằng,Min_Absolute_Temperature_lag9,0.02645856111314653
squeezed_Cao Bằng,Min_Absolute_Temperature_lag10,0.057283650853751956
squeezed_Cao Bằng,Min_Absolute_Temperature_lag11,0.019310775949652043
squeezed_Cao Bằng,Min_Absolute_Temperature_lag12,1.2213537666594818
squeezed_Cao Bằng,Average_Humidity_lag1,0.020218974363168937
squeezed_Cao Bằng,Average_Humidity_lag2,0.02442033311683425
squeezed_Cao Bằng,Average_Humidity_lag3,0.0017250199416902186
squeezed_Cao Bằng,Average_Humidity_lag4,0.07417123977469411
squeezed_Cao Bằng,Average_Humidity_lag5,0.10500662389529856
squeezed_Cao Bằng,Average_Humidity_lag6,0.011150050702282616
squeezed_Cao Bằng,Average_Humidity_lag7,0.11734080338245446
squeezed_Cao Bằng,Average_Humidity_lag8,0.1329641188960846
squeezed_Cao Bằng,Average_Humidity_lag9,0.05428350821330686
squeezed_Cao Bằng,Average_Humidity_lag10,0.014893219344662943
squeezed_Cao Bằng,Average_Humidity_lag11,0.03082774080028138
squeezed_Cao Bằng,Average_Humidity_lag12,0.065527243515924
squeezed_Cao Bằng,Min_Humidity_lag1,0.03726293544005546
squeezed_Cao Bằng,Min_Humidity_lag2,0.1484360914640916
squeezed_Cao Bằng,Min_Humidity_lag3,0.3500271123731498
squeezed_Cao Bằng,Min_Humidity_lag4,0.027787521209401502
squeezed_Cao Bằng,Min_Humidity_lag5,0.015367789424395699
squeezed_Cao Bằng,Min_Humidity_lag6,0.023311991660229275
squeezed_Cao Bằng,Min_Humidity_lag7,0.1554001641108206
squeezed_Cao Bằng,Min_Humidity_lag8,0.09354857723726369
squeezed_Cao Bằng,Min_Humidity_lag9,0.016433541226576694
squeezed_Cao Bằng,Min_Humidity_lag10,0.07564169097416816
squeezed_Cao Bằng,Min_Humidity_lag11,0.12422214809416482
squeezed_Cao Bằng,Min_Humidity_lag12,0.15863949310796396
squeezed_Cao Bằng,n_hours_sunshine_lag1,0.04991565095208405
squeezed_Cao Bằng,n_hours_sunshine_lag2,0.09210206958983479
squeezed_Cao Bằng,n_hours_sunshine_lag3,0.03039801516791628
squeezed_Cao Bằng,n_hours_sunshine_lag4,0.12146621208552955
squeezed_Cao Bằng,n_hours_sunshine_lag5,0.054071318036146405
squeezed_Cao Bằng,n_hours_sunshine_lag6,0.12005315481725558
squeezed_Cao Bằng,n_hours_sunshine_lag7,0.04827118029522263
squeezed_Cao Bằng,n_hours_sunshine_lag8,0.023349764534697153
squeezed_Cao Bằng,n_hours_sunshine_lag9,0.006551195307625837
squeezed_Cao Bằng,n_hours_sunshine_lag10,0.10377077448553261
squeezed_Cao Bằng,n_hours_sunshine_lag11,0.026814292046658295
squeezed_Cao Bằng,n_hours_sunshine_lag12,0.23543677119062223
squeezed_Cao Bằng,population_male_lag1,0.0
squeezed_Cao Bằng,population_male_lag2,0.010526692293400577
squeezed_Cao Bằng,population_male_lag3,0.006711768395442821
squeezed_Cao Bằng,population_male_lag4,0.030933613652435837
squeezed_Cao Bằng,population_male_lag5,0.0
squeezed_Cao Bằng,population_male_lag6,0.0008259327011784324
squeezed_Cao Bằng,population_male_lag7,0.0039099097783281056
squeezed_Cao Bằng,population_male_lag8,0.0
squeezed_Cao Bằng,population_male_lag9,0.0
squeezed_Cao Bằng,population_male_lag10,0.161989416395058
squeezed_Cao Bằng,population_male_lag11,0.0
squeezed_Cao Bằng,population_male_lag12,0.013511994294733829
squeezed_Cao Bằng,population_female_lag1,0.0
squeezed_Cao Bằng,population_female_lag2,0.022208389181604647
squeezed_Cao Bằng,population_female_lag3,0.0
squeezed_Cao Bằng,population_female_lag4,0.0
squeezed_Cao Bằng,population_female_lag5,0.013424854677171472
squeezed_Cao Bằng,population_female_lag6,0.27163748525353376
squeezed_Cao Bằng,population_female_lag7,0.0
squeezed_Cao Bằng,population_female_lag8,0.0
squeezed_Cao Bằng,population_female_lag9,0.024367071944099577
squeezed_Cao Bằng,population_female_lag10,0.006829684587614388
squeezed_Cao Bằng,population_female_lag11,0.0
squeezed_Cao Bằng,population_female_lag12,0.0
squeezed_Cao Bằng,population_urban_lag1,0.14331435374775256
squeezed_Cao Bằng,population_urban_lag2,0.11097667371264218
squeezed_Cao Bằng,population_urban_lag3,0.006057297972229938
squeezed_Cao Bằng,population_urban_lag4,0.0027428863999491935
squeezed_Cao Bằng,population_urban_lag5,0.08334031542502303
squeezed_Cao Bằng,population_urban_lag6,0.020540141234809697
squeezed_Cao Bằng,population_urban_lag7,0.21639910004041576
squeezed_Cao Bằng,population_urban_lag8,0.0
squeezed_Cao Bằng,population_urban_lag9,0.0030509772783779755
squeezed_Cao Bằng,population_urban_lag10,0.0014745897351836031
squeezed_Cao Bằng,population_urban_lag11,0.7635975581443043
squeezed_Cao Bằng,population_urban_lag12,0.06286349063302149
squeezed_Cao Bằng,population_countryside_lag1,0.00649943449506386
squeezed_Cao Bằng,population_countryside_lag2,0.013853112406915715
squeezed_Cao Bằng,population_countryside_lag3,0.004009464352134788
squeezed_Cao Bằng,population_countryside_lag4,0.013209760139339914
squeezed_Cao Bằng,population_countryside_lag5,0.0
squeezed_Cao Bằng,population_countryside_lag6,0.007176814855116895
squeezed_Cao Bằng,population_countryside_lag7,0.002347344824707813
squeezed_Cao Bằng,population_countryside_lag8,0.0
squeezed_Cao Bằng,population_countryside_lag9,0.0
squeezed_Cao Bằng,population_countryside_lag10,0.0
squeezed_Cao Bằng,population_countryside_lag11,0.05213117247986832
squeezed_Cao Bằng,population_countryside_lag12,0.022277652077874466
squeezed_Cao Bằng,Dengue_fever_rates_lag1,0.352379033356587
squeezed_Cao Bằng,Dengue_fever_rates_lag2,0.008936177761717798
squeezed_Cao Bằng,Dengue_fever_rates_lag3,0.07263352158051549
squeezed_Cao Bằng,Dengue_fever_rates_lag4,0.011499365004462532
squeezed_Cao Bằng,Dengue_fever_rates_lag5,0.0019202797277545428
squeezed_Cao Bằng,Dengue_fever_rates_lag6,0.03934669131264608
squeezed_Cao Bằng,Dengue_fever_rates_lag7,0.004779020048932309
squeezed_Cao Bằng,Dengue_fever_rates_lag8,0.07035140738243302
squeezed_Cao Bằng,Dengue_fever_rates_lag9,0.014325021384055026
squeezed_Cao Bằng,Dengue_fever_rates_lag10,0.12164180752125264
squeezed_Cao Bằng,Dengue_fever_rates_lag11,0.16150913047162774
squeezed_Cao Bằng,Dengue_fever_rates_lag12,0.010680282786649823
squeezed_Cao Bằng,Influenza_rates_lag1,0.08932866901231147
squeezed_Cao Bằng,Influenza_rates_lag2,0.3168335440013049
squeezed_Cao Bằng,Influenza_rates_lag3,0.1533025653125882
squeezed_Cao Bằng,Influenza_rates_lag4,0.09243303046897815
squeezed_Cao Bằng,Influenza_rates_lag5,0.10709881715705516
squeezed_Cao Bằng,Influenza_rates_lag6,0.14714429714073882
squeezed_Cao Bằng,Influenza_rates_lag7,0.2128496289684029
squeezed_Cao Bằng,Influenza_rates_lag8,0.08039665612533835
squeezed_Cao Bằng,Influenza_rates_lag9,0.027014748717020805
squeezed_Cao Bằng,Influenza_rates_lag10,0.1872707430305256
squeezed_Cao Bằng,Influenza_rates_lag11,0.1688551950332666
squeezed_Cao Bằng,Influenza_rates_lag12,0.19550128505177464
squeezed_Cao Bằng,Diarrhoea_rates_rollmean_3,5.175946291535358
squeezed_Cao Bằng,Diarrhoea_rates_rollstd_3,0.17567465004686977
squeezed_Cao Bằng,Diarrhoea_rates_rollmean_6,1.1559369195140088
squeezed_Cao Bằng,Diarrhoea_rates_rollstd_6,0.07315707166315528
squeezed_Cao Bằng,month_sin,2.4334917795134543
squeezed_Cao Bằng,month_cos,1.5709759572255504
squeezed_Cà Mau,Total_Evaporation,0.021527560109550172
squeezed_Cà Mau,Total_Rainfall,0.04489701276621961
squeezed_Cà Mau,Max_Daily_Rainfall,0.03935282219046019
squeezed_Cà Mau,n_raining_days,0.09169599409401431
squeezed_Cà Mau,Average_temperature,0.0023408853708446068
squeezed_Cà Mau,Max_Average_Temperature,0.06938541452139321
squeezed_Cà Mau,Min_Average_Temperature,0.01502423618707646
squeezed_Cà Mau,Max_Absolute_Temperature,0.03830817777194739
squeezed_Cà Mau,Min_Absolute_Temperature,0.4167124511376716
squeezed_Cà Mau,Average_Humidity,0.01837334015817298
squeezed_Cà Mau,Min_Humidity,0.056465962334840504
squeezed_Cà Mau,n_hours_sunshine,0.18255836754418775
squeezed_Cà Mau,population_male,0.026251198625160215
squeezed_Cà Mau,population_female,0.0076738932111422645
squeezed_Cà Mau,population_urban,0.13187428297237755
squeezed_Cà Mau,population_countryside,0.05090186062709648
squeezed_Cà Mau,Diarrhoea_rates,37.21839157284666
squeezed_Cà Mau,Diarrhoea_rates_lag1,12.019139822710699
squeezed_Cà Mau,Diarrhoea_rates_lag2,1.685754751096349
squeezed_Cà Mau,Diarrhoea_rates_lag3,0.0945181841856908
squeezed_Cà Mau,Diarrhoea_rates_lag4,2.5150239803392167
squeezed_Cà Mau,Diarrhoea_rates_lag5,0.8775346151392314
squeezed_Cà Mau,Diarrhoea_rates_lag6,1.3915391856892854
squeezed_Cà Mau,Diarrhoea_rates_lag7,0.16216505449021767
squeezed_Cà Mau,Diarrhoea_rates_lag8,0.498591005703433
squeezed_Cà Mau,Diarrhoea_rates_lag9,0.23198156804052752
squeezed_Cà Mau,Diarrhoea_rates_lag10,0.718554236299289
squeezed_Cà Mau,Diarrhoea_rates_lag11,1.361656639661484
squeezed_Cà Mau,Diarrhoea_rates_lag12,0.46792670628971345
squeezed_Cà Mau,Total_Evaporation_lag1,0.027862425209339573
squeezed_Cà Mau,Total_Evaporation_lag2,0.2774350870058321
squeezed_Cà Mau,Total_Evaporation_lag3,0.048879913719154094
squeezed_Cà Mau,Total_Evaporation_lag4,0.010747687559672757
squeezed_Cà Mau,Total_Evaporation_lag5,0.040364408979157
squeezed_Cà Mau,Total_Evaporation_lag6,0.2720823736193049
squeezed_Cà Mau,Total_Evaporation_lag7,0.014257474101656347
squeezed_Cà Mau,Total_Evaporation_lag8,0.07661447669341137
squeezed_Cà Mau,Total_Evaporation_lag9,0.016468988215494397
squeezed_Cà Mau,Total_Evaporation_lag10,0.0
squeezed_Cà Mau,Total_Evaporation_lag11,0.14488633707461657
squeezed_Cà Mau,Total_Evaporation_lag12,0.06653566065356857
squeezed_Cà Mau,Total_Rainfall_lag1,0.5776632508446203
squeezed_Cà Mau,Total_Rainfall_lag2,0.5836353340348216
squeezed_Cà Mau,Total_Rainfall_lag3,0.10720062367057577
squeezed_Cà Mau,Total_Rainfall_lag4,0.08025714146307673
squeezed_Cà Mau,Total_Rainfall_lag5,0.01512663806242351
squeezed_Cà Mau,Total_Rainfall_lag6,0.04947336310192827
squeezed_Cà Mau,Total_Rainfall_lag7,0.057442913044595256
squeezed_Cà Mau,Total_Rainfall_lag8,0.0320262807785877
squeezed_Cà Mau,Total_Rainfall_lag9,0.18564469326722274
squeezed_Cà Mau,Total_Rainfall_lag10,0.24141914312021995
squeezed_Cà Mau,Total_Rainfall_lag11,0.33119661991475674
squeezed_Cà Mau,Total_Rainfall_lag12,0.03353843764147001
squeezed_Cà Mau,Max_Daily_Rainfall_lag1,0.10622000460237994
squeezed_Cà Mau,Max_Daily_Rainfall_lag2,0.16187505402348792
squeezed_Cà Mau,Max_Daily_Rainfall_lag3,0.01467514557434566
squeezed_Cà Mau,Max_Daily_Rainfall_lag4,0.04858849023995381
squeezed_Cà Mau,Max_Daily_Rainfall_lag5,0.029626271365076864
squeezed_Cà Mau,Max_Daily_Rainfall_lag6,0.041640003513179445
squeezed_Cà Mau,Max_Daily_Rainfall_lag7,0.01970209686906075
squeezed_Cà Mau,Max_Daily_Rainfall_lag8,0.31618347267414465
squeezed_Cà Mau,Max_Daily_Rainfall_lag9,0.2361619929578165
squeezed_Cà Mau,Max_Daily_Rainfall_lag10,0.04487355361299473
squeezed_Cà Mau,Max_Daily_Rainfall_lag11,0.24736957395501535
squeezed_Cà Mau,Max_Daily_Rainfall_lag12,0.1571499557198793
squeezed_Cà Mau,n_raining_days_lag1,0.028868948946373135
squeezed_Cà Mau,n_raining_days_lag2,0.16153703892833485
squeezed_Cà Mau,n_raining_days_lag3,0.024864604051546866
squeezed_Cà Mau,n_raining_days_lag4,0.048518436456967066
squeezed_Cà Mau,n_raining_days_lag5,0.0032680954232542515
squeezed_Cà Mau,n_raining_days_lag6,0.005525518385575339
squeezed_Cà Mau,n_raining_days_lag7,0.0
squeezed_Cà Mau,n_raining_days_lag8,0.06156731805524259
squeezed_Cà Mau,n_raining_days_lag9,0.11848201546832943
squeezed_Cà Mau,n_raining_days_lag10,0.14179415866999934
squeezed_Cà Mau,n_raining_days_lag11,0.007802318053357439
squeezed_Cà Mau,n_raining_days_lag12,0.1034053160672223
squeezed_Cà Mau,Average_temperature_lag1,0.042517971679002266
squeezed_Cà Mau,Average_temperature_lag2,0.0
squeezed_Cà Mau,Average_temperature_lag3,0.10330038862064224
squeezed_Cà Mau,Average_temperature_lag4,0.0038461934743356818
squeezed_Cà Mau,Average_temperature_lag5,0.0034225906746062607
squeezed_Cà Mau,Average_temperature_lag6,0.06535146042145894
squeezed_Cà Mau,Average_temperature_lag7,0.10383931935940864
squeezed_Cà Mau,Average_temperature_lag8,0.0821485731080428
squeezed_Cà Mau,Average_temperature_lag9,0.04281030924659016
squeezed_Cà Mau,Average_temperature_lag10,0.014124678423860873
squeezed_Cà Mau,Average_temperature_lag11,0.02410770572506944
squeezed_Cà Mau,Average_temperature_lag12,0.013042312365353916
squeezed_Cà Mau,Max_Average_Temperature_lag1,0.057531115708554376
squeezed_Cà Mau,Max_Average_Temperature_lag2,0.1278463341562157
squeezed_Cà Mau,Max_Average_Temperature_lag3,0.0782756638393627
squeezed_Cà Mau,Max_Average_Temperature_lag4,0.007026483468018765
squeezed_Cà Mau,Max_Average_Temperature_lag5,0.2085281086193432
squeezed_Cà Mau,Max_Average_Temperature_lag6,0.01782784047563231
squeezed_Cà Mau,Max_Average_Temperature_lag7,0.027854352590700373
squeezed_Cà Mau,Max_Average_Temperature_lag8,0.15152612448214098
squeezed_Cà Mau,Max_Average_Temperature_lag9,0.008787378105593923
squeezed_Cà Mau,Max_Average_Temperature_lag10,0.05412791107530398
squeezed_Cà Mau,Max_Average_Temperature_lag11,0.10049580349996111
squeezed_Cà Mau,Max_Average_Temperature_lag12,0.1404166386279417
squeezed_Cà Mau,Min_Average_Temperature_lag1,0.013916896566421309
squeezed_Cà Mau,Min_Average_Temperature_lag2,0.03948882347184085
squeezed_Cà Mau,Min_Average_Temperature_lag3,0.14104026555683538
squeezed_Cà Mau,Min_Average_Temperature_lag4,0.20675748937306979
squeezed_Cà Mau,Min_Average_Temperature_lag5,0.012374432350082565
squeezed_Cà Mau,Min_Average_Temperature_lag6,0.040300988328917355
squeezed_Cà Mau,Min_Average_Temperature_lag7,0.06706731933509869
squeezed_Cà Mau,Min_Average_Temperature_lag8,0.01073880446264549
squeezed_Cà Mau,Min_Average_Temperature_lag9,0.007841273232165009
squeezed_Cà Mau,Min_Average_Temperature_lag10,0.022058156518196145
squeezed_Cà Mau,Min_Average_Temperature_lag11,0.05502143442493749
squeezed_Cà Mau,Min_Average_Temperature_lag12,0.09374644110422763
squeezed_Cà Mau,Max_Absolute_Temperature_lag1,0.13894892864618782
squeezed_Cà Mau,Max_Absolute_Temperature_lag2,0.02660753474464696
squeezed_Cà Mau,Max_Absolute_Temperature_lag3,0.022485020241042496
squeezed_Cà Mau,Max_Absolute_Temperature_lag4,0.10466695443562389
squeezed_Cà Mau,Max_Absolute_Temperature_lag5,0.016174603986983976
squeezed_Cà Mau,Max_Absolute_Temperature_lag6,0.038647774345693504
squeezed_Cà Mau,Max_Absolute_Temperature_lag7,0.038512448274408584
squeezed_Cà Mau,Max_Absolute_Temperature_lag8,0.017195276421553923
squeezed_Cà Mau,Max_Absolute_Temperature_lag9,0.0022480760760712833
squeezed_Cà Mau,Max_Absolute_Temperature_lag10,0.05753517602972002
squeezed_Cà Mau,Max_Absolute_Temperature_lag11,0.059498558706888256
squeezed_Cà Mau,Max_Absolute_Temperature_lag12,0.046664675764490175
squeezed_Cà Mau,Min_Absolute_Temperature_lag1,0.08188730679900645
squeezed_Cà Mau,Min_Absolute_Temperature_lag2,0.18927386060441384
squeezed_Cà Mau,Min_Absolute_Temperature_lag3,0.07139761448417814
squeezed_Cà Mau,Min_Absolute_Temperature_lag4,0.315308252503211
squeezed_Cà Mau,Min_Absolute_Temperature_lag5,0.033212510112962786
squeezed_Cà Mau,Min_Absolute_Temperature_lag6,0.016833245127118063
squeezed_Cà Mau,Min_Absolute_Temperature_lag7,0.01552852422436085
squeezed_Cà Mau,Min_Absolute_Temperature_lag8,0.1257144185746142
squeezed_Cà Mau,Min_Absolute_Temperature_lag9,0.01590878033851335
squeezed_Cà Mau,Min_Absolute_Temperature_lag10,0.012008032086494374
squeezed_Cà Mau,Min_Absolute_Temperature_lag11,0.014366123503303038
squeezed_Cà Mau,Min_Absolute_Temperature_lag12,0.20050794092564792
squeezed_Cà Mau,Average_Humidity_lag1,0.01798258219449123
squeezed_Cà Mau,Average_Humidity_lag2,0.024480008422308283
squeezed_Cà Mau,Average_Humidity_lag3,0.0008301070837203451
squeezed_Cà Mau,Average_Humidity_lag4,0.09618130534043479
squeezed_Cà Mau,Average_Humidity_lag5,0.06889333354591638
squeezed_Cà Mau,Average_Humidity_lag6,0.005108657501238686
squeezed_Cà Mau,Average_Humidity_lag7,0.00881352507439874
squeezed_Cà Mau,Average_Humidity_lag8,0.07536339619933086
squeezed_Cà Mau,Average_Humidity_lag9,0.03340755761361793
squeezed_Cà Mau,Average_Humidity_lag10,0.004906177872425932
squeezed_Cà Mau,Average_Humidity_lag11,0.04966231229518395
squeezed_Cà Mau,Average_Humidity_lag12,0.07441100802604945
squeezed_Cà Mau,Min_Humidity_lag1,0.011753148920395211
squeezed_Cà Mau,Min_Humidity_lag2,0.058004272202727976
squeezed_Cà Mau,Min_Humidity_lag3,0.050071102793334765
squeezed_Cà Mau,Min_Humidity_lag4,0.016483532180400346
squeezed_Cà Mau,Min_Humidity_lag5,0.021147403922085792
squeezed_Cà Mau,Min_Humidity_lag6,0.008276938926932936
squeezed_Cà Mau,Min_Humidity_lag7,0.11712300721537099
squeezed_Cà Mau,Min_Humidity_lag8,0.013736765029761164
squeezed_Cà Mau,Min_Humidity_lag9,0.015011554540529146
squeezed_Cà Mau,Min_Humidity_lag10,0.0058938292222985396
squeezed_Cà Mau,Min_Humidity_lag11,0.13616923262550398
squeezed_Cà Mau,Min_Humidity_lag12,0.032353383600642854
squeezed_Cà Mau,n_hours_sunshine_lag1,0.06774607575702725
squeezed_Cà Mau,n_hours_sunshine_lag2,0.1889814994229644
squeezed_Cà Mau,n_hours_sunshine_lag3,0.025390812639919186
squeezed_Cà Mau,n_hours_sunshine_lag4,0.3099839750004951
squeezed_Cà Mau,n_hours_sunshine_lag5,0.008647399804806779
squeezed_Cà Mau,n_hours_sunshine_lag6,0.10281591958205656
squeezed_Cà Mau,n_hours_sunshine_lag7,0.07027277553067673
squeezed_Cà Mau,n_hours_sunshine_lag8,0.19787363281544756
squeezed_Cà Mau,n_hours_sunshine_lag9,0.029520266433211328
squeezed_Cà Mau,n_hours_sunshine_lag10,0.0248901431398111
squeezed_Cà Mau,n_hours_sunshine_lag11,0.037510570781340874
squeezed_Cà Mau,n_hours_sunshine_lag12,0.07662769815469282
squeezed_Cà Mau,population_male_lag1,0.0
squeezed_Cà Mau,population_male_lag2,0.05099225796871284
squeezed_Cà Mau,population_male_lag3,0.005817800995021045
squeezed_Cà Mau,population_male_lag4,0.278787008651691
squeezed_Cà Mau,population_male_lag5,0.0
squeezed_Cà Mau,population_male_lag6,0.001040004002301863
squeezed_Cà Mau,population_male_lag7,0.003225820940691786
squeezed_Cà Mau,population_male_lag8,0.0
squeezed_Cà Mau,population_male_lag9,0.0
squeezed_Cà Mau,population_male_lag10,0.302227136250598
squeezed_Cà Mau,population_male_lag11,0.0
squeezed_Cà Mau,population_male_lag12,0.011178297478360737
squeezed_Cà Mau,population_female_lag1,0.0
squeezed_Cà Mau,population_female_lag2,0.005216398089286437
squeezed_Cà Mau,population_female_lag3,0.0
squeezed_Cà Mau,population_female_lag4,0.0
squeezed_Cà Mau,population_female_lag5,0.00825628493678235
squeezed_Cà Mau,population_female_lag6,0.03413816546563291
squeezed_Cà Mau,population_female_lag7,0.0
squeezed_Cà Mau,population_female_lag8,0.0
squeezed_Cà Mau,population_female_lag9,0.00116056381306335
squeezed_Cà Mau,population_female_lag10,0.003023717156074315
squeezed_Cà Mau,population_female_lag11,0.0
squeezed_Cà Mau,population_female_lag12,0.0
squeezed_Cà Mau,population_urban_lag1,0.1409287190708685
squeezed_Cà Mau,population_urban_lag2,0.032762900752617855
squeezed_Cà Mau,population_urban_lag3,0.004625073345906494
squeezed_Cà Mau,population_urban_lag4,0.0033228763604542526
squeezed_Cà Mau,population_urban_lag5,0.09552650394341981
squeezed_Cà Mau,population_urban_lag6,0.0032962730828391463
squeezed_Cà Mau,population_urban_lag7,0.22567990990740108
squeezed_Cà Mau,population_urban_lag8,0.0
squeezed_Cà Mau,population_urban_lag9,0.0030509772783779755
squeezed_Cà Mau,population_urban_lag10,0.0032277961466631376
squeezed_Cà Mau,population_urban_lag11,0.7408928166401921
squeezed_Cà Mau,population_urban_lag12,0.044846570930908415
squeezed_Cà Mau,population_countryside_lag1,0.005717425419425353
squeezed_Cà Mau,population_countryside_lag2,0.01662483090170459
squeezed_Cà Mau,population_countryside_lag3,0.01350425707043102
squeezed_Cà Mau,population_countryside_lag4,0.012723171364812777
squeezed_Cà Mau,population_countryside_lag5,0.0
squeezed_Cà Mau,population_countryside_lag6,0.008373806503388722
squeezed_Cà Mau,population_countryside_lag7,0.01266236365520247
squeezed_Cà Mau,population_countryside_lag8,0.0
squeezed_Cà Mau,population_countryside_lag9,0.0
squeezed_Cà Mau,population_countryside_lag10,0.0
squeezed_Cà Mau,population_countryside_lag11,0.01778223508649521
squeezed_Cà Mau,population_countryside_lag12,0.043644782897379227
squeezed_Cà Mau,Dengue_fever_rates_lag1,0.4347071470668817
squeezed_Cà Mau,Dengue_fever_rates_lag2,0.022047170177918806
squeezed_Cà Mau,Dengue_fever_rates_lag3,0.09210849662080307
squeezed_Cà Mau,Dengue_fever_rates_lag4,0.03141666823249762
squeezed_Cà Mau,Dengue_fever_rates_lag5,0.005586268298922308
squeezed_Cà Mau,Dengue_fever_rates_lag6,0.053601574132069375
squeezed_Cà Mau,Dengue_fever_rates_lag7,0.02229152316473162
squeezed_Cà Mau,Dengue_fever_rates_lag8,0.1796356130151445
squeezed_Cà Mau,Dengue_fever_rates_lag9,0.015659521203109553
squeezed_Cà Mau,Dengue_fever_rates_lag10,0.03079256943878893
squeezed_Cà Mau,Dengue_fever_rates_lag11,0.28872700167888576
squeezed_Cà Mau,Dengue_fever_rates_lag12,0.18020201700219574
squeezed_Cà Mau,Influenza_rates_lag1,0.0805398373587274
squeezed_Cà Mau,Influenza_rates_lag2,0.21815392744597187
squeezed_Cà Mau,Influenza_rates_lag3,0.10659653803865111
squeezed_Cà Mau,Influenza_rates_lag4,0.2821838984631157
squeezed_Cà Mau,Influenza_rates_lag5,0.11645320593544527
squeezed_Cà Mau,Influenza_rates_lag6,0.1995527751313363
squeezed_Cà Mau,Influenza_rates_lag7,0.2458451732512422
squeezed_Cà Mau,Influenza_rates_lag8,0.03664086174403914
squeezed_Cà Mau,Influenza_rates_lag9,0.017767036306011865
squeezed_Cà Mau,Influenza_rates_lag10,0.4096767277082236
squeezed_Cà Mau,Influenza_rates_lag11,0.19038917342368064
squeezed_Cà Mau,Influenza_rates_lag12,0.03735023585705646
squeezed_Cà Mau,Diarrhoea_rates_rollmean_3,9.772473005510518
squeezed_Cà Mau,Diarrhoea_rates_rollstd_3,0.13243548665218133
squeezed_Cà Mau,Diarrhoea_rates_rollmean_6,2.31076574141365
squeezed_Cà Mau,Diarrhoea_rates_rollstd_6,0.05832893394908003
squeezed_Cà Mau,month_sin,1.3323943460381713
squeezed_Cà Mau,month_cos,0.4526999201909758
squeezed_Cần Thơ,Total_Evaporation,0.02102309119427784
squeezed_Cần Thơ,Total_Rainfall,0.32424434660047025
squeezed_Cần Thơ,Max_Daily_Rainfall,0.05394568160692456
squeezed_Cần Thơ,n_raining_days,0.08895189472622174
squeezed_Cần Thơ,Average_temperature,0.002811166840376371
squeezed_Cần Thơ,Max_Average_Temperature,0.12794730781955213
squeezed_Cần Thơ,Min_Average_Temperature,0.018358851456420754
squeezed_Cần Thơ,Max_Absolute_Temperature,0.027292484241775727
squeezed_Cần Thơ,Min_Absolute_Temperature,0.5695693269348511
squeezed_Cần Thơ,Average_Humidity,0.02450057850588128
squeezed_Cần Thơ,Min_Humidity,0.07483831942853976
squeezed_Cần Thơ,n_hours_sunshine,0.28843824326731476
squeezed_Cần Thơ,population_male,0.0215008843253983
squeezed_Cần Thơ,population_female,0.007570233556251773
squeezed_Cần Thơ,population_urban,0.13112670600959697
squeezed_Cần Thơ,population_countryside,0.03073729573645863
squeezed_Cần Thơ,Diarrhoea_rates,37.35831412990329
squeezed_Cần Thơ,Diarrhoea_rates_lag1,9.673787621024971
squeezed_Cần Thơ,Diarrhoea_rates_lag2,1.1997611927599616
squeezed_Cần Thơ,Diarrhoea_rates_lag3,0.03553303832390734
squeezed_Cần Thơ,Diarrhoea_rates_lag4,1.588524070373441
squeezed_Cần Thơ,Diarrhoea_rates_lag5,0.7873040987562853
squeezed_Cần Thơ,Diarrhoea_rates_lag6,1.4272638981673131
squeezed_Cần Thơ,Diarrhoea_rates_lag7,0.16461309476094269
squeezed_Cần Thơ,Diarrhoea_rates_lag8,0.434023772763168
squeezed_Cần Thơ,Diarrhoea_rates_lag9,0.15542972411359088
squeezed_Cần Thơ,Diarrhoea_rates_lag10,0.5441212967438669
squeezed_Cần Thơ,Diarrhoea_rates_lag11,3.1842078012960786
squeezed_Cần Thơ,Diarrhoea_rates_lag12,1.2398810116885064
squeezed_Cần Thơ,Total_Evaporation_lag1,0.009380765428268037
squeezed_Cần Thơ,Total_Evaporation_lag2,0.2607140737979855
squeezed_Cần Thơ,Total_Evaporation_lag3,0.025329078772770325
squeezed_Cần Thơ,Total_Evaporation_lag4,0.010862940560616643
squeezed_Cần Thơ,Total_Evaporation_lag5,0.029299352867627675
squeezed_Cần Thơ,Total_Evaporation_lag6,0.03374539232579909
squeezed_Cần Thơ,Total_Evaporation_lag7,0.014337769762151287
squeezed_Cần Thơ,Total_Evaporation_lag8,0.08186337868785593
squeezed_Cần Thơ,Total_Evaporation_lag9,0.016769915458952848
squeezed_Cần Thơ,Total_Evaporation_lag10,0.0
squeezed_Cần Thơ,Total_Evaporation_lag11,0.12030488321851696
squeezed_Cần Thơ,Total_Evaporation_lag12,0.06909904766476889
squeezed_Cần Thơ,Total_Rainfall_lag1,0.5869589159073224
squeezed_Cần Thơ,Total_Rainfall_lag2,0.6243916933662081
squeezed_Cần Thơ,Total_Rainfall_lag3,0.06048092334480079
squeezed_Cần Thơ,Total_Rainfall_lag4,0.10623730046451267
squeezed_Cần Thơ,Total_Rainfall_lag5,0.009173843284685977
squeezed_Cần Thơ,Total_Rainfall_lag6,0.043469230475827146
squeezed_Cần Thơ,Total_Rainfall_lag7,0.04106501247629634
squeezed_Cần Thơ,Total_Rainfall_lag8,0.010638502707141081
squeezed_Cần Thơ,Total_Rainfall_lag9,0.10365240169511077
squeezed_Cần Thơ,Total_Rainfall_lag10,0.09972372116064925
squeezed_Cần Thơ,Total_Rainfall_lag11,0.4195091054597539
squeezed_Cần Thơ,Total_Rainfall_lag12,0.014893616674764942
squeezed_Cần Thơ,Max_Daily_Rainfall_lag1,0.11364558406118423
squeezed_Cần Thơ,Max_Daily_Rainfall_lag2,0.13788950557811896
squeezed_Cần Thơ,Max_Daily_Rainfall_lag3,0.0170430612219762
squeezed_Cần Thơ,Max_Daily_Rainfall_lag4,0.0494678419342664
squeezed_Cần Thơ,Max_Daily_Rainfall_lag5,0.048106416532391304
squeezed_Cần Thơ,Max_Daily_Rainfall_lag6,0.018921800741517694
squeezed_Cần Thơ,Max_Daily_Rainfall_lag7,0.014131846673295574
squeezed_Cần Thơ,Max_Daily_Rainfall_lag8,0.1450156583686249
squeezed_Cần Thơ,Max_Daily_Rainfall_lag9,0.11255178873381906
squeezed_Cần Thơ,Max_Daily_Rainfall_lag10,0.07657253094612983
squeezed_Cần Thơ,Max_Daily_Rainfall_lag11,0.2569138221894644
squeezed_Cần Thơ,Max_Daily_Rainfall_lag12,0.12758144039639419
squeezed_Cần Thơ,n_raining_days_lag1,0.009966288523519955
squeezed_Cần Thơ,n_raining_days_lag2,0.14657909377427575
squeezed_Cần Thơ,n_raining_days_lag3,0.04360477664988896
squeezed_Cần Thơ,n_raining_days_lag4,0.07948507823021937
squeezed_Cần Thơ,n_raining_days_lag5,0.0035441860838326903
squeezed_Cần Thơ,n_raining_days_lag6,0.005148143215556921
squeezed_Cần Thơ,n_raining_days_lag7,0.0
squeezed_Cần Thơ,n_raining_days_lag8,0.09282013418175612
squeezed_Cần Thơ,n_raining_days_lag9,0.2059619061740393
squeezed_Cần Thơ,n_raining_days_lag10,0.1648757930349386
squeezed_Cần Thơ,n_raining_days_lag11,0.0064553176702808355
squeezed_Cần Thơ,n_raining_days_lag12,0.06719288408151139
squeezed_Cần Thơ,Average_temperature_lag1,0.04096758726068453
squeezed_Cần Thơ,Average_temperature_lag2,0.0
squeezed_Cần Thơ,Average_temperature_lag3,0.09160410482674224
squeezed_Cần Thơ,Average_temperature_lag4,0.003450392505356455
squeezed_Cần Thơ,Average_temperature_lag5,0.008692724025997389
squeezed_Cần Thơ,Average_temperature_lag6,0.07214571807241525
squeezed_Cần Thơ,Average_temperature_lag7,0.09646933460294638
squeezed_Cần Thơ,Average_temperature_lag8,0.07092364094155583
squeezed_Cần Thơ,Average_temperature_lag9,0.04154655384162265
squeezed_Cần Thơ,Average_temperature_lag10,0.0137612545638413
squeezed_Cần Thơ,Average_temperature_lag11,0.011203200976237693
squeezed_Cần Thơ,Average_temperature_lag12,0.04055589438739709
squeezed_Cần Thơ,Max_Average_Temperature_lag1,0.08358913751251978
squeezed_Cần Thơ,Max_Average_Temperature_lag2,0.07342014218637853
squeezed_Cần Thơ,Max_Average_Temperature_lag3,0.08466166390132908
squeezed_Cần Thơ,Max_Average_Temperature_lag4,0.004718135547168753
squeezed_Cần Thơ,Max_Average_Temperature_lag5,0.43333334816628005
squeezed_Cần Thơ,Max_Average_Temperature_lag6,0.017911175541643322
squeezed_Cần Thơ,Max_Average_Temperature_lag7,0.027257798798826782
squeezed_Cần Thơ,Max_Average_Temperature_lag8,0.24087777516179784
squeezed_Cần Thơ,Max_Average_Temperature_lag9,0.013658660911865801
squeezed_Cần Thơ,Max_Average_Temperature_lag10,0.08310025635626868
squeezed_Cần Thơ,Max_Average_Temperature_lag11,0.13828876921892133
squeezed_Cần Thơ,Max_Average_Temperature_lag12,0.10707924465422924
squeezed_Cần Thơ,Min_Average_Temperature_lag1,0.013916896566421309
squeezed_Cần Thơ,Min_Average_Temperature_lag2,0.03473258091663705
squeezed_Cần Thơ,Min_Average_Temperature_lag3,0.15031096533884133
squeezed_Cần Thơ,Min_Average_Temperature_lag4,0.19966091286607376
squeezed_Cần Thơ,Min_Average_Temperature_lag5,0.01260145075732919
squeezed_Cần Thơ,Min_Average_Temperature_lag6,0.03914046175628477
squeezed_Cần Thơ,Min_Average_Temperature_lag7,0.08596140549114355
squeezed_Cần Thơ,Min_Average_Temperature_lag8,0.01014519511621614
squeezed_Cần Thơ,Min_Average_Temperature_lag9,0.00661074846837805
squeezed_Cần Thơ,Min_Average_Temperature_lag10,0.01897893335550546
squeezed_Cần Thơ,Min_Average_Temperature_lag11,0.03014080332134172
squeezed_Cần Thơ,Min_Average_Temperature_lag12,0.07817018142599746
squeezed_Cần Thơ,Max_Absolute_Temperature_lag1,0.11524893035418214
squeezed_Cần Thơ,Max_Absolute_Temperature_lag2,0.038209995306020365
squeezed_Cần Thơ,Max_Absolute_Temperature_lag3,0.021677192593617473
squeezed_Cần Thơ,Max_Absolute_Temperature_lag4,0.12267024044647586
squeezed_Cần Thơ,Max_Absolute_Temperature_lag5,0.03854660762927948
squeezed_Cần Thơ,Max_Absolute_Temperature_lag6,0.05211985538549446
squeezed_Cần Thơ,Max_Absolute_Temperature_lag7,0.04095273661113827
squeezed_Cần Thơ,Max_Absolute_Temperature_lag8,0.014422375881188693
squeezed_Cần Thơ,Max_Absolute_Temperature_lag9,0.0016499647404107105
squeezed_Cần Thơ,Max_Absolute_Temperature_lag10,0.059144246109377796
squeezed_Cần Thơ,Max_Absolute_Temperature_lag11,0.05837540617851882
squeezed_Cần Thơ,Max_Absolute_Temperature_lag12,0.05600202558374081
squeezed_Cần Thơ,Min_Absolute_Temperature_lag1,0.01841659171134617
squeezed_Cần Thơ,Min_Absolute_Temperature_lag2,0.14698137330266814
squeezed_Cần Thơ,Min_Absolute_Temperature_lag3,0.08495073254415945
squeezed_Cần Thơ,Min_Absolute_Temperature_lag4,0.316151920503887
squeezed_Cần Thơ,Min_Absolute_Temperature_lag5,0.03214242750130583
squeezed_Cần Thơ,Min_Absolute_Temperature_lag6,0.016378245701898633
squeezed_Cần Thơ,Min_Absolute_Temperature_lag7,0.015002218014680683
squeezed_Cần Thơ,Min_Absolute_Temperature_lag8,0.12310001595902513
squeezed_Cần Thơ,Min_Absolute_Temperature_lag9,0.03988306043288043
squeezed_Cần Thơ,Min_Absolute_Temperature_lag10,0.015439992237941333
squeezed_Cần Thơ,Min_Absolute_Temperature_lag11,0.015638449413053642
squeezed_Cần Thơ,Min_Absolute_Temperature_lag12,0.2502241340402191
squeezed_Cần Thơ,Average_Humidity_lag1,0.018057042377508842
squeezed_Cần Thơ,Average_Humidity_lag2,0.051034832478646895
squeezed_Cần Thơ,Average_Humidity_lag3,0.0007339371845138241
squeezed_Cần Thơ,Average_Humidity_lag4,0.09618130534043474
squeezed_Cần Thơ,Average_Humidity_lag5,0.07251704462447085
squeezed_Cần Thơ,Average_Humidity_lag6,0.028361048865567784
squeezed_Cần Thơ,Average_Humidity_lag7,0.008990815464430795
squeezed_Cần Thơ,Average_Humidity_lag8,0.06540436051401047
squeezed_Cần Thơ,Average_Humidity_lag9,0.06722340824718767
squeezed_Cần Thơ,Average_Humidity_lag10,0.00769059415494076
squeezed_Cần Thơ,Average_Humidity_lag11,0.05218755015715621
squeezed_Cần Thơ,Average_Humidity_lag12,0.08142326713565469
squeezed_Cần Thơ,Min_Humidity_lag1,0.20755497388723362
squeezed_Cần Thơ,Min_Humidity_lag2,0.07693732921705607
squeezed_Cần Thơ,Min_Humidity_lag3,0.03592494722778033
squeezed_Cần Thơ,Min_Humidity_lag4,0.012071103335618859
squeezed_Cần Thơ,Min_Humidity_lag5,0.02210364509207362
squeezed_Cần Thơ,Min_Humidity_lag6,0.010305195874822246
squeezed_Cần Thơ,Min_Humidity_lag7,0.137159781438314
squeezed_Cần Thơ,Min_Humidity_lag8,0.006057729062343982
squeezed_Cần Thơ,Min_Humidity_lag9,0.02062666008344194
squeezed_Cần Thơ,Min_Humidity_lag10,0.007252003052342931
squeezed_Cần Thơ,Min_Humidity_lag11,0.08172305855332151
squeezed_Cần Thơ,Min_Humidity_lag12,0.024902069536607733
squeezed_Cần Thơ,n_hours_sunshine_lag1,0.2855640862594928
squeezed_Cần Thơ,n_hours_sunshine_lag2,0.23725775473416547
squeezed_Cần Thơ,n_hours_sunshine_lag3,0.0363892252631318
squeezed_Cần Thơ,n_hours_sunshine_lag4,0.2178614530980695
squeezed_Cần Thơ,n_hours_sunshine_lag5,0.019116977393760552
squeezed_Cần Thơ,n_hours_sunshine_lag6,0.11414730256729035
squeezed_Cần Thơ,n_hours_sunshine_lag7,0.0919353169851111
squeezed_Cần Thơ,n_hours_sunshine_lag8,0.07506156102279889
squeezed_Cần Thơ,n_hours_sunshine_lag9,0.07249873029155264
squeezed_Cần Thơ,n_hours_sunshine_lag10,0.026411896251813925
squeezed_Cần Thơ,n_hours_sunshine_lag11,0.2663992095796199
squeezed_Cần Thơ,n_hours_sunshine_lag12,0.09255470064316292
squeezed_Cần Thơ,population_male_lag1,0.0
squeezed_Cần Thơ,population_male_lag2,0.05148760033544133
squeezed_Cần Thơ,population_male_lag3,0.0061753879551897555
squeezed_Cần Thơ,population_male_lag4,0.278787008651691
squeezed_Cần Thơ,population_male_lag5,0.0
squeezed_Cần Thơ,population_male_lag6,0.001040004002301863
squeezed_Cần Thơ,population_male_lag7,0.001170120546155143
squeezed_Cần Thơ,population_male_lag8,0.0
squeezed_Cần Thơ,population_male_lag9,0.0
squeezed_Cần Thơ,population_male_lag10,0.30212498850131825
squeezed_Cần Thơ,population_male_lag11,0.0
squeezed_Cần Thơ,population_male_lag12,0.011511682737842607
squeezed_Cần Thơ,population_female_lag1,0.0
squeezed_Cần Thơ,population_female_lag2,0.005216398089286437
squeezed_Cần Thơ,population_female_lag3,0.0
squeezed_Cần Thơ,population_female_lag4,0.0
squeezed_Cần Thơ,population_female_lag5,0.013189421041094882
squeezed_Cần Thơ,population_female_lag6,0.21601372280601897
squeezed_Cần Thơ,population_female_lag7,0.0
squeezed_Cần Thơ,population_female_lag8,0.0
squeezed_Cần Thơ,population_female_lag9,0.0008489832827757742
squeezed_Cần Thơ,population_female_lag10,0.025195477965167256
squeezed_Cần Thơ,population_female_lag11,0.0
squeezed_Cần Thơ,population_female_lag12,0.0
squeezed_Cần Thơ,population_urban_lag1,0.1562017263590159
squeezed_Cần Thơ,population_urban_lag2,0.030409892926814383
squeezed_Cần Thơ,population_urban_lag3,0.0041303966503798105
squeezed_Cần Thơ,population_urban_lag4,0.0033228763604542526
squeezed_Cần Thơ,population_urban_lag5,0.0946319961933018
squeezed_Cần Thơ,population_urban_lag6,0.18883618708351702
squeezed_Cần Thơ,population_urban_lag7,0.8149575022146358
squeezed_Cần Thơ,population_urban_lag8,0.0
squeezed_Cần Thơ,population_urban_lag9,0.0030509772783779755
squeezed_Cần Thơ,population_urban_lag10,0.010117918997295432
squeezed_Cần Thơ,population_urban_lag11,0.7470248956161488
squeezed_Cần Thơ,population_urban_lag12,0.04554280430180361
squeezed_Cần Thơ,population_countryside_lag1,0.00649943449506386
squeezed_Cần Thơ,population_countryside_lag2,0.016760195472561266
squeezed_Cần Thơ,population_countryside_lag3,0.010726268371457176
squeezed_Cần Thơ,population_countryside_lag4,0.013856648451469743
squeezed_Cần Thơ,population_countryside_lag5,0.0
squeezed_Cần Thơ,population_countryside_lag6,0.008373806503388722
squeezed_Cần Thơ,population_countryside_lag7,0.01300577392906956
squeezed_Cần Thơ,population_countryside_lag8,0.0
squeezed_Cần Thơ,population_countryside_lag9,0.0
squeezed_Cần Thơ,population_countryside_lag10,0.0
squeezed_Cần Thơ,population_countryside_lag11,0.019779684717480196
squeezed_Cần Thơ,population_countryside_lag12,0.055277808602126964
squeezed_Cần Thơ,Dengue_fever_rates_lag1,0.49449993947936527
squeezed_Cần Thơ,Dengue_fever_rates_lag2,0.01957796381324115
squeezed_Cần Thơ,Dengue_fever_rates_lag3,0.06602473855573868
squeezed_Cần Thơ,Dengue_fever_rates_lag4,0.05772369743751213
squeezed_Cần Thơ,Dengue_fever_rates_lag5,0.005586268298922308
squeezed_Cần Thơ,Dengue_fever_rates_lag6,0.05430520583152362
squeezed_Cần Thơ,Dengue_fever_rates_lag7,0.005001428720198602
squeezed_Cần Thơ,Dengue_fever_rates_lag8,0.14953433533833962
squeezed_Cần Thơ,Dengue_fever_rates_lag9,0.10917987105916399
squeezed_Cần Thơ,Dengue_fever_rates_lag10,0.017132364561766575
squeezed_Cần Thơ,Dengue_fever_rates_lag11,0.3171577201956859
squeezed_Cần Thơ,Dengue_fever_rates_lag12,0.0499148149707729
squeezed_Cần Thơ,Influenza_rates_lag1,0.07350093930260639
squeezed_Cần Thơ,Influenza_rates_lag2,0.27504510484208666
squeezed_Cần Thơ,Influenza_rates_lag3,0.11892175888294687
squeezed_Cần Thơ,Influenza_rates_lag4,0.3166993416048521
squeezed_Cần Thơ,Influenza_rates_lag5,0.11657707114800293
squeezed_Cần Thơ,Influenza_rates_lag6,0.20221243890467303
squeezed_Cần Thơ,Influenza_rates_lag7,0.29331146627084914
squeezed_Cần Thơ,Influenza_rates_lag8,0.19190652502624372
squeezed_Cần Thơ,Influenza_rates_lag9,0.016645353356827677
squeezed_Cần Thơ,Influenza_rates_lag10,0.9086964268747977
squeezed_Cần Thơ,Influenza_rates_lag11,0.9023796718566689
squeezed_Cần Thơ,Influenza_rates_lag12,0.03970625472919207
squeezed_Cần Thơ,Diarrhoea_rates_rollmean_3,7.712568433017553
squeezed_Cần Thơ,Diarrhoea_rates_rollstd_3,0.13119830524318352
squeezed_Cần Thơ,Diarrhoea_rates_rollmean_6,2.2280458642359955
squeezed_Cần Thơ,Diarrhoea_rates_rollstd_6,0.05272466953731058
squeezed_Cần Thơ,month_sin,1.0681361141302
squeezed_Cần Thơ,month_cos,1.2297270315080466
squeezed_Gia Lai,Total_Evaporation,0.02186155290934522
squeezed_Gia Lai,Total_Rainfall,0.04428144883335731
squeezed_Gia Lai,Max_Daily_Rainfall,0.061026804460711535
squeezed_Gia Lai,n_raining_days,0.0723776920498927
squeezed_Gia Lai,Average_temperature,0.04847963011079631
squeezed_Gia Lai,Max_Average_Temperature,0.09635029048650175
squeezed_Gia Lai,Min_Average_Temperature,0.004927476697452675
squeezed_Gia Lai,Max_Absolute_Temperature,0.032508305635427844
squeezed_Gia Lai,Min_Absolute_Temperature,0.4557619248088538
squeezed_Gia Lai,Average_Humidity,0.016984691872529937
squeezed_Gia Lai,Min_Humidity,0.08330471431264266
squeezed_Gia Lai,n_hours_sunshine,0.24054014454910197
squeezed_Gia Lai,population_male,0.02329759732371438
squeezed_Gia Lai,population_female,0.007570233556251773
squeezed_Gia Lai,population_urban,0.1254284864252621
squeezed_Gia Lai,population_countryside,0.039825989321491145
squeezed_Gia Lai,Diarrhoea_rates,26.810081672970068
squeezed_Gia Lai,Diarrhoea_rates_lag1,7.756570295688437
squeezed_Gia Lai,Diarrhoea_rates_lag2,0.9654304623431083
squeezed_Gia Lai,Diarrhoea_rates_lag3,0.027827094778563922
squeezed_Gia Lai,Diarrhoea_rates_lag4,1.0360200254805159
squeezed_Gia Lai,Diarrhoea_rates_lag5,0.5898336109218452
squeezed_Gia Lai,Diarrhoea_rates_lag6,0.9761420974540637
squeezed_Gia Lai,Diarrhoea_rates_lag7,0.1750212027960547
squeezed_Gia Lai,Diarrhoea_rates_lag8,0.44759038467183404
squeezed_Gia Lai,Diarrhoea_rates_lag9,0.11819885357199296
squeezed_Gia Lai,Diarrhoea_rates_lag10,0.6709802785265531
squeezed_Gia Lai,Diarrhoea_rates_lag11,1.5302383032433882
squeezed_Gia Lai,Diarrhoea_rates_lag12,0.6366696753477171
squeezed_Gia Lai,Total_Evaporation_lag1,0.02445162780947371
squeezed_Gia Lai,Total_Evaporation_lag2,0.4143458955777856
squeezed_Gia Lai,Total_Evaporation_lag3,0.01989876880373925
squeezed_Gia Lai,Total_Evaporation_lag4,0.008818664863168459
squeezed_Gia Lai,Total_Evaporation_lag5,0.023561822070234367
squeezed_Gia Lai,Total_Evaporation_lag6,0.013745548173960287
squeezed_Gia Lai,Total_Evaporation_lag7,0.018698395751125755
squeezed_Gia Lai,Total_Evaporation_lag8,0.0778269070149101
squeezed_Gia Lai,Total_Evaporation_lag9,0.01137910187399323
squeezed_Gia Lai,Total_Evaporation_lag10,0.0
squeezed_Gia Lai,Total_Evaporation_lag11,0.14315541837896956
squeezed_Gia Lai,Total_Evaporation_lag12,0.1412655934983951
squeezed_Gia Lai,Total_Rainfall_lag1,0.5635372746460595
squeezed_Gia Lai,Total_Rainfall_lag2,0.6081359959782965
squeezed_Gia Lai,Total_Rainfall_lag3,0.04843706030406866
squeezed_Gia Lai,Total_Rainfall_lag4,0.1260654083910407
squeezed_Gia Lai,Total_Rainfall_lag5,0.006802187950445669
squeezed_Gia Lai,Total_Rainfall_lag6,0.041407644871124395
squeezed_Gia Lai,Total_Rainfall_lag7,0.044815564799445644
squeezed_Gia Lai,Total_Rainfall_lag8,0.01368768299576436
squeezed_Gia Lai,Total_Rainfall_lag9,0.11472071331685652
squeezed_Gia Lai,Total_Rainfall_lag10,0.11212943187812918
squeezed_Gia Lai,Total_Rainfall_lag11,0.4949159444030897
squeezed_Gia Lai,Total_Rainfall_lag12,0.011459067479054777
squeezed_Gia Lai,Max_Daily_Rainfall_lag1,0.1420801032011937
squeezed_Gia Lai,Max_Daily_Rainfall_lag2,0.20355645768690314
squeezed_Gia Lai,Max_Daily_Rainfall_lag3,0.015046564320654536
squeezed_Gia Lai,Max_Daily_Rainfall_lag4,0.04760493893630235
squeezed_Gia Lai,Max_Daily_Rainfall_lag5,0.012040088695385719
squeezed_Gia Lai,Max_Daily_Rainfall_lag6,0.015044784526104096
squeezed_Gia Lai,Max_Daily_Rainfall_lag7,0.03134827180814494
squeezed_Gia Lai,Max_Daily_Rainfall_lag8,0.16192548446496693
squeezed_Gia Lai,Max_Daily_Rainfall_lag9,0.22352036863257993
squeezed_Gia Lai,Max_Daily_Rainfall_lag10,0.06953980271706663
squeezed_Gia Lai,Max_Daily_Rainfall_lag11,0.30597974659799115
squeezed_Gia Lai,Max_Daily_Rainfall_lag12,0.10801617547666453
squeezed_Gia Lai,n_raining_days_lag1,0.00797091805988809
squeezed_Gia Lai,n_raining_days_lag2,0.2183840784335296
squeezed_Gia Lai,n_raining_days_lag3,0.020062346582281666
squeezed_Gia Lai,n_raining_days_lag4,0.023360788475831524
squeezed_Gia Lai,n_raining_days_lag5,0.002754488325075554
squeezed_Gia Lai,n_raining_days_lag6,0.004639253040229008
squeezed_Gia Lai,n_raining_days_lag7,0.0
squeezed_Gia Lai,n_raining_days_lag8,0.015525954836527323
squeezed_Gia Lai,n_raining_days_lag9,0.17211227586701916
squeezed_Gia Lai,n_raining_days_lag10,0.13308527596941472
squeezed_Gia Lai,n_raining_days_lag11,0.006345356653368983
squeezed_Gia Lai,n_raining_days_lag12,0.06070927072628671
squeezed_Gia Lai,Average_temperature_lag1,0.07104882171363124
squeezed_Gia Lai,Average_temperature_lag2,0.0
squeezed_Gia Lai,Average_temperature_lag3,0.08318268196945124
squeezed_Gia Lai,Average_temperature_lag4,0.004783295800881431
squeezed_Gia Lai,Average_temperature_lag5,0.023810388037649132
squeezed_Gia Lai,Average_temperature_lag6,0.058589817195107335
squeezed_Gia Lai,Average_temperature_lag7,0.1175879130925357
squeezed_Gia Lai,Average_temperature_lag8,0.043166498084122935
squeezed_Gia Lai,Average_temperature_lag9,0.015872274012689862
squeezed_Gia Lai,Average_temperature_lag10,0.011737430686627198
squeezed_Gia Lai,Average_temperature_lag11,0.03042390246629072
squeezed_Gia Lai,Average_temperature_lag12,0.02349771571291434
squeezed_Gia Lai,Max_Average_Temperature_lag1,0.09467288806407526
squeezed_Gia Lai,Max_Average_Temperature_lag2,0.19080333578813646
squeezed_Gia Lai,Max_Average_Temperature_lag3,0.04308772871377012
squeezed_Gia Lai,Max_Average_Temperature_lag4,0.004723747479144041
squeezed_Gia Lai,Max_Average_Temperature_lag5,0.24441063297420443
squeezed_Gia Lai,Max_Average_Temperature_lag6,0.021719674742383593
squeezed_Gia Lai,Max_Average_Temperature_lag7,0.023633072750732054
squeezed_Gia Lai,Max_Average_Temperature_lag8,0.1160354373712772
squeezed_Gia Lai,Max_Average_Temperature_lag9,0.004324034001740409
squeezed_Gia Lai,Max_Average_Temperature_lag10,0.05758696929865362
squeezed_Gia Lai,Max_Average_Temperature_lag11,0.10551408316371928
squeezed_Gia Lai,Max_Average_Temperature_lag12,0.09889792557844439
squeezed_Gia Lai,Min_Average_Temperature_lag1,0.013916896566421309
squeezed_Gia Lai,Min_Average_Temperature_lag2,0.04338407367136135
squeezed_Gia Lai,Min_Average_Temperature_lag3,0.01123674857316037
squeezed_Gia Lai,Min_Average_Temperature_lag4,0.16122945309534356
squeezed_Gia Lai,Min_Average_Temperature_lag5,0.013170513536784915
squeezed_Gia Lai,Min_Average_Temperature_lag6,0.004987059528318042
squeezed_Gia Lai,Min_Average_Temperature_lag7,0.0805037008995135
squeezed_Gia Lai,Min_Average_Temperature_lag8,0.009042144518366978
squeezed_Gia Lai,Min_Average_Temperature_lag9,0.04365880251539555
squeezed_Gia Lai,Min_Average_Temperature_lag10,0.009023691882096464
squeezed_Gia Lai,Min_Average_Temperature_lag11,0.04346818710943987
squeezed_Gia Lai,Min_Average_Temperature_lag12,0.06535722066554425
squeezed_Gia Lai,Max_Absolute_Temperature_lag1,0.10156650207828662
squeezed_Gia Lai,Max_Absolute_Temperature_lag2,0.059305489500520205
squeezed_Gia Lai,Max_Absolute_Temperature_lag3,0.02479338996575296
squeezed_Gia Lai,Max_Absolute_Temperature_lag4,0.1324062876748265
squeezed_Gia Lai,Max_Absolute_Temperature_lag5,0.023918923555021555
squeezed_Gia Lai,Max_Absolute_Temperature_lag6,0.06537719068083257
squeezed_Gia Lai,Max_Absolute_Temperature_lag7,0.19822651797921678
squeezed_Gia Lai,Max_Absolute_Temperature_lag8,0.014823774718453716
squeezed_Gia Lai,Max_Absolute_Temperature_lag9,0.0015477757483711638
squeezed_Gia Lai,Max_Absolute_Temperature_lag10,0.054336640866468895
squeezed_Gia Lai,Max_Absolute_Temperature_lag11,0.07616771363958837
squeezed_Gia Lai,Max_Absolute_Temperature_lag12,0.121097981870666
squeezed_Gia Lai,Min_Absolute_Temperature_lag1,0.015524680648209886
squeezed_Gia Lai,Min_Absolute_Temperature_lag2,0.04463563439013768
squeezed_Gia Lai,Min_Absolute_Temperature_lag3,0.10802975502956265
squeezed_Gia Lai,Min_Absolute_Temperature_lag4,0.23333872291103333
squeezed_Gia Lai,Min_Absolute_Temperature_lag5,0.055593401184806684
squeezed_Gia Lai,Min_Absolute_Temperature_lag6,0.014118040913843008
squeezed_Gia Lai,Min_Absolute_Temperature_lag7,0.014609540460973687
squeezed_Gia Lai,Min_Absolute_Temperature_lag8,0.06183391383891732
squeezed_Gia Lai,Min_Absolute_Temperature_lag9,0.0023399513562726844
squeezed_Gia Lai,Min_Absolute_Temperature_lag10,0.02168244031506862
squeezed_Gia Lai,Min_Absolute_Temperature_lag11,0.019332054891343792
squeezed_Gia Lai,Min_Absolute_Temperature_lag12,0.22689361080143597
squeezed_Gia Lai,Average_Humidity_lag1,0.0760959848150155
squeezed_Gia Lai,Average_Humidity_lag2,0.028585662946103586
squeezed_Gia Lai,Average_Humidity_lag3,0.0008335921936048989
squeezed_Gia Lai,Average_Humidity_lag4,0.10867185561314174
squeezed_Gia Lai,Average_Humidity_lag5,0.10389602396377996
squeezed_Gia Lai,Average_Humidity_lag6,0.023749385120224
squeezed_Gia Lai,Average_Humidity_lag7,0.08554765583555822
squeezed_Gia Lai,Average_Humidity_lag8,0.07834395029669682
squeezed_Gia Lai,Average_Humidity_lag9,0.04925511076479214
squeezed_Gia Lai,Average_Humidity_lag10,0.0057355541505706605
squeezed_Gia Lai,Average_Humidity_lag11,0.0400866846878623
squeezed_Gia Lai,Average_Humidity_lag12,1.093006760825275
squeezed_Gia Lai,Min_Humidity_lag1,0.018200800325851984
squeezed_Gia Lai,Min_Humidity_lag2,0.16080805435542547
squeezed_Gia Lai,Min_Humidity_lag3,0.10114242911021114
squeezed_Gia Lai,Min_Humidity_lag4,0.014664391173651968
squeezed_Gia Lai,Min_Humidity_lag5,0.012539805607418868
squeezed_Gia Lai,Min_Humidity_lag6,0.01053258524577648
squeezed_Gia Lai,Min_Humidity_lag7,0.12601697601270176
squeezed_Gia Lai,Min_Humidity_lag8,0.034268516833548195
squeezed_Gia Lai,Min_Humidity_lag9,0.012350428075542007
squeezed_Gia Lai,Min_Humidity_lag10,0.00662113302768727
squeezed_Gia Lai,Min_Humidity_lag11,0.10361287803457768
squeezed_Gia Lai,Min_Humidity_lag12,0.05654179144365945
squeezed_Gia Lai,n_hours_sunshine_lag1,0.06406531141591505
squeezed_Gia Lai,n_hours_sunshine_lag2,0.1472195067546745
squeezed_Gia Lai,n_hours_sunshine_lag3,0.029048848461710894
squeezed_Gia Lai,n_hours_sunshine_lag4,0.07337181496561258
squeezed_Gia Lai,n_hours_sunshine_lag5,0.014564572158525385
squeezed_Gia Lai,n_hours_sunshine_lag6,0.10013203573721867
squeezed_Gia Lai,n_hours_sunshine_lag7,0.05661629466514596
squeezed_Gia Lai,n_hours_sunshine_lag8,0.01928703767413635
squeezed_Gia Lai,n_hours_sunshine_lag9,0.040552284824295216
squeezed_Gia Lai,n_hours_sunshine_lag10,0.025102540168661355
squeezed_Gia Lai,n_hours_sunshine_lag11,0.045324011139462016
squeezed_Gia Lai,n_hours_sunshine_lag12,0.11717698789867835
squeezed_Gia Lai,population_male_lag1,0.0
squeezed_Gia Lai,population_male_lag2,0.051777532030497196
squeezed_Gia Lai,population_male_lag3,0.0059965944751054
squeezed_Gia Lai,population_male_lag4,0.27642743378002343
squeezed_Gia Lai,population_male_lag5,0.0
squeezed_Gia Lai,population_male_lag6,0.002278133965578957
squeezed_Gia Lai,population_male_lag7,0.0007958197527332588
squeezed_Gia Lai,population_male_lag8,0.0
squeezed_Gia Lai,population_male_lag9,0.0
squeezed_Gia Lai,population_male_lag10,0.3045299623726657
squeezed_Gia Lai,population_male_lag11,0.0
squeezed_Gia Lai,population_male_lag12,0.012178453256806348
squeezed_Gia Lai,population_female_lag1,0.0
squeezed_Gia Lai,population_female_lag2,0.005216398089286437
squeezed_Gia Lai,population_female_lag3,0.0
squeezed_Gia Lai,population_female_lag4,0.0
squeezed_Gia Lai,population_female_lag5,0.008984222421964798
squeezed_Gia Lai,population_female_lag6,0.04612618575922989
squeezed_Gia Lai,population_female_lag7,0.0
squeezed_Gia Lai,population_female_lag8,0.0
squeezed_Gia Lai,population_female_lag9,0.0008961673432383051
squeezed_Gia Lai,population_female_lag10,0.0030484418544134712
squeezed_Gia Lai,population_female_lag11,0.0
squeezed_Gia Lai,population_female_lag12,0.0
squeezed_Gia Lai,population_urban_lag1,0.15401051035622515
squeezed_Gia Lai,population_urban_lag2,0.040252887602822966
squeezed_Gia Lai,population_urban_lag3,0.005371453732668777
squeezed_Gia Lai,population_urban_lag4,0.0033228763604542526
squeezed_Gia Lai,population_urban_lag5,0.09557476749316117
squeezed_Gia Lai,population_urban_lag6,0.003386473039072465
squeezed_Gia Lai,population_urban_lag7,0.21124928940937146
squeezed_Gia Lai,population_urban_lag8,0.0
squeezed_Gia Lai,population_urban_lag9,0.0030509772783779755
squeezed_Gia Lai,population_urban_lag10,0.0032260936202116136
squeezed_Gia Lai,population_urban_lag11,0.771252085765849
squeezed_Gia Lai,population_urban_lag12,0.044475359291259474
squeezed_Gia Lai,population_countryside_lag1,0.005717425419425353
squeezed_Gia Lai,population_countryside_lag2,0.049410174269962324
squeezed_Gia Lai,population_countryside_lag3,0.011874713310174407
squeezed_Gia Lai,population_countryside_lag4,0.016737632022189208
squeezed_Gia Lai,population_countryside_lag5,0.0
squeezed_Gia Lai,population_countryside_lag6,0.008373806503388722
squeezed_Gia Lai,population_countryside_lag7,0.01197554310746829
squeezed_Gia Lai,population_countryside_lag8,0.0
squeezed_Gia Lai,population_countryside_lag9,0.0
squeezed_Gia Lai,population_countryside_lag10,0.0
squeezed_Gia Lai,population_countryside_lag11,0.019843186427471196
squeezed_Gia Lai,population_countryside_lag12,0.05970976450248503
squeezed_Gia Lai,Dengue_fever_rates_lag1,0.4236891569703809
squeezed_Gia Lai,Dengue_fever_rates_lag2,0.11305559681248527
squeezed_Gia Lai,Dengue_fever_rates_lag3,0.1465661300813153
squeezed_Gia Lai,Dengue_fever_rates_lag4,0.2052345018957182
squeezed_Gia Lai,Dengue_fever_rates_lag5,0.005586268298922308
squeezed_Gia Lai,Dengue_fever_rates_lag6,0.05269687662877253
squeezed_Gia Lai,Dengue_fever_rates_lag7,0.0622243154165063
squeezed_Gia Lai,Dengue_fever_rates_lag8,0.7976975536350226
squeezed_Gia Lai,Dengue_fever_rates_lag9,0.07262803652816553
squeezed_Gia Lai,Dengue_fever_rates_lag10,0.3381769128499425
squeezed_Gia Lai,Dengue_fever_rates_lag11,2.9324953811830348
squeezed_Gia Lai,Dengue_fever_rates_lag12,0.19724096810823658
squeezed_Gia Lai,Influenza_rates_lag1,0.07249125926230805
squeezed_Gia Lai,Influenza_rates_lag2,0.27600257356780916
squeezed_Gia Lai,Influenza_rates_lag3,0.10948565872403371
squeezed_Gia Lai,Influenza_rates_lag4,0.07316040571501796
squeezed_Gia Lai,Influenza_rates_lag5,0.13288015405343642
squeezed_Gia Lai,Influenza_rates_lag6,0.2091998108752887
squeezed_Gia Lai,Influenza_rates_lag7,0.2559607415842767
squeezed_Gia Lai,Influenza_rates_lag8,0.06627472731903883
squeezed_Gia Lai,Influenza_rates_lag9,0.03566240961130269
squeezed_Gia Lai,Influenza_rates_lag10,0.3158723547234164
squeezed_Gia Lai,Influenza_rates_lag11,0.08897449478223725
squeezed_Gia Lai,Influenza_rates_lag12,0.055929773961698216
squeezed_Gia Lai,Diarrhoea_rates_rollmean_3,7.265939116222743
squeezed_Gia Lai,Diarrhoea_rates_rollstd_3,0.1304587987122732
squeezed_Gia Lai,Diarrhoea_rates_rollmean_6,2.2036794771799055
squeezed_Gia Lai,Diarrhoea_rates_rollstd_6,0.04071616901498313
squeezed_Gia Lai,month_sin,1.1854165185913972
squeezed_Gia Lai,month_cos,1.0414336642685105
squeezed_Hà Giang,Total_Evaporation,0.023344560411967086
squeezed_Hà Giang,Total_Rainfall,0.6327514747710798
squeezed_Hà Giang,Max_Daily_Rainfall,0.07253923813444633
squeezed_Hà Giang,n_raining_days,0.10574609464382038
squeezed_Hà Giang,Average_temperature,0.09148390792220916
squeezed_Hà Giang,Max_Average_Temperature,0.1031047037764788
squeezed_Hà Giang,Min_Average_Temperature,0.00814315288466808
squeezed_Hà Giang,Max_Absolute_Temperature,0.0528414077195088
squeezed_Hà Giang,Min_Absolute_Temperature,0.3202790654161342
squeezed_Hà Giang,Average_Humidity,0.017660153109543133
squeezed_Hà Giang,Min_Humidity,0.20652099461135584
squeezed_Hà Giang,n_hours_sunshine,0.11193255434103998
squeezed_Hà Giang,population_male,0.0194513371433104
squeezed_Hà Giang,population_female,0.008241916013381687
squeezed_Hà Giang,population_urban,0.13889496366988566
squeezed_Hà Giang,population_countryside,0.05520453813211703
squeezed_Hà Giang,Diarrhoea_rates,12.51073941846971
squeezed_Hà Giang,Diarrhoea_rates_lag1,3.4487683430946547
squeezed_Hà Giang,Diarrhoea_rates_lag2,0.6819823287248895
squeezed_Hà Giang,Diarrhoea_rates_lag3,0.1929705083238831
squeezed_Hà Giang,Diarrhoea_rates_lag4,0.8991279541418741
squeezed_Hà Giang,Diarrhoea_rates_lag5,0.583790625151852
squeezed_Hà Giang,Diarrhoea_rates_lag6,0.37597416089173924
squeezed_Hà Giang,Diarrhoea_rates_lag7,0.20580036735744603
squeezed_Hà Giang,Diarrhoea_rates_lag8,0.4620388336713605
squeezed_Hà Giang,Diarrhoea_rates_lag9,0.42678087816442495
squeezed_Hà Giang,Diarrhoea_rates_lag10,0.5121359040271117
squeezed_Hà Giang,Diarrhoea_rates_lag11,0.6766856554693481
squeezed_Hà Giang,Diarrhoea_rates_lag12,0.13072301683852802
squeezed_Hà Giang,Total_Evaporation_lag1,0.010352897364211215
squeezed_Hà Giang,Total_Evaporation_lag2,0.24401979708633206
squeezed_Hà Giang,Total_Evaporation_lag3,0.04881542551789098
squeezed_Hà Giang,Total_Evaporation_lag4,0.015208481509400539
squeezed_Hà Giang,Total_Evaporation_lag5,0.02587662466249863
squeezed_Hà Giang,Total_Evaporation_lag6,0.020309749179183
squeezed_Hà Giang,Total_Evaporation_lag7,0.026447314607707367
squeezed_Hà Giang,Total_Evaporation_lag8,0.09312439559787739
squeezed_Hà Giang,Total_Evaporation_lag9,0.01811586426927621
squeezed_Hà Giang,Total_Evaporation_lag10,0.0
squeezed_Hà Giang,Total_Evaporation_lag11,0.2423797296029414
squeezed_Hà Giang,Total_Evaporation_lag12,0.07437599897617826
squeezed_Hà Giang,Total_Rainfall_lag1,0.39895513927564413
squeezed_Hà Giang,Total_Rainfall_lag2,0.8414662846050986
squeezed_Hà Giang,Total_Rainfall_lag3,0.1731898605811739
squeezed_Hà Giang,Total_Rainfall_lag4,0.14053339349132613
squeezed_Hà Giang,Total_Rainfall_lag5,0.015077922361421026
squeezed_Hà Giang,Total_Rainfall_lag6,0.10950915831334501
squeezed_Hà Giang,Total_Rainfall_lag7,0.12696368972097688
squeezed_Hà Giang,Total_Rainfall_lag8,0.031588496247167155
squeezed_Hà Giang,Total_Rainfall_lag9,0.2060649730307651
squeezed_Hà Giang,Total_Rainfall_lag10,0.16522788016775783
squeezed_Hà Giang,Total_Rainfall_lag11,0.10620927792814289
squeezed_Hà Giang,Total_Rainfall_lag12,0.07405592348241005
squeezed_Hà Giang,Max_Daily_Rainfall_lag1,0.2568584777661908
squeezed_Hà Giang,Max_Daily_Rainfall_lag2,0.1127123614448462
squeezed_Hà Giang,Max_Daily_Rainfall_lag3,0.012955073460046672
squeezed_Hà Giang,Max_Daily_Rainfall_lag4,0.03765099306842442
squeezed_Hà Giang,Max_Daily_Rainfall_lag5,0.016550472510051505
squeezed_Hà Giang,Max_Daily_Rainfall_lag6,0.057752626189059304
squeezed_Hà Giang,Max_Daily_Rainfall_lag7,0.031361256974649816
squeezed_Hà Giang,Max_Daily_Rainfall_lag8,0.125456822524225
squeezed_Hà Giang,Max_Daily_Rainfall_lag9,0.32782387047776607
squeezed_Hà Giang,Max_Daily_Rainfall_lag10,0.03617195676255525
squeezed_Hà Giang,Max_Daily_Rainfall_lag11,0.19076079256637454
squeezed_Hà Giang,Max_Daily_Rainfall_lag12,0.24747694798149367
squeezed_Hà Giang,n_raining_days_lag1,0.003582323793518989
squeezed_Hà Giang,n_raining_days_lag2,0.1879634495061343
squeezed_Hà Giang,n_raining_days_lag3,0.03838703522180407
squeezed_Hà Giang,n_raining_days_lag4,0.030661669607176183
squeezed_Hà Giang,n_raining_days_lag5,0.004235157564253555
squeezed_Hà Giang,n_raining_days_lag6,0.005813239085690136
squeezed_Hà Giang,n_raining_days_lag7,0.0
squeezed_Hà Giang,n_raining_days_lag8,0.09798865199505498
squeezed_Hà Giang,n_raining_days_lag9,0.08424981637641048
squeezed_Hà Giang,n_raining_days_lag10,0.1466140657326193
squeezed_Hà Giang,n_raining_days_lag11,0.009244290826225654
squeezed_Hà Giang,n_raining_days_lag12,0.06335151580146049
squeezed_Hà Giang,Average_temperature_lag1,0.04517435388365056
squeezed_Hà Giang,Average_temperature_lag2,0.0
squeezed_Hà Giang,Average_temperature_lag3,0.1763665901195108
squeezed_Hà Giang,Average_temperature_lag4,0.006944089191222343
squeezed_Hà Giang,Average_temperature_lag5,0.028573253820841263
squeezed_Hà Giang,Average_temperature_lag6,0.052585336832071505
squeezed_Hà Giang,Average_temperature_lag7,0.08169900499964806
squeezed_Hà Giang,Average_temperature_lag8,0.0448478014503601
squeezed_Hà Giang,Average_temperature_lag9,0.04582071492797359
squeezed_Hà Giang,Average_temperature_lag10,0.020106601511718745
squeezed_Hà Giang,Average_temperature_lag11,0.06575036604715392
squeezed_Hà Giang,Average_temperature_lag12,0.049153381608872504
squeezed_Hà Giang,Max_Average_Temperature_lag1,0.1999721710206063
squeezed_Hà Giang,Max_Average_Temperature_lag2,0.25052199310516965
squeezed_Hà Giang,Max_Average_Temperature_lag3,0.0833341093931886
squeezed_Hà Giang,Max_Average_Temperature_lag4,0.005681209100244036
squeezed_Hà Giang,Max_Average_Temperature_lag5,0.23345844220874515
squeezed_Hà Giang,Max_Average_Temperature_lag6,0.023716806124804774
squeezed_Hà Giang,Max_Average_Temperature_lag7,0.038056641601193576
squeezed_Hà Giang,Max_Average_Temperature_lag8,0.17169950702490164
squeezed_Hà Giang,Max_Average_Temperature_lag9,0.04690275385937261
squeezed_Hà Giang,Max_Average_Temperature_lag10,0.08022591549826526
squeezed_Hà Giang,Max_Average_Temperature_lag11,0.09537142853817342
squeezed_Hà Giang,Max_Average_Temperature_lag12,0.04955400981900148
squeezed_Hà Giang,Min_Average_Temperature_lag1,0.013916896566421309
squeezed_Hà Giang,Min_Average_Temperature_lag2,0.07475915889358589
squeezed_Hà Giang,Min_Average_Temperature_lag3,0.05651948677181049
squeezed_Hà Giang,Min_Average_Temperature_lag4,0.210415238280083
squeezed_Hà Giang,Min_Average_Temperature_lag5,0.012831502687254135
squeezed_Hà Giang,Min_Average_Temperature_lag6,0.03394538211843355
squeezed_Hà Giang,Min_Average_Temperature_lag7,0.07224284800014495
squeezed_Hà Giang,Min_Average_Temperature_lag8,0.012257480735578292
squeezed_Hà Giang,Min_Average_Temperature_lag9,0.0066066968440223126
squeezed_Hà Giang,Min_Average_Temperature_lag10,0.03421108488482786
squeezed_Hà Giang,Min_Average_Temperature_lag11,0.1142438075134114
squeezed_Hà Giang,Min_Average_Temperature_lag12,0.06635875961264584
squeezed_Hà Giang,Max_Absolute_Temperature_lag1,0.2188379770734631
squeezed_Hà Giang,Max_Absolute_Temperature_lag2,0.07889789920994998
squeezed_Hà Giang,Max_Absolute_Temperature_lag3,0.024533463222081015
squeezed_Hà Giang,Max_Absolute_Temperature_lag4,0.13644797407426326
squeezed_Hà Giang,Max_Absolute_Temperature_lag5,0.04208228653548934
squeezed_Hà Giang,Max_Absolute_Temperature_lag6,0.006601285948615299
squeezed_Hà Giang,Max_Absolute_Temperature_lag7,0.1824640706722069
squeezed_Hà Giang,Max_Absolute_Temperature_lag8,0.016195867190381453
squeezed_Hà Giang,Max_Absolute_Temperature_lag9,0.001847344179290932
squeezed_Hà Giang,Max_Absolute_Temperature_lag10,0.06727094234980131
squeezed_Hà Giang,Max_Absolute_Temperature_lag11,0.12332876324110864
squeezed_Hà Giang,Max_Absolute_Temperature_lag12,0.07570627442630597
squeezed_Hà Giang,Min_Absolute_Temperature_lag1,0.050575615192938524
squeezed_Hà Giang,Min_Absolute_Temperature_lag2,0.16547696248882549
squeezed_Hà Giang,Min_Absolute_Temperature_lag3,0.21556641786084696
squeezed_Hà Giang,Min_Absolute_Temperature_lag4,0.2616888606583758
squeezed_Hà Giang,Min_Absolute_Temperature_lag5,0.08102119839504605
squeezed_Hà Giang,Min_Absolute_Temperature_lag6,0.035483379243916806
squeezed_Hà Giang,Min_Absolute_Temperature_lag7,0.20276538335449626
squeezed_Hà Giang,Min_Absolute_Temperature_lag8,0.11346213209583396
squeezed_Hà Giang,Min_Absolute_Temperature_lag9,0.015442761370872646
squeezed_Hà Giang,Min_Absolute_Temperature_lag10,0.021872659751449215
squeezed_Hà Giang,Min_Absolute_Temperature_lag11,0.016469001793743696
squeezed_Hà Giang,Min_Absolute_Temperature_lag12,0.4477001035804204
squeezed_Hà Giang,Average_Humidity_lag1,0.017668459631741285
squeezed_Hà Giang,Average_Humidity_lag2,0.014611376673723442
squeezed_Hà Giang,Average_Humidity_lag3,0.0015779099113305466
squeezed_Hà Giang,Average_Humidity_lag4,0.05949786273086701
squeezed_Hà Giang,Average_Humidity_lag5,0.12143478998688828
squeezed_Hà Giang,Average_Humidity_lag6,0.009382756085119187
squeezed_Hà Giang,Average_Humidity_lag7,0.035947598790644526
squeezed_Hà Giang,Average_Humidity_lag8,0.09285734293347686
squeezed_Hà Giang,Average_Humidity_lag9,0.049512787456039896
squeezed_Hà Giang,Average_Humidity_lag10,0.024918633960834397
squeezed_Hà Giang,Average_Humidity_lag11,0.06042613419042595
squeezed_Hà Giang,Average_Humidity_lag12,0.059340076752050795
squeezed_Hà Giang,Min_Humidity_lag1,0.02155912545057001
squeezed_Hà Giang,Min_Humidity_lag2,0.10611617892496607
squeezed_Hà Giang,Min_Humidity_lag3,0.09001556715494334
squeezed_Hà Giang,Min_Humidity_lag4,0.023379139153840867
squeezed_Hà Giang,Min_Humidity_lag5,0.006505854551921787
squeezed_Hà Giang,Min_Humidity_lag6,0.015324676561987704
squeezed_Hà Giang,Min_Humidity_lag7,0.16580986057425404
squeezed_Hà Giang,Min_Humidity_lag8,0.05149433705969072
squeezed_Hà Giang,Min_Humidity_lag9,0.013130349098963755
squeezed_Hà Giang,Min_Humidity_lag10,0.009182369347727391
squeezed_Hà Giang,Min_Humidity_lag11,0.15923365662786423
squeezed_Hà Giang,Min_Humidity_lag12,0.06807993346561712
squeezed_Hà Giang,n_hours_sunshine_lag1,0.04766265423492378
squeezed_Hà Giang,n_hours_sunshine_lag2,0.07700824095728188
squeezed_Hà Giang,n_hours_sunshine_lag3,0.028620411618179926
squeezed_Hà Giang,n_hours_sunshine_lag4,0.15237591495468597
squeezed_Hà Giang,n_hours_sunshine_lag5,0.005231279627016746
squeezed_Hà Giang,n_hours_sunshine_lag6,0.09906194144113904
squeezed_Hà Giang,n_hours_sunshine_lag7,0.03734580459014542
squeezed_Hà Giang,n_hours_sunshine_lag8,0.039286018023864784
squeezed_Hà Giang,n_hours_sunshine_lag9,0.004785390335003595
squeezed_Hà Giang,n_hours_sunshine_lag10,0.06565081807311597
squeezed_Hà Giang,n_hours_sunshine_lag11,0.007216447309257916
squeezed_Hà Giang,n_hours_sunshine_lag12,0.10943980105583982
squeezed_Hà Giang,population_male_lag1,0.0
squeezed_Hà Giang,population_male_lag2,0.05172016737738184
squeezed_Hà Giang,population_male_lag3,0.006890561875527175
squeezed_Hà Giang,population_male_lag4,0.2740678589083559
squeezed_Hà Giang,population_male_lag5,0.0
squeezed_Hà Giang,population_male_lag6,0.0008030585364055031
squeezed_Hà Giang,population_male_lag7,0.0006774826426576669
squeezed_Hà Giang,population_male_lag8,0.0
squeezed_Hà Giang,population_male_lag9,0.0
squeezed_Hà Giang,population_male_lag10,0.30735702189776437
squeezed_Hà Giang,population_male_lag11,0.0
squeezed_Hà Giang,population_male_lag12,0.012178453256806344
squeezed_Hà Giang,population_female_lag1,0.0
squeezed_Hà Giang,population_female_lag2,0.005955180310691578
squeezed_Hà Giang,population_female_lag3,0.0
squeezed_Hà Giang,population_female_lag4,0.0
squeezed_Hà Giang,population_female_lag5,0.009712159907147246
squeezed_Hà Giang,population_female_lag6,0.04431235996571892
squeezed_Hà Giang,population_female_lag7,0.0
squeezed_Hà Giang,population_female_lag8,0.0
squeezed_Hà Giang,population_female_lag9,0.001239416011147584
squeezed_Hà Giang,population_female_lag10,0.07313711841995686
squeezed_Hà Giang,population_female_lag11,0.0
squeezed_Hà Giang,population_female_lag12,0.0
squeezed_Hà Giang,population_urban_lag1,0.14637317404687533
squeezed_Hà Giang,population_urban_lag2,0.04032353502734975
squeezed_Hà Giang,population_urban_lag3,0.007537077530257375
squeezed_Hà Giang,population_urban_lag4,0.0032081423407258262
squeezed_Hà Giang,population_urban_lag5,0.08896160948239833
squeezed_Hà Giang,population_urban_lag6,0.003115873170372508
squeezed_Hà Giang,population_urban_lag7,0.21942254013772558
squeezed_Hà Giang,population_urban_lag8,0.0
squeezed_Hà Giang,population_urban_lag9,0.0030509772783779755
squeezed_Hà Giang,population_urban_lag10,0.012827209752398311
squeezed_Hà Giang,population_urban_lag11,0.7443429131755259
squeezed_Hà Giang,population_urban_lag12,0.04366860975731187
squeezed_Hà Giang,population_countryside_lag1,0.028686870942467912
squeezed_Hà Giang,population_countryside_lag2,0.015830735793913992
squeezed_Hà Giang,population_countryside_lag3,0.007109460567009053
squeezed_Hà Giang,population_countryside_lag4,0.012943036490525748
squeezed_Hà Giang,population_countryside_lag5,0.0
squeezed_Hà Giang,population_countryside_lag6,0.007326438811150873
squeezed_Hà Giang,population_countryside_lag7,0.00212765550365767
squeezed_Hà Giang,population_countryside_lag8,0.0
squeezed_Hà Giang,population_countryside_lag9,0.0
squeezed_Hà Giang,population_countryside_lag10,0.0
squeezed_Hà Giang,population_countryside_lag11,0.02444051640565634
squeezed_Hà Giang,population_countryside_lag12,0.03921543274655345
squeezed_Hà Giang,Dengue_fever_rates_lag1,0.3895869513915003
squeezed_Hà Giang,Dengue_fever_rates_lag2,0.014867702392398445
squeezed_Hà Giang,Dengue_fever_rates_lag3,0.05617942487472676
squeezed_Hà Giang,Dengue_fever_rates_lag4,0.012575248160996547
squeezed_Hà Giang,Dengue_fever_rates_lag5,0.0020730292515532
squeezed_Hà Giang,Dengue_fever_rates_lag6,0.04198269133075128
squeezed_Hà Giang,Dengue_fever_rates_lag7,0.0071294697412102185
squeezed_Hà Giang,Dengue_fever_rates_lag8,0.1337477313378221
squeezed_Hà Giang,Dengue_fever_rates_lag9,0.023601741708973435
squeezed_Hà Giang,Dengue_fever_rates_lag10,0.11099182873271647
squeezed_Hà Giang,Dengue_fever_rates_lag11,0.19215156177250212
squeezed_Hà Giang,Dengue_fever_rates_lag12,0.007486654921649897
squeezed_Hà Giang,Influenza_rates_lag1,0.10359684721609157
squeezed_Hà Giang,Influenza_rates_lag2,0.32204288959568333
squeezed_Hà Giang,Influenza_rates_lag3,0.11853000107579399
squeezed_Hà Giang,Influenza_rates_lag4,0.040169998904251235
squeezed_Hà Giang,Influenza_rates_lag5,0.11823539432375248
squeezed_Hà Giang,Influenza_rates_lag6,0.11710713940077572
squeezed_Hà Giang,Influenza_rates_lag7,0.18125420340735166
squeezed_Hà Giang,Influenza_rates_lag8,0.04991634844214146
squeezed_Hà Giang,Influenza_rates_lag9,0.02679331660315352
squeezed_Hà Giang,Influenza_rates_lag10,0.2027907727683622
squeezed_Hà Giang,Influenza_rates_lag11,0.13255433590048052
squeezed_Hà Giang,Influenza_rates_lag12,0.1676818466553985
squeezed_Hà Giang,Diarrhoea_rates_rollmean_3,4.327156905121978
squeezed_Hà Giang,Diarrhoea_rates_rollstd_3,0.14695667305074228
squeezed_Hà Giang,Diarrhoea_rates_rollmean_6,1.765446984861627
squeezed_Hà Giang,Diarrhoea_rates_rollstd_6,0.041816842282233764
squeezed_Hà Giang,month_sin,2.1545874390527993
squeezed_Hà Giang,month_cos,1.0345583581414097
squeezed_Hà Nội,Total_Evaporation,0.03235312425894194
squeezed_Hà Nội,Total_Rainfall,0.04895215923548069
squeezed_Hà Nội,Max_Daily_Rainfall,0.05615939029941463
squeezed_Hà Nội,n_raining_days,0.06674551752033472
squeezed_Hà Nội,Average_temperature,0.05906225922662201
squeezed_Hà Nội,Max_Average_Temperature,0.09796490017312177
squeezed_Hà Nội,Min_Average_Temperature,0.008646408875931615
squeezed_Hà Nội,Max_Absolute_Temperature,0.06382488117514142
squeezed_Hà Nội,Min_Absolute_Temperature,0.35209624434528625
squeezed_Hà Nội,Average_Humidity,0.017587648155585583
squeezed_Hà Nội,Min_Humidity,0.15113672976103998
squeezed_Hà Nội,n_hours_sunshine,0.12371797635752697
squeezed_Hà Nội,population_male,0.0375269785102065
squeezed_Hà Nội,population_female,0.0019235590144978242
squeezed_Hà Nội,population_urban,0.12771122859028639
squeezed_Hà Nội,population_countryside,0.022280461065270398
squeezed_Hà Nội,Diarrhoea_rates,48.61926836379296
squeezed_Hà Nội,Diarrhoea_rates_lag1,12.66212672194799
squeezed_Hà Nội,Diarrhoea_rates_lag2,1.4940412625538853
squeezed_Hà Nội,Diarrhoea_rates_lag3,0.07334410715865818
squeezed_Hà Nội,Diarrhoea_rates_lag4,2.4340163422378986
squeezed_Hà Nội,Diarrhoea_rates_lag5,0.8128278019865026
squeezed_Hà Nội,Diarrhoea_rates_lag6,1.8043592036330276
squeezed_Hà Nội,Diarrhoea_rates_lag7,0.19199819317360003
squeezed_Hà Nội,Diarrhoea_rates_lag8,0.29804168517210816
squeezed_Hà Nội,Diarrhoea_rates_lag9,0.11773278952215682
squeezed_Hà Nội,Diarrhoea_rates_lag10,0.5435274465717054
squeezed_Hà Nội,Diarrhoea_rates_lag11,2.843507512968115
squeezed_Hà Nội,Diarrhoea_rates_lag12,1.6338820001135586
squeezed_Hà Nội,Total_Evaporation_lag1,0.02467188994200251
squeezed_Hà Nội,Total_Evaporation_lag2,0.30360646758536713
squeezed_Hà Nội,Total_Evaporation_lag3,0.036794795002365696
squeezed_Hà Nội,Total_Evaporation_lag4,0.008128684536417517
squeezed_Hà Nội,Total_Evaporation_lag5,0.017615063805021463
squeezed_Hà Nội,Total_Evaporation_lag6,0.014061491800790927
squeezed_Hà Nội,Total_Evaporation_lag7,0.01773484069500598
squeezed_Hà Nội,Total_Evaporation_lag8,0.10080612395926954
squeezed_Hà Nội,Total_Evaporation_lag9,0.015394825317571907
squeezed_Hà Nội,Total_Evaporation_lag10,0.0
squeezed_Hà Nội,Total_Evaporation_lag11,0.17375571554402366
squeezed_Hà Nội,Total_Evaporation_lag12,0.07447464647590847
squeezed_Hà Nội,Total_Rainfall_lag1,0.6657925645940558
squeezed_Hà Nội,Total_Rainfall_lag2,0.6641837079545566
squeezed_Hà Nội,Total_Rainfall_lag3,0.2084875464601796
squeezed_Hà Nội,Total_Rainfall_lag4,0.12762733637978838
squeezed_Hà Nội,Total_Rainfall_lag5,0.012765801503551222
squeezed_Hà Nội,Total_Rainfall_lag6,0.07944785990359424
squeezed_Hà Nội,Total_Rainfall_lag7,0.05677349741226972
squeezed_Hà Nội,Total_Rainfall_lag8,0.0317606866368581
squeezed_Hà Nội,Total_Rainfall_lag9,0.11716113908149879
squeezed_Hà Nội,Total_Rainfall_lag10,0.1856574838591374
squeezed_Hà Nội,Total_Rainfall_lag11,0.12024553865361932
squeezed_Hà Nội,Total_Rainfall_lag12,0.0317854086224873
squeezed_Hà Nội,Max_Daily_Rainfall_lag1,0.12518782446359442
squeezed_Hà Nội,Max_Daily_Rainfall_lag2,0.09897261600167499
squeezed_Hà Nội,Max_Daily_Rainfall_lag3,0.015321012012330187
squeezed_Hà Nội,Max_Daily_Rainfall_lag4,0.04811417289137341
squeezed_Hà Nội,Max_Daily_Rainfall_lag5,0.05699662558827764
squeezed_Hà Nội,Max_Daily_Rainfall_lag6,0.05569503180854168
squeezed_Hà Nội,Max_Daily_Rainfall_lag7,0.0428581066901245
squeezed_Hà Nội,Max_Daily_Rainfall_lag8,0.2208278903917064
squeezed_Hà Nội,Max_Daily_Rainfall_lag9,0.5903529711934626
squeezed_Hà Nội,Max_Daily_Rainfall_lag10,0.02295519289673906
squeezed_Hà Nội,Max_Daily_Rainfall_lag11,0.28148525720591405
squeezed_Hà Nội,Max_Daily_Rainfall_lag12,0.19388849946484452
squeezed_Hà Nội,n_raining_days_lag1,0.004531198871562658
squeezed_Hà Nội,n_raining_days_lag2,0.10583034001712233
squeezed_Hà Nội,n_raining_days_lag3,0.026748973621557103
squeezed_Hà Nội,n_raining_days_lag4,0.05951826130935703
squeezed_Hà Nội,n_raining_days_lag5,0.002400009937552869
squeezed_Hà Nội,n_raining_days_lag6,0.004707177737142699
squeezed_Hà Nội,n_raining_days_lag7,0.0
squeezed_Hà Nội,n_raining_days_lag8,0.020397734369647324
squeezed_Hà Nội,n_raining_days_lag9,0.09716065140625348
squeezed_Hà Nội,n_raining_days_lag10,0.09867836426878063
squeezed_Hà Nội,n_raining_days_lag11,0.00787699186465607
squeezed_Hà Nội,n_raining_days_lag12,0.048386239323674744
squeezed_Hà Nội,Average_temperature_lag1,0.42899499117828827
squeezed_Hà Nội,Average_temperature_lag2,0.0
squeezed_Hà Nội,Average_temperature_lag3,0.14436085355541503
squeezed_Hà Nội,Average_temperature_lag4,0.004775665585651631
squeezed_Hà Nội,Average_temperature_lag5,0.028913687857749785
squeezed_Hà Nội,Average_temperature_lag6,0.05248892055725962
squeezed_Hà Nội,Average_temperature_lag7,0.08852300631565142
squeezed_Hà Nội,Average_temperature_lag8,0.04413261211156499
squeezed_Hà Nội,Average_temperature_lag9,0.06515699516730182
squeezed_Hà Nội,Average_temperature_lag10,0.009550685178017736
squeezed_Hà Nội,Average_temperature_lag11,0.0998148307595061
squeezed_Hà Nội,Average_temperature_lag12,0.043273292603655235
squeezed_Hà Nội,Max_Average_Temperature_lag1,0.7694893678807068
squeezed_Hà Nội,Max_Average_Temperature_lag2,0.3133219508927763
squeezed_Hà Nội,Max_Average_Temperature_lag3,0.0873252069730245
squeezed_Hà Nội,Max_Average_Temperature_lag4,0.007240649046662751
squeezed_Hà Nội,Max_Average_Temperature_lag5,0.29238496402837216
squeezed_Hà Nội,Max_Average_Temperature_lag6,0.023178739654626634
squeezed_Hà Nội,Max_Average_Temperature_lag7,0.038362638608940895
squeezed_Hà Nội,Max_Average_Temperature_lag8,0.5282500417852508
squeezed_Hà Nội,Max_Average_Temperature_lag9,0.006057340329331258
squeezed_Hà Nội,Max_Average_Temperature_lag10,0.07736224903330528
squeezed_Hà Nội,Max_Average_Temperature_lag11,0.11660030917341598
squeezed_Hà Nội,Max_Average_Temperature_lag12,0.23037768926865457
squeezed_Hà Nội,Min_Average_Temperature_lag1,0.013916896566421309
squeezed_Hà Nội,Min_Average_Temperature_lag2,0.053324238534950774
squeezed_Hà Nội,Min_Average_Temperature_lag3,0.0841401788211522
squeezed_Hà Nội,Min_Average_Temperature_lag4,0.19193336438536093
squeezed_Hà Nội,Min_Average_Temperature_lag5,0.013509524386315695
squeezed_Hà Nội,Min_Average_Temperature_lag6,0.020495965250585776
squeezed_Hà Nội,Min_Average_Temperature_lag7,0.09959053749490632
squeezed_Hà Nội,Min_Average_Temperature_lag8,0.00992255953233744
squeezed_Hà Nội,Min_Average_Temperature_lag9,0.015300489604681148
squeezed_Hà Nội,Min_Average_Temperature_lag10,0.09107011301707973
squeezed_Hà Nội,Min_Average_Temperature_lag11,0.25295949080634894
squeezed_Hà Nội,Min_Average_Temperature_lag12,0.15381229038247315
squeezed_Hà Nội,Max_Absolute_Temperature_lag1,0.23130866740259728
squeezed_Hà Nội,Max_Absolute_Temperature_lag2,0.07464194419020152
squeezed_Hà Nội,Max_Absolute_Temperature_lag3,0.02928149417681433
squeezed_Hà Nội,Max_Absolute_Temperature_lag4,0.11046140995603905
squeezed_Hà Nội,Max_Absolute_Temperature_lag5,0.10424521604857917
squeezed_Hà Nội,Max_Absolute_Temperature_lag6,0.006780566357148778
squeezed_Hà Nội,Max_Absolute_Temperature_lag7,0.2028325716831606
squeezed_Hà Nội,Max_Absolute_Temperature_lag8,0.01289006634816998
squeezed_Hà Nội,Max_Absolute_Temperature_lag9,0.001977691785824349
squeezed_Hà Nội,Max_Absolute_Temperature_lag10,0.05218641931651568
squeezed_Hà Nội,Max_Absolute_Temperature_lag11,0.1501175626330927
squeezed_Hà Nội,Max_Absolute_Temperature_lag12,0.07137061241034515
squeezed_Hà Nội,Min_Absolute_Temperature_lag1,0.1231227050181715
squeezed_Hà Nội,Min_Absolute_Temperature_lag2,0.1712121778909473
squeezed_Hà Nội,Min_Absolute_Temperature_lag3,0.1407733787817678
squeezed_Hà Nội,Min_Absolute_Temperature_lag4,0.27476163337663967
squeezed_Hà Nội,Min_Absolute_Temperature_lag5,0.06622385451036637
squeezed_Hà Nội,Min_Absolute_Temperature_lag6,0.02623357770250202
squeezed_Hà Nội,Min_Absolute_Temperature_lag7,0.11390246802354848
squeezed_Hà Nội,Min_Absolute_Temperature_lag8,0.0933453345161906
squeezed_Hà Nội,Min_Absolute_Temperature_lag9,0.031059714379543895
squeezed_Hà Nội,Min_Absolute_Temperature_lag10,0.019285536989535407
squeezed_Hà Nội,Min_Absolute_Temperature_lag11,0.08868184890939078
squeezed_Hà Nội,Min_Absolute_Temperature_lag12,0.26117862058724334
squeezed_Hà Nội,Average_Humidity_lag1,0.027968868396289565
squeezed_Hà Nội,Average_Humidity_lag2,0.008262703319584447
squeezed_Hà Nội,Average_Humidity_lag3,0.0008912827758312548
squeezed_Hà Nội,Average_Humidity_lag4,0.11085468238426188
squeezed_Hà Nội,Average_Humidity_lag5,0.05484584398047349
squeezed_Hà Nội,Average_Humidity_lag6,0.02851229714206963
squeezed_Hà Nội,Average_Humidity_lag7,0.046143758138272484
squeezed_Hà Nội,Average_Humidity_lag8,0.07416226396171131
squeezed_Hà Nội,Average_Humidity_lag9,0.04573928799071583
squeezed_Hà Nội,Average_Humidity_lag10,0.013176236524513938
squeezed_Hà Nội,Average_Humidity_lag11,0.02175340408942386
squeezed_Hà Nội,Average_Humidity_lag12,0.11249863899854072
squeezed_Hà Nội,Min_Humidity_lag1,0.12090954365018243
squeezed_Hà Nội,Min_Humidity_lag2,0.14184929817929726
squeezed_Hà Nội,Min_Humidity_lag3,0.11898697732388137
squeezed_Hà Nội,Min_Humidity_lag4,0.018068209274076562
squeezed_Hà Nội,Min_Humidity_lag5,0.005565181990789213
squeezed_Hà Nội,Min_Humidity_lag6,0.004732899318449987
squeezed_Hà Nội,Min_Humidity_lag7,0.1626499750908112
squeezed_Hà Nội,Min_Humidity_lag8,0.09263887708467838
squeezed_Hà Nội,Min_Humidity_lag9,0.01678439275439396
squeezed_Hà Nội,Min_Humidity_lag10,0.008458578723659923
squeezed_Hà Nội,Min_Humidity_lag11,0.09821572134495393
squeezed_Hà Nội,Min_Humidity_lag12,0.018571788587423307
squeezed_Hà Nội,n_hours_sunshine_lag1,0.10372940887618683
squeezed_Hà Nội,n_hours_sunshine_lag2,0.07016464300617851
squeezed_Hà Nội,n_hours_sunshine_lag3,0.037335931599191706
squeezed_Hà Nội,n_hours_sunshine_lag4,0.09091401795512417
squeezed_Hà Nội,n_hours_sunshine_lag5,0.006595743149181626
squeezed_Hà Nội,n_hours_sunshine_lag6,0.12673571049083468
squeezed_Hà Nội,n_hours_sunshine_lag7,0.028764623230979083
squeezed_Hà Nội,n_hours_sunshine_lag8,0.042966686026276506
squeezed_Hà Nội,n_hours_sunshine_lag9,0.006124438983282322
squeezed_Hà Nội,n_hours_sunshine_lag10,0.07298378670025281
squeezed_Hà Nội,n_hours_sunshine_lag11,0.0470750904670779
squeezed_Hà Nội,n_hours_sunshine_lag12,0.08274374647379187
squeezed_Hà Nội,population_male_lag1,0.0
squeezed_Hà Nội,population_male_lag2,0.052562212664835496
squeezed_Hà Nội,population_male_lag3,0.00635418143527411
squeezed_Hà Nội,population_male_lag4,0.26934870916502074
squeezed_Hà Nội,population_male_lag5,0.0
squeezed_Hà Nội,population_male_lag6,0.0008103937097084345
squeezed_Hà Nội,population_male_lag7,0.006569036556625614
squeezed_Hà Nội,population_male_lag8,0.0
squeezed_Hà Nội,population_male_lag9,0.0
squeezed_Hà Nội,population_male_lag10,0.3124188090454109
squeezed_Hà Nội,population_male_lag11,0.0
squeezed_Hà Nội,population_male_lag12,0.01317860903525196
squeezed_Hà Nội,population_female_lag1,0.0
squeezed_Hà Nội,population_female_lag2,0.005216398089286437
squeezed_Hà Nội,population_female_lag3,0.0
squeezed_Hà Nội,population_female_lag4,0.0
squeezed_Hà Nội,population_female_lag5,0.009833482821344318
squeezed_Hà Nội,population_female_lag6,0.26578429176703444
squeezed_Hà Nội,population_female_lag7,0.0
squeezed_Hà Nội,population_female_lag8,0.0
squeezed_Hà Nội,population_female_lag9,0.001805956199167698
squeezed_Hà Nội,population_female_lag10,0.0028656896103903162
squeezed_Hà Nội,population_female_lag11,0.0
squeezed_Hà Nội,population_female_lag12,0.0
squeezed_Hà Nội,population_urban_lag1,0.24607399704427746
squeezed_Hà Nội,population_urban_lag2,0.028409776742930506
squeezed_Hà Nội,population_urban_lag3,0.0063532538838354255
squeezed_Hà Nội,population_urban_lag4,0.0032655093505900394
squeezed_Hà Nội,population_urban_lag5,0.09109140709716974
squeezed_Hà Nội,population_urban_lag6,0.20392535119054792
squeezed_Hà Nội,population_urban_lag7,0.8236700815004959
squeezed_Hà Nội,population_urban_lag8,0.0
squeezed_Hà Nội,population_urban_lag9,0.0030509772783779755
squeezed_Hà Nội,population_urban_lag10,0.003122092675828795
squeezed_Hà Nội,population_urban_lag11,0.7390825167081458
squeezed_Hà Nội,population_urban_lag12,0.042684903988069935
squeezed_Hà Nội,population_countryside_lag1,0.005717425419425353
squeezed_Hà Nội,population_countryside_lag2,0.06873954770300066
squeezed_Hà Nội,population_countryside_lag3,0.005184683217626339
squeezed_Hà Nội,population_countryside_lag4,0.013513976789088325
squeezed_Hà Nội,population_countryside_lag5,0.0
squeezed_Hà Nội,population_countryside_lag6,0.04027865860071945
squeezed_Hà Nội,population_countryside_lag7,0.3123160547491948
squeezed_Hà Nội,population_countryside_lag8,0.0
squeezed_Hà Nội,population_countryside_lag9,0.0
squeezed_Hà Nội,population_countryside_lag10,0.0
squeezed_Hà Nội,population_countryside_lag11,0.06245011819760803
squeezed_Hà Nội,population_countryside_lag12,0.4334173208018633
squeezed_Hà Nội,Dengue_fever_rates_lag1,0.17835241514053035
squeezed_Hà Nội,Dengue_fever_rates_lag2,0.14605214275312092
squeezed_Hà Nội,Dengue_fever_rates_lag3,0.11835489584680825
squeezed_Hà Nội,Dengue_fever_rates_lag4,0.16967542329042576
squeezed_Hà Nội,Dengue_fever_rates_lag5,0.005433518775123651
squeezed_Hà Nội,Dengue_fever_rates_lag6,0.04562496295744686
squeezed_Hà Nội,Dengue_fever_rates_lag7,0.00964465046040886
squeezed_Hà Nội,Dengue_fever_rates_lag8,0.35701105726682086
squeezed_Hà Nội,Dengue_fever_rates_lag9,0.15522127124736407
squeezed_Hà Nội,Dengue_fever_rates_lag10,0.41101430951332224
squeezed_Hà Nội,Dengue_fever_rates_lag11,1.185866897910494
squeezed_Hà Nội,Dengue_fever_rates_lag12,0.18016745041865798
squeezed_Hà Nội,Influenza_rates_lag1,0.0945159968547404
squeezed_Hà Nội,Influenza_rates_lag2,0.2965556567963668
squeezed_Hà Nội,Influenza_rates_lag3,0.10981345158856608
squeezed_Hà Nội,Influenza_rates_lag4,0.21728187884636183
squeezed_Hà Nội,Influenza_rates_lag5,0.11799734149123041
squeezed_Hà Nội,Influenza_rates_lag6,0.19976309901629807
squeezed_Hà Nội,Influenza_rates_lag7,0.29621560805861585
squeezed_Hà Nội,Influenza_rates_lag8,0.15715448193710838
squeezed_Hà Nội,Influenza_rates_lag9,0.02304857943177682
squeezed_Hà Nội,Influenza_rates_lag10,0.484820531510524
squeezed_Hà Nội,Influenza_rates_lag11,0.8431801343243813
squeezed_Hà Nội,Influenza_rates_lag12,0.04427903989650134
squeezed_Hà Nội,Diarrhoea_rates_rollmean_3,8.629358050559594
squeezed_Hà Nội,Diarrhoea_rates_rollstd_3,0.12028649969864026
squeezed_Hà Nội,Diarrhoea_rates_rollmean_6,2.2682552922281274
squeezed_Hà Nội,Diarrhoea_rates_rollstd_6,0.015099475031877885
squeezed_Hà Nội,month_sin,1.2267003605387423
squeezed_Hà Nội,month_cos,1.6716964337994054
squeezed_Hà Tĩnh,Total_Evaporation,0.02793929474305937
squeezed_Hà Tĩnh,Total_Rainfall,0.7297589932177161
squeezed_Hà Tĩnh,Max_Daily_Rainfall,0.06046311399107429
squeezed_Hà Tĩnh,n_raining_days,0.11868048164688727
squeezed_Hà Tĩnh,Average_temperature,0.06281949559288617
squeezed_Hà Tĩnh,Max_Average_Temperature,0.19354492839216186
squeezed_Hà Tĩnh,Min_Average_Temperature,0.009241259263075728
squeezed_Hà Tĩnh,Max_Absolute_Temperature,0.0723596878301298
squeezed_Hà Tĩnh,Min_Absolute_Temperature,0.3553458824789197
squeezed_Hà Tĩnh,Average_Humidity,0.042110636782492716
squeezed_Hà Tĩnh,Min_Humidity,0.13480153704403972
squeezed_Hà Tĩnh,n_hours_sunshine,0.24472937815213028
squeezed_Hà Tĩnh,population_male,0.06118926323853247
squeezed_Hà Tĩnh,population_female,0.007570233556251774
squeezed_Hà Tĩnh,population_urban,0.12612401316702332
squeezed_Hà Tĩnh,population_countryside,0.03984753125287222
squeezed_Hà Tĩnh,Diarrhoea_rates,31.827038483558983
squeezed_Hà Tĩnh,Diarrhoea_rates_lag1,10.671296592873878
squeezed_Hà Tĩnh,Diarrhoea_rates_lag2,1.6897190737802725
squeezed_Hà Tĩnh,Diarrhoea_rates_lag3,0.1478733278066068
squeezed_Hà Tĩnh,Diarrhoea_rates_lag4,1.8005107091250132
squeezed_Hà Tĩnh,Diarrhoea_rates_lag5,0.8487526703287452
squeezed_Hà Tĩnh,Diarrhoea_rates_lag6,1.3011990693745736
squeezed_Hà Tĩnh,Diarrhoea_rates_lag7,0.20122486866157488
squeezed_Hà Tĩnh,Diarrhoea_rates_lag8,0.6328702046966767
squeezed_Hà Tĩnh,Diarrhoea_rates_lag9,0.24896498103420087
squeezed_Hà Tĩnh,Diarrhoea_rates_lag10,0.8886382481358805
squeezed_Hà Tĩnh,Diarrhoea_rates_lag11,1.3892945183289822
squeezed_Hà Tĩnh,Diarrhoea_rates_lag12,0.5764607037834475
squeezed_Hà Tĩnh,Total_Evaporation_lag1,0.019877122860765633
squeezed_Hà Tĩnh,Total_Evaporation_lag2,0.26238158727737965
squeezed_Hà Tĩnh,Total_Evaporation_lag3,0.11521210734894406
squeezed_Hà Tĩnh,Total_Evaporation_lag4,0.021195899878443072
squeezed_Hà Tĩnh,Total_Evaporation_lag5,0.06636714449527256
squeezed_Hà Tĩnh,Total_Evaporation_lag6,0.027274548777894623
squeezed_Hà Tĩnh,Total_Evaporation_lag7,0.034607217196919185
squeezed_Hà Tĩnh,Total_Evaporation_lag8,0.07885944412654285
squeezed_Hà Tĩnh,Total_Evaporation_lag9,0.034530570888202695
squeezed_Hà Tĩnh,Total_Evaporation_lag10,0.0
squeezed_Hà Tĩnh,Total_Evaporation_lag11,0.3536958971489723
squeezed_Hà Tĩnh,Total_Evaporation_lag12,0.20119846010288367
squeezed_Hà Tĩnh,Total_Rainfall_lag1,0.4810230466185574
squeezed_Hà Tĩnh,Total_Rainfall_lag2,0.6406765480912525
squeezed_Hà Tĩnh,Total_Rainfall_lag3,0.1025289730550658
squeezed_Hà Tĩnh,Total_Rainfall_lag4,0.14006129096504022
squeezed_Hà Tĩnh,Total_Rainfall_lag5,0.02082155675314681
squeezed_Hà Tĩnh,Total_Rainfall_lag6,0.04510506211122112
squeezed_Hà Tĩnh,Total_Rainfall_lag7,0.08065872435159811
squeezed_Hà Tĩnh,Total_Rainfall_lag8,0.1273461527385154
squeezed_Hà Tĩnh,Total_Rainfall_lag9,0.4665534956397766
squeezed_Hà Tĩnh,Total_Rainfall_lag10,0.39502897386013447
squeezed_Hà Tĩnh,Total_Rainfall_lag11,0.2723479052578483
squeezed_Hà Tĩnh,Total_Rainfall_lag12,0.10676590182806316
squeezed_Hà Tĩnh,Max_Daily_Rainfall_lag1,0.1672696718120533
squeezed_Hà Tĩnh,Max_Daily_Rainfall_lag2,0.039945364805886445
squeezed_Hà Tĩnh,Max_Daily_Rainfall_lag3,0.014214176785699138
squeezed_Hà Tĩnh,Max_Daily_Rainfall_lag4,0.041713055032107614
squeezed_Hà Tĩnh,Max_Daily_Rainfall_lag5,0.01469434760695739
squeezed_Hà Tĩnh,Max_Daily_Rainfall_lag6,0.05675755748709882
squeezed_Hà Tĩnh,Max_Daily_Rainfall_lag7,0.22709258990495165
squeezed_Hà Tĩnh,Max_Daily_Rainfall_lag8,1.0473161546151615
squeezed_Hà Tĩnh,Max_Daily_Rainfall_lag9,0.4646977735363207
squeezed_Hà Tĩnh,Max_Daily_Rainfall_lag10,0.0516084623453521
squeezed_Hà Tĩnh,Max_Daily_Rainfall_lag11,0.4540741617373849
squeezed_Hà Tĩnh,Max_Daily_Rainfall_lag12,0.42675348780983446
squeezed_Hà Tĩnh,n_raining_days_lag1,0.006211417315745021
squeezed_Hà Tĩnh,n_raining_days_lag2,0.136411466591398
squeezed_Hà Tĩnh,n_raining_days_lag3,0.023481920195389718
squeezed_Hà Tĩnh,n_raining_days_lag4,0.010940208601823915
squeezed_Hà Tĩnh,n_raining_days_lag5,0.013153261508067999
squeezed_Hà Tĩnh,n_raining_days_lag6,0.0059594921685684485
squeezed_Hà Tĩnh,n_raining_days_lag7,0.0
squeezed_Hà Tĩnh,n_raining_days_lag8,0.0818698385133667
squeezed_Hà Tĩnh,n_raining_days_lag9,0.08432621679037443
squeezed_Hà Tĩnh,n_raining_days_lag10,0.1661373013045422
squeezed_Hà Tĩnh,n_raining_days_lag11,0.009299747921785858
squeezed_Hà Tĩnh,n_raining_days_lag12,0.045466296691430895
squeezed_Hà Tĩnh,Average_temperature_lag1,0.32540794281031576
squeezed_Hà Tĩnh,Average_temperature_lag2,0.0
squeezed_Hà Tĩnh,Average_temperature_lag3,0.14004028141826527
squeezed_Hà Tĩnh,Average_temperature_lag4,0.010999915613807145
squeezed_Hà Tĩnh,Average_temperature_lag5,0.03014188263718541
squeezed_Hà Tĩnh,Average_temperature_lag6,0.04976123760996076
squeezed_Hà Tĩnh,Average_temperature_lag7,0.08778460567425393
squeezed_Hà Tĩnh,Average_temperature_lag8,0.07448569491347914
squeezed_Hà Tĩnh,Average_temperature_lag9,0.05922735285147402
squeezed_Hà Tĩnh,Average_temperature_lag10,0.009784206177683762
squeezed_Hà Tĩnh,Average_temperature_lag11,0.04491635678116257
squeezed_Hà Tĩnh,Average_temperature_lag12,0.04814092693761077
squeezed_Hà Tĩnh,Max_Average_Temperature_lag1,0.26019651887233586
squeezed_Hà Tĩnh,Max_Average_Temperature_lag2,0.46707193823757415
squeezed_Hà Tĩnh,Max_Average_Temperature_lag3,0.11415139380503829
squeezed_Hà Tĩnh,Max_Average_Temperature_lag4,0.0071447966000564465
squeezed_Hà Tĩnh,Max_Average_Temperature_lag5,0.27618717436065604
squeezed_Hà Tĩnh,Max_Average_Temperature_lag6,0.02211960780307462
squeezed_Hà Tĩnh,Max_Average_Temperature_lag7,0.037028497476662585
squeezed_Hà Tĩnh,Max_Average_Temperature_lag8,0.1598993379450818
squeezed_Hà Tĩnh,Max_Average_Temperature_lag9,0.016556587917615554
squeezed_Hà Tĩnh,Max_Average_Temperature_lag10,0.07908226730743124
squeezed_Hà Tĩnh,Max_Average_Temperature_lag11,0.1364288902265964
squeezed_Hà Tĩnh,Max_Average_Temperature_lag12,0.26100766661364944
squeezed_Hà Tĩnh,Min_Average_Temperature_lag1,0.013916896566421309
squeezed_Hà Tĩnh,Min_Average_Temperature_lag2,0.06980051942814487
squeezed_Hà Tĩnh,Min_Average_Temperature_lag3,0.06787959559765354
squeezed_Hà Tĩnh,Min_Average_Temperature_lag4,0.20958627877898398
squeezed_Hà Tĩnh,Min_Average_Temperature_lag5,0.013170513536784915
squeezed_Hà Tĩnh,Min_Average_Temperature_lag6,0.03876525917534635
squeezed_Hà Tĩnh,Min_Average_Temperature_lag7,0.14049533311842385
squeezed_Hà Tĩnh,Min_Average_Temperature_lag8,0.010106434515526569
squeezed_Hà Tĩnh,Min_Average_Temperature_lag9,0.011975970355652723
squeezed_Hà Tĩnh,Min_Average_Temperature_lag10,0.22862918278777042
squeezed_Hà Tĩnh,Min_Average_Temperature_lag11,0.17176596018468568
squeezed_Hà Tĩnh,Min_Average_Temperature_lag12,0.14682615238879282
squeezed_Hà Tĩnh,Max_Absolute_Temperature_lag1,0.30012172923946506
squeezed_Hà Tĩnh,Max_Absolute_Temperature_lag2,0.0655002647297973
squeezed_Hà Tĩnh,Max_Absolute_Temperature_lag3,0.04527820443145845
squeezed_Hà Tĩnh,Max_Absolute_Temperature_lag4,0.10311721563033009
squeezed_Hà Tĩnh,Max_Absolute_Temperature_lag5,0.04330454373416284
squeezed_Hà Tĩnh,Max_Absolute_Temperature_lag6,0.015159974939602259
squeezed_Hà Tĩnh,Max_Absolute_Temperature_lag7,0.4185528892761052
squeezed_Hà Tĩnh,Max_Absolute_Temperature_lag8,0.01612774752533987
squeezed_Hà Tĩnh,Max_Absolute_Temperature_lag9,0.002304272057135052
squeezed_Hà Tĩnh,Max_Absolute_Temperature_lag10,0.054238615886146625
squeezed_Hà Tĩnh,Max_Absolute_Temperature_lag11,0.1409129766606627
squeezed_Hà Tĩnh,Max_Absolute_Temperature_lag12,0.07721183694286339
squeezed_Hà Tĩnh,Min_Absolute_Temperature_lag1,0.06087846580333623
squeezed_Hà Tĩnh,Min_Absolute_Temperature_lag2,0.1594119599543091
squeezed_Hà Tĩnh,Min_Absolute_Temperature_lag3,0.16557588358526754
squeezed_Hà Tĩnh,Min_Absolute_Temperature_lag4,0.32908005633199716
squeezed_Hà Tĩnh,Min_Absolute_Temperature_lag5,0.053955433602332424
squeezed_Hà Tĩnh,Min_Absolute_Temperature_lag6,0.033962329933138365
squeezed_Hà Tĩnh,Min_Absolute_Temperature_lag7,0.11221520790183365
squeezed_Hà Tĩnh,Min_Absolute_Temperature_lag8,0.1735566073436027
squeezed_Hà Tĩnh,Min_Absolute_Temperature_lag9,0.027327769302171807
squeezed_Hà Tĩnh,Min_Absolute_Temperature_lag10,0.03164574005660475
squeezed_Hà Tĩnh,Min_Absolute_Temperature_lag11,0.0284470701631931
squeezed_Hà Tĩnh,Min_Absolute_Temperature_lag12,0.3430492708871045
squeezed_Hà Tĩnh,Average_Humidity_lag1,0.02330284658201837
squeezed_Hà Tĩnh,Average_Humidity_lag2,0.017597538519700168
squeezed_Hà Tĩnh,Average_Humidity_lag3,0.0008491870548262653
squeezed_Hà Tĩnh,Average_Humidity_lag4,0.08520284761795109
squeezed_Hà Tĩnh,Average_Humidity_lag5,0.11061694356090425
squeezed_Hà Tĩnh,Average_Humidity_lag6,0.008536631688783958
squeezed_Hà Tĩnh,Average_Humidity_lag7,0.09268668522301804
squeezed_Hà Tĩnh,Average_Humidity_lag8,0.10244515283068621
squeezed_Hà Tĩnh,Average_Humidity_lag9,0.08357609981551915
squeezed_Hà Tĩnh,Average_Humidity_lag10,0.047047643731415616
squeezed_Hà Tĩnh,Average_Humidity_lag11,0.047514593915048066
squeezed_Hà Tĩnh,Average_Humidity_lag12,1.1697283789141282
squeezed_Hà Tĩnh,Min_Humidity_lag1,0.016076713726723493
squeezed_Hà Tĩnh,Min_Humidity_lag2,0.12745856488604482
squeezed_Hà Tĩnh,Min_Humidity_lag3,0.0451048709376173
squeezed_Hà Tĩnh,Min_Humidity_lag4,0.026164184787122527
squeezed_Hà Tĩnh,Min_Humidity_lag5,0.01579310597873407
squeezed_Hà Tĩnh,Min_Humidity_lag6,0.013578304928535114
squeezed_Hà Tĩnh,Min_Humidity_lag7,0.16811119853053502
squeezed_Hà Tĩnh,Min_Humidity_lag8,0.04542987158243913
squeezed_Hà Tĩnh,Min_Humidity_lag9,0.011308927635458795
squeezed_Hà Tĩnh,Min_Humidity_lag10,0.011446020785913495
squeezed_Hà Tĩnh,Min_Humidity_lag11,0.12320307251597538
squeezed_Hà Tĩnh,Min_Humidity_lag12,0.09600118039376039
squeezed_Hà Tĩnh,n_hours_sunshine_lag1,0.050152338177114376
squeezed_Hà Tĩnh,n_hours_sunshine_lag2,0.14700602392228188
squeezed_Hà Tĩnh,n_hours_sunshine_lag3,0.07658195315126469
squeezed_Hà Tĩnh,n_hours_sunshine_lag4,0.2143382114247551
squeezed_Hà Tĩnh,n_hours_sunshine_lag5,0.025722863224389807
squeezed_Hà Tĩnh,n_hours_sunshine_lag6,0.14474254762948827
squeezed_Hà Tĩnh,n_hours_sunshine_lag7,0.03691069293016003
squeezed_Hà Tĩnh,n_hours_sunshine_lag8,0.03914508974159361
squeezed_Hà Tĩnh,n_hours_sunshine_lag9,0.0273823641953167
squeezed_Hà Tĩnh,n_hours_sunshine_lag10,0.10678089681024198
squeezed_Hà Tĩnh,n_hours_sunshine_lag11,0.03455336999548344
squeezed_Hà Tĩnh,n_hours_sunshine_lag12,0.06705196450567517
squeezed_Hà Tĩnh,population_male_lag1,0.0
squeezed_Hà Tĩnh,population_male_lag2,0.051521524604438866
squeezed_Hà Tĩnh,population_male_lag3,0.005817800995021045
squeezed_Hà Tĩnh,population_male_lag4,0.26934870916502074
squeezed_Hà Tĩnh,population_male_lag5,0.0
squeezed_Hà Tĩnh,population_male_lag6,0.0035408753833572498
squeezed_Hà Tĩnh,population_male_lag7,0.00679431675053603
squeezed_Hà Tĩnh,population_male_lag8,0.0
squeezed_Hà Tĩnh,population_male_lag9,0.0
squeezed_Hà Tĩnh,population_male_lag10,0.3120194228914996
squeezed_Hà Tĩnh,population_male_lag11,0.0
squeezed_Hà Tĩnh,population_male_lag12,0.013178609035251962
squeezed_Hà Tĩnh,population_female_lag1,0.0
squeezed_Hà Tĩnh,population_female_lag2,0.005069985999318907
squeezed_Hà Tĩnh,population_female_lag3,0.0
squeezed_Hà Tĩnh,population_female_lag4,0.0
squeezed_Hà Tĩnh,population_female_lag5,0.00959083699295017
squeezed_Hà Tĩnh,population_female_lag6,0.07722983682576598
squeezed_Hà Tĩnh,population_female_lag7,0.0
squeezed_Hà Tĩnh,population_female_lag8,0.0
squeezed_Hà Tĩnh,population_female_lag9,0.0035611299614317516
squeezed_Hà Tĩnh,population_female_lag10,0.027173304036611567
squeezed_Hà Tĩnh,population_female_lag11,0.0
squeezed_Hà Tĩnh,population_female_lag12,0.0
squeezed_Hà Tĩnh,population_urban_lag1,0.13901758960781574
squeezed_Hà Tĩnh,population_urban_lag2,0.04003602380450274
squeezed_Hà Tĩnh,population_urban_lag3,0.007406446133424019
squeezed_Hà Tĩnh,population_urban_lag4,0.0032655093505900394
squeezed_Hà Tĩnh,population_urban_lag5,0.08845346552510897
squeezed_Hà Tĩnh,population_urban_lag6,0.003386473039072465
squeezed_Hà Tĩnh,population_urban_lag7,0.2014771269795853
squeezed_Hà Tĩnh,population_urban_lag8,0.0
squeezed_Hà Tĩnh,population_urban_lag9,0.0030509772783779755
squeezed_Hà Tĩnh,population_urban_lag10,0.01371520822526717
squeezed_Hà Tĩnh,population_urban_lag11,0.763645515678706
squeezed_Hà Tĩnh,population_urban_lag12,0.040579684534922875
squeezed_Hà Tĩnh,population_countryside_lag1,0.014109605358768295
squeezed_Hà Tĩnh,population_countryside_lag2,0.020172749109920556
squeezed_Hà Tĩnh,population_countryside_lag3,0.005444011525747244
squeezed_Hà Tĩnh,population_countryside_lag4,0.01782284444245805
squeezed_Hà Tĩnh,population_countryside_lag5,0.0
squeezed_Hà Tĩnh,population_countryside_lag6,0.007924934635286787
squeezed_Hà Tĩnh,population_countryside_lag7,0.002405001002533332
squeezed_Hà Tĩnh,population_countryside_lag8,0.0
squeezed_Hà Tĩnh,population_countryside_lag9,0.0
squeezed_Hà Tĩnh,population_countryside_lag10,0.0
squeezed_Hà Tĩnh,population_countryside_lag11,0.017873571885163548
squeezed_Hà Tĩnh,population_countryside_lag12,0.03993011147331851
squeezed_Hà Tĩnh,Dengue_fever_rates_lag1,0.3566903635808303
squeezed_Hà Tĩnh,Dengue_fever_rates_lag2,0.011399128956714905
squeezed_Hà Tĩnh,Dengue_fever_rates_lag3,0.0496920147860507
squeezed_Hà Tĩnh,Dengue_fever_rates_lag4,0.017623254227582874
squeezed_Hà Tĩnh,Dengue_fever_rates_lag5,0.0031422759181437983
squeezed_Hà Tĩnh,Dengue_fever_rates_lag6,0.04114241005585092
squeezed_Hà Tĩnh,Dengue_fever_rates_lag7,0.02187868701522983
squeezed_Hà Tĩnh,Dengue_fever_rates_lag8,0.20621719684040615
squeezed_Hà Tĩnh,Dengue_fever_rates_lag9,0.08249664910364278
squeezed_Hà Tĩnh,Dengue_fever_rates_lag10,0.12816116544706993
squeezed_Hà Tĩnh,Dengue_fever_rates_lag11,0.31890214586983856
squeezed_Hà Tĩnh,Dengue_fever_rates_lag12,0.05978460495509393
squeezed_Hà Tĩnh,Influenza_rates_lag1,0.08734399298300083
squeezed_Hà Tĩnh,Influenza_rates_lag2,0.31246951261403116
squeezed_Hà Tĩnh,Influenza_rates_lag3,0.1023329071081624
squeezed_Hà Tĩnh,Influenza_rates_lag4,0.01308552270733461
squeezed_Hà Tĩnh,Influenza_rates_lag5,0.11471376067180834
squeezed_Hà Tĩnh,Influenza_rates_lag6,0.11678948111382119
squeezed_Hà Tĩnh,Influenza_rates_lag7,0.11480916411601694
squeezed_Hà Tĩnh,Influenza_rates_lag8,0.05198238425371868
squeezed_Hà Tĩnh,Influenza_rates_lag9,0.022815132477320133
squeezed_Hà Tĩnh,Influenza_rates_lag10,0.21564915726087244
squeezed_Hà Tĩnh,Influenza_rates_lag11,0.20779790726065273
squeezed_Hà Tĩnh,Influenza_rates_lag12,0.1794990032350575
squeezed_Hà Tĩnh,Diarrhoea_rates_rollmean_3,9.833719264343324
squeezed_Hà Tĩnh,Diarrhoea_rates_rollstd_3,0.12308387021316464
squeezed_Hà Tĩnh,Diarrhoea_rates_rollmean_6,2.29430710817014
squeezed_Hà Tĩnh,Diarrhoea_rates_rollstd_6,0.05721504209479786
squeezed_Hà Tĩnh,month_sin,2.11288506947635
squeezed_Hà Tĩnh,month_cos,0.6574091964715617
squeezed_Hòa Bình,Total_Evaporation,0.03642919293190073
squeezed_Hòa Bình,Total_Rainfall,0.05865584338007853
squeezed_Hòa Bình,Max_Daily_Rainfall,0.060577104731367744
squeezed_Hòa Bình,n_raining_days,0.11117276839829277
squeezed_Hòa Bình,Average_temperature,0.0608384715835489
squeezed_Hòa Bình,Max_Average_Temperature,0.12591221369047165
squeezed_Hòa Bình,Min_Average_Temperature,0.00875578871952769
squeezed_Hòa Bình,Max_Absolute_Temperature,0.02944309858741548
squeezed_Hòa Bình,Min_Absolute_Temperature,0.38449115556935437
squeezed_Hòa Bình,Average_Humidity,0.016399817942298733
squeezed_Hòa Bình,Min_Humidity,0.10354829342764905
squeezed_Hòa Bình,n_hours_sunshine,0.1403747454930737
squeezed_Hòa Bình,population_male,0.02478703368754141
squeezed_Hòa Bình,population_female,0.007051935281799315
squeezed_Hòa Bình,population_urban,0.13648178330845015
squeezed_Hòa Bình,population_countryside,0.029931819571847137
squeezed_Hòa Bình,Diarrhoea_rates,33.40519755225659
squeezed_Hòa Bình,Diarrhoea_rates_lag1,10.229647993813742
squeezed_Hòa Bình,Diarrhoea_rates_lag2,1.5794528322262769
squeezed_Hòa Bình,Diarrhoea_rates_lag3,0.04720903598123294
squeezed_Hòa Bình,Diarrhoea_rates_lag4,1.7117430963659785
squeezed_Hòa Bình,Diarrhoea_rates_lag5,0.6800079279923049
squeezed_Hòa Bình,Diarrhoea_rates_lag6,1.2770021774732532
squeezed_Hòa Bình,Diarrhoea_rates_lag7,0.2023529399400391
squeezed_Hòa Bình,Diarrhoea_rates_lag8,0.5224487686039597
squeezed_Hòa Bình,Diarrhoea_rates_lag9,0.22248972606451647
squeezed_Hòa Bình,Diarrhoea_rates_lag10,0.8760121035338364
squeezed_Hòa Bình,Diarrhoea_rates_lag11,1.352054559533692
squeezed_Hòa Bình,Diarrhoea_rates_lag12,0.5882835048276365
squeezed_Hòa Bình,Total_Evaporation_lag1,0.022758986351408012
squeezed_Hòa Bình,Total_Evaporation_lag2,0.22461856614475276
squeezed_Hòa Bình,Total_Evaporation_lag3,0.05231601446418697
squeezed_Hòa Bình,Total_Evaporation_lag4,0.016929348419239796
squeezed_Hòa Bình,Total_Evaporation_lag5,0.03944440149230675
squeezed_Hòa Bình,Total_Evaporation_lag6,0.02097693512390333
squeezed_Hòa Bình,Total_Evaporation_lag7,0.027279989696585863
squeezed_Hòa Bình,Total_Evaporation_lag8,0.09261526960946809
squeezed_Hòa Bình,Total_Evaporation_lag9,0.017918791363996007
squeezed_Hòa Bình,Total_Evaporation_lag10,0.0
squeezed_Hòa Bình,Total_Evaporation_lag11,0.2362927057192263
squeezed_Hòa Bình,Total_Evaporation_lag12,0.06273357308928228
squeezed_Hòa Bình,Total_Rainfall_lag1,0.5308388647767829
squeezed_Hòa Bình,Total_Rainfall_lag2,0.3357128557593931
squeezed_Hòa Bình,Total_Rainfall_lag3,0.04477203253257775
squeezed_Hòa Bình,Total_Rainfall_lag4,0.122178338003874
squeezed_Hòa Bình,Total_Rainfall_lag5,0.00958661083762344
squeezed_Hòa Bình,Total_Rainfall_lag6,0.04060266927621013
squeezed_Hòa Bình,Total_Rainfall_lag7,0.04379962909108446
squeezed_Hòa Bình,Total_Rainfall_lag8,0.012772458432245825
squeezed_Hòa Bình,Total_Rainfall_lag9,0.08878519478708681
squeezed_Hòa Bình,Total_Rainfall_lag10,0.1024699522321043
squeezed_Hòa Bình,Total_Rainfall_lag11,0.10930449659359924
squeezed_Hòa Bình,Total_Rainfall_lag12,0.05093580640845283
squeezed_Hòa Bình,Max_Daily_Rainfall_lag1,0.12516303312834065
squeezed_Hòa Bình,Max_Daily_Rainfall_lag2,0.1108104209060564
squeezed_Hòa Bình,Max_Daily_Rainfall_lag3,0.013634754487421063
squeezed_Hòa Bình,Max_Daily_Rainfall_lag4,0.03863742798102937
squeezed_Hòa Bình,Max_Daily_Rainfall_lag5,0.02561358302677032
squeezed_Hòa Bình,Max_Daily_Rainfall_lag6,0.04607555735975263
squeezed_Hòa Bình,Max_Daily_Rainfall_lag7,0.056178587931512515
squeezed_Hòa Bình,Max_Daily_Rainfall_lag8,0.11843114470798675
squeezed_Hòa Bình,Max_Daily_Rainfall_lag9,0.14520661490481432
squeezed_Hòa Bình,Max_Daily_Rainfall_lag10,0.03218733162642453
squeezed_Hòa Bình,Max_Daily_Rainfall_lag11,0.2036854059538393
squeezed_Hòa Bình,Max_Daily_Rainfall_lag12,0.24276186367686184
squeezed_Hòa Bình,n_raining_days_lag1,0.0036863284387115072
squeezed_Hòa Bình,n_raining_days_lag2,0.08830687787608311
squeezed_Hòa Bình,n_raining_days_lag3,0.015348829900747138
squeezed_Hòa Bình,n_raining_days_lag4,0.021230877201891984
squeezed_Hòa Bình,n_raining_days_lag5,0.003151742735622435
squeezed_Hòa Bình,n_raining_days_lag6,0.005756591316875012
squeezed_Hòa Bình,n_raining_days_lag7,0.0
squeezed_Hòa Bình,n_raining_days_lag8,0.02223776809904648
squeezed_Hòa Bình,n_raining_days_lag9,0.10345347895948871
squeezed_Hòa Bình,n_raining_days_lag10,0.11092734649657636
squeezed_Hòa Bình,n_raining_days_lag11,0.00981465025597418
squeezed_Hòa Bình,n_raining_days_lag12,0.04698846177913441
squeezed_Hòa Bình,Average_temperature_lag1,0.14938579441940378
squeezed_Hòa Bình,Average_temperature_lag2,0.0
squeezed_Hòa Bình,Average_temperature_lag3,0.14701031414805552
squeezed_Hòa Bình,Average_temperature_lag4,0.005674665270041477
squeezed_Hòa Bình,Average_temperature_lag5,0.02645951004093675
squeezed_Hòa Bình,Average_temperature_lag6,0.055584804222447444
squeezed_Hòa Bình,Average_temperature_lag7,0.09781798688362318
squeezed_Hòa Bình,Average_temperature_lag8,0.05114577650614873
squeezed_Hòa Bình,Average_temperature_lag9,0.0471331323183212
squeezed_Hòa Bình,Average_temperature_lag10,0.019961868610201456
squeezed_Hòa Bình,Average_temperature_lag11,0.05242054895593229
squeezed_Hòa Bình,Average_temperature_lag12,0.04472605031519381
squeezed_Hòa Bình,Max_Average_Temperature_lag1,0.7632709915891581
squeezed_Hòa Bình,Max_Average_Temperature_lag2,0.27906234265159374
squeezed_Hòa Bình,Max_Average_Temperature_lag3,0.08550388944453362
squeezed_Hòa Bình,Max_Average_Temperature_lag4,0.0049193002466546435
squeezed_Hòa Bình,Max_Average_Temperature_lag5,0.2583739632380279
squeezed_Hòa Bình,Max_Average_Temperature_lag6,0.023033526089705495
squeezed_Hòa Bình,Max_Average_Temperature_lag7,0.0359474567720618
squeezed_Hòa Bình,Max_Average_Temperature_lag8,0.19529881696441234
squeezed_Hòa Bình,Max_Average_Temperature_lag9,0.014673902398311699
squeezed_Hòa Bình,Max_Average_Temperature_lag10,0.07773971092932203
squeezed_Hòa Bình,Max_Average_Temperature_lag11,0.10044528423822581
squeezed_Hòa Bình,Max_Average_Temperature_lag12,0.12888492981436198
squeezed_Hòa Bình,Min_Average_Temperature_lag1,0.013916896566421309
squeezed_Hòa Bình,Min_Average_Temperature_lag2,0.05511014633120986
squeezed_Hòa Bình,Min_Average_Temperature_lag3,0.053509100004393066
squeezed_Hòa Bình,Min_Average_Temperature_lag4,0.19741272113354505
squeezed_Hòa Bình,Min_Average_Temperature_lag5,0.013509524386315695
squeezed_Hòa Bình,Min_Average_Temperature_lag6,0.034317522034243715
squeezed_Hòa Bình,Min_Average_Temperature_lag7,0.09160954471446497
squeezed_Hòa Bình,Min_Average_Temperature_lag8,0.010630298801327228
squeezed_Hòa Bình,Min_Average_Temperature_lag9,0.005526085128378197
squeezed_Hòa Bình,Min_Average_Temperature_lag10,0.03166486406304483
squeezed_Hòa Bình,Min_Average_Temperature_lag11,0.10028415976968963
squeezed_Hòa Bình,Min_Average_Temperature_lag12,0.10171462557361248
squeezed_Hòa Bình,Max_Absolute_Temperature_lag1,0.1905990384773764
squeezed_Hòa Bình,Max_Absolute_Temperature_lag2,0.07930693827263188
squeezed_Hòa Bình,Max_Absolute_Temperature_lag3,0.029492775660181422
squeezed_Hòa Bình,Max_Absolute_Temperature_lag4,0.11096879233373613
squeezed_Hòa Bình,Max_Absolute_Temperature_lag5,0.05793482477035166
squeezed_Hòa Bình,Max_Absolute_Temperature_lag6,0.006148824243323474
squeezed_Hòa Bình,Max_Absolute_Temperature_lag7,0.24043755644865042
squeezed_Hòa Bình,Max_Absolute_Temperature_lag8,0.014331417848686823
squeezed_Hòa Bình,Max_Absolute_Temperature_lag9,0.001985809537075804
squeezed_Hòa Bình,Max_Absolute_Temperature_lag10,0.05423861588614662
squeezed_Hòa Bình,Max_Absolute_Temperature_lag11,0.10598713497775053
squeezed_Hòa Bình,Max_Absolute_Temperature_lag12,0.037698942229712665
squeezed_Hòa Bình,Min_Absolute_Temperature_lag1,0.037516054117386725
squeezed_Hòa Bình,Min_Absolute_Temperature_lag2,0.16036860103836292
squeezed_Hòa Bình,Min_Absolute_Temperature_lag3,0.19486896545524754
squeezed_Hòa Bình,Min_Absolute_Temperature_lag4,0.37762148234320675
squeezed_Hòa Bình,Min_Absolute_Temperature_lag5,0.06384129947710049
squeezed_Hòa Bình,Min_Absolute_Temperature_lag6,0.05220513535088556
squeezed_Hòa Bình,Min_Absolute_Temperature_lag7,0.25263335215846955
squeezed_Hòa Bình,Min_Absolute_Temperature_lag8,0.11074883277757487
squeezed_Hòa Bình,Min_Absolute_Temperature_lag9,0.01822361083945631
squeezed_Hòa Bình,Min_Absolute_Temperature_lag10,0.01971983648910801
squeezed_Hòa Bình,Min_Absolute_Temperature_lag11,0.01671228537110258
squeezed_Hòa Bình,Min_Absolute_Temperature_lag12,0.37402972287339065
squeezed_Hòa Bình,Average_Humidity_lag1,0.023822544039808824
squeezed_Hòa Bình,Average_Humidity_lag2,0.007246489869271295
squeezed_Hòa Bình,Average_Humidity_lag3,0.0008912827758312548
squeezed_Hòa Bình,Average_Humidity_lag4,0.0741712397746941
squeezed_Hòa Bình,Average_Humidity_lag5,0.04820690621333675
squeezed_Hòa Bình,Average_Humidity_lag6,0.01150286545950862
squeezed_Hòa Bình,Average_Humidity_lag7,0.04485652535623707
squeezed_Hòa Bình,Average_Humidity_lag8,0.06350176678509616
squeezed_Hòa Bình,Average_Humidity_lag9,0.04310532360162477
squeezed_Hòa Bình,Average_Humidity_lag10,0.027604162514721416
squeezed_Hòa Bình,Average_Humidity_lag11,0.03444679854475698
squeezed_Hòa Bình,Average_Humidity_lag12,0.06610580781654815
squeezed_Hòa Bình,Min_Humidity_lag1,0.023587046605093743
squeezed_Hòa Bình,Min_Humidity_lag2,0.10634068594261732
squeezed_Hòa Bình,Min_Humidity_lag3,0.08643045623815386
squeezed_Hòa Bình,Min_Humidity_lag4,0.021847957721243937
squeezed_Hòa Bình,Min_Humidity_lag5,0.0032583446540928583
squeezed_Hòa Bình,Min_Humidity_lag6,0.01341999787092646
squeezed_Hòa Bình,Min_Humidity_lag7,0.1534788727053579
squeezed_Hòa Bình,Min_Humidity_lag8,0.05847001295244126
squeezed_Hòa Bình,Min_Humidity_lag9,0.013790669815682494
squeezed_Hòa Bình,Min_Humidity_lag10,0.00828674423319891
squeezed_Hòa Bình,Min_Humidity_lag11,0.08967877230426281
squeezed_Hòa Bình,Min_Humidity_lag12,0.06337144136619523
squeezed_Hòa Bình,n_hours_sunshine_lag1,0.04046742703054101
squeezed_Hòa Bình,n_hours_sunshine_lag2,0.06536518186984124
squeezed_Hòa Bình,n_hours_sunshine_lag3,0.024064643442071192
squeezed_Hòa Bình,n_hours_sunshine_lag4,0.10162354577664418
squeezed_Hòa Bình,n_hours_sunshine_lag5,0.004865228012780948
squeezed_Hòa Bình,n_hours_sunshine_lag6,0.10939948678580534
squeezed_Hòa Bình,n_hours_sunshine_lag7,0.025558693200511365
squeezed_Hòa Bình,n_hours_sunshine_lag8,0.04225866837677906
squeezed_Hòa Bình,n_hours_sunshine_lag9,0.005325880243040247
squeezed_Hòa Bình,n_hours_sunshine_lag10,0.06748244413074153
squeezed_Hòa Bình,n_hours_sunshine_lag11,0.00888111379996819
squeezed_Hòa Bình,n_hours_sunshine_lag12,0.10987712792673392
squeezed_Hòa Bình,population_male_lag1,0.0
squeezed_Hòa Bình,population_male_lag2,0.052374053776772206
squeezed_Hòa Bình,population_male_lag3,0.006890561875527175
squeezed_Hòa Bình,population_male_lag4,0.2669891342933532
squeezed_Hòa Bình,population_male_lag5,0.0
squeezed_Hòa Bình,population_male_lag6,0.000818597527875501
squeezed_Hòa Bình,population_male_lag7,0.004605185251969631
squeezed_Hòa Bình,population_male_lag8,0.0
squeezed_Hòa Bình,population_male_lag9,0.0
squeezed_Hòa Bình,population_male_lag10,0.3140704096086157
squeezed_Hòa Bình,population_male_lag11,0.0
squeezed_Hòa Bình,population_male_lag12,0.013845379554215704
squeezed_Hòa Bình,population_female_lag1,0.0
squeezed_Hòa Bình,population_female_lag2,0.005216398089286437
squeezed_Hòa Bình,population_female_lag3,0.0
squeezed_Hòa Bình,population_female_lag4,0.0
squeezed_Hòa Bình,population_female_lag5,0.00959083699295017
squeezed_Hòa Bình,population_female_lag6,0.051140328791727314
squeezed_Hòa Bình,population_female_lag7,0.0
squeezed_Hòa Bình,population_female_lag8,0.0
squeezed_Hòa Bình,population_female_lag9,0.0015479569860609983
squeezed_Hòa Bình,population_female_lag10,0.006459300374903745
squeezed_Hòa Bình,population_female_lag11,0.0
squeezed_Hòa Bình,population_female_lag12,0.0
squeezed_Hòa Bình,population_urban_lag1,0.14763154037456816
squeezed_Hòa Bình,population_urban_lag2,0.040585891383907925
squeezed_Hòa Bình,population_urban_lag3,0.008720901176679325
squeezed_Hòa Bình,population_urban_lag4,0.0032655093505900394
squeezed_Hòa Bình,population_urban_lag5,0.09093072353334426
squeezed_Hòa Bình,population_urban_lag6,0.003837472820239061
squeezed_Hòa Bình,population_urban_lag7,0.220754553613835
squeezed_Hòa Bình,population_urban_lag8,0.0
squeezed_Hòa Bình,population_urban_lag9,0.0030509772783779755
squeezed_Hòa Bình,population_urban_lag10,0.0015692649397788087
squeezed_Hòa Bình,population_urban_lag11,0.7461685143594142
squeezed_Hòa Bình,population_urban_lag12,0.04402692333455988
squeezed_Hòa Bình,population_countryside_lag1,0.005717425419425353
squeezed_Hòa Bình,population_countryside_lag2,0.017030924614274613
squeezed_Hòa Bình,population_countryside_lag3,0.004804143670989196
squeezed_Hòa Bình,population_countryside_lag4,0.017891709870094072
squeezed_Hòa Bình,population_countryside_lag5,0.0
squeezed_Hòa Bình,population_countryside_lag6,0.007625686723218829
squeezed_Hòa Bình,population_countryside_lag7,0.002676878806283027
squeezed_Hòa Bình,population_countryside_lag8,0.0
squeezed_Hòa Bình,population_countryside_lag9,0.0
squeezed_Hòa Bình,population_countryside_lag10,0.0
squeezed_Hòa Bình,population_countryside_lag11,0.016021239550981652
squeezed_Hòa Bình,population_countryside_lag12,0.040169950963039484
squeezed_Hòa Bình,Dengue_fever_rates_lag1,0.32615099514645063
squeezed_Hòa Bình,Dengue_fever_rates_lag2,0.009047034212277871
squeezed_Hòa Bình,Dengue_fever_rates_lag3,0.05378321636640795
squeezed_Hòa Bình,Dengue_fever_rates_lag4,0.01809149380723511
squeezed_Hòa Bình,Dengue_fever_rates_lag5,0.0031422759181437983
squeezed_Hòa Bình,Dengue_fever_rates_lag6,0.04197333411602786
squeezed_Hòa Bình,Dengue_fever_rates_lag7,0.006473829439542597
squeezed_Hòa Bình,Dengue_fever_rates_lag8,0.15326043742249548
squeezed_Hòa Bình,Dengue_fever_rates_lag9,0.03801694186662085
squeezed_Hòa Bình,Dengue_fever_rates_lag10,0.14535240833940488
squeezed_Hòa Bình,Dengue_fever_rates_lag11,0.3089599389843522
squeezed_Hòa Bình,Dengue_fever_rates_lag12,0.022229145368796884
squeezed_Hòa Bình,Influenza_rates_lag1,0.08783913150003281
squeezed_Hòa Bình,Influenza_rates_lag2,0.31343191004733023
squeezed_Hòa Bình,Influenza_rates_lag3,0.11303456606160063
squeezed_Hòa Bình,Influenza_rates_lag4,0.040534876135341236
squeezed_Hòa Bình,Influenza_rates_lag5,0.12217980452288418
squeezed_Hòa Bình,Influenza_rates_lag6,0.21125269519010773
squeezed_Hòa Bình,Influenza_rates_lag7,0.28779999113735716
squeezed_Hòa Bình,Influenza_rates_lag8,0.054107184213557015
squeezed_Hòa Bình,Influenza_rates_lag9,0.024587033961252124
squeezed_Hòa Bình,Influenza_rates_lag10,0.2287087709428048
squeezed_Hòa Bình,Influenza_rates_lag11,0.06449518723952939
squeezed_Hòa Bình,Influenza_rates_lag12,0.043390788657036584
squeezed_Hòa Bình,Diarrhoea_rates_rollmean_3,9.690458799061869
squeezed_Hòa Bình,Diarrhoea_rates_rollstd_3,0.14109181683888636
squeezed_Hòa Bình,Diarrhoea_rates_rollmean_6,2.304032967384092
squeezed_Hòa Bình,Diarrhoea_rates_rollstd_6,0.03482172795849595
squeezed_Hòa Bình,month_sin,1.6680664402205252
squeezed_Hòa Bình,month_cos,0.7643807281157066
squeezed_Hưng Yên,Total_Evaporation,0.0228000541995805
squeezed_Hưng Yên,Total_Rainfall,0.050372637345940975
squeezed_Hưng Yên,Max_Daily_Rainfall,0.058777277092847864
squeezed_Hưng Yên,n_raining_days,0.0666463981774114
squeezed_Hưng Yên,Average_temperature,0.06466847565848995
squeezed_Hưng Yên,Max_Average_Temperature,0.10607481771679268
squeezed_Hưng Yên,Min_Average_Temperature,0.009413809695632528
squeezed_Hưng Yên,Max_Absolute_Temperature,0.04406269515741574
squeezed_Hưng Yên,Min_Absolute_Temperature,0.3571423068388185
squeezed_Hưng Yên,Average_Humidity,0.020918122948448224
squeezed_Hưng Yên,Min_Humidity,0.10621563054445071
squeezed_Hưng Yên,n_hours_sunshine,0.16292259121578392
squeezed_Hưng Yên,population_male,0.028290315935259814
squeezed_Hưng Yên,population_female,0.007259254591580298
squeezed_Hưng Yên,population_urban,0.13631967094182518
squeezed_Hưng Yên,population_countryside,0.0359412782235805
squeezed_Hưng Yên,Diarrhoea_rates,18.015208113425846
squeezed_Hưng Yên,Diarrhoea_rates_lag1,5.996748248800036
squeezed_Hưng Yên,Diarrhoea_rates_lag2,0.7878243178719128
squeezed_Hưng Yên,Diarrhoea_rates_lag3,0.050516598297900124
squeezed_Hưng Yên,Diarrhoea_rates_lag4,1.0618238872596097
squeezed_Hưng Yên,Diarrhoea_rates_lag5,0.6549951701890089
squeezed_Hưng Yên,Diarrhoea_rates_lag6,0.6885360588842468
squeezed_Hưng Yên,Diarrhoea_rates_lag7,0.19785828800795857
squeezed_Hưng Yên,Diarrhoea_rates_lag8,0.5227414611194058
squeezed_Hưng Yên,Diarrhoea_rates_lag9,0.15368003465742022
squeezed_Hưng Yên,Diarrhoea_rates_lag10,0.719895686093972
squeezed_Hưng Yên,Diarrhoea_rates_lag11,1.1906304579952356
squeezed_Hưng Yên,Diarrhoea_rates_lag12,0.6456329035833874
squeezed_Hưng Yên,Total_Evaporation_lag1,0.012355611764690806
squeezed_Hưng Yên,Total_Evaporation_lag2,0.2519431834989419
squeezed_Hưng Yên,Total_Evaporation_lag3,0.057112005529557135
squeezed_Hưng Yên,Total_Evaporation_lag4,0.014620899370865916
squeezed_Hưng Yên,Total_Evaporation_lag5,0.040679027198511956
squeezed_Hưng Yên,Total_Evaporation_lag6,0.02702017635425864
squeezed_Hưng Yên,Total_Evaporation_lag7,0.021899489373408687
squeezed_Hưng Yên,Total_Evaporation_lag8,0.08617693311736015
squeezed_Hưng Yên,Total_Evaporation_lag9,0.021700920950608497
squeezed_Hưng Yên,Total_Evaporation_lag10,0.0
squeezed_Hưng Yên,Total_Evaporation_lag11,0.19589632639980015
squeezed_Hưng Yên,Total_Evaporation_lag12,0.0692988192517764
squeezed_Hưng Yên,Total_Rainfall_lag1,0.47132381812093344
squeezed_Hưng Yên,Total_Rainfall_lag2,0.6171153082494335
squeezed_Hưng Yên,Total_Rainfall_lag3,0.17950945835294316
squeezed_Hưng Yên,Total_Rainfall_lag4,0.10933492394798601
squeezed_Hưng Yên,Total_Rainfall_lag5,0.013076766096455306
squeezed_Hưng Yên,Total_Rainfall_lag6,0.04387767873324385
squeezed_Hưng Yên,Total_Rainfall_lag7,0.043606684932888884
squeezed_Hưng Yên,Total_Rainfall_lag8,0.010277492835610842
squeezed_Hưng Yên,Total_Rainfall_lag9,0.08591455769944047
squeezed_Hưng Yên,Total_Rainfall_lag10,0.11169202428884074
squeezed_Hưng Yên,Total_Rainfall_lag11,0.09791424608824044
squeezed_Hưng Yên,Total_Rainfall_lag12,0.030153541279532365
squeezed_Hưng Yên,Max_Daily_Rainfall_lag1,0.1285868941672941
squeezed_Hưng Yên,Max_Daily_Rainfall_lag2,0.13018419167330594
squeezed_Hưng Yên,Max_Daily_Rainfall_lag3,0.014802048948800111
squeezed_Hưng Yên,Max_Daily_Rainfall_lag4,0.043059835937700706
squeezed_Hưng Yên,Max_Daily_Rainfall_lag5,0.020377008461289082
squeezed_Hưng Yên,Max_Daily_Rainfall_lag6,0.1185282556362966
squeezed_Hưng Yên,Max_Daily_Rainfall_lag7,0.03669517538512868
squeezed_Hưng Yên,Max_Daily_Rainfall_lag8,0.16157262784477705
squeezed_Hưng Yên,Max_Daily_Rainfall_lag9,0.45390360003293573
squeezed_Hưng Yên,Max_Daily_Rainfall_lag10,0.032079243301779574
squeezed_Hưng Yên,Max_Daily_Rainfall_lag11,0.2104013727644407
squeezed_Hưng Yên,Max_Daily_Rainfall_lag12,0.2250530841074078
squeezed_Hưng Yên,n_raining_days_lag1,0.0034503978070002882
squeezed_Hưng Yên,n_raining_days_lag2,0.08691676992714763
squeezed_Hưng Yên,n_raining_days_lag3,0.017265063881067404
squeezed_Hưng Yên,n_raining_days_lag4,0.012951842684488313
squeezed_Hưng Yên,n_raining_days_lag5,0.0024523080046630796
squeezed_Hưng Yên,n_raining_days_lag6,0.005056308539554248
squeezed_Hưng Yên,n_raining_days_lag7,0.0
squeezed_Hưng Yên,n_raining_days_lag8,0.01571213601799397
squeezed_Hưng Yên,n_raining_days_lag9,0.09435141342252662
squeezed_Hưng Yên,n_raining_days_lag10,0.11120922068506044
squeezed_Hưng Yên,n_raining_days_lag11,0.008038054730629742
squeezed_Hưng Yên,n_raining_days_lag12,0.04681114024139028
squeezed_Hưng Yên,Average_temperature_lag1,0.1468912561522823
squeezed_Hưng Yên,Average_temperature_lag2,0.0
squeezed_Hưng Yên,Average_temperature_lag3,0.14613605466861465
squeezed_Hưng Yên,Average_temperature_lag4,0.006435888682440016
squeezed_Hưng Yên,Average_temperature_lag5,0.030415678239740323
squeezed_Hưng Yên,Average_temperature_lag6,0.05026521192179977
squeezed_Hưng Yên,Average_temperature_lag7,0.09878173073054002
squeezed_Hưng Yên,Average_temperature_lag8,0.03763293619497067
squeezed_Hưng Yên,Average_temperature_lag9,0.054061211841787575
squeezed_Hưng Yên,Average_temperature_lag10,0.008519214048733343
squeezed_Hưng Yên,Average_temperature_lag11,0.08312783023455417
squeezed_Hưng Yên,Average_temperature_lag12,0.05846904670686068
squeezed_Hưng Yên,Max_Average_Temperature_lag1,0.16794681083423404
squeezed_Hưng Yên,Max_Average_Temperature_lag2,0.28606142875930635
squeezed_Hưng Yên,Max_Average_Temperature_lag3,0.10008025869853536
squeezed_Hưng Yên,Max_Average_Temperature_lag4,0.011631695388745825
squeezed_Hưng Yên,Max_Average_Temperature_lag5,0.21652427469132188
squeezed_Hưng Yên,Max_Average_Temperature_lag6,0.02122061022527617
squeezed_Hưng Yên,Max_Average_Temperature_lag7,0.0335972460924507
squeezed_Hưng Yên,Max_Average_Temperature_lag8,0.16147669614745316
squeezed_Hưng Yên,Max_Average_Temperature_lag9,0.004254850437835768
squeezed_Hưng Yên,Max_Average_Temperature_lag10,0.06758904622812838
squeezed_Hưng Yên,Max_Average_Temperature_lag11,0.1054821688125434
squeezed_Hưng Yên,Max_Average_Temperature_lag12,0.11843865368521317
squeezed_Hưng Yên,Min_Average_Temperature_lag1,0.013916896566421309
squeezed_Hưng Yên,Min_Average_Temperature_lag2,0.052993582924100315
squeezed_Hưng Yên,Min_Average_Temperature_lag3,0.04435701771981593
squeezed_Hưng Yên,Min_Average_Temperature_lag4,0.20131142269270108
squeezed_Hưng Yên,Min_Average_Temperature_lag5,0.013509524386315695
squeezed_Hưng Yên,Min_Average_Temperature_lag6,0.029909209307912674
squeezed_Hưng Yên,Min_Average_Temperature_lag7,0.08860782225333697
squeezed_Hưng Yên,Min_Average_Temperature_lag8,0.00969362847307967
squeezed_Hưng Yên,Min_Average_Temperature_lag9,0.01230697265981405
squeezed_Hưng Yên,Min_Average_Temperature_lag10,0.09798423699819096
squeezed_Hưng Yên,Min_Average_Temperature_lag11,0.14252648198805928
squeezed_Hưng Yên,Min_Average_Temperature_lag12,0.08632091122941811
squeezed_Hưng Yên,Max_Absolute_Temperature_lag1,0.24678979216136107
squeezed_Hưng Yên,Max_Absolute_Temperature_lag2,0.043723976631782235
squeezed_Hưng Yên,Max_Absolute_Temperature_lag3,0.028425483662077772
squeezed_Hưng Yên,Max_Absolute_Temperature_lag4,0.10704704616856997
squeezed_Hưng Yên,Max_Absolute_Temperature_lag5,0.03736774012897588
squeezed_Hưng Yên,Max_Absolute_Temperature_lag6,0.008558165174607725
squeezed_Hưng Yên,Max_Absolute_Temperature_lag7,0.20764703102726445
squeezed_Hưng Yên,Max_Absolute_Temperature_lag8,0.012513377351469714
squeezed_Hưng Yên,Max_Absolute_Temperature_lag9,0.002211397783745482
squeezed_Hưng Yên,Max_Absolute_Temperature_lag10,0.055944118740659916
squeezed_Hưng Yên,Max_Absolute_Temperature_lag11,0.10078070659668881
squeezed_Hưng Yên,Max_Absolute_Temperature_lag12,0.07306358417440924
squeezed_Hưng Yên,Min_Absolute_Temperature_lag1,0.08741731712488672
squeezed_Hưng Yên,Min_Absolute_Temperature_lag2,0.09108469513892824
squeezed_Hưng Yên,Min_Absolute_Temperature_lag3,0.1749480314257883
squeezed_Hưng Yên,Min_Absolute_Temperature_lag4,0.27956366684025463
squeezed_Hưng Yên,Min_Absolute_Temperature_lag5,0.060721789207726105
squeezed_Hưng Yên,Min_Absolute_Temperature_lag6,0.03395427812075193
squeezed_Hưng Yên,Min_Absolute_Temperature_lag7,0.11036702871518382
squeezed_Hưng Yên,Min_Absolute_Temperature_lag8,0.08859509156315966
squeezed_Hưng Yên,Min_Absolute_Temperature_lag9,0.039991547110226816
squeezed_Hưng Yên,Min_Absolute_Temperature_lag10,0.019223290549345483
squeezed_Hưng Yên,Min_Absolute_Temperature_lag11,0.038324133077541254
squeezed_Hưng Yên,Min_Absolute_Temperature_lag12,0.2796590132326984
squeezed_Hưng Yên,Average_Humidity_lag1,0.020531670331636675
squeezed_Hưng Yên,Average_Humidity_lag2,0.01344549853935604
squeezed_Hưng Yên,Average_Humidity_lag3,0.0011039907033759163
squeezed_Hưng Yên,Average_Humidity_lag4,0.08150792829660766
squeezed_Hưng Yên,Average_Humidity_lag5,0.07192458245676832
squeezed_Hưng Yên,Average_Humidity_lag6,0.011431228462362416
squeezed_Hưng Yên,Average_Humidity_lag7,0.03353593086577714
squeezed_Hưng Yên,Average_Humidity_lag8,0.08083143438202521
squeezed_Hưng Yên,Average_Humidity_lag9,0.18374423227251466
squeezed_Hưng Yên,Average_Humidity_lag10,0.021554254961870755
squeezed_Hưng Yên,Average_Humidity_lag11,0.039810828198136354
squeezed_Hưng Yên,Average_Humidity_lag12,0.06557951629482059
squeezed_Hưng Yên,Min_Humidity_lag1,0.02102042400259177
squeezed_Hưng Yên,Min_Humidity_lag2,0.10448259722532054
squeezed_Hưng Yên,Min_Humidity_lag3,0.06919464688223528
squeezed_Hưng Yên,Min_Humidity_lag4,0.012496384453578804
squeezed_Hưng Yên,Min_Humidity_lag5,0.009140779283440226
squeezed_Hưng Yên,Min_Humidity_lag6,0.005291272490040525
squeezed_Hưng Yên,Min_Humidity_lag7,0.15090030385622724
squeezed_Hưng Yên,Min_Humidity_lag8,0.05118400811284491
squeezed_Hưng Yên,Min_Humidity_lag9,0.012308734192835286
squeezed_Hưng Yên,Min_Humidity_lag10,0.007312499702625826
squeezed_Hưng Yên,Min_Humidity_lag11,0.09154759262101587
squeezed_Hưng Yên,Min_Humidity_lag12,0.07476963329368715
squeezed_Hưng Yên,n_hours_sunshine_lag1,0.09661725385196228
squeezed_Hưng Yên,n_hours_sunshine_lag2,0.08317489618904671
squeezed_Hưng Yên,n_hours_sunshine_lag3,0.04534408613979755
squeezed_Hưng Yên,n_hours_sunshine_lag4,0.2660718386579953
squeezed_Hưng Yên,n_hours_sunshine_lag5,0.0075260450139935445
squeezed_Hưng Yên,n_hours_sunshine_lag6,0.12174829260623259
squeezed_Hưng Yên,n_hours_sunshine_lag7,0.04332573998638551
squeezed_Hưng Yên,n_hours_sunshine_lag8,0.04748967339200882
squeezed_Hưng Yên,n_hours_sunshine_lag9,0.014496448350229002
squeezed_Hưng Yên,n_hours_sunshine_lag10,0.06620678524610953
squeezed_Hưng Yên,n_hours_sunshine_lag11,0.02541404308870134
squeezed_Hưng Yên,n_hours_sunshine_lag12,0.08235050535461731
squeezed_Hưng Yên,population_male_lag1,0.0
squeezed_Hưng Yên,population_male_lag2,0.05222477851564816
squeezed_Hưng Yên,population_male_lag3,0.00635418143527411
squeezed_Hưng Yên,population_male_lag4,0.2740678589083559
squeezed_Hưng Yên,population_male_lag5,0.0
squeezed_Hưng Yên,population_male_lag6,0.0008103937097084345
squeezed_Hưng Yên,population_male_lag7,0.002668069718272355
squeezed_Hưng Yên,population_male_lag8,0.0
squeezed_Hưng Yên,population_male_lag9,0.0
squeezed_Hưng Yên,population_male_lag10,0.3076883095521558
squeezed_Hưng Yên,population_male_lag11,0.0
squeezed_Hưng Yên,population_male_lag12,0.013511994294733832
squeezed_Hưng Yên,population_female_lag1,0.0
squeezed_Hưng Yên,population_female_lag2,0.005216398089286437
squeezed_Hưng Yên,population_female_lag3,0.0
squeezed_Hưng Yên,population_female_lag4,0.0
squeezed_Hưng Yên,population_female_lag5,0.009833482821344318
squeezed_Hưng Yên,population_female_lag6,0.05350963294765979
squeezed_Hưng Yên,population_female_lag7,0.0
squeezed_Hưng Yên,population_female_lag8,0.0
squeezed_Hưng Yên,population_female_lag9,0.0015385201739684922
squeezed_Hưng Yên,population_female_lag10,0.002887405240191454
squeezed_Hưng Yên,population_female_lag11,0.0
squeezed_Hưng Yên,population_female_lag12,0.0
squeezed_Hưng Yên,population_urban_lag1,0.14226725448679134
squeezed_Hưng Yên,population_urban_lag2,0.040061112873732305
squeezed_Hưng Yên,population_urban_lag3,0.006408362055426136
squeezed_Hưng Yên,population_urban_lag4,0.0032655093505900394
squeezed_Hưng Yên,population_urban_lag5,0.08759445884031432
squeezed_Hưng Yên,population_urban_lag6,0.0036570729077724223
squeezed_Hưng Yên,population_urban_lag7,0.22335685343322242
squeezed_Hưng Yên,population_urban_lag8,0.0
squeezed_Hưng Yên,population_urban_lag9,0.0030509772783779755
squeezed_Hưng Yên,population_urban_lag10,0.0015309522010633302
squeezed_Hưng Yên,population_urban_lag11,0.745001037376411
squeezed_Hưng Yên,population_urban_lag12,0.04336973483719341
squeezed_Hưng Yên,population_countryside_lag1,0.005717425419425353
squeezed_Hưng Yên,population_countryside_lag2,0.017427972168169912
squeezed_Hưng Yên,population_countryside_lag3,0.005103129385135859
squeezed_Hưng Yên,population_countryside_lag4,0.014632285611709657
squeezed_Hưng Yên,population_countryside_lag5,0.0
squeezed_Hưng Yên,population_countryside_lag6,0.007775310679252808
squeezed_Hưng Yên,population_countryside_lag7,0.002676878806283027
squeezed_Hưng Yên,population_countryside_lag8,0.0
squeezed_Hưng Yên,population_countryside_lag9,0.0
squeezed_Hưng Yên,population_countryside_lag10,0.0
squeezed_Hưng Yên,population_countryside_lag11,0.01745044330928686
squeezed_Hưng Yên,population_countryside_lag12,0.04317256954448284
squeezed_Hưng Yên,Dengue_fever_rates_lag1,0.33583964802057276
squeezed_Hưng Yên,Dengue_fever_rates_lag2,0.009010078970394486
squeezed_Hưng Yên,Dengue_fever_rates_lag3,0.05526534336780687
squeezed_Hưng Yên,Dengue_fever_rates_lag4,0.015393301533025773
squeezed_Hưng Yên,Dengue_fever_rates_lag5,0.0026840273467478274
squeezed_Hưng Yên,Dengue_fever_rates_lag6,0.04252258482554188
squeezed_Hưng Yên,Dengue_fever_rates_lag7,0.006121771100517141
squeezed_Hưng Yên,Dengue_fever_rates_lag8,0.1872684875420719
squeezed_Hưng Yên,Dengue_fever_rates_lag9,0.04261733251053786
squeezed_Hưng Yên,Dengue_fever_rates_lag10,0.14857797967919043
squeezed_Hưng Yên,Dengue_fever_rates_lag11,0.1743282918776817
squeezed_Hưng Yên,Dengue_fever_rates_lag12,0.027031715772999287
squeezed_Hưng Yên,Influenza_rates_lag1,0.09679138464135274
squeezed_Hưng Yên,Influenza_rates_lag2,0.31485224621601454
squeezed_Hưng Yên,Influenza_rates_lag3,0.10507390273186334
squeezed_Hưng Yên,Influenza_rates_lag4,0.010390348617562975
squeezed_Hưng Yên,Influenza_rates_lag5,0.11652982786709266
squeezed_Hưng Yên,Influenza_rates_lag6,0.21324978578884127
squeezed_Hưng Yên,Influenza_rates_lag7,0.27788046123061233
squeezed_Hưng Yên,Influenza_rates_lag8,0.051907675706305355
squeezed_Hưng Yên,Influenza_rates_lag9,0.02070840908744079
squeezed_Hưng Yên,Influenza_rates_lag10,0.2103532818304816
squeezed_Hưng Yên,Influenza_rates_lag11,0.03790348771509993
squeezed_Hưng Yên,Influenza_rates_lag12,0.04532927380385019
squeezed_Hưng Yên,Diarrhoea_rates_rollmean_3,4.850618138172426
squeezed_Hưng Yên,Diarrhoea_rates_rollstd_3,0.1521060855029298
squeezed_Hưng Yên,Diarrhoea_rates_rollmean_6,2.2127957420243862
squeezed_Hưng Yên,Diarrhoea_rates_rollstd_6,0.03657268197960744
squeezed_Hưng Yên,month_sin,1.8050624618376967
squeezed_Hưng Yên,month_cos,0.9216517969749249
squeezed_Hải Dương,Total_Evaporation,0.031205544456684203
squeezed_Hải Dương,Total_Rainfall,0.049992102978516466
squeezed_Hải Dương,Max_Daily_Rainfall,0.04716838100695802
squeezed_Hải Dương,n_raining_days,0.0707663534257437
squeezed_Hải Dương,Average_temperature,0.06472375400255322
squeezed_Hải Dương,Max_Average_Temperature,0.09009951391992284
squeezed_Hải Dương,Min_Average_Temperature,0.011566222568665208
squeezed_Hải Dương,Max_Absolute_Temperature,0.09250996237044935
squeezed_Hải Dương,Min_Absolute_Temperature,0.3276087782035753
squeezed_Hải Dương,Average_Humidity,0.021137193596836218
squeezed_Hải Dương,Min_Humidity,0.08777430565573895
squeezed_Hải Dương,n_hours_sunshine,0.1489546863394596
squeezed_Hải Dương,population_male,0.027590279339081567
squeezed_Hải Dương,population_female,0.0045914068030390625
squeezed_Hải Dương,population_urban,0.13070846294231278
squeezed_Hải Dương,population_countryside,0.04642952684238751
squeezed_Hải Dương,Diarrhoea_rates,39.5889048015836
squeezed_Hải Dương,Diarrhoea_rates_lag1,11.386900793615467
squeezed_Hải Dương,Diarrhoea_rates_lag2,1.628344054111004
squeezed_Hải Dương,Diarrhoea_rates_lag3,0.07471880412641597
squeezed_Hải Dương,Diarrhoea_rates_lag4,1.7242821972511913
squeezed_Hải Dương,Diarrhoea_rates_lag5,0.6768958383218436
squeezed_Hải Dương,Diarrhoea_rates_lag6,1.2460766868131
squeezed_Hải Dương,Diarrhoea_rates_lag7,0.2143617784568904
squeezed_Hải Dương,Diarrhoea_rates_lag8,0.47327680591925386
squeezed_Hải Dương,Diarrhoea_rates_lag9,0.19454318313455854
squeezed_Hải Dương,Diarrhoea_rates_lag10,0.8383671496249275
squeezed_Hải Dương,Diarrhoea_rates_lag11,1.4042717364369992
squeezed_Hải Dương,Diarrhoea_rates_lag12,0.583754025139125
squeezed_Hải Dương,Total_Evaporation_lag1,0.087078800960904
squeezed_Hải Dương,Total_Evaporation_lag2,0.30744792636279045
squeezed_Hải Dương,Total_Evaporation_lag3,0.048122396503685994
squeezed_Hải Dương,Total_Evaporation_lag4,0.005292312504298712
squeezed_Hải Dương,Total_Evaporation_lag5,0.01942855489933445
squeezed_Hải Dương,Total_Evaporation_lag6,0.011619699393307382
squeezed_Hải Dương,Total_Evaporation_lag7,0.014275100684211874
squeezed_Hải Dương,Total_Evaporation_lag8,0.06985172219386122
squeezed_Hải Dương,Total_Evaporation_lag9,0.1045624474733947
squeezed_Hải Dương,Total_Evaporation_lag10,0.0
squeezed_Hải Dương,Total_Evaporation_lag11,0.1977912227761125
squeezed_Hải Dương,Total_Evaporation_lag12,0.14440385411007936
squeezed_Hải Dương,Total_Rainfall_lag1,0.5500351675455515
squeezed_Hải Dương,Total_Rainfall_lag2,0.4981422866066263
squeezed_Hải Dương,Total_Rainfall_lag3,0.09663122498931914
squeezed_Hải Dương,Total_Rainfall_lag4,0.1441089547881885
squeezed_Hải Dương,Total_Rainfall_lag5,0.019173883987475673
squeezed_Hải Dương,Total_Rainfall_lag6,0.052509270256323744
squeezed_Hải Dương,Total_Rainfall_lag7,0.049921887492126726
squeezed_Hải Dương,Total_Rainfall_lag8,0.02920509957507628
squeezed_Hải Dương,Total_Rainfall_lag9,0.1253170005442036
squeezed_Hải Dương,Total_Rainfall_lag10,0.2061487174958706
squeezed_Hải Dương,Total_Rainfall_lag11,0.13454450463308112
squeezed_Hải Dương,Total_Rainfall_lag12,0.09292856367703035
squeezed_Hải Dương,Max_Daily_Rainfall_lag1,0.12333294087736478
squeezed_Hải Dương,Max_Daily_Rainfall_lag2,0.11197286284025983
squeezed_Hải Dương,Max_Daily_Rainfall_lag3,0.016245703599323986
squeezed_Hải Dương,Max_Daily_Rainfall_lag4,0.038740487681812395
squeezed_Hải Dương,Max_Daily_Rainfall_lag5,0.022088798282252974
squeezed_Hải Dương,Max_Daily_Rainfall_lag6,0.25031384632449905
squeezed_Hải Dương,Max_Daily_Rainfall_lag7,0.0355733204957225
squeezed_Hải Dương,Max_Daily_Rainfall_lag8,0.1875535689398616
squeezed_Hải Dương,Max_Daily_Rainfall_lag9,0.3508716116288726
squeezed_Hải Dương,Max_Daily_Rainfall_lag10,0.03436185364949631
squeezed_Hải Dương,Max_Daily_Rainfall_lag11,0.5404522607509927
squeezed_Hải Dương,Max_Daily_Rainfall_lag12,0.3035621378399613
squeezed_Hải Dương,n_raining_days_lag1,0.0035130446221243914
squeezed_Hải Dương,n_raining_days_lag2,0.11255965256754241
squeezed_Hải Dương,n_raining_days_lag3,0.030897317136793445
squeezed_Hải Dương,n_raining_days_lag4,0.043591761783317313
squeezed_Hải Dương,n_raining_days_lag5,0.0024206967003259873
squeezed_Hải Dương,n_raining_days_lag6,0.0052905216616013695
squeezed_Hải Dương,n_raining_days_lag7,0.0
squeezed_Hải Dương,n_raining_days_lag8,0.030122106472029866
squeezed_Hải Dương,n_raining_days_lag9,0.11235489105563774
squeezed_Hải Dương,n_raining_days_lag10,0.10975622129352307
squeezed_Hải Dương,n_raining_days_lag11,0.008006340994362433
squeezed_Hải Dương,n_raining_days_lag12,0.04855726210494407
squeezed_Hải Dương,Average_temperature_lag1,0.2488545868262805
squeezed_Hải Dương,Average_temperature_lag2,0.0
squeezed_Hải Dương,Average_temperature_lag3,0.14870637674642126
squeezed_Hải Dương,Average_temperature_lag4,0.0069359784938482355
squeezed_Hải Dương,Average_temperature_lag5,0.02944056605801688
squeezed_Hải Dương,Average_temperature_lag6,0.05300347581713855
squeezed_Hải Dương,Average_temperature_lag7,0.11077775644652306
squeezed_Hải Dương,Average_temperature_lag8,0.044116750789811636
squeezed_Hải Dương,Average_temperature_lag9,0.05959712114507008
squeezed_Hải Dương,Average_temperature_lag10,0.009110320653905513
squeezed_Hải Dương,Average_temperature_lag11,0.10491928935880425
squeezed_Hải Dương,Average_temperature_lag12,0.05779537605381529
squeezed_Hải Dương,Max_Average_Temperature_lag1,0.16406603149188773
squeezed_Hải Dương,Max_Average_Temperature_lag2,0.29438271399137345
squeezed_Hải Dương,Max_Average_Temperature_lag3,0.10897857845173224
squeezed_Hải Dương,Max_Average_Temperature_lag4,0.011342109056441825
squeezed_Hải Dương,Max_Average_Temperature_lag5,0.21237427392234373
squeezed_Hải Dương,Max_Average_Temperature_lag6,0.02133613724932969
squeezed_Hải Dương,Max_Average_Temperature_lag7,0.031966590014806236
squeezed_Hải Dương,Max_Average_Temperature_lag8,0.23166947871874474
squeezed_Hải Dương,Max_Average_Temperature_lag9,0.007596736016284863
squeezed_Hải Dương,Max_Average_Temperature_lag10,0.07300168303299547
squeezed_Hải Dương,Max_Average_Temperature_lag11,0.10783905383315852
squeezed_Hải Dương,Max_Average_Temperature_lag12,0.10276859316954583
squeezed_Hải Dương,Min_Average_Temperature_lag1,0.013916896566421309
squeezed_Hải Dương,Min_Average_Temperature_lag2,0.050430106631773115
squeezed_Hải Dương,Min_Average_Temperature_lag3,0.05382914194027102
squeezed_Hải Dương,Min_Average_Temperature_lag4,0.19846021903871747
squeezed_Hải Dương,Min_Average_Temperature_lag5,0.01339753194403154
squeezed_Hải Dương,Min_Average_Temperature_lag6,0.029273426744657622
squeezed_Hải Dương,Min_Average_Temperature_lag7,0.09857800295093665
squeezed_Hải Dương,Min_Average_Temperature_lag8,0.009209683667531018
squeezed_Hải Dương,Min_Average_Temperature_lag9,0.011696796625768058
squeezed_Hải Dương,Min_Average_Temperature_lag10,0.12487733281825508
squeezed_Hải Dương,Min_Average_Temperature_lag11,0.2866674025784101
squeezed_Hải Dương,Min_Average_Temperature_lag12,0.1538712636342973
squeezed_Hải Dương,Max_Absolute_Temperature_lag1,0.24474774925772957
squeezed_Hải Dương,Max_Absolute_Temperature_lag2,0.09488000356433984
squeezed_Hải Dương,Max_Absolute_Temperature_lag3,0.022632865318499198
squeezed_Hải Dương,Max_Absolute_Temperature_lag4,0.10766906912156864
squeezed_Hải Dương,Max_Absolute_Temperature_lag5,0.059500430503853584
squeezed_Hải Dương,Max_Absolute_Temperature_lag6,0.006159644603753346
squeezed_Hải Dương,Max_Absolute_Temperature_lag7,0.1697516818601621
squeezed_Hải Dương,Max_Absolute_Temperature_lag8,0.013946050224058405
squeezed_Hải Dương,Max_Absolute_Temperature_lag9,0.0022571158602107204
squeezed_Hải Dương,Max_Absolute_Temperature_lag10,0.05427782587827553
squeezed_Hải Dương,Max_Absolute_Temperature_lag11,0.1131967815357351
squeezed_Hải Dương,Max_Absolute_Temperature_lag12,0.06202384050801981
squeezed_Hải Dương,Min_Absolute_Temperature_lag1,0.027876587256484033
squeezed_Hải Dương,Min_Absolute_Temperature_lag2,0.1230700306589327
squeezed_Hải Dương,Min_Absolute_Temperature_lag3,0.1494233957703348
squeezed_Hải Dương,Min_Absolute_Temperature_lag4,0.32000952195656446
squeezed_Hải Dương,Min_Absolute_Temperature_lag5,0.06052318006602109
squeezed_Hải Dương,Min_Absolute_Temperature_lag6,0.0336157272199256
squeezed_Hải Dương,Min_Absolute_Temperature_lag7,0.11121675895607784
squeezed_Hải Dương,Min_Absolute_Temperature_lag8,0.11809723037955984
squeezed_Hải Dương,Min_Absolute_Temperature_lag9,0.014872431831087558
squeezed_Hải Dương,Min_Absolute_Temperature_lag10,0.02479121584780196
squeezed_Hải Dương,Min_Absolute_Temperature_lag11,0.12111715859965223
squeezed_Hải Dương,Min_Absolute_Temperature_lag12,0.27083925630929157
squeezed_Hải Dương,Average_Humidity_lag1,0.02790143324956294
squeezed_Hải Dương,Average_Humidity_lag2,0.015342249523228511
squeezed_Hải Dương,Average_Humidity_lag3,0.0008947051921731237
squeezed_Hải Dương,Average_Humidity_lag4,0.08884461681852122
squeezed_Hải Dương,Average_Humidity_lag5,0.07067195125804152
squeezed_Hải Dương,Average_Humidity_lag6,0.01075701638068318
squeezed_Hải Dương,Average_Humidity_lag7,0.030451539317697812
squeezed_Hải Dương,Average_Humidity_lag8,0.10040212597810838
squeezed_Hải Dương,Average_Humidity_lag9,0.04767111495052756
squeezed_Hải Dương,Average_Humidity_lag10,0.016614081761622667
squeezed_Hải Dương,Average_Humidity_lag11,0.020694341396039494
squeezed_Hải Dương,Average_Humidity_lag12,0.07902723525921967
squeezed_Hải Dương,Min_Humidity_lag1,0.03242402429843444
squeezed_Hải Dương,Min_Humidity_lag2,0.09363475575218105
squeezed_Hải Dương,Min_Humidity_lag3,0.0737720848718856
squeezed_Hải Dương,Min_Humidity_lag4,0.018618715457227403
squeezed_Hải Dương,Min_Humidity_lag5,0.00931864519410265
squeezed_Hải Dương,Min_Humidity_lag6,0.005458922872497198
squeezed_Hải Dương,Min_Humidity_lag7,0.13462061219150542
squeezed_Hải Dương,Min_Humidity_lag8,0.04829376169278433
squeezed_Hải Dương,Min_Humidity_lag9,0.014137570425715599
squeezed_Hải Dương,Min_Humidity_lag10,0.007004849621007174
squeezed_Hải Dương,Min_Humidity_lag11,0.08187459025567684
squeezed_Hải Dương,Min_Humidity_lag12,0.029337202761467483
squeezed_Hải Dương,n_hours_sunshine_lag1,0.038007229582592096
squeezed_Hải Dương,n_hours_sunshine_lag2,0.07443097287874896
squeezed_Hải Dương,n_hours_sunshine_lag3,0.03832451063589589
squeezed_Hải Dương,n_hours_sunshine_lag4,0.15275566592187775
squeezed_Hải Dương,n_hours_sunshine_lag5,0.006860016862751863
squeezed_Hải Dương,n_hours_sunshine_lag6,0.1325631646161847
squeezed_Hải Dương,n_hours_sunshine_lag7,0.03295990889247669
squeezed_Hải Dương,n_hours_sunshine_lag8,0.029625243264560116
squeezed_Hải Dương,n_hours_sunshine_lag9,0.006417867406538927
squeezed_Hải Dương,n_hours_sunshine_lag10,0.07709967982322286
squeezed_Hải Dương,n_hours_sunshine_lag11,0.032089448229942294
squeezed_Hải Dương,n_hours_sunshine_lag12,0.08421343729360552
squeezed_Hải Dương,population_male_lag1,0.0
squeezed_Hải Dương,population_male_lag2,0.051908326265445136
squeezed_Hải Dương,population_male_lag3,0.005281420554767979
squeezed_Hải Dương,population_male_lag4,0.2740678589083559
squeezed_Hải Dương,population_male_lag5,0.0
squeezed_Hải Dương,population_male_lag6,0.0021564279684113783
squeezed_Hải Dương,population_male_lag7,0.0026797114952769
squeezed_Hải Dương,population_male_lag8,0.0
squeezed_Hải Dương,population_male_lag9,0.0
squeezed_Hải Dương,population_male_lag10,0.30769965930207577
squeezed_Hải Dương,population_male_lag11,0.0
squeezed_Hải Dương,population_male_lag12,0.014178764813697573
squeezed_Hải Dương,population_female_lag1,0.0
squeezed_Hải Dương,population_female_lag2,0.005216398089286437
squeezed_Hải Dương,population_female_lag3,0.0
squeezed_Hải Dương,population_female_lag4,0.0
squeezed_Hải Dương,population_female_lag5,0.009833482821344318
squeezed_Hải Dương,population_female_lag6,0.042818962782932984
squeezed_Hải Dương,population_female_lag7,0.0
squeezed_Hải Dương,population_female_lag8,0.0
squeezed_Hải Dương,population_female_lag9,0.0021144971740811127
squeezed_Hải Dương,population_female_lag10,0.0028053823988114356
squeezed_Hải Dương,population_female_lag11,0.0
squeezed_Hải Dương,population_female_lag12,0.0
squeezed_Hải Dương,population_urban_lag1,0.16226106494213063
squeezed_Hải Dương,population_urban_lag2,0.030988423701404352
squeezed_Hải Dương,population_urban_lag3,0.005465386149018962
squeezed_Hải Dương,population_urban_lag4,0.0032655093505900394
squeezed_Hải Dương,population_urban_lag5,0.08383204419407587
squeezed_Hải Dương,population_urban_lag6,0.0036570729077724236
squeezed_Hải Dương,population_urban_lag7,0.22421172646590634
squeezed_Hải Dương,population_urban_lag8,0.0
squeezed_Hải Dương,population_urban_lag9,0.0030509772783779755
squeezed_Hải Dương,population_urban_lag10,0.0030943238648068745
squeezed_Hải Dương,population_urban_lag11,0.7357463532252885
squeezed_Hải Dương,population_urban_lag12,0.04206104579235242
squeezed_Hải Dương,population_countryside_lag1,0.028686870942467912
squeezed_Hải Dương,population_countryside_lag2,0.027369019289566535
squeezed_Hải Dương,population_countryside_lag3,0.004289912162143444
squeezed_Hải Dương,population_countryside_lag4,0.011045676811310315
squeezed_Hải Dương,population_countryside_lag5,0.0
squeezed_Hải Dương,population_countryside_lag6,0.0074760627671848524
squeezed_Hải Dương,population_countryside_lag7,0.002457189485232884
squeezed_Hải Dương,population_countryside_lag8,0.0
squeezed_Hải Dương,population_countryside_lag9,0.0
squeezed_Hải Dương,population_countryside_lag10,0.0
squeezed_Hải Dương,population_countryside_lag11,0.01792332663987825
squeezed_Hải Dương,population_countryside_lag12,0.031044238475612825
squeezed_Hải Dương,Dengue_fever_rates_lag1,0.4062511878832919
squeezed_Hải Dương,Dengue_fever_rates_lag2,0.027031662812144638
squeezed_Hải Dương,Dengue_fever_rates_lag3,0.06475879049284054
squeezed_Hải Dương,Dengue_fever_rates_lag4,0.01603786749833715
squeezed_Hải Dương,Dengue_fever_rates_lag5,0.002225778775351857
squeezed_Hải Dương,Dengue_fever_rates_lag6,0.04366683875053396
squeezed_Hải Dương,Dengue_fever_rates_lag7,0.007328927928027849
squeezed_Hải Dương,Dengue_fever_rates_lag8,0.20782885875646226
squeezed_Hải Dương,Dengue_fever_rates_lag9,0.06890033609241104
squeezed_Hải Dương,Dengue_fever_rates_lag10,0.14788417377491608
squeezed_Hải Dương,Dengue_fever_rates_lag11,0.36304002482144293
squeezed_Hải Dương,Dengue_fever_rates_lag12,0.059559300852322646
squeezed_Hải Dương,Influenza_rates_lag1,0.09380413203488308
squeezed_Hải Dương,Influenza_rates_lag2,0.3058730155838792
squeezed_Hải Dương,Influenza_rates_lag3,0.1144829196145568
squeezed_Hải Dương,Influenza_rates_lag4,0.07459603716757478
squeezed_Hải Dương,Influenza_rates_lag5,0.09946245094402727
squeezed_Hải Dương,Influenza_rates_lag6,0.19480648602745299
squeezed_Hải Dương,Influenza_rates_lag7,0.27655125381676077
squeezed_Hải Dương,Influenza_rates_lag8,0.05485619541579911
squeezed_Hải Dương,Influenza_rates_lag9,0.019423535789245504
squeezed_Hải Dương,Influenza_rates_lag10,0.2249752945510529
squeezed_Hải Dương,Influenza_rates_lag11,0.06230055012381289
squeezed_Hải Dương,Influenza_rates_lag12,0.045191505881708983
squeezed_Hải Dương,Diarrhoea_rates_rollmean_3,9.4687334279476
squeezed_Hải Dương,Diarrhoea_rates_rollstd_3,0.11485789916324553
squeezed_Hải Dương,Diarrhoea_rates_rollmean_6,2.241991684900398
squeezed_Hải Dương,Diarrhoea_rates_rollstd_6,0.035835687516470725
squeezed_Hải Dương,month_sin,1.771327617577459
squeezed_Hải Dương,month_cos,0.5778204762512597
squeezed_Hải Phòng,Total_Evaporation,0.04313581793542042
squeezed_Hải Phòng,Total_Rainfall,0.04991250047839349
squeezed_Hải Phòng,Max_Daily_Rainfall,0.05033212077890265
squeezed_Hải Phòng,n_raining_days,0.0675513010659981
squeezed_Hải Phòng,Average_temperature,0.06626786623084367
squeezed_Hải Phòng,Max_Average_Temperature,0.0630419599960216
squeezed_Hải Phòng,Min_Average_Temperature,0.016486254673025693
squeezed_Hải Phòng,Max_Absolute_Temperature,0.08639836778937177
squeezed_Hải Phòng,Min_Absolute_Temperature,0.44032961345974825
squeezed_Hải Phòng,Average_Humidity,0.059690365057771234
squeezed_Hải Phòng,Min_Humidity,0.08276963564291358
squeezed_Hải Phòng,n_hours_sunshine,0.12278046955118392
squeezed_Hải Phòng,population_male,0.032129747029235343
squeezed_Hải Phòng,population_female,0.002302142101923968
squeezed_Hải Phòng,population_urban,0.1255964552412718
squeezed_Hải Phòng,population_countryside,0.026337787367887475
squeezed_Hải Phòng,Diarrhoea_rates,51.37443729347356
squeezed_Hải Phòng,Diarrhoea_rates_lag1,13.001578547947608
squeezed_Hải Phòng,Diarrhoea_rates_lag2,1.6250319189481057
squeezed_Hải Phòng,Diarrhoea_rates_lag3,0.08326991671442707
squeezed_Hải Phòng,Diarrhoea_rates_lag4,1.7491248477641792
squeezed_Hải Phòng,Diarrhoea_rates_lag5,0.576873445219984
squeezed_Hải Phòng,Diarrhoea_rates_lag6,1.2912952917824585
squeezed_Hải Phòng,Diarrhoea_rates_lag7,0.2462105335584328
squeezed_Hải Phòng,Diarrhoea_rates_lag8,0.21675011164272504
squeezed_Hải Phòng,Diarrhoea_rates_lag9,0.10373440695587512
squeezed_Hải Phòng,Diarrhoea_rates_lag10,0.6948322946857544
squeezed_Hải Phòng,Diarrhoea_rates_lag11,1.0875611016789433
squeezed_Hải Phòng,Diarrhoea_rates_lag12,1.2688227448952938
squeezed_Hải Phòng,Total_Evaporation_lag1,0.0515107492560202
squeezed_Hải Phòng,Total_Evaporation_lag2,0.20581587276186442
squeezed_Hải Phòng,Total_Evaporation_lag3,0.0767764497716619
squeezed_Hải Phòng,Total_Evaporation_lag4,0.016141251769454773
squeezed_Hải Phòng,Total_Evaporation_lag5,0.03649148784170351
squeezed_Hải Phòng,Total_Evaporation_lag6,0.019354265557545405
squeezed_Hải Phòng,Total_Evaporation_lag7,0.02230599053755497
squeezed_Hải Phòng,Total_Evaporation_lag8,0.08867784433269639
squeezed_Hải Phòng,Total_Evaporation_lag9,0.06777439646658667
squeezed_Hải Phòng,Total_Evaporation_lag10,0.0
squeezed_Hải Phòng,Total_Evaporation_lag11,0.23011975314930677
squeezed_Hải Phòng,Total_Evaporation_lag12,0.060322500013787916
squeezed_Hải Phòng,Total_Rainfall_lag1,0.6697589424613292
squeezed_Hải Phòng,Total_Rainfall_lag2,0.5435620091813664
squeezed_Hải Phòng,Total_Rainfall_lag3,0.08616523940186799
squeezed_Hải Phòng,Total_Rainfall_lag4,0.1158085424571917
squeezed_Hải Phòng,Total_Rainfall_lag5,0.012784813002596618
squeezed_Hải Phòng,Total_Rainfall_lag6,0.057006530138260625
squeezed_Hải Phòng,Total_Rainfall_lag7,0.056305961353661636
squeezed_Hải Phòng,Total_Rainfall_lag8,0.02933200026184438
squeezed_Hải Phòng,Total_Rainfall_lag9,0.08845448805603912
squeezed_Hải Phòng,Total_Rainfall_lag10,0.1795052698027796
squeezed_Hải Phòng,Total_Rainfall_lag11,0.10630505231522551
squeezed_Hải Phòng,Total_Rainfall_lag12,0.093018880635219
squeezed_Hải Phòng,Max_Daily_Rainfall_lag1,0.15338497623685163
squeezed_Hải Phòng,Max_Daily_Rainfall_lag2,0.09053574259663894
squeezed_Hải Phòng,Max_Daily_Rainfall_lag3,0.016575117152841257
squeezed_Hải Phòng,Max_Daily_Rainfall_lag4,0.04941031120203482
squeezed_Hải Phòng,Max_Daily_Rainfall_lag5,0.0455235282543367
squeezed_Hải Phòng,Max_Daily_Rainfall_lag6,0.1350092508375179
squeezed_Hải Phòng,Max_Daily_Rainfall_lag7,0.021109773866313086
squeezed_Hải Phòng,Max_Daily_Rainfall_lag8,0.1296115168738778
squeezed_Hải Phòng,Max_Daily_Rainfall_lag9,0.17998308458604473
squeezed_Hải Phòng,Max_Daily_Rainfall_lag10,0.04208940558391918
squeezed_Hải Phòng,Max_Daily_Rainfall_lag11,0.26405705458577206
squeezed_Hải Phòng,Max_Daily_Rainfall_lag12,0.20277019658605858
squeezed_Hải Phòng,n_raining_days_lag1,0.002515936606695155
squeezed_Hải Phòng,n_raining_days_lag2,0.07861677152104825
squeezed_Hải Phòng,n_raining_days_lag3,0.02567181914833661
squeezed_Hải Phòng,n_raining_days_lag4,0.05440849063472588
squeezed_Hải Phòng,n_raining_days_lag5,0.003001197065660887
squeezed_Hải Phòng,n_raining_days_lag6,0.00455079855113588
squeezed_Hải Phòng,n_raining_days_lag7,0.0
squeezed_Hải Phòng,n_raining_days_lag8,0.050349485374304705
squeezed_Hải Phòng,n_raining_days_lag9,0.09685176249866288
squeezed_Hải Phòng,n_raining_days_lag10,0.090033252402494
squeezed_Hải Phòng,n_raining_days_lag11,0.007338346171174855
squeezed_Hải Phòng,n_raining_days_lag12,0.04656604713219781
squeezed_Hải Phòng,Average_temperature_lag1,0.04613721764672451
squeezed_Hải Phòng,Average_temperature_lag2,0.0
squeezed_Hải Phòng,Average_temperature_lag3,0.17502249310138207
squeezed_Hải Phòng,Average_temperature_lag4,0.007571508284434203
squeezed_Hải Phòng,Average_temperature_lag5,0.027546170109501295
squeezed_Hải Phòng,Average_temperature_lag6,0.04485784184459796
squeezed_Hải Phòng,Average_temperature_lag7,0.09698242344900641
squeezed_Hải Phòng,Average_temperature_lag8,0.04285287033395799
squeezed_Hải Phòng,Average_temperature_lag9,0.047062952044736844
squeezed_Hải Phòng,Average_temperature_lag10,0.019882430538907397
squeezed_Hải Phòng,Average_temperature_lag11,0.06272444586176919
squeezed_Hải Phòng,Average_temperature_lag12,0.04218480114588572
squeezed_Hải Phòng,Max_Average_Temperature_lag1,0.2184994941124314
squeezed_Hải Phòng,Max_Average_Temperature_lag2,0.2871949978462807
squeezed_Hải Phòng,Max_Average_Temperature_lag3,0.1086713069456209
squeezed_Hải Phòng,Max_Average_Temperature_lag4,0.011590180380351067
squeezed_Hải Phòng,Max_Average_Temperature_lag5,0.22208675371699735
squeezed_Hải Phòng,Max_Average_Temperature_lag6,0.023334965289450196
squeezed_Hải Phòng,Max_Average_Temperature_lag7,0.026237816623519598
squeezed_Hải Phòng,Max_Average_Temperature_lag8,0.15803701150118338
squeezed_Hải Phòng,Max_Average_Temperature_lag9,0.005156691374579433
squeezed_Hải Phòng,Max_Average_Temperature_lag10,0.05906315554889976
squeezed_Hải Phòng,Max_Average_Temperature_lag11,0.08567655646467766
squeezed_Hải Phòng,Max_Average_Temperature_lag12,0.03454444610537825
squeezed_Hải Phòng,Min_Average_Temperature_lag1,0.013916896566421309
squeezed_Hải Phòng,Min_Average_Temperature_lag2,0.06066123353481443
squeezed_Hải Phòng,Min_Average_Temperature_lag3,0.043132880831960596
squeezed_Hải Phòng,Min_Average_Temperature_lag4,0.24879294405814092
squeezed_Hải Phòng,Min_Average_Temperature_lag5,0.013509524386315695
squeezed_Hải Phòng,Min_Average_Temperature_lag6,0.018668838269485497
squeezed_Hải Phòng,Min_Average_Temperature_lag7,0.08970173073725313
squeezed_Hải Phòng,Min_Average_Temperature_lag8,0.010142470756009133
squeezed_Hải Phòng,Min_Average_Temperature_lag9,0.0039848134847750615
squeezed_Hải Phòng,Min_Average_Temperature_lag10,0.038352014293453536
squeezed_Hải Phòng,Min_Average_Temperature_lag11,0.0694395352897574
squeezed_Hải Phòng,Min_Average_Temperature_lag12,0.13437701271787708
squeezed_Hải Phòng,Max_Absolute_Temperature_lag1,0.2824519263822157
squeezed_Hải Phòng,Max_Absolute_Temperature_lag2,0.08134749207210241
squeezed_Hải Phòng,Max_Absolute_Temperature_lag3,0.022932823630865254
squeezed_Hải Phòng,Max_Absolute_Temperature_lag4,0.10600868966214805
squeezed_Hải Phòng,Max_Absolute_Temperature_lag5,0.06197849246947864
squeezed_Hải Phòng,Max_Absolute_Temperature_lag6,0.011539304626184717
squeezed_Hải Phòng,Max_Absolute_Temperature_lag7,0.11665612773271256
squeezed_Hải Phòng,Max_Absolute_Temperature_lag8,0.016548079162368987
squeezed_Hải Phòng,Max_Absolute_Temperature_lag9,0.0021907176021105077
squeezed_Hải Phòng,Max_Absolute_Temperature_lag10,0.052225629308644585
squeezed_Hải Phòng,Max_Absolute_Temperature_lag11,0.10159797096200912
squeezed_Hải Phòng,Max_Absolute_Temperature_lag12,0.07713171758901718
squeezed_Hải Phòng,Min_Absolute_Temperature_lag1,0.022397245279457755
squeezed_Hải Phòng,Min_Absolute_Temperature_lag2,0.08199796491402113
squeezed_Hải Phòng,Min_Absolute_Temperature_lag3,0.142865698922476
squeezed_Hải Phòng,Min_Absolute_Temperature_lag4,0.25672195109959745
squeezed_Hải Phòng,Min_Absolute_Temperature_lag5,0.15306994290449064
squeezed_Hải Phòng,Min_Absolute_Temperature_lag6,0.032681889431106996
squeezed_Hải Phòng,Min_Absolute_Temperature_lag7,0.10878974629608817
squeezed_Hải Phòng,Min_Absolute_Temperature_lag8,0.14651823558344695
squeezed_Hải Phòng,Min_Absolute_Temperature_lag9,0.005705117616174406
squeezed_Hải Phòng,Min_Absolute_Temperature_lag10,0.0213031959786282
squeezed_Hải Phòng,Min_Absolute_Temperature_lag11,0.02511973664571779
squeezed_Hải Phòng,Min_Absolute_Temperature_lag12,0.3905186810266506
squeezed_Hải Phòng,Average_Humidity_lag1,0.034684693683890384
squeezed_Hải Phòng,Average_Humidity_lag2,0.01520123192205563
squeezed_Hải Phòng,Average_Humidity_lag3,0.0009032612330277962
squeezed_Hải Phòng,Average_Humidity_lag4,0.10351799386234832
squeezed_Hải Phòng,Average_Humidity_lag5,0.07522139559864936
squeezed_Hải Phòng,Average_Humidity_lag6,0.015736570097458522
squeezed_Hải Phòng,Average_Humidity_lag7,0.07370134816214892
squeezed_Hải Phòng,Average_Humidity_lag8,0.12443237898003429
squeezed_Hải Phòng,Average_Humidity_lag9,0.08200337932993346
squeezed_Hải Phòng,Average_Humidity_lag10,0.009517268406717976
squeezed_Hải Phòng,Average_Humidity_lag11,0.02092370012573844
squeezed_Hải Phòng,Average_Humidity_lag12,0.304263817200861
squeezed_Hải Phòng,Min_Humidity_lag1,0.04105167527903646
squeezed_Hải Phòng,Min_Humidity_lag2,0.1976061476119304
squeezed_Hải Phòng,Min_Humidity_lag3,0.07666910206872833
squeezed_Hải Phòng,Min_Humidity_lag4,0.015394734755815563
squeezed_Hải Phòng,Min_Humidity_lag5,0.03586781288555307
squeezed_Hải Phòng,Min_Humidity_lag6,0.005827509466736644
squeezed_Hải Phòng,Min_Humidity_lag7,0.12788653445123785
squeezed_Hải Phòng,Min_Humidity_lag8,0.025968751139194154
squeezed_Hải Phòng,Min_Humidity_lag9,0.015427654666995015
squeezed_Hải Phòng,Min_Humidity_lag10,0.005794473251886052
squeezed_Hải Phòng,Min_Humidity_lag11,0.10961449700511117
squeezed_Hải Phòng,Min_Humidity_lag12,0.03687555180022547
squeezed_Hải Phòng,n_hours_sunshine_lag1,0.11348598104191938
squeezed_Hải Phòng,n_hours_sunshine_lag2,0.09603382281422074
squeezed_Hải Phòng,n_hours_sunshine_lag3,0.0410768488704971
squeezed_Hải Phòng,n_hours_sunshine_lag4,0.19787914888514913
squeezed_Hải Phòng,n_hours_sunshine_lag5,0.009305269647527542
squeezed_Hải Phòng,n_hours_sunshine_lag6,0.07842627734225593
squeezed_Hải Phòng,n_hours_sunshine_lag7,0.026065436255963113
squeezed_Hải Phòng,n_hours_sunshine_lag8,0.041810860636708934
squeezed_Hải Phòng,n_hours_sunshine_lag9,0.00639420382950448
squeezed_Hải Phòng,n_hours_sunshine_lag10,0.08044387896150494
squeezed_Hải Phòng,n_hours_sunshine_lag11,0.01779444324051962
squeezed_Hải Phòng,n_hours_sunshine_lag12,0.07774588720774582
squeezed_Hải Phòng,population_male_lag1,0.0
squeezed_Hải Phòng,population_male_lag2,0.05149069463569558
squeezed_Hải Phòng,population_male_lag3,0.00706935535561153
squeezed_Hải Phòng,population_male_lag4,0.27642743378002343
squeezed_Hải Phòng,population_male_lag5,0.0
squeezed_Hải Phòng,population_male_lag6,0.0008103937097084345
squeezed_Hải Phòng,population_male_lag7,0.0006507468716989611
squeezed_Hải Phòng,population_male_lag8,0.0
squeezed_Hải Phòng,population_male_lag9,0.0
squeezed_Hải Phòng,population_male_lag10,0.30569407158463957
squeezed_Hải Phòng,population_male_lag11,0.0
squeezed_Hải Phòng,population_male_lag12,0.014178764813697573
squeezed_Hải Phòng,population_female_lag1,0.0
squeezed_Hải Phòng,population_female_lag2,0.005216398089286437
squeezed_Hải Phòng,population_female_lag3,0.0
squeezed_Hải Phòng,population_female_lag4,0.0
squeezed_Hải Phòng,population_female_lag5,0.009833482821344318
squeezed_Hải Phòng,population_female_lag6,0.23177933808327164
squeezed_Hải Phòng,population_female_lag7,0.0
squeezed_Hải Phòng,population_female_lag8,0.0
squeezed_Hải Phòng,population_female_lag9,0.0012646868920509417
squeezed_Hải Phòng,population_female_lag10,0.0029555611981328844
squeezed_Hải Phòng,population_female_lag11,0.0
squeezed_Hải Phòng,population_female_lag12,0.0
squeezed_Hải Phòng,population_urban_lag1,0.16346932583501772
squeezed_Hải Phòng,population_urban_lag2,0.029169584090599665
squeezed_Hải Phòng,population_urban_lag3,0.008424945265073836
squeezed_Hải Phòng,population_urban_lag4,0.003143630782778316
squeezed_Hải Phòng,population_urban_lag5,0.09019579381329262
squeezed_Hải Phòng,population_urban_lag6,0.1938659084525273
squeezed_Hải Phòng,population_urban_lag7,0.8510907470729064
squeezed_Hải Phòng,population_urban_lag8,0.0
squeezed_Hải Phòng,population_urban_lag9,0.0030509772783779755
squeezed_Hải Phòng,population_urban_lag10,0.0031827378772272077
squeezed_Hải Phòng,population_urban_lag11,0.7489649440164259
squeezed_Hải Phòng,population_urban_lag12,0.04359142389590842
squeezed_Hải Phòng,population_countryside_lag1,0.005717425419425353
squeezed_Hải Phòng,population_countryside_lag2,0.010497568387719541
squeezed_Hải Phòng,population_countryside_lag3,0.006739686865025273
squeezed_Hải Phòng,population_countryside_lag4,0.016713619454168743
squeezed_Hải Phòng,population_countryside_lag5,0.0
squeezed_Hải Phòng,population_countryside_lag6,0.007476062767184852
squeezed_Hải Phòng,population_countryside_lag7,0.0027345349841085462
squeezed_Hải Phòng,population_countryside_lag8,0.0
squeezed_Hải Phòng,population_countryside_lag9,0.0
squeezed_Hải Phòng,population_countryside_lag10,0.0
squeezed_Hải Phòng,population_countryside_lag11,0.016403422437465415
squeezed_Hải Phòng,population_countryside_lag12,0.014094485264978467
squeezed_Hải Phòng,Dengue_fever_rates_lag1,0.32708538753831795
squeezed_Hải Phòng,Dengue_fever_rates_lag2,0.006382420849948285
squeezed_Hải Phòng,Dengue_fever_rates_lag3,0.05198072610623028
squeezed_Hải Phòng,Dengue_fever_rates_lag4,0.02591377480720103
squeezed_Hải Phòng,Dengue_fever_rates_lag5,0.003295025441942455
squeezed_Hải Phòng,Dengue_fever_rates_lag6,0.04178343207591744
squeezed_Hải Phòng,Dengue_fever_rates_lag7,0.007452820991557428
squeezed_Hải Phòng,Dengue_fever_rates_lag8,0.12354443598577151
squeezed_Hải Phòng,Dengue_fever_rates_lag9,0.04217250568245629
squeezed_Hải Phòng,Dengue_fever_rates_lag10,0.143532974898862
squeezed_Hải Phòng,Dengue_fever_rates_lag11,0.46223367703044266
squeezed_Hải Phòng,Dengue_fever_rates_lag12,0.050846226331230454
squeezed_Hải Phòng,Influenza_rates_lag1,0.09294230781585923
squeezed_Hải Phòng,Influenza_rates_lag2,0.2502583531067794
squeezed_Hải Phòng,Influenza_rates_lag3,0.11025035526193426
squeezed_Hải Phòng,Influenza_rates_lag4,0.1286927609101939
squeezed_Hải Phòng,Influenza_rates_lag5,0.11697784270652499
squeezed_Hải Phòng,Influenza_rates_lag6,0.20653664199614888
squeezed_Hải Phòng,Influenza_rates_lag7,0.3468618404121804
squeezed_Hải Phòng,Influenza_rates_lag8,0.08245955057867402
squeezed_Hải Phòng,Influenza_rates_lag9,0.02386552013998623
squeezed_Hải Phòng,Influenza_rates_lag10,0.3316582848368325
squeezed_Hải Phòng,Influenza_rates_lag11,0.7571784625760295
squeezed_Hải Phòng,Influenza_rates_lag12,0.04668792180521661
squeezed_Hải Phòng,Diarrhoea_rates_rollmean_3,9.071137853613829
squeezed_Hải Phòng,Diarrhoea_rates_rollstd_3,0.2853616975163619
squeezed_Hải Phòng,Diarrhoea_rates_rollmean_6,2.1388209257890054
squeezed_Hải Phòng,Diarrhoea_rates_rollstd_6,0.019414689611134437
squeezed_Hải Phòng,month_sin,1.678120081988698
squeezed_Hải Phòng,month_cos,1.0543988776408957
squeezed_Khánh Hòa,Total_Evaporation,0.01904440297145908
squeezed_Khánh Hòa,Total_Rainfall,0.151472777066951
squeezed_Khánh Hòa,Max_Daily_Rainfall,0.15025296729959245
squeezed_Khánh Hòa,n_raining_days,0.04663236872898221
squeezed_Khánh Hòa,Average_temperature,0.002283758603350555
squeezed_Khánh Hòa,Max_Average_Temperature,0.13761343817518698
squeezed_Khánh Hòa,Min_Average_Temperature,0.01725354069288294
squeezed_Khánh Hòa,Max_Absolute_Temperature,0.033764985102977096
squeezed_Khánh Hòa,Min_Absolute_Temperature,0.5174902001432934
squeezed_Khánh Hòa,Average_Humidity,0.021774622132216027
squeezed_Khánh Hòa,Min_Humidity,0.08387009929627803
squeezed_Khánh Hòa,n_hours_sunshine,0.35000817514556853
squeezed_Khánh Hòa,population_male,0.030532221530674336
squeezed_Khánh Hòa,population_female,0.006948275626908824
squeezed_Khánh Hòa,population_urban,0.11529793486599986
squeezed_Khánh Hòa,population_countryside,0.04902650123520424
squeezed_Khánh Hòa,Diarrhoea_rates,36.34900245399841
squeezed_Khánh Hòa,Diarrhoea_rates_lag1,9.516462885408936
squeezed_Khánh Hòa,Diarrhoea_rates_lag2,1.3122983523417822
squeezed_Khánh Hòa,Diarrhoea_rates_lag3,0.0946432382268846
squeezed_Khánh Hòa,Diarrhoea_rates_lag4,1.4122545471504286
squeezed_Khánh Hòa,Diarrhoea_rates_lag5,0.7438964651444396
squeezed_Khánh Hòa,Diarrhoea_rates_lag6,0.9514800057173142
squeezed_Khánh Hòa,Diarrhoea_rates_lag7,0.19943029974576065
squeezed_Khánh Hòa,Diarrhoea_rates_lag8,0.36073275107643016
squeezed_Khánh Hòa,Diarrhoea_rates_lag9,0.15907305162756089
squeezed_Khánh Hòa,Diarrhoea_rates_lag10,0.8588287644726552
squeezed_Khánh Hòa,Diarrhoea_rates_lag11,1.3512163074999988
squeezed_Khánh Hòa,Diarrhoea_rates_lag12,0.5347607094102854
squeezed_Khánh Hòa,Total_Evaporation_lag1,0.1643694438303982
squeezed_Khánh Hòa,Total_Evaporation_lag2,0.4514339285262679
squeezed_Khánh Hòa,Total_Evaporation_lag3,0.0399406790034307
squeezed_Khánh Hòa,Total_Evaporation_lag4,0.037283267842582415
squeezed_Khánh Hòa,Total_Evaporation_lag5,0.03516867030758832
squeezed_Khánh Hòa,Total_Evaporation_lag6,0.2303156210218429
squeezed_Khánh Hòa,Total_Evaporation_lag7,0.015570489715595577
squeezed_Khánh Hòa,Total_Evaporation_lag8,0.05590089834076706
squeezed_Khánh Hòa,Total_Evaporation_lag9,0.21930372959509012
squeezed_Khánh Hòa,Total_Evaporation_lag10,0.0
squeezed_Khánh Hòa,Total_Evaporation_lag11,0.46157764601757206
squeezed_Khánh Hòa,Total_Evaporation_lag12,1.2918560611089245
squeezed_Khánh Hòa,Total_Rainfall_lag1,0.5866408852894313
squeezed_Khánh Hòa,Total_Rainfall_lag2,0.4623768816263103
squeezed_Khánh Hòa,Total_Rainfall_lag3,0.05644159416812609
squeezed_Khánh Hòa,Total_Rainfall_lag4,0.14278938432131755
squeezed_Khánh Hòa,Total_Rainfall_lag5,0.013039228863453954
squeezed_Khánh Hòa,Total_Rainfall_lag6,0.05669764013299986
squeezed_Khánh Hòa,Total_Rainfall_lag7,0.0515339888829446
squeezed_Khánh Hòa,Total_Rainfall_lag8,0.42899593280034337
squeezed_Khánh Hòa,Total_Rainfall_lag9,0.4672099580314715
squeezed_Khánh Hòa,Total_Rainfall_lag10,0.2700325235338139
squeezed_Khánh Hòa,Total_Rainfall_lag11,0.4572626700860933
squeezed_Khánh Hòa,Total_Rainfall_lag12,0.030820576782716425
squeezed_Khánh Hòa,Max_Daily_Rainfall_lag1,0.1972749486907371
squeezed_Khánh Hòa,Max_Daily_Rainfall_lag2,0.23603073572369393
squeezed_Khánh Hòa,Max_Daily_Rainfall_lag3,0.018294945334881536
squeezed_Khánh Hòa,Max_Daily_Rainfall_lag4,0.053200088855588
squeezed_Khánh Hòa,Max_Daily_Rainfall_lag5,0.018313123098352854
squeezed_Khánh Hòa,Max_Daily_Rainfall_lag6,0.1360907978471411
squeezed_Khánh Hòa,Max_Daily_Rainfall_lag7,0.2432344912988804
squeezed_Khánh Hòa,Max_Daily_Rainfall_lag8,1.1743286669177213
squeezed_Khánh Hòa,Max_Daily_Rainfall_lag9,0.5091736627638598
squeezed_Khánh Hòa,Max_Daily_Rainfall_lag10,0.06543429799571339
squeezed_Khánh Hòa,Max_Daily_Rainfall_lag11,0.2900310310935597
squeezed_Khánh Hòa,Max_Daily_Rainfall_lag12,0.3080805734992908
squeezed_Khánh Hòa,n_raining_days_lag1,0.004765931151939216
squeezed_Khánh Hòa,n_raining_days_lag2,0.11515074406697735
squeezed_Khánh Hòa,n_raining_days_lag3,0.0386249870432328
squeezed_Khánh Hòa,n_raining_days_lag4,0.03121652299089392
squeezed_Khánh Hòa,n_raining_days_lag5,0.008498555315488838
squeezed_Khánh Hòa,n_raining_days_lag6,0.003645755674745427
squeezed_Khánh Hòa,n_raining_days_lag7,0.0
squeezed_Khánh Hòa,n_raining_days_lag8,0.056123159653590084
squeezed_Khánh Hòa,n_raining_days_lag9,0.14454264664211144
squeezed_Khánh Hòa,n_raining_days_lag10,0.2574357645519683
squeezed_Khánh Hòa,n_raining_days_lag11,0.007627217156426315
squeezed_Khánh Hòa,n_raining_days_lag12,0.06232213969026943
squeezed_Khánh Hòa,Average_temperature_lag1,0.18101362329682658
squeezed_Khánh Hòa,Average_temperature_lag2,0.0
squeezed_Khánh Hòa,Average_temperature_lag3,0.10364949642068429
squeezed_Khánh Hòa,Average_temperature_lag4,0.004291407982870533
squeezed_Khánh Hòa,Average_temperature_lag5,0.00838390938354324
squeezed_Khánh Hòa,Average_temperature_lag6,0.06265962759093723
squeezed_Khánh Hòa,Average_temperature_lag7,0.10795135557459033
squeezed_Khánh Hòa,Average_temperature_lag8,0.06165010059172988
squeezed_Khánh Hòa,Average_temperature_lag9,0.07449157530753779
squeezed_Khánh Hòa,Average_temperature_lag10,0.01339783070382173
squeezed_Khánh Hòa,Average_temperature_lag11,0.1054283138401834
squeezed_Khánh Hòa,Average_temperature_lag12,0.10082893218178433
squeezed_Khánh Hòa,Max_Average_Temperature_lag1,0.1507687433774876
squeezed_Khánh Hòa,Max_Average_Temperature_lag2,0.31109237096765324
squeezed_Khánh Hòa,Max_Average_Temperature_lag3,0.05830536386665924
squeezed_Khánh Hòa,Max_Average_Temperature_lag4,0.006109874389216985
squeezed_Khánh Hòa,Max_Average_Temperature_lag5,0.21621349431296133
squeezed_Khánh Hòa,Max_Average_Temperature_lag6,0.018142064630681284
squeezed_Khánh Hòa,Max_Average_Temperature_lag7,0.01689175118432901
squeezed_Khánh Hòa,Max_Average_Temperature_lag8,0.08537943577610378
squeezed_Khánh Hòa,Max_Average_Temperature_lag9,0.01121901517416512
squeezed_Khánh Hòa,Max_Average_Temperature_lag10,0.06606547418975123
squeezed_Khánh Hòa,Max_Average_Temperature_lag11,0.1412573996017456
squeezed_Khánh Hòa,Max_Average_Temperature_lag12,0.0550893241462341
squeezed_Khánh Hòa,Min_Average_Temperature_lag1,0.013916896566421309
squeezed_Khánh Hòa,Min_Average_Temperature_lag2,0.03624597079439806
squeezed_Khánh Hòa,Min_Average_Temperature_lag3,0.09606816688190839
squeezed_Khánh Hòa,Min_Average_Temperature_lag4,0.20518925490455042
squeezed_Khánh Hòa,Min_Average_Temperature_lag5,0.013509524386315695
squeezed_Khánh Hòa,Min_Average_Temperature_lag6,0.019002522532491125
squeezed_Khánh Hòa,Min_Average_Temperature_lag7,0.06716367727232139
squeezed_Khánh Hòa,Min_Average_Temperature_lag8,0.011014492149486563
squeezed_Khánh Hòa,Min_Average_Temperature_lag9,0.03756580042539982
squeezed_Khánh Hòa,Min_Average_Temperature_lag10,0.04535289651780303
squeezed_Khánh Hòa,Min_Average_Temperature_lag11,0.1641165263610219
squeezed_Khánh Hòa,Min_Average_Temperature_lag12,0.15644321167482036
squeezed_Khánh Hòa,Max_Absolute_Temperature_lag1,0.18325709837174453
squeezed_Khánh Hòa,Max_Absolute_Temperature_lag2,0.10703870291130901
squeezed_Khánh Hòa,Max_Absolute_Temperature_lag3,0.018117996197399597
squeezed_Khánh Hòa,Max_Absolute_Temperature_lag4,0.11546172672498729
squeezed_Khánh Hòa,Max_Absolute_Temperature_lag5,0.02579728614657062
squeezed_Khánh Hòa,Max_Absolute_Temperature_lag6,0.03767419621801041
squeezed_Khánh Hòa,Max_Absolute_Temperature_lag7,0.20039901574326716
squeezed_Khánh Hòa,Max_Absolute_Temperature_lag8,0.014692365112549515
squeezed_Khánh Hòa,Max_Absolute_Temperature_lag9,0.0013966585108312957
squeezed_Khánh Hòa,Max_Absolute_Temperature_lag10,0.05391152716709344
squeezed_Khánh Hòa,Max_Absolute_Temperature_lag11,0.13142550249555743
squeezed_Khánh Hòa,Max_Absolute_Temperature_lag12,0.08512891977387042
squeezed_Khánh Hòa,Min_Absolute_Temperature_lag1,0.10435667743111304
squeezed_Khánh Hòa,Min_Absolute_Temperature_lag2,0.11163982958834412
squeezed_Khánh Hòa,Min_Absolute_Temperature_lag3,0.0840610502486936
squeezed_Khánh Hòa,Min_Absolute_Temperature_lag4,0.32781042064850513
squeezed_Khánh Hòa,Min_Absolute_Temperature_lag5,0.04549891074093846
squeezed_Khánh Hòa,Min_Absolute_Temperature_lag6,0.01601400917368075
squeezed_Khánh Hòa,Min_Absolute_Temperature_lag7,0.015579954667028868
squeezed_Khánh Hòa,Min_Absolute_Temperature_lag8,0.08105857455988416
squeezed_Khánh Hòa,Min_Absolute_Temperature_lag9,0.03089113193558335
squeezed_Khánh Hòa,Min_Absolute_Temperature_lag10,0.37565655574548457
squeezed_Khánh Hòa,Min_Absolute_Temperature_lag11,0.04191014720564132
squeezed_Khánh Hòa,Min_Absolute_Temperature_lag12,0.3395533902324221
squeezed_Khánh Hòa,Average_Humidity_lag1,0.031133776417946013
squeezed_Khánh Hòa,Average_Humidity_lag2,0.022403260489861025
squeezed_Khánh Hòa,Average_Humidity_lag3,0.000781666424397723
squeezed_Khánh Hòa,Average_Humidity_lag4,0.12990137028639023
squeezed_Khánh Hòa,Average_Humidity_lag5,0.1789056901426733
squeezed_Khánh Hòa,Average_Humidity_lag6,0.025175664335523817
squeezed_Khánh Hòa,Average_Humidity_lag7,0.15229778051604437
squeezed_Khánh Hòa,Average_Humidity_lag8,0.14261542515162814
squeezed_Khánh Hòa,Average_Humidity_lag9,0.06395040769792062
squeezed_Khánh Hòa,Average_Humidity_lag10,0.003119986888599041
squeezed_Khánh Hòa,Average_Humidity_lag11,0.014184301098628574
squeezed_Khánh Hòa,Average_Humidity_lag12,3.8582505150262043
squeezed_Khánh Hòa,Min_Humidity_lag1,0.018153537287249385
squeezed_Khánh Hòa,Min_Humidity_lag2,0.5226200683985393
squeezed_Khánh Hòa,Min_Humidity_lag3,0.039929700927295364
squeezed_Khánh Hòa,Min_Humidity_lag4,0.020959966625382704
squeezed_Khánh Hòa,Min_Humidity_lag5,0.1143811329823431
squeezed_Khánh Hòa,Min_Humidity_lag6,0.013088401520037032
squeezed_Khánh Hòa,Min_Humidity_lag7,0.11630282678931601
squeezed_Khánh Hòa,Min_Humidity_lag8,0.02653323147471871
squeezed_Khánh Hòa,Min_Humidity_lag9,0.0092137551972546
squeezed_Khánh Hòa,Min_Humidity_lag10,0.010232895938032878
squeezed_Khánh Hòa,Min_Humidity_lag11,0.11953442738811461
squeezed_Khánh Hòa,Min_Humidity_lag12,0.037782889976870765
squeezed_Khánh Hòa,n_hours_sunshine_lag1,0.08458523471467959
squeezed_Khánh Hòa,n_hours_sunshine_lag2,0.3093882689278254
squeezed_Khánh Hòa,n_hours_sunshine_lag3,0.08081385592586937
squeezed_Khánh Hòa,n_hours_sunshine_lag4,0.4110014293308892
squeezed_Khánh Hòa,n_hours_sunshine_lag5,0.032576514061377716
squeezed_Khánh Hòa,n_hours_sunshine_lag6,0.1007744061031541
squeezed_Khánh Hòa,n_hours_sunshine_lag7,0.09216585424296227
squeezed_Khánh Hòa,n_hours_sunshine_lag8,0.02074500757322591
squeezed_Khánh Hòa,n_hours_sunshine_lag9,0.042035088813198916
squeezed_Khánh Hòa,n_hours_sunshine_lag10,0.04582640442612365
squeezed_Khánh Hòa,n_hours_sunshine_lag11,0.07230625421339965
squeezed_Khánh Hòa,n_hours_sunshine_lag12,0.11439084718719432
squeezed_Khánh Hòa,population_male_lag1,0.0
squeezed_Khánh Hòa,population_male_lag2,0.05163688972579026
squeezed_Khánh Hòa,population_male_lag3,0.0033146922738400797
squeezed_Khánh Hòa,population_male_lag4,0.278787008651691
squeezed_Khánh Hòa,population_male_lag5,0.0
squeezed_Khánh Hòa,population_male_lag6,0.009116209554519526
squeezed_Khánh Hòa,population_male_lag7,0.0008913688103273149
squeezed_Khánh Hòa,population_male_lag8,0.0
squeezed_Khánh Hòa,population_male_lag9,0.0
squeezed_Khánh Hòa,population_male_lag10,0.30212498850131825
squeezed_Khánh Hòa,population_male_lag11,0.0
squeezed_Khánh Hòa,population_male_lag12,0.013511994294733834
squeezed_Khánh Hòa,population_female_lag1,0.0
squeezed_Khánh Hòa,population_female_lag2,0.005143192044302671
squeezed_Khánh Hòa,population_female_lag3,0.0
squeezed_Khánh Hòa,population_female_lag4,0.0
squeezed_Khánh Hòa,population_female_lag5,0.009105545336161872
squeezed_Khánh Hòa,population_female_lag6,0.040893151559112266
squeezed_Khánh Hòa,population_female_lag7,0.0
squeezed_Khánh Hòa,population_female_lag8,0.0
squeezed_Khánh Hòa,population_female_lag9,0.0014249602828883946
squeezed_Khánh Hòa,population_female_lag10,0.009634835076381278
squeezed_Khánh Hòa,population_female_lag11,0.0
squeezed_Khánh Hòa,population_female_lag12,0.0
squeezed_Khánh Hòa,population_urban_lag1,0.14008959799385337
squeezed_Khánh Hòa,population_urban_lag2,0.03106353080207173
squeezed_Khánh Hòa,population_urban_lag3,0.0036983813663305555
squeezed_Khánh Hòa,population_urban_lag4,0.0033228763604542526
squeezed_Khánh Hòa,population_urban_lag5,0.0944394800739169
squeezed_Khánh Hòa,population_urban_lag6,0.00392767277647238
squeezed_Khánh Hòa,population_urban_lag7,0.19325985494330924
squeezed_Khánh Hòa,population_urban_lag8,0.0
squeezed_Khánh Hòa,population_urban_lag9,0.0030509772783779755
squeezed_Khánh Hòa,population_urban_lag10,0.005235515951629362
squeezed_Khánh Hòa,population_urban_lag11,0.8033157745542862
squeezed_Khánh Hòa,population_urban_lag12,0.04391906554140399
squeezed_Khánh Hòa,population_countryside_lag1,0.02245458787355434
squeezed_Khánh Hòa,population_countryside_lag2,0.021087008507471996
squeezed_Khánh Hòa,population_countryside_lag3,0.032612987272872734
squeezed_Khánh Hòa,population_countryside_lag4,0.010116220972926792
squeezed_Khánh Hòa,population_countryside_lag5,0.0
squeezed_Khánh Hòa,population_countryside_lag6,0.008373806503388722
squeezed_Khánh Hòa,population_countryside_lag7,0.01300577392906956
squeezed_Khánh Hòa,population_countryside_lag8,0.0
squeezed_Khánh Hòa,population_countryside_lag9,0.0
squeezed_Khánh Hòa,population_countryside_lag10,0.0
squeezed_Khánh Hòa,population_countryside_lag11,0.022192835998177188
squeezed_Khánh Hòa,population_countryside_lag12,0.045665053820711544
squeezed_Khánh Hòa,Dengue_fever_rates_lag1,0.4435988138630253
squeezed_Khánh Hòa,Dengue_fever_rates_lag2,0.01844287017183797
squeezed_Khánh Hòa,Dengue_fever_rates_lag3,0.10659124514267233
squeezed_Khánh Hòa,Dengue_fever_rates_lag4,0.16057367375938925
squeezed_Khánh Hòa,Dengue_fever_rates_lag5,0.005586268298922308
squeezed_Khánh Hòa,Dengue_fever_rates_lag6,0.06799444172843726
squeezed_Khánh Hòa,Dengue_fever_rates_lag7,0.09489669048684335
squeezed_Khánh Hòa,Dengue_fever_rates_lag8,1.1615925817996555
squeezed_Khánh Hòa,Dengue_fever_rates_lag9,0.0529229075402344
squeezed_Khánh Hòa,Dengue_fever_rates_lag10,0.32056574213124506
squeezed_Khánh Hòa,Dengue_fever_rates_lag11,3.098398600966957
squeezed_Khánh Hòa,Dengue_fever_rates_lag12,0.31278202512643777
squeezed_Khánh Hòa,Influenza_rates_lag1,0.07333970360153172
squeezed_Khánh Hòa,Influenza_rates_lag2,0.27787503026972993
squeezed_Khánh Hòa,Influenza_rates_lag3,0.11464585839543462
squeezed_Khánh Hòa,Influenza_rates_lag4,0.041836910107251914
squeezed_Khánh Hòa,Influenza_rates_lag5,0.11253497982740951
squeezed_Khánh Hòa,Influenza_rates_lag6,0.22499579766959124
squeezed_Khánh Hòa,Influenza_rates_lag7,0.2755055477024773
squeezed_Khánh Hòa,Influenza_rates_lag8,0.042743689249296855
squeezed_Khánh Hòa,Influenza_rates_lag9,0.027995745764264616
squeezed_Khánh Hòa,Influenza_rates_lag10,0.1837665418319141
squeezed_Khánh Hòa,Influenza_rates_lag11,0.09408212740234195
squeezed_Khánh Hòa,Influenza_rates_lag12,0.07069232876366123
squeezed_Khánh Hòa,Diarrhoea_rates_rollmean_3,8.135576214039517
squeezed_Khánh Hòa,Diarrhoea_rates_rollstd_3,0.2677778302857954
squeezed_Khánh Hòa,Diarrhoea_rates_rollmean_6,2.2451286650937052
squeezed_Khánh Hòa,Diarrhoea_rates_rollstd_6,0.08918313791844429
squeezed_Khánh Hòa,month_sin,1.2603710204135679
squeezed_Khánh Hòa,month_cos,1.1509686313039798
squeezed_Kiên Giang,Total_Evaporation,0.01935951599390928
squeezed_Kiên Giang,Total_Rainfall,0.04390464852997963
squeezed_Kiên Giang,Max_Daily_Rainfall,0.07246772548551532
squeezed_Kiên Giang,n_raining_days,0.09818669502223742
squeezed_Kiên Giang,Average_temperature,0.0019139661371193669
squeezed_Kiên Giang,Max_Average_Temperature,0.04592705493706376
squeezed_Kiên Giang,Min_Average_Temperature,0.01637061315307024
squeezed_Kiên Giang,Max_Absolute_Temperature,0.032928453300352774
squeezed_Kiên Giang,Min_Absolute_Temperature,0.4793463135595198
squeezed_Kiên Giang,Average_Humidity,0.03971946398230446
squeezed_Kiên Giang,Min_Humidity,0.05097913969553333
squeezed_Kiên Giang,n_hours_sunshine,0.2488517885439808
squeezed_Kiên Giang,population_male,0.03223676206033425
squeezed_Kiên Giang,population_female,0.007777552866032756
squeezed_Kiên Giang,population_urban,0.13075440378371397
squeezed_Kiên Giang,population_countryside,0.046497101513528406
squeezed_Kiên Giang,Diarrhoea_rates,37.739823743000926
squeezed_Kiên Giang,Diarrhoea_rates_lag1,12.050984128950509
squeezed_Kiên Giang,Diarrhoea_rates_lag2,1.6545680816298025
squeezed_Kiên Giang,Diarrhoea_rates_lag3,0.03935996053642833
squeezed_Kiên Giang,Diarrhoea_rates_lag4,1.9387255830966128
squeezed_Kiên Giang,Diarrhoea_rates_lag5,0.9039788346703189
squeezed_Kiên Giang,Diarrhoea_rates_lag6,1.3347260906001768
squeezed_Kiên Giang,Diarrhoea_rates_lag7,0.16745200998723875
squeezed_Kiên Giang,Diarrhoea_rates_lag8,0.46090620566650325
squeezed_Kiên Giang,Diarrhoea_rates_lag9,0.23483526356076878
squeezed_Kiên Giang,Diarrhoea_rates_lag10,0.6563336984075853
squeezed_Kiên Giang,Diarrhoea_rates_lag11,1.3099374785047901
squeezed_Kiên Giang,Diarrhoea_rates_lag12,0.4792522008013181
squeezed_Kiên Giang,Total_Evaporation_lag1,0.025775205594329244
squeezed_Kiên Giang,Total_Evaporation_lag2,0.26900523412170146
squeezed_Kiên Giang,Total_Evaporation_lag3,0.021130260761142397
squeezed_Kiên Giang,Total_Evaporation_lag4,0.0058492285732915745
squeezed_Kiên Giang,Total_Evaporation_lag5,0.01876817939612917
squeezed_Kiên Giang,Total_Evaporation_lag6,0.03274851223749186
squeezed_Kiên Giang,Total_Evaporation_lag7,0.009734389857600584
squeezed_Kiên Giang,Total_Evaporation_lag8,0.06401336553499042
squeezed_Kiên Giang,Total_Evaporation_lag9,0.012486088337070158
squeezed_Kiên Giang,Total_Evaporation_lag10,0.0
squeezed_Kiên Giang,Total_Evaporation_lag11,0.13278308464382813
squeezed_Kiên Giang,Total_Evaporation_lag12,0.071379544345447
squeezed_Kiên Giang,Total_Rainfall_lag1,0.5311051289405176
squeezed_Kiên Giang,Total_Rainfall_lag2,0.47591406639256667
squeezed_Kiên Giang,Total_Rainfall_lag3,0.05389379281622842
squeezed_Kiên Giang,Total_Rainfall_lag4,0.07953035135520299
squeezed_Kiên Giang,Total_Rainfall_lag5,0.009979507481034882
squeezed_Kiên Giang,Total_Rainfall_lag6,0.025285537236245645
squeezed_Kiên Giang,Total_Rainfall_lag7,0.053421719569688136
squeezed_Kiên Giang,Total_Rainfall_lag8,0.011518324921403743
squeezed_Kiên Giang,Total_Rainfall_lag9,0.10842313069079462
squeezed_Kiên Giang,Total_Rainfall_lag10,0.11135940695390699
squeezed_Kiên Giang,Total_Rainfall_lag11,0.5768133485926962
squeezed_Kiên Giang,Total_Rainfall_lag12,0.03693689582123586
squeezed_Kiên Giang,Max_Daily_Rainfall_lag1,0.11010122735803063
squeezed_Kiên Giang,Max_Daily_Rainfall_lag2,0.13740058886653975
squeezed_Kiên Giang,Max_Daily_Rainfall_lag3,0.013674283729566007
squeezed_Kiên Giang,Max_Daily_Rainfall_lag4,0.0403113285833923
squeezed_Kiên Giang,Max_Daily_Rainfall_lag5,0.045525002077848827
squeezed_Kiên Giang,Max_Daily_Rainfall_lag6,0.035931528048489016
squeezed_Kiên Giang,Max_Daily_Rainfall_lag7,0.035697224649074884
squeezed_Kiên Giang,Max_Daily_Rainfall_lag8,0.11900079733700934
squeezed_Kiên Giang,Max_Daily_Rainfall_lag9,0.08383687101310607
squeezed_Kiên Giang,Max_Daily_Rainfall_lag10,0.14735829856754196
squeezed_Kiên Giang,Max_Daily_Rainfall_lag11,0.3109755129873391
squeezed_Kiên Giang,Max_Daily_Rainfall_lag12,0.18627877898914383
squeezed_Kiên Giang,n_raining_days_lag1,0.024970144910854822
squeezed_Kiên Giang,n_raining_days_lag2,0.16455112255601498
squeezed_Kiên Giang,n_raining_days_lag3,0.025195391141371745
squeezed_Kiên Giang,n_raining_days_lag4,0.04131619032608078
squeezed_Kiên Giang,n_raining_days_lag5,0.003076981272351702
squeezed_Kiên Giang,n_raining_days_lag6,0.0049433917910473085
squeezed_Kiên Giang,n_raining_days_lag7,0.0
squeezed_Kiên Giang,n_raining_days_lag8,0.03941312921628474
squeezed_Kiên Giang,n_raining_days_lag9,0.21482799065064453
squeezed_Kiên Giang,n_raining_days_lag10,0.13883890777093397
squeezed_Kiên Giang,n_raining_days_lag11,0.007768008094139821
squeezed_Kiên Giang,n_raining_days_lag12,0.06978702638942035
squeezed_Kiên Giang,Average_temperature_lag1,0.03919855408221019
squeezed_Kiên Giang,Average_temperature_lag2,0.0
squeezed_Kiên Giang,Average_temperature_lag3,0.08243537486975248
squeezed_Kiên Giang,Average_temperature_lag4,0.0030431248748003068
squeezed_Kiên Giang,Average_temperature_lag5,0.008259393174388065
squeezed_Kiên Giang,Average_temperature_lag6,0.0654659222814219
squeezed_Kiên Giang,Average_temperature_lag7,0.09591964867840717
squeezed_Kiên Giang,Average_temperature_lag8,0.08994087615769862
squeezed_Kiên Giang,Average_temperature_lag9,0.055355767287248316
squeezed_Kiên Giang,Average_temperature_lag10,0.014851526143900015
squeezed_Kiên Giang,Average_temperature_lag11,0.0373395147471953
squeezed_Kiên Giang,Average_temperature_lag12,0.030629494173700127
squeezed_Kiên Giang,Max_Average_Temperature_lag1,0.04397120160594933
squeezed_Kiên Giang,Max_Average_Temperature_lag2,0.18478422342578096
squeezed_Kiên Giang,Max_Average_Temperature_lag3,0.07111968943827614
squeezed_Kiên Giang,Max_Average_Temperature_lag4,0.005812324911929262
squeezed_Kiên Giang,Max_Average_Temperature_lag5,0.21125213330133788
squeezed_Kiên Giang,Max_Average_Temperature_lag6,0.016740032435555625
squeezed_Kiên Giang,Max_Average_Temperature_lag7,0.024846109388672846
squeezed_Kiên Giang,Max_Average_Temperature_lag8,0.1687675924602937
squeezed_Kiên Giang,Max_Average_Temperature_lag9,0.006850825204128777
squeezed_Kiên Giang,Max_Average_Temperature_lag10,0.04390606223126634
squeezed_Kiên Giang,Max_Average_Temperature_lag11,0.08629525802257622
squeezed_Kiên Giang,Max_Average_Temperature_lag12,0.04424502914744649
squeezed_Kiên Giang,Min_Average_Temperature_lag1,0.013916896566421309
squeezed_Kiên Giang,Min_Average_Temperature_lag2,0.03302625224800607
squeezed_Kiên Giang,Min_Average_Temperature_lag3,0.06313643716088443
squeezed_Kiên Giang,Min_Average_Temperature_lag4,0.2012270741273338
squeezed_Kiên Giang,Min_Average_Temperature_lag5,0.012943495129538289
squeezed_Kiên Giang,Min_Average_Temperature_lag6,0.02170938123967205
squeezed_Kiên Giang,Min_Average_Temperature_lag7,0.06953302153185413
squeezed_Kiên Giang,Min_Average_Temperature_lag8,0.011049402168765037
squeezed_Kiên Giang,Min_Average_Temperature_lag9,0.006552968490899146
squeezed_Kiên Giang,Min_Average_Temperature_lag10,0.1052355723153214
squeezed_Kiên Giang,Min_Average_Temperature_lag11,0.10202028780090495
squeezed_Kiên Giang,Min_Average_Temperature_lag12,0.15205007582598415
squeezed_Kiên Giang,Max_Absolute_Temperature_lag1,0.11478399573741481
squeezed_Kiên Giang,Max_Absolute_Temperature_lag2,0.041751542076695854
squeezed_Kiên Giang,Max_Absolute_Temperature_lag3,0.02286570135574106
squeezed_Kiên Giang,Max_Absolute_Temperature_lag4,0.10782933754901208
squeezed_Kiên Giang,Max_Absolute_Temperature_lag5,0.008241754982729941
squeezed_Kiên Giang,Max_Absolute_Temperature_lag6,0.07065493383209956
squeezed_Kiên Giang,Max_Absolute_Temperature_lag7,0.04347208636748621
squeezed_Kiên Giang,Max_Absolute_Temperature_lag8,0.016458444840830633
squeezed_Kiên Giang,Max_Absolute_Temperature_lag9,0.0016818398173448423
squeezed_Kiên Giang,Max_Absolute_Temperature_lag10,0.05763160880457552
squeezed_Kiên Giang,Max_Absolute_Temperature_lag11,0.06871609726808516
squeezed_Kiên Giang,Max_Absolute_Temperature_lag12,0.04515366565791368
squeezed_Kiên Giang,Min_Absolute_Temperature_lag1,0.017540663921337834
squeezed_Kiên Giang,Min_Absolute_Temperature_lag2,0.09503884087277543
squeezed_Kiên Giang,Min_Absolute_Temperature_lag3,0.06074652048454452
squeezed_Kiên Giang,Min_Absolute_Temperature_lag4,0.3221025266472895
squeezed_Kiên Giang,Min_Absolute_Temperature_lag5,0.0369731093840438
squeezed_Kiên Giang,Min_Absolute_Temperature_lag6,0.01660951792704029
squeezed_Kiên Giang,Min_Absolute_Temperature_lag7,0.015280983585261696
squeezed_Kiên Giang,Min_Absolute_Temperature_lag8,0.14135318874618344
squeezed_Kiên Giang,Min_Absolute_Temperature_lag9,0.06472531578419365
squeezed_Kiên Giang,Min_Absolute_Temperature_lag10,0.01393010567701163
squeezed_Kiên Giang,Min_Absolute_Temperature_lag11,0.029002333556974957
squeezed_Kiên Giang,Min_Absolute_Temperature_lag12,0.22657028565270332
squeezed_Kiên Giang,Average_Humidity_lag1,0.016007228119835158
squeezed_Kiên Giang,Average_Humidity_lag2,0.09667857328191208
squeezed_Kiên Giang,Average_Humidity_lag3,0.0007566962531872535
squeezed_Kiên Giang,Average_Humidity_lag4,0.0888446168185212
squeezed_Kiên Giang,Average_Humidity_lag5,0.05726176985167416
squeezed_Kiên Giang,Average_Humidity_lag6,0.006591087478899197
squeezed_Kiên Giang,Average_Humidity_lag7,0.011460077040267433
squeezed_Kiên Giang,Average_Humidity_lag8,0.06311352854845748
squeezed_Kiên Giang,Average_Humidity_lag9,0.04582639255719168
squeezed_Kiên Giang,Average_Humidity_lag10,0.0033997668499651814
squeezed_Kiên Giang,Average_Humidity_lag11,0.04612296420019218
squeezed_Kiên Giang,Average_Humidity_lag12,0.0807123047318783
squeezed_Kiên Giang,Min_Humidity_lag1,0.007971251451211839
squeezed_Kiên Giang,Min_Humidity_lag2,0.05288947692713236
squeezed_Kiên Giang,Min_Humidity_lag3,0.06666983206712458
squeezed_Kiên Giang,Min_Humidity_lag4,0.01381334333713561
squeezed_Kiên Giang,Min_Humidity_lag5,0.049135416260643834
squeezed_Kiên Giang,Min_Humidity_lag6,0.010526050625095075
squeezed_Kiên Giang,Min_Humidity_lag7,0.11356392666402415
squeezed_Kiên Giang,Min_Humidity_lag8,0.012698570242062454
squeezed_Kiên Giang,Min_Humidity_lag9,0.010952240202764182
squeezed_Kiên Giang,Min_Humidity_lag10,0.005405130968844314
squeezed_Kiên Giang,Min_Humidity_lag11,0.07803781965965191
squeezed_Kiên Giang,Min_Humidity_lag12,0.044967575381393086
squeezed_Kiên Giang,n_hours_sunshine_lag1,0.11442357050784972
squeezed_Kiên Giang,n_hours_sunshine_lag2,0.15580135051584748
squeezed_Kiên Giang,n_hours_sunshine_lag3,0.021977515943315252
squeezed_Kiên Giang,n_hours_sunshine_lag4,0.1546572329519414
squeezed_Kiên Giang,n_hours_sunshine_lag5,0.014981212997295039
squeezed_Kiên Giang,n_hours_sunshine_lag6,0.10261663687115978
squeezed_Kiên Giang,n_hours_sunshine_lag7,0.08578746968183255
squeezed_Kiên Giang,n_hours_sunshine_lag8,0.08883570783381288
squeezed_Kiên Giang,n_hours_sunshine_lag9,0.05747262632637804
squeezed_Kiên Giang,n_hours_sunshine_lag10,0.05378912967938681
squeezed_Kiên Giang,n_hours_sunshine_lag11,0.057141158401291414
squeezed_Kiên Giang,n_hours_sunshine_lag12,0.0825004724584791
squeezed_Kiên Giang,population_male_lag1,0.0
squeezed_Kiên Giang,population_male_lag2,0.05086519384913987
squeezed_Kiên Giang,population_male_lag3,0.005460214034852335
squeezed_Kiên Giang,population_male_lag4,0.278787008651691
squeezed_Kiên Giang,population_male_lag5,0.0
squeezed_Kiên Giang,population_male_lag6,0.0017130211316533355
squeezed_Kiên Giang,population_male_lag7,0.0009715761232034328
squeezed_Kiên Giang,population_male_lag8,0.0
squeezed_Kiên Giang,population_male_lag9,0.0
squeezed_Kiên Giang,population_male_lag10,0.30217038750099817
squeezed_Kiên Giang,population_male_lag11,0.0
squeezed_Kiên Giang,population_male_lag12,0.011511682737842609
squeezed_Kiên Giang,population_female_lag1,0.0
squeezed_Kiên Giang,population_female_lag2,0.005216398089286437
squeezed_Kiên Giang,population_female_lag3,0.0
squeezed_Kiên Giang,population_female_lag4,0.0
squeezed_Kiên Giang,population_female_lag5,0.00825628493678235
squeezed_Kiên Giang,population_female_lag6,0.03296933097253432
squeezed_Kiên Giang,population_female_lag7,0.0
squeezed_Kiên Giang,population_female_lag8,0.0
squeezed_Kiên Giang,population_female_lag9,0.0011605638130633498
squeezed_Kiên Giang,population_female_lag10,0.0029772768279340213
squeezed_Kiên Giang,population_female_lag11,0.0
squeezed_Kiên Giang,population_female_lag12,0.0
squeezed_Kiên Giang,population_urban_lag1,0.15543601779943148
squeezed_Kiên Giang,population_urban_lag2,0.03185354126294614
squeezed_Kiên Giang,population_urban_lag3,0.00373720561109003
squeezed_Kiên Giang,population_urban_lag4,0.0033228763604542526
squeezed_Kiên Giang,population_urban_lag5,0.09305341517801131
squeezed_Kiên Giang,population_urban_lag6,0.0032060731266058268
squeezed_Kiên Giang,population_urban_lag7,0.22297823151336602
squeezed_Kiên Giang,population_urban_lag8,0.0
squeezed_Kiên Giang,population_urban_lag9,0.0030509772783779755
squeezed_Kiên Giang,population_urban_lag10,0.003245085605077144
squeezed_Kiên Giang,population_urban_lag11,0.747200961946933
squeezed_Kiên Giang,population_urban_lag12,0.0455866598615581
squeezed_Kiên Giang,population_countryside_lag1,0.005717425419425353
squeezed_Kiên Giang,population_countryside_lag2,0.017142152843605426
squeezed_Kiên Giang,population_countryside_lag3,0.01230762573042169
squeezed_Kiên Giang,population_countryside_lag4,0.009306956952452084
squeezed_Kiên Giang,population_countryside_lag5,0.0
squeezed_Kiên Giang,population_countryside_lag6,0.008373806503388722
squeezed_Kiên Giang,population_countryside_lag7,0.011579944350901645
squeezed_Kiên Giang,population_countryside_lag8,0.0
squeezed_Kiên Giang,population_countryside_lag9,0.0
squeezed_Kiên Giang,population_countryside_lag10,0.0
squeezed_Kiên Giang,population_countryside_lag11,0.01932937083132849
squeezed_Kiên Giang,population_countryside_lag12,0.010193791152655984
squeezed_Kiên Giang,Dengue_fever_rates_lag1,0.4495834391189391
squeezed_Kiên Giang,Dengue_fever_rates_lag2,0.018074816637539813
squeezed_Kiên Giang,Dengue_fever_rates_lag3,0.06971670252825644
squeezed_Kiên Giang,Dengue_fever_rates_lag4,0.04253098859735075
squeezed_Kiên Giang,Dengue_fever_rates_lag5,0.005586268298922308
squeezed_Kiên Giang,Dengue_fever_rates_lag6,0.0524312706341141
squeezed_Kiên Giang,Dengue_fever_rates_lag7,0.004454795755407533
squeezed_Kiên Giang,Dengue_fever_rates_lag8,0.16215804477545334
squeezed_Kiên Giang,Dengue_fever_rates_lag9,0.015895912757340345
squeezed_Kiên Giang,Dengue_fever_rates_lag10,0.048389318656114295
squeezed_Kiên Giang,Dengue_fever_rates_lag11,0.3240715000047154
squeezed_Kiên Giang,Dengue_fever_rates_lag12,0.06061404402253376
squeezed_Kiên Giang,Influenza_rates_lag1,0.07450936239767882
squeezed_Kiên Giang,Influenza_rates_lag2,0.22130654731487523
squeezed_Kiên Giang,Influenza_rates_lag3,0.11096344324051967
squeezed_Kiên Giang,Influenza_rates_lag4,0.2884261995761697
squeezed_Kiên Giang,Influenza_rates_lag5,0.11915015798947166
squeezed_Kiên Giang,Influenza_rates_lag6,0.19885577193482373
squeezed_Kiên Giang,Influenza_rates_lag7,0.24943929639353435
squeezed_Kiên Giang,Influenza_rates_lag8,0.039752335820796986
squeezed_Kiên Giang,Influenza_rates_lag9,0.01643096242457758
squeezed_Kiên Giang,Influenza_rates_lag10,0.4524187948457839
squeezed_Kiên Giang,Influenza_rates_lag11,0.1960041934036795
squeezed_Kiên Giang,Influenza_rates_lag12,0.04457521347990443
squeezed_Kiên Giang,Diarrhoea_rates_rollmean_3,9.8142479591902
squeezed_Kiên Giang,Diarrhoea_rates_rollstd_3,0.13535211106291914
squeezed_Kiên Giang,Diarrhoea_rates_rollmean_6,2.3134327973335824
squeezed_Kiên Giang,Diarrhoea_rates_rollstd_6,0.04000501101865861
squeezed_Kiên Giang,month_sin,1.3738115434594096
squeezed_Kiên Giang,month_cos,0.3145438414629274
squeezed_Kon Tum,Total_Evaporation,0.020281866649936774
squeezed_Kon Tum,Total_Rainfall,0.05598252458804231
squeezed_Kon Tum,Max_Daily_Rainfall,0.25627737033778714
squeezed_Kon Tum,n_raining_days,0.09433791371295946
squeezed_Kon Tum,Average_temperature,0.04281473871693012
squeezed_Kon Tum,Max_Average_Temperature,0.11367486709875907
squeezed_Kon Tum,Min_Average_Temperature,0.008486379402111326
squeezed_Kon Tum,Max_Absolute_Temperature,0.037032026449543634
squeezed_Kon Tum,Min_Absolute_Temperature,0.4974253912101127
squeezed_Kon Tum,Average_Humidity,0.042282109079517016
squeezed_Kon Tum,Min_Humidity,0.3870244689868443
squeezed_Kon Tum,n_hours_sunshine,0.9629561383540762
squeezed_Kon Tum,population_male,0.017037331282143898
squeezed_Kon Tum,population_female,0.13210352118703872
squeezed_Kon Tum,population_urban,0.12884708190847272
squeezed_Kon Tum,population_countryside,0.03986524548605517
squeezed_Kon Tum,Diarrhoea_rates,78.58022900056405
squeezed_Kon Tum,Diarrhoea_rates_lag1,22.387971866144586
squeezed_Kon Tum,Diarrhoea_rates_lag2,4.310759267841669
squeezed_Kon Tum,Diarrhoea_rates_lag3,2.0001717656390787
squeezed_Kon Tum,Diarrhoea_rates_lag4,3.6650835188623905
squeezed_Kon Tum,Diarrhoea_rates_lag5,4.539362039782575
squeezed_Kon Tum,Diarrhoea_rates_lag6,2.992658537610382
squeezed_Kon Tum,Diarrhoea_rates_lag7,0.7533216802864887
squeezed_Kon Tum,Diarrhoea_rates_lag8,0.7743288479164415
squeezed_Kon Tum,Diarrhoea_rates_lag9,1.1757424250971926
squeezed_Kon Tum,Diarrhoea_rates_lag10,1.1915010872874803
squeezed_Kon Tum,Diarrhoea_rates_lag11,4.188695163700557
squeezed_Kon Tum,Diarrhoea_rates_lag12,3.0112855321509095
squeezed_Kon Tum,Total_Evaporation_lag1,0.08410019832093169
squeezed_Kon Tum,Total_Evaporation_lag2,1.615234188407458
squeezed_Kon Tum,Total_Evaporation_lag3,0.013689735666765316
squeezed_Kon Tum,Total_Evaporation_lag4,0.005486027977442164
squeezed_Kon Tum,Total_Evaporation_lag5,0.06492481976310695
squeezed_Kon Tum,Total_Evaporation_lag6,0.014481505699877238
squeezed_Kon Tum,Total_Evaporation_lag7,0.17533603160553304
squeezed_Kon Tum,Total_Evaporation_lag8,0.5364465396564496
squeezed_Kon Tum,Total_Evaporation_lag9,0.21963952423361185
squeezed_Kon Tum,Total_Evaporation_lag10,0.0
squeezed_Kon Tum,Total_Evaporation_lag11,0.9474132192543677
squeezed_Kon Tum,Total_Evaporation_lag12,0.39427656913858256
squeezed_Kon Tum,Total_Rainfall_lag1,0.4423581822253599
squeezed_Kon Tum,Total_Rainfall_lag2,0.7315661903770615
squeezed_Kon Tum,Total_Rainfall_lag3,0.05843879997054061
squeezed_Kon Tum,Total_Rainfall_lag4,0.18097983256963943
squeezed_Kon Tum,Total_Rainfall_lag5,0.007619922571553486
squeezed_Kon Tum,Total_Rainfall_lag6,0.05805347502257124
squeezed_Kon Tum,Total_Rainfall_lag7,0.14671908901951622
squeezed_Kon Tum,Total_Rainfall_lag8,0.028227391319122455
squeezed_Kon Tum,Total_Rainfall_lag9,0.12749006759320944
squeezed_Kon Tum,Total_Rainfall_lag10,0.5443841906996698
squeezed_Kon Tum,Total_Rainfall_lag11,0.6441893252528286
squeezed_Kon Tum,Total_Rainfall_lag12,0.03522156042058432
squeezed_Kon Tum,Max_Daily_Rainfall_lag1,0.1474584518706489
squeezed_Kon Tum,Max_Daily_Rainfall_lag2,0.33954774765129536
squeezed_Kon Tum,Max_Daily_Rainfall_lag3,0.013976549444045269
squeezed_Kon Tum,Max_Daily_Rainfall_lag4,0.31630168577434437
squeezed_Kon Tum,Max_Daily_Rainfall_lag5,0.0229640179331714
squeezed_Kon Tum,Max_Daily_Rainfall_lag6,0.026537503411991393
squeezed_Kon Tum,Max_Daily_Rainfall_lag7,0.2772188710290567
squeezed_Kon Tum,Max_Daily_Rainfall_lag8,0.6207095659606158
squeezed_Kon Tum,Max_Daily_Rainfall_lag9,0.27776744084932725
squeezed_Kon Tum,Max_Daily_Rainfall_lag10,0.3783108966190684
squeezed_Kon Tum,Max_Daily_Rainfall_lag11,0.512132331596742
squeezed_Kon Tum,Max_Daily_Rainfall_lag12,0.1723589690584042
squeezed_Kon Tum,n_raining_days_lag1,0.08737808221862409
squeezed_Kon Tum,n_raining_days_lag2,0.42274983746523304
squeezed_Kon Tum,n_raining_days_lag3,0.171799409268089
squeezed_Kon Tum,n_raining_days_lag4,0.10546742674695762
squeezed_Kon Tum,n_raining_days_lag5,0.002828640917482604
squeezed_Kon Tum,n_raining_days_lag6,0.004945820667868537
squeezed_Kon Tum,n_raining_days_lag7,0.0
squeezed_Kon Tum,n_raining_days_lag8,0.09757057444192939
squeezed_Kon Tum,n_raining_days_lag9,0.2965556651951462
squeezed_Kon Tum,n_raining_days_lag10,0.3108683203778461
squeezed_Kon Tum,n_raining_days_lag11,0.12635415056004348
squeezed_Kon Tum,n_raining_days_lag12,0.1489828642210855
squeezed_Kon Tum,Average_temperature_lag1,0.05708495940338549
squeezed_Kon Tum,Average_temperature_lag2,0.0
squeezed_Kon Tum,Average_temperature_lag3,0.06941218699760883
squeezed_Kon Tum,Average_temperature_lag4,0.02644280379402063
squeezed_Kon Tum,Average_temperature_lag5,0.27380685361324136
squeezed_Kon Tum,Average_temperature_lag6,0.06033442957431228
squeezed_Kon Tum,Average_temperature_lag7,0.11539269682159432
squeezed_Kon Tum,Average_temperature_lag8,0.024802933437992062
squeezed_Kon Tum,Average_temperature_lag9,0.06765905607171033
squeezed_Kon Tum,Average_temperature_lag10,0.21765412380925764
squeezed_Kon Tum,Average_temperature_lag11,0.12192989765561064
squeezed_Kon Tum,Average_temperature_lag12,0.20830546455866716
squeezed_Kon Tum,Max_Average_Temperature_lag1,0.10922022233851908
squeezed_Kon Tum,Max_Average_Temperature_lag2,0.3067733034091865
squeezed_Kon Tum,Max_Average_Temperature_lag3,0.19116851504406807
squeezed_Kon Tum,Max_Average_Temperature_lag4,0.006344780331496616
squeezed_Kon Tum,Max_Average_Temperature_lag5,0.2508923566331824
squeezed_Kon Tum,Max_Average_Temperature_lag6,0.0709965025305541
squeezed_Kon Tum,Max_Average_Temperature_lag7,0.18944571639301575
squeezed_Kon Tum,Max_Average_Temperature_lag8,0.1711990643501745
squeezed_Kon Tum,Max_Average_Temperature_lag9,0.18470906996603628
squeezed_Kon Tum,Max_Average_Temperature_lag10,0.17483511112239555
squeezed_Kon Tum,Max_Average_Temperature_lag11,0.30684252789351857
squeezed_Kon Tum,Max_Average_Temperature_lag12,0.33106200797741464
squeezed_Kon Tum,Min_Average_Temperature_lag1,0.013916896566421309
squeezed_Kon Tum,Min_Average_Temperature_lag2,0.06166976973600919
squeezed_Kon Tum,Min_Average_Temperature_lag3,0.013812641610679207
squeezed_Kon Tum,Min_Average_Temperature_lag4,0.969592228023449
squeezed_Kon Tum,Min_Average_Temperature_lag5,0.012393825470073172
squeezed_Kon Tum,Min_Average_Temperature_lag6,0.0036028229399522296
squeezed_Kon Tum,Min_Average_Temperature_lag7,0.13577719091088084
squeezed_Kon Tum,Min_Average_Temperature_lag8,0.05938154629245976
squeezed_Kon Tum,Min_Average_Temperature_lag9,0.04184440927945571
squeezed_Kon Tum,Min_Average_Temperature_lag10,0.019262738998597973
squeezed_Kon Tum,Min_Average_Temperature_lag11,0.05430915262758171
squeezed_Kon Tum,Min_Average_Temperature_lag12,0.1229076407855666
squeezed_Kon Tum,Max_Absolute_Temperature_lag1,0.1375880613974926
squeezed_Kon Tum,Max_Absolute_Temperature_lag2,0.10170251242967315
squeezed_Kon Tum,Max_Absolute_Temperature_lag3,0.18980913470662805
squeezed_Kon Tum,Max_Absolute_Temperature_lag4,0.3532713631540408
squeezed_Kon Tum,Max_Absolute_Temperature_lag5,0.11586318248328668
squeezed_Kon Tum,Max_Absolute_Temperature_lag6,0.14629187916691033
squeezed_Kon Tum,Max_Absolute_Temperature_lag7,0.36247034623014196
squeezed_Kon Tum,Max_Absolute_Temperature_lag8,0.022297220044641367
squeezed_Kon Tum,Max_Absolute_Temperature_lag9,0.0015900842807542042
squeezed_Kon Tum,Max_Absolute_Temperature_lag10,0.1888593197555772
squeezed_Kon Tum,Max_Absolute_Temperature_lag11,0.10114627269964849
squeezed_Kon Tum,Max_Absolute_Temperature_lag12,0.10342752668672604
squeezed_Kon Tum,Min_Absolute_Temperature_lag1,0.00813868407334721
squeezed_Kon Tum,Min_Absolute_Temperature_lag2,0.20938741779708692
squeezed_Kon Tum,Min_Absolute_Temperature_lag3,0.7579016258003728
squeezed_Kon Tum,Min_Absolute_Temperature_lag4,0.6406758529029274
squeezed_Kon Tum,Min_Absolute_Temperature_lag5,0.30124175851401447
squeezed_Kon Tum,Min_Absolute_Temperature_lag6,0.029567429483669416
squeezed_Kon Tum,Min_Absolute_Temperature_lag7,0.058313187571685236
squeezed_Kon Tum,Min_Absolute_Temperature_lag8,0.06436027115064284
squeezed_Kon Tum,Min_Absolute_Temperature_lag9,0.01793838182000413
squeezed_Kon Tum,Min_Absolute_Temperature_lag10,0.1920444479041248
squeezed_Kon Tum,Min_Absolute_Temperature_lag11,0.06787998839637853
squeezed_Kon Tum,Min_Absolute_Temperature_lag12,0.2827256072618968
squeezed_Kon Tum,Average_Humidity_lag1,0.3300719329882839
squeezed_Kon Tum,Average_Humidity_lag2,0.24361759932239957
squeezed_Kon Tum,Average_Humidity_lag3,0.0013960112918929802
squeezed_Kon Tum,Average_Humidity_lag4,0.10976326899870181
squeezed_Kon Tum,Average_Humidity_lag5,0.17342054311012559
squeezed_Kon Tum,Average_Humidity_lag6,0.1366145937671562
squeezed_Kon Tum,Average_Humidity_lag7,0.6152765563435131
squeezed_Kon Tum,Average_Humidity_lag8,0.13433196900211647
squeezed_Kon Tum,Average_Humidity_lag9,0.17365051219606428
squeezed_Kon Tum,Average_Humidity_lag10,0.009959141771918699
squeezed_Kon Tum,Average_Humidity_lag11,0.04904339590741718
squeezed_Kon Tum,Average_Humidity_lag12,1.9353040816444729
squeezed_Kon Tum,Min_Humidity_lag1,0.2418722175299084
squeezed_Kon Tum,Min_Humidity_lag2,0.2798828966436003
squeezed_Kon Tum,Min_Humidity_lag3,0.29764097005881934
squeezed_Kon Tum,Min_Humidity_lag4,0.13292881279129973
squeezed_Kon Tum,Min_Humidity_lag5,0.011173729412343023
squeezed_Kon Tum,Min_Humidity_lag6,0.367117021097461
squeezed_Kon Tum,Min_Humidity_lag7,0.15331676881398368
squeezed_Kon Tum,Min_Humidity_lag8,0.20051940630990472
squeezed_Kon Tum,Min_Humidity_lag9,0.08483074991150232
squeezed_Kon Tum,Min_Humidity_lag10,0.18308709962205785
squeezed_Kon Tum,Min_Humidity_lag11,0.20914963149998778
squeezed_Kon Tum,Min_Humidity_lag12,0.25369631681155275
squeezed_Kon Tum,n_hours_sunshine_lag1,0.08739468413029461
squeezed_Kon Tum,n_hours_sunshine_lag2,0.25225173769409154
squeezed_Kon Tum,n_hours_sunshine_lag3,0.06964564497247015
squeezed_Kon Tum,n_hours_sunshine_lag4,0.2601123198948931
squeezed_Kon Tum,n_hours_sunshine_lag5,0.02637317383403942
squeezed_Kon Tum,n_hours_sunshine_lag6,0.16937198368840076
squeezed_Kon Tum,n_hours_sunshine_lag7,0.2336147237074039
squeezed_Kon Tum,n_hours_sunshine_lag8,0.14160689650003133
squeezed_Kon Tum,n_hours_sunshine_lag9,0.2511675828011675
squeezed_Kon Tum,n_hours_sunshine_lag10,0.08222606301399556
squeezed_Kon Tum,n_hours_sunshine_lag11,0.26531759543252725
squeezed_Kon Tum,n_hours_sunshine_lag12,0.23033302308807735
squeezed_Kon Tum,population_male_lag1,0.0
squeezed_Kon Tum,population_male_lag2,0.01994699203254177
squeezed_Kon Tum,population_male_lag3,0.0047450401145149165
squeezed_Kon Tum,population_male_lag4,0.03143466496951827
squeezed_Kon Tum,population_male_lag5,0.0
squeezed_Kon Tum,population_male_lag6,0.004448628543825688
squeezed_Kon Tum,population_male_lag7,0.004314248737003164
squeezed_Kon Tum,population_male_lag8,0.0
squeezed_Kon Tum,population_male_lag9,0.0
squeezed_Kon Tum,population_male_lag10,0.13071359391530932
squeezed_Kon Tum,population_male_lag11,0.0
squeezed_Kon Tum,population_male_lag12,0.08044493322754373
squeezed_Kon Tum,population_female_lag1,0.0
squeezed_Kon Tum,population_female_lag2,0.022208389181604647
squeezed_Kon Tum,population_female_lag3,0.0
squeezed_Kon Tum,population_female_lag4,0.0
squeezed_Kon Tum,population_female_lag5,0.08339556253652151
squeezed_Kon Tum,population_female_lag6,0.14362759063514466
squeezed_Kon Tum,population_female_lag7,0.0
squeezed_Kon Tum,population_female_lag8,0.0
squeezed_Kon Tum,population_female_lag9,0.07903069245919954
squeezed_Kon Tum,population_female_lag10,0.0067977907557056376
squeezed_Kon Tum,population_female_lag11,0.0
squeezed_Kon Tum,population_female_lag12,0.0
squeezed_Kon Tum,population_urban_lag1,0.1278315832019015
squeezed_Kon Tum,population_urban_lag2,0.20754444993333268
squeezed_Kon Tum,population_urban_lag3,0.007226025373703614
squeezed_Kon Tum,population_urban_lag4,0.010320681438098358
squeezed_Kon Tum,population_urban_lag5,0.10532627267241741
squeezed_Kon Tum,population_urban_lag6,0.020540141234809697
squeezed_Kon Tum,population_urban_lag7,0.20496117218747154
squeezed_Kon Tum,population_urban_lag8,0.0
squeezed_Kon Tum,population_urban_lag9,0.0030509772783779755
squeezed_Kon Tum,population_urban_lag10,0.001371061393040476
squeezed_Kon Tum,population_urban_lag11,0.7555168835488248
squeezed_Kon Tum,population_urban_lag12,0.08497457233315325
squeezed_Kon Tum,population_countryside_lag1,0.024771786637144643
squeezed_Kon Tum,population_countryside_lag2,0.03090059555321439
squeezed_Kon Tum,population_countryside_lag3,0.0070040619119413625
squeezed_Kon Tum,population_countryside_lag4,0.009711400216675157
squeezed_Kon Tum,population_countryside_lag5,0.0
squeezed_Kon Tum,population_countryside_lag6,0.09631179757299395
squeezed_Kon Tum,population_countryside_lag7,0.008495674720537685
squeezed_Kon Tum,population_countryside_lag8,0.0
squeezed_Kon Tum,population_countryside_lag9,0.0
squeezed_Kon Tum,population_countryside_lag10,0.0
squeezed_Kon Tum,population_countryside_lag11,0.11437013877156332
squeezed_Kon Tum,population_countryside_lag12,0.05642584958065386
squeezed_Kon Tum,Dengue_fever_rates_lag1,1.0711748589487642
squeezed_Kon Tum,Dengue_fever_rates_lag2,0.18269542934468794
squeezed_Kon Tum,Dengue_fever_rates_lag3,0.1565342377733919
squeezed_Kon Tum,Dengue_fever_rates_lag4,0.14792275936825497
squeezed_Kon Tum,Dengue_fever_rates_lag5,0.005586268298922308
squeezed_Kon Tum,Dengue_fever_rates_lag6,0.034414975122112744
squeezed_Kon Tum,Dengue_fever_rates_lag7,0.09497877940372412
squeezed_Kon Tum,Dengue_fever_rates_lag8,0.39975439367707244
squeezed_Kon Tum,Dengue_fever_rates_lag9,0.03544375951044635
squeezed_Kon Tum,Dengue_fever_rates_lag10,0.46318193988571926
squeezed_Kon Tum,Dengue_fever_rates_lag11,0.743658148180894
squeezed_Kon Tum,Dengue_fever_rates_lag12,0.21304507699945552
squeezed_Kon Tum,Influenza_rates_lag1,0.1733023196799834
squeezed_Kon Tum,Influenza_rates_lag2,0.24392367519399694
squeezed_Kon Tum,Influenza_rates_lag3,0.12867213119175788
squeezed_Kon Tum,Influenza_rates_lag4,0.46561977550374506
squeezed_Kon Tum,Influenza_rates_lag5,0.18999526494108013
squeezed_Kon Tum,Influenza_rates_lag6,0.5930817612053757
squeezed_Kon Tum,Influenza_rates_lag7,0.37686474230733763
squeezed_Kon Tum,Influenza_rates_lag8,0.23254721617627397
squeezed_Kon Tum,Influenza_rates_lag9,0.062045437302575425
squeezed_Kon Tum,Influenza_rates_lag10,0.49752953450892096
squeezed_Kon Tum,Influenza_rates_lag11,0.13423650565005105
squeezed_Kon Tum,Influenza_rates_lag12,0.190477695904408
squeezed_Kon Tum,Diarrhoea_rates_rollmean_3,23.476037637816976
squeezed_Kon Tum,Diarrhoea_rates_rollstd_3,0.34520644308123066
squeezed_Kon Tum,Diarrhoea_rates_rollmean_6,2.518286089754583
squeezed_Kon Tum,Diarrhoea_rates_rollstd_6,0.265874102719444
squeezed_Kon Tum,month_sin,2.6031155202887137
squeezed_Kon Tum,month_cos,1.9775408629931424
squeezed_Lai Châu,Total_Evaporation,0.0878482807799279
squeezed_Lai Châu,Total_Rainfall,0.06553769273062317
squeezed_Lai Châu,Max_Daily_Rainfall,0.080571682357316
squeezed_Lai Châu,n_raining_days,0.07950964548003266
squeezed_Lai Châu,Average_temperature,0.12351060733494124
squeezed_Lai Châu,Max_Average_Temperature,0.05337961935556978
squeezed_Lai Châu,Min_Average_Temperature,0.008449227675192456
squeezed_Lai Châu,Max_Absolute_Temperature,0.19649568178746613
squeezed_Lai Châu,Min_Absolute_Temperature,0.6293395701875047
squeezed_Lai Châu,Average_Humidity,0.021529260325974724
squeezed_Lai Châu,Min_Humidity,0.19915480183137543
squeezed_Lai Châu,n_hours_sunshine,0.18109843142809692
squeezed_Lai Châu,population_male,0.007706218254983689
squeezed_Lai Châu,population_female,0.016805904820181326
squeezed_Lai Châu,population_urban,0.09551593315200961
squeezed_Lai Châu,population_countryside,0.007498394248141116
squeezed_Lai Châu,Diarrhoea_rates,16.28585108293058
squeezed_Lai Châu,Diarrhoea_rates_lag1,4.653489430320074
squeezed_Lai Châu,Diarrhoea_rates_lag2,0.7245644027976436
squeezed_Lai Châu,Diarrhoea_rates_lag3,0.13494907803758183
squeezed_Lai Châu,Diarrhoea_rates_lag4,1.002539483369154
squeezed_Lai Châu,Diarrhoea_rates_lag5,0.5632030287118881
squeezed_Lai Châu,Diarrhoea_rates_lag6,0.4226815451437888
squeezed_Lai Châu,Diarrhoea_rates_lag7,0.21220680366658248
squeezed_Lai Châu,Diarrhoea_rates_lag8,0.45937440834728277
squeezed_Lai Châu,Diarrhoea_rates_lag9,0.35309062437759037
squeezed_Lai Châu,Diarrhoea_rates_lag10,0.703135383169004
squeezed_Lai Châu,Diarrhoea_rates_lag11,0.8383780986575267
squeezed_Lai Châu,Diarrhoea_rates_lag12,0.31714158954005883
squeezed_Lai Châu,Total_Evaporation_lag1,0.010518478578328222
squeezed_Lai Châu,Total_Evaporation_lag2,0.2807794560254901
squeezed_Lai Châu,Total_Evaporation_lag3,0.07542750750506998
squeezed_Lai Châu,Total_Evaporation_lag4,0.02683873715143777
squeezed_Lai Châu,Total_Evaporation_lag5,0.0852128972387114
squeezed_Lai Châu,Total_Evaporation_lag6,0.023943126545591015
squeezed_Lai Châu,Total_Evaporation_lag7,0.028385136021387064
squeezed_Lai Châu,Total_Evaporation_lag8,0.09793074787644555
squeezed_Lai Châu,Total_Evaporation_lag9,0.02427611976511253
squeezed_Lai Châu,Total_Evaporation_lag10,0.0
squeezed_Lai Châu,Total_Evaporation_lag11,0.654408246422729
squeezed_Lai Châu,Total_Evaporation_lag12,0.05984989639220369
squeezed_Lai Châu,Total_Rainfall_lag1,0.4434612929493095
squeezed_Lai Châu,Total_Rainfall_lag2,0.7155645547572584
squeezed_Lai Châu,Total_Rainfall_lag3,0.06246575801820162
squeezed_Lai Châu,Total_Rainfall_lag4,0.115228243698508
squeezed_Lai Châu,Total_Rainfall_lag5,0.01042529996335928
squeezed_Lai Châu,Total_Rainfall_lag6,0.04369857438861361
squeezed_Lai Châu,Total_Rainfall_lag7,0.12472156955580797
squeezed_Lai Châu,Total_Rainfall_lag8,0.032088994161643514
squeezed_Lai Châu,Total_Rainfall_lag9,0.10856322750829685
squeezed_Lai Châu,Total_Rainfall_lag10,0.1685379234681548
squeezed_Lai Châu,Total_Rainfall_lag11,0.121076188993898
squeezed_Lai Châu,Total_Rainfall_lag12,0.09527326321043776
squeezed_Lai Châu,Max_Daily_Rainfall_lag1,0.1609780354131962
squeezed_Lai Châu,Max_Daily_Rainfall_lag2,0.08269233021633905
squeezed_Lai Châu,Max_Daily_Rainfall_lag3,0.014423879373961272
squeezed_Lai Châu,Max_Daily_Rainfall_lag4,0.03911327167539423
squeezed_Lai Châu,Max_Daily_Rainfall_lag5,0.03411735920309435
squeezed_Lai Châu,Max_Daily_Rainfall_lag6,0.023834337867409558
squeezed_Lai Châu,Max_Daily_Rainfall_lag7,0.014497601758001619
squeezed_Lai Châu,Max_Daily_Rainfall_lag8,0.10314018486937826
squeezed_Lai Châu,Max_Daily_Rainfall_lag9,0.1393309391533684
squeezed_Lai Châu,Max_Daily_Rainfall_lag10,0.035958252794508906
squeezed_Lai Châu,Max_Daily_Rainfall_lag11,0.09285546249524623
squeezed_Lai Châu,Max_Daily_Rainfall_lag12,0.15758774168144576
squeezed_Lai Châu,n_raining_days_lag1,0.0073273678331664234
squeezed_Lai Châu,n_raining_days_lag2,0.23334466004141266
squeezed_Lai Châu,n_raining_days_lag3,0.04153647876832461
squeezed_Lai Châu,n_raining_days_lag4,0.06143412812609569
squeezed_Lai Châu,n_raining_days_lag5,0.02031724992938531
squeezed_Lai Châu,n_raining_days_lag6,0.005499095675584392
squeezed_Lai Châu,n_raining_days_lag7,0.0
squeezed_Lai Châu,n_raining_days_lag8,0.06813217722299404
squeezed_Lai Châu,n_raining_days_lag9,0.09233831702767675
squeezed_Lai Châu,n_raining_days_lag10,0.17298615583085278
squeezed_Lai Châu,n_raining_days_lag11,0.013747278215942356
squeezed_Lai Châu,n_raining_days_lag12,0.1313326952102378
squeezed_Lai Châu,Average_temperature_lag1,0.10282024070274647
squeezed_Lai Châu,Average_temperature_lag2,0.0
squeezed_Lai Châu,Average_temperature_lag3,0.19913757272656643
squeezed_Lai Châu,Average_temperature_lag4,0.031257058763850924
squeezed_Lai Châu,Average_temperature_lag5,0.23006753567937285
squeezed_Lai Châu,Average_temperature_lag6,0.04534251354594011
squeezed_Lai Châu,Average_temperature_lag7,0.4900884526918842
squeezed_Lai Châu,Average_temperature_lag8,0.014920295518684372
squeezed_Lai Châu,Average_temperature_lag9,0.01846248640634686
squeezed_Lai Châu,Average_temperature_lag10,0.05112286212164017
squeezed_Lai Châu,Average_temperature_lag11,0.11257285305690827
squeezed_Lai Châu,Average_temperature_lag12,0.059444612162902456
squeezed_Lai Châu,Max_Average_Temperature_lag1,0.1942678315663033
squeezed_Lai Châu,Max_Average_Temperature_lag2,0.5502066929767928
squeezed_Lai Châu,Max_Average_Temperature_lag3,0.10307172629126003
squeezed_Lai Châu,Max_Average_Temperature_lag4,0.11712142200701521
squeezed_Lai Châu,Max_Average_Temperature_lag5,0.20994040103176914
squeezed_Lai Châu,Max_Average_Temperature_lag6,0.0520818767395797
squeezed_Lai Châu,Max_Average_Temperature_lag7,0.018147372005696272
squeezed_Lai Châu,Max_Average_Temperature_lag8,0.07732432323948528
squeezed_Lai Châu,Max_Average_Temperature_lag9,0.01832063389249788
squeezed_Lai Châu,Max_Average_Temperature_lag10,0.022230972466741477
squeezed_Lai Châu,Max_Average_Temperature_lag11,0.08796028071181848
squeezed_Lai Châu,Max_Average_Temperature_lag12,0.06425235481988416
squeezed_Lai Châu,Min_Average_Temperature_lag1,0.06534950067400976
squeezed_Lai Châu,Min_Average_Temperature_lag2,0.12509300111691568
squeezed_Lai Châu,Min_Average_Temperature_lag3,0.05135937721647354
squeezed_Lai Châu,Min_Average_Temperature_lag4,0.2368608991075324
squeezed_Lai Châu,Min_Average_Temperature_lag5,0.059709477919617476
squeezed_Lai Châu,Min_Average_Temperature_lag6,0.004583888300069464
squeezed_Lai Châu,Min_Average_Temperature_lag7,0.21415316751857497
squeezed_Lai Châu,Min_Average_Temperature_lag8,0.03110713150901924
squeezed_Lai Châu,Min_Average_Temperature_lag9,0.016972220611341834
squeezed_Lai Châu,Min_Average_Temperature_lag10,0.01111620415888013
squeezed_Lai Châu,Min_Average_Temperature_lag11,0.3441519902660979
squeezed_Lai Châu,Min_Average_Temperature_lag12,0.3694376905408763
squeezed_Lai Châu,Max_Absolute_Temperature_lag1,0.21204860769583125
squeezed_Lai Châu,Max_Absolute_Temperature_lag2,0.1132411404435968
squeezed_Lai Châu,Max_Absolute_Temperature_lag3,0.05131752850610382
squeezed_Lai Châu,Max_Absolute_Temperature_lag4,0.12708672722182535
squeezed_Lai Châu,Max_Absolute_Temperature_lag5,0.015056429985281778
squeezed_Lai Châu,Max_Absolute_Temperature_lag6,0.007806752607523231
squeezed_Lai Châu,Max_Absolute_Temperature_lag7,0.057176133377524176
squeezed_Lai Châu,Max_Absolute_Temperature_lag8,0.018696116367487414
squeezed_Lai Châu,Max_Absolute_Temperature_lag9,0.0017244395107890113
squeezed_Lai Châu,Max_Absolute_Temperature_lag10,0.05837059643157597
squeezed_Lai Châu,Max_Absolute_Temperature_lag11,0.09100683220282942
squeezed_Lai Châu,Max_Absolute_Temperature_lag12,0.13239948458455816
squeezed_Lai Châu,Min_Absolute_Temperature_lag1,0.06175381055997014
squeezed_Lai Châu,Min_Absolute_Temperature_lag2,0.16451614269238182
squeezed_Lai Châu,Min_Absolute_Temperature_lag3,0.2742580704647364
squeezed_Lai Châu,Min_Absolute_Temperature_lag4,0.3882110707769056
squeezed_Lai Châu,Min_Absolute_Temperature_lag5,0.08793194296156309
squeezed_Lai Châu,Min_Absolute_Temperature_lag6,0.05492574665334294
squeezed_Lai Châu,Min_Absolute_Temperature_lag7,0.3440530424491872
squeezed_Lai Châu,Min_Absolute_Temperature_lag8,0.11134418047405985
squeezed_Lai Châu,Min_Absolute_Temperature_lag9,0.015588882495944834
squeezed_Lai Châu,Min_Absolute_Temperature_lag10,0.013949641136776993
squeezed_Lai Châu,Min_Absolute_Temperature_lag11,0.022697106278487148
squeezed_Lai Châu,Min_Absolute_Temperature_lag12,0.7792494812786743
squeezed_Lai Châu,Average_Humidity_lag1,0.02469452108346049
squeezed_Lai Châu,Average_Humidity_lag2,0.010251502707296927
squeezed_Lai Châu,Average_Humidity_lag3,0.001542395752135743
squeezed_Lai Châu,Average_Humidity_lag4,0.06683455125278055
squeezed_Lai Châu,Average_Humidity_lag5,0.1112960665532214
squeezed_Lai Châu,Average_Humidity_lag6,0.009169880956766739
squeezed_Lai Châu,Average_Humidity_lag7,0.05261561758597171
squeezed_Lai Châu,Average_Humidity_lag8,0.291159116987607
squeezed_Lai Châu,Average_Humidity_lag9,0.05086777083685648
squeezed_Lai Châu,Average_Humidity_lag10,0.005093060238906496
squeezed_Lai Châu,Average_Humidity_lag11,0.04139287407014574
squeezed_Lai Châu,Average_Humidity_lag12,0.2402781469942196
squeezed_Lai Châu,Min_Humidity_lag1,0.019213804707182824
squeezed_Lai Châu,Min_Humidity_lag2,0.14073990840096334
squeezed_Lai Châu,Min_Humidity_lag3,0.1643092381151244
squeezed_Lai Châu,Min_Humidity_lag4,0.03366041400828232
squeezed_Lai Châu,Min_Humidity_lag5,0.012333197372851087
squeezed_Lai Châu,Min_Humidity_lag6,0.04149450351066913
squeezed_Lai Châu,Min_Humidity_lag7,0.130039741855578
squeezed_Lai Châu,Min_Humidity_lag8,0.06693823247240165
squeezed_Lai Châu,Min_Humidity_lag9,0.013341942865327673
squeezed_Lai Châu,Min_Humidity_lag10,0.014221769168299857
squeezed_Lai Châu,Min_Humidity_lag11,0.21758787962957105
squeezed_Lai Châu,Min_Humidity_lag12,0.2767563992133338
squeezed_Lai Châu,n_hours_sunshine_lag1,0.13254789868046432
squeezed_Lai Châu,n_hours_sunshine_lag2,0.08099176994611897
squeezed_Lai Châu,n_hours_sunshine_lag3,0.02769108287039182
squeezed_Lai Châu,n_hours_sunshine_lag4,0.15481179295804925
squeezed_Lai Châu,n_hours_sunshine_lag5,0.030791424571914
squeezed_Lai Châu,n_hours_sunshine_lag6,0.10567150124200166
squeezed_Lai Châu,n_hours_sunshine_lag7,0.023874166194811506
squeezed_Lai Châu,n_hours_sunshine_lag8,0.05307951682173401
squeezed_Lai Châu,n_hours_sunshine_lag9,0.006593664852967429
squeezed_Lai Châu,n_hours_sunshine_lag10,0.028033826356695962
squeezed_Lai Châu,n_hours_sunshine_lag11,0.03589213426916607
squeezed_Lai Châu,n_hours_sunshine_lag12,0.22519625863043527
squeezed_Lai Châu,population_male_lag1,0.0
squeezed_Lai Châu,population_male_lag2,0.007450705451873905
squeezed_Lai Châu,population_male_lag3,0.21808351437557763
squeezed_Lai Châu,population_male_lag4,0.03193571628660071
squeezed_Lai Châu,population_male_lag5,0.0
squeezed_Lai Châu,population_male_lag6,0.020343072785225843
squeezed_Lai Châu,population_male_lag7,0.004026737572041583
squeezed_Lai Châu,population_male_lag8,0.0
squeezed_Lai Châu,population_male_lag9,0.0
squeezed_Lai Châu,population_male_lag10,0.09326526812285595
squeezed_Lai Châu,population_male_lag11,0.0
squeezed_Lai Châu,population_male_lag12,0.14904479845776292
squeezed_Lai Châu,population_female_lag1,0.0
squeezed_Lai Châu,population_female_lag2,0.011719339185885901
squeezed_Lai Châu,population_female_lag3,0.0
squeezed_Lai Châu,population_female_lag4,0.0
squeezed_Lai Châu,population_female_lag5,0.014314556047950018
squeezed_Lai Châu,population_female_lag6,0.1640876431037274
squeezed_Lai Châu,population_female_lag7,0.0
squeezed_Lai Châu,population_female_lag8,0.0
squeezed_Lai Châu,population_female_lag9,0.015191509705674344
squeezed_Lai Châu,population_female_lag10,0.006847736704248254
squeezed_Lai Châu,population_female_lag11,0.0
squeezed_Lai Châu,population_female_lag12,0.0
squeezed_Lai Châu,population_urban_lag1,0.19428418786511145
squeezed_Lai Châu,population_urban_lag2,0.1705318101557295
squeezed_Lai Châu,population_urban_lag3,0.09756701772451777
squeezed_Lai Châu,population_urban_lag4,0.0026855193900849794
squeezed_Lai Châu,population_urban_lag5,0.10398859040361591
squeezed_Lai Châu,population_urban_lag6,0.019477296939130303
squeezed_Lai Châu,population_urban_lag7,0.05157678530572415
squeezed_Lai Châu,population_urban_lag8,0.0
squeezed_Lai Châu,population_urban_lag9,0.003905250916323808
squeezed_Lai Châu,population_urban_lag10,0.0045012855561414235
squeezed_Lai Châu,population_urban_lag11,1.2115049332709702
squeezed_Lai Châu,population_urban_lag12,0.10913648141740023
squeezed_Lai Châu,population_countryside_lag1,0.007330070592477059
squeezed_Lai Châu,population_countryside_lag2,0.008629602871750275
squeezed_Lai Châu,population_countryside_lag3,0.004000204032964733
squeezed_Lai Châu,population_countryside_lag4,0.02232462943124434
squeezed_Lai Châu,population_countryside_lag5,0.0
squeezed_Lai Châu,population_countryside_lag6,0.006877566943048938
squeezed_Lai Châu,population_countryside_lag7,0.00212765550365767
squeezed_Lai Châu,population_countryside_lag8,0.0
squeezed_Lai Châu,population_countryside_lag9,0.0
squeezed_Lai Châu,population_countryside_lag10,0.0
squeezed_Lai Châu,population_countryside_lag11,0.021761704332138563
squeezed_Lai Châu,population_countryside_lag12,0.008848961161655433
squeezed_Lai Châu,Dengue_fever_rates_lag1,0.3054888522272546
squeezed_Lai Châu,Dengue_fever_rates_lag2,0.022423108272630287
squeezed_Lai Châu,Dengue_fever_rates_lag3,0.053729325465021155
squeezed_Lai Châu,Dengue_fever_rates_lag4,0.01509158171889554
squeezed_Lai Châu,Dengue_fever_rates_lag5,0.0019202797277545428
squeezed_Lai Châu,Dengue_fever_rates_lag6,0.04197333411602786
squeezed_Lai Châu,Dengue_fever_rates_lag7,0.004081068080610904
squeezed_Lai Châu,Dengue_fever_rates_lag8,0.11535526574951259
squeezed_Lai Châu,Dengue_fever_rates_lag9,0.022571754641124587
squeezed_Lai Châu,Dengue_fever_rates_lag10,0.11243152975189317
squeezed_Lai Châu,Dengue_fever_rates_lag11,0.17726728338709644
squeezed_Lai Châu,Dengue_fever_rates_lag12,0.015991641742879325
squeezed_Lai Châu,Influenza_rates_lag1,0.07298913229963856
squeezed_Lai Châu,Influenza_rates_lag2,0.24890662689377582
squeezed_Lai Châu,Influenza_rates_lag3,0.10463881627876141
squeezed_Lai Châu,Influenza_rates_lag4,0.05121981168946776
squeezed_Lai Châu,Influenza_rates_lag5,0.14197992794782874
squeezed_Lai Châu,Influenza_rates_lag6,0.06676922655544305
squeezed_Lai Châu,Influenza_rates_lag7,0.10780500642389253
squeezed_Lai Châu,Influenza_rates_lag8,0.07200877163155474
squeezed_Lai Châu,Influenza_rates_lag9,0.02920429972269571
squeezed_Lai Châu,Influenza_rates_lag10,0.21635190486303266
squeezed_Lai Châu,Influenza_rates_lag11,0.2758817661271189
squeezed_Lai Châu,Influenza_rates_lag12,0.2176514807195091
squeezed_Lai Châu,Diarrhoea_rates_rollmean_3,5.623918016235764
squeezed_Lai Châu,Diarrhoea_rates_rollstd_3,0.17517525698683664
squeezed_Lai Châu,Diarrhoea_rates_rollmean_6,2.0281481934919148
squeezed_Lai Châu,Diarrhoea_rates_rollstd_6,0.0478660011251005
squeezed_Lai Châu,month_sin,2.322144451148516
squeezed_Lai Châu,month_cos,1.0850251768313117
squeezed_Long An,Total_Evaporation,0.02085168358972157
squeezed_Long An,Total_Rainfall,0.039053290416264756
squeezed_Long An,Max_Daily_Rainfall,0.07493486362781974
squeezed_Long An,n_raining_days,0.0854650822743045
squeezed_Long An,Average_temperature,0.003694727312472892
squeezed_Long An,Max_Average_Temperature,0.17530999772386976
squeezed_Long An,Min_Average_Temperature,0.02179209871890785
squeezed_Long An,Max_Absolute_Temperature,0.02420614469312138
squeezed_Long An,Min_Absolute_Temperature,0.6562828786681129
squeezed_Long An,Average_Humidity,0.043628543379213645
squeezed_Long An,Min_Humidity,0.0781791728607996
squeezed_Long An,n_hours_sunshine,0.3554696603915319
squeezed_Long An,population_male,0.03193713795186218
squeezed_Long An,population_female,0.007259254591580298
squeezed_Long An,population_urban,0.1337150736378608
squeezed_Long An,population_countryside,0.06303151122674942
squeezed_Long An,Diarrhoea_rates,35.01384778030063
squeezed_Long An,Diarrhoea_rates_lag1,11.244621200438262
squeezed_Long An,Diarrhoea_rates_lag2,1.6467066673408441
squeezed_Long An,Diarrhoea_rates_lag3,0.031548856696719675
squeezed_Long An,Diarrhoea_rates_lag4,2.198775601140518
squeezed_Long An,Diarrhoea_rates_lag5,0.8845750347154194
squeezed_Long An,Diarrhoea_rates_lag6,1.3871345348971598
squeezed_Long An,Diarrhoea_rates_lag7,0.17507400073786625
squeezed_Long An,Diarrhoea_rates_lag8,0.5367878701206068
squeezed_Long An,Diarrhoea_rates_lag9,0.26832133720955725
squeezed_Long An,Diarrhoea_rates_lag10,0.8317089435152184
squeezed_Long An,Diarrhoea_rates_lag11,1.7098133390425245
squeezed_Long An,Diarrhoea_rates_lag12,0.6490735575026394
squeezed_Long An,Total_Evaporation_lag1,0.013926142265080476
squeezed_Long An,Total_Evaporation_lag2,0.24688589967387445
squeezed_Long An,Total_Evaporation_lag3,0.01491879503516192
squeezed_Long An,Total_Evaporation_lag4,0.010400845148810388
squeezed_Long An,Total_Evaporation_lag5,0.02048684987800146
squeezed_Long An,Total_Evaporation_lag6,0.034737744720484805
squeezed_Long An,Total_Evaporation_lag7,0.01310403530111408
squeezed_Long An,Total_Evaporation_lag8,0.06804144735121766
squeezed_Long An,Total_Evaporation_lag9,0.013689087993304762
squeezed_Long An,Total_Evaporation_lag10,0.0
squeezed_Long An,Total_Evaporation_lag11,0.1169863901808677
squeezed_Long An,Total_Evaporation_lag12,0.11033780077308909
squeezed_Long An,Total_Rainfall_lag1,0.5878288895691737
squeezed_Long An,Total_Rainfall_lag2,0.3978944588536677
squeezed_Long An,Total_Rainfall_lag3,0.04312043135869028
squeezed_Long An,Total_Rainfall_lag4,0.07277062646633918
squeezed_Long An,Total_Rainfall_lag5,0.006171295171893698
squeezed_Long An,Total_Rainfall_lag6,0.033285423598047974
squeezed_Long An,Total_Rainfall_lag7,0.027687363023234948
squeezed_Long An,Total_Rainfall_lag8,0.009415525024340054
squeezed_Long An,Total_Rainfall_lag9,0.07437182563956286
squeezed_Long An,Total_Rainfall_lag10,0.11463980377437605
squeezed_Long An,Total_Rainfall_lag11,0.3804759611900175
squeezed_Long An,Total_Rainfall_lag12,0.011203379802530116
squeezed_Long An,Max_Daily_Rainfall_lag1,0.08324908129782285
squeezed_Long An,Max_Daily_Rainfall_lag2,0.1452957795085115
squeezed_Long An,Max_Daily_Rainfall_lag3,0.017762804473590542
squeezed_Long An,Max_Daily_Rainfall_lag4,0.044573962879006675
squeezed_Long An,Max_Daily_Rainfall_lag5,0.03448261753278615
squeezed_Long An,Max_Daily_Rainfall_lag6,0.014889902518318942
squeezed_Long An,Max_Daily_Rainfall_lag7,0.026929153233924728
squeezed_Long An,Max_Daily_Rainfall_lag8,0.14767208183070032
squeezed_Long An,Max_Daily_Rainfall_lag9,0.12006388523340332
squeezed_Long An,Max_Daily_Rainfall_lag10,0.10498544735456493
squeezed_Long An,Max_Daily_Rainfall_lag11,0.21872584161127384
squeezed_Long An,Max_Daily_Rainfall_lag12,0.14493493795053156
squeezed_Long An,n_raining_days_lag1,0.038079102024015245
squeezed_Long An,n_raining_days_lag2,0.13075308089086737
squeezed_Long An,n_raining_days_lag3,0.039213283259393245
squeezed_Long An,n_raining_days_lag4,0.04601734008379751
squeezed_Long An,n_raining_days_lag5,0.0033064792623558087
squeezed_Long An,n_raining_days_lag6,0.004614394642571735
squeezed_Long An,n_raining_days_lag7,0.0
squeezed_Long An,n_raining_days_lag8,0.0236597679999654
squeezed_Long An,n_raining_days_lag9,0.13310816419555058
squeezed_Long An,n_raining_days_lag10,0.12017579776515995
squeezed_Long An,n_raining_days_lag11,0.007929070960113492
squeezed_Long An,n_raining_days_lag12,0.07969819124546842
squeezed_Long An,Average_temperature_lag1,0.040093599807724555
squeezed_Long An,Average_temperature_lag2,0.0
squeezed_Long An,Average_temperature_lag3,0.08830531179760016
squeezed_Long An,Average_temperature_lag4,0.0030431248748003094
squeezed_Long An,Average_temperature_lag5,0.007472796613372058
squeezed_Long An,Average_temperature_lag6,0.07460702543917015
squeezed_Long An,Average_temperature_lag7,0.08145909260130377
squeezed_Long An,Average_temperature_lag8,0.08511410872300908
squeezed_Long An,Average_temperature_lag9,0.04125487196781444
squeezed_Long An,Average_temperature_lag10,0.013668363895376678
squeezed_Long An,Average_temperature_lag11,0.02971575674799572
squeezed_Long An,Average_temperature_lag12,0.028367844831383816
squeezed_Long An,Max_Average_Temperature_lag1,0.15221221273638186
squeezed_Long An,Max_Average_Temperature_lag2,0.11831923407904993
squeezed_Long An,Max_Average_Temperature_lag3,0.09921762561179252
squeezed_Long An,Max_Average_Temperature_lag4,0.0040406465337761805
squeezed_Long An,Max_Average_Temperature_lag5,0.393772889625614
squeezed_Long An,Max_Average_Temperature_lag6,0.01779486256984548
squeezed_Long An,Max_Average_Temperature_lag7,0.03808690109832812
squeezed_Long An,Max_Average_Temperature_lag8,0.4959024969716113
squeezed_Long An,Max_Average_Temperature_lag9,0.019977589032097093
squeezed_Long An,Max_Average_Temperature_lag10,0.12337208998482978
squeezed_Long An,Max_Average_Temperature_lag11,0.18788891183046866
squeezed_Long An,Max_Average_Temperature_lag12,0.2613208849994402
squeezed_Long An,Min_Average_Temperature_lag1,0.013916896566421309
squeezed_Long An,Min_Average_Temperature_lag2,0.032510168785652174
squeezed_Long An,Min_Average_Temperature_lag3,0.17781311676500533
squeezed_Long An,Min_Average_Temperature_lag4,0.19956824765199332
squeezed_Long An,Min_Average_Temperature_lag5,0.013055487571822441
squeezed_Long An,Min_Average_Temperature_lag6,0.0407345644189823
squeezed_Long An,Min_Average_Temperature_lag7,0.08439376281580169
squeezed_Long An,Min_Average_Temperature_lag8,0.009911783149958244
squeezed_Long An,Min_Average_Temperature_lag9,0.007736430209207657
squeezed_Long An,Min_Average_Temperature_lag10,0.02082646725311987
squeezed_Long An,Min_Average_Temperature_lag11,0.04637128565680371
squeezed_Long An,Min_Average_Temperature_lag12,0.10179653735575113
squeezed_Long An,Max_Absolute_Temperature_lag1,0.13229430447731078
squeezed_Long An,Max_Absolute_Temperature_lag2,0.05651351700548962
squeezed_Long An,Max_Absolute_Temperature_lag3,0.024363155904679763
squeezed_Long An,Max_Absolute_Temperature_lag4,0.12495429477630211
squeezed_Long An,Max_Absolute_Temperature_lag5,0.021326154044335462
squeezed_Long An,Max_Absolute_Temperature_lag6,0.05387515985307719
squeezed_Long An,Max_Absolute_Temperature_lag7,0.1392315200682757
squeezed_Long An,Max_Absolute_Temperature_lag8,0.013614483864795397
squeezed_Long An,Max_Absolute_Temperature_lag9,0.0014915106450414802
squeezed_Long An,Max_Absolute_Temperature_lag10,0.05496143298585809
squeezed_Long An,Max_Absolute_Temperature_lag11,0.05380690836671753
squeezed_Long An,Max_Absolute_Temperature_lag12,0.05877386853647016
squeezed_Long An,Min_Absolute_Temperature_lag1,0.0261846128599839
squeezed_Long An,Min_Absolute_Temperature_lag2,0.19688902008416764
squeezed_Long An,Min_Absolute_Temperature_lag3,0.08653977268163304
squeezed_Long An,Min_Absolute_Temperature_lag4,0.31199861388049277
squeezed_Long An,Min_Absolute_Temperature_lag5,0.03479817071040353
squeezed_Long An,Min_Absolute_Temperature_lag6,0.017120554101929957
squeezed_Long An,Min_Absolute_Temperature_lag7,0.01443650484523014
squeezed_Long An,Min_Absolute_Temperature_lag8,0.1252138330710898
squeezed_Long An,Min_Absolute_Temperature_lag9,0.08277720065668116
squeezed_Long An,Min_Absolute_Temperature_lag10,0.37018610769366306
squeezed_Long An,Min_Absolute_Temperature_lag11,0.011478034467190106
squeezed_Long An,Min_Absolute_Temperature_lag12,0.2672891985369082
squeezed_Long An,Average_Humidity_lag1,0.022429917749402648
squeezed_Long An,Average_Humidity_lag2,0.08046253490490789
squeezed_Long An,Average_Humidity_lag3,0.000658815145809798
squeezed_Long An,Average_Humidity_lag4,0.11819137090617539
squeezed_Long An,Average_Humidity_lag5,0.06353388136748621
squeezed_Long An,Average_Humidity_lag6,0.013015186388997872
squeezed_Long An,Average_Humidity_lag7,0.05073075358265997
squeezed_Long An,Average_Humidity_lag8,0.07262724773672408
squeezed_Long An,Average_Humidity_lag9,0.08572789018018488
squeezed_Long An,Average_Humidity_lag10,0.009812374079367732
squeezed_Long An,Average_Humidity_lag11,0.036965265252818506
squeezed_Long An,Average_Humidity_lag12,0.208083315131489
squeezed_Long An,Min_Humidity_lag1,0.014965151425549805
squeezed_Long An,Min_Humidity_lag2,0.14192485431018798
squeezed_Long An,Min_Humidity_lag3,0.06600403802864029
squeezed_Long An,Min_Humidity_lag4,0.013249540007519876
squeezed_Long An,Min_Humidity_lag5,0.01570486398885648
squeezed_Long An,Min_Humidity_lag6,0.008624954174956121
squeezed_Long An,Min_Humidity_lag7,0.1112847856561847
squeezed_Long An,Min_Humidity_lag8,0.0186193802934212
squeezed_Long An,Min_Humidity_lag9,0.011771924776603914
squeezed_Long An,Min_Humidity_lag10,0.007556965106288477
squeezed_Long An,Min_Humidity_lag11,0.0544237676949263
squeezed_Long An,Min_Humidity_lag12,0.02353268487827051
squeezed_Long An,n_hours_sunshine_lag1,0.11094413617197406
squeezed_Long An,n_hours_sunshine_lag2,0.2154829043462417
squeezed_Long An,n_hours_sunshine_lag3,0.031885019750721035
squeezed_Long An,n_hours_sunshine_lag4,0.22825477628600718
squeezed_Long An,n_hours_sunshine_lag5,0.024453745375668707
squeezed_Long An,n_hours_sunshine_lag6,0.1154109490633136
squeezed_Long An,n_hours_sunshine_lag7,0.12313761125935041
squeezed_Long An,n_hours_sunshine_lag8,0.0801201485875767
squeezed_Long An,n_hours_sunshine_lag9,0.07591471665667608
squeezed_Long An,n_hours_sunshine_lag10,0.02635127156627232
squeezed_Long An,n_hours_sunshine_lag11,0.11515992200503213
squeezed_Long An,n_hours_sunshine_lag12,0.1111468772569253
squeezed_Long An,population_male_lag1,0.0
squeezed_Long An,population_male_lag2,0.05211496617968452
squeezed_Long An,population_male_lag3,0.005817800995021045
squeezed_Long An,population_male_lag4,0.278787008651691
squeezed_Long An,population_male_lag5,0.0
squeezed_Long An,population_male_lag6,0.001713021131653335
squeezed_Long An,population_male_lag7,0.008704944264038377
squeezed_Long An,population_male_lag8,0.0
squeezed_Long An,population_male_lag9,0.0
squeezed_Long An,population_male_lag10,0.3020795895016384
squeezed_Long An,population_male_lag11,0.0
squeezed_Long An,population_male_lag12,0.011511682737842607
squeezed_Long An,population_female_lag1,0.0
squeezed_Long An,population_female_lag2,0.005216398089286437
squeezed_Long An,population_female_lag3,0.0
squeezed_Long An,population_female_lag4,0.0
squeezed_Long An,population_female_lag5,0.00825628493678235
squeezed_Long An,population_female_lag6,0.04146091881990391
squeezed_Long An,population_female_lag7,0.0
squeezed_Long An,population_female_lag8,0.0
squeezed_Long An,population_female_lag9,0.0008489832827757742
squeezed_Long An,population_female_lag10,0.003002001526273178
squeezed_Long An,population_female_lag11,0.0
squeezed_Long An,population_female_lag12,0.0
squeezed_Long An,population_urban_lag1,0.13115311487114353
squeezed_Long An,population_urban_lag2,0.03180934697088302
squeezed_Long An,population_urban_lag3,0.004080716454399513
squeezed_Long An,population_urban_lag4,0.0033228763604542526
squeezed_Long An,population_urban_lag5,0.09467943221664878
squeezed_Long An,population_urban_lag6,0.003657072907772422
squeezed_Long An,population_urban_lag7,0.21252246454403023
squeezed_Long An,population_urban_lag8,0.0
squeezed_Long An,population_urban_lag9,0.0030509772783779755
squeezed_Long An,population_urban_lag10,0.0031736303006321596
squeezed_Long An,population_urban_lag11,0.7636705772780027
squeezed_Long An,population_urban_lag12,0.04554280430180361
squeezed_Long An,population_countryside_lag1,0.00567022799486844
squeezed_Long An,population_countryside_lag2,0.03812222663614829
squeezed_Long An,population_countryside_lag3,0.01371426381338328
squeezed_Long An,population_countryside_lag4,0.010285778499523838
squeezed_Long An,population_countryside_lag5,0.0
squeezed_Long An,population_countryside_lag6,0.008373806503388722
squeezed_Long An,population_countryside_lag7,0.01300577392906956
squeezed_Long An,population_countryside_lag8,0.0
squeezed_Long An,population_countryside_lag9,0.0
squeezed_Long An,population_countryside_lag10,0.0
squeezed_Long An,population_countryside_lag11,0.02142985367365187
squeezed_Long An,population_countryside_lag12,0.0875555629342517
squeezed_Long An,Dengue_fever_rates_lag1,0.45613817930802586
squeezed_Long An,Dengue_fever_rates_lag2,0.06265178714951218
squeezed_Long An,Dengue_fever_rates_lag3,0.08261018791415718
squeezed_Long An,Dengue_fever_rates_lag4,0.032331528074595446
squeezed_Long An,Dengue_fever_rates_lag5,0.005586268298922308
squeezed_Long An,Dengue_fever_rates_lag6,0.0544392828482701
squeezed_Long An,Dengue_fever_rates_lag7,0.008909514472463851
squeezed_Long An,Dengue_fever_rates_lag8,0.16825804174244022
squeezed_Long An,Dengue_fever_rates_lag9,0.0386897120536834
squeezed_Long An,Dengue_fever_rates_lag10,0.018986962368386904
squeezed_Long An,Dengue_fever_rates_lag11,0.2455854179624539
squeezed_Long An,Dengue_fever_rates_lag12,0.1546156477764822
squeezed_Long An,Influenza_rates_lag1,0.0783929743993902
squeezed_Long An,Influenza_rates_lag2,0.34601347875759675
squeezed_Long An,Influenza_rates_lag3,0.122221143174417
squeezed_Long An,Influenza_rates_lag4,0.023793801164698637
squeezed_Long An,Influenza_rates_lag5,0.1155220300599676
squeezed_Long An,Influenza_rates_lag6,0.13571116440545009
squeezed_Long An,Influenza_rates_lag7,0.2521141951168994
squeezed_Long An,Influenza_rates_lag8,0.068758020655015
squeezed_Long An,Influenza_rates_lag9,0.01797057660701289
squeezed_Long An,Influenza_rates_lag10,0.233206654584283
squeezed_Long An,Influenza_rates_lag11,0.05681837167284936
squeezed_Long An,Influenza_rates_lag12,0.1026277478794519
squeezed_Long An,Diarrhoea_rates_rollmean_3,9.563831239425882
squeezed_Long An,Diarrhoea_rates_rollstd_3,0.17784190542180742
squeezed_Long An,Diarrhoea_rates_rollmean_6,2.2725638764705773
squeezed_Long An,Diarrhoea_rates_rollstd_6,0.06881516396594467
squeezed_Long An,month_sin,1.3926087615494218
squeezed_Long An,month_cos,0.7425094476255487
squeezed_Lào Cai,Total_Evaporation,0.15085155004982484
squeezed_Lào Cai,Total_Rainfall,0.21619787758929046
squeezed_Lào Cai,Max_Daily_Rainfall,0.04946000984004914
squeezed_Lào Cai,n_raining_days,0.18462829791409216
squeezed_Lào Cai,Average_temperature,0.11979971964476206
squeezed_Lào Cai,Max_Average_Temperature,0.08460306888760634
squeezed_Lào Cai,Min_Average_Temperature,0.013142072705103766
squeezed_Lào Cai,Max_Absolute_Temperature,0.272320245290186
squeezed_Lào Cai,Min_Absolute_Temperature,0.9839333424672819
squeezed_Lào Cai,Average_Humidity,0.06645498809253708
squeezed_Lào Cai,Min_Humidity,0.13012559852224242
squeezed_Lào Cai,n_hours_sunshine,0.200886787712678
squeezed_Lào Cai,population_male,0.08696217383571359
squeezed_Lào Cai,population_female,0.008241916013381687
squeezed_Lào Cai,population_urban,0.12117114658172555
squeezed_Lào Cai,population_countryside,0.06923552306444636
squeezed_Lào Cai,Diarrhoea_rates,17.674337939456965
squeezed_Lào Cai,Diarrhoea_rates_lag1,4.624890019537388
squeezed_Lào Cai,Diarrhoea_rates_lag2,0.8289268836137876
squeezed_Lào Cai,Diarrhoea_rates_lag3,0.17004635418488567
squeezed_Lào Cai,Diarrhoea_rates_lag4,1.34481770081171
squeezed_Lào Cai,Diarrhoea_rates_lag5,0.5828726086683435
squeezed_Lào Cai,Diarrhoea_rates_lag6,0.4953495804702898
squeezed_Lào Cai,Diarrhoea_rates_lag7,0.24346700159945903
squeezed_Lào Cai,Diarrhoea_rates_lag8,0.4217391060854052
squeezed_Lào Cai,Diarrhoea_rates_lag9,0.49767472740725943
squeezed_Lào Cai,Diarrhoea_rates_lag10,0.705264139234241
squeezed_Lào Cai,Diarrhoea_rates_lag11,0.575393209664477
squeezed_Lào Cai,Diarrhoea_rates_lag12,0.2530545010488852
squeezed_Lào Cai,Total_Evaporation_lag1,0.029324725732519596
squeezed_Lào Cai,Total_Evaporation_lag2,0.3196024628364887
squeezed_Lào Cai,Total_Evaporation_lag3,0.20039150664265115
squeezed_Lào Cai,Total_Evaporation_lag4,0.024380916399058903
squeezed_Lào Cai,Total_Evaporation_lag5,0.12117878511467974
squeezed_Lào Cai,Total_Evaporation_lag6,0.027316158417588245
squeezed_Lào Cai,Total_Evaporation_lag7,0.027783583787088503
squeezed_Lào Cai,Total_Evaporation_lag8,0.1757769215261545
squeezed_Lào Cai,Total_Evaporation_lag9,0.08972530107452358
squeezed_Lào Cai,Total_Evaporation_lag10,0.0
squeezed_Lào Cai,Total_Evaporation_lag11,0.8483318279284003
squeezed_Lào Cai,Total_Evaporation_lag12,0.1740948138686542
squeezed_Lào Cai,Total_Rainfall_lag1,0.5504918068042167
squeezed_Lào Cai,Total_Rainfall_lag2,1.3690783248138658
squeezed_Lào Cai,Total_Rainfall_lag3,0.0674563817012727
squeezed_Lào Cai,Total_Rainfall_lag4,0.201583245785213
squeezed_Lào Cai,Total_Rainfall_lag5,0.014789672431930509
squeezed_Lào Cai,Total_Rainfall_lag6,0.037188815475849714
squeezed_Lào Cai,Total_Rainfall_lag7,0.20970908341185215
squeezed_Lào Cai,Total_Rainfall_lag8,0.1094146602342495
squeezed_Lào Cai,Total_Rainfall_lag9,0.17570323572013957
squeezed_Lào Cai,Total_Rainfall_lag10,0.26559753843105427
squeezed_Lào Cai,Total_Rainfall_lag11,0.2159758009080487
squeezed_Lào Cai,Total_Rainfall_lag12,0.08337083427525081
squeezed_Lào Cai,Max_Daily_Rainfall_lag1,0.417231002105237
squeezed_Lào Cai,Max_Daily_Rainfall_lag2,0.08600686781138693
squeezed_Lào Cai,Max_Daily_Rainfall_lag3,0.01318665496639889
squeezed_Lào Cai,Max_Daily_Rainfall_lag4,0.05026010309741117
squeezed_Lào Cai,Max_Daily_Rainfall_lag5,0.024239973120217334
squeezed_Lào Cai,Max_Daily_Rainfall_lag6,0.05305603940518169
squeezed_Lào Cai,Max_Daily_Rainfall_lag7,0.04005487108263051
squeezed_Lào Cai,Max_Daily_Rainfall_lag8,0.9389589938570211
squeezed_Lào Cai,Max_Daily_Rainfall_lag9,0.23502887433815178
squeezed_Lào Cai,Max_Daily_Rainfall_lag10,0.03724368086849187
squeezed_Lào Cai,Max_Daily_Rainfall_lag11,0.2523070452348723
squeezed_Lào Cai,Max_Daily_Rainfall_lag12,0.3530664370992292
squeezed_Lào Cai,n_raining_days_lag1,0.020601528441853544
squeezed_Lào Cai,n_raining_days_lag2,0.8039438663045745
squeezed_Lào Cai,n_raining_days_lag3,0.09804728183880466
squeezed_Lào Cai,n_raining_days_lag4,0.08128704783060985
squeezed_Lào Cai,n_raining_days_lag5,0.02155850032034129
squeezed_Lào Cai,n_raining_days_lag6,0.005357211679464266
squeezed_Lào Cai,n_raining_days_lag7,0.0
squeezed_Lào Cai,n_raining_days_lag8,0.02430824072559098
squeezed_Lào Cai,n_raining_days_lag9,0.28334222244578394
squeezed_Lào Cai,n_raining_days_lag10,0.3303370643829863
squeezed_Lào Cai,n_raining_days_lag11,0.007349349927786797
squeezed_Lào Cai,n_raining_days_lag12,0.18594844926484877
squeezed_Lào Cai,Average_temperature_lag1,0.21782851685575988
squeezed_Lào Cai,Average_temperature_lag2,0.0
squeezed_Lào Cai,Average_temperature_lag3,0.2739467057920428
squeezed_Lào Cai,Average_temperature_lag4,0.17220455475531093
squeezed_Lào Cai,Average_temperature_lag5,0.5798298942594694
squeezed_Lào Cai,Average_temperature_lag6,0.9890888022475285
squeezed_Lào Cai,Average_temperature_lag7,0.9600434840778574
squeezed_Lào Cai,Average_temperature_lag8,0.025891038123399105
squeezed_Lào Cai,Average_temperature_lag9,0.018022133415706007
squeezed_Lào Cai,Average_temperature_lag10,0.0582802813265793
squeezed_Lào Cai,Average_temperature_lag11,0.1808179364015752
squeezed_Lào Cai,Average_temperature_lag12,0.39597927191950216
squeezed_Lào Cai,Max_Average_Temperature_lag1,0.24323348735798453
squeezed_Lào Cai,Max_Average_Temperature_lag2,0.9306899058180669
squeezed_Lào Cai,Max_Average_Temperature_lag3,0.280642936404551
squeezed_Lào Cai,Max_Average_Temperature_lag4,0.05719534961865472
squeezed_Lào Cai,Max_Average_Temperature_lag5,0.5568199460649882
squeezed_Lào Cai,Max_Average_Temperature_lag6,0.3936736014919884
squeezed_Lào Cai,Max_Average_Temperature_lag7,0.03327943844411085
squeezed_Lào Cai,Max_Average_Temperature_lag8,0.09887771320914408
squeezed_Lào Cai,Max_Average_Temperature_lag9,0.0019041702950068516
squeezed_Lào Cai,Max_Average_Temperature_lag10,0.022926228229261412
squeezed_Lào Cai,Max_Average_Temperature_lag11,0.13408361347444975
squeezed_Lào Cai,Max_Average_Temperature_lag12,0.050514446206592234
squeezed_Lào Cai,Min_Average_Temperature_lag1,0.22176731777437106
squeezed_Lào Cai,Min_Average_Temperature_lag2,0.1367558478564836
squeezed_Lào Cai,Min_Average_Temperature_lag3,0.1515906922113416
squeezed_Lào Cai,Min_Average_Temperature_lag4,0.387799986859053
squeezed_Lào Cai,Min_Average_Temperature_lag5,0.3019051756324775
squeezed_Lào Cai,Min_Average_Temperature_lag6,0.00432024565262459
squeezed_Lào Cai,Min_Average_Temperature_lag7,0.695629430303082
squeezed_Lào Cai,Min_Average_Temperature_lag8,0.15521049020996985
squeezed_Lào Cai,Min_Average_Temperature_lag9,0.01926580555394199
squeezed_Lào Cai,Min_Average_Temperature_lag10,0.014332481749812205
squeezed_Lào Cai,Min_Average_Temperature_lag11,0.3863445070633584
squeezed_Lào Cai,Min_Average_Temperature_lag12,0.4509575803008265
squeezed_Lào Cai,Max_Absolute_Temperature_lag1,0.5409079538237999
squeezed_Lào Cai,Max_Absolute_Temperature_lag2,0.09457148844012503
squeezed_Lào Cai,Max_Absolute_Temperature_lag3,0.0065556993567777435
squeezed_Lào Cai,Max_Absolute_Temperature_lag4,0.15034253719339047
squeezed_Lào Cai,Max_Absolute_Temperature_lag5,0.08844175014041043
squeezed_Lào Cai,Max_Absolute_Temperature_lag6,0.031872940726452255
squeezed_Lào Cai,Max_Absolute_Temperature_lag7,0.12105550545798643
squeezed_Lào Cai,Max_Absolute_Temperature_lag8,0.8122486343473604
squeezed_Lào Cai,Max_Absolute_Temperature_lag9,0.001682282682095065
squeezed_Lào Cai,Max_Absolute_Temperature_lag10,0.06306141430617926
squeezed_Lào Cai,Max_Absolute_Temperature_lag11,0.22675224092018112
squeezed_Lào Cai,Max_Absolute_Temperature_lag12,0.7547768256624865
squeezed_Lào Cai,Min_Absolute_Temperature_lag1,0.18678463805902548
squeezed_Lào Cai,Min_Absolute_Temperature_lag2,0.5228759236035138
squeezed_Lào Cai,Min_Absolute_Temperature_lag3,0.31245499248371084
squeezed_Lào Cai,Min_Absolute_Temperature_lag4,0.6959211552246836
squeezed_Lào Cai,Min_Absolute_Temperature_lag5,0.24973340367957386
squeezed_Lào Cai,Min_Absolute_Temperature_lag6,0.22206204646673952
squeezed_Lào Cai,Min_Absolute_Temperature_lag7,0.7312637516567686
squeezed_Lào Cai,Min_Absolute_Temperature_lag8,0.09308600544393707
squeezed_Lào Cai,Min_Absolute_Temperature_lag9,0.03079032089612331
squeezed_Lào Cai,Min_Absolute_Temperature_lag10,0.06669494458207947
squeezed_Lào Cai,Min_Absolute_Temperature_lag11,0.02408355043560506
squeezed_Lào Cai,Min_Absolute_Temperature_lag12,2.0892044200046596
squeezed_Lào Cai,Average_Humidity_lag1,0.020729339249329678
squeezed_Lào Cai,Average_Humidity_lag2,0.011523130974698781
squeezed_Lào Cai,Average_Humidity_lag3,0.0015526228856951767
squeezed_Lào Cai,Average_Humidity_lag4,0.06573960087946575
squeezed_Lào Cai,Average_Humidity_lag5,0.26954441816589386
squeezed_Lào Cai,Average_Humidity_lag6,0.0166068604186172
squeezed_Lào Cai,Average_Humidity_lag7,0.12654408415361915
squeezed_Lào Cai,Average_Humidity_lag8,0.2464922405531487
squeezed_Lào Cai,Average_Humidity_lag9,0.11481075984428536
squeezed_Lào Cai,Average_Humidity_lag10,0.0062381854703083515
squeezed_Lào Cai,Average_Humidity_lag11,0.06596974520988876
squeezed_Lào Cai,Average_Humidity_lag12,0.07730089917308317
squeezed_Lào Cai,Min_Humidity_lag1,0.04644404809693089
squeezed_Lào Cai,Min_Humidity_lag2,0.12079092066786158
squeezed_Lào Cai,Min_Humidity_lag3,0.17186471874870182
squeezed_Lào Cai,Min_Humidity_lag4,0.17531682304022422
squeezed_Lào Cai,Min_Humidity_lag5,0.0206609437098578
squeezed_Lào Cai,Min_Humidity_lag6,0.007447847225486091
squeezed_Lào Cai,Min_Humidity_lag7,0.21044504698646418
squeezed_Lào Cai,Min_Humidity_lag8,0.11298340901022295
squeezed_Lào Cai,Min_Humidity_lag9,0.013166033216725085
squeezed_Lào Cai,Min_Humidity_lag10,0.03437366824011381
squeezed_Lào Cai,Min_Humidity_lag11,0.31119136729398184
squeezed_Lào Cai,Min_Humidity_lag12,0.02019394468406603
squeezed_Lào Cai,n_hours_sunshine_lag1,0.12800796972194559
squeezed_Lào Cai,n_hours_sunshine_lag2,0.10028964404267852
squeezed_Lào Cai,n_hours_sunshine_lag3,0.018783741963552165
squeezed_Lào Cai,n_hours_sunshine_lag4,0.19675652747211203
squeezed_Lào Cai,n_hours_sunshine_lag5,0.05109940535276103
squeezed_Lào Cai,n_hours_sunshine_lag6,0.08867311417235753
squeezed_Lào Cai,n_hours_sunshine_lag7,0.14926519354622372
squeezed_Lào Cai,n_hours_sunshine_lag8,0.09955825406951319
squeezed_Lào Cai,n_hours_sunshine_lag9,0.009744721213081238
squeezed_Lào Cai,n_hours_sunshine_lag10,0.12711531309107751
squeezed_Lào Cai,n_hours_sunshine_lag11,0.2292398673400581
squeezed_Lào Cai,n_hours_sunshine_lag12,0.13140041007291403
squeezed_Lào Cai,population_male_lag1,0.0
squeezed_Lào Cai,population_male_lag2,0.05146661843645702
squeezed_Lào Cai,population_male_lag3,0.006532974915358466
squeezed_Lào Cai,population_male_lag4,0.26322952884065337
squeezed_Lào Cai,population_male_lag5,0.0
squeezed_Lào Cai,population_male_lag6,0.0008066493647533859
squeezed_Lào Cai,population_male_lag7,0.004026737572041583
squeezed_Lào Cai,population_male_lag8,0.0
squeezed_Lào Cai,population_male_lag9,0.0
squeezed_Lào Cai,population_male_lag10,0.27489773709577786
squeezed_Lào Cai,population_male_lag11,0.0
squeezed_Lào Cai,population_male_lag12,0.010511526959396998
squeezed_Lào Cai,population_female_lag1,0.0
squeezed_Lào Cai,population_female_lag2,0.007313228270262186
squeezed_Lào Cai,population_female_lag3,0.0
squeezed_Lào Cai,population_female_lag4,0.0
squeezed_Lào Cai,population_female_lag5,0.01610117098182466
squeezed_Lào Cai,population_female_lag6,0.14365819919011866
squeezed_Lào Cai,population_female_lag7,0.0
squeezed_Lào Cai,population_female_lag8,0.0
squeezed_Lào Cai,population_female_lag9,0.001472144343350925
squeezed_Lào Cai,population_female_lag10,0.022373746185122282
squeezed_Lào Cai,population_female_lag11,0.0
squeezed_Lào Cai,population_female_lag12,0.0
squeezed_Lào Cai,population_urban_lag1,0.14966001993794484
squeezed_Lào Cai,population_urban_lag2,0.03057705947101716
squeezed_Lào Cai,population_urban_lag3,0.007888141613453572
squeezed_Lào Cai,population_urban_lag4,0.00230785802394649
squeezed_Lào Cai,population_urban_lag5,0.08088897882010454
squeezed_Lào Cai,population_urban_lag6,0.017351608347771517
squeezed_Lào Cai,population_urban_lag7,0.22143845467073542
squeezed_Lào Cai,population_urban_lag8,0.0
squeezed_Lào Cai,population_urban_lag9,0.0030509772783779755
squeezed_Lào Cai,population_urban_lag10,0.003791650733566479
squeezed_Lào Cai,population_urban_lag11,0.7570988930976738
squeezed_Lào Cai,population_urban_lag12,0.04249970488008953
squeezed_Lào Cai,population_countryside_lag1,0.06987446328339067
squeezed_Lào Cai,population_countryside_lag2,0.009694427121254219
squeezed_Lào Cai,population_countryside_lag3,0.005927910557626728
squeezed_Lào Cai,population_countryside_lag4,0.018243428850547163
squeezed_Lào Cai,population_countryside_lag5,0.0
squeezed_Lào Cai,population_countryside_lag6,0.005830199250811089
squeezed_Lào Cai,population_countryside_lag7,0.002457189485232884
squeezed_Lào Cai,population_countryside_lag8,0.0
squeezed_Lào Cai,population_countryside_lag9,0.0
squeezed_Lào Cai,population_countryside_lag10,0.0
squeezed_Lào Cai,population_countryside_lag11,0.024724302733409757
squeezed_Lào Cai,population_countryside_lag12,0.013174590467618076
squeezed_Lào Cai,Dengue_fever_rates_lag1,0.547706952053443
squeezed_Lào Cai,Dengue_fever_rates_lag2,0.02055644387895511
squeezed_Lào Cai,Dengue_fever_rates_lag3,0.06545060324875504
squeezed_Lào Cai,Dengue_fever_rates_lag4,0.016297713915017123
squeezed_Lào Cai,Dengue_fever_rates_lag5,0.0020730292515532
squeezed_Lào Cai,Dengue_fever_rates_lag6,0.04109350380832865
squeezed_Lào Cai,Dengue_fever_rates_lag7,0.005564873910066242
squeezed_Lào Cai,Dengue_fever_rates_lag8,0.11230997080747375
squeezed_Lào Cai,Dengue_fever_rates_lag9,0.023530244128092834
squeezed_Lào Cai,Dengue_fever_rates_lag10,0.12540171374519604
squeezed_Lào Cai,Dengue_fever_rates_lag11,0.20749706001901225
squeezed_Lào Cai,Dengue_fever_rates_lag12,0.0231913313627873
squeezed_Lào Cai,Influenza_rates_lag1,0.0899806312152004
squeezed_Lào Cai,Influenza_rates_lag2,0.28036582949506034
squeezed_Lào Cai,Influenza_rates_lag3,0.13368774056344704
squeezed_Lào Cai,Influenza_rates_lag4,0.1762383147948905
squeezed_Lào Cai,Influenza_rates_lag5,0.30947864636469125
squeezed_Lào Cai,Influenza_rates_lag6,0.10756042039659221
squeezed_Lào Cai,Influenza_rates_lag7,0.1257727929067044
squeezed_Lào Cai,Influenza_rates_lag8,0.06853619926485421
squeezed_Lào Cai,Influenza_rates_lag9,0.029434502329098083
squeezed_Lào Cai,Influenza_rates_lag10,0.2375205400679746
squeezed_Lào Cai,Influenza_rates_lag11,0.27533478585350796
squeezed_Lào Cai,Influenza_rates_lag12,0.26657811298268236
squeezed_Lào Cai,Diarrhoea_rates_rollmean_3,4.938575503466886
squeezed_Lào Cai,Diarrhoea_rates_rollstd_3,0.19092022853799204
squeezed_Lào Cai,Diarrhoea_rates_rollmean_6,2.0523585851575477
squeezed_Lào Cai,Diarrhoea_rates_rollstd_6,0.08386826358945444
squeezed_Lào Cai,month_sin,2.6972190707214985
squeezed_Lào Cai,month_cos,1.322014922057842
squeezed_Lâm Đồng,Total_Evaporation,0.030405335015503483
squeezed_Lâm Đồng,Total_Rainfall,0.05814330597993105
squeezed_Lâm Đồng,Max_Daily_Rainfall,0.033727288988833766
squeezed_Lâm Đồng,n_raining_days,0.13939765840766447
squeezed_Lâm Đồng,Average_temperature,0.14296475481584356
squeezed_Lâm Đồng,Max_Average_Temperature,0.04283903012859577
squeezed_Lâm Đồng,Min_Average_Temperature,0.00757431368553435
squeezed_Lâm Đồng,Max_Absolute_Temperature,0.16325394948456476
squeezed_Lâm Đồng,Min_Absolute_Temperature,0.41529732257616586
squeezed_Lâm Đồng,Average_Humidity,0.034813954466147067
squeezed_Lâm Đồng,Min_Humidity,0.12622421315002644
squeezed_Lâm Đồng,n_hours_sunshine,0.34425938566792885
squeezed_Lâm Đồng,population_male,0.024191907006156064
squeezed_Lâm Đồng,population_female,0.008241916013381688
squeezed_Lâm Đồng,population_urban,0.14972931462392938
squeezed_Lâm Đồng,population_countryside,0.05065777638665831
squeezed_Lâm Đồng,Diarrhoea_rates,19.424387941743245
squeezed_Lâm Đồng,Diarrhoea_rates_lag1,6.761161785062103
squeezed_Lâm Đồng,Diarrhoea_rates_lag2,1.0516872185453878
squeezed_Lâm Đồng,Diarrhoea_rates_lag3,0.08306060073934984
squeezed_Lâm Đồng,Diarrhoea_rates_lag4,1.220986786403123
squeezed_Lâm Đồng,Diarrhoea_rates_lag5,0.6531056560982206
squeezed_Lâm Đồng,Diarrhoea_rates_lag6,0.9227723875177878
squeezed_Lâm Đồng,Diarrhoea_rates_lag7,0.2144592940214353
squeezed_Lâm Đồng,Diarrhoea_rates_lag8,0.6119248769941579
squeezed_Lâm Đồng,Diarrhoea_rates_lag9,0.22584195955674932
squeezed_Lâm Đồng,Diarrhoea_rates_lag10,0.7899864661921217
squeezed_Lâm Đồng,Diarrhoea_rates_lag11,1.1814616873172
squeezed_Lâm Đồng,Diarrhoea_rates_lag12,0.6003597844701352
squeezed_Lâm Đồng,Total_Evaporation_lag1,0.004652363578009996
squeezed_Lâm Đồng,Total_Evaporation_lag2,0.272067272051971
squeezed_Lâm Đồng,Total_Evaporation_lag3,0.0976817259288046
squeezed_Lâm Đồng,Total_Evaporation_lag4,0.026033266200092994
squeezed_Lâm Đồng,Total_Evaporation_lag5,0.07000897857697932
squeezed_Lâm Đồng,Total_Evaporation_lag6,0.021591377905445516
squeezed_Lâm Đồng,Total_Evaporation_lag7,0.03101930609479397
squeezed_Lâm Đồng,Total_Evaporation_lag8,0.10812065720174353
squeezed_Lâm Đồng,Total_Evaporation_lag9,0.009584108303299413
squeezed_Lâm Đồng,Total_Evaporation_lag10,0.0
squeezed_Lâm Đồng,Total_Evaporation_lag11,0.2117811938898447
squeezed_Lâm Đồng,Total_Evaporation_lag12,0.02939916841059169
squeezed_Lâm Đồng,Total_Rainfall_lag1,0.41462910864192554
squeezed_Lâm Đồng,Total_Rainfall_lag2,0.5082016083597795
squeezed_Lâm Đồng,Total_Rainfall_lag3,0.04824078787695072
squeezed_Lâm Đồng,Total_Rainfall_lag4,0.11106130698227472
squeezed_Lâm Đồng,Total_Rainfall_lag5,0.012050954730419694
squeezed_Lâm Đồng,Total_Rainfall_lag6,0.027183445792757995
squeezed_Lâm Đồng,Total_Rainfall_lag7,0.08611310745376015
squeezed_Lâm Đồng,Total_Rainfall_lag8,0.009745224242791848
squeezed_Lâm Đồng,Total_Rainfall_lag9,0.1375311238409109
squeezed_Lâm Đồng,Total_Rainfall_lag10,0.09152777077313513
squeezed_Lâm Đồng,Total_Rainfall_lag11,0.12623376853821913
squeezed_Lâm Đồng,Total_Rainfall_lag12,0.10605308152375992
squeezed_Lâm Đồng,Max_Daily_Rainfall_lag1,0.1317571976147404
squeezed_Lâm Đồng,Max_Daily_Rainfall_lag2,0.07562903451575961
squeezed_Lâm Đồng,Max_Daily_Rainfall_lag3,0.01128495754806255
squeezed_Lâm Đồng,Max_Daily_Rainfall_lag4,0.03719997955699205
squeezed_Lâm Đồng,Max_Daily_Rainfall_lag5,0.0068805946945878944
squeezed_Lâm Đồng,Max_Daily_Rainfall_lag6,0.016521031885563447
squeezed_Lâm Đồng,Max_Daily_Rainfall_lag7,0.03323059857037532
squeezed_Lâm Đồng,Max_Daily_Rainfall_lag8,0.13673887898666157
squeezed_Lâm Đồng,Max_Daily_Rainfall_lag9,0.07894260772201767
squeezed_Lâm Đồng,Max_Daily_Rainfall_lag10,0.041620977944641285
squeezed_Lâm Đồng,Max_Daily_Rainfall_lag11,0.09186256678094225
squeezed_Lâm Đồng,Max_Daily_Rainfall_lag12,0.13070787692390703
squeezed_Lâm Đồng,n_raining_days_lag1,0.08025646795670464
squeezed_Lâm Đồng,n_raining_days_lag2,0.282891894050399
squeezed_Lâm Đồng,n_raining_days_lag3,0.03788896005732016
squeezed_Lâm Đồng,n_raining_days_lag4,0.04048179839938976
squeezed_Lâm Đồng,n_raining_days_lag5,0.003960088683237283
squeezed_Lâm Đồng,n_raining_days_lag6,0.004918299180267988
squeezed_Lâm Đồng,n_raining_days_lag7,0.0
squeezed_Lâm Đồng,n_raining_days_lag8,0.03464866254040097
squeezed_Lâm Đồng,n_raining_days_lag9,0.0869512363162407
squeezed_Lâm Đồng,n_raining_days_lag10,0.21088864146532785
squeezed_Lâm Đồng,n_raining_days_lag11,0.00987045755593615
squeezed_Lâm Đồng,n_raining_days_lag12,0.15030881394896578
squeezed_Lâm Đồng,Average_temperature_lag1,0.038848198242670676
squeezed_Lâm Đồng,Average_temperature_lag2,0.0
squeezed_Lâm Đồng,Average_temperature_lag3,0.17275204575362427
squeezed_Lâm Đồng,Average_temperature_lag4,0.021983483363519334
squeezed_Lâm Đồng,Average_temperature_lag5,0.057735460473371254
squeezed_Lâm Đồng,Average_temperature_lag6,0.04235781251862974
squeezed_Lâm Đồng,Average_temperature_lag7,0.10841708170612861
squeezed_Lâm Đồng,Average_temperature_lag8,0.02910899710773757
squeezed_Lâm Đồng,Average_temperature_lag9,0.015747951363989997
squeezed_Lâm Đồng,Average_temperature_lag10,0.005606558227037096
squeezed_Lâm Đồng,Average_temperature_lag11,0.010663803968775268
squeezed_Lâm Đồng,Average_temperature_lag12,0.09832683187515141
squeezed_Lâm Đồng,Max_Average_Temperature_lag1,0.14078695015505066
squeezed_Lâm Đồng,Max_Average_Temperature_lag2,0.4407714581819575
squeezed_Lâm Đồng,Max_Average_Temperature_lag3,0.05983315229766651
squeezed_Lâm Đồng,Max_Average_Temperature_lag4,0.00780582128802992
squeezed_Lâm Đồng,Max_Average_Temperature_lag5,0.1540686990256058
squeezed_Lâm Đồng,Max_Average_Temperature_lag6,0.05615948129180576
squeezed_Lâm Đồng,Max_Average_Temperature_lag7,0.02636595834613237
squeezed_Lâm Đồng,Max_Average_Temperature_lag8,0.08031633711882312
squeezed_Lâm Đồng,Max_Average_Temperature_lag9,0.012203546752502105
squeezed_Lâm Đồng,Max_Average_Temperature_lag10,0.02561756555614947
squeezed_Lâm Đồng,Max_Average_Temperature_lag11,0.05001553025880646
squeezed_Lâm Đồng,Max_Average_Temperature_lag12,0.03137994234569144
squeezed_Lâm Đồng,Min_Average_Temperature_lag1,0.013916896566421309
squeezed_Lâm Đồng,Min_Average_Temperature_lag2,0.035935159566307405
squeezed_Lâm Đồng,Min_Average_Temperature_lag3,0.009943965199730266
squeezed_Lâm Đồng,Min_Average_Temperature_lag4,0.20442511105076736
squeezed_Lâm Đồng,Min_Average_Temperature_lag5,0.011536601786250914
squeezed_Lâm Đồng,Min_Average_Temperature_lag6,0.0031653203307667813
squeezed_Lâm Đồng,Min_Average_Temperature_lag7,0.12349921347272863
squeezed_Lâm Đồng,Min_Average_Temperature_lag8,0.022480840465196914
squeezed_Lâm Đồng,Min_Average_Temperature_lag9,0.02021724293557791
squeezed_Lâm Đồng,Min_Average_Temperature_lag10,0.014384571705710216
squeezed_Lâm Đồng,Min_Average_Temperature_lag11,0.04496649940492167
squeezed_Lâm Đồng,Min_Average_Temperature_lag12,0.08728848016855195
squeezed_Lâm Đồng,Max_Absolute_Temperature_lag1,0.4891136642491278
squeezed_Lâm Đồng,Max_Absolute_Temperature_lag2,0.015275764313615691
squeezed_Lâm Đồng,Max_Absolute_Temperature_lag3,0.015879860454851638
squeezed_Lâm Đồng,Max_Absolute_Temperature_lag4,0.12405771219134785
squeezed_Lâm Đồng,Max_Absolute_Temperature_lag5,0.02180611798272429
squeezed_Lâm Đồng,Max_Absolute_Temperature_lag6,0.007878408340887206
squeezed_Lâm Đồng,Max_Absolute_Temperature_lag7,0.10478800531384332
squeezed_Lâm Đồng,Max_Absolute_Temperature_lag8,0.014687175977744951
squeezed_Lâm Đồng,Max_Absolute_Temperature_lag9,0.001862097215661573
squeezed_Lâm Đồng,Max_Absolute_Temperature_lag10,0.06364599704028583
squeezed_Lâm Đồng,Max_Absolute_Temperature_lag11,0.20116808718023457
squeezed_Lâm Đồng,Max_Absolute_Temperature_lag12,0.034573861955134795
squeezed_Lâm Đồng,Min_Absolute_Temperature_lag1,0.006475200113900645
squeezed_Lâm Đồng,Min_Absolute_Temperature_lag2,0.12286694127580182
squeezed_Lâm Đồng,Min_Absolute_Temperature_lag3,0.17340364805303146
squeezed_Lâm Đồng,Min_Absolute_Temperature_lag4,0.20553338259657225
squeezed_Lâm Đồng,Min_Absolute_Temperature_lag5,0.04813452290033818
squeezed_Lâm Đồng,Min_Absolute_Temperature_lag6,0.012172199884563738
squeezed_Lâm Đồng,Min_Absolute_Temperature_lag7,0.06151081259450055
squeezed_Lâm Đồng,Min_Absolute_Temperature_lag8,0.08019920318180392
squeezed_Lâm Đồng,Min_Absolute_Temperature_lag9,0.006749790518863062
squeezed_Lâm Đồng,Min_Absolute_Temperature_lag10,0.01597265913308948
squeezed_Lâm Đồng,Min_Absolute_Temperature_lag11,0.025318080401552673
squeezed_Lâm Đồng,Min_Absolute_Temperature_lag12,0.2094473035113729
squeezed_Lâm Đồng,Average_Humidity_lag1,0.021166346130073347
squeezed_Lâm Đồng,Average_Humidity_lag2,0.04122491684952569
squeezed_Lâm Đồng,Average_Humidity_lag3,0.000989155455810385
squeezed_Lâm Đồng,Average_Humidity_lag4,0.08150792829660763
squeezed_Lâm Đồng,Average_Humidity_lag5,0.1081800700000981
squeezed_Lâm Đồng,Average_Humidity_lag6,0.0071768683676798626
squeezed_Lâm Đồng,Average_Humidity_lag7,0.05392026174546482
squeezed_Lâm Đồng,Average_Humidity_lag8,0.07022410381338053
squeezed_Lâm Đồng,Average_Humidity_lag9,0.04776378811074528
squeezed_Lâm Đồng,Average_Humidity_lag10,0.004735183512274627
squeezed_Lâm Đồng,Average_Humidity_lag11,0.08210941731926805
squeezed_Lâm Đồng,Average_Humidity_lag12,0.39559379772857656
squeezed_Lâm Đồng,Min_Humidity_lag1,0.01791814604513669
squeezed_Lâm Đồng,Min_Humidity_lag2,0.1592901026839891
squeezed_Lâm Đồng,Min_Humidity_lag3,0.2152750793206569
squeezed_Lâm Đồng,Min_Humidity_lag4,0.024862502908270995
squeezed_Lâm Đồng,Min_Humidity_lag5,0.012699505130268518
squeezed_Lâm Đồng,Min_Humidity_lag6,0.0793160128843993
squeezed_Lâm Đồng,Min_Humidity_lag7,0.12584955470486373
squeezed_Lâm Đồng,Min_Humidity_lag8,0.05936986446422637
squeezed_Lâm Đồng,Min_Humidity_lag9,0.013962980828779566
squeezed_Lâm Đồng,Min_Humidity_lag10,0.07976995020582751
squeezed_Lâm Đồng,Min_Humidity_lag11,0.1850761479515913
squeezed_Lâm Đồng,Min_Humidity_lag12,0.2123295349331942
squeezed_Lâm Đồng,n_hours_sunshine_lag1,0.059487795939027345
squeezed_Lâm Đồng,n_hours_sunshine_lag2,0.18328287791626427
squeezed_Lâm Đồng,n_hours_sunshine_lag3,0.015207761290562638
squeezed_Lâm Đồng,n_hours_sunshine_lag4,0.1783938783485983
squeezed_Lâm Đồng,n_hours_sunshine_lag5,0.010295666545018381
squeezed_Lâm Đồng,n_hours_sunshine_lag6,0.09807177862856438
squeezed_Lâm Đồng,n_hours_sunshine_lag7,0.023548027721252612
squeezed_Lâm Đồng,n_hours_sunshine_lag8,0.047513101497370376
squeezed_Lâm Đồng,n_hours_sunshine_lag9,0.013237651124463004
squeezed_Lâm Đồng,n_hours_sunshine_lag10,0.04074070119717109
squeezed_Lâm Đồng,n_hours_sunshine_lag11,0.02846892672712524
squeezed_Lâm Đồng,n_hours_sunshine_lag12,0.11718174683558485
squeezed_Lâm Đồng,population_male_lag1,0.0
squeezed_Lâm Đồng,population_male_lag2,0.05146661843645702
squeezed_Lâm Đồng,population_male_lag3,0.00706935535561153
squeezed_Lâm Đồng,population_male_lag4,0.278787008651691
squeezed_Lâm Đồng,population_male_lag5,0.0
squeezed_Lâm Đồng,population_male_lag6,0.0005886127968244402
squeezed_Lâm Đồng,population_male_lag7,0.0005438037878641369
squeezed_Lâm Đồng,population_male_lag8,0.0
squeezed_Lâm Đồng,population_male_lag9,0.0
squeezed_Lâm Đồng,population_male_lag10,0.30221578650067804
squeezed_Lâm Đồng,population_male_lag11,0.0
squeezed_Lâm Đồng,population_male_lag12,0.010178141699915128
squeezed_Lâm Đồng,population_female_lag1,0.0
squeezed_Lâm Đồng,population_female_lag2,0.0059551803106915775
squeezed_Lâm Đồng,population_female_lag3,0.0
squeezed_Lâm Đồng,population_female_lag4,0.0
squeezed_Lâm Đồng,population_female_lag5,0.011046711963315062
squeezed_Lâm Đồng,population_female_lag6,0.02887303952656689
squeezed_Lâm Đồng,population_female_lag7,0.0
squeezed_Lâm Đồng,population_female_lag8,0.0
squeezed_Lâm Đồng,population_female_lag9,0.0009056041553308112
squeezed_Lâm Đồng,population_female_lag10,0.0030701574842146085
squeezed_Lâm Đồng,population_female_lag11,0.0
squeezed_Lâm Đồng,population_female_lag12,0.0
squeezed_Lâm Đồng,population_urban_lag1,0.17002213691055426
squeezed_Lâm Đồng,population_urban_lag2,0.06573749362917851
squeezed_Lâm Đồng,population_urban_lag3,0.008294313868240482
squeezed_Lâm Đồng,population_urban_lag4,0.0033228763604542526
squeezed_Lâm Đồng,population_urban_lag5,0.09380344888981212
squeezed_Lâm Đồng,population_urban_lag6,0.003115873170372508
squeezed_Lâm Đồng,population_urban_lag7,0.21370168672715795
squeezed_Lâm Đồng,population_urban_lag8,0.0
squeezed_Lâm Đồng,population_urban_lag9,0.0030509772783779755
squeezed_Lâm Đồng,population_urban_lag10,0.0033040282800240336
squeezed_Lâm Đồng,population_urban_lag11,0.7713889491118072
squeezed_Lâm Đồng,population_urban_lag12,0.043635585361654565
squeezed_Lâm Đồng,population_countryside_lag1,0.028686870942467912
squeezed_Lâm Đồng,population_countryside_lag2,0.008097190746998302
squeezed_Lâm Đồng,population_countryside_lag3,0.004331090877614842
squeezed_Lâm Đồng,population_countryside_lag4,0.01915988546776693
squeezed_Lâm Đồng,population_countryside_lag5,0.0
squeezed_Lâm Đồng,population_countryside_lag6,0.006877566943048938
squeezed_Lâm Đồng,population_countryside_lag7,0.008695440699284109
squeezed_Lâm Đồng,population_countryside_lag8,0.0
squeezed_Lâm Đồng,population_countryside_lag9,0.0
squeezed_Lâm Đồng,population_countryside_lag10,0.0
squeezed_Lâm Đồng,population_countryside_lag11,0.016288038518674112
squeezed_Lâm Đồng,population_countryside_lag12,0.017612629677638846
squeezed_Lâm Đồng,Dengue_fever_rates_lag1,0.39978095161290167
squeezed_Lâm Đồng,Dengue_fever_rates_lag2,0.028504570054702732
squeezed_Lâm Đồng,Dengue_fever_rates_lag3,0.06961978925656498
squeezed_Lâm Đồng,Dengue_fever_rates_lag4,0.014763267774118115
squeezed_Lâm Đồng,Dengue_fever_rates_lag5,0.005586268298922308
squeezed_Lâm Đồng,Dengue_fever_rates_lag6,0.046157577686484375
squeezed_Lâm Đồng,Dengue_fever_rates_lag7,0.00796672512995983
squeezed_Lâm Đồng,Dengue_fever_rates_lag8,0.11882858133478402
squeezed_Lâm Đồng,Dengue_fever_rates_lag9,0.022595371740710635
squeezed_Lâm Đồng,Dengue_fever_rates_lag10,0.05597368410617182
squeezed_Lâm Đồng,Dengue_fever_rates_lag11,0.16639945946940946
squeezed_Lâm Đồng,Dengue_fever_rates_lag12,0.015844988670580977
squeezed_Lâm Đồng,Influenza_rates_lag1,0.07330545378441182
squeezed_Lâm Đồng,Influenza_rates_lag2,0.24350179255780802
squeezed_Lâm Đồng,Influenza_rates_lag3,0.10229549382401198
squeezed_Lâm Đồng,Influenza_rates_lag4,0.0640200894399026
squeezed_Lâm Đồng,Influenza_rates_lag5,0.149781997075938
squeezed_Lâm Đồng,Influenza_rates_lag6,0.22165754346539246
squeezed_Lâm Đồng,Influenza_rates_lag7,0.27605729014726643
squeezed_Lâm Đồng,Influenza_rates_lag8,0.0492420410664968
squeezed_Lâm Đồng,Influenza_rates_lag9,0.041442262921513734
squeezed_Lâm Đồng,Influenza_rates_lag10,0.37925009115593805
squeezed_Lâm Đồng,Influenza_rates_lag11,0.053769198433962266
squeezed_Lâm Đồng,Influenza_rates_lag12,0.05143005345506599
squeezed_Lâm Đồng,Diarrhoea_rates_rollmean_3,5.738436082728691
squeezed_Lâm Đồng,Diarrhoea_rates_rollstd_3,0.1939986617786695
squeezed_Lâm Đồng,Diarrhoea_rates_rollmean_6,2.3075950330226234
squeezed_Lâm Đồng,Diarrhoea_rates_rollstd_6,0.05964365455940126
squeezed_Lâm Đồng,month_sin,1.7804343554935924
squeezed_Lâm Đồng,month_cos,0.827625830766563
squeezed_Lạng Sơn,Total_Evaporation,0.024097277499678757
squeezed_Lạng Sơn,Total_Rainfall,0.05966492983695051
squeezed_Lạng Sơn,Max_Daily_Rainfall,0.028063934950664105
squeezed_Lạng Sơn,n_raining_days,0.07348540353954398
squeezed_Lạng Sơn,Average_temperature,0.09046668141519991
squeezed_Lạng Sơn,Max_Average_Temperature,0.10912773778785262
squeezed_Lạng Sơn,Min_Average_Temperature,0.00797330157331973
squeezed_Lạng Sơn,Max_Absolute_Temperature,0.061783143114003854
squeezed_Lạng Sơn,Min_Absolute_Temperature,0.8355041919276914
squeezed_Lạng Sơn,Average_Humidity,0.013642677761144667
squeezed_Lạng Sơn,Min_Humidity,0.12116596996958622
squeezed_Lạng Sơn,n_hours_sunshine,0.1400951353683989
squeezed_Lạng Sơn,population_male,0.07723921615316943
squeezed_Lạng Sơn,population_female,0.007051935281799315
squeezed_Lạng Sơn,population_urban,0.1444647734286822
squeezed_Lạng Sơn,population_countryside,0.023626449282584772
squeezed_Lạng Sơn,Diarrhoea_rates,28.52763639212306
squeezed_Lạng Sơn,Diarrhoea_rates_lag1,9.28639665011322
squeezed_Lạng Sơn,Diarrhoea_rates_lag2,1.3284905585328766
squeezed_Lạng Sơn,Diarrhoea_rates_lag3,0.04817348224626436
squeezed_Lạng Sơn,Diarrhoea_rates_lag4,1.7045475832151409
squeezed_Lạng Sơn,Diarrhoea_rates_lag5,0.6832001833023558
squeezed_Lạng Sơn,Diarrhoea_rates_lag6,1.0707804573312147
squeezed_Lạng Sơn,Diarrhoea_rates_lag7,0.19811334976668507
squeezed_Lạng Sơn,Diarrhoea_rates_lag8,0.49121949407610527
squeezed_Lạng Sơn,Diarrhoea_rates_lag9,0.1569247896170267
squeezed_Lạng Sơn,Diarrhoea_rates_lag10,0.6598552860627027
squeezed_Lạng Sơn,Diarrhoea_rates_lag11,1.5321430356743233
squeezed_Lạng Sơn,Diarrhoea_rates_lag12,0.6378377436389068
squeezed_Lạng Sơn,Total_Evaporation_lag1,0.0071363733436919765
squeezed_Lạng Sơn,Total_Evaporation_lag2,0.24044583828011526
squeezed_Lạng Sơn,Total_Evaporation_lag3,0.045964991762526004
squeezed_Lạng Sơn,Total_Evaporation_lag4,0.012747933164400677
squeezed_Lạng Sơn,Total_Evaporation_lag5,0.053983110063257254
squeezed_Lạng Sơn,Total_Evaporation_lag6,0.0220297249305475
squeezed_Lạng Sơn,Total_Evaporation_lag7,0.025762059063579326
squeezed_Lạng Sơn,Total_Evaporation_lag8,0.0939230614466207
squeezed_Lạng Sơn,Total_Evaporation_lag9,0.021838742943850572
squeezed_Lạng Sơn,Total_Evaporation_lag10,0.0
squeezed_Lạng Sơn,Total_Evaporation_lag11,0.23484540546643765
squeezed_Lạng Sơn,Total_Evaporation_lag12,0.07608026584891363
squeezed_Lạng Sơn,Total_Rainfall_lag1,0.5091402773726573
squeezed_Lạng Sơn,Total_Rainfall_lag2,0.40826559149298075
squeezed_Lạng Sơn,Total_Rainfall_lag3,0.04156439155679221
squeezed_Lạng Sơn,Total_Rainfall_lag4,0.24910695585011255
squeezed_Lạng Sơn,Total_Rainfall_lag5,0.006966587333566684
squeezed_Lạng Sơn,Total_Rainfall_lag6,0.045328329495183534
squeezed_Lạng Sơn,Total_Rainfall_lag7,0.05408575003249696
squeezed_Lạng Sơn,Total_Rainfall_lag8,0.009838115431834197
squeezed_Lạng Sơn,Total_Rainfall_lag9,0.07779954843892845
squeezed_Lạng Sơn,Total_Rainfall_lag10,0.11591910879490647
squeezed_Lạng Sơn,Total_Rainfall_lag11,0.12356693741594749
squeezed_Lạng Sơn,Total_Rainfall_lag12,0.033181090824072126
squeezed_Lạng Sơn,Max_Daily_Rainfall_lag1,0.1670244711616118
squeezed_Lạng Sơn,Max_Daily_Rainfall_lag2,0.0893682915667894
squeezed_Lạng Sơn,Max_Daily_Rainfall_lag3,0.014190012242125469
squeezed_Lạng Sơn,Max_Daily_Rainfall_lag4,0.036044016925201865
squeezed_Lạng Sơn,Max_Daily_Rainfall_lag5,0.015447517036932161
squeezed_Lạng Sơn,Max_Daily_Rainfall_lag6,0.016000161115957843
squeezed_Lạng Sơn,Max_Daily_Rainfall_lag7,0.014913045737580205
squeezed_Lạng Sơn,Max_Daily_Rainfall_lag8,0.09285327915794928
squeezed_Lạng Sơn,Max_Daily_Rainfall_lag9,0.1360969650089807
squeezed_Lạng Sơn,Max_Daily_Rainfall_lag10,0.03125093684428732
squeezed_Lạng Sơn,Max_Daily_Rainfall_lag11,0.1016857436424506
squeezed_Lạng Sơn,Max_Daily_Rainfall_lag12,0.1777495276819403
squeezed_Lạng Sơn,n_raining_days_lag1,0.002569801695832698
squeezed_Lạng Sơn,n_raining_days_lag2,0.18126720157143295
squeezed_Lạng Sơn,n_raining_days_lag3,0.027556843485717644
squeezed_Lạng Sơn,n_raining_days_lag4,0.016834820163121936
squeezed_Lạng Sơn,n_raining_days_lag5,0.006692383606696751
squeezed_Lạng Sơn,n_raining_days_lag6,0.005479696467734835
squeezed_Lạng Sơn,n_raining_days_lag7,0.0
squeezed_Lạng Sơn,n_raining_days_lag8,0.03038547599586597
squeezed_Lạng Sơn,n_raining_days_lag9,0.09428181783059321
squeezed_Lạng Sơn,n_raining_days_lag10,0.1059258036191169
squeezed_Lạng Sơn,n_raining_days_lag11,0.007802459727644542
squeezed_Lạng Sơn,n_raining_days_lag12,0.06499311521216113
squeezed_Lạng Sơn,Average_temperature_lag1,0.09093477735644319
squeezed_Lạng Sơn,Average_temperature_lag2,0.0
squeezed_Lạng Sơn,Average_temperature_lag3,0.19354371458782207
squeezed_Lạng Sơn,Average_temperature_lag4,0.04556788783682613
squeezed_Lạng Sơn,Average_temperature_lag5,0.126198846777154
squeezed_Lạng Sơn,Average_temperature_lag6,0.052884649673249996
squeezed_Lạng Sơn,Average_temperature_lag7,0.3149629369215546
squeezed_Lạng Sơn,Average_temperature_lag8,0.051408200901868685
squeezed_Lạng Sơn,Average_temperature_lag9,0.023399746815383492
squeezed_Lạng Sơn,Average_temperature_lag10,0.03629782821685658
squeezed_Lạng Sơn,Average_temperature_lag11,0.07577326441256849
squeezed_Lạng Sơn,Average_temperature_lag12,0.05309435372094947
squeezed_Lạng Sơn,Max_Average_Temperature_lag1,0.21536481815457165
squeezed_Lạng Sơn,Max_Average_Temperature_lag2,0.40009981901799824
squeezed_Lạng Sơn,Max_Average_Temperature_lag3,0.12859488805298122
squeezed_Lạng Sơn,Max_Average_Temperature_lag4,0.016315543090753757
squeezed_Lạng Sơn,Max_Average_Temperature_lag5,0.36616703171729587
squeezed_Lạng Sơn,Max_Average_Temperature_lag6,0.0251859558549991
squeezed_Lạng Sơn,Max_Average_Temperature_lag7,0.030926532293240102
squeezed_Lạng Sơn,Max_Average_Temperature_lag8,0.11397221772040615
squeezed_Lạng Sơn,Max_Average_Temperature_lag9,0.016855735908178175
squeezed_Lạng Sơn,Max_Average_Temperature_lag10,0.05664779989770885
squeezed_Lạng Sơn,Max_Average_Temperature_lag11,0.10862584924487982
squeezed_Lạng Sơn,Max_Average_Temperature_lag12,0.04160151132742217
squeezed_Lạng Sơn,Min_Average_Temperature_lag1,0.03992025450829882
squeezed_Lạng Sơn,Min_Average_Temperature_lag2,0.1223696023385304
squeezed_Lạng Sơn,Min_Average_Temperature_lag3,0.043145979379282835
squeezed_Lạng Sơn,Min_Average_Temperature_lag4,0.22530817843799578
squeezed_Lạng Sơn,Min_Average_Temperature_lag5,0.03707323452745515
squeezed_Lạng Sơn,Min_Average_Temperature_lag6,0.023428674525743043
squeezed_Lạng Sơn,Min_Average_Temperature_lag7,0.12817850528625238
squeezed_Lạng Sơn,Min_Average_Temperature_lag8,0.012476498586358692
squeezed_Lạng Sơn,Min_Average_Temperature_lag9,0.005898245504796428
squeezed_Lạng Sơn,Min_Average_Temperature_lag10,0.01876194568433535
squeezed_Lạng Sơn,Min_Average_Temperature_lag11,0.12199057017640612
squeezed_Lạng Sơn,Min_Average_Temperature_lag12,0.21941768782006485
squeezed_Lạng Sơn,Max_Absolute_Temperature_lag1,0.28304341678923095
squeezed_Lạng Sơn,Max_Absolute_Temperature_lag2,0.06561146460401462
squeezed_Lạng Sơn,Max_Absolute_Temperature_lag3,0.026161507776187587
squeezed_Lạng Sơn,Max_Absolute_Temperature_lag4,0.12201970893668729
squeezed_Lạng Sơn,Max_Absolute_Temperature_lag5,0.03215093624459992
squeezed_Lạng Sơn,Max_Absolute_Temperature_lag6,0.0066392773967499106
squeezed_Lạng Sơn,Max_Absolute_Temperature_lag7,0.12301410086878951
squeezed_Lạng Sơn,Max_Absolute_Temperature_lag8,0.01323654168415108
squeezed_Lạng Sơn,Max_Absolute_Temperature_lag9,0.0018807770965257283
squeezed_Lạng Sơn,Max_Absolute_Temperature_lag10,0.05427782587827554
squeezed_Lạng Sơn,Max_Absolute_Temperature_lag11,0.06840561992165499
squeezed_Lạng Sơn,Max_Absolute_Temperature_lag12,0.04289208645236376
squeezed_Lạng Sơn,Min_Absolute_Temperature_lag1,0.06117580342356124
squeezed_Lạng Sơn,Min_Absolute_Temperature_lag2,0.19321253110949577
squeezed_Lạng Sơn,Min_Absolute_Temperature_lag3,0.26958172612062653
squeezed_Lạng Sơn,Min_Absolute_Temperature_lag4,0.5221660540730495
squeezed_Lạng Sơn,Min_Absolute_Temperature_lag5,0.14725423841999097
squeezed_Lạng Sơn,Min_Absolute_Temperature_lag6,0.0568571040622611
squeezed_Lạng Sơn,Min_Absolute_Temperature_lag7,0.3904841031832636
squeezed_Lạng Sơn,Min_Absolute_Temperature_lag8,0.19015815758293372
squeezed_Lạng Sơn,Min_Absolute_Temperature_lag9,0.025452879730830744
squeezed_Lạng Sơn,Min_Absolute_Temperature_lag10,0.025210783308632106
squeezed_Lạng Sơn,Min_Absolute_Temperature_lag11,0.030084046658276246
squeezed_Lạng Sơn,Min_Absolute_Temperature_lag12,0.7271110338332439
squeezed_Lạng Sơn,Average_Humidity_lag1,0.021347567105969675
squeezed_Lạng Sơn,Average_Humidity_lag2,0.021879755653649843
squeezed_Lạng Sơn,Average_Humidity_lag3,0.0008912827758312548
squeezed_Lạng Sơn,Average_Humidity_lag4,0.07417123977469411
squeezed_Lạng Sơn,Average_Humidity_lag5,0.09467756764866792
squeezed_Lạng Sơn,Average_Humidity_lag6,0.014501087450232633
squeezed_Lạng Sơn,Average_Humidity_lag7,0.05144632592835068
squeezed_Lạng Sơn,Average_Humidity_lag8,0.06641909992405721
squeezed_Lạng Sơn,Average_Humidity_lag9,0.05433303061704393
squeezed_Lạng Sơn,Average_Humidity_lag10,0.0158424283270442
squeezed_Lạng Sơn,Average_Humidity_lag11,0.04136044598469022
squeezed_Lạng Sơn,Average_Humidity_lag12,0.06485695225999417
squeezed_Lạng Sơn,Min_Humidity_lag1,0.07097206890530817
squeezed_Lạng Sơn,Min_Humidity_lag2,0.1258401049892102
squeezed_Lạng Sơn,Min_Humidity_lag3,0.2541058752267076
squeezed_Lạng Sơn,Min_Humidity_lag4,0.02446377358514487
squeezed_Lạng Sơn,Min_Humidity_lag5,0.015617521387684205
squeezed_Lạng Sơn,Min_Humidity_lag6,0.18648022956606267
squeezed_Lạng Sơn,Min_Humidity_lag7,0.1541099717648306
squeezed_Lạng Sơn,Min_Humidity_lag8,0.09701004592904859
squeezed_Lạng Sơn,Min_Humidity_lag9,0.013235306409999552
squeezed_Lạng Sơn,Min_Humidity_lag10,0.03307073469654179
squeezed_Lạng Sơn,Min_Humidity_lag11,0.16539402093024236
squeezed_Lạng Sơn,Min_Humidity_lag12,0.12450727457170147
squeezed_Lạng Sơn,n_hours_sunshine_lag1,0.06288456817104525
squeezed_Lạng Sơn,n_hours_sunshine_lag2,0.07479682829126146
squeezed_Lạng Sơn,n_hours_sunshine_lag3,0.035646161840483255
squeezed_Lạng Sơn,n_hours_sunshine_lag4,0.08350114007453939
squeezed_Lạng Sơn,n_hours_sunshine_lag5,0.00964952679556875
squeezed_Lạng Sơn,n_hours_sunshine_lag6,0.0941475759650995
squeezed_Lạng Sơn,n_hours_sunshine_lag7,0.03056722558548673
squeezed_Lạng Sơn,n_hours_sunshine_lag8,0.03446244812788505
squeezed_Lạng Sơn,n_hours_sunshine_lag9,0.008649170711896156
squeezed_Lạng Sơn,n_hours_sunshine_lag10,0.1637109310798564
squeezed_Lạng Sơn,n_hours_sunshine_lag11,0.035451675642240825
squeezed_Lạng Sơn,n_hours_sunshine_lag12,0.17181411566846017
squeezed_Lạng Sơn,population_male_lag1,0.0
squeezed_Lạng Sơn,population_male_lag2,0.05227228096977964
squeezed_Lạng Sơn,population_male_lag3,0.00706935535561153
squeezed_Lạng Sơn,population_male_lag4,0.27642743378002343
squeezed_Lạng Sơn,population_male_lag5,0.0
squeezed_Lạng Sơn,population_male_lag6,0.0007957233631025717
squeezed_Lạng Sơn,population_male_lag7,0.0040930144401624775
squeezed_Lạng Sơn,population_male_lag8,0.0
squeezed_Lạng Sơn,population_male_lag9,0.0
squeezed_Lạng Sơn,population_male_lag10,0.3049860972761768
squeezed_Lạng Sơn,population_male_lag11,0.0
squeezed_Lạng Sơn,population_male_lag12,0.012845223775770088
squeezed_Lạng Sơn,population_female_lag1,0.0
squeezed_Lạng Sơn,population_female_lag2,0.005216398089286437
squeezed_Lạng Sơn,population_female_lag3,0.0
squeezed_Lạng Sơn,population_female_lag4,0.0
squeezed_Lạng Sơn,population_female_lag5,0.009833482821344318
squeezed_Lạng Sơn,population_female_lag6,0.04685755360872867
squeezed_Lạng Sơn,population_female_lag7,0.0
squeezed_Lạng Sơn,population_female_lag8,0.0
squeezed_Lạng Sơn,population_female_lag9,0.0012646868920509417
squeezed_Lạng Sơn,population_female_lag10,0.006854657561885695
squeezed_Lạng Sơn,population_female_lag11,0.0
squeezed_Lạng Sơn,population_female_lag12,0.0
squeezed_Lạng Sơn,population_urban_lag1,0.14525872876721355
squeezed_Lạng Sơn,population_urban_lag2,0.047281449296882695
squeezed_Lạng Sơn,population_urban_lag3,0.0069451657070464
squeezed_Lạng Sơn,population_urban_lag4,0.002807397957896703
squeezed_Lạng Sơn,population_urban_lag5,0.082399179394307
squeezed_Lạng Sơn,population_urban_lag6,0.0038374728202390605
squeezed_Lạng Sơn,population_urban_lag7,0.22360750847212474
squeezed_Lạng Sơn,population_urban_lag8,0.0
squeezed_Lạng Sơn,population_urban_lag9,0.0030509772783779755
squeezed_Lạng Sơn,population_urban_lag10,0.0014543267236323736
squeezed_Lạng Sơn,population_urban_lag11,0.743856499051836
squeezed_Lạng Sơn,population_urban_lag12,0.043773437970472305
squeezed_Lạng Sơn,population_countryside_lag1,0.00649943449506386
squeezed_Lạng Sơn,population_countryside_lag2,0.012897946028440785
squeezed_Lạng Sơn,population_countryside_lag3,0.0028974920383255096
squeezed_Lạng Sơn,population_countryside_lag4,0.014566896188280566
squeezed_Lạng Sơn,population_countryside_lag5,0.0
squeezed_Lạng Sơn,population_countryside_lag6,0.0070271908990829175
squeezed_Lạng Sơn,population_countryside_lag7,0.0022375001641827415
squeezed_Lạng Sơn,population_countryside_lag8,0.0
squeezed_Lạng Sơn,population_countryside_lag9,0.0
squeezed_Lạng Sơn,population_countryside_lag10,0.0
squeezed_Lạng Sơn,population_countryside_lag11,0.016026295431094472
squeezed_Lạng Sơn,population_countryside_lag12,0.018040237096597002
squeezed_Lạng Sơn,Dengue_fever_rates_lag1,0.29874339850976706
squeezed_Lạng Sơn,Dengue_fever_rates_lag2,0.006868874095267252
squeezed_Lạng Sơn,Dengue_fever_rates_lag3,0.04478995945380773
squeezed_Lạng Sơn,Dengue_fever_rates_lag4,0.018250514620281
squeezed_Lạng Sơn,Dengue_fever_rates_lag5,0.0019202797277545428
squeezed_Lạng Sơn,Dengue_fever_rates_lag6,0.0417862066249409
squeezed_Lạng Sơn,Dengue_fever_rates_lag7,0.005273300007042232
squeezed_Lạng Sơn,Dengue_fever_rates_lag8,0.14154441763587042
squeezed_Lạng Sơn,Dengue_fever_rates_lag9,0.03297475604986308
squeezed_Lạng Sơn,Dengue_fever_rates_lag10,0.12345108690994144
squeezed_Lạng Sơn,Dengue_fever_rates_lag11,0.2753954305352943
squeezed_Lạng Sơn,Dengue_fever_rates_lag12,0.043052751342154416
squeezed_Lạng Sơn,Influenza_rates_lag1,0.093029321818268
squeezed_Lạng Sơn,Influenza_rates_lag2,0.3013932967294361
squeezed_Lạng Sơn,Influenza_rates_lag3,0.11724421972137512
squeezed_Lạng Sơn,Influenza_rates_lag4,0.03024947873943588
squeezed_Lạng Sơn,Influenza_rates_lag5,0.13761270279886254
squeezed_Lạng Sơn,Influenza_rates_lag6,0.1304703622381115
squeezed_Lạng Sơn,Influenza_rates_lag7,0.24011131411874956
squeezed_Lạng Sơn,Influenza_rates_lag8,0.0790750258045217
squeezed_Lạng Sơn,Influenza_rates_lag9,0.029278009189543108
squeezed_Lạng Sơn,Influenza_rates_lag10,0.22284910901835206
squeezed_Lạng Sơn,Influenza_rates_lag11,0.1064184905331002
squeezed_Lạng Sơn,Influenza_rates_lag12,0.15030027969469373
squeezed_Lạng Sơn,Diarrhoea_rates_rollmean_3,8.665023676601697
squeezed_Lạng Sơn,Diarrhoea_rates_rollstd_3,0.13929258384232765
squeezed_Lạng Sơn,Diarrhoea_rates_rollmean_6,2.233957577543874
squeezed_Lạng Sơn,Diarrhoea_rates_rollstd_6,0.06190770467679276
squeezed_Lạng Sơn,month_sin,2.1869240508627077
squeezed_Lạng Sơn,month_cos,0.9709936190247518
squeezed_Nam Định,Total_Evaporation,0.023906052005421115
squeezed_Nam Định,Total_Rainfall,0.0494711263516407
squeezed_Nam Định,Max_Daily_Rainfall,0.05049832726705105
squeezed_Nam Định,n_raining_days,0.08300993109251406
squeezed_Nam Định,Average_temperature,0.06835799358293802
squeezed_Nam Định,Max_Average_Temperature,0.0817079822069377
squeezed_Nam Định,Min_Average_Temperature,0.008084550558510147
squeezed_Nam Định,Max_Absolute_Temperature,0.1089958012037831
squeezed_Nam Định,Min_Absolute_Temperature,0.3411296524265981
squeezed_Nam Định,Average_Humidity,0.037676520739709306
squeezed_Nam Định,Min_Humidity,0.08482892665453153
squeezed_Nam Định,n_hours_sunshine,0.189677848296124
squeezed_Nam Định,population_male,0.02234601294015665
squeezed_Nam Định,population_female,0.007259254591580298
squeezed_Nam Định,population_urban,0.12910077600357758
squeezed_Nam Định,population_countryside,0.03393835527260807
squeezed_Nam Định,Diarrhoea_rates,38.25506483404719
squeezed_Nam Định,Diarrhoea_rates_lag1,12.224568934733279
squeezed_Nam Định,Diarrhoea_rates_lag2,1.7190478393591928
squeezed_Nam Định,Diarrhoea_rates_lag3,0.047500711409240066
squeezed_Nam Định,Diarrhoea_rates_lag4,1.9711781357844602
squeezed_Nam Định,Diarrhoea_rates_lag5,0.7953178118105052
squeezed_Nam Định,Diarrhoea_rates_lag6,1.298048529490207
squeezed_Nam Định,Diarrhoea_rates_lag7,0.18632653781675668
squeezed_Nam Định,Diarrhoea_rates_lag8,0.4692237989181307
squeezed_Nam Định,Diarrhoea_rates_lag9,0.2233525237818794
squeezed_Nam Định,Diarrhoea_rates_lag10,0.6734872047537644
squeezed_Nam Định,Diarrhoea_rates_lag11,1.3735271217419773
squeezed_Nam Định,Diarrhoea_rates_lag12,0.5097882582834673
squeezed_Nam Định,Total_Evaporation_lag1,0.008765033547288017
squeezed_Nam Định,Total_Evaporation_lag2,0.259927410637264
squeezed_Nam Định,Total_Evaporation_lag3,0.04862255179838975
squeezed_Nam Định,Total_Evaporation_lag4,0.008332855733336449
squeezed_Nam Định,Total_Evaporation_lag5,0.034691935821157746
squeezed_Nam Định,Total_Evaporation_lag6,0.015234217087048923
squeezed_Nam Định,Total_Evaporation_lag7,0.022028920121926008
squeezed_Nam Định,Total_Evaporation_lag8,0.07226105165581734
squeezed_Nam Định,Total_Evaporation_lag9,0.025457955060940476
squeezed_Nam Định,Total_Evaporation_lag10,0.0
squeezed_Nam Định,Total_Evaporation_lag11,0.19789639268888312
squeezed_Nam Định,Total_Evaporation_lag12,0.07523902028607081
squeezed_Nam Định,Total_Rainfall_lag1,0.5725672013110256
squeezed_Nam Định,Total_Rainfall_lag2,0.394375893814403
squeezed_Nam Định,Total_Rainfall_lag3,0.036044621603621964
squeezed_Nam Định,Total_Rainfall_lag4,0.1097971002560821
squeezed_Nam Định,Total_Rainfall_lag5,0.008666389004383287
squeezed_Nam Định,Total_Rainfall_lag6,0.03995608428175617
squeezed_Nam Định,Total_Rainfall_lag7,0.04053560361687497
squeezed_Nam Định,Total_Rainfall_lag8,0.031568573818552124
squeezed_Nam Định,Total_Rainfall_lag9,0.07489746558069979
squeezed_Nam Định,Total_Rainfall_lag10,0.10256264440901963
squeezed_Nam Định,Total_Rainfall_lag11,0.11325081760377416
squeezed_Nam Định,Total_Rainfall_lag12,0.05126911131798236
squeezed_Nam Định,Max_Daily_Rainfall_lag1,0.13702016244797102
squeezed_Nam Định,Max_Daily_Rainfall_lag2,0.11375571864328744
squeezed_Nam Định,Max_Daily_Rainfall_lag3,0.013691446189103439
squeezed_Nam Định,Max_Daily_Rainfall_lag4,0.04395226110787517
squeezed_Nam Định,Max_Daily_Rainfall_lag5,0.008684237532796733
squeezed_Nam Định,Max_Daily_Rainfall_lag6,0.038965411994047176
squeezed_Nam Định,Max_Daily_Rainfall_lag7,0.0545120834996243
squeezed_Nam Định,Max_Daily_Rainfall_lag8,0.09271937509873263
squeezed_Nam Định,Max_Daily_Rainfall_lag9,0.07511203082019459
squeezed_Nam Định,Max_Daily_Rainfall_lag10,0.027548004104039025
squeezed_Nam Định,Max_Daily_Rainfall_lag11,0.09913294871418697
squeezed_Nam Định,Max_Daily_Rainfall_lag12,0.27206873207166543
squeezed_Nam Định,n_raining_days_lag1,0.0026049134576478883
squeezed_Nam Định,n_raining_days_lag2,0.07976942225221165
squeezed_Nam Định,n_raining_days_lag3,0.026722320833793823
squeezed_Nam Định,n_raining_days_lag4,0.020716122871470767
squeezed_Nam Định,n_raining_days_lag5,0.0025535857908769413
squeezed_Nam Định,n_raining_days_lag6,0.005884110241509581
squeezed_Nam Định,n_raining_days_lag7,0.0
squeezed_Nam Định,n_raining_days_lag8,0.025098306778481527
squeezed_Nam Định,n_raining_days_lag9,0.10425997373245756
squeezed_Nam Định,n_raining_days_lag10,0.1005412106625373
squeezed_Nam Định,n_raining_days_lag11,0.007779356471217018
squeezed_Nam Định,n_raining_days_lag12,0.04571630676023387
squeezed_Nam Định,Average_temperature_lag1,0.2487719314868937
squeezed_Nam Định,Average_temperature_lag2,0.0
squeezed_Nam Định,Average_temperature_lag3,0.1579115260475559
squeezed_Nam Định,Average_temperature_lag4,0.007650104964120677
squeezed_Nam Định,Average_temperature_lag5,0.02898383275038761
squeezed_Nam Định,Average_temperature_lag6,0.04940877816741416
squeezed_Nam Định,Average_temperature_lag7,0.11774794680272845
squeezed_Nam Định,Average_temperature_lag8,0.038190379788597094
squeezed_Nam Định,Average_temperature_lag9,0.0581988137435234
squeezed_Nam Định,Average_temperature_lag10,0.01936892729893381
squeezed_Nam Định,Average_temperature_lag11,0.09442196747554214
squeezed_Nam Định,Average_temperature_lag12,0.04350203310948958
squeezed_Nam Định,Max_Average_Temperature_lag1,0.14933622692815748
squeezed_Nam Định,Max_Average_Temperature_lag2,0.3694286943142313
squeezed_Nam Định,Max_Average_Temperature_lag3,0.1162696695042333
squeezed_Nam Định,Max_Average_Temperature_lag4,0.012934286970972465
squeezed_Nam Định,Max_Average_Temperature_lag5,0.20275230725612517
squeezed_Nam Định,Max_Average_Temperature_lag6,0.022877836734289655
squeezed_Nam Định,Max_Average_Temperature_lag7,0.02882212224982877
squeezed_Nam Định,Max_Average_Temperature_lag8,0.14035650278354692
squeezed_Nam Định,Max_Average_Temperature_lag9,0.008131516552495348
squeezed_Nam Định,Max_Average_Temperature_lag10,0.04534266711610901
squeezed_Nam Định,Max_Average_Temperature_lag11,0.10700211980247264
squeezed_Nam Định,Max_Average_Temperature_lag12,0.03820913335573866
squeezed_Nam Định,Min_Average_Temperature_lag1,0.013916896566421309
squeezed_Nam Định,Min_Average_Temperature_lag2,0.05249680650982098
squeezed_Nam Định,Min_Average_Temperature_lag3,0.045454390714496855
squeezed_Nam Định,Min_Average_Temperature_lag4,0.20182906792544808
squeezed_Nam Định,Min_Average_Temperature_lag5,0.013509524386315695
squeezed_Nam Định,Min_Average_Temperature_lag6,0.021112054329221547
squeezed_Nam Định,Min_Average_Temperature_lag7,0.10141742427487188
squeezed_Nam Định,Min_Average_Temperature_lag8,0.010280479987674332
squeezed_Nam Định,Min_Average_Temperature_lag9,0.008717529887914128
squeezed_Nam Định,Min_Average_Temperature_lag10,0.2314786371045405
squeezed_Nam Định,Min_Average_Temperature_lag11,0.303046508481197
squeezed_Nam Định,Min_Average_Temperature_lag12,0.19090845403428022
squeezed_Nam Định,Max_Absolute_Temperature_lag1,0.2643945934339268
squeezed_Nam Định,Max_Absolute_Temperature_lag2,0.039474131202118866
squeezed_Nam Định,Max_Absolute_Temperature_lag3,0.019812744061303452
squeezed_Nam Định,Max_Absolute_Temperature_lag4,0.11067951417241713
squeezed_Nam Định,Max_Absolute_Temperature_lag5,0.03220179328475679
squeezed_Nam Định,Max_Absolute_Temperature_lag6,0.021497941119469247
squeezed_Nam Định,Max_Absolute_Temperature_lag7,0.12015492244297997
squeezed_Nam Định,Max_Absolute_Temperature_lag8,0.013137592792676739
squeezed_Nam Định,Max_Absolute_Temperature_lag9,0.0026585450486640992
squeezed_Nam Định,Max_Absolute_Temperature_lag10,0.054317035870404436
squeezed_Nam Định,Max_Absolute_Temperature_lag11,0.10086855305789971
squeezed_Nam Định,Max_Absolute_Temperature_lag12,0.07499611648877533
squeezed_Nam Định,Min_Absolute_Temperature_lag1,0.08353112897232096
squeezed_Nam Định,Min_Absolute_Temperature_lag2,0.08017722783405269
squeezed_Nam Định,Min_Absolute_Temperature_lag3,0.13440826745669426
squeezed_Nam Định,Min_Absolute_Temperature_lag4,0.3714049984495347
squeezed_Nam Định,Min_Absolute_Temperature_lag5,0.06195326102202479
squeezed_Nam Định,Min_Absolute_Temperature_lag6,0.03380928208652729
squeezed_Nam Định,Min_Absolute_Temperature_lag7,0.11116397341201091
squeezed_Nam Định,Min_Absolute_Temperature_lag8,0.1012786101885318
squeezed_Nam Định,Min_Absolute_Temperature_lag9,0.0697481842747635
squeezed_Nam Định,Min_Absolute_Temperature_lag10,0.01838452677526628
squeezed_Nam Định,Min_Absolute_Temperature_lag11,0.09071947656400042
squeezed_Nam Định,Min_Absolute_Temperature_lag12,0.25523347830143855
squeezed_Nam Định,Average_Humidity_lag1,0.014746842238284215
squeezed_Nam Định,Average_Humidity_lag2,0.013616256016929106
squeezed_Nam Định,Average_Humidity_lag3,0.0008981276085149927
squeezed_Nam Định,Average_Humidity_lag4,0.05949786273086701
squeezed_Nam Định,Average_Humidity_lag5,0.08102305195769985
squeezed_Nam Định,Average_Humidity_lag6,0.009844400687956582
squeezed_Nam Định,Average_Humidity_lag7,0.10010584648130909
squeezed_Nam Định,Average_Humidity_lag8,0.07315251506974096
squeezed_Nam Định,Average_Humidity_lag9,0.053973060525307016
squeezed_Nam Định,Average_Humidity_lag10,0.013554438920134616
squeezed_Nam Định,Average_Humidity_lag11,0.042752357969247534
squeezed_Nam Định,Average_Humidity_lag12,0.08375375281157639
squeezed_Nam Định,Min_Humidity_lag1,0.03875141875324054
squeezed_Nam Định,Min_Humidity_lag2,0.08951977145123104
squeezed_Nam Định,Min_Humidity_lag3,0.08473437959133374
squeezed_Nam Định,Min_Humidity_lag4,0.012994989607312693
squeezed_Nam Định,Min_Humidity_lag5,0.014091286673405286
squeezed_Nam Định,Min_Humidity_lag6,0.004784565559792546
squeezed_Nam Định,Min_Humidity_lag7,0.15773113794435478
squeezed_Nam Định,Min_Humidity_lag8,0.04861664522701669
squeezed_Nam Định,Min_Humidity_lag9,0.012717492586191396
squeezed_Nam Định,Min_Humidity_lag10,0.006775470420703443
squeezed_Nam Định,Min_Humidity_lag11,0.12496775888226459
squeezed_Nam Định,Min_Humidity_lag12,0.07061149261912149
squeezed_Nam Định,n_hours_sunshine_lag1,0.028806494550884257
squeezed_Nam Định,n_hours_sunshine_lag2,0.11172822209808003
squeezed_Nam Định,n_hours_sunshine_lag3,0.03747554398722976
squeezed_Nam Định,n_hours_sunshine_lag4,0.11047933291933316
squeezed_Nam Định,n_hours_sunshine_lag5,0.008328314185102726
squeezed_Nam Định,n_hours_sunshine_lag6,0.13777262032247764
squeezed_Nam Định,n_hours_sunshine_lag7,0.030820204967666364
squeezed_Nam Định,n_hours_sunshine_lag8,0.05014165132890162
squeezed_Nam Định,n_hours_sunshine_lag9,0.0072719376600212425
squeezed_Nam Định,n_hours_sunshine_lag10,0.07459585400595332
squeezed_Nam Định,n_hours_sunshine_lag11,0.05627470982422442
squeezed_Nam Định,n_hours_sunshine_lag12,0.07400035035820583
squeezed_Nam Định,population_male_lag1,0.0
squeezed_Nam Định,population_male_lag2,0.05152956413340993
squeezed_Nam Định,population_male_lag3,0.00635418143527411
squeezed_Nam Định,population_male_lag4,0.27642743378002343
squeezed_Nam Định,population_male_lag5,0.0
squeezed_Nam Định,population_male_lag6,0.0008103937097084345
squeezed_Nam Định,population_male_lag7,0.000757689955533785
squeezed_Nam Định,population_male_lag8,0.0
squeezed_Nam Định,population_male_lag9,0.0
squeezed_Nam Định,population_male_lag10,0.30569407158463957
squeezed_Nam Định,population_male_lag11,0.0
squeezed_Nam Định,population_male_lag12,0.013845379554215704
squeezed_Nam Định,population_female_lag1,0.0
squeezed_Nam Định,population_female_lag2,0.005216398089286437
squeezed_Nam Định,population_female_lag3,0.0
squeezed_Nam Định,population_female_lag4,0.0
squeezed_Nam Định,population_female_lag5,0.009833482821344318
squeezed_Nam Định,population_female_lag6,0.04046875890791176
squeezed_Nam Định,population_female_lag7,0.0
squeezed_Nam Định,population_female_lag8,0.0
squeezed_Nam Định,population_female_lag9,0.0012646868920509417
squeezed_Nam Định,population_female_lag10,0.0028735383567528657
squeezed_Nam Định,population_female_lag11,0.0
squeezed_Nam Định,population_female_lag12,0.0
squeezed_Nam Định,population_urban_lag1,0.14181546464561667
squeezed_Nam Định,population_urban_lag2,0.031708551465215
squeezed_Nam Định,population_urban_lag3,0.006303573687855126
squeezed_Nam Định,population_urban_lag4,0.0032094762167173816
squeezed_Nam Định,population_urban_lag5,0.0867435186854334
squeezed_Nam Định,population_urban_lag6,0.0036570729077724223
squeezed_Nam Định,population_urban_lag7,0.22450924438391284
squeezed_Nam Định,population_urban_lag8,0.0
squeezed_Nam Định,population_urban_lag9,0.0030509772783779755
squeezed_Nam Định,population_urban_lag10,0.0031393821342428022
squeezed_Nam Định,population_urban_lag11,0.7469208269212255
squeezed_Nam Định,population_urban_lag12,0.044397296166189815
squeezed_Nam Định,population_countryside_lag1,0.028686870942467888
squeezed_Nam Định,population_countryside_lag2,0.022037561652376813
squeezed_Nam Định,population_countryside_lag3,0.005672181791686889
squeezed_Nam Định,population_countryside_lag4,0.011238526850055617
squeezed_Nam Định,population_countryside_lag5,0.0
squeezed_Nam Định,population_countryside_lag6,0.007775310679252808
squeezed_Nam Định,population_countryside_lag7,0.0036987010307183896
squeezed_Nam Định,population_countryside_lag8,0.0
squeezed_Nam Định,population_countryside_lag9,0.0
squeezed_Nam Định,population_countryside_lag10,0.0
squeezed_Nam Định,population_countryside_lag11,0.01666555961620561
squeezed_Nam Định,population_countryside_lag12,0.01277548546485509
squeezed_Nam Định,Dengue_fever_rates_lag1,0.40125613275160127
squeezed_Nam Định,Dengue_fever_rates_lag2,0.026158429360273766
squeezed_Nam Định,Dengue_fever_rates_lag3,0.07053855399249567
squeezed_Nam Định,Dengue_fever_rates_lag4,0.0702035021006157
squeezed_Nam Định,Dengue_fever_rates_lag5,0.004364272108533054
squeezed_Nam Định,Dengue_fever_rates_lag6,0.04332325582566187
squeezed_Nam Định,Dengue_fever_rates_lag7,0.007201356543206885
squeezed_Nam Định,Dengue_fever_rates_lag8,0.135512346031304
squeezed_Nam Định,Dengue_fever_rates_lag9,0.049675988550056026
squeezed_Nam Định,Dengue_fever_rates_lag10,0.12914557143035418
squeezed_Nam Định,Dengue_fever_rates_lag11,0.3526695015931651
squeezed_Nam Định,Dengue_fever_rates_lag12,0.0792176517648753
squeezed_Nam Định,Influenza_rates_lag1,0.08953858920792133
squeezed_Nam Định,Influenza_rates_lag2,0.26235890043198457
squeezed_Nam Định,Influenza_rates_lag3,0.1066082449159476
squeezed_Nam Định,Influenza_rates_lag4,0.04908832290849275
squeezed_Nam Định,Influenza_rates_lag5,0.10424068314468803
squeezed_Nam Định,Influenza_rates_lag6,0.21064283768780168
squeezed_Nam Định,Influenza_rates_lag7,0.2713731369301658
squeezed_Nam Định,Influenza_rates_lag8,0.050720017271087194
squeezed_Nam Định,Influenza_rates_lag9,0.020395544993191517
squeezed_Nam Định,Influenza_rates_lag10,0.36660757307476427
squeezed_Nam Định,Influenza_rates_lag11,0.06937029137643495
squeezed_Nam Định,Influenza_rates_lag12,0.043728563955168685
squeezed_Nam Định,Diarrhoea_rates_rollmean_3,9.85555200582482
squeezed_Nam Định,Diarrhoea_rates_rollstd_3,0.1276960760346413
squeezed_Nam Định,Diarrhoea_rates_rollmean_6,2.358548441576425
squeezed_Nam Định,Diarrhoea_rates_rollstd_6,0.02188095060246543
squeezed_Nam Định,month_sin,1.8380647445430454
squeezed_Nam Định,month_cos,0.462921726284262
squeezed_Nghệ An,Total_Evaporation,0.06142846028818862
squeezed_Nghệ An,Total_Rainfall,0.048902457442528614
squeezed_Nghệ An,Max_Daily_Rainfall,0.055187254010918764
squeezed_Nghệ An,n_raining_days,0.08213635345209115
squeezed_Nghệ An,Average_temperature,0.06197880864611344
squeezed_Nghệ An,Max_Average_Temperature,0.15159664262584135
squeezed_Nghệ An,Min_Average_Temperature,0.009071641144285146
squeezed_Nghệ An,Max_Absolute_Temperature,0.046785048824809154
squeezed_Nghệ An,Min_Absolute_Temperature,0.34657995994110813
squeezed_Nghệ An,Average_Humidity,0.01447364446058249
squeezed_Nghệ An,Min_Humidity,0.08461932241198361
squeezed_Nghệ An,n_hours_sunshine,0.1449936711580663
squeezed_Nghệ An,population_male,0.035514772878890814
squeezed_Nghệ An,population_female,0.0017342674707847528
squeezed_Nghệ An,population_urban,0.13605841325704346
squeezed_Nghệ An,population_countryside,0.023598775741665457
squeezed_Nghệ An,Diarrhoea_rates,31.014876159970242
squeezed_Nghệ An,Diarrhoea_rates_lag1,9.588360964638635
squeezed_Nghệ An,Diarrhoea_rates_lag2,1.5338010371930297
squeezed_Nghệ An,Diarrhoea_rates_lag3,0.06932218918919303
squeezed_Nghệ An,Diarrhoea_rates_lag4,1.559643329564406
squeezed_Nghệ An,Diarrhoea_rates_lag5,0.6523726376105257
squeezed_Nghệ An,Diarrhoea_rates_lag6,1.2749994786814118
squeezed_Nghệ An,Diarrhoea_rates_lag7,0.186018059315322
squeezed_Nghệ An,Diarrhoea_rates_lag8,0.5121567333760045
squeezed_Nghệ An,Diarrhoea_rates_lag9,0.19549309937596693
squeezed_Nghệ An,Diarrhoea_rates_lag10,0.8952319722765009
squeezed_Nghệ An,Diarrhoea_rates_lag11,1.676676773018441
squeezed_Nghệ An,Diarrhoea_rates_lag12,0.6076528636991928
squeezed_Nghệ An,Total_Evaporation_lag1,0.036493153359511456
squeezed_Nghệ An,Total_Evaporation_lag2,0.24506817259958802
squeezed_Nghệ An,Total_Evaporation_lag3,0.06433146266849103
squeezed_Nghệ An,Total_Evaporation_lag4,0.017121778235936136
squeezed_Nghệ An,Total_Evaporation_lag5,0.03740347175750781
squeezed_Nghệ An,Total_Evaporation_lag6,0.021651952196524386
squeezed_Nghệ An,Total_Evaporation_lag7,0.024149764879962066
squeezed_Nghệ An,Total_Evaporation_lag8,0.09196896134774174
squeezed_Nghệ An,Total_Evaporation_lag9,0.019321923513685474
squeezed_Nghệ An,Total_Evaporation_lag10,0.0
squeezed_Nghệ An,Total_Evaporation_lag11,0.21970243841351023
squeezed_Nghệ An,Total_Evaporation_lag12,0.07478508827181467
squeezed_Nghệ An,Total_Rainfall_lag1,0.5023182022949043
squeezed_Nghệ An,Total_Rainfall_lag2,0.40403797118582574
squeezed_Nghệ An,Total_Rainfall_lag3,0.06353438558568557
squeezed_Nghệ An,Total_Rainfall_lag4,0.12894435919968392
squeezed_Nghệ An,Total_Rainfall_lag5,0.024860331333756452
squeezed_Nghệ An,Total_Rainfall_lag6,0.034364957325509635
squeezed_Nghệ An,Total_Rainfall_lag7,0.04870126717659343
squeezed_Nghệ An,Total_Rainfall_lag8,0.033465499004648576
squeezed_Nghệ An,Total_Rainfall_lag9,0.07345592758412302
squeezed_Nghệ An,Total_Rainfall_lag10,0.18377813756011604
squeezed_Nghệ An,Total_Rainfall_lag11,0.09953069874708365
squeezed_Nghệ An,Total_Rainfall_lag12,0.05157736392765386
squeezed_Nghệ An,Max_Daily_Rainfall_lag1,0.12441214145313247
squeezed_Nghệ An,Max_Daily_Rainfall_lag2,0.08650991827890492
squeezed_Nghệ An,Max_Daily_Rainfall_lag3,0.012665714807521796
squeezed_Nghệ An,Max_Daily_Rainfall_lag4,0.043303400383028344
squeezed_Nghệ An,Max_Daily_Rainfall_lag5,0.021523553871652345
squeezed_Nghệ An,Max_Daily_Rainfall_lag6,0.07841757450741675
squeezed_Nghệ An,Max_Daily_Rainfall_lag7,0.03642169494826538
squeezed_Nghệ An,Max_Daily_Rainfall_lag8,0.19504232268719202
squeezed_Nghệ An,Max_Daily_Rainfall_lag9,0.2550513175365888
squeezed_Nghệ An,Max_Daily_Rainfall_lag10,0.03668014068139725
squeezed_Nghệ An,Max_Daily_Rainfall_lag11,0.2863093896549498
squeezed_Nghệ An,Max_Daily_Rainfall_lag12,0.2797232896378861
squeezed_Nghệ An,n_raining_days_lag1,0.0027689933335542003
squeezed_Nghệ An,n_raining_days_lag2,0.1029937120640649
squeezed_Nghệ An,n_raining_days_lag3,0.014550411562870492
squeezed_Nghệ An,n_raining_days_lag4,0.013801458017096112
squeezed_Nghệ An,n_raining_days_lag5,0.0029454495593461
squeezed_Nghệ An,n_raining_days_lag6,0.006800938953523045
squeezed_Nghệ An,n_raining_days_lag7,0.0
squeezed_Nghệ An,n_raining_days_lag8,0.02658696845336286
squeezed_Nghệ An,n_raining_days_lag9,0.07839763775851528
squeezed_Nghệ An,n_raining_days_lag10,0.11351335689980342
squeezed_Nghệ An,n_raining_days_lag11,0.008006340994362433
squeezed_Nghệ An,n_raining_days_lag12,0.04671018355370615
squeezed_Nghệ An,Average_temperature_lag1,0.15405853792805058
squeezed_Nghệ An,Average_temperature_lag2,0.0
squeezed_Nghệ An,Average_temperature_lag3,0.13598859589675608
squeezed_Nghệ An,Average_temperature_lag4,0.008652356140160068
squeezed_Nghệ An,Average_temperature_lag5,0.0290857179064605
squeezed_Nghệ An,Average_temperature_lag6,0.05226267040639943
squeezed_Nghệ An,Average_temperature_lag7,0.0941910130636459
squeezed_Nghệ An,Average_temperature_lag8,0.05210091553494383
squeezed_Nghệ An,Average_temperature_lag9,0.04717715814858834
squeezed_Nghệ An,Average_temperature_lag10,0.020532135994667227
squeezed_Nghệ An,Average_temperature_lag11,0.1085849896387396
squeezed_Nghệ An,Average_temperature_lag12,0.041436917726504034
squeezed_Nghệ An,Max_Average_Temperature_lag1,0.8040938277308599
squeezed_Nghệ An,Max_Average_Temperature_lag2,0.27707149526175023
squeezed_Nghệ An,Max_Average_Temperature_lag3,0.08873075455670575
squeezed_Nghệ An,Max_Average_Temperature_lag4,0.006980381495797547
squeezed_Nghệ An,Max_Average_Temperature_lag5,0.2794499825725964
squeezed_Nghệ An,Max_Average_Temperature_lag6,0.02116781048832281
squeezed_Nghệ An,Max_Average_Temperature_lag7,0.04188999375153823
squeezed_Nghệ An,Max_Average_Temperature_lag8,0.34827702381681075
squeezed_Nghệ An,Max_Average_Temperature_lag9,0.005888217311177152
squeezed_Nghệ An,Max_Average_Temperature_lag10,0.10640316025419495
squeezed_Nghệ An,Max_Average_Temperature_lag11,0.1169822602060893
squeezed_Nghệ An,Max_Average_Temperature_lag12,0.2598894505084053
squeezed_Nghệ An,Min_Average_Temperature_lag1,0.013916896566421309
squeezed_Nghệ An,Min_Average_Temperature_lag2,0.05769739571981198
squeezed_Nghệ An,Min_Average_Temperature_lag3,0.0542249830141198
squeezed_Nghệ An,Min_Average_Temperature_lag4,0.18858974964358563
squeezed_Nghệ An,Min_Average_Temperature_lag5,0.013509524386315695
squeezed_Nghệ An,Min_Average_Temperature_lag6,0.0378948199583855
squeezed_Nghệ An,Min_Average_Temperature_lag7,0.0884012161176051
squeezed_Nghệ An,Min_Average_Temperature_lag8,0.010414089601050636
squeezed_Nghệ An,Min_Average_Temperature_lag9,0.008670785767444011
squeezed_Nghệ An,Min_Average_Temperature_lag10,0.03162044153321174
squeezed_Nghệ An,Min_Average_Temperature_lag11,0.14498735858067527
squeezed_Nghệ An,Min_Average_Temperature_lag12,0.08376776191546703
squeezed_Nghệ An,Max_Absolute_Temperature_lag1,0.2294295359024097
squeezed_Nghệ An,Max_Absolute_Temperature_lag2,0.09570929872612947
squeezed_Nghệ An,Max_Absolute_Temperature_lag3,0.04464337499897631
squeezed_Nghệ An,Max_Absolute_Temperature_lag4,0.10386101839626262
squeezed_Nghệ An,Max_Absolute_Temperature_lag5,0.045900017746278415
squeezed_Nghệ An,Max_Absolute_Temperature_lag6,0.008958104032722358
squeezed_Nghệ An,Max_Absolute_Temperature_lag7,0.2917381364411065
squeezed_Nghệ An,Max_Absolute_Temperature_lag8,0.012250972596812825
squeezed_Nghệ An,Max_Absolute_Temperature_lag9,0.0021214665368974785
squeezed_Nghệ An,Max_Absolute_Temperature_lag10,0.054219010890082166
squeezed_Nghệ An,Max_Absolute_Temperature_lag11,0.16684312762251216
squeezed_Nghệ An,Max_Absolute_Temperature_lag12,0.03492576521129318
squeezed_Nghệ An,Min_Absolute_Temperature_lag1,0.03970024529567554
squeezed_Nghệ An,Min_Absolute_Temperature_lag2,0.1346273782312298
squeezed_Nghệ An,Min_Absolute_Temperature_lag3,0.15551814657030477
squeezed_Nghệ An,Min_Absolute_Temperature_lag4,0.34023366576314246
squeezed_Nghệ An,Min_Absolute_Temperature_lag5,0.06359077060364464
squeezed_Nghệ An,Min_Absolute_Temperature_lag6,0.03439083839633356
squeezed_Nghệ An,Min_Absolute_Temperature_lag7,0.15829155463465766
squeezed_Nghệ An,Min_Absolute_Temperature_lag8,0.11752876625680951
squeezed_Nghệ An,Min_Absolute_Temperature_lag9,0.011673871760671842
squeezed_Nghệ An,Min_Absolute_Temperature_lag10,0.02342258131462344
squeezed_Nghệ An,Min_Absolute_Temperature_lag11,0.0200909956012964
squeezed_Nghệ An,Min_Absolute_Temperature_lag12,0.38877131032805284
squeezed_Nghệ An,Average_Humidity_lag1,0.024536335931354316
squeezed_Nghệ An,Average_Humidity_lag2,0.013366140907529711
squeezed_Nghệ An,Average_Humidity_lag3,0.0008685237071578253
squeezed_Nghệ An,Average_Humidity_lag4,0.06683455125278055
squeezed_Nghệ An,Average_Humidity_lag5,0.07771203014687975
squeezed_Nghệ An,Average_Humidity_lag6,0.014257732915011133
squeezed_Nghệ An,Average_Humidity_lag7,0.0712158693172305
squeezed_Nghệ An,Average_Humidity_lag8,0.08217592407240056
squeezed_Nghệ An,Average_Humidity_lag9,0.04888113395073853
squeezed_Nghệ An,Average_Humidity_lag10,0.02816565114920529
squeezed_Nghệ An,Average_Humidity_lag11,0.030419808047740634
squeezed_Nghệ An,Average_Humidity_lag12,0.11609222665722167
squeezed_Nghệ An,Min_Humidity_lag1,0.02147731583667217
squeezed_Nghệ An,Min_Humidity_lag2,0.11363020511423404
squeezed_Nghệ An,Min_Humidity_lag3,0.04633326085046327
squeezed_Nghệ An,Min_Humidity_lag4,0.014730592371476335
squeezed_Nghệ An,Min_Humidity_lag5,0.0066550707792588796
squeezed_Nghệ An,Min_Humidity_lag6,0.0041739416602770895
squeezed_Nghệ An,Min_Humidity_lag7,0.13320360003018666
squeezed_Nghệ An,Min_Humidity_lag8,0.05214081476421492
squeezed_Nghệ An,Min_Humidity_lag9,0.012946318514870025
squeezed_Nghệ An,Min_Humidity_lag10,0.007888181650229689
squeezed_Nghệ An,Min_Humidity_lag11,0.08970128242471416
squeezed_Nghệ An,Min_Humidity_lag12,0.020553363562968458
squeezed_Nghệ An,n_hours_sunshine_lag1,0.04489313238296865
squeezed_Nghệ An,n_hours_sunshine_lag2,0.08434141926037449
squeezed_Nghệ An,n_hours_sunshine_lag3,0.028201665760675263
squeezed_Nghệ An,n_hours_sunshine_lag4,0.14858996845840086
squeezed_Nghệ An,n_hours_sunshine_lag5,0.005184673076446989
squeezed_Nghệ An,n_hours_sunshine_lag6,0.11151690442815076
squeezed_Nghệ An,n_hours_sunshine_lag7,0.03171814614632639
squeezed_Nghệ An,n_hours_sunshine_lag8,0.034078761227426556
squeezed_Nghệ An,n_hours_sunshine_lag9,0.007220706839272066
squeezed_Nghệ An,n_hours_sunshine_lag10,0.07721853607649987
squeezed_Nghệ An,n_hours_sunshine_lag11,0.03286537462144431
squeezed_Nghệ An,n_hours_sunshine_lag12,0.09466549333106795
squeezed_Nghệ An,population_male_lag1,0.0
squeezed_Nghệ An,population_male_lag2,0.05166526120940002
squeezed_Nghệ An,population_male_lag3,0.006532974915358466
squeezed_Nghệ An,population_male_lag4,0.2646295594216856
squeezed_Nghệ An,population_male_lag5,0.0
squeezed_Nghệ An,population_male_lag6,0.001498949830529905
squeezed_Nghệ An,population_male_lag7,0.011379516411365859
squeezed_Nghệ An,population_male_lag8,0.0
squeezed_Nghệ An,population_male_lag9,0.0
squeezed_Nghệ An,population_male_lag10,0.3164186347303633
squeezed_Nghệ An,population_male_lag11,0.0
squeezed_Nghệ An,population_male_lag12,0.014178764813697576
squeezed_Nghệ An,population_female_lag1,0.0
squeezed_Nghệ An,population_female_lag2,0.005216398089286437
squeezed_Nghệ An,population_female_lag3,0.0
squeezed_Nghệ An,population_female_lag4,0.0
squeezed_Nghệ An,population_female_lag5,0.00959083699295017
squeezed_Nghệ An,population_female_lag6,0.08036262820020364
squeezed_Nghệ An,population_female_lag7,0.0
squeezed_Nghệ An,population_female_lag8,0.0
squeezed_Nghệ An,population_female_lag9,0.0018059561991676982
squeezed_Nghệ An,population_female_lag10,0.002787758115261604
squeezed_Nghệ An,population_female_lag11,0.0
squeezed_Nghệ An,population_female_lag12,0.0
squeezed_Nghệ An,population_urban_lag1,0.1646219903509881
squeezed_Nghệ An,population_urban_lag2,0.03131791970097198
squeezed_Nghệ An,population_urban_lag3,0.0076472938734387964
squeezed_Nghệ An,population_urban_lag4,0.0032655093505900394
squeezed_Nghệ An,population_urban_lag5,0.08877408984872652
squeezed_Nghệ An,population_urban_lag6,0.0037472728640057414
squeezed_Nghệ An,population_urban_lag7,0.21353572392700748
squeezed_Nghệ An,population_urban_lag8,0.0
squeezed_Nghệ An,population_urban_lag9,0.0030509772783779755
squeezed_Nghệ An,population_urban_lag10,0.0030696293562493416
squeezed_Nghệ An,population_urban_lag11,0.7522830372418349
squeezed_Nghệ An,population_urban_lag12,0.04299936200556347
squeezed_Nghệ An,population_countryside_lag1,0.005717425419425353
squeezed_Nghệ An,population_countryside_lag2,0.03613101307878941
squeezed_Nghệ An,population_countryside_lag3,0.005230939840994944
squeezed_Nghệ An,population_countryside_lag4,0.01776298252812916
squeezed_Nghệ An,population_countryside_lag5,0.0
squeezed_Nghệ An,population_countryside_lag6,0.04105375975001022
squeezed_Nghệ An,population_countryside_lag7,0.10978387980956189
squeezed_Nghệ An,population_countryside_lag8,0.0
squeezed_Nghệ An,population_countryside_lag9,0.0
squeezed_Nghệ An,population_countryside_lag10,0.0
squeezed_Nghệ An,population_countryside_lag11,0.05961073240117682
squeezed_Nghệ An,population_countryside_lag12,0.1673589674372475
squeezed_Nghệ An,Dengue_fever_rates_lag1,0.21565773433972948
squeezed_Nghệ An,Dengue_fever_rates_lag2,0.04957122583553673
squeezed_Nghệ An,Dengue_fever_rates_lag3,0.06735561661902766
squeezed_Nghệ An,Dengue_fever_rates_lag4,0.018959337793872395
squeezed_Nghệ An,Dengue_fever_rates_lag5,0.0028367768705464835
squeezed_Nghệ An,Dengue_fever_rates_lag6,0.04149661385741211
squeezed_Nghệ An,Dengue_fever_rates_lag7,0.00705265205245385
squeezed_Nghệ An,Dengue_fever_rates_lag8,0.1840590230000182
squeezed_Nghệ An,Dengue_fever_rates_lag9,0.05235381806510303
squeezed_Nghệ An,Dengue_fever_rates_lag10,0.28612628903842696
squeezed_Nghệ An,Dengue_fever_rates_lag11,0.32708449300413917
squeezed_Nghệ An,Dengue_fever_rates_lag12,0.026732793361811474
squeezed_Nghệ An,Influenza_rates_lag1,0.08102235806386399
squeezed_Nghệ An,Influenza_rates_lag2,0.30743306257433434
squeezed_Nghệ An,Influenza_rates_lag3,0.11145417477990893
squeezed_Nghệ An,Influenza_rates_lag4,0.04054853454729457
squeezed_Nghệ An,Influenza_rates_lag5,0.12187274508751332
squeezed_Nghệ An,Influenza_rates_lag6,0.1526491826667358
squeezed_Nghệ An,Influenza_rates_lag7,0.2817905961594333
squeezed_Nghệ An,Influenza_rates_lag8,0.08011515843078905
squeezed_Nghệ An,Influenza_rates_lag9,0.020707971703645207
squeezed_Nghệ An,Influenza_rates_lag10,0.23812382926814357
squeezed_Nghệ An,Influenza_rates_lag11,0.10066256838346233
squeezed_Nghệ An,Influenza_rates_lag12,0.11018043427698987
squeezed_Nghệ An,Diarrhoea_rates_rollmean_3,9.170120015571413
squeezed_Nghệ An,Diarrhoea_rates_rollstd_3,0.10855187200351708
squeezed_Nghệ An,Diarrhoea_rates_rollmean_6,2.279751607391282
squeezed_Nghệ An,Diarrhoea_rates_rollstd_6,0.03660458524080814
squeezed_Nghệ An,month_sin,1.7430146341325097
squeezed_Nghệ An,month_cos,0.9840119166436164
squeezed_Ninh Bình,Total_Evaporation,0.025889744616374943
squeezed_Ninh Bình,Total_Rainfall,0.05717112230842447
squeezed_Ninh Bình,Max_Daily_Rainfall,0.04280743580073019
squeezed_Ninh Bình,n_raining_days,0.08557046125476797
squeezed_Ninh Bình,Average_temperature,0.05852803087401596
squeezed_Ninh Bình,Max_Average_Temperature,0.11031612440302525
squeezed_Ninh Bình,Min_Average_Temperature,0.006998489391040416
squeezed_Ninh Bình,Max_Absolute_Temperature,0.061908521130609635
squeezed_Ninh Bình,Min_Absolute_Temperature,0.32743292808862223
squeezed_Ninh Bình,Average_Humidity,0.041257418768825105
squeezed_Ninh Bình,Min_Humidity,0.0931848814799554
squeezed_Ninh Bình,n_hours_sunshine,0.12693169959960954
squeezed_Ninh Bình,population_male,0.03720964363138212
squeezed_Ninh Bình,population_female,0.00736291424647079
squeezed_Ninh Bình,population_urban,0.13990390758190377
squeezed_Ninh Bình,population_countryside,0.031802591076682624
squeezed_Ninh Bình,Diarrhoea_rates,22.444297549015655
squeezed_Ninh Bình,Diarrhoea_rates_lag1,7.113510406118212
squeezed_Ninh Bình,Diarrhoea_rates_lag2,0.778826342135332
squeezed_Ninh Bình,Diarrhoea_rates_lag3,0.04366023970583363
squeezed_Ninh Bình,Diarrhoea_rates_lag4,1.1377787343994035
squeezed_Ninh Bình,Diarrhoea_rates_lag5,0.6361756498419342
squeezed_Ninh Bình,Diarrhoea_rates_lag6,0.7781208266250831
squeezed_Ninh Bình,Diarrhoea_rates_lag7,0.18335516783921835
squeezed_Ninh Bình,Diarrhoea_rates_lag8,0.44729548630297944
squeezed_Ninh Bình,Diarrhoea_rates_lag9,0.0888292664771242
squeezed_Ninh Bình,Diarrhoea_rates_lag10,0.6832879115847482
squeezed_Ninh Bình,Diarrhoea_rates_lag11,1.3429992367643386
squeezed_Ninh Bình,Diarrhoea_rates_lag12,0.6907218736156141
squeezed_Ninh Bình,Total_Evaporation_lag1,0.008365811771521051
squeezed_Ninh Bình,Total_Evaporation_lag2,0.24713033606425716
squeezed_Ninh Bình,Total_Evaporation_lag3,0.046282982597956095
squeezed_Ninh Bình,Total_Evaporation_lag4,0.015094281672050777
squeezed_Ninh Bình,Total_Evaporation_lag5,0.03641637683764124
squeezed_Ninh Bình,Total_Evaporation_lag6,0.025207937428273274
squeezed_Ninh Bình,Total_Evaporation_lag7,0.026977333776851162
squeezed_Ninh Bình,Total_Evaporation_lag8,0.07726188168783342
squeezed_Ninh Bình,Total_Evaporation_lag9,0.03680529890403975
squeezed_Ninh Bình,Total_Evaporation_lag10,0.0
squeezed_Ninh Bình,Total_Evaporation_lag11,0.2859950406769434
squeezed_Ninh Bình,Total_Evaporation_lag12,0.10691257331681688
squeezed_Ninh Bình,Total_Rainfall_lag1,0.46408843204658007
squeezed_Ninh Bình,Total_Rainfall_lag2,0.5642437684177003
squeezed_Ninh Bình,Total_Rainfall_lag3,0.16524706684315013
squeezed_Ninh Bình,Total_Rainfall_lag4,0.11054924376040169
squeezed_Ninh Bình,Total_Rainfall_lag5,0.010307648190166158
squeezed_Ninh Bình,Total_Rainfall_lag6,0.046003910965780194
squeezed_Ninh Bình,Total_Rainfall_lag7,0.04638719418529588
squeezed_Ninh Bình,Total_Rainfall_lag8,0.010655043045875822
squeezed_Ninh Bình,Total_Rainfall_lag9,0.08456223077855857
squeezed_Ninh Bình,Total_Rainfall_lag10,0.11016818736825836
squeezed_Ninh Bình,Total_Rainfall_lag11,0.10635348535608857
squeezed_Ninh Bình,Total_Rainfall_lag12,0.07126140334048842
squeezed_Ninh Bình,Max_Daily_Rainfall_lag1,0.11807260979870883
squeezed_Ninh Bình,Max_Daily_Rainfall_lag2,0.09006267004177256
squeezed_Ninh Bình,Max_Daily_Rainfall_lag3,0.013426777738999682
squeezed_Ninh Bình,Max_Daily_Rainfall_lag4,0.04285573755487563
squeezed_Ninh Bình,Max_Daily_Rainfall_lag5,0.017033589941720304
squeezed_Ninh Bình,Max_Daily_Rainfall_lag6,0.05623287876286353
squeezed_Ninh Bình,Max_Daily_Rainfall_lag7,0.05183436583004291
squeezed_Ninh Bình,Max_Daily_Rainfall_lag8,0.11457706965830929
squeezed_Ninh Bình,Max_Daily_Rainfall_lag9,0.37840767796815417
squeezed_Ninh Bình,Max_Daily_Rainfall_lag10,0.03381403157362577
squeezed_Ninh Bình,Max_Daily_Rainfall_lag11,0.1934805455322831
squeezed_Ninh Bình,Max_Daily_Rainfall_lag12,0.19729959974675193
squeezed_Ninh Bình,n_raining_days_lag1,0.00401714653660267
squeezed_Ninh Bình,n_raining_days_lag2,0.07704916271080962
squeezed_Ninh Bình,n_raining_days_lag3,0.02147996640087599
squeezed_Ninh Bình,n_raining_days_lag4,0.011462450012437187
squeezed_Ninh Bình,n_raining_days_lag5,0.0031778917691775398
squeezed_Ninh Bình,n_raining_days_lag6,0.006527036827609027
squeezed_Ninh Bình,n_raining_days_lag7,0.0
squeezed_Ninh Bình,n_raining_days_lag8,0.015928200859805345
squeezed_Ninh Bình,n_raining_days_lag9,0.09723373581056198
squeezed_Ninh Bình,n_raining_days_lag10,0.09864612861043175
squeezed_Ninh Bình,n_raining_days_lag11,0.007520658211804293
squeezed_Ninh Bình,n_raining_days_lag12,0.048546289075002885
squeezed_Ninh Bình,Average_temperature_lag1,0.14690613305316114
squeezed_Ninh Bình,Average_temperature_lag2,0.0
squeezed_Ninh Bình,Average_temperature_lag3,0.15127365777309731
squeezed_Ninh Bình,Average_temperature_lag4,0.007544347891224414
squeezed_Ninh Bình,Average_temperature_lag5,0.029911677922527982
squeezed_Ninh Bình,Average_temperature_lag6,0.04963949120921265
squeezed_Ninh Bình,Average_temperature_lag7,0.10784164571900627
squeezed_Ninh Bình,Average_temperature_lag8,0.04403093834018809
squeezed_Ninh Bình,Average_temperature_lag9,0.05828249335607758
squeezed_Ninh Bình,Average_temperature_lag10,0.02009577501897295
squeezed_Ninh Bình,Average_temperature_lag11,0.08788613517593587
squeezed_Ninh Bình,Average_temperature_lag12,0.04743753703202863
squeezed_Ninh Bình,Max_Average_Temperature_lag1,0.15311450710938587
squeezed_Ninh Bình,Max_Average_Temperature_lag2,0.34131745910723604
squeezed_Ninh Bình,Max_Average_Temperature_lag3,0.081258177808176
squeezed_Ninh Bình,Max_Average_Temperature_lag4,0.010223923224114627
squeezed_Ninh Bình,Max_Average_Temperature_lag5,0.24903562364791812
squeezed_Ninh Bình,Max_Average_Temperature_lag6,0.02116215655444549
squeezed_Ninh Bình,Max_Average_Temperature_lag7,0.03414874705083668
squeezed_Ninh Bình,Max_Average_Temperature_lag8,0.15586084202218933
squeezed_Ninh Bình,Max_Average_Temperature_lag9,0.006133445838785601
squeezed_Ninh Bình,Max_Average_Temperature_lag10,0.07103156358859143
squeezed_Ninh Bình,Max_Average_Temperature_lag11,0.10420834824600733
squeezed_Ninh Bình,Max_Average_Temperature_lag12,0.1547447898769362
squeezed_Ninh Bình,Min_Average_Temperature_lag1,0.013916896566421309
squeezed_Ninh Bình,Min_Average_Temperature_lag2,0.0528122485522641
squeezed_Ninh Bình,Min_Average_Temperature_lag3,0.05733126846677075
squeezed_Ninh Bình,Min_Average_Temperature_lag4,0.20171244624789822
squeezed_Ninh Bình,Min_Average_Temperature_lag5,0.013509524386315695
squeezed_Ninh Bình,Min_Average_Temperature_lag6,0.02831510664521514
squeezed_Ninh Bình,Min_Average_Temperature_lag7,0.08839600275101624
squeezed_Ninh Bình,Min_Average_Temperature_lag8,0.010870767520236323
squeezed_Ninh Bình,Min_Average_Temperature_lag9,0.007759103254082509
squeezed_Ninh Bình,Min_Average_Temperature_lag10,0.037720805749678114
squeezed_Ninh Bình,Min_Average_Temperature_lag11,0.12980168649087362
squeezed_Ninh Bình,Min_Average_Temperature_lag12,0.13880637764677445
squeezed_Ninh Bình,Max_Absolute_Temperature_lag1,0.2533868521914068
squeezed_Ninh Bình,Max_Absolute_Temperature_lag2,0.0469351957165099
squeezed_Ninh Bình,Max_Absolute_Temperature_lag3,0.028864403938916084
squeezed_Ninh Bình,Max_Absolute_Temperature_lag4,0.10959559535504337
squeezed_Ninh Bình,Max_Absolute_Temperature_lag5,0.04077331245210513
squeezed_Ninh Bình,Max_Absolute_Temperature_lag6,0.013790137448562416
squeezed_Ninh Bình,Max_Absolute_Temperature_lag7,0.18572879201346293
squeezed_Ninh Bình,Max_Absolute_Temperature_lag8,0.013809720757768894
squeezed_Ninh Bình,Max_Absolute_Temperature_lag9,0.0025631989828743857
squeezed_Ninh Bình,Max_Absolute_Temperature_lag10,0.05218641931651568
squeezed_Ninh Bình,Max_Absolute_Temperature_lag11,0.10025780641825839
squeezed_Ninh Bình,Max_Absolute_Temperature_lag12,0.04193572463082603
squeezed_Ninh Bình,Min_Absolute_Temperature_lag1,0.07539651779859967
squeezed_Ninh Bình,Min_Absolute_Temperature_lag2,0.12918275785465347
squeezed_Ninh Bình,Min_Absolute_Temperature_lag3,0.1520197230727889
squeezed_Ninh Bình,Min_Absolute_Temperature_lag4,0.3319009510780094
squeezed_Ninh Bình,Min_Absolute_Temperature_lag5,0.06982838703931754
squeezed_Ninh Bình,Min_Absolute_Temperature_lag6,0.0338679949670588
squeezed_Ninh Bình,Min_Absolute_Temperature_lag7,0.11289505555439892
squeezed_Ninh Bình,Min_Absolute_Temperature_lag8,0.13371940952610042
squeezed_Ninh Bình,Min_Absolute_Temperature_lag9,0.03630091940483205
squeezed_Ninh Bình,Min_Absolute_Temperature_lag10,0.026357949279998082
squeezed_Ninh Bình,Min_Absolute_Temperature_lag11,0.02628601696691564
squeezed_Ninh Bình,Min_Absolute_Temperature_lag12,0.29460424263950674
squeezed_Ninh Bình,Average_Humidity_lag1,0.015031256707072102
squeezed_Ninh Bình,Average_Humidity_lag2,0.022139817041597287
squeezed_Ninh Bình,Average_Humidity_lag3,0.0010503512056543813
squeezed_Ninh Bình,Average_Humidity_lag4,0.05216117420895347
squeezed_Ninh Bình,Average_Humidity_lag5,0.09778185522280837
squeezed_Ninh Bình,Average_Humidity_lag6,0.01269208206263979
squeezed_Ninh Bình,Average_Humidity_lag7,0.04261161293468787
squeezed_Ninh Bình,Average_Humidity_lag8,0.08136806467509816
squeezed_Ninh Bình,Average_Humidity_lag9,0.08118482127565878
squeezed_Ninh Bình,Average_Humidity_lag10,0.022842237786102528
squeezed_Ninh Bình,Average_Humidity_lag11,0.041116264000490156
squeezed_Ninh Bình,Average_Humidity_lag12,0.0760168910014106
squeezed_Ninh Bình,Min_Humidity_lag1,0.021571053093851423
squeezed_Ninh Bình,Min_Humidity_lag2,0.10585501688658255
squeezed_Ninh Bình,Min_Humidity_lag3,0.07379115739575647
squeezed_Ninh Bình,Min_Humidity_lag4,0.012307071023025811
squeezed_Ninh Bình,Min_Humidity_lag5,0.008496875605899666
squeezed_Ninh Bình,Min_Humidity_lag6,0.004399600541519597
squeezed_Ninh Bình,Min_Humidity_lag7,0.1567116759798918
squeezed_Ninh Bình,Min_Humidity_lag8,0.02773136718876128
squeezed_Ninh Bình,Min_Humidity_lag9,0.012976386256352971
squeezed_Ninh Bình,Min_Humidity_lag10,0.007457817832627181
squeezed_Ninh Bình,Min_Humidity_lag11,0.1257437713438417
squeezed_Ninh Bình,Min_Humidity_lag12,0.024118498016947643
squeezed_Ninh Bình,n_hours_sunshine_lag1,0.03423384610111367
squeezed_Ninh Bình,n_hours_sunshine_lag2,0.0769352797238694
squeezed_Ninh Bình,n_hours_sunshine_lag3,0.03941442349921919
squeezed_Ninh Bình,n_hours_sunshine_lag4,0.1785426281131527
squeezed_Ninh Bình,n_hours_sunshine_lag5,0.005081831516636419
squeezed_Ninh Bình,n_hours_sunshine_lag6,0.14457985170014806
squeezed_Ninh Bình,n_hours_sunshine_lag7,0.028516355815881928
squeezed_Ninh Bình,n_hours_sunshine_lag8,0.041376640350419984
squeezed_Ninh Bình,n_hours_sunshine_lag9,0.00692051116065022
squeezed_Ninh Bình,n_hours_sunshine_lag10,0.07153369584420664
squeezed_Ninh Bình,n_hours_sunshine_lag11,0.02373657660969686
squeezed_Ninh Bình,n_hours_sunshine_lag12,0.07921362417074239
squeezed_Ninh Bình,population_male_lag1,0.0
squeezed_Ninh Bình,population_male_lag2,0.0512864990773648
squeezed_Ninh Bình,population_male_lag3,0.006532974915358466
squeezed_Ninh Bình,population_male_lag4,0.27642743378002343
squeezed_Ninh Bình,population_male_lag5,0.0
squeezed_Ninh Bình,population_male_lag6,0.001483410839059907
squeezed_Ninh Bình,population_male_lag7,0.006542300785666907
squeezed_Ninh Bình,population_male_lag8,0.0
squeezed_Ninh Bình,population_male_lag9,0.0
squeezed_Ninh Bình,population_male_lag10,0.3049860972761768
squeezed_Ninh Bình,population_male_lag11,0.0
squeezed_Ninh Bình,population_male_lag12,0.013845379554215704
squeezed_Ninh Bình,population_female_lag1,0.0
squeezed_Ninh Bình,population_female_lag2,0.005216398089286437
squeezed_Ninh Bình,population_female_lag3,0.0
squeezed_Ninh Bình,population_female_lag4,0.0
squeezed_Ninh Bình,population_female_lag5,0.009833482821344318
squeezed_Ninh Bình,population_female_lag6,0.04775967267011749
squeezed_Ninh Bình,population_female_lag7,0.0
squeezed_Ninh Bình,population_female_lag8,0.0
squeezed_Ninh Bình,population_female_lag9,0.0015732278669643562
squeezed_Ninh Bình,population_female_lag10,0.00291212993853061
squeezed_Ninh Bình,population_female_lag11,0.0
squeezed_Ninh Bình,population_female_lag12,0.0
squeezed_Ninh Bình,population_urban_lag1,0.14705523648690252
squeezed_Ninh Bình,population_urban_lag2,0.03208300601419841
squeezed_Ninh Bình,population_urban_lag3,0.008424945265073838
squeezed_Ninh Bình,population_urban_lag4,0.0032655093505900394
squeezed_Ninh Bình,population_urban_lag5,0.09110458990121639
squeezed_Ninh Bình,population_urban_lag6,0.0035668729515391036
squeezed_Ninh Bình,population_urban_lag7,0.22286945557795326
squeezed_Ninh Bình,population_urban_lag8,0.0
squeezed_Ninh Bình,population_urban_lag9,0.0030509772783779755
squeezed_Ninh Bình,population_urban_lag10,0.0015129024738990812
squeezed_Ninh Bình,population_urban_lag11,0.7433087854629106
squeezed_Ninh Bình,population_urban_lag12,0.04387255161175299
squeezed_Ninh Bình,population_countryside_lag1,0.009913515389096834
squeezed_Ninh Bình,population_countryside_lag2,0.016895560043417936
squeezed_Ninh Bình,population_countryside_lag3,0.004006813144276848
squeezed_Ninh Bình,population_countryside_lag4,0.015693290205701326
squeezed_Ninh Bình,population_countryside_lag5,0.0
squeezed_Ninh Bình,population_countryside_lag6,0.007625686723218829
squeezed_Ninh Bình,population_countryside_lag7,0.002676878806283027
squeezed_Ninh Bình,population_countryside_lag8,0.0
squeezed_Ninh Bình,population_countryside_lag9,0.0
squeezed_Ninh Bình,population_countryside_lag10,0.0
squeezed_Ninh Bình,population_countryside_lag11,0.017334201693433995
squeezed_Ninh Bình,population_countryside_lag12,0.03663064248231066
squeezed_Ninh Bình,Dengue_fever_rates_lag1,0.32023446562893904
squeezed_Ninh Bình,Dengue_fever_rates_lag2,0.008537177356674093
squeezed_Ninh Bình,Dengue_fever_rates_lag3,0.054412881254855876
squeezed_Ninh Bình,Dengue_fever_rates_lag4,0.016977410604633758
squeezed_Ninh Bình,Dengue_fever_rates_lag5,0.0028367768705464843
squeezed_Ninh Bình,Dengue_fever_rates_lag6,0.04233545733445491
squeezed_Ninh Bình,Dengue_fever_rates_lag7,0.00625401638594026
squeezed_Ninh Bình,Dengue_fever_rates_lag8,0.16338743166604935
squeezed_Ninh Bình,Dengue_fever_rates_lag9,0.05115246000408569
squeezed_Ninh Bình,Dengue_fever_rates_lag10,0.14427175736370143
squeezed_Ninh Bình,Dengue_fever_rates_lag11,0.20516817832436376
squeezed_Ninh Bình,Dengue_fever_rates_lag12,0.027773354335052722
squeezed_Ninh Bình,Influenza_rates_lag1,0.08626345163853581
squeezed_Ninh Bình,Influenza_rates_lag2,0.30302434828811914
squeezed_Ninh Bình,Influenza_rates_lag3,0.10890778750248077
squeezed_Ninh Bình,Influenza_rates_lag4,0.03159209525614227
squeezed_Ninh Bình,Influenza_rates_lag5,0.11093069345017341
squeezed_Ninh Bình,Influenza_rates_lag6,0.17260186888286752
squeezed_Ninh Bình,Influenza_rates_lag7,0.27502360322425995
squeezed_Ninh Bình,Influenza_rates_lag8,0.0774040695812999
squeezed_Ninh Bình,Influenza_rates_lag9,0.022705250989613332
squeezed_Ninh Bình,Influenza_rates_lag10,0.2189503671349691
squeezed_Ninh Bình,Influenza_rates_lag11,0.04942594307495344
squeezed_Ninh Bình,Influenza_rates_lag12,0.04906669435174182
squeezed_Ninh Bình,Diarrhoea_rates_rollmean_3,6.131306308695362
squeezed_Ninh Bình,Diarrhoea_rates_rollstd_3,0.14114855405424095
squeezed_Ninh Bình,Diarrhoea_rates_rollmean_6,2.216023443550491
squeezed_Ninh Bình,Diarrhoea_rates_rollstd_6,0.03930745830182657
squeezed_Ninh Bình,month_sin,1.8207576153480571
squeezed_Ninh Bình,month_cos,0.9495122934749508
squeezed_Ninh Thuận,Total_Evaporation,0.019274822966518897
squeezed_Ninh Thuận,Total_Rainfall,0.2752643577865364
squeezed_Ninh Thuận,Max_Daily_Rainfall,0.056121367484219926
squeezed_Ninh Thuận,n_raining_days,0.03851886306917828
squeezed_Ninh Thuận,Average_temperature,0.0031604989598668343
squeezed_Ninh Thuận,Max_Average_Temperature,0.16476131796920482
squeezed_Ninh Thuận,Min_Average_Temperature,0.02268692550669273
squeezed_Ninh Thuận,Max_Absolute_Temperature,0.02914898181467358
squeezed_Ninh Thuận,Min_Absolute_Temperature,0.7140042351216044
squeezed_Ninh Thuận,Average_Humidity,0.02404213056378059
squeezed_Ninh Thuận,Min_Humidity,0.08890532180860457
squeezed_Ninh Thuận,n_hours_sunshine,0.3711815837390266
squeezed_Ninh Thuận,population_male,0.18572192624210748
squeezed_Ninh Thuận,population_female,0.007155594936689807
squeezed_Ninh Thuận,population_urban,0.13790326372429848
squeezed_Ninh Thuận,population_countryside,0.04022042841125259
squeezed_Ninh Thuận,Diarrhoea_rates,30.141086919347206
squeezed_Ninh Thuận,Diarrhoea_rates_lag1,9.615734889585356
squeezed_Ninh Thuận,Diarrhoea_rates_lag2,1.346680661680134
squeezed_Ninh Thuận,Diarrhoea_rates_lag3,0.09530690594084373
squeezed_Ninh Thuận,Diarrhoea_rates_lag4,1.8002834900719005
squeezed_Ninh Thuận,Diarrhoea_rates_lag5,0.9435989225324831
squeezed_Ninh Thuận,Diarrhoea_rates_lag6,1.3385841591806271
squeezed_Ninh Thuận,Diarrhoea_rates_lag7,0.16862839703688573
squeezed_Ninh Thuận,Diarrhoea_rates_lag8,0.45526992679226397
squeezed_Ninh Thuận,Diarrhoea_rates_lag9,0.43124925487269133
squeezed_Ninh Thuận,Diarrhoea_rates_lag10,0.948344750841846
squeezed_Ninh Thuận,Diarrhoea_rates_lag11,2.2057087900632895
squeezed_Ninh Thuận,Diarrhoea_rates_lag12,0.8194430933553276
squeezed_Ninh Thuận,Total_Evaporation_lag1,0.07428501758482423
squeezed_Ninh Thuận,Total_Evaporation_lag2,0.3865776798338254
squeezed_Ninh Thuận,Total_Evaporation_lag3,0.015537789811701909
squeezed_Ninh Thuận,Total_Evaporation_lag4,0.009272973446855707
squeezed_Ninh Thuận,Total_Evaporation_lag5,0.04197797778041528
squeezed_Ninh Thuận,Total_Evaporation_lag6,0.0353248714831424
squeezed_Ninh Thuận,Total_Evaporation_lag7,0.01084349773977974
squeezed_Ninh Thuận,Total_Evaporation_lag8,0.12309699230778981
squeezed_Ninh Thuận,Total_Evaporation_lag9,0.011606763349092422
squeezed_Ninh Thuận,Total_Evaporation_lag10,0.0
squeezed_Ninh Thuận,Total_Evaporation_lag11,0.43150383694686334
squeezed_Ninh Thuận,Total_Evaporation_lag12,0.6712641818868961
squeezed_Ninh Thuận,Total_Rainfall_lag1,0.5494380397904924
squeezed_Ninh Thuận,Total_Rainfall_lag2,0.5503000275145346
squeezed_Ninh Thuận,Total_Rainfall_lag3,0.07514512668129524
squeezed_Ninh Thuận,Total_Rainfall_lag4,0.11150037444688948
squeezed_Ninh Thuận,Total_Rainfall_lag5,0.010026124521875896
squeezed_Ninh Thuận,Total_Rainfall_lag6,0.049629910548244505
squeezed_Ninh Thuận,Total_Rainfall_lag7,0.049470434448827795
squeezed_Ninh Thuận,Total_Rainfall_lag8,0.17389044335482828
squeezed_Ninh Thuận,Total_Rainfall_lag9,0.27478377654382496
squeezed_Ninh Thuận,Total_Rainfall_lag10,0.2720979394072331
squeezed_Ninh Thuận,Total_Rainfall_lag11,0.2856893987252152
squeezed_Ninh Thuận,Total_Rainfall_lag12,0.04256948916205794
squeezed_Ninh Thuận,Max_Daily_Rainfall_lag1,0.10149020091449841
squeezed_Ninh Thuận,Max_Daily_Rainfall_lag2,0.2160907343418913
squeezed_Ninh Thuận,Max_Daily_Rainfall_lag3,0.016639553726118212
squeezed_Ninh Thuận,Max_Daily_Rainfall_lag4,0.045154746340409835
squeezed_Ninh Thuận,Max_Daily_Rainfall_lag5,0.09541124344444735
squeezed_Ninh Thuận,Max_Daily_Rainfall_lag6,0.0352063689563614
squeezed_Ninh Thuận,Max_Daily_Rainfall_lag7,0.050873848164669104
squeezed_Ninh Thuận,Max_Daily_Rainfall_lag8,0.29711794609278946
squeezed_Ninh Thuận,Max_Daily_Rainfall_lag9,0.1857189502743479
squeezed_Ninh Thuận,Max_Daily_Rainfall_lag10,0.06028588868311718
squeezed_Ninh Thuận,Max_Daily_Rainfall_lag11,0.28422029668477483
squeezed_Ninh Thuận,Max_Daily_Rainfall_lag12,0.2518204386982149
squeezed_Ninh Thuận,n_raining_days_lag1,0.015558591331409003
squeezed_Ninh Thuận,n_raining_days_lag2,0.10047964226225438
squeezed_Ninh Thuận,n_raining_days_lag3,0.025315060498811975
squeezed_Ninh Thuận,n_raining_days_lag4,0.012862965550826255
squeezed_Ninh Thuận,n_raining_days_lag5,0.002612766147315395
squeezed_Ninh Thuận,n_raining_days_lag6,0.004321602216332608
squeezed_Ninh Thuận,n_raining_days_lag7,0.0
squeezed_Ninh Thuận,n_raining_days_lag8,0.04318621623258161
squeezed_Ninh Thuận,n_raining_days_lag9,0.15936524953293277
squeezed_Ninh Thuận,n_raining_days_lag10,0.12188828112285227
squeezed_Ninh Thuận,n_raining_days_lag11,0.007226844143834429
squeezed_Ninh Thuận,n_raining_days_lag12,0.05284823892483428
squeezed_Ninh Thuận,Average_temperature_lag1,0.15490973270552455
squeezed_Ninh Thuận,Average_temperature_lag2,0.0
squeezed_Ninh Thuận,Average_temperature_lag3,0.08737005741382213
squeezed_Ninh Thuận,Average_temperature_lag4,0.005437321915843971
squeezed_Ninh Thuận,Average_temperature_lag5,0.007046156355874343
squeezed_Ninh Thuận,Average_temperature_lag6,0.07208274078508238
squeezed_Ninh Thuận,Average_temperature_lag7,0.09854189520976016
squeezed_Ninh Thuận,Average_temperature_lag8,0.08388260754784316
squeezed_Ninh Thuận,Average_temperature_lag9,0.08510402418441299
squeezed_Ninh Thuận,Average_temperature_lag10,0.013034406843802164
squeezed_Ninh Thuận,Average_temperature_lag11,0.04484805859034738
squeezed_Ninh Thuận,Average_temperature_lag12,0.1286488739382067
squeezed_Ninh Thuận,Max_Average_Temperature_lag1,0.1442475326197564
squeezed_Ninh Thuận,Max_Average_Temperature_lag2,0.17488846434476354
squeezed_Ninh Thuận,Max_Average_Temperature_lag3,0.1057060200325892
squeezed_Ninh Thuận,Max_Average_Temperature_lag4,0.0041389367878640945
squeezed_Ninh Thuận,Max_Average_Temperature_lag5,0.3955178436208053
squeezed_Ninh Thuận,Max_Average_Temperature_lag6,0.017816499432984873
squeezed_Ninh Thuận,Max_Average_Temperature_lag7,0.04668314214783379
squeezed_Ninh Thuận,Max_Average_Temperature_lag8,0.33723456638696425
squeezed_Ninh Thuận,Max_Average_Temperature_lag9,0.018398415443378262
squeezed_Ninh Thuận,Max_Average_Temperature_lag10,0.11646680785966862
squeezed_Ninh Thuận,Max_Average_Temperature_lag11,0.1818365367528558
squeezed_Ninh Thuận,Max_Average_Temperature_lag12,0.6539716750670794
squeezed_Ninh Thuận,Min_Average_Temperature_lag1,0.013916896566421309
squeezed_Ninh Thuận,Min_Average_Temperature_lag2,0.03203296853452151
squeezed_Ninh Thuận,Min_Average_Temperature_lag3,0.10828964505438238
squeezed_Ninh Thuận,Min_Average_Temperature_lag4,0.21145848602161435
squeezed_Ninh Thuận,Min_Average_Temperature_lag5,0.013509524386315695
squeezed_Ninh Thuận,Min_Average_Temperature_lag6,0.05376914250941827
squeezed_Ninh Thuận,Min_Average_Temperature_lag7,0.12266408896061622
squeezed_Ninh Thuận,Min_Average_Temperature_lag8,0.009917719459036528
squeezed_Ninh Thuận,Min_Average_Temperature_lag9,0.009101426892427064
squeezed_Ninh Thuận,Min_Average_Temperature_lag10,0.1874974128778358
squeezed_Ninh Thuận,Min_Average_Temperature_lag11,0.07776598859435396
squeezed_Ninh Thuận,Min_Average_Temperature_lag12,0.15029510840571955
squeezed_Ninh Thuận,Max_Absolute_Temperature_lag1,0.0926887510761718
squeezed_Ninh Thuận,Max_Absolute_Temperature_lag2,0.07864602626079738
squeezed_Ninh Thuận,Max_Absolute_Temperature_lag3,0.18637209519087627
squeezed_Ninh Thuận,Max_Absolute_Temperature_lag4,0.1173476894913983
squeezed_Ninh Thuận,Max_Absolute_Temperature_lag5,0.039530554643356954
squeezed_Ninh Thuận,Max_Absolute_Temperature_lag6,0.03519965368251621
squeezed_Ninh Thuận,Max_Absolute_Temperature_lag7,0.21572667200527673
squeezed_Ninh Thuận,Max_Absolute_Temperature_lag8,0.013998634688193469
squeezed_Ninh Thuận,Max_Absolute_Temperature_lag9,0.0015147506053392575
squeezed_Ninh Thuận,Max_Absolute_Temperature_lag10,0.05922107388816885
squeezed_Ninh Thuận,Max_Absolute_Temperature_lag11,0.10142115733020292
squeezed_Ninh Thuận,Max_Absolute_Temperature_lag12,0.05615268712669266
squeezed_Ninh Thuận,Min_Absolute_Temperature_lag1,0.14973230885338593
squeezed_Ninh Thuận,Min_Absolute_Temperature_lag2,0.21338664945980665
squeezed_Ninh Thuận,Min_Absolute_Temperature_lag3,0.11868329068525396
squeezed_Ninh Thuận,Min_Absolute_Temperature_lag4,0.3401525626013015
squeezed_Ninh Thuận,Min_Absolute_Temperature_lag5,0.03658111669031156
squeezed_Ninh Thuận,Min_Absolute_Temperature_lag6,0.017183695760393
squeezed_Ninh Thuận,Min_Absolute_Temperature_lag7,0.015951659949085862
squeezed_Ninh Thuận,Min_Absolute_Temperature_lag8,0.09333868831885249
squeezed_Ninh Thuận,Min_Absolute_Temperature_lag9,0.02621419504008517
squeezed_Ninh Thuận,Min_Absolute_Temperature_lag10,1.1118391787787778
squeezed_Ninh Thuận,Min_Absolute_Temperature_lag11,0.020417612631920896
squeezed_Ninh Thuận,Min_Absolute_Temperature_lag12,0.3539302880123388
squeezed_Ninh Thuận,Average_Humidity_lag1,0.02381255730423774
squeezed_Ninh Thuận,Average_Humidity_lag2,0.027717792199029326
squeezed_Ninh Thuận,Average_Humidity_lag3,0.0007107409150169738
squeezed_Ninh Thuận,Average_Humidity_lag4,0.12552805942808898
squeezed_Ninh Thuận,Average_Humidity_lag5,0.0745640850347551
squeezed_Ninh Thuận,Average_Humidity_lag6,0.030112558925881494
squeezed_Ninh Thuận,Average_Humidity_lag7,0.020134615512722612
squeezed_Ninh Thuận,Average_Humidity_lag8,0.07687173905533881
squeezed_Ninh Thuận,Average_Humidity_lag9,0.0811494530445828
squeezed_Ninh Thuận,Average_Humidity_lag10,0.012428284700187591
squeezed_Ninh Thuận,Average_Humidity_lag11,0.04516962860729434
squeezed_Ninh Thuận,Average_Humidity_lag12,0.07682720781630573
squeezed_Ninh Thuận,Min_Humidity_lag1,0.01588818169475041
squeezed_Ninh Thuận,Min_Humidity_lag2,0.07981836589556579
squeezed_Ninh Thuận,Min_Humidity_lag3,0.025785518399635627
squeezed_Ninh Thuận,Min_Humidity_lag4,0.023483972521589767
squeezed_Ninh Thuận,Min_Humidity_lag5,0.026245571766326123
squeezed_Ninh Thuận,Min_Humidity_lag6,0.01109365091227226
squeezed_Ninh Thuận,Min_Humidity_lag7,0.12894371163348053
squeezed_Ninh Thuận,Min_Humidity_lag8,0.019858746676103902
squeezed_Ninh Thuận,Min_Humidity_lag9,0.011270890866589991
squeezed_Ninh Thuận,Min_Humidity_lag10,0.0073060605806597664
squeezed_Ninh Thuận,Min_Humidity_lag11,0.06446399328446206
squeezed_Ninh Thuận,Min_Humidity_lag12,0.024926175045287394
squeezed_Ninh Thuận,n_hours_sunshine_lag1,0.13931557945625503
squeezed_Ninh Thuận,n_hours_sunshine_lag2,0.2403044245350103
squeezed_Ninh Thuận,n_hours_sunshine_lag3,0.04259838239850991
squeezed_Ninh Thuận,n_hours_sunshine_lag4,0.37699563299510125
squeezed_Ninh Thuận,n_hours_sunshine_lag5,0.028374357807022816
squeezed_Ninh Thuận,n_hours_sunshine_lag6,0.24841825155202094
squeezed_Ninh Thuận,n_hours_sunshine_lag7,0.20261491118574937
squeezed_Ninh Thuận,n_hours_sunshine_lag8,0.10680961369552583
squeezed_Ninh Thuận,n_hours_sunshine_lag9,0.1027795887245222
squeezed_Ninh Thuận,n_hours_sunshine_lag10,0.10900965237943444
squeezed_Ninh Thuận,n_hours_sunshine_lag11,0.5016309385400369
squeezed_Ninh Thuận,n_hours_sunshine_lag12,0.0931875932372312
squeezed_Ninh Thuận,population_male_lag1,0.0
squeezed_Ninh Thuận,population_male_lag2,0.006627141190596313
squeezed_Ninh Thuận,population_male_lag3,0.003314692273840079
squeezed_Ninh Thuận,population_male_lag4,0.03143466496951827
squeezed_Ninh Thuận,population_male_lag5,0.0
squeezed_Ninh Thuận,population_male_lag6,0.012481295201276886
squeezed_Ninh Thuận,population_male_lag7,0.09988052562314274
squeezed_Ninh Thuận,population_male_lag8,0.0
squeezed_Ninh Thuận,population_male_lag9,0.0
squeezed_Ninh Thuận,population_male_lag10,0.12245853004041408
squeezed_Ninh Thuận,population_male_lag11,0.0
squeezed_Ninh Thuận,population_male_lag12,0.013845379554215704
squeezed_Ninh Thuận,population_female_lag1,0.0
squeezed_Ninh Thuận,population_female_lag2,0.005216398089286437
squeezed_Ninh Thuận,population_female_lag3,0.0
squeezed_Ninh Thuận,population_female_lag4,0.0
squeezed_Ninh Thuận,population_female_lag5,0.013674712697883179
squeezed_Ninh Thuận,population_female_lag6,0.30525079133997296
squeezed_Ninh Thuận,population_female_lag7,0.0
squeezed_Ninh Thuận,population_female_lag8,0.0
squeezed_Ninh Thuận,population_female_lag9,0.0014060866587033826
squeezed_Ninh Thuận,population_female_lag10,0.05752926915863146
squeezed_Ninh Thuận,population_female_lag11,0.0
squeezed_Ninh Thuận,population_female_lag12,0.0
squeezed_Ninh Thuận,population_urban_lag1,0.13515697976648422
squeezed_Ninh Thuận,population_urban_lag2,0.031006585117201686
squeezed_Ninh Thuận,population_urban_lag3,0.00333976404324764
squeezed_Ninh Thuận,population_urban_lag4,0.0033228763604542526
squeezed_Ninh Thuận,population_urban_lag5,0.09456209602181516
squeezed_Ninh Thuận,population_urban_lag6,0.024791518417527275
squeezed_Ninh Thuận,population_urban_lag7,0.21722545029183757
squeezed_Ninh Thuận,population_urban_lag8,0.0
squeezed_Ninh Thuận,population_urban_lag9,0.0030509772783779755
squeezed_Ninh Thuận,population_urban_lag10,0.0036524371210752533
squeezed_Ninh Thuận,population_urban_lag11,0.738747015324256
squeezed_Ninh Thuận,population_urban_lag12,0.04418942913270416
squeezed_Ninh Thuận,population_countryside_lag1,0.028548970369408774
squeezed_Ninh Thuận,population_countryside_lag2,0.03247992239075654
squeezed_Ninh Thuận,population_countryside_lag3,0.0322198763811943
squeezed_Ninh Thuận,population_countryside_lag4,0.010109495628549627
squeezed_Ninh Thuận,population_countryside_lag5,0.0
squeezed_Ninh Thuận,population_countryside_lag6,0.008373806503388722
squeezed_Ninh Thuận,population_countryside_lag7,0.011288722559734109
squeezed_Ninh Thuận,population_countryside_lag8,0.0
squeezed_Ninh Thuận,population_countryside_lag9,0.0
squeezed_Ninh Thuận,population_countryside_lag10,0.0
squeezed_Ninh Thuận,population_countryside_lag11,0.02567399108947227
squeezed_Ninh Thuận,population_countryside_lag12,0.09756134203430651
squeezed_Ninh Thuận,Dengue_fever_rates_lag1,0.5317214652758978
squeezed_Ninh Thuận,Dengue_fever_rates_lag2,0.011132685752202706
squeezed_Ninh Thuận,Dengue_fever_rates_lag3,0.0680009204390022
squeezed_Ninh Thuận,Dengue_fever_rates_lag4,0.040538723270117996
squeezed_Ninh Thuận,Dengue_fever_rates_lag5,0.005586268298922308
squeezed_Ninh Thuận,Dengue_fever_rates_lag6,0.06008782859550096
squeezed_Ninh Thuận,Dengue_fever_rates_lag7,0.041358456246434104
squeezed_Ninh Thuận,Dengue_fever_rates_lag8,0.18949249383272568
squeezed_Ninh Thuận,Dengue_fever_rates_lag9,0.04629724569860585
squeezed_Ninh Thuận,Dengue_fever_rates_lag10,0.07311602302927837
squeezed_Ninh Thuận,Dengue_fever_rates_lag11,0.27536823074727856
squeezed_Ninh Thuận,Dengue_fever_rates_lag12,0.0934528177096034
squeezed_Ninh Thuận,Influenza_rates_lag1,0.07341733994426435
squeezed_Ninh Thuận,Influenza_rates_lag2,0.34842383704693747
squeezed_Ninh Thuận,Influenza_rates_lag3,0.11747231109229221
squeezed_Ninh Thuận,Influenza_rates_lag4,0.03397528285091394
squeezed_Ninh Thuận,Influenza_rates_lag5,0.10933056423613531
squeezed_Ninh Thuận,Influenza_rates_lag6,0.07119641072588402
squeezed_Ninh Thuận,Influenza_rates_lag7,0.1751407735972186
squeezed_Ninh Thuận,Influenza_rates_lag8,0.21279151475435476
squeezed_Ninh Thuận,Influenza_rates_lag9,0.026495488357809353
squeezed_Ninh Thuận,Influenza_rates_lag10,0.33074660637351494
squeezed_Ninh Thuận,Influenza_rates_lag11,0.15685070499154347
squeezed_Ninh Thuận,Influenza_rates_lag12,0.17378142303610777
squeezed_Ninh Thuận,Diarrhoea_rates_rollmean_3,8.744757832147432
squeezed_Ninh Thuận,Diarrhoea_rates_rollstd_3,0.21018216392053501
squeezed_Ninh Thuận,Diarrhoea_rates_rollmean_6,2.2458286187372463
squeezed_Ninh Thuận,Diarrhoea_rates_rollstd_6,0.12642984868013954
squeezed_Ninh Thuận,month_sin,1.5176707037493287
squeezed_Ninh Thuận,month_cos,0.9003643564530964
squeezed_Phú Thọ,Total_Evaporation,0.02410816639990415
squeezed_Phú Thọ,Total_Rainfall,0.049028522499425596
squeezed_Phú Thọ,Max_Daily_Rainfall,0.058863017513749026
squeezed_Phú Thọ,n_raining_days,0.06092867222395679
squeezed_Phú Thọ,Average_temperature,0.06287117830660717
squeezed_Phú Thọ,Max_Average_Temperature,0.09959996111616322
squeezed_Phú Thọ,Min_Average_Temperature,0.00722016640253522
squeezed_Phú Thọ,Max_Absolute_Temperature,0.06870325554799832
squeezed_Phú Thọ,Min_Absolute_Temperature,0.3431234614096332
squeezed_Phú Thọ,Average_Humidity,0.01373263585672116
squeezed_Phú Thọ,Min_Humidity,0.17934311937526823
squeezed_Phú Thọ,n_hours_sunshine,0.1306922358737005
squeezed_Phú Thọ,population_male,0.032065440406637044
squeezed_Phú Thọ,population_female,0.007466573901361281
squeezed_Phú Thọ,population_urban,0.14701630267204008
squeezed_Phú Thọ,population_countryside,0.028652817185578727
squeezed_Phú Thọ,Diarrhoea_rates,41.40452847238066
squeezed_Phú Thọ,Diarrhoea_rates_lag1,12.634908775085838
squeezed_Phú Thọ,Diarrhoea_rates_lag2,1.6414640946352872
squeezed_Phú Thọ,Diarrhoea_rates_lag3,0.07275405059504332
squeezed_Phú Thọ,Diarrhoea_rates_lag4,2.0461836601307497
squeezed_Phú Thọ,Diarrhoea_rates_lag5,0.849741668025317
squeezed_Phú Thọ,Diarrhoea_rates_lag6,1.4489782317218556
squeezed_Phú Thọ,Diarrhoea_rates_lag7,0.20732850825247703
squeezed_Phú Thọ,Diarrhoea_rates_lag8,0.43392050549848854
squeezed_Phú Thọ,Diarrhoea_rates_lag9,0.1803239546976844
squeezed_Phú Thọ,Diarrhoea_rates_lag10,0.5526090687704349
squeezed_Phú Thọ,Diarrhoea_rates_lag11,1.6384238931292483
squeezed_Phú Thọ,Diarrhoea_rates_lag12,0.6177171187845959
squeezed_Phú Thọ,Total_Evaporation_lag1,0.01316208763623565
squeezed_Phú Thọ,Total_Evaporation_lag2,0.2363302845799168
squeezed_Phú Thọ,Total_Evaporation_lag3,0.051640270936522153
squeezed_Phú Thọ,Total_Evaporation_lag4,0.01205202070863681
squeezed_Phú Thọ,Total_Evaporation_lag5,0.045764901004399776
squeezed_Phú Thọ,Total_Evaporation_lag6,0.018267075782781625
squeezed_Phú Thọ,Total_Evaporation_lag7,0.026303855761742365
squeezed_Phú Thọ,Total_Evaporation_lag8,0.08871556408640202
squeezed_Phú Thọ,Total_Evaporation_lag9,0.014847428588611558
squeezed_Phú Thọ,Total_Evaporation_lag10,0.0
squeezed_Phú Thọ,Total_Evaporation_lag11,0.21262915072106378
squeezed_Phú Thọ,Total_Evaporation_lag12,0.0675152807546137
squeezed_Phú Thọ,Total_Rainfall_lag1,0.575081108820617
squeezed_Phú Thọ,Total_Rainfall_lag2,0.387652056410319
squeezed_Phú Thọ,Total_Rainfall_lag3,0.03635306258994892
squeezed_Phú Thọ,Total_Rainfall_lag4,0.11078648022154301
squeezed_Phú Thọ,Total_Rainfall_lag5,0.008208485991521358
squeezed_Phú Thọ,Total_Rainfall_lag6,0.04069196279512847
squeezed_Phú Thọ,Total_Rainfall_lag7,0.07340938054558117
squeezed_Phú Thọ,Total_Rainfall_lag8,0.028208397107483574
squeezed_Phú Thọ,Total_Rainfall_lag9,0.10265308363421721
squeezed_Phú Thọ,Total_Rainfall_lag10,0.188509040299586
squeezed_Phú Thọ,Total_Rainfall_lag11,0.10905031287935696
squeezed_Phú Thọ,Total_Rainfall_lag12,0.0300885731258646
squeezed_Phú Thọ,Max_Daily_Rainfall_lag1,0.1290911342683487
squeezed_Phú Thọ,Max_Daily_Rainfall_lag2,0.08771765883859022
squeezed_Phú Thọ,Max_Daily_Rainfall_lag3,0.014371191814355677
squeezed_Phú Thọ,Max_Daily_Rainfall_lag4,0.040876324853543235
squeezed_Phú Thọ,Max_Daily_Rainfall_lag5,0.059007583053306646
squeezed_Phú Thọ,Max_Daily_Rainfall_lag6,0.025461361257828677
squeezed_Phú Thọ,Max_Daily_Rainfall_lag7,0.027564261765896377
squeezed_Phú Thọ,Max_Daily_Rainfall_lag8,0.14075558011390937
squeezed_Phú Thọ,Max_Daily_Rainfall_lag9,0.07714009658829939
squeezed_Phú Thọ,Max_Daily_Rainfall_lag10,0.02493753401209473
squeezed_Phú Thọ,Max_Daily_Rainfall_lag11,0.08985937514341787
squeezed_Phú Thọ,Max_Daily_Rainfall_lag12,0.2083536046377683
squeezed_Phú Thọ,n_raining_days_lag1,0.002922825003474273
squeezed_Phú Thọ,n_raining_days_lag2,0.10028267528781737
squeezed_Phú Thọ,n_raining_days_lag3,0.013504992120853787
squeezed_Phú Thọ,n_raining_days_lag4,0.013288509479975818
squeezed_Phú Thọ,n_raining_days_lag5,0.0029703709015272205
squeezed_Phú Thọ,n_raining_days_lag6,0.0038761375327590612
squeezed_Phú Thọ,n_raining_days_lag7,0.0
squeezed_Phú Thọ,n_raining_days_lag8,0.01699607268655806
squeezed_Phú Thọ,n_raining_days_lag9,0.10090874251117345
squeezed_Phú Thọ,n_raining_days_lag10,0.10399636754113477
squeezed_Phú Thọ,n_raining_days_lag11,0.007747642734949709
squeezed_Phú Thọ,n_raining_days_lag12,0.043847141164678895
squeezed_Phú Thọ,Average_temperature_lag1,0.2465913630517171
squeezed_Phú Thọ,Average_temperature_lag2,0.0
squeezed_Phú Thọ,Average_temperature_lag3,0.16004698160031797
squeezed_Phú Thọ,Average_temperature_lag4,0.006033970192350108
squeezed_Phú Thọ,Average_temperature_lag5,0.027791317185957523
squeezed_Phú Thọ,Average_temperature_lag6,0.054386264457624005
squeezed_Phú Thọ,Average_temperature_lag7,0.09240171446646846
squeezed_Phú Thọ,Average_temperature_lag8,0.04137189049623379
squeezed_Phú Thọ,Average_temperature_lag9,0.05903010708387682
squeezed_Phú Thọ,Average_temperature_lag10,0.0195143066482888
squeezed_Phú Thọ,Average_temperature_lag11,0.09141784545649422
squeezed_Phú Thọ,Average_temperature_lag12,0.047374272837091586
squeezed_Phú Thọ,Max_Average_Temperature_lag1,0.18095783036215088
squeezed_Phú Thọ,Max_Average_Temperature_lag2,0.2647960268040873
squeezed_Phú Thọ,Max_Average_Temperature_lag3,0.08639429774603581
squeezed_Phú Thọ,Max_Average_Temperature_lag4,0.007250624373701289
squeezed_Phú Thọ,Max_Average_Temperature_lag5,0.2376349741835778
squeezed_Phú Thọ,Max_Average_Temperature_lag6,0.02240579686277193
squeezed_Phú Thọ,Max_Average_Temperature_lag7,0.032146732274818506
squeezed_Phú Thọ,Max_Average_Temperature_lag8,0.29797633994926964
squeezed_Phú Thọ,Max_Average_Temperature_lag9,0.060075097847860075
squeezed_Phú Thọ,Max_Average_Temperature_lag10,0.0649575369997039
squeezed_Phú Thọ,Max_Average_Temperature_lag11,0.09308387426792918
squeezed_Phú Thọ,Max_Average_Temperature_lag12,0.1415271438827576
squeezed_Phú Thọ,Min_Average_Temperature_lag1,0.013916896566421309
squeezed_Phú Thọ,Min_Average_Temperature_lag2,0.05387886822127308
squeezed_Phú Thọ,Min_Average_Temperature_lag3,0.05089102873235273
squeezed_Phú Thọ,Min_Average_Temperature_lag4,0.19909861402700635
squeezed_Phú Thọ,Min_Average_Temperature_lag5,0.013413891541343833
squeezed_Phú Thọ,Min_Average_Temperature_lag6,0.02831510664521514
squeezed_Phú Thọ,Min_Average_Temperature_lag7,0.10324700167070842
squeezed_Phú Thọ,Min_Average_Temperature_lag8,0.013260410066039055
squeezed_Phú Thọ,Min_Average_Temperature_lag9,0.0045447450608423375
squeezed_Phú Thọ,Min_Average_Temperature_lag10,0.03598875558342035
squeezed_Phú Thọ,Min_Average_Temperature_lag11,0.10659452922388962
squeezed_Phú Thọ,Min_Average_Temperature_lag12,0.09418881900058847
squeezed_Phú Thọ,Max_Absolute_Temperature_lag1,0.23223328227653975
squeezed_Phú Thọ,Max_Absolute_Temperature_lag2,0.06862693130389373
squeezed_Phú Thọ,Max_Absolute_Temperature_lag3,0.02451276321322864
squeezed_Phú Thọ,Max_Absolute_Temperature_lag4,0.10724576262249903
squeezed_Phú Thọ,Max_Absolute_Temperature_lag5,0.035309974056001135
squeezed_Phú Thọ,Max_Absolute_Temperature_lag6,0.005650937489451577
squeezed_Phú Thọ,Max_Absolute_Temperature_lag7,0.16588887192921747
squeezed_Phú Thọ,Max_Absolute_Temperature_lag8,0.013118340852664953
squeezed_Phú Thọ,Max_Absolute_Temperature_lag9,0.001748755845110022
squeezed_Phú Thọ,Max_Absolute_Temperature_lag10,0.05429743087433999
squeezed_Phú Thọ,Max_Absolute_Temperature_lag11,0.1038620417227507
squeezed_Phú Thọ,Max_Absolute_Temperature_lag12,0.0501047316523193
squeezed_Phú Thọ,Min_Absolute_Temperature_lag1,0.03460064813256806
squeezed_Phú Thọ,Min_Absolute_Temperature_lag2,0.1365661703102631
squeezed_Phú Thọ,Min_Absolute_Temperature_lag3,0.15786870184144866
squeezed_Phú Thọ,Min_Absolute_Temperature_lag4,0.26814175724737915
squeezed_Phú Thọ,Min_Absolute_Temperature_lag5,0.07315821300084972
squeezed_Phú Thọ,Min_Absolute_Temperature_lag6,0.034135430296849026
squeezed_Phú Thọ,Min_Absolute_Temperature_lag7,0.11051338356593778
squeezed_Phú Thọ,Min_Absolute_Temperature_lag8,0.10099772866772479
squeezed_Phú Thọ,Min_Absolute_Temperature_lag9,0.03680925488764773
squeezed_Phú Thọ,Min_Absolute_Temperature_lag10,0.02070084852508176
squeezed_Phú Thọ,Min_Absolute_Temperature_lag11,0.03340541504689912
squeezed_Phú Thọ,Min_Absolute_Temperature_lag12,0.2972664601872992
squeezed_Phú Thọ,Average_Humidity_lag1,0.0206506344744334
squeezed_Phú Thọ,Average_Humidity_lag2,0.029584510351373994
squeezed_Phú Thọ,Average_Humidity_lag3,0.0008912827758312548
squeezed_Phú Thọ,Average_Humidity_lag4,0.08150792829660765
squeezed_Phú Thọ,Average_Humidity_lag5,0.057922927388544494
squeezed_Phú Thọ,Average_Humidity_lag6,0.015720432656959583
squeezed_Phú Thọ,Average_Humidity_lag7,0.025434288282910302
squeezed_Phú Thọ,Average_Humidity_lag8,0.061092432657363444
squeezed_Phú Thọ,Average_Humidity_lag9,0.053338361096653214
squeezed_Phú Thọ,Average_Humidity_lag10,0.016539458601370346
squeezed_Phú Thọ,Average_Humidity_lag11,0.02175725583054748
squeezed_Phú Thọ,Average_Humidity_lag12,0.09166579277559254
squeezed_Phú Thọ,Min_Humidity_lag1,0.11398509387740559
squeezed_Phú Thọ,Min_Humidity_lag2,0.11458488583923593
squeezed_Phú Thọ,Min_Humidity_lag3,0.30021663250371694
squeezed_Phú Thọ,Min_Humidity_lag4,0.033923382915637124
squeezed_Phú Thọ,Min_Humidity_lag5,0.005229948055809533
squeezed_Phú Thọ,Min_Humidity_lag6,0.1921213738890464
squeezed_Phú Thọ,Min_Humidity_lag7,0.16460012607808713
squeezed_Phú Thọ,Min_Humidity_lag8,0.16750185026282136
squeezed_Phú Thọ,Min_Humidity_lag9,0.013744413173012013
squeezed_Phú Thọ,Min_Humidity_lag10,0.044262583592101314
squeezed_Phú Thọ,Min_Humidity_lag11,0.15408646734716502
squeezed_Phú Thọ,Min_Humidity_lag12,0.12061423905219665
squeezed_Phú Thọ,n_hours_sunshine_lag1,0.10321277558022472
squeezed_Phú Thọ,n_hours_sunshine_lag2,0.07543763000456692
squeezed_Phú Thọ,n_hours_sunshine_lag3,0.03252139456368777
squeezed_Phú Thọ,n_hours_sunshine_lag4,0.09620252735776778
squeezed_Phú Thọ,n_hours_sunshine_lag5,0.006172296146221137
squeezed_Phú Thọ,n_hours_sunshine_lag6,0.10933425120188038
squeezed_Phú Thọ,n_hours_sunshine_lag7,0.026133431728685392
squeezed_Phú Thọ,n_hours_sunshine_lag8,0.03940348357647574
squeezed_Phú Thọ,n_hours_sunshine_lag9,0.004408412564812749
squeezed_Phú Thọ,n_hours_sunshine_lag10,0.11240108665662922
squeezed_Phú Thọ,n_hours_sunshine_lag11,0.032993533922475664
squeezed_Phú Thọ,n_hours_sunshine_lag12,0.08266004383766375
squeezed_Phú Thọ,population_male_lag1,0.0
squeezed_Phú Thọ,population_male_lag2,0.053072998274385434
squeezed_Phú Thọ,population_male_lag3,0.006711768395442821
squeezed_Phú Thọ,population_male_lag4,0.2717082840366883
squeezed_Phú Thọ,population_male_lag5,0.0
squeezed_Phú Thọ,population_male_lag6,0.0008030585364055031
squeezed_Phú Thọ,population_male_lag7,0.0046435627999328825
squeezed_Phú Thọ,population_male_lag8,0.0
squeezed_Phú Thọ,population_male_lag9,0.0
squeezed_Phú Thọ,population_male_lag10,0.30970524701951196
squeezed_Phú Thọ,population_male_lag11,0.0
squeezed_Phú Thọ,population_male_lag12,0.013845379554215704
squeezed_Phú Thọ,population_female_lag1,0.0
squeezed_Phú Thọ,population_female_lag2,0.005216398089286437
squeezed_Phú Thọ,population_female_lag3,0.0
squeezed_Phú Thọ,population_female_lag4,0.0
squeezed_Phú Thọ,population_female_lag5,0.009833482821344318
squeezed_Phú Thọ,population_female_lag6,0.042433910351706204
squeezed_Phú Thọ,population_female_lag7,0.0
squeezed_Phú Thọ,population_female_lag8,0.0
squeezed_Phú Thọ,population_female_lag9,0.0009814167980408846
squeezed_Phú Thọ,population_female_lag10,0.0028765474252908847
squeezed_Phú Thọ,population_female_lag11,0.0
squeezed_Phú Thọ,population_female_lag12,0.0
squeezed_Phú Thọ,population_urban_lag1,0.14598241305129275
squeezed_Phú Thọ,population_urban_lag2,0.0476725770467357
squeezed_Phú Thọ,population_urban_lag3,0.007833033441862862
squeezed_Phú Thọ,population_urban_lag4,0.0032655093505900394
squeezed_Phú Thọ,population_urban_lag5,0.08683459938215758
squeezed_Phú Thọ,population_urban_lag6,0.003476672995305784
squeezed_Phú Thọ,population_urban_lag7,0.22184228830707
squeezed_Phú Thọ,population_urban_lag8,0.0
squeezed_Phú Thọ,population_urban_lag9,0.0030509772783779755
squeezed_Phú Thọ,population_urban_lag10,0.003122092675828795
squeezed_Phú Thọ,population_urban_lag11,0.7398180254805394
squeezed_Phú Thọ,population_urban_lag12,0.044496409807470515
squeezed_Phú Thọ,population_countryside_lag1,0.005717425419425353
squeezed_Phú Thọ,population_countryside_lag2,0.020524669753358506
squeezed_Phú Thọ,population_countryside_lag3,0.004789697890302997
squeezed_Phú Thọ,population_countryside_lag4,0.015826068579060548
squeezed_Phú Thọ,population_countryside_lag5,0.0
squeezed_Phú Thọ,population_countryside_lag6,0.0074760627671848524
squeezed_Phú Thọ,population_countryside_lag7,0.002676878806283027
squeezed_Phú Thọ,population_countryside_lag8,0.0
squeezed_Phú Thọ,population_countryside_lag9,0.0
squeezed_Phú Thọ,population_countryside_lag10,0.0
squeezed_Phú Thọ,population_countryside_lag11,0.016167750876355812
squeezed_Phú Thọ,population_countryside_lag12,0.06710596668063729
squeezed_Phú Thọ,Dengue_fever_rates_lag1,0.3520173231153732
squeezed_Phú Thọ,Dengue_fever_rates_lag2,0.04802616765576154
squeezed_Phú Thọ,Dengue_fever_rates_lag3,0.059108420779428954
squeezed_Phú Thọ,Dengue_fever_rates_lag4,0.04013110965068089
squeezed_Phú Thọ,Dengue_fever_rates_lag5,0.002989526394345141
squeezed_Phú Thọ,Dengue_fever_rates_lag6,0.042160461607114834
squeezed_Phú Thọ,Dengue_fever_rates_lag7,0.0066405328944162114
squeezed_Phú Thọ,Dengue_fever_rates_lag8,0.12676374678439378
squeezed_Phú Thọ,Dengue_fever_rates_lag9,0.05534139099551174
squeezed_Phú Thọ,Dengue_fever_rates_lag10,0.14141860383660043
squeezed_Phú Thọ,Dengue_fever_rates_lag11,0.3639543817136269
squeezed_Phú Thọ,Dengue_fever_rates_lag12,0.06768876077859877
squeezed_Phú Thọ,Influenza_rates_lag1,0.089034622914469
squeezed_Phú Thọ,Influenza_rates_lag2,0.30813867918238513
squeezed_Phú Thọ,Influenza_rates_lag3,0.11091630361039422
squeezed_Phú Thọ,Influenza_rates_lag4,0.03663955117996442
squeezed_Phú Thọ,Influenza_rates_lag5,0.11263391244304721
squeezed_Phú Thọ,Influenza_rates_lag6,0.20876463141490387
squeezed_Phú Thọ,Influenza_rates_lag7,0.28185216280501724
squeezed_Phú Thọ,Influenza_rates_lag8,0.07468304586606424
squeezed_Phú Thọ,Influenza_rates_lag9,0.029572359878123223
squeezed_Phú Thọ,Influenza_rates_lag10,0.22869976039068865
squeezed_Phú Thọ,Influenza_rates_lag11,0.040242914573887685
squeezed_Phú Thọ,Influenza_rates_lag12,0.04054576778946744
squeezed_Phú Thọ,Diarrhoea_rates_rollmean_3,10.052841353040028
squeezed_Phú Thọ,Diarrhoea_rates_rollstd_3,0.18809931014310446
squeezed_Phú Thọ,Diarrhoea_rates_rollmean_6,2.3248160471314567
squeezed_Phú Thọ,Diarrhoea_rates_rollstd_6,0.045955968343349335
squeezed_Phú Thọ,month_sin,1.7349415792757883
squeezed_Phú Thọ,month_cos,0.5335664704621718
squeezed_Phú Yên,Total_Evaporation,0.059118901911688476
squeezed_Phú Yên,Total_Rainfall,0.8498615915895348
squeezed_Phú Yên,Max_Daily_Rainfall,0.09451491731972873
squeezed_Phú Yên,n_raining_days,0.10902510551588601
squeezed_Phú Yên,Average_temperature,0.020511325376536094
squeezed_Phú Yên,Max_Average_Temperature,0.2986188331895992
squeezed_Phú Yên,Min_Average_Temperature,0.017759233106872493
squeezed_Phú Yên,Max_Absolute_Temperature,0.030227699051936296
squeezed_Phú Yên,Min_Absolute_Temperature,0.48039867952447524
squeezed_Phú Yên,Average_Humidity,0.07969011181574859
squeezed_Phú Yên,Min_Humidity,0.14388730000187278
squeezed_Phú Yên,n_hours_sunshine,0.32677814198581007
squeezed_Phú Yên,population_male,0.06282116235854704
squeezed_Phú Yên,population_female,0.007466573901361281
squeezed_Phú Yên,population_urban,0.1347952892083302
squeezed_Phú Yên,population_countryside,0.060871673107077175
squeezed_Phú Yên,Diarrhoea_rates,32.35534638953368
squeezed_Phú Yên,Diarrhoea_rates_lag1,9.677488607618635
squeezed_Phú Yên,Diarrhoea_rates_lag2,1.4685144247474258
squeezed_Phú Yên,Diarrhoea_rates_lag3,0.15046703722060364
squeezed_Phú Yên,Diarrhoea_rates_lag4,1.6698848031223805
squeezed_Phú Yên,Diarrhoea_rates_lag5,0.8085985283379192
squeezed_Phú Yên,Diarrhoea_rates_lag6,1.3056148981940983
squeezed_Phú Yên,Diarrhoea_rates_lag7,0.20047156956612164
squeezed_Phú Yên,Diarrhoea_rates_lag8,0.5570595637789162
squeezed_Phú Yên,Diarrhoea_rates_lag9,0.25435072698177386
squeezed_Phú Yên,Diarrhoea_rates_lag10,0.9832897442509326
squeezed_Phú Yên,Diarrhoea_rates_lag11,1.6411869321250767
squeezed_Phú Yên,Diarrhoea_rates_lag12,0.6387972432535335
squeezed_Phú Yên,Total_Evaporation_lag1,0.0603577626844389
squeezed_Phú Yên,Total_Evaporation_lag2,0.3491994530988842
squeezed_Phú Yên,Total_Evaporation_lag3,0.01838304248844118
squeezed_Phú Yên,Total_Evaporation_lag4,0.03752652198778252
squeezed_Phú Yên,Total_Evaporation_lag5,0.06110740907447051
squeezed_Phú Yên,Total_Evaporation_lag6,0.049700286000827855
squeezed_Phú Yên,Total_Evaporation_lag7,0.0162742294889898
squeezed_Phú Yên,Total_Evaporation_lag8,0.06799092673338876
squeezed_Phú Yên,Total_Evaporation_lag9,0.05361121970731166
squeezed_Phú Yên,Total_Evaporation_lag10,0.0
squeezed_Phú Yên,Total_Evaporation_lag11,0.24084036238735917
squeezed_Phú Yên,Total_Evaporation_lag12,0.23496314295469614
squeezed_Phú Yên,Total_Rainfall_lag1,0.5210772905783035
squeezed_Phú Yên,Total_Rainfall_lag2,0.4653620444769022
squeezed_Phú Yên,Total_Rainfall_lag3,0.09180159907822515
squeezed_Phú Yên,Total_Rainfall_lag4,0.08782654163778363
squeezed_Phú Yên,Total_Rainfall_lag5,0.02159210467793718
squeezed_Phú Yên,Total_Rainfall_lag6,0.0558906737307189
squeezed_Phú Yên,Total_Rainfall_lag7,0.0667123473581827
squeezed_Phú Yên,Total_Rainfall_lag8,0.34969869423489525
squeezed_Phú Yên,Total_Rainfall_lag9,0.5042474879878186
squeezed_Phú Yên,Total_Rainfall_lag10,0.4047337899849252
squeezed_Phú Yên,Total_Rainfall_lag11,0.3038829337144407
squeezed_Phú Yên,Total_Rainfall_lag12,0.051206558622138375
squeezed_Phú Yên,Max_Daily_Rainfall_lag1,0.17292112633629295
squeezed_Phú Yên,Max_Daily_Rainfall_lag2,0.18008303616565766
squeezed_Phú Yên,Max_Daily_Rainfall_lag3,0.01494607698846196
squeezed_Phú Yên,Max_Daily_Rainfall_lag4,0.04463256681604111
squeezed_Phú Yên,Max_Daily_Rainfall_lag5,0.09594102872449195
squeezed_Phú Yên,Max_Daily_Rainfall_lag6,0.0636268165157773
squeezed_Phú Yên,Max_Daily_Rainfall_lag7,0.07854346945147977
squeezed_Phú Yên,Max_Daily_Rainfall_lag8,0.8199085940594159
squeezed_Phú Yên,Max_Daily_Rainfall_lag9,0.265559110146858
squeezed_Phú Yên,Max_Daily_Rainfall_lag10,0.0686304696225846
squeezed_Phú Yên,Max_Daily_Rainfall_lag11,0.40209638776291795
squeezed_Phú Yên,Max_Daily_Rainfall_lag12,0.4315811431578929
squeezed_Phú Yên,n_raining_days_lag1,0.01794331315823053
squeezed_Phú Yên,n_raining_days_lag2,0.1591401521093728
squeezed_Phú Yên,n_raining_days_lag3,0.030371476023456464
squeezed_Phú Yên,n_raining_days_lag4,0.029069017079149783
squeezed_Phú Yên,n_raining_days_lag5,0.014706837430938431
squeezed_Phú Yên,n_raining_days_lag6,0.004169117907799831
squeezed_Phú Yên,n_raining_days_lag7,0.0
squeezed_Phú Yên,n_raining_days_lag8,0.0904168656206893
squeezed_Phú Yên,n_raining_days_lag9,0.11591880915226234
squeezed_Phú Yên,n_raining_days_lag10,0.2999194152420755
squeezed_Phú Yên,n_raining_days_lag11,0.00858617015038383
squeezed_Phú Yên,n_raining_days_lag12,0.07489309040325157
squeezed_Phú Yên,Average_temperature_lag1,0.164163652911168
squeezed_Phú Yên,Average_temperature_lag2,0.0
squeezed_Phú Yên,Average_temperature_lag3,0.11009496359133226
squeezed_Phú Yên,Average_temperature_lag4,0.004456670430915725
squeezed_Phú Yên,Average_temperature_lag5,0.015416823441386776
squeezed_Phú Yên,Average_temperature_lag6,0.06555561613398113
squeezed_Phú Yên,Average_temperature_lag7,0.08753758007050266
squeezed_Phú Yên,Average_temperature_lag8,0.07493123590458882
squeezed_Phú Yên,Average_temperature_lag9,0.07841971143886554
squeezed_Phú Yên,Average_temperature_lag10,0.013477141810423513
squeezed_Phú Yên,Average_temperature_lag11,0.07062310262398482
squeezed_Phú Yên,Average_temperature_lag12,0.06750721265946237
squeezed_Phú Yên,Max_Average_Temperature_lag1,0.19503606603873955
squeezed_Phú Yên,Max_Average_Temperature_lag2,0.2364073596887182
squeezed_Phú Yên,Max_Average_Temperature_lag3,0.138224864294869
squeezed_Phú Yên,Max_Average_Temperature_lag4,0.004628182733732207
squeezed_Phú Yên,Max_Average_Temperature_lag5,0.5602408760738581
squeezed_Phú Yên,Max_Average_Temperature_lag6,0.01996122843937015
squeezed_Phú Yên,Max_Average_Temperature_lag7,0.05399668133809694
squeezed_Phú Yên,Max_Average_Temperature_lag8,0.37312878463407007
squeezed_Phú Yên,Max_Average_Temperature_lag9,0.008371584148887898
squeezed_Phú Yên,Max_Average_Temperature_lag10,0.15688711877868053
squeezed_Phú Yên,Max_Average_Temperature_lag11,0.14186671614431873
squeezed_Phú Yên,Max_Average_Temperature_lag12,0.44601197909562745
squeezed_Phú Yên,Min_Average_Temperature_lag1,0.013916896566421309
squeezed_Phú Yên,Min_Average_Temperature_lag2,0.03825191528545245
squeezed_Phú Yên,Min_Average_Temperature_lag3,0.1157325529868446
squeezed_Phú Yên,Min_Average_Temperature_lag4,0.20560090120665708
squeezed_Phú Yên,Min_Average_Temperature_lag5,0.012943495129538287
squeezed_Phú Yên,Min_Average_Temperature_lag6,0.08602345007853779
squeezed_Phú Yên,Min_Average_Temperature_lag7,0.09516569153319283
squeezed_Phú Yên,Min_Average_Temperature_lag8,0.009688231575445143
squeezed_Phú Yên,Min_Average_Temperature_lag9,0.01015993393613103
squeezed_Phú Yên,Min_Average_Temperature_lag10,0.018452408886843158
squeezed_Phú Yên,Min_Average_Temperature_lag11,0.08433491360125737
squeezed_Phú Yên,Min_Average_Temperature_lag12,0.14150692782869276
squeezed_Phú Yên,Max_Absolute_Temperature_lag1,0.09751558954370464
squeezed_Phú Yên,Max_Absolute_Temperature_lag2,0.07041591039758681
squeezed_Phú Yên,Max_Absolute_Temperature_lag3,0.022661661811652717
squeezed_Phú Yên,Max_Absolute_Temperature_lag4,0.1068157369777916
squeezed_Phú Yên,Max_Absolute_Temperature_lag5,0.0601591290123094
squeezed_Phú Yên,Max_Absolute_Temperature_lag6,0.0027241057744663358
squeezed_Phú Yên,Max_Absolute_Temperature_lag7,0.6890080449530238
squeezed_Phú Yên,Max_Absolute_Temperature_lag8,0.014060529392985301
squeezed_Phú Yên,Max_Absolute_Temperature_lag9,0.0014597248321837957
squeezed_Phú Yên,Max_Absolute_Temperature_lag10,0.06253405461687316
squeezed_Phú Yên,Max_Absolute_Temperature_lag11,0.10028289956810675
squeezed_Phú Yên,Max_Absolute_Temperature_lag12,0.05595048403607253
squeezed_Phú Yên,Min_Absolute_Temperature_lag1,0.12595815499131208
squeezed_Phú Yên,Min_Absolute_Temperature_lag2,0.20887155283353076
squeezed_Phú Yên,Min_Absolute_Temperature_lag3,0.08269704692654704
squeezed_Phú Yên,Min_Absolute_Temperature_lag4,0.2936247542641777
squeezed_Phú Yên,Min_Absolute_Temperature_lag5,0.05150771163707215
squeezed_Phú Yên,Min_Absolute_Temperature_lag6,0.015492041579262558
squeezed_Phú Yên,Min_Absolute_Temperature_lag7,0.014886610952354655
squeezed_Phú Yên,Min_Absolute_Temperature_lag8,0.1293940844494013
squeezed_Phú Yên,Min_Absolute_Temperature_lag9,0.037250209137977226
squeezed_Phú Yên,Min_Absolute_Temperature_lag10,0.38350784434212287
squeezed_Phú Yên,Min_Absolute_Temperature_lag11,0.01492235490741957
squeezed_Phú Yên,Min_Absolute_Temperature_lag12,0.20762100229956795
squeezed_Phú Yên,Average_Humidity_lag1,0.029739125538391826
squeezed_Phú Yên,Average_Humidity_lag2,0.03821601877715074
squeezed_Phú Yên,Average_Humidity_lag3,0.0007322259763428897
squeezed_Phú Yên,Average_Humidity_lag4,0.1086647816376322
squeezed_Phú Yên,Average_Humidity_lag5,0.09761493683845014
squeezed_Phú Yên,Average_Humidity_lag6,0.014500904105042137
squeezed_Phú Yên,Average_Humidity_lag7,0.02553376886864396
squeezed_Phú Yên,Average_Humidity_lag8,0.10769154164251961
squeezed_Phú Yên,Average_Humidity_lag9,0.08548122223062708
squeezed_Phú Yên,Average_Humidity_lag10,0.018672449307667954
squeezed_Phú Yên,Average_Humidity_lag11,0.05035838250905355
squeezed_Phú Yên,Average_Humidity_lag12,0.12710684465206945
squeezed_Phú Yên,Min_Humidity_lag1,0.014397911767535623
squeezed_Phú Yên,Min_Humidity_lag2,0.08371198524639863
squeezed_Phú Yên,Min_Humidity_lag3,0.06586331901092844
squeezed_Phú Yên,Min_Humidity_lag4,0.01933803432922444
squeezed_Phú Yên,Min_Humidity_lag5,0.05993010674840112
squeezed_Phú Yên,Min_Humidity_lag6,0.00804547853700914
squeezed_Phú Yên,Min_Humidity_lag7,0.15749716521893423
squeezed_Phú Yên,Min_Humidity_lag8,0.02371954128190396
squeezed_Phú Yên,Min_Humidity_lag9,0.013027689076247259
squeezed_Phú Yên,Min_Humidity_lag10,0.011657306594371473
squeezed_Phú Yên,Min_Humidity_lag11,0.1834617379934108
squeezed_Phú Yên,Min_Humidity_lag12,0.03391045185279661
squeezed_Phú Yên,n_hours_sunshine_lag1,0.15899181783015362
squeezed_Phú Yên,n_hours_sunshine_lag2,0.3014778985136884
squeezed_Phú Yên,n_hours_sunshine_lag3,0.06432844315363417
squeezed_Phú Yên,n_hours_sunshine_lag4,0.5249339060916576
squeezed_Phú Yên,n_hours_sunshine_lag5,0.03296865555723922
squeezed_Phú Yên,n_hours_sunshine_lag6,0.1202188184236086
squeezed_Phú Yên,n_hours_sunshine_lag7,0.10274296738869605
squeezed_Phú Yên,n_hours_sunshine_lag8,0.2414630869715375
squeezed_Phú Yên,n_hours_sunshine_lag9,0.10281259018720695
squeezed_Phú Yên,n_hours_sunshine_lag10,0.039977839995579065
squeezed_Phú Yên,n_hours_sunshine_lag11,0.08572278066836021
squeezed_Phú Yên,n_hours_sunshine_lag12,0.0845197123339463
squeezed_Phú Yên,population_male_lag1,0.0
squeezed_Phú Yên,population_male_lag2,0.05232224190904464
squeezed_Phú Yên,population_male_lag3,0.005102627074683626
squeezed_Phú Yên,population_male_lag4,0.278787008651691
squeezed_Phú Yên,population_male_lag5,0.0
squeezed_Phú Yên,population_male_lag6,0.005078106778410695
squeezed_Phú Yên,population_male_lag7,0.021134154975639873
squeezed_Phú Yên,population_male_lag8,0.0
squeezed_Phú Yên,population_male_lag9,0.0
squeezed_Phú Yên,population_male_lag10,0.3021136387513983
squeezed_Phú Yên,population_male_lag11,0.0
squeezed_Phú Yên,population_male_lag12,0.012845223775770092
squeezed_Phú Yên,population_female_lag1,0.0
squeezed_Phú Yên,population_female_lag2,0.005069985999318907
squeezed_Phú Yên,population_female_lag3,0.0
squeezed_Phú Yên,population_female_lag4,0.0
squeezed_Phú Yên,population_female_lag5,0.009105545336161872
squeezed_Phú Yên,population_female_lag6,0.046835982823490295
squeezed_Phú Yên,population_female_lag7,0.0
squeezed_Phú Yên,population_female_lag8,0.0
squeezed_Phú Yên,population_female_lag9,0.0015523441172307373
squeezed_Phú Yên,population_female_lag10,0.10545829698887647
squeezed_Phú Yên,population_female_lag11,0.0
squeezed_Phú Yên,population_female_lag12,0.0
squeezed_Phú Yên,population_urban_lag1,0.16790485153137713
squeezed_Phú Yên,population_urban_lag2,0.03152856256469653
squeezed_Phú Yên,population_urban_lag3,0.0038691338567131005
squeezed_Phú Yên,population_urban_lag4,0.0033228763604542526
squeezed_Phú Yên,population_urban_lag5,0.09590879739549078
squeezed_Phú Yên,population_urban_lag6,0.0034766729953057828
squeezed_Phú Yên,population_urban_lag7,0.21843451459046673
squeezed_Phú Yên,population_urban_lag8,0.0
squeezed_Phú Yên,population_urban_lag9,0.0030509772783779755
squeezed_Phú Yên,population_urban_lag10,0.007378951187321258
squeezed_Phú Yên,population_urban_lag11,0.7446922492083186
squeezed_Phú Yên,population_urban_lag12,0.042503322078317286
squeezed_Phú Yên,population_countryside_lag1,0.013685662048048193
squeezed_Phú Yên,population_countryside_lag2,0.042381698152108405
squeezed_Phú Yên,population_countryside_lag3,0.018332224780535585
squeezed_Phú Yên,population_countryside_lag4,0.010452121900277389
squeezed_Phú Yên,population_countryside_lag5,0.0
squeezed_Phú Yên,population_countryside_lag6,0.008373806503388722
squeezed_Phú Yên,population_countryside_lag7,0.01266236365520247
squeezed_Phú Yên,population_countryside_lag8,0.0
squeezed_Phú Yên,population_countryside_lag9,0.0
squeezed_Phú Yên,population_countryside_lag10,0.0
squeezed_Phú Yên,population_countryside_lag11,0.021076776622077856
squeezed_Phú Yên,population_countryside_lag12,0.14884966724577728
squeezed_Phú Yên,Dengue_fever_rates_lag1,0.5680937901040989
squeezed_Phú Yên,Dengue_fever_rates_lag2,0.045675252144015265
squeezed_Phú Yên,Dengue_fever_rates_lag3,0.09897810424083454
squeezed_Phú Yên,Dengue_fever_rates_lag4,0.03739985648915282
squeezed_Phú Yên,Dengue_fever_rates_lag5,0.005586268298922308
squeezed_Phú Yên,Dengue_fever_rates_lag6,0.05689707755845099
squeezed_Phú Yên,Dengue_fever_rates_lag7,0.0737476648254773
squeezed_Phú Yên,Dengue_fever_rates_lag8,0.5864175663806607
squeezed_Phú Yên,Dengue_fever_rates_lag9,0.02761219646753636
squeezed_Phú Yên,Dengue_fever_rates_lag10,0.12769071665156503
squeezed_Phú Yên,Dengue_fever_rates_lag11,1.2074942944600886
squeezed_Phú Yên,Dengue_fever_rates_lag12,0.14026172249138993
squeezed_Phú Yên,Influenza_rates_lag1,0.0784889505085669
squeezed_Phú Yên,Influenza_rates_lag2,0.32534785154524765
squeezed_Phú Yên,Influenza_rates_lag3,0.12203561793085667
squeezed_Phú Yên,Influenza_rates_lag4,0.100644968794587
squeezed_Phú Yên,Influenza_rates_lag5,0.11335695889385328
squeezed_Phú Yên,Influenza_rates_lag6,0.19046041587120802
squeezed_Phú Yên,Influenza_rates_lag7,0.2622845238698374
squeezed_Phú Yên,Influenza_rates_lag8,0.05112424439184227
squeezed_Phú Yên,Influenza_rates_lag9,0.023947611112281095
squeezed_Phú Yên,Influenza_rates_lag10,0.34084175789377474
squeezed_Phú Yên,Influenza_rates_lag11,0.10645032059280896
squeezed_Phú Yên,Influenza_rates_lag12,0.059768942669432994
squeezed_Phú Yên,Diarrhoea_rates_rollmean_3,9.280063145174044
squeezed_Phú Yên,Diarrhoea_rates_rollstd_3,0.1670390992796054
squeezed_Phú Yên,Diarrhoea_rates_rollmean_6,2.175841891781716
squeezed_Phú Yên,Diarrhoea_rates_rollstd_6,0.05392551159529998
squeezed_Phú Yên,month_sin,1.3751118898402777
squeezed_Phú Yên,month_cos,0.7115034854656755
squeezed_Quảng Bình,Total_Evaporation,0.02524289115062839
squeezed_Quảng Bình,Total_Rainfall,0.3465994727503632
squeezed_Quảng Bình,Max_Daily_Rainfall,0.05316210586451256
squeezed_Quảng Bình,n_raining_days,0.09668625462773772
squeezed_Quảng Bình,Average_temperature,0.06094119183859997
squeezed_Quảng Bình,Max_Average_Temperature,0.1558042946766175
squeezed_Quảng Bình,Min_Average_Temperature,0.018836312579802044
squeezed_Quảng Bình,Max_Absolute_Temperature,0.09544056615933517
squeezed_Quảng Bình,Min_Absolute_Temperature,0.3437795043545486
squeezed_Quảng Bình,Average_Humidity,0.04386210860996517
squeezed_Quảng Bình,Min_Humidity,0.1411144621461335
squeezed_Quảng Bình,n_hours_sunshine,0.2547604636349662
squeezed_Quảng Bình,population_male,0.05712735688939499
squeezed_Quảng Bình,population_female,0.00736291424647079
squeezed_Quảng Bình,population_urban,0.12668792574141008
squeezed_Quảng Bình,population_countryside,0.046597163922578205
squeezed_Quảng Bình,Diarrhoea_rates,34.60355889040053
squeezed_Quảng Bình,Diarrhoea_rates_lag1,9.285827594573153
squeezed_Quảng Bình,Diarrhoea_rates_lag2,1.1726436808632605
squeezed_Quảng Bình,Diarrhoea_rates_lag3,0.10066072415754607
squeezed_Quảng Bình,Diarrhoea_rates_lag4,1.2760381735366415
squeezed_Quảng Bình,Diarrhoea_rates_lag5,0.6560151720863735
squeezed_Quảng Bình,Diarrhoea_rates_lag6,1.0380904491477925
squeezed_Quảng Bình,Diarrhoea_rates_lag7,0.2093203139831085
squeezed_Quảng Bình,Diarrhoea_rates_lag8,0.3884403913783432
squeezed_Quảng Bình,Diarrhoea_rates_lag9,0.18189700190755528
squeezed_Quảng Bình,Diarrhoea_rates_lag10,0.7489106422148334
squeezed_Quảng Bình,Diarrhoea_rates_lag11,1.372010104581621
squeezed_Quảng Bình,Diarrhoea_rates_lag12,0.6265397606070054
squeezed_Quảng Bình,Total_Evaporation_lag1,0.08028702815684995
squeezed_Quảng Bình,Total_Evaporation_lag2,0.3360029317159711
squeezed_Quảng Bình,Total_Evaporation_lag3,0.06320744528913086
squeezed_Quảng Bình,Total_Evaporation_lag4,0.0188009443912753
squeezed_Quảng Bình,Total_Evaporation_lag5,0.05026225305714829
squeezed_Quảng Bình,Total_Evaporation_lag6,0.029298725577469747
squeezed_Quảng Bình,Total_Evaporation_lag7,0.032267485636094974
squeezed_Quảng Bình,Total_Evaporation_lag8,0.08424670482922665
squeezed_Quảng Bình,Total_Evaporation_lag9,0.10292018893666162
squeezed_Quảng Bình,Total_Evaporation_lag10,0.0
squeezed_Quảng Bình,Total_Evaporation_lag11,0.26018912744277517
squeezed_Quảng Bình,Total_Evaporation_lag12,0.20145958116648197
squeezed_Quảng Bình,Total_Rainfall_lag1,0.46827582881665625
squeezed_Quảng Bình,Total_Rainfall_lag2,0.5021334578493087
squeezed_Quảng Bình,Total_Rainfall_lag3,0.11448949869645088
squeezed_Quảng Bình,Total_Rainfall_lag4,0.1477217802786903
squeezed_Quảng Bình,Total_Rainfall_lag5,0.02245327274219748
squeezed_Quảng Bình,Total_Rainfall_lag6,0.04443904733283229
squeezed_Quảng Bình,Total_Rainfall_lag7,0.058783485075416475
squeezed_Quảng Bình,Total_Rainfall_lag8,0.07748604858765128
squeezed_Quảng Bình,Total_Rainfall_lag9,0.24707181091691988
squeezed_Quảng Bình,Total_Rainfall_lag10,0.26940453037889595
squeezed_Quảng Bình,Total_Rainfall_lag11,0.19361269668886613
squeezed_Quảng Bình,Total_Rainfall_lag12,0.11118163024146953
squeezed_Quảng Bình,Max_Daily_Rainfall_lag1,0.17835471499037128
squeezed_Quảng Bình,Max_Daily_Rainfall_lag2,0.06489339278439303
squeezed_Quảng Bình,Max_Daily_Rainfall_lag3,0.01195593745510777
squeezed_Quảng Bình,Max_Daily_Rainfall_lag4,0.03899896134362338
squeezed_Quảng Bình,Max_Daily_Rainfall_lag5,0.06911064322641908
squeezed_Quảng Bình,Max_Daily_Rainfall_lag6,0.08165104643377336
squeezed_Quảng Bình,Max_Daily_Rainfall_lag7,0.20480481504214207
squeezed_Quảng Bình,Max_Daily_Rainfall_lag8,0.3760540710474886
squeezed_Quảng Bình,Max_Daily_Rainfall_lag9,0.4127726814211265
squeezed_Quảng Bình,Max_Daily_Rainfall_lag10,0.048192904402610044
squeezed_Quảng Bình,Max_Daily_Rainfall_lag11,0.34745739724239516
squeezed_Quảng Bình,Max_Daily_Rainfall_lag12,0.3409162454788939
squeezed_Quảng Bình,n_raining_days_lag1,0.003463100843741615
squeezed_Quảng Bình,n_raining_days_lag2,0.1440118638093338
squeezed_Quảng Bình,n_raining_days_lag3,0.04022168826441465
squeezed_Quảng Bình,n_raining_days_lag4,0.030676084558966536
squeezed_Quảng Bình,n_raining_days_lag5,0.013071493599565111
squeezed_Quảng Bình,n_raining_days_lag6,0.006169699891365754
squeezed_Quảng Bình,n_raining_days_lag7,0.0
squeezed_Quảng Bình,n_raining_days_lag8,0.07631893565914998
squeezed_Quảng Bình,n_raining_days_lag9,0.10043388870042484
squeezed_Quảng Bình,n_raining_days_lag10,0.16845830122849317
squeezed_Quảng Bình,n_raining_days_lag11,0.009643122828388967
squeezed_Quảng Bình,n_raining_days_lag12,0.0471459983481391
squeezed_Quảng Bình,Average_temperature_lag1,0.4409994096982938
squeezed_Quảng Bình,Average_temperature_lag2,0.0
squeezed_Quảng Bình,Average_temperature_lag3,0.14862401890146837
squeezed_Quảng Bình,Average_temperature_lag4,0.010634671807954866
squeezed_Quảng Bình,Average_temperature_lag5,0.027161780843994607
squeezed_Quảng Bình,Average_temperature_lag6,0.05325327863867169
squeezed_Quảng Bình,Average_temperature_lag7,0.09538832886397085
squeezed_Quảng Bình,Average_temperature_lag8,0.0969411357578584
squeezed_Quảng Bình,Average_temperature_lag9,0.06464138593680163
squeezed_Quảng Bình,Average_temperature_lag10,0.00985485132516069
squeezed_Quảng Bình,Average_temperature_lag11,0.0677085636657604
squeezed_Quảng Bình,Average_temperature_lag12,0.05074632769990592
squeezed_Quảng Bình,Max_Average_Temperature_lag1,0.19698422617325398
squeezed_Quảng Bình,Max_Average_Temperature_lag2,0.44223078720497
squeezed_Quảng Bình,Max_Average_Temperature_lag3,0.07754007879090732
squeezed_Quảng Bình,Max_Average_Temperature_lag4,0.006710756294043399
squeezed_Quảng Bình,Max_Average_Temperature_lag5,0.24666766804158555
squeezed_Quảng Bình,Max_Average_Temperature_lag6,0.021595361059902937
squeezed_Quảng Bình,Max_Average_Temperature_lag7,0.0355734845107361
squeezed_Quảng Bình,Max_Average_Temperature_lag8,0.2748678633647458
squeezed_Quảng Bình,Max_Average_Temperature_lag9,0.015316885503183336
squeezed_Quảng Bình,Max_Average_Temperature_lag10,0.07164285492981798
squeezed_Quảng Bình,Max_Average_Temperature_lag11,0.11858982107967207
squeezed_Quảng Bình,Max_Average_Temperature_lag12,0.22714719717126597
squeezed_Quảng Bình,Min_Average_Temperature_lag1,0.013916896566421309
squeezed_Quảng Bình,Min_Average_Temperature_lag2,0.03404224574164589
squeezed_Quảng Bình,Min_Average_Temperature_lag3,0.06464556936718037
squeezed_Quảng Bình,Min_Average_Temperature_lag4,0.18974641564501415
squeezed_Quảng Bình,Min_Average_Temperature_lag5,0.013285539501747386
squeezed_Quảng Bình,Min_Average_Temperature_lag6,0.03432518220806046
squeezed_Quảng Bình,Min_Average_Temperature_lag7,0.16209878985888895
squeezed_Quảng Bình,Min_Average_Temperature_lag8,0.01050445382009346
squeezed_Quảng Bình,Min_Average_Temperature_lag9,0.011747480462105353
squeezed_Quảng Bình,Min_Average_Temperature_lag10,0.14883760399440996
squeezed_Quảng Bình,Min_Average_Temperature_lag11,0.13799391206156
squeezed_Quảng Bình,Min_Average_Temperature_lag12,0.14319876996082867
squeezed_Quảng Bình,Max_Absolute_Temperature_lag1,0.3782600778112117
squeezed_Quảng Bình,Max_Absolute_Temperature_lag2,0.12694055068643237
squeezed_Quảng Bình,Max_Absolute_Temperature_lag3,0.035391225916358036
squeezed_Quảng Bình,Max_Absolute_Temperature_lag4,0.11931902168174391
squeezed_Quảng Bình,Max_Absolute_Temperature_lag5,0.05881899246901723
squeezed_Quảng Bình,Max_Absolute_Temperature_lag6,0.014479888262891746
squeezed_Quảng Bình,Max_Absolute_Temperature_lag7,0.35789547701962926
squeezed_Quảng Bình,Max_Absolute_Temperature_lag8,0.012879615376116428
squeezed_Quảng Bình,Max_Absolute_Temperature_lag9,0.002304272057135052
squeezed_Quảng Bình,Max_Absolute_Temperature_lag10,0.05381350218677116
squeezed_Quảng Bình,Max_Absolute_Temperature_lag11,0.13542371668055322
squeezed_Quảng Bình,Max_Absolute_Temperature_lag12,0.1168296851271441
squeezed_Quảng Bình,Min_Absolute_Temperature_lag1,0.04013972812329834
squeezed_Quảng Bình,Min_Absolute_Temperature_lag2,0.14093442543808907
squeezed_Quảng Bình,Min_Absolute_Temperature_lag3,0.13416072660025888
squeezed_Quảng Bình,Min_Absolute_Temperature_lag4,0.3102138676893142
squeezed_Quảng Bình,Min_Absolute_Temperature_lag5,0.06317118189596435
squeezed_Quảng Bình,Min_Absolute_Temperature_lag6,0.03179820790936579
squeezed_Quảng Bình,Min_Absolute_Temperature_lag7,0.06361128627702943
squeezed_Quảng Bình,Min_Absolute_Temperature_lag8,0.144267236008243
squeezed_Quảng Bình,Min_Absolute_Temperature_lag9,0.025181016257319184
squeezed_Quảng Bình,Min_Absolute_Temperature_lag10,0.02455279120109027
squeezed_Quảng Bình,Min_Absolute_Temperature_lag11,0.029990477337959065
squeezed_Quảng Bình,Min_Absolute_Temperature_lag12,0.4841927567187457
squeezed_Quảng Bình,Average_Humidity_lag1,0.02170264065627477
squeezed_Quảng Bình,Average_Humidity_lag2,0.051097587945463895
squeezed_Quảng Bình,Average_Humidity_lag3,0.0009164761024491032
squeezed_Quảng Bình,Average_Humidity_lag4,0.09508635496711992
squeezed_Quảng Bình,Average_Humidity_lag5,0.09260588588017786
squeezed_Quảng Bình,Average_Humidity_lag6,0.010380838369214914
squeezed_Quảng Bình,Average_Humidity_lag7,0.11859490537282219
squeezed_Quảng Bình,Average_Humidity_lag8,0.1323015558163246
squeezed_Quảng Bình,Average_Humidity_lag9,0.06543523170825621
squeezed_Quảng Bình,Average_Humidity_lag10,0.02898790951018407
squeezed_Quảng Bình,Average_Humidity_lag11,0.04337048717099511
squeezed_Quảng Bình,Average_Humidity_lag12,0.5045738562430763
squeezed_Quảng Bình,Min_Humidity_lag1,0.0167629242290154
squeezed_Quảng Bình,Min_Humidity_lag2,0.08163037140495018
squeezed_Quảng Bình,Min_Humidity_lag3,0.062323815642735515
squeezed_Quảng Bình,Min_Humidity_lag4,0.027405422954757005
squeezed_Quảng Bình,Min_Humidity_lag5,0.04986837155110302
squeezed_Quảng Bình,Min_Humidity_lag6,0.01592967545747334
squeezed_Quảng Bình,Min_Humidity_lag7,0.18550849232188804
squeezed_Quảng Bình,Min_Humidity_lag8,0.06704935665345006
squeezed_Quảng Bình,Min_Humidity_lag9,0.009537326002756379
squeezed_Quảng Bình,Min_Humidity_lag10,0.018928432672779837
squeezed_Quảng Bình,Min_Humidity_lag11,0.21907788673915918
squeezed_Quảng Bình,Min_Humidity_lag12,0.09381765112456737
squeezed_Quảng Bình,n_hours_sunshine_lag1,0.0662024159172608
squeezed_Quảng Bình,n_hours_sunshine_lag2,0.17443847954622624
squeezed_Quảng Bình,n_hours_sunshine_lag3,0.07508915697630676
squeezed_Quảng Bình,n_hours_sunshine_lag4,0.20345027034922938
squeezed_Quảng Bình,n_hours_sunshine_lag5,0.04727282068652752
squeezed_Quảng Bình,n_hours_sunshine_lag6,0.21892359351788881
squeezed_Quảng Bình,n_hours_sunshine_lag7,0.07189294459946936
squeezed_Quảng Bình,n_hours_sunshine_lag8,0.11251898740927474
squeezed_Quảng Bình,n_hours_sunshine_lag9,0.036526437955014285
squeezed_Quảng Bình,n_hours_sunshine_lag10,0.09854611398948011
squeezed_Quảng Bình,n_hours_sunshine_lag11,0.04725134949400448
squeezed_Quảng Bình,n_hours_sunshine_lag12,0.07494403692746072
squeezed_Quảng Bình,population_male_lag1,0.0
squeezed_Quảng Bình,population_male_lag2,0.051287728319931586
squeezed_Quảng Bình,population_male_lag3,0.005817800995021045
squeezed_Quảng Bình,population_male_lag4,0.26934870916502074
squeezed_Quảng Bình,population_male_lag5,0.0
squeezed_Quảng Bình,population_male_lag6,0.0028989362369457737
squeezed_Quảng Bình,population_male_lag7,0.004857201216838752
squeezed_Quảng Bình,population_male_lag8,0.0
squeezed_Quảng Bình,population_male_lag9,0.0
squeezed_Quảng Bình,population_male_lag10,0.3121915656256726
squeezed_Quảng Bình,population_male_lag11,0.0
squeezed_Quảng Bình,population_male_lag12,0.013511994294733832
squeezed_Quảng Bình,population_female_lag1,0.0
squeezed_Quảng Bình,population_female_lag2,0.005143192044302671
squeezed_Quảng Bình,population_female_lag3,0.0
squeezed_Quảng Bình,population_female_lag4,0.0
squeezed_Quảng Bình,population_female_lag5,0.00959083699295017
squeezed_Quảng Bình,population_female_lag6,0.06175952288910652
squeezed_Quảng Bình,population_female_lag7,0.0
squeezed_Quảng Bình,population_female_lag8,0.0
squeezed_Quảng Bình,population_female_lag9,0.003243152174425831
squeezed_Quảng Bình,population_female_lag10,0.049009834334984875
squeezed_Quảng Bình,population_female_lag11,0.0
squeezed_Quảng Bình,population_female_lag12,0.0
squeezed_Quảng Bình,population_urban_lag1,0.1390018764672872
squeezed_Quảng Bình,population_urban_lag2,0.03744526410460296
squeezed_Quảng Bình,population_urban_lag3,0.0064688982026272586
squeezed_Quảng Bình,population_urban_lag4,0.0033228763604542526
squeezed_Quảng Bình,population_urban_lag5,0.08904923511203028
squeezed_Quảng Bình,population_urban_lag6,0.003566872951539103
squeezed_Quảng Bình,population_urban_lag7,0.21248829810440842
squeezed_Quảng Bình,population_urban_lag8,0.0
squeezed_Quảng Bình,population_urban_lag9,0.0030509772783779755
squeezed_Quảng Bình,population_urban_lag10,0.010419233689084534
squeezed_Quảng Bình,population_urban_lag11,0.7568021206129539
squeezed_Quảng Bình,population_urban_lag12,0.042258681376848704
squeezed_Quảng Bình,population_countryside_lag1,0.005717425419425353
squeezed_Quảng Bình,population_countryside_lag2,0.019025208542425825
squeezed_Quảng Bình,population_countryside_lag3,0.006742911294326699
squeezed_Quảng Bình,population_countryside_lag4,0.017711381464065635
squeezed_Quảng Bình,population_countryside_lag5,0.0
squeezed_Quảng Bình,population_countryside_lag6,0.008224182547354745
squeezed_Quảng Bình,population_countryside_lag7,0.0038662018690689796
squeezed_Quảng Bình,population_countryside_lag8,0.0
squeezed_Quảng Bình,population_countryside_lag9,0.0
squeezed_Quảng Bình,population_countryside_lag10,0.0
squeezed_Quảng Bình,population_countryside_lag11,0.018317812368997072
squeezed_Quảng Bình,population_countryside_lag12,0.04804492462185536
squeezed_Quảng Bình,Dengue_fever_rates_lag1,0.3524499830189523
squeezed_Quảng Bình,Dengue_fever_rates_lag2,0.008914626459504459
squeezed_Quảng Bình,Dengue_fever_rates_lag3,0.048946322436395066
squeezed_Quảng Bình,Dengue_fever_rates_lag4,0.019627789978585653
squeezed_Quảng Bình,Dengue_fever_rates_lag5,0.004364272108533054
squeezed_Quảng Bình,Dengue_fever_rates_lag6,0.043816580548113694
squeezed_Quảng Bình,Dengue_fever_rates_lag7,0.014654194720005773
squeezed_Quảng Bình,Dengue_fever_rates_lag8,0.18927583758347566
squeezed_Quảng Bình,Dengue_fever_rates_lag9,0.08174283781708967
squeezed_Quảng Bình,Dengue_fever_rates_lag10,0.14074656050322898
squeezed_Quảng Bình,Dengue_fever_rates_lag11,0.3296754446083691
squeezed_Quảng Bình,Dengue_fever_rates_lag12,0.06643042234179208
squeezed_Quảng Bình,Influenza_rates_lag1,0.07995487007558712
squeezed_Quảng Bình,Influenza_rates_lag2,0.28669153963807054
squeezed_Quảng Bình,Influenza_rates_lag3,0.11598188836371888
squeezed_Quảng Bình,Influenza_rates_lag4,0.04772413700920927
squeezed_Quảng Bình,Influenza_rates_lag5,0.10741695465269806
squeezed_Quảng Bình,Influenza_rates_lag6,0.13703750338715284
squeezed_Quảng Bình,Influenza_rates_lag7,0.2649852633147986
squeezed_Quảng Bình,Influenza_rates_lag8,0.04790263245713101
squeezed_Quảng Bình,Influenza_rates_lag9,0.022826224824162838
squeezed_Quảng Bình,Influenza_rates_lag10,0.18298211889157867
squeezed_Quảng Bình,Influenza_rates_lag11,0.09542246355861961
squeezed_Quảng Bình,Influenza_rates_lag12,0.11238663744722216
squeezed_Quảng Bình,Diarrhoea_rates_rollmean_3,7.852580798622974
squeezed_Quảng Bình,Diarrhoea_rates_rollstd_3,0.1644845948187599
squeezed_Quảng Bình,Diarrhoea_rates_rollmean_6,2.2990446177859067
squeezed_Quảng Bình,Diarrhoea_rates_rollstd_6,0.06384689461876819
squeezed_Quảng Bình,month_sin,1.835734973876259
squeezed_Quảng Bình,month_cos,1.088997755000045
squeezed_Quảng Nam,Total_Evaporation,0.025867379052598515
squeezed_Quảng Nam,Total_Rainfall,0.7278406239261764
squeezed_Quảng Nam,Max_Daily_Rainfall,0.04976942080251114
squeezed_Quảng Nam,n_raining_days,0.2855691969448416
squeezed_Quảng Nam,Average_temperature,0.05264091812915895
squeezed_Quảng Nam,Max_Average_Temperature,0.27949762359382263
squeezed_Quảng Nam,Min_Average_Temperature,0.005771172652443201
squeezed_Quảng Nam,Max_Absolute_Temperature,0.0453756208916542
squeezed_Quảng Nam,Min_Absolute_Temperature,0.3696310342758278
squeezed_Quảng Nam,Average_Humidity,0.07257694376250008
squeezed_Quảng Nam,Min_Humidity,0.15453570721076873
squeezed_Quảng Nam,n_hours_sunshine,0.2549394096790712
squeezed_Quảng Nam,population_male,0.030224424094050354
squeezed_Quảng Nam,population_female,0.007881212520923248
squeezed_Quảng Nam,population_urban,0.14063074741189122
squeezed_Quảng Nam,population_countryside,0.04865724384019316
squeezed_Quảng Nam,Diarrhoea_rates,12.780852529482397
squeezed_Quảng Nam,Diarrhoea_rates_lag1,4.423378077680796
squeezed_Quảng Nam,Diarrhoea_rates_lag2,0.7289824626611119
squeezed_Quảng Nam,Diarrhoea_rates_lag3,0.21673153136001597
squeezed_Quảng Nam,Diarrhoea_rates_lag4,1.008653047858228
squeezed_Quảng Nam,Diarrhoea_rates_lag5,0.834438307740813
squeezed_Quảng Nam,Diarrhoea_rates_lag6,0.5676779420455397
squeezed_Quảng Nam,Diarrhoea_rates_lag7,0.18019193868753702
squeezed_Quảng Nam,Diarrhoea_rates_lag8,0.43469784522653626
squeezed_Quảng Nam,Diarrhoea_rates_lag9,0.26282594309580715
squeezed_Quảng Nam,Diarrhoea_rates_lag10,0.5027880543290343
squeezed_Quảng Nam,Diarrhoea_rates_lag11,0.8125165799471553
squeezed_Quảng Nam,Diarrhoea_rates_lag12,0.3173062007240465
squeezed_Quảng Nam,Total_Evaporation_lag1,0.007488910237632856
squeezed_Quảng Nam,Total_Evaporation_lag2,0.2391653193466785
squeezed_Quảng Nam,Total_Evaporation_lag3,0.11174339523156113
squeezed_Quảng Nam,Total_Evaporation_lag4,0.021399346618260404
squeezed_Quảng Nam,Total_Evaporation_lag5,0.06527261896234099
squeezed_Quảng Nam,Total_Evaporation_lag6,0.10731228551462813
squeezed_Quảng Nam,Total_Evaporation_lag7,0.027713069000859764
squeezed_Quảng Nam,Total_Evaporation_lag8,0.09203176910907222
squeezed_Quảng Nam,Total_Evaporation_lag9,0.035346900377667044
squeezed_Quảng Nam,Total_Evaporation_lag10,0.0
squeezed_Quảng Nam,Total_Evaporation_lag11,0.3260889453164091
squeezed_Quảng Nam,Total_Evaporation_lag12,0.060487022174436765
squeezed_Quảng Nam,Total_Rainfall_lag1,0.3772056935111428
squeezed_Quảng Nam,Total_Rainfall_lag2,0.8444679111016788
squeezed_Quảng Nam,Total_Rainfall_lag3,0.15612251129410787
squeezed_Quảng Nam,Total_Rainfall_lag4,0.10885272924903616
squeezed_Quảng Nam,Total_Rainfall_lag5,0.08409086257521609
squeezed_Quảng Nam,Total_Rainfall_lag6,0.037399422427724455
squeezed_Quảng Nam,Total_Rainfall_lag7,0.08135068925228739
squeezed_Quảng Nam,Total_Rainfall_lag8,0.32161954743475524
squeezed_Quảng Nam,Total_Rainfall_lag9,0.5103073660318147
squeezed_Quảng Nam,Total_Rainfall_lag10,0.4433513595073076
squeezed_Quảng Nam,Total_Rainfall_lag11,0.39785601661591596
squeezed_Quảng Nam,Total_Rainfall_lag12,0.11829535609247797
squeezed_Quảng Nam,Max_Daily_Rainfall_lag1,0.2080925785428812
squeezed_Quảng Nam,Max_Daily_Rainfall_lag2,0.06301992722485801
squeezed_Quảng Nam,Max_Daily_Rainfall_lag3,0.012687132664642276
squeezed_Quảng Nam,Max_Daily_Rainfall_lag4,0.034867295770712015
squeezed_Quảng Nam,Max_Daily_Rainfall_lag5,0.017299119486086516
squeezed_Quảng Nam,Max_Daily_Rainfall_lag6,0.1980972761804942
squeezed_Quảng Nam,Max_Daily_Rainfall_lag7,0.0774022146831355
squeezed_Quảng Nam,Max_Daily_Rainfall_lag8,0.9617783374640915
squeezed_Quảng Nam,Max_Daily_Rainfall_lag9,0.7397296925494207
squeezed_Quảng Nam,Max_Daily_Rainfall_lag10,0.062776814686952
squeezed_Quảng Nam,Max_Daily_Rainfall_lag11,0.9561451383131696
squeezed_Quảng Nam,Max_Daily_Rainfall_lag12,0.7877275484526985
squeezed_Quảng Nam,n_raining_days_lag1,0.024377643636022458
squeezed_Quảng Nam,n_raining_days_lag2,0.20071067833510722
squeezed_Quảng Nam,n_raining_days_lag3,0.017566510169045077
squeezed_Quảng Nam,n_raining_days_lag4,0.022186663209559945
squeezed_Quảng Nam,n_raining_days_lag5,0.04928401073662474
squeezed_Quảng Nam,n_raining_days_lag6,0.0057315449704160954
squeezed_Quảng Nam,n_raining_days_lag7,0.0
squeezed_Quảng Nam,n_raining_days_lag8,0.03375450119789084
squeezed_Quảng Nam,n_raining_days_lag9,0.12001498756378337
squeezed_Quảng Nam,n_raining_days_lag10,0.3474976866459663
squeezed_Quảng Nam,n_raining_days_lag11,0.008295758154703797
squeezed_Quảng Nam,n_raining_days_lag12,0.0850898018665402
squeezed_Quảng Nam,Average_temperature_lag1,0.049052937852658
squeezed_Quảng Nam,Average_temperature_lag2,0.0
squeezed_Quảng Nam,Average_temperature_lag3,0.09896277651648383
squeezed_Quảng Nam,Average_temperature_lag4,0.007397974133871352
squeezed_Quảng Nam,Average_temperature_lag5,0.02642588877819048
squeezed_Quảng Nam,Average_temperature_lag6,0.05157060851151776
squeezed_Quảng Nam,Average_temperature_lag7,0.07372505703549896
squeezed_Quảng Nam,Average_temperature_lag8,0.03941638479061658
squeezed_Quảng Nam,Average_temperature_lag9,0.020944263697575016
squeezed_Quảng Nam,Average_temperature_lag10,0.011567265217842926
squeezed_Quảng Nam,Average_temperature_lag11,0.021949396122793795
squeezed_Quảng Nam,Average_temperature_lag12,0.0167097475926733
squeezed_Quảng Nam,Max_Average_Temperature_lag1,0.22027011790119533
squeezed_Quảng Nam,Max_Average_Temperature_lag2,0.3184848674188525
squeezed_Quảng Nam,Max_Average_Temperature_lag3,0.15355756200511528
squeezed_Quảng Nam,Max_Average_Temperature_lag4,0.0037866732637464383
squeezed_Quảng Nam,Max_Average_Temperature_lag5,0.35761394214636405
squeezed_Quảng Nam,Max_Average_Temperature_lag6,0.024688856180865592
squeezed_Quảng Nam,Max_Average_Temperature_lag7,0.04143866046779921
squeezed_Quảng Nam,Max_Average_Temperature_lag8,0.6544660807660989
squeezed_Quảng Nam,Max_Average_Temperature_lag9,0.004180051937844149
squeezed_Quảng Nam,Max_Average_Temperature_lag10,0.08907273451330876
squeezed_Quảng Nam,Max_Average_Temperature_lag11,0.15751838407291435
squeezed_Quảng Nam,Max_Average_Temperature_lag12,0.3489209221024428
squeezed_Quảng Nam,Min_Average_Temperature_lag1,0.013916896566421309
squeezed_Quảng Nam,Min_Average_Temperature_lag2,0.05558766345314012
squeezed_Quảng Nam,Min_Average_Temperature_lag3,0.05613123524710494
squeezed_Quảng Nam,Min_Average_Temperature_lag4,0.19691317872016204
squeezed_Quảng Nam,Min_Average_Temperature_lag5,0.012716476722291661
squeezed_Quảng Nam,Min_Average_Temperature_lag6,0.032992133685538556
squeezed_Quảng Nam,Min_Average_Temperature_lag7,0.05859886717033603
squeezed_Quảng Nam,Min_Average_Temperature_lag8,0.008907789481916185
squeezed_Quảng Nam,Min_Average_Temperature_lag9,0.01120491072006056
squeezed_Quảng Nam,Min_Average_Temperature_lag10,0.00865745049360627
squeezed_Quảng Nam,Min_Average_Temperature_lag11,0.04847218780546723
squeezed_Quảng Nam,Min_Average_Temperature_lag12,0.05396240831710575
squeezed_Quảng Nam,Max_Absolute_Temperature_lag1,0.1449757785105264
squeezed_Quảng Nam,Max_Absolute_Temperature_lag2,0.06093926007269553
squeezed_Quảng Nam,Max_Absolute_Temperature_lag3,0.03196948959608407
squeezed_Quảng Nam,Max_Absolute_Temperature_lag4,0.11076611040344858
squeezed_Quảng Nam,Max_Absolute_Temperature_lag5,0.04770345100734134
squeezed_Quảng Nam,Max_Absolute_Temperature_lag6,0.016883215876807352
squeezed_Quảng Nam,Max_Absolute_Temperature_lag7,0.5665537427696367
squeezed_Quảng Nam,Max_Absolute_Temperature_lag8,0.019923969943234043
squeezed_Quảng Nam,Max_Absolute_Temperature_lag9,0.0021847433052768132
squeezed_Quảng Nam,Max_Absolute_Temperature_lag10,0.054238615886146625
squeezed_Quảng Nam,Max_Absolute_Temperature_lag11,0.1169391994879126
squeezed_Quảng Nam,Max_Absolute_Temperature_lag12,0.047623470882646714
squeezed_Quảng Nam,Min_Absolute_Temperature_lag1,0.05371315688404482
squeezed_Quảng Nam,Min_Absolute_Temperature_lag2,0.14573307518923406
squeezed_Quảng Nam,Min_Absolute_Temperature_lag3,0.16195234371200062
squeezed_Quảng Nam,Min_Absolute_Temperature_lag4,0.28203063112242327
squeezed_Quảng Nam,Min_Absolute_Temperature_lag5,0.028243758069415953
squeezed_Quảng Nam,Min_Absolute_Temperature_lag6,0.01487282089485814
squeezed_Quảng Nam,Min_Absolute_Temperature_lag7,0.014533152637495403
squeezed_Quảng Nam,Min_Absolute_Temperature_lag8,0.14364612448288275
squeezed_Quảng Nam,Min_Absolute_Temperature_lag9,0.002655885579965881
squeezed_Quảng Nam,Min_Absolute_Temperature_lag10,0.02034038832874489
squeezed_Quảng Nam,Min_Absolute_Temperature_lag11,0.012712461983401847
squeezed_Quảng Nam,Min_Absolute_Temperature_lag12,0.23411159117844374
squeezed_Quảng Nam,Average_Humidity_lag1,0.010941141265517389
squeezed_Quảng Nam,Average_Humidity_lag2,0.014652038153144474
squeezed_Quảng Nam,Average_Humidity_lag3,0.0013790772094379913
squeezed_Quảng Nam,Average_Humidity_lag4,0.04778137271569414
squeezed_Quảng Nam,Average_Humidity_lag5,0.10094927795420977
squeezed_Quảng Nam,Average_Humidity_lag6,0.015370597021943962
squeezed_Quảng Nam,Average_Humidity_lag7,0.09337783051218623
squeezed_Quảng Nam,Average_Humidity_lag8,0.07987643134268634
squeezed_Quảng Nam,Average_Humidity_lag9,0.26564156951484197
squeezed_Quảng Nam,Average_Humidity_lag10,0.08383084288249443
squeezed_Quảng Nam,Average_Humidity_lag11,0.08841198911881835
squeezed_Quảng Nam,Average_Humidity_lag12,0.12517428020781052
squeezed_Quảng Nam,Min_Humidity_lag1,0.29346070202331515
squeezed_Quảng Nam,Min_Humidity_lag2,0.10594403515116933
squeezed_Quảng Nam,Min_Humidity_lag3,0.07457190913683463
squeezed_Quảng Nam,Min_Humidity_lag4,0.022756517738905514
squeezed_Quảng Nam,Min_Humidity_lag5,0.04991537028013509
squeezed_Quảng Nam,Min_Humidity_lag6,0.007257041725389782
squeezed_Quảng Nam,Min_Humidity_lag7,0.20859510788941812
squeezed_Quảng Nam,Min_Humidity_lag8,0.03619164871045147
squeezed_Quảng Nam,Min_Humidity_lag9,0.011319911541547885
squeezed_Quảng Nam,Min_Humidity_lag10,0.017127086963575313
squeezed_Quảng Nam,Min_Humidity_lag11,0.11918040533169189
squeezed_Quảng Nam,Min_Humidity_lag12,0.06841276951585552
squeezed_Quảng Nam,n_hours_sunshine_lag1,0.05284604088719841
squeezed_Quảng Nam,n_hours_sunshine_lag2,0.12272648861310324
squeezed_Quảng Nam,n_hours_sunshine_lag3,0.025785174811973992
squeezed_Quảng Nam,n_hours_sunshine_lag4,0.4241926510396696
squeezed_Quảng Nam,n_hours_sunshine_lag5,0.02261290067790209
squeezed_Quảng Nam,n_hours_sunshine_lag6,0.11842375590129885
squeezed_Quảng Nam,n_hours_sunshine_lag7,0.02435454329759329
squeezed_Quảng Nam,n_hours_sunshine_lag8,0.04221372035237986
squeezed_Quảng Nam,n_hours_sunshine_lag9,0.01961913232903449
squeezed_Quảng Nam,n_hours_sunshine_lag10,0.036058506667395886
squeezed_Quảng Nam,n_hours_sunshine_lag11,0.03892110713779229
squeezed_Quảng Nam,n_hours_sunshine_lag12,0.07380318140293671
squeezed_Quảng Nam,population_male_lag1,0.0
squeezed_Quảng Nam,population_male_lag2,0.05081459709475416
squeezed_Quảng Nam,population_male_lag3,0.00706935535561153
squeezed_Quảng Nam,population_male_lag4,0.2740678589083559
squeezed_Quảng Nam,population_male_lag5,0.0
squeezed_Quảng Nam,population_male_lag6,0.0009476386983460105
squeezed_Quảng Nam,population_male_lag7,0.006974314962583965
squeezed_Quảng Nam,population_male_lag8,0.0
squeezed_Quảng Nam,population_male_lag9,0.0
squeezed_Quảng Nam,population_male_lag10,0.30691223674417323
squeezed_Quảng Nam,population_male_lag11,0.0
squeezed_Quảng Nam,population_male_lag12,0.012178453256806351
squeezed_Quảng Nam,population_female_lag1,0.0
squeezed_Quảng Nam,population_female_lag2,0.004923573909351376
squeezed_Quảng Nam,population_female_lag3,0.0
squeezed_Quảng Nam,population_female_lag4,0.0
squeezed_Quảng Nam,population_female_lag5,0.009348191164556022
squeezed_Quảng Nam,population_female_lag6,0.06907729367076154
squeezed_Quảng Nam,population_female_lag7,0.0
squeezed_Quảng Nam,population_female_lag8,0.0
squeezed_Quảng Nam,population_female_lag9,0.004036023437930941
squeezed_Quảng Nam,population_female_lag10,0.03663126294652647
squeezed_Quảng Nam,population_female_lag11,0.0
squeezed_Quảng Nam,population_female_lag12,0.0
squeezed_Quảng Nam,population_urban_lag1,0.14695097356203338
squeezed_Quảng Nam,population_urban_lag2,0.03238567889910255
squeezed_Quảng Nam,population_urban_lag3,0.007943249785044284
squeezed_Quảng Nam,population_urban_lag4,0.0033228763604542526
squeezed_Quảng Nam,population_urban_lag5,0.09681067288159574
squeezed_Quảng Nam,population_urban_lag6,0.0031158731703725077
squeezed_Quảng Nam,population_urban_lag7,0.21877135729790656
squeezed_Quảng Nam,population_urban_lag8,0.0
squeezed_Quảng Nam,population_urban_lag9,0.0030509772783779755
squeezed_Quảng Nam,population_urban_lag10,0.00644120692164421
squeezed_Quảng Nam,population_urban_lag11,0.7370951027853242
squeezed_Quảng Nam,population_urban_lag12,0.04037368202068536
squeezed_Quảng Nam,population_countryside_lag1,0.005717425419425353
squeezed_Quảng Nam,population_countryside_lag2,0.01769870130988326
squeezed_Quảng Nam,population_countryside_lag3,0.005381539059156305
squeezed_Quảng Nam,population_countryside_lag4,0.015288470966147034
squeezed_Quảng Nam,population_countryside_lag5,0.0
squeezed_Quảng Nam,population_countryside_lag6,0.008373806503388722
squeezed_Quảng Nam,population_countryside_lag7,0.011178877899209037
squeezed_Quảng Nam,population_countryside_lag8,0.0
squeezed_Quảng Nam,population_countryside_lag9,0.0
squeezed_Quảng Nam,population_countryside_lag10,0.0
squeezed_Quảng Nam,population_countryside_lag11,0.025031573682707295
squeezed_Quảng Nam,population_countryside_lag12,0.1863554167137158
squeezed_Quảng Nam,Dengue_fever_rates_lag1,0.5797077860144747
squeezed_Quảng Nam,Dengue_fever_rates_lag2,0.2036667959507781
squeezed_Quảng Nam,Dengue_fever_rates_lag3,0.08606718082844711
squeezed_Quảng Nam,Dengue_fever_rates_lag4,0.015929892676111904
squeezed_Quảng Nam,Dengue_fever_rates_lag5,0.005586268298922308
squeezed_Quảng Nam,Dengue_fever_rates_lag6,0.06654615099517076
squeezed_Quảng Nam,Dengue_fever_rates_lag7,0.01439329001394663
squeezed_Quảng Nam,Dengue_fever_rates_lag8,0.3201369025245521
squeezed_Quảng Nam,Dengue_fever_rates_lag9,0.06839550064811149
squeezed_Quảng Nam,Dengue_fever_rates_lag10,0.07179341225764978
squeezed_Quảng Nam,Dengue_fever_rates_lag11,0.19080331863223987
squeezed_Quảng Nam,Dengue_fever_rates_lag12,0.04407241923251421
squeezed_Quảng Nam,Influenza_rates_lag1,0.10407965513967178
squeezed_Quảng Nam,Influenza_rates_lag2,0.3074121870417906
squeezed_Quảng Nam,Influenza_rates_lag3,0.11840030174250038
squeezed_Quảng Nam,Influenza_rates_lag4,0.03788114977111612
squeezed_Quảng Nam,Influenza_rates_lag5,0.10828656948012666
squeezed_Quảng Nam,Influenza_rates_lag6,0.10160191967870393
squeezed_Quảng Nam,Influenza_rates_lag7,0.18176580369652084
squeezed_Quảng Nam,Influenza_rates_lag8,0.06479007957343351
squeezed_Quảng Nam,Influenza_rates_lag9,0.023231724102248857
squeezed_Quảng Nam,Influenza_rates_lag10,0.2271885235758193
squeezed_Quảng Nam,Influenza_rates_lag11,0.16835951213964864
squeezed_Quảng Nam,Influenza_rates_lag12,0.17051099011064394
squeezed_Quảng Nam,Diarrhoea_rates_rollmean_3,4.58429417320511
squeezed_Quảng Nam,Diarrhoea_rates_rollstd_3,0.10983601371043676
squeezed_Quảng Nam,Diarrhoea_rates_rollmean_6,2.0493108282438435
squeezed_Quảng Nam,Diarrhoea_rates_rollstd_6,0.03834438050949032
squeezed_Quảng Nam,month_sin,1.9796790287677875
squeezed_Quảng Nam,month_cos,1.0489911784964148
squeezed_Quảng Ngãi,Total_Evaporation,0.026132390625549323
squeezed_Quảng Ngãi,Total_Rainfall,0.694312990495911
squeezed_Quảng Ngãi,Max_Daily_Rainfall,0.057352690640152935
squeezed_Quảng Ngãi,n_raining_days,0.17149960529186678
squeezed_Quảng Ngãi,Average_temperature,0.043890015537722475
squeezed_Quảng Ngãi,Max_Average_Temperature,0.3045666378268734
squeezed_Quảng Ngãi,Min_Average_Temperature,0.010947083529485152
squeezed_Quảng Ngãi,Max_Absolute_Temperature,0.029475011281681677
squeezed_Quảng Ngãi,Min_Absolute_Temperature,0.434839702649652
squeezed_Quảng Ngãi,Average_Humidity,0.07080610064149324
squeezed_Quảng Ngãi,Min_Humidity,0.12695333306344936
squeezed_Quảng Ngãi,n_hours_sunshine,0.2805120663995599
squeezed_Quảng Ngãi,population_male,0.03818566242969829
squeezed_Quảng Ngãi,population_female,0.00736291424647079
squeezed_Quảng Ngãi,population_urban,0.1284546196365889
squeezed_Quảng Ngãi,population_countryside,0.05694068588197565
squeezed_Quảng Ngãi,Diarrhoea_rates,27.487031937140745
squeezed_Quảng Ngãi,Diarrhoea_rates_lag1,7.3939669710156295
squeezed_Quảng Ngãi,Diarrhoea_rates_lag2,0.8954971878640493
squeezed_Quảng Ngãi,Diarrhoea_rates_lag3,0.12142319846793975
squeezed_Quảng Ngãi,Diarrhoea_rates_lag4,1.2337506124149085
squeezed_Quảng Ngãi,Diarrhoea_rates_lag5,0.701922929873051
squeezed_Quảng Ngãi,Diarrhoea_rates_lag6,1.3621649446129507
squeezed_Quảng Ngãi,Diarrhoea_rates_lag7,0.19234481891996802
squeezed_Quảng Ngãi,Diarrhoea_rates_lag8,0.43846043872379514
squeezed_Quảng Ngãi,Diarrhoea_rates_lag9,0.13713880196321068
squeezed_Quảng Ngãi,Diarrhoea_rates_lag10,0.7732328201521946
squeezed_Quảng Ngãi,Diarrhoea_rates_lag11,1.3261444530384117
squeezed_Quảng Ngãi,Diarrhoea_rates_lag12,0.4861117057164292
squeezed_Quảng Ngãi,Total_Evaporation_lag1,0.016327775678556807
squeezed_Quảng Ngãi,Total_Evaporation_lag2,0.24578423007449143
squeezed_Quảng Ngãi,Total_Evaporation_lag3,0.0437261800285872
squeezed_Quảng Ngãi,Total_Evaporation_lag4,0.04432801894623958
squeezed_Quảng Ngãi,Total_Evaporation_lag5,0.045915450217070865
squeezed_Quảng Ngãi,Total_Evaporation_lag6,0.047438557965305245
squeezed_Quảng Ngãi,Total_Evaporation_lag7,0.023322740974753092
squeezed_Quảng Ngãi,Total_Evaporation_lag8,0.07434597796206564
squeezed_Quảng Ngãi,Total_Evaporation_lag9,0.02110130119051837
squeezed_Quảng Ngãi,Total_Evaporation_lag10,0.0
squeezed_Quảng Ngãi,Total_Evaporation_lag11,0.22194630989246736
squeezed_Quảng Ngãi,Total_Evaporation_lag12,0.059910674518884745
squeezed_Quảng Ngãi,Total_Rainfall_lag1,0.44136516662907965
squeezed_Quảng Ngãi,Total_Rainfall_lag2,0.5383435041385719
squeezed_Quảng Ngãi,Total_Rainfall_lag3,0.10308317141010243
squeezed_Quảng Ngãi,Total_Rainfall_lag4,0.11530773923237904
squeezed_Quảng Ngãi,Total_Rainfall_lag5,0.0185423232416965
squeezed_Quảng Ngãi,Total_Rainfall_lag6,0.04006286317590063
squeezed_Quảng Ngãi,Total_Rainfall_lag7,0.06467919446741255
squeezed_Quảng Ngãi,Total_Rainfall_lag8,0.30245722539334435
squeezed_Quảng Ngãi,Total_Rainfall_lag9,0.36887242681338067
squeezed_Quảng Ngãi,Total_Rainfall_lag10,0.3131695910322881
squeezed_Quảng Ngãi,Total_Rainfall_lag11,0.3366104365275086
squeezed_Quảng Ngãi,Total_Rainfall_lag12,0.09741436500812918
squeezed_Quảng Ngãi,Max_Daily_Rainfall_lag1,0.1664829646097138
squeezed_Quảng Ngãi,Max_Daily_Rainfall_lag2,0.06825766699645448
squeezed_Quảng Ngãi,Max_Daily_Rainfall_lag3,0.014216146557798603
squeezed_Quảng Ngãi,Max_Daily_Rainfall_lag4,0.040682773001930246
squeezed_Quảng Ngãi,Max_Daily_Rainfall_lag5,0.008737572469138236
squeezed_Quảng Ngãi,Max_Daily_Rainfall_lag6,0.08280064010812699
squeezed_Quảng Ngãi,Max_Daily_Rainfall_lag7,0.15675386583264064
squeezed_Quảng Ngãi,Max_Daily_Rainfall_lag8,0.5781504886520726
squeezed_Quảng Ngãi,Max_Daily_Rainfall_lag9,0.4232614547168396
squeezed_Quảng Ngãi,Max_Daily_Rainfall_lag10,0.17686878127826147
squeezed_Quảng Ngãi,Max_Daily_Rainfall_lag11,0.35469760481499857
squeezed_Quảng Ngãi,Max_Daily_Rainfall_lag12,0.5285537966273662
squeezed_Quảng Ngãi,n_raining_days_lag1,0.027968155832674257
squeezed_Quảng Ngãi,n_raining_days_lag2,0.14028406003383856
squeezed_Quảng Ngãi,n_raining_days_lag3,0.025460986282708625
squeezed_Quảng Ngãi,n_raining_days_lag4,0.03958211606646928
squeezed_Quảng Ngãi,n_raining_days_lag5,0.008839564801865605
squeezed_Quảng Ngãi,n_raining_days_lag6,0.005265784707785156
squeezed_Quảng Ngãi,n_raining_days_lag7,0.0
squeezed_Quảng Ngãi,n_raining_days_lag8,0.0512849306993716
squeezed_Quảng Ngãi,n_raining_days_lag9,0.13772487544614825
squeezed_Quảng Ngãi,n_raining_days_lag10,0.3131852015151645
squeezed_Quảng Ngãi,n_raining_days_lag11,0.008378573740032924
squeezed_Quảng Ngãi,n_raining_days_lag12,0.10526677164112624
squeezed_Quảng Ngãi,Average_temperature_lag1,0.16096776452082148
squeezed_Quảng Ngãi,Average_temperature_lag2,0.0
squeezed_Quảng Ngãi,Average_temperature_lag3,0.09518038604429908
squeezed_Quảng Ngãi,Average_temperature_lag4,0.005857242796164415
squeezed_Quảng Ngãi,Average_temperature_lag5,0.022558371189761648
squeezed_Quảng Ngãi,Average_temperature_lag6,0.05833832881451431
squeezed_Quảng Ngãi,Average_temperature_lag7,0.10061229911546095
squeezed_Quảng Ngãi,Average_temperature_lag8,0.06783936052991524
squeezed_Quảng Ngãi,Average_temperature_lag9,0.07220693334424153
squeezed_Quảng Ngãi,Average_temperature_lag10,0.013091309935624296
squeezed_Quảng Ngãi,Average_temperature_lag11,0.0425953744334206
squeezed_Quảng Ngãi,Average_temperature_lag12,0.012453173313513475
squeezed_Quảng Ngãi,Max_Average_Temperature_lag1,1.18456229959406
squeezed_Quảng Ngãi,Max_Average_Temperature_lag2,0.2741277406764649
squeezed_Quảng Ngãi,Max_Average_Temperature_lag3,0.16214127695559935
squeezed_Quảng Ngãi,Max_Average_Temperature_lag4,0.004814988423034538
squeezed_Quảng Ngãi,Max_Average_Temperature_lag5,0.40082398261398683
squeezed_Quảng Ngãi,Max_Average_Temperature_lag6,0.02492246760956283
squeezed_Quảng Ngãi,Max_Average_Temperature_lag7,0.05295046181784832
squeezed_Quảng Ngãi,Max_Average_Temperature_lag8,0.3612455217706076
squeezed_Quảng Ngãi,Max_Average_Temperature_lag9,0.007561815808066859
squeezed_Quảng Ngãi,Max_Average_Temperature_lag10,0.16469828262220407
squeezed_Quảng Ngãi,Max_Average_Temperature_lag11,0.15360257007448305
squeezed_Quảng Ngãi,Max_Average_Temperature_lag12,0.391615469472729
squeezed_Quảng Ngãi,Min_Average_Temperature_lag1,0.013916896566421309
squeezed_Quảng Ngãi,Min_Average_Temperature_lag2,0.04283248470773187
squeezed_Quảng Ngãi,Min_Average_Temperature_lag3,0.09346413743757294
squeezed_Quảng Ngãi,Min_Average_Temperature_lag4,0.18285485202711727
squeezed_Quảng Ngãi,Min_Average_Temperature_lag5,0.012719510244969976
squeezed_Quảng Ngãi,Min_Average_Temperature_lag6,0.0848629235059052
squeezed_Quảng Ngãi,Min_Average_Temperature_lag7,0.07549172941503911
squeezed_Quảng Ngãi,Min_Average_Temperature_lag8,0.008952783701622108
squeezed_Quảng Ngãi,Min_Average_Temperature_lag9,0.011932532415510316
squeezed_Quảng Ngãi,Min_Average_Temperature_lag10,0.02521253106491253
squeezed_Quảng Ngãi,Min_Average_Temperature_lag11,0.05510985141870148
squeezed_Quảng Ngãi,Min_Average_Temperature_lag12,0.08770340276493971
squeezed_Quảng Ngãi,Max_Absolute_Temperature_lag1,0.11966360716737406
squeezed_Quảng Ngãi,Max_Absolute_Temperature_lag2,0.07520463933896245
squeezed_Quảng Ngãi,Max_Absolute_Temperature_lag3,0.035945737743011616
squeezed_Quảng Ngãi,Max_Absolute_Temperature_lag4,0.09911873605279282
squeezed_Quảng Ngãi,Max_Absolute_Temperature_lag5,0.05194847473167338
squeezed_Quảng Ngãi,Max_Absolute_Temperature_lag6,0.01583328792411356
squeezed_Quảng Ngãi,Max_Absolute_Temperature_lag7,0.3717827718608501
squeezed_Quảng Ngãi,Max_Absolute_Temperature_lag8,0.016438745432661505
squeezed_Quảng Ngãi,Max_Absolute_Temperature_lag9,0.0017722053789009148
squeezed_Quảng Ngãi,Max_Absolute_Temperature_lag10,0.05592451374459547
squeezed_Quảng Ngãi,Max_Absolute_Temperature_lag11,0.09339209130557789
squeezed_Quảng Ngãi,Max_Absolute_Temperature_lag12,0.05444078453409027
squeezed_Quảng Ngãi,Min_Absolute_Temperature_lag1,0.05783371920689321
squeezed_Quảng Ngãi,Min_Absolute_Temperature_lag2,0.1847220277218241
squeezed_Quảng Ngãi,Min_Absolute_Temperature_lag3,0.09092978497436537
squeezed_Quảng Ngãi,Min_Absolute_Temperature_lag4,0.2872146296813834
squeezed_Quảng Ngãi,Min_Absolute_Temperature_lag5,0.047724032623267236
squeezed_Quảng Ngãi,Min_Absolute_Temperature_lag6,0.014783754266813443
squeezed_Quảng Ngãi,Min_Absolute_Temperature_lag7,0.01463029417871718
squeezed_Quảng Ngãi,Min_Absolute_Temperature_lag8,0.14308235001948438
squeezed_Quảng Ngãi,Min_Absolute_Temperature_lag9,0.027898620804283878
squeezed_Quảng Ngãi,Min_Absolute_Temperature_lag10,0.01569680841220047
squeezed_Quảng Ngãi,Min_Absolute_Temperature_lag11,0.009586171447869385
squeezed_Quảng Ngãi,Min_Absolute_Temperature_lag12,0.23277677680850062
squeezed_Quảng Ngãi,Average_Humidity_lag1,0.013130074796960723
squeezed_Quảng Ngãi,Average_Humidity_lag2,0.12240262195467128
squeezed_Quảng Ngãi,Average_Humidity_lag3,0.0007646961513863726
squeezed_Quảng Ngãi,Average_Humidity_lag4,0.07307628940137927
squeezed_Quảng Ngãi,Average_Humidity_lag5,0.08341825848934716
squeezed_Quảng Ngãi,Average_Humidity_lag6,0.007834294666715253
squeezed_Quảng Ngãi,Average_Humidity_lag7,0.10467349585090509
squeezed_Quảng Ngãi,Average_Humidity_lag8,0.1035880617185795
squeezed_Quảng Ngãi,Average_Humidity_lag9,0.0640239887234957
squeezed_Quảng Ngãi,Average_Humidity_lag10,0.03783947175849472
squeezed_Quảng Ngãi,Average_Humidity_lag11,0.09345344369271659
squeezed_Quảng Ngãi,Average_Humidity_lag12,0.36731880844476034
squeezed_Quảng Ngãi,Min_Humidity_lag1,0.013652850253637083
squeezed_Quảng Ngãi,Min_Humidity_lag2,0.13411872234580405
squeezed_Quảng Ngãi,Min_Humidity_lag3,0.0497110377690407
squeezed_Quảng Ngãi,Min_Humidity_lag4,0.01579408781971551
squeezed_Quảng Ngãi,Min_Humidity_lag5,0.03544501829133006
squeezed_Quảng Ngãi,Min_Humidity_lag6,0.008410950680776389
squeezed_Quảng Ngãi,Min_Humidity_lag7,0.11580272221636799
squeezed_Quảng Ngãi,Min_Humidity_lag8,0.034435896072591995
squeezed_Quảng Ngãi,Min_Humidity_lag9,0.016891954325723223
squeezed_Quảng Ngãi,Min_Humidity_lag10,0.011472693382653845
squeezed_Quảng Ngãi,Min_Humidity_lag11,0.060508880155649335
squeezed_Quảng Ngãi,Min_Humidity_lag12,0.033424350242153456
squeezed_Quảng Ngãi,n_hours_sunshine_lag1,0.048620695880661036
squeezed_Quảng Ngãi,n_hours_sunshine_lag2,0.12712221703081927
squeezed_Quảng Ngãi,n_hours_sunshine_lag3,0.02378650011578429
squeezed_Quảng Ngãi,n_hours_sunshine_lag4,0.23344615954255332
squeezed_Quảng Ngãi,n_hours_sunshine_lag5,0.02624651888321315
squeezed_Quảng Ngãi,n_hours_sunshine_lag6,0.11511636707175454
squeezed_Quảng Ngãi,n_hours_sunshine_lag7,0.06769211531762069
squeezed_Quảng Ngãi,n_hours_sunshine_lag8,0.03155206129393328
squeezed_Quảng Ngãi,n_hours_sunshine_lag9,0.03498781216396547
squeezed_Quảng Ngãi,n_hours_sunshine_lag10,0.027058628185123796
squeezed_Quảng Ngãi,n_hours_sunshine_lag11,0.04386103967419782
squeezed_Quảng Ngãi,n_hours_sunshine_lag12,0.08749899800442275
squeezed_Quảng Ngãi,population_male_lag1,0.0
squeezed_Quảng Ngãi,population_male_lag2,0.05159864191397175
squeezed_Quảng Ngãi,population_male_lag3,0.0063541814352741114
squeezed_Quảng Ngãi,population_male_lag4,0.2740678589083559
squeezed_Quảng Ngãi,population_male_lag5,0.0
squeezed_Quảng Ngãi,population_male_lag6,0.0009631776898160084
squeezed_Quảng Ngãi,population_male_lag7,0.015593370550320946
squeezed_Quảng Ngãi,population_male_lag8,0.0
squeezed_Quảng Ngãi,population_male_lag9,0.0
squeezed_Quảng Ngãi,population_male_lag10,0.3068781874944133
squeezed_Quảng Ngãi,population_male_lag11,0.0
squeezed_Quảng Ngãi,population_male_lag12,0.012845223775770092
squeezed_Quảng Ngãi,population_female_lag1,0.0
squeezed_Quảng Ngãi,population_female_lag2,0.005143192044302671
squeezed_Quảng Ngãi,population_female_lag3,0.0
squeezed_Quảng Ngãi,population_female_lag4,0.0
squeezed_Quảng Ngãi,population_female_lag5,0.009226868250358946
squeezed_Quảng Ngãi,population_female_lag6,0.07800655933216795
squeezed_Quảng Ngãi,population_female_lag7,0.0
squeezed_Quảng Ngãi,population_female_lag8,0.0
squeezed_Quảng Ngãi,population_female_lag9,0.002894892070119556
squeezed_Quảng Ngãi,population_female_lag10,0.030723151274219086
squeezed_Quảng Ngãi,population_female_lag11,0.0
squeezed_Quảng Ngãi,population_female_lag12,0.0
squeezed_Quảng Ngãi,population_urban_lag1,0.13926590251195972
squeezed_Quảng Ngãi,population_urban_lag2,0.032165991711942135
squeezed_Quảng Ngãi,population_urban_lag3,0.005740927006972517
squeezed_Quảng Ngãi,population_urban_lag4,0.0033228763604542526
squeezed_Quảng Ngãi,population_urban_lag5,0.09656541087189265
squeezed_Quảng Ngãi,population_urban_lag6,0.0035668729515391027
squeezed_Quảng Ngãi,population_urban_lag7,0.21245611141807266
squeezed_Quảng Ngãi,population_urban_lag8,0.0
squeezed_Quảng Ngãi,population_urban_lag9,0.0030509772783779755
squeezed_Quảng Ngãi,population_urban_lag10,0.00464929324676282
squeezed_Quảng Ngãi,population_urban_lag11,0.7549593242098639
squeezed_Quảng Ngãi,population_urban_lag12,0.042241564283197246
squeezed_Quảng Ngãi,population_countryside_lag1,0.005717425419425353
squeezed_Quảng Ngãi,population_countryside_lag2,0.023428916269973007
squeezed_Quảng Ngãi,population_countryside_lag3,0.009637798631058904
squeezed_Quảng Ngãi,population_countryside_lag4,0.0204471066196175
squeezed_Quảng Ngãi,population_countryside_lag5,0.0
squeezed_Quảng Ngãi,population_countryside_lag6,0.008373806503388722
squeezed_Quảng Ngãi,population_countryside_lag7,0.01266236365520247
squeezed_Quảng Ngãi,population_countryside_lag8,0.0
squeezed_Quảng Ngãi,population_countryside_lag9,0.0
squeezed_Quảng Ngãi,population_countryside_lag10,0.0
squeezed_Quảng Ngãi,population_countryside_lag11,0.018751260948252416
squeezed_Quảng Ngãi,population_countryside_lag12,0.07020086239952612
squeezed_Quảng Ngãi,Dengue_fever_rates_lag1,0.5831709908707565
squeezed_Quảng Ngãi,Dengue_fever_rates_lag2,0.01760681431858457
squeezed_Quảng Ngãi,Dengue_fever_rates_lag3,0.07557183009588718
squeezed_Quảng Ngãi,Dengue_fever_rates_lag4,0.013901831811608095
squeezed_Quảng Ngãi,Dengue_fever_rates_lag5,0.005586268298922308
squeezed_Quảng Ngãi,Dengue_fever_rates_lag6,0.0611803836380517
squeezed_Quảng Ngãi,Dengue_fever_rates_lag7,0.030191412454644313
squeezed_Quảng Ngãi,Dengue_fever_rates_lag8,0.22215180643667007
squeezed_Quảng Ngãi,Dengue_fever_rates_lag9,0.03494602815606781
squeezed_Quảng Ngãi,Dengue_fever_rates_lag10,0.03944455997343086
squeezed_Quảng Ngãi,Dengue_fever_rates_lag11,0.23067842056802149
squeezed_Quảng Ngãi,Dengue_fever_rates_lag12,0.06565209086845149
squeezed_Quảng Ngãi,Influenza_rates_lag1,0.08435609112484797
squeezed_Quảng Ngãi,Influenza_rates_lag2,0.2977861061599243
squeezed_Quảng Ngãi,Influenza_rates_lag3,0.11255675739665683
squeezed_Quảng Ngãi,Influenza_rates_lag4,0.23317145712688012
squeezed_Quảng Ngãi,Influenza_rates_lag5,0.11152294148418844
squeezed_Quảng Ngãi,Influenza_rates_lag6,0.19787840784991237
squeezed_Quảng Ngãi,Influenza_rates_lag7,0.25857612758759685
squeezed_Quảng Ngãi,Influenza_rates_lag8,0.036034046128286513
squeezed_Quảng Ngãi,Influenza_rates_lag9,0.01904036402525055
squeezed_Quảng Ngãi,Influenza_rates_lag10,0.3720984071089217
squeezed_Quảng Ngãi,Influenza_rates_lag11,0.18802076355499706
squeezed_Quảng Ngãi,Influenza_rates_lag12,0.06676632868386571
squeezed_Quảng Ngãi,Diarrhoea_rates_rollmean_3,6.983607156074025
squeezed_Quảng Ngãi,Diarrhoea_rates_rollstd_3,0.15499734030043122
squeezed_Quảng Ngãi,Diarrhoea_rates_rollmean_6,2.3083397482514285
squeezed_Quảng Ngãi,Diarrhoea_rates_rollstd_6,0.04978045923121165
squeezed_Quảng Ngãi,month_sin,1.4666561369153184
squeezed_Quảng Ngãi,month_cos,0.7997533727043326
squeezed_Quảng Ninh,Total_Evaporation,0.033734923489584845
squeezed_Quảng Ninh,Total_Rainfall,0.04869951692529196
squeezed_Quảng Ninh,Max_Daily_Rainfall,0.06027257822206874
squeezed_Quảng Ninh,n_raining_days,0.18775148230731697
squeezed_Quảng Ninh,Average_temperature,0.06382592865108105
squeezed_Quảng Ninh,Max_Average_Temperature,0.06585158954742074
squeezed_Quảng Ninh,Min_Average_Temperature,0.008612811897536522
squeezed_Quảng Ninh,Max_Absolute_Temperature,0.08860081288105555
squeezed_Quảng Ninh,Min_Absolute_Temperature,0.5622941333525692
squeezed_Quảng Ninh,Average_Humidity,0.03750518444096462
squeezed_Quảng Ninh,Min_Humidity,0.09850031698952495
squeezed_Quảng Ninh,n_hours_sunshine,0.12200071999923552
squeezed_Quảng Ninh,population_male,0.03282989360102679
squeezed_Quảng Ninh,population_female,0.007466573901361281
squeezed_Quảng Ninh,population_urban,0.12906739424845845
squeezed_Quảng Ninh,population_countryside,0.006537636301826504
squeezed_Quảng Ninh,Diarrhoea_rates,41.5130060935024
squeezed_Quảng Ninh,Diarrhoea_rates_lag1,12.852246190983044
squeezed_Quảng Ninh,Diarrhoea_rates_lag2,1.661679144359194
squeezed_Quảng Ninh,Diarrhoea_rates_lag3,0.13342916463877386
squeezed_Quảng Ninh,Diarrhoea_rates_lag4,2.108492343410107
squeezed_Quảng Ninh,Diarrhoea_rates_lag5,0.8074380586106958
squeezed_Quảng Ninh,Diarrhoea_rates_lag6,1.396818577604346
squeezed_Quảng Ninh,Diarrhoea_rates_lag7,0.1923855167103322
squeezed_Quảng Ninh,Diarrhoea_rates_lag8,0.3567247903320818
squeezed_Quảng Ninh,Diarrhoea_rates_lag9,0.1709370214861161
squeezed_Quảng Ninh,Diarrhoea_rates_lag10,0.5877367414789434
squeezed_Quảng Ninh,Diarrhoea_rates_lag11,1.3147125813963858
squeezed_Quảng Ninh,Diarrhoea_rates_lag12,0.8830973459145245
squeezed_Quảng Ninh,Total_Evaporation_lag1,0.019347412490217163
squeezed_Quảng Ninh,Total_Evaporation_lag2,0.24198314352950243
squeezed_Quảng Ninh,Total_Evaporation_lag3,0.04588720365358936
squeezed_Quảng Ninh,Total_Evaporation_lag4,0.009495572598278537
squeezed_Quảng Ninh,Total_Evaporation_lag5,0.020559719285508177
squeezed_Quảng Ninh,Total_Evaporation_lag6,0.017936525705277154
squeezed_Quảng Ninh,Total_Evaporation_lag7,0.0173097507367962
squeezed_Quảng Ninh,Total_Evaporation_lag8,0.08972083461527956
squeezed_Quảng Ninh,Total_Evaporation_lag9,0.019632679399995034
squeezed_Quảng Ninh,Total_Evaporation_lag10,0.0
squeezed_Quảng Ninh,Total_Evaporation_lag11,0.1995247636869808
squeezed_Quảng Ninh,Total_Evaporation_lag12,0.07708043419925267
squeezed_Quảng Ninh,Total_Rainfall_lag1,0.5928027556383934
squeezed_Quảng Ninh,Total_Rainfall_lag2,0.6604718390726696
squeezed_Quảng Ninh,Total_Rainfall_lag3,0.17932515995257495
squeezed_Quảng Ninh,Total_Rainfall_lag4,0.11064277097100474
squeezed_Quảng Ninh,Total_Rainfall_lag5,0.01721402105978537
squeezed_Quảng Ninh,Total_Rainfall_lag6,0.08487887869046908
squeezed_Quảng Ninh,Total_Rainfall_lag7,0.08234387176414726
squeezed_Quảng Ninh,Total_Rainfall_lag8,0.06969186293023873
squeezed_Quảng Ninh,Total_Rainfall_lag9,0.12587371040625076
squeezed_Quảng Ninh,Total_Rainfall_lag10,0.34437528076517837
squeezed_Quảng Ninh,Total_Rainfall_lag11,0.15885133069273757
squeezed_Quảng Ninh,Total_Rainfall_lag12,0.11303474924984976
squeezed_Quảng Ninh,Max_Daily_Rainfall_lag1,0.15357749122707884
squeezed_Quảng Ninh,Max_Daily_Rainfall_lag2,0.08779305760920163
squeezed_Quảng Ninh,Max_Daily_Rainfall_lag3,0.016331314097462704
squeezed_Quảng Ninh,Max_Daily_Rainfall_lag4,0.04155290484432717
squeezed_Quảng Ninh,Max_Daily_Rainfall_lag5,0.040762250552489596
squeezed_Quảng Ninh,Max_Daily_Rainfall_lag6,0.11732359297438265
squeezed_Quảng Ninh,Max_Daily_Rainfall_lag7,0.033990710301036585
squeezed_Quảng Ninh,Max_Daily_Rainfall_lag8,0.2177620261083524
squeezed_Quảng Ninh,Max_Daily_Rainfall_lag9,0.43930063545666614
squeezed_Quảng Ninh,Max_Daily_Rainfall_lag10,0.03459233574278712
squeezed_Quảng Ninh,Max_Daily_Rainfall_lag11,0.30873018442559
squeezed_Quảng Ninh,Max_Daily_Rainfall_lag12,0.2927112433011631
squeezed_Quảng Ninh,n_raining_days_lag1,0.0037149533506608216
squeezed_Quảng Ninh,n_raining_days_lag2,0.1527621647961312
squeezed_Quảng Ninh,n_raining_days_lag3,0.023674988003759834
squeezed_Quảng Ninh,n_raining_days_lag4,0.010961749951476139
squeezed_Quảng Ninh,n_raining_days_lag5,0.005978190642609391
squeezed_Quảng Ninh,n_raining_days_lag6,0.005837785199184682
squeezed_Quảng Ninh,n_raining_days_lag7,0.0
squeezed_Quảng Ninh,n_raining_days_lag8,0.019141678414273233
squeezed_Quảng Ninh,n_raining_days_lag9,0.10555619118524823
squeezed_Quảng Ninh,n_raining_days_lag10,0.1008916264870378
squeezed_Quảng Ninh,n_raining_days_lag11,0.007501903221785654
squeezed_Quảng Ninh,n_raining_days_lag12,0.04424278138143973
squeezed_Quảng Ninh,Average_temperature_lag1,0.03518776282767925
squeezed_Quảng Ninh,Average_temperature_lag2,0.0
squeezed_Quảng Ninh,Average_temperature_lag3,0.16334637598227444
squeezed_Quảng Ninh,Average_temperature_lag4,0.03826277138485407
squeezed_Quảng Ninh,Average_temperature_lag5,0.028925253041560166
squeezed_Quảng Ninh,Average_temperature_lag6,0.04965664797981842
squeezed_Quảng Ninh,Average_temperature_lag7,0.09358898361288985
squeezed_Quảng Ninh,Average_temperature_lag8,0.04182856338884392
squeezed_Quảng Ninh,Average_temperature_lag9,0.040425090885924685
squeezed_Quảng Ninh,Average_temperature_lag10,0.014122642310334612
squeezed_Quảng Ninh,Average_temperature_lag11,0.050856321254049236
squeezed_Quảng Ninh,Average_temperature_lag12,0.04459144028153797
squeezed_Quảng Ninh,Max_Average_Temperature_lag1,0.16048189759836096
squeezed_Quảng Ninh,Max_Average_Temperature_lag2,0.28672813767946703
squeezed_Quảng Ninh,Max_Average_Temperature_lag3,0.10642150804549945
squeezed_Quảng Ninh,Max_Average_Temperature_lag4,0.013123036028363946
squeezed_Quảng Ninh,Max_Average_Temperature_lag5,0.17370295446430536
squeezed_Quảng Ninh,Max_Average_Temperature_lag6,0.020326795824740215
squeezed_Quảng Ninh,Max_Average_Temperature_lag7,0.022149850628313792
squeezed_Quảng Ninh,Max_Average_Temperature_lag8,0.08552652514363128
squeezed_Quảng Ninh,Max_Average_Temperature_lag9,0.0065316237694606925
squeezed_Quảng Ninh,Max_Average_Temperature_lag10,0.030441605716802045
squeezed_Quảng Ninh,Max_Average_Temperature_lag11,0.08436686762567425
squeezed_Quảng Ninh,Max_Average_Temperature_lag12,0.03565392970697454
squeezed_Quảng Ninh,Min_Average_Temperature_lag1,0.013916896566421309
squeezed_Quảng Ninh,Min_Average_Temperature_lag2,0.06074926821210889
squeezed_Quảng Ninh,Min_Average_Temperature_lag3,0.037088962199879144
squeezed_Quảng Ninh,Min_Average_Temperature_lag4,0.20946733186126365
squeezed_Quảng Ninh,Min_Average_Temperature_lag5,0.01339753194403154
squeezed_Quảng Ninh,Min_Average_Temperature_lag6,0.018716608797634676
squeezed_Quảng Ninh,Min_Average_Temperature_lag7,0.07043663916280878
squeezed_Quảng Ninh,Min_Average_Temperature_lag8,0.011990418268990439
squeezed_Quảng Ninh,Min_Average_Temperature_lag9,0.0061642254871974314
squeezed_Quảng Ninh,Min_Average_Temperature_lag10,0.03572615638865762
squeezed_Quảng Ninh,Min_Average_Temperature_lag11,0.1533991906853505
squeezed_Quảng Ninh,Min_Average_Temperature_lag12,0.10552892930287995
squeezed_Quảng Ninh,Max_Absolute_Temperature_lag1,0.28019518394358855
squeezed_Quảng Ninh,Max_Absolute_Temperature_lag2,0.04423526899639332
squeezed_Quảng Ninh,Max_Absolute_Temperature_lag3,0.021047883508905452
squeezed_Quảng Ninh,Max_Absolute_Temperature_lag4,0.11467130596890669
squeezed_Quảng Ninh,Max_Absolute_Temperature_lag5,0.03153270423504455
squeezed_Quảng Ninh,Max_Absolute_Temperature_lag6,0.012252004747051725
squeezed_Quảng Ninh,Max_Absolute_Temperature_lag7,0.13505345265293175
squeezed_Quảng Ninh,Max_Absolute_Temperature_lag8,0.014474412845842029
squeezed_Quảng Ninh,Max_Absolute_Temperature_lag9,0.0025520902449518664
squeezed_Quảng Ninh,Max_Absolute_Temperature_lag10,0.05431703587040445
squeezed_Quảng Ninh,Max_Absolute_Temperature_lag11,0.08964174035596312
squeezed_Quảng Ninh,Max_Absolute_Temperature_lag12,0.051824893627670454
squeezed_Quảng Ninh,Min_Absolute_Temperature_lag1,0.07357044603472027
squeezed_Quảng Ninh,Min_Absolute_Temperature_lag2,0.12097019428587968
squeezed_Quảng Ninh,Min_Absolute_Temperature_lag3,0.1423883737466383
squeezed_Quảng Ninh,Min_Absolute_Temperature_lag4,0.4216004905892123
squeezed_Quảng Ninh,Min_Absolute_Temperature_lag5,0.06139204581205907
squeezed_Quảng Ninh,Min_Absolute_Temperature_lag6,0.03463274062674813
squeezed_Quảng Ninh,Min_Absolute_Temperature_lag7,0.2039122715189692
squeezed_Quảng Ninh,Min_Absolute_Temperature_lag8,0.11056856886861684
squeezed_Quảng Ninh,Min_Absolute_Temperature_lag9,0.008876471535348847
squeezed_Quảng Ninh,Min_Absolute_Temperature_lag10,0.022620034670814238
squeezed_Quảng Ninh,Min_Absolute_Temperature_lag11,0.05228324672282028
squeezed_Quảng Ninh,Min_Absolute_Temperature_lag12,0.3479190378854098
squeezed_Quảng Ninh,Average_Humidity_lag1,0.020297561577248217
squeezed_Quảng Ninh,Average_Humidity_lag2,0.01760668447201808
squeezed_Quảng Ninh,Average_Humidity_lag3,0.0008858924700928108
squeezed_Quảng Ninh,Average_Humidity_lag4,0.05949786273086702
squeezed_Quảng Ninh,Average_Humidity_lag5,0.10598899239181318
squeezed_Quảng Ninh,Average_Humidity_lag6,0.010622604082111327
squeezed_Quảng Ninh,Average_Humidity_lag7,0.0695565554206838
squeezed_Quảng Ninh,Average_Humidity_lag8,0.07420436802156834
squeezed_Quảng Ninh,Average_Humidity_lag9,0.05130837110206476
squeezed_Quảng Ninh,Average_Humidity_lag10,0.011615869442559346
squeezed_Quảng Ninh,Average_Humidity_lag11,0.0645818336509296
squeezed_Quảng Ninh,Average_Humidity_lag12,0.09197836862392773
squeezed_Quảng Ninh,Min_Humidity_lag1,0.04328088026095056
squeezed_Quảng Ninh,Min_Humidity_lag2,0.10015368487633235
squeezed_Quảng Ninh,Min_Humidity_lag3,0.07452225650101617
squeezed_Quảng Ninh,Min_Humidity_lag4,0.02477967572132118
squeezed_Quảng Ninh,Min_Humidity_lag5,0.005741636271089368
squeezed_Quảng Ninh,Min_Humidity_lag6,0.006039563023179762
squeezed_Quảng Ninh,Min_Humidity_lag7,0.11032409753702328
squeezed_Quảng Ninh,Min_Humidity_lag8,0.053348378846127205
squeezed_Quảng Ninh,Min_Humidity_lag9,0.02158059474802439
squeezed_Quảng Ninh,Min_Humidity_lag10,0.007050293170705525
squeezed_Quảng Ninh,Min_Humidity_lag11,0.07034592991362233
squeezed_Quảng Ninh,Min_Humidity_lag12,0.022744085025877835
squeezed_Quảng Ninh,n_hours_sunshine_lag1,0.08896118976741924
squeezed_Quảng Ninh,n_hours_sunshine_lag2,0.18406129148830278
squeezed_Quảng Ninh,n_hours_sunshine_lag3,0.04199821544452445
squeezed_Quảng Ninh,n_hours_sunshine_lag4,0.16254226837009936
squeezed_Quảng Ninh,n_hours_sunshine_lag5,0.007311242972701114
squeezed_Quảng Ninh,n_hours_sunshine_lag6,0.07853383694505357
squeezed_Quảng Ninh,n_hours_sunshine_lag7,0.03104303099102702
squeezed_Quảng Ninh,n_hours_sunshine_lag8,0.04280490141171652
squeezed_Quảng Ninh,n_hours_sunshine_lag9,0.003217628610380456
squeezed_Quảng Ninh,n_hours_sunshine_lag10,0.07818370038163276
squeezed_Quảng Ninh,n_hours_sunshine_lag11,0.01910213517633788
squeezed_Quảng Ninh,n_hours_sunshine_lag12,0.10086674629946259
squeezed_Quảng Ninh,population_male_lag1,0.0
squeezed_Quảng Ninh,population_male_lag2,0.051478967379024194
squeezed_Quảng Ninh,population_male_lag3,0.00671176839544282
squeezed_Quảng Ninh,population_male_lag4,0.278787008651691
squeezed_Quảng Ninh,population_male_lag5,0.0
squeezed_Quảng Ninh,population_male_lag6,0.0008259327011784324
squeezed_Quảng Ninh,population_male_lag7,0.000757689955533785
squeezed_Quảng Ninh,population_male_lag8,0.0
squeezed_Quảng Ninh,population_male_lag9,0.0
squeezed_Quảng Ninh,population_male_lag10,0.30262652240450927
squeezed_Quảng Ninh,population_male_lag11,0.0
squeezed_Quảng Ninh,population_male_lag12,0.012511838516288218
squeezed_Quảng Ninh,population_female_lag1,0.0
squeezed_Quảng Ninh,population_female_lag2,0.005216398089286437
squeezed_Quảng Ninh,population_female_lag3,0.0
squeezed_Quảng Ninh,population_female_lag4,0.0
squeezed_Quảng Ninh,population_female_lag5,0.014766618925656843
squeezed_Quảng Ninh,population_female_lag6,0.22972091941760828
squeezed_Quảng Ninh,population_female_lag7,0.0
squeezed_Quảng Ninh,population_female_lag8,0.0
squeezed_Quảng Ninh,population_female_lag9,0.0018312270800710543
squeezed_Quảng Ninh,population_female_lag10,0.0028162402137120036
squeezed_Quảng Ninh,population_female_lag11,0.0
squeezed_Quảng Ninh,population_female_lag12,0.0
squeezed_Quảng Ninh,population_urban_lag1,0.16362021466520013
squeezed_Quảng Ninh,population_urban_lag2,0.030611937835760255
squeezed_Quảng Ninh,population_urban_lag3,0.006353253883835425
squeezed_Quảng Ninh,population_urban_lag4,0.0030862637729141026
squeezed_Quảng Ninh,population_urban_lag5,0.08601877660866675
squeezed_Quảng Ninh,population_urban_lag6,0.1938659084525273
squeezed_Quảng Ninh,population_urban_lag7,0.8331281405105888
squeezed_Quảng Ninh,population_urban_lag8,0.0
squeezed_Quảng Ninh,population_urban_lag9,0.0030509772783779755
squeezed_Quảng Ninh,population_urban_lag10,0.003125497728731842
squeezed_Quảng Ninh,population_urban_lag11,0.7408252867404359
squeezed_Quảng Ninh,population_urban_lag12,0.04258579034678925
squeezed_Quảng Ninh,population_countryside_lag1,0.00649943449506386
squeezed_Quảng Ninh,population_countryside_lag2,0.010362203816862866
squeezed_Quảng Ninh,population_countryside_lag3,0.006853731801069213
squeezed_Quảng Ninh,population_countryside_lag4,0.010228286013809046
squeezed_Quảng Ninh,population_countryside_lag5,0.0
squeezed_Quảng Ninh,population_countryside_lag6,0.0074760627671848524
squeezed_Quảng Ninh,population_countryside_lag7,0.003588856370193318
squeezed_Quảng Ninh,population_countryside_lag8,0.0
squeezed_Quảng Ninh,population_countryside_lag9,0.0
squeezed_Quảng Ninh,population_countryside_lag10,0.0
squeezed_Quảng Ninh,population_countryside_lag11,0.016849118146679998
squeezed_Quảng Ninh,population_countryside_lag12,0.016591247468883463
squeezed_Quảng Ninh,Dengue_fever_rates_lag1,0.3155943834819558
squeezed_Quảng Ninh,Dengue_fever_rates_lag2,0.006153962799082854
squeezed_Quảng Ninh,Dengue_fever_rates_lag3,0.04815804989533629
squeezed_Quảng Ninh,Dengue_fever_rates_lag4,0.03763248504603214
squeezed_Quảng Ninh,Dengue_fever_rates_lag5,0.004822520679929024
squeezed_Quảng Ninh,Dengue_fever_rates_lag6,0.04167620112416793
squeezed_Quảng Ninh,Dengue_fever_rates_lag7,0.008362199629406842
squeezed_Quảng Ninh,Dengue_fever_rates_lag8,0.17718538879774962
squeezed_Quảng Ninh,Dengue_fever_rates_lag9,0.04313459873676373
squeezed_Quảng Ninh,Dengue_fever_rates_lag10,0.13492935268028947
squeezed_Quảng Ninh,Dengue_fever_rates_lag11,0.3808206670148436
squeezed_Quảng Ninh,Dengue_fever_rates_lag12,0.0690594539043405
squeezed_Quảng Ninh,Influenza_rates_lag1,0.09414279536676194
squeezed_Quảng Ninh,Influenza_rates_lag2,0.23379480909534103
squeezed_Quảng Ninh,Influenza_rates_lag3,0.11194186796791601
squeezed_Quảng Ninh,Influenza_rates_lag4,0.24074269760327485
squeezed_Quảng Ninh,Influenza_rates_lag5,0.11323963952252984
squeezed_Quảng Ninh,Influenza_rates_lag6,0.20826893173867175
squeezed_Quảng Ninh,Influenza_rates_lag7,0.27022664883859415
squeezed_Quảng Ninh,Influenza_rates_lag8,0.06855400014400968
squeezed_Quảng Ninh,Influenza_rates_lag9,0.022768048651894968
squeezed_Quảng Ninh,Influenza_rates_lag10,0.4441534998725187
squeezed_Quảng Ninh,Influenza_rates_lag11,0.770808591405353
squeezed_Quảng Ninh,Influenza_rates_lag12,0.051753848182191024
squeezed_Quảng Ninh,Diarrhoea_rates_rollmean_3,9.853671415837832
squeezed_Quảng Ninh,Diarrhoea_rates_rollstd_3,0.12630795118314034
squeezed_Quảng Ninh,Diarrhoea_rates_rollmean_6,2.328022432320088
squeezed_Quảng Ninh,Diarrhoea_rates_rollstd_6,0.021291894585889592
squeezed_Quảng Ninh,month_sin,2.1266691138402685
squeezed_Quảng Ninh,month_cos,0.56598964774503
squeezed_Quảng Trị,Total_Evaporation,0.0256669522711868
squeezed_Quảng Trị,Total_Rainfall,0.0648561328862287
squeezed_Quảng Trị,Max_Daily_Rainfall,0.052240394822119264
squeezed_Quảng Trị,n_raining_days,0.1437741940085878
squeezed_Quảng Trị,Average_temperature,0.0917676416122946
squeezed_Quảng Trị,Max_Average_Temperature,0.14011422107241894
squeezed_Quảng Trị,Min_Average_Temperature,0.006747805377355175
squeezed_Quảng Trị,Max_Absolute_Temperature,0.05614413461151455
squeezed_Quảng Trị,Min_Absolute_Temperature,0.32789446189206717
squeezed_Quảng Trị,Average_Humidity,0.07555100623758047
squeezed_Quảng Trị,Min_Humidity,0.08461256265133195
squeezed_Quảng Trị,n_hours_sunshine,0.20791011504890347
squeezed_Quảng Trị,population_male,0.0558064590177495
squeezed_Quảng Trị,population_female,0.007570233556251773
squeezed_Quảng Trị,population_urban,0.13867073622730502
squeezed_Quảng Trị,population_countryside,0.06620466146251486
squeezed_Quảng Trị,Diarrhoea_rates,31.315330008073584
squeezed_Quảng Trị,Diarrhoea_rates_lag1,10.350764257621856
squeezed_Quảng Trị,Diarrhoea_rates_lag2,1.5866108908329772
squeezed_Quảng Trị,Diarrhoea_rates_lag3,0.06986841135532716
squeezed_Quảng Trị,Diarrhoea_rates_lag4,1.7630696613736412
squeezed_Quảng Trị,Diarrhoea_rates_lag5,0.8148856170133355
squeezed_Quảng Trị,Diarrhoea_rates_lag6,1.3619769559819543
squeezed_Quảng Trị,Diarrhoea_rates_lag7,0.1887814116256045
squeezed_Quảng Trị,Diarrhoea_rates_lag8,0.5537345824150272
squeezed_Quảng Trị,Diarrhoea_rates_lag9,0.24922683958530226
squeezed_Quảng Trị,Diarrhoea_rates_lag10,0.8433323551650848
squeezed_Quảng Trị,Diarrhoea_rates_lag11,1.6827848544966173
squeezed_Quảng Trị,Diarrhoea_rates_lag12,0.6221832325647635
squeezed_Quảng Trị,Total_Evaporation_lag1,0.015144282767546013
squeezed_Quảng Trị,Total_Evaporation_lag2,0.36072679862372464
squeezed_Quảng Trị,Total_Evaporation_lag3,0.0681344533070612
squeezed_Quảng Trị,Total_Evaporation_lag4,0.016573084328886902
squeezed_Quảng Trị,Total_Evaporation_lag5,0.050210035026073546
squeezed_Quảng Trị,Total_Evaporation_lag6,0.021745985113776563
squeezed_Quảng Trị,Total_Evaporation_lag7,0.020608531231779113
squeezed_Quảng Trị,Total_Evaporation_lag8,0.11069632533774154
squeezed_Quảng Trị,Total_Evaporation_lag9,0.028189575936009143
squeezed_Quảng Trị,Total_Evaporation_lag10,0.0
squeezed_Quảng Trị,Total_Evaporation_lag11,0.32571910966622325
squeezed_Quảng Trị,Total_Evaporation_lag12,0.12259617145181745
squeezed_Quảng Trị,Total_Rainfall_lag1,0.48322607306141263
squeezed_Quảng Trị,Total_Rainfall_lag2,0.5449445270320569
squeezed_Quảng Trị,Total_Rainfall_lag3,0.06745997278585202
squeezed_Quảng Trị,Total_Rainfall_lag4,0.1583619274015975
squeezed_Quảng Trị,Total_Rainfall_lag5,0.02152540688524292
squeezed_Quảng Trị,Total_Rainfall_lag6,0.038874018089560154
squeezed_Quảng Trị,Total_Rainfall_lag7,0.04950474424871165
squeezed_Quảng Trị,Total_Rainfall_lag8,0.010700447596723534
squeezed_Quảng Trị,Total_Rainfall_lag9,0.08581167385814122
squeezed_Quảng Trị,Total_Rainfall_lag10,0.16776385125405266
squeezed_Quảng Trị,Total_Rainfall_lag11,0.09361977982895404
squeezed_Quảng Trị,Total_Rainfall_lag12,0.1068852916506734
squeezed_Quảng Trị,Max_Daily_Rainfall_lag1,0.12190444438474407
squeezed_Quảng Trị,Max_Daily_Rainfall_lag2,0.073858850715308
squeezed_Quảng Trị,Max_Daily_Rainfall_lag3,0.015152327897042591
squeezed_Quảng Trị,Max_Daily_Rainfall_lag4,0.041713055032107614
squeezed_Quảng Trị,Max_Daily_Rainfall_lag5,0.023565175101234303
squeezed_Quảng Trị,Max_Daily_Rainfall_lag6,0.11583938250984728
squeezed_Quảng Trị,Max_Daily_Rainfall_lag7,0.041667353699063776
squeezed_Quảng Trị,Max_Daily_Rainfall_lag8,0.8637861313147358
squeezed_Quảng Trị,Max_Daily_Rainfall_lag9,0.3346248393406461
squeezed_Quảng Trị,Max_Daily_Rainfall_lag10,0.0567122845873504
squeezed_Quảng Trị,Max_Daily_Rainfall_lag11,0.329500328066231
squeezed_Quảng Trị,Max_Daily_Rainfall_lag12,0.286899847601565
squeezed_Quảng Trị,n_raining_days_lag1,0.023938662450669414
squeezed_Quảng Trị,n_raining_days_lag2,0.19397453618914298
squeezed_Quảng Trị,n_raining_days_lag3,0.025052064668974378
squeezed_Quảng Trị,n_raining_days_lag4,0.019658690970828913
squeezed_Quảng Trị,n_raining_days_lag5,0.0031733136985815156
squeezed_Quảng Trị,n_raining_days_lag6,0.006287396322474468
squeezed_Quảng Trị,n_raining_days_lag7,0.0
squeezed_Quảng Trị,n_raining_days_lag8,0.06520724607521697
squeezed_Quảng Trị,n_raining_days_lag9,0.08776293969520715
squeezed_Quảng Trị,n_raining_days_lag10,0.25591825209043595
squeezed_Quảng Trị,n_raining_days_lag11,0.008422613099773033
squeezed_Quảng Trị,n_raining_days_lag12,0.09616384817205097
squeezed_Quảng Trị,Average_temperature_lag1,0.040789024831460595
squeezed_Quảng Trị,Average_temperature_lag2,0.0
squeezed_Quảng Trị,Average_temperature_lag3,0.16056838213629024
squeezed_Quảng Trị,Average_temperature_lag4,0.009833522398735504
squeezed_Quảng Trị,Average_temperature_lag5,0.031209126842227677
squeezed_Quảng Trị,Average_temperature_lag6,0.04901372130983355
squeezed_Quảng Trị,Average_temperature_lag7,0.09958139265004778
squeezed_Quảng Trị,Average_temperature_lag8,0.0701126135158937
squeezed_Quảng Trị,Average_temperature_lag9,0.034641525539101124
squeezed_Quảng Trị,Average_temperature_lag10,0.010233339521635748
squeezed_Quảng Trị,Average_temperature_lag11,0.025144288762670833
squeezed_Quảng Trị,Average_temperature_lag12,0.053550031648813314
squeezed_Quảng Trị,Max_Average_Temperature_lag1,0.17359524291310824
squeezed_Quảng Trị,Max_Average_Temperature_lag2,0.31719441474381443
squeezed_Quảng Trị,Max_Average_Temperature_lag3,0.049751342165290695
squeezed_Quảng Trị,Max_Average_Temperature_lag4,0.006673791169913451
squeezed_Quảng Trị,Max_Average_Temperature_lag5,0.22066322689750387
squeezed_Quảng Trị,Max_Average_Temperature_lag6,0.024016992550912553
squeezed_Quảng Trị,Max_Average_Temperature_lag7,0.03310169813461641
squeezed_Quảng Trị,Max_Average_Temperature_lag8,0.21988740602794832
squeezed_Quảng Trị,Max_Average_Temperature_lag9,0.005979573664112761
squeezed_Quảng Trị,Max_Average_Temperature_lag10,0.07564035911310486
squeezed_Quảng Trị,Max_Average_Temperature_lag11,0.11060428727427257
squeezed_Quảng Trị,Max_Average_Temperature_lag12,0.20033981817795965
squeezed_Quảng Trị,Min_Average_Temperature_lag1,0.013916896566421309
squeezed_Quảng Trị,Min_Average_Temperature_lag2,0.04655895944362302
squeezed_Quảng Trị,Min_Average_Temperature_lag3,0.03439720725426903
squeezed_Quảng Trị,Min_Average_Temperature_lag4,0.18666092688965055
squeezed_Quảng Trị,Min_Average_Temperature_lag5,0.012943495129538287
squeezed_Quảng Trị,Min_Average_Temperature_lag6,0.014052999537236363
squeezed_Quảng Trị,Min_Average_Temperature_lag7,0.19548284204133282
squeezed_Quảng Trị,Min_Average_Temperature_lag8,0.009025879024163732
squeezed_Quảng Trị,Min_Average_Temperature_lag9,0.013550517477197927
squeezed_Quảng Trị,Min_Average_Temperature_lag10,0.022745875568862383
squeezed_Quảng Trị,Min_Average_Temperature_lag11,0.058353559710569325
squeezed_Quảng Trị,Min_Average_Temperature_lag12,0.047829600275266525
squeezed_Quảng Trị,Max_Absolute_Temperature_lag1,0.26860869663699194
squeezed_Quảng Trị,Max_Absolute_Temperature_lag2,0.12614673958387773
squeezed_Quảng Trị,Max_Absolute_Temperature_lag3,0.19705978290771833
squeezed_Quảng Trị,Max_Absolute_Temperature_lag4,0.10187461449851583
squeezed_Quảng Trị,Max_Absolute_Temperature_lag5,0.03961813952989287
squeezed_Quảng Trị,Max_Absolute_Temperature_lag6,0.019159230666106784
squeezed_Quảng Trị,Max_Absolute_Temperature_lag7,0.35595895151538864
squeezed_Quảng Trị,Max_Absolute_Temperature_lag8,0.016573741344273096
squeezed_Quảng Trị,Max_Absolute_Temperature_lag9,0.0020424703535863475
squeezed_Quảng Trị,Max_Absolute_Temperature_lag10,0.05007540775869138
squeezed_Quảng Trị,Max_Absolute_Temperature_lag11,0.1126347283322373
squeezed_Quảng Trị,Max_Absolute_Temperature_lag12,0.03963011342009632
squeezed_Quảng Trị,Min_Absolute_Temperature_lag1,0.010959430207511
squeezed_Quảng Trị,Min_Absolute_Temperature_lag2,0.06976107657180074
squeezed_Quảng Trị,Min_Absolute_Temperature_lag3,0.1609112684263688
squeezed_Quảng Trị,Min_Absolute_Temperature_lag4,0.4160446518967314
squeezed_Quảng Trị,Min_Absolute_Temperature_lag5,0.04591168302828636
squeezed_Quảng Trị,Min_Absolute_Temperature_lag6,0.015358872017142283
squeezed_Quảng Trị,Min_Absolute_Temperature_lag7,0.06153131784541551
squeezed_Quảng Trị,Min_Absolute_Temperature_lag8,0.16456423324589503
squeezed_Quảng Trị,Min_Absolute_Temperature_lag9,0.004773465504628908
squeezed_Quảng Trị,Min_Absolute_Temperature_lag10,0.028529237033277685
squeezed_Quảng Trị,Min_Absolute_Temperature_lag11,0.018224304153667936
squeezed_Quảng Trị,Min_Absolute_Temperature_lag12,0.1750584191740762
squeezed_Quảng Trị,Average_Humidity_lag1,0.012950721249934979
squeezed_Quảng Trị,Average_Humidity_lag2,0.02186927329332955
squeezed_Quảng Trị,Average_Humidity_lag3,0.0008594543038518724
squeezed_Quảng Trị,Average_Humidity_lag4,0.051066223835638636
squeezed_Quảng Trị,Average_Humidity_lag5,0.07085401562345507
squeezed_Quảng Trị,Average_Humidity_lag6,0.017238551477897348
squeezed_Quảng Trị,Average_Humidity_lag7,0.10194558239811025
squeezed_Quảng Trị,Average_Humidity_lag8,0.06355176916353579
squeezed_Quảng Trị,Average_Humidity_lag9,0.3309873331405194
squeezed_Quảng Trị,Average_Humidity_lag10,0.012651509934283616
squeezed_Quảng Trị,Average_Humidity_lag11,0.05564007635455124
squeezed_Quảng Trị,Average_Humidity_lag12,0.10185051931845117
squeezed_Quảng Trị,Min_Humidity_lag1,0.014438298447688657
squeezed_Quảng Trị,Min_Humidity_lag2,0.09076432851284806
squeezed_Quảng Trị,Min_Humidity_lag3,0.08778737538109839
squeezed_Quảng Trị,Min_Humidity_lag4,0.01575875409288749
squeezed_Quảng Trị,Min_Humidity_lag5,0.03631332312803853
squeezed_Quảng Trị,Min_Humidity_lag6,0.0053989563295423785
squeezed_Quảng Trị,Min_Humidity_lag7,0.19034856109427103
squeezed_Quảng Trị,Min_Humidity_lag8,0.04530451377696634
squeezed_Quảng Trị,Min_Humidity_lag9,0.012727158384404283
squeezed_Quảng Trị,Min_Humidity_lag10,0.007208850348196932
squeezed_Quảng Trị,Min_Humidity_lag11,0.13704951003467192
squeezed_Quảng Trị,Min_Humidity_lag12,0.03036870121775369
squeezed_Quảng Trị,n_hours_sunshine_lag1,0.03663165955219109
squeezed_Quảng Trị,n_hours_sunshine_lag2,0.11237285114340621
squeezed_Quảng Trị,n_hours_sunshine_lag3,0.054960232670572734
squeezed_Quảng Trị,n_hours_sunshine_lag4,0.33977524165362555
squeezed_Quảng Trị,n_hours_sunshine_lag5,0.008770451162274137
squeezed_Quảng Trị,n_hours_sunshine_lag6,0.10862511896235011
squeezed_Quảng Trị,n_hours_sunshine_lag7,0.03012251271242732
squeezed_Quảng Trị,n_hours_sunshine_lag8,0.04190694435607798
squeezed_Quảng Trị,n_hours_sunshine_lag9,0.016037861103496965
squeezed_Quảng Trị,n_hours_sunshine_lag10,0.07583483893005011
squeezed_Quảng Trị,n_hours_sunshine_lag11,0.040603002285847595
squeezed_Quảng Trị,n_hours_sunshine_lag12,0.06104520615544337
squeezed_Quảng Trị,population_male_lag1,0.0
squeezed_Quảng Trị,population_male_lag2,0.01605264990823815
squeezed_Quảng Trị,population_male_lag3,0.005639007514936691
squeezed_Quảng Trị,population_male_lag4,0.030933613652435837
squeezed_Quảng Trị,population_male_lag5,0.0
squeezed_Quảng Trị,population_male_lag6,0.0022259191075943018
squeezed_Quảng Trị,population_male_lag7,0.009144778132177222
squeezed_Quảng Trị,population_male_lag8,0.0
squeezed_Quảng Trị,population_male_lag9,0.0
squeezed_Quảng Trị,population_male_lag10,0.15758591371581365
squeezed_Quảng Trị,population_male_lag11,0.0
squeezed_Quảng Trị,population_male_lag12,0.01151168273784261
squeezed_Quảng Trị,population_female_lag1,0.0
squeezed_Quảng Trị,population_female_lag2,0.005143192044302671
squeezed_Quảng Trị,population_female_lag3,0.0
squeezed_Quảng Trị,population_female_lag4,0.0
squeezed_Quảng Trị,population_female_lag5,0.014523973097262695
squeezed_Quảng Trị,population_female_lag6,0.2869804468091291
squeezed_Quảng Trị,population_female_lag7,0.0
squeezed_Quảng Trị,population_female_lag8,0.0
squeezed_Quảng Trị,population_female_lag9,0.0029282139427940714
squeezed_Quảng Trị,population_female_lag10,0.006465488314087098
squeezed_Quảng Trị,population_female_lag11,0.0
squeezed_Quảng Trị,population_female_lag12,0.0
squeezed_Quảng Trị,population_urban_lag1,0.1457237911284355
squeezed_Quảng Trị,population_urban_lag2,0.032382907828239715
squeezed_Quảng Trị,population_urban_lag3,0.007000273878637111
squeezed_Quảng Trị,population_urban_lag4,0.0033228763604542526
squeezed_Quảng Trị,population_urban_lag5,0.08852928573992482
squeezed_Quảng Trị,population_urban_lag6,0.020540141234809697
squeezed_Quảng Trị,population_urban_lag7,0.21928298110921993
squeezed_Quảng Trị,population_urban_lag8,0.0
squeezed_Quảng Trị,population_urban_lag9,0.0030509772783779755
squeezed_Quảng Trị,population_urban_lag10,0.0015660417742137643
squeezed_Quảng Trị,population_urban_lag11,0.7375151984258427
squeezed_Quảng Trị,population_urban_lag12,0.04231965403025465
squeezed_Quảng Trị,population_countryside_lag1,0.0698744632833907
squeezed_Quảng Trị,population_countryside_lag2,0.01835743184681718
squeezed_Quảng Trị,population_countryside_lag3,0.01002817145607495
squeezed_Quảng Trị,population_countryside_lag4,0.020307462299372785
squeezed_Quảng Trị,population_countryside_lag5,0.0
squeezed_Quảng Trị,population_countryside_lag6,0.008224182547354745
squeezed_Quảng Trị,population_countryside_lag7,0.006591199170547918
squeezed_Quảng Trị,population_countryside_lag8,0.0
squeezed_Quảng Trị,population_countryside_lag9,0.0
squeezed_Quảng Trị,population_countryside_lag10,0.0
squeezed_Quảng Trị,population_countryside_lag11,0.01820304087320711
squeezed_Quảng Trị,population_countryside_lag12,0.04573504211500378
squeezed_Quảng Trị,Dengue_fever_rates_lag1,0.5414452758040547
squeezed_Quảng Trị,Dengue_fever_rates_lag2,0.014372758094219383
squeezed_Quảng Trị,Dengue_fever_rates_lag3,0.062035850315256096
squeezed_Quảng Trị,Dengue_fever_rates_lag4,0.0225755715059006
squeezed_Quảng Trị,Dengue_fever_rates_lag5,0.005128019727526338
squeezed_Quảng Trị,Dengue_fever_rates_lag6,0.050556282530286184
squeezed_Quảng Trị,Dengue_fever_rates_lag7,0.006448994387560038
squeezed_Quảng Trị,Dengue_fever_rates_lag8,0.19205444519945025
squeezed_Quảng Trị,Dengue_fever_rates_lag9,0.06712395543446749
squeezed_Quảng Trị,Dengue_fever_rates_lag10,0.11039231418443758
squeezed_Quảng Trị,Dengue_fever_rates_lag11,0.29546838449709695
squeezed_Quảng Trị,Dengue_fever_rates_lag12,0.050786720402271696
squeezed_Quảng Trị,Influenza_rates_lag1,0.08014927212839693
squeezed_Quảng Trị,Influenza_rates_lag2,0.28592319836605407
squeezed_Quảng Trị,Influenza_rates_lag3,0.10483051233352109
squeezed_Quảng Trị,Influenza_rates_lag4,0.02112634713159652
squeezed_Quảng Trị,Influenza_rates_lag5,0.10434051982152735
squeezed_Quảng Trị,Influenza_rates_lag6,0.07792625391198192
squeezed_Quảng Trị,Influenza_rates_lag7,0.11871969127894078
squeezed_Quảng Trị,Influenza_rates_lag8,0.06790888270384395
squeezed_Quảng Trị,Influenza_rates_lag9,0.021288305212669712
squeezed_Quảng Trị,Influenza_rates_lag10,0.22607919150564584
squeezed_Quảng Trị,Influenza_rates_lag11,0.17596169448387586
squeezed_Quảng Trị,Influenza_rates_lag12,0.19398041747389302
squeezed_Quảng Trị,Diarrhoea_rates_rollmean_3,9.64718134681206
squeezed_Quảng Trị,Diarrhoea_rates_rollstd_3,0.12389660678621174
squeezed_Quảng Trị,Diarrhoea_rates_rollmean_6,2.231333902932589
squeezed_Quảng Trị,Diarrhoea_rates_rollstd_6,0.04569517025868016
squeezed_Quảng Trị,month_sin,1.9182422146873732
squeezed_Quảng Trị,month_cos,0.8470530822585908
squeezed_Sóc Trăng,Total_Evaporation,0.022708983323853873
squeezed_Sóc Trăng,Total_Rainfall,0.04075502815208005
squeezed_Sóc Trăng,Max_Daily_Rainfall,0.07812397312423751
squeezed_Sóc Trăng,n_raining_days,0.08208526663823135
squeezed_Sóc Trăng,Average_temperature,0.002804346724796129
squeezed_Sóc Trăng,Max_Average_Temperature,0.06608508625201999
squeezed_Sóc Trăng,Min_Average_Temperature,0.017372433367064826
squeezed_Sóc Trăng,Max_Absolute_Temperature,0.031547464488598596
squeezed_Sóc Trăng,Min_Absolute_Temperature,0.4927652663505011
squeezed_Sóc Trăng,Average_Humidity,0.02001430047539717
squeezed_Sóc Trăng,Min_Humidity,0.043245041135386214
squeezed_Sóc Trăng,n_hours_sunshine,0.2443479456289573
squeezed_Sóc Trăng,population_male,0.023927283392981558
squeezed_Sóc Trăng,population_female,0.007570233556251773
squeezed_Sóc Trăng,population_urban,0.13274976005842368
squeezed_Sóc Trăng,population_countryside,0.06228112598221044
squeezed_Sóc Trăng,Diarrhoea_rates,29.40755120472639
squeezed_Sóc Trăng,Diarrhoea_rates_lag1,9.57524356527801
squeezed_Sóc Trăng,Diarrhoea_rates_lag2,1.5250933562703894
squeezed_Sóc Trăng,Diarrhoea_rates_lag3,0.044247871583930405
squeezed_Sóc Trăng,Diarrhoea_rates_lag4,1.5453681362566132
squeezed_Sóc Trăng,Diarrhoea_rates_lag5,0.7608788933675356
squeezed_Sóc Trăng,Diarrhoea_rates_lag6,1.2456579945162791
squeezed_Sóc Trăng,Diarrhoea_rates_lag7,0.17491293782475828
squeezed_Sóc Trăng,Diarrhoea_rates_lag8,0.5752323862157497
squeezed_Sóc Trăng,Diarrhoea_rates_lag9,0.23803847965590785
squeezed_Sóc Trăng,Diarrhoea_rates_lag10,0.8433956906459898
squeezed_Sóc Trăng,Diarrhoea_rates_lag11,1.3130593198635994
squeezed_Sóc Trăng,Diarrhoea_rates_lag12,0.5458654302643867
squeezed_Sóc Trăng,Total_Evaporation_lag1,0.029283382259055333
squeezed_Sóc Trăng,Total_Evaporation_lag2,0.29696488256187037
squeezed_Sóc Trăng,Total_Evaporation_lag3,0.02357189161369408
squeezed_Sóc Trăng,Total_Evaporation_lag4,0.03690892570701878
squeezed_Sóc Trăng,Total_Evaporation_lag5,0.03401291266284195
squeezed_Sóc Trăng,Total_Evaporation_lag6,0.028158475674448628
squeezed_Sóc Trăng,Total_Evaporation_lag7,0.019411520117950602
squeezed_Sóc Trăng,Total_Evaporation_lag8,0.05166146873662059
squeezed_Sóc Trăng,Total_Evaporation_lag9,0.009210281482259705
squeezed_Sóc Trăng,Total_Evaporation_lag10,0.0
squeezed_Sóc Trăng,Total_Evaporation_lag11,0.16347750960580995
squeezed_Sóc Trăng,Total_Evaporation_lag12,0.07502723890622283
squeezed_Sóc Trăng,Total_Rainfall_lag1,0.5587615750099132
squeezed_Sóc Trăng,Total_Rainfall_lag2,0.5803689826296913
squeezed_Sóc Trăng,Total_Rainfall_lag3,0.06161415306459305
squeezed_Sóc Trăng,Total_Rainfall_lag4,0.0770651763281346
squeezed_Sóc Trăng,Total_Rainfall_lag5,0.008315209742042282
squeezed_Sóc Trăng,Total_Rainfall_lag6,0.04459125128846228
squeezed_Sóc Trăng,Total_Rainfall_lag7,0.03474850778079113
squeezed_Sóc Trăng,Total_Rainfall_lag8,0.012786283842163751
squeezed_Sóc Trăng,Total_Rainfall_lag9,0.10978741709272705
squeezed_Sóc Trăng,Total_Rainfall_lag10,0.09980961455183264
squeezed_Sóc Trăng,Total_Rainfall_lag11,0.5142334189399713
squeezed_Sóc Trăng,Total_Rainfall_lag12,0.008210353763773092
squeezed_Sóc Trăng,Max_Daily_Rainfall_lag1,0.12020335941533844
squeezed_Sóc Trăng,Max_Daily_Rainfall_lag2,0.2216139000079547
squeezed_Sóc Trăng,Max_Daily_Rainfall_lag3,0.018111106326486003
squeezed_Sóc Trăng,Max_Daily_Rainfall_lag4,0.0549859497053074
squeezed_Sóc Trăng,Max_Daily_Rainfall_lag5,0.03517930545818873
squeezed_Sóc Trăng,Max_Daily_Rainfall_lag6,0.015520949354629486
squeezed_Sóc Trăng,Max_Daily_Rainfall_lag7,0.016672809702689622
squeezed_Sóc Trăng,Max_Daily_Rainfall_lag8,0.15494677641374202
squeezed_Sóc Trăng,Max_Daily_Rainfall_lag9,0.10422244102666188
squeezed_Sóc Trăng,Max_Daily_Rainfall_lag10,0.09821971228354269
squeezed_Sóc Trăng,Max_Daily_Rainfall_lag11,0.3734532615588367
squeezed_Sóc Trăng,Max_Daily_Rainfall_lag12,0.12107613477852351
squeezed_Sóc Trăng,n_raining_days_lag1,0.052573621929988795
squeezed_Sóc Trăng,n_raining_days_lag2,0.2340514868561849
squeezed_Sóc Trăng,n_raining_days_lag3,0.03475411888222827
squeezed_Sóc Trăng,n_raining_days_lag4,0.04420962929541176
squeezed_Sóc Trăng,n_raining_days_lag5,0.0036773920997557677
squeezed_Sóc Trăng,n_raining_days_lag6,0.004248626033934766
squeezed_Sóc Trăng,n_raining_days_lag7,0.0
squeezed_Sóc Trăng,n_raining_days_lag8,0.03619385916851456
squeezed_Sóc Trăng,n_raining_days_lag9,0.1380589442955327
squeezed_Sóc Trăng,n_raining_days_lag10,0.15472827097298242
squeezed_Sóc Trăng,n_raining_days_lag11,0.0077803337176126225
squeezed_Sóc Trăng,n_raining_days_lag12,0.12805404814263863
squeezed_Sóc Trăng,Average_temperature_lag1,0.04169364759286968
squeezed_Sóc Trăng,Average_temperature_lag2,0.0
squeezed_Sóc Trăng,Average_temperature_lag3,0.08935535685219098
squeezed_Sóc Trăng,Average_temperature_lag4,0.0026838199524916785
squeezed_Sóc Trăng,Average_temperature_lag5,0.007995769223188693
squeezed_Sóc Trăng,Average_temperature_lag6,0.07053524304826936
squeezed_Sóc Trăng,Average_temperature_lag7,0.09185290528045702
squeezed_Sóc Trăng,Average_temperature_lag8,0.06767948252430983
squeezed_Sóc Trăng,Average_temperature_lag9,0.040233985409485674
squeezed_Sóc Trăng,Average_temperature_lag10,0.0137612545638413
squeezed_Sóc Trăng,Average_temperature_lag11,0.019598719108521376
squeezed_Sóc Trăng,Average_temperature_lag12,0.04537160199634468
squeezed_Sóc Trăng,Max_Average_Temperature_lag1,0.08154291027934443
squeezed_Sóc Trăng,Max_Average_Temperature_lag2,0.10275199178599469
squeezed_Sóc Trăng,Max_Average_Temperature_lag3,0.08382092025421134
squeezed_Sóc Trăng,Max_Average_Temperature_lag4,0.008132968858972345
squeezed_Sóc Trăng,Max_Average_Temperature_lag5,0.2281738341907473
squeezed_Sóc Trăng,Max_Average_Temperature_lag6,0.019328471418589368
squeezed_Sóc Trăng,Max_Average_Temperature_lag7,0.025723179820499726
squeezed_Sóc Trăng,Max_Average_Temperature_lag8,0.15957592070943374
squeezed_Sóc Trăng,Max_Average_Temperature_lag9,0.00606542119116922
squeezed_Sóc Trăng,Max_Average_Temperature_lag10,0.060474270843991346
squeezed_Sóc Trăng,Max_Average_Temperature_lag11,0.09454435957767865
squeezed_Sóc Trăng,Max_Average_Temperature_lag12,0.09789879368389033
squeezed_Sóc Trăng,Min_Average_Temperature_lag1,0.013916896566421309
squeezed_Sóc Trăng,Min_Average_Temperature_lag2,0.04230574897910889
squeezed_Sóc Trăng,Min_Average_Temperature_lag3,0.06821220405544179
squeezed_Sóc Trăng,Min_Average_Temperature_lag4,0.19917963137936226
squeezed_Sóc Trăng,Min_Average_Temperature_lag5,0.011811436615983472
squeezed_Sóc Trăng,Min_Average_Temperature_lag6,0.04005867150139481
squeezed_Sóc Trăng,Min_Average_Temperature_lag7,0.0875743605232261
squeezed_Sóc Trăng,Min_Average_Temperature_lag8,0.010460731897555977
squeezed_Sóc Trăng,Min_Average_Temperature_lag9,0.011335143857855008
squeezed_Sóc Trăng,Min_Average_Temperature_lag10,0.019639311707462043
squeezed_Sóc Trăng,Min_Average_Temperature_lag11,0.037740001255339856
squeezed_Sóc Trăng,Min_Average_Temperature_lag12,0.0714473341490286
squeezed_Sóc Trăng,Max_Absolute_Temperature_lag1,0.12746631131256206
squeezed_Sóc Trăng,Max_Absolute_Temperature_lag2,0.04603515640997089
squeezed_Sóc Trăng,Max_Absolute_Temperature_lag3,0.023355287109982952
squeezed_Sóc Trăng,Max_Absolute_Temperature_lag4,0.10814566826568327
squeezed_Sóc Trăng,Max_Absolute_Temperature_lag5,0.012263135875123737
squeezed_Sóc Trăng,Max_Absolute_Temperature_lag6,0.10139902608230805
squeezed_Sóc Trăng,Max_Absolute_Temperature_lag7,0.05168963984680683
squeezed_Sóc Trăng,Max_Absolute_Temperature_lag8,0.014904668237974974
squeezed_Sóc Trăng,Max_Absolute_Temperature_lag9,0.0014936549729929593
squeezed_Sóc Trăng,Max_Absolute_Temperature_lag10,0.057593991017913376
squeezed_Sóc Trăng,Max_Absolute_Temperature_lag11,0.06016144388891439
squeezed_Sóc Trăng,Max_Absolute_Temperature_lag12,0.05427439368124371
squeezed_Sóc Trăng,Min_Absolute_Temperature_lag1,0.016937607174844473
squeezed_Sóc Trăng,Min_Absolute_Temperature_lag2,0.13466799884855438
squeezed_Sóc Trăng,Min_Absolute_Temperature_lag3,0.06404594710560386
squeezed_Sóc Trăng,Min_Absolute_Temperature_lag4,0.318554240533765
squeezed_Sóc Trăng,Min_Absolute_Temperature_lag5,0.02988707618712166
squeezed_Sóc Trăng,Min_Absolute_Temperature_lag6,0.01677485673455083
squeezed_Sóc Trăng,Min_Absolute_Temperature_lag7,0.014663602263338913
squeezed_Sóc Trăng,Min_Absolute_Temperature_lag8,0.10366219627603211
squeezed_Sóc Trăng,Min_Absolute_Temperature_lag9,0.053680446789206415
squeezed_Sóc Trăng,Min_Absolute_Temperature_lag10,0.01414235577021463
squeezed_Sóc Trăng,Min_Absolute_Temperature_lag11,0.015043934323961219
squeezed_Sóc Trăng,Min_Absolute_Temperature_lag12,0.24313673054128238
squeezed_Sóc Trăng,Average_Humidity_lag1,0.11158317079013653
squeezed_Sóc Trăng,Average_Humidity_lag2,0.06415779412810911
squeezed_Sóc Trăng,Average_Humidity_lag3,0.0007689313916094354
squeezed_Sóc Trăng,Average_Humidity_lag4,0.10242658047678825
squeezed_Sóc Trăng,Average_Humidity_lag5,0.10259439134046329
squeezed_Sóc Trăng,Average_Humidity_lag6,0.0070167371790469
squeezed_Sóc Trăng,Average_Humidity_lag7,0.02572566252878857
squeezed_Sóc Trăng,Average_Humidity_lag8,0.065627612470918
squeezed_Sóc Trăng,Average_Humidity_lag9,0.07136264727943795
squeezed_Sóc Trăng,Average_Humidity_lag10,0.008166337851130002
squeezed_Sóc Trăng,Average_Humidity_lag11,0.04919093418220936
squeezed_Sóc Trăng,Average_Humidity_lag12,0.6493741787428265
squeezed_Sóc Trăng,Min_Humidity_lag1,0.013882292428363212
squeezed_Sóc Trăng,Min_Humidity_lag2,0.09730445054588661
squeezed_Sóc Trăng,Min_Humidity_lag3,0.054117712421176876
squeezed_Sóc Trăng,Min_Humidity_lag4,0.012937425166549775
squeezed_Sóc Trăng,Min_Humidity_lag5,0.015634720890524135
squeezed_Sóc Trăng,Min_Humidity_lag6,0.009490722746177783
squeezed_Sóc Trăng,Min_Humidity_lag7,0.12676223923821464
squeezed_Sóc Trăng,Min_Humidity_lag8,0.009896266235821757
squeezed_Sóc Trăng,Min_Humidity_lag9,0.011058101204881732
squeezed_Sóc Trăng,Min_Humidity_lag10,0.006299655782192537
squeezed_Sóc Trăng,Min_Humidity_lag11,0.055328174620689785
squeezed_Sóc Trăng,Min_Humidity_lag12,0.025662824664877033
squeezed_Sóc Trăng,n_hours_sunshine_lag1,0.14671711246537802
squeezed_Sóc Trăng,n_hours_sunshine_lag2,0.16829015412643086
squeezed_Sóc Trăng,n_hours_sunshine_lag3,0.033955227444460674
squeezed_Sóc Trăng,n_hours_sunshine_lag4,0.21498805429716183
squeezed_Sóc Trăng,n_hours_sunshine_lag5,0.01608257467339843
squeezed_Sóc Trăng,n_hours_sunshine_lag6,0.11984224680515136
squeezed_Sóc Trăng,n_hours_sunshine_lag7,0.10305870927528411
squeezed_Sóc Trăng,n_hours_sunshine_lag8,0.11813476299457981
squeezed_Sóc Trăng,n_hours_sunshine_lag9,0.055356275658884235
squeezed_Sóc Trăng,n_hours_sunshine_lag10,0.027490226678707444
squeezed_Sóc Trăng,n_hours_sunshine_lag11,0.06730254294780767
squeezed_Sóc Trăng,n_hours_sunshine_lag12,0.09943958655237671
squeezed_Sóc Trăng,population_male_lag1,0.0
squeezed_Sóc Trăng,population_male_lag2,0.05195828720471013
squeezed_Sóc Trăng,population_male_lag3,0.00528142055476798
squeezed_Sóc Trăng,population_male_lag4,0.278787008651691
squeezed_Sóc Trăng,population_male_lag5,0.0
squeezed_Sóc Trăng,population_male_lag6,0.001713021131653335
squeezed_Sóc Trăng,population_male_lag7,0.0028668618919878413
squeezed_Sóc Trăng,population_male_lag8,0.0
squeezed_Sóc Trăng,population_male_lag9,0.0
squeezed_Sóc Trăng,population_male_lag10,0.30215903775107816
squeezed_Sóc Trăng,population_male_lag11,0.0
squeezed_Sóc Trăng,population_male_lag12,0.010844912218878866
squeezed_Sóc Trăng,population_female_lag1,0.0
squeezed_Sóc Trăng,population_female_lag2,0.005216398089286437
squeezed_Sóc Trăng,population_female_lag3,0.0
squeezed_Sóc Trăng,population_female_lag4,0.0
squeezed_Sóc Trăng,population_female_lag5,0.00825628493678235
squeezed_Sóc Trăng,population_female_lag6,0.03438123459295567
squeezed_Sóc Trăng,population_female_lag7,0.0
squeezed_Sóc Trăng,population_female_lag8,0.0
squeezed_Sóc Trăng,population_female_lag9,0.0008584200948682804
squeezed_Sóc Trăng,population_female_lag10,0.0030701574842146085
squeezed_Sóc Trăng,population_female_lag11,0.0
squeezed_Sóc Trăng,population_female_lag12,0.0
squeezed_Sóc Trăng,population_urban_lag1,0.15723930677900405
squeezed_Sóc Trăng,population_urban_lag2,0.03246362487419684
squeezed_Sóc Trăng,population_urban_lag3,0.00564156661501192
squeezed_Sóc Trăng,population_urban_lag4,0.0033228763604542526
squeezed_Sóc Trăng,population_urban_lag5,0.09611803162819305
squeezed_Sóc Trăng,population_urban_lag6,0.003386473039072465
squeezed_Sóc Trăng,population_urban_lag7,0.21959086162176047
squeezed_Sóc Trăng,population_urban_lag8,0.0
squeezed_Sóc Trăng,population_urban_lag9,0.0030509772783779755
squeezed_Sóc Trăng,population_urban_lag10,0.003241680552174098
squeezed_Sóc Trăng,population_urban_lag11,0.7555479383726462
squeezed_Sóc Trăng,population_urban_lag12,0.04554280430180361
squeezed_Sóc Trăng,population_countryside_lag1,0.005717425419425353
squeezed_Sóc Trăng,population_countryside_lag2,0.01781168272069728
squeezed_Sóc Trăng,population_countryside_lag3,0.018167265677240585
squeezed_Sóc Trăng,population_countryside_lag4,0.013446662105841695
squeezed_Sóc Trăng,population_countryside_lag5,0.0
squeezed_Sóc Trăng,population_countryside_lag6,0.008373806503388722
squeezed_Sóc Trăng,population_countryside_lag7,0.01300577392906956
squeezed_Sóc Trăng,population_countryside_lag8,0.0
squeezed_Sóc Trăng,population_countryside_lag9,0.0
squeezed_Sóc Trăng,population_countryside_lag10,0.0
squeezed_Sóc Trăng,population_countryside_lag11,0.020330129897428138
squeezed_Sóc Trăng,population_countryside_lag12,0.0603488893496739
squeezed_Sóc Trăng,Dengue_fever_rates_lag1,0.47625396669664877
squeezed_Sóc Trăng,Dengue_fever_rates_lag2,0.027382779521256787
squeezed_Sóc Trăng,Dengue_fever_rates_lag3,0.07749740465911321
squeezed_Sóc Trăng,Dengue_fever_rates_lag4,0.016228232209513287
squeezed_Sóc Trăng,Dengue_fever_rates_lag5,0.005586268298922308
squeezed_Sóc Trăng,Dengue_fever_rates_lag6,0.05631576608451413
squeezed_Sóc Trăng,Dengue_fever_rates_lag7,0.008428963712650612
squeezed_Sóc Trăng,Dengue_fever_rates_lag8,0.17814666278612093
squeezed_Sóc Trăng,Dengue_fever_rates_lag9,0.014497301491362002
squeezed_Sóc Trăng,Dengue_fever_rates_lag10,0.014624127894774434
squeezed_Sóc Trăng,Dengue_fever_rates_lag11,0.21849412046102515
squeezed_Sóc Trăng,Dengue_fever_rates_lag12,0.03972139550974222
squeezed_Sóc Trăng,Influenza_rates_lag1,0.07126977375449707
squeezed_Sóc Trăng,Influenza_rates_lag2,0.23635404608242128
squeezed_Sóc Trăng,Influenza_rates_lag3,0.11064867960688575
squeezed_Sóc Trăng,Influenza_rates_lag4,0.2817318822171784
squeezed_Sóc Trăng,Influenza_rates_lag5,0.11680906372393036
squeezed_Sóc Trăng,Influenza_rates_lag6,0.2063960939642182
squeezed_Sóc Trăng,Influenza_rates_lag7,0.24989422855846385
squeezed_Sóc Trăng,Influenza_rates_lag8,0.0368245579114018
squeezed_Sóc Trăng,Influenza_rates_lag9,0.023697693572247328
squeezed_Sóc Trăng,Influenza_rates_lag10,0.44117189170722826
squeezed_Sóc Trăng,Influenza_rates_lag11,0.20795708498005294
squeezed_Sóc Trăng,Influenza_rates_lag12,0.046214015101568855
squeezed_Sóc Trăng,Diarrhoea_rates_rollmean_3,9.355946735754623
squeezed_Sóc Trăng,Diarrhoea_rates_rollstd_3,0.1335709404369757
squeezed_Sóc Trăng,Diarrhoea_rates_rollmean_6,2.0837500344790665
squeezed_Sóc Trăng,Diarrhoea_rates_rollstd_6,0.08907302574039201
squeezed_Sóc Trăng,month_sin,1.3384511949763878
squeezed_Sóc Trăng,month_cos,0.6266856610264145
squeezed_Sơn La,Total_Evaporation,0.02107541363226104
squeezed_Sơn La,Total_Rainfall,0.05062539270606947
squeezed_Sơn La,Max_Daily_Rainfall,0.03493118305477581
squeezed_Sơn La,n_raining_days,0.04400322901362206
squeezed_Sơn La,Average_temperature,0.06536881710415589
squeezed_Sơn La,Max_Average_Temperature,0.050292503027733186
squeezed_Sơn La,Min_Average_Temperature,0.009132202257016685
squeezed_Sơn La,Max_Absolute_Temperature,0.03804402181465102
squeezed_Sơn La,Min_Absolute_Temperature,0.5191048710876732
squeezed_Sơn La,Average_Humidity,0.018543375395817255
squeezed_Sơn La,Min_Humidity,0.21271282058917304
squeezed_Sơn La,n_hours_sunshine,0.20207858845109564
squeezed_Sơn La,population_male,0.024560235412642975
squeezed_Sơn La,population_female,0.007155594936689807
squeezed_Sơn La,population_urban,0.13101956881554425
squeezed_Sơn La,population_countryside,0.03914973624961304
squeezed_Sơn La,Diarrhoea_rates,14.070983566076913
squeezed_Sơn La,Diarrhoea_rates_lag1,4.465856408544785
squeezed_Sơn La,Diarrhoea_rates_lag2,0.754902498703331
squeezed_Sơn La,Diarrhoea_rates_lag3,0.10839387420393198
squeezed_Sơn La,Diarrhoea_rates_lag4,1.093549250389272
squeezed_Sơn La,Diarrhoea_rates_lag5,0.6758532555059267
squeezed_Sơn La,Diarrhoea_rates_lag6,0.3783926956984744
squeezed_Sơn La,Diarrhoea_rates_lag7,0.20532615739659468
squeezed_Sơn La,Diarrhoea_rates_lag8,0.4454260479100525
squeezed_Sơn La,Diarrhoea_rates_lag9,0.32565385906577426
squeezed_Sơn La,Diarrhoea_rates_lag10,0.498067207156714
squeezed_Sơn La,Diarrhoea_rates_lag11,0.8999340564796089
squeezed_Sơn La,Diarrhoea_rates_lag12,0.36305603275235304
squeezed_Sơn La,Total_Evaporation_lag1,0.009676577171623001
squeezed_Sơn La,Total_Evaporation_lag2,0.3348708542375362
squeezed_Sơn La,Total_Evaporation_lag3,0.053718352042384204
squeezed_Sơn La,Total_Evaporation_lag4,0.0069979491970227755
squeezed_Sơn La,Total_Evaporation_lag5,0.01464225663360357
squeezed_Sơn La,Total_Evaporation_lag6,0.012284251866267325
squeezed_Sơn La,Total_Evaporation_lag7,0.047396402549413054
squeezed_Sơn La,Total_Evaporation_lag8,0.08118796313064042
squeezed_Sơn La,Total_Evaporation_lag9,0.014884090618443264
squeezed_Sơn La,Total_Evaporation_lag10,0.0
squeezed_Sơn La,Total_Evaporation_lag11,0.24998832422155523
squeezed_Sơn La,Total_Evaporation_lag12,0.14252674507626167
squeezed_Sơn La,Total_Rainfall_lag1,0.41971609676533106
squeezed_Sơn La,Total_Rainfall_lag2,0.5313798853278595
squeezed_Sơn La,Total_Rainfall_lag3,0.044914190461643126
squeezed_Sơn La,Total_Rainfall_lag4,0.10694784413556226
squeezed_Sơn La,Total_Rainfall_lag5,0.006357246281949403
squeezed_Sơn La,Total_Rainfall_lag6,0.043549198579874
squeezed_Sơn La,Total_Rainfall_lag7,0.04913848377714727
squeezed_Sơn La,Total_Rainfall_lag8,0.008547521371177466
squeezed_Sơn La,Total_Rainfall_lag9,0.08115233842480485
squeezed_Sơn La,Total_Rainfall_lag10,0.12089229749388815
squeezed_Sơn La,Total_Rainfall_lag11,0.11564842979682645
squeezed_Sơn La,Total_Rainfall_lag12,0.012439509451154865
squeezed_Sơn La,Max_Daily_Rainfall_lag1,0.114219636270963
squeezed_Sơn La,Max_Daily_Rainfall_lag2,0.10079234802814828
squeezed_Sơn La,Max_Daily_Rainfall_lag3,0.014335522189369362
squeezed_Sơn La,Max_Daily_Rainfall_lag4,0.04020694071069173
squeezed_Sơn La,Max_Daily_Rainfall_lag5,0.01593832418759659
squeezed_Sơn La,Max_Daily_Rainfall_lag6,0.020114882220335337
squeezed_Sơn La,Max_Daily_Rainfall_lag7,0.02357437316247803
squeezed_Sơn La,Max_Daily_Rainfall_lag8,0.10865652077566888
squeezed_Sơn La,Max_Daily_Rainfall_lag9,0.11244606933365585
squeezed_Sơn La,Max_Daily_Rainfall_lag10,0.02161385667723191
squeezed_Sơn La,Max_Daily_Rainfall_lag11,0.08016513909910543
squeezed_Sơn La,Max_Daily_Rainfall_lag12,0.1495653266014677
squeezed_Sơn La,n_raining_days_lag1,0.004266672291213307
squeezed_Sơn La,n_raining_days_lag2,0.14658681742534044
squeezed_Sơn La,n_raining_days_lag3,0.01660516025418272
squeezed_Sơn La,n_raining_days_lag4,0.02379528784361104
squeezed_Sơn La,n_raining_days_lag5,0.004596810907462984
squeezed_Sơn La,n_raining_days_lag6,0.00398449724570617
squeezed_Sơn La,n_raining_days_lag7,0.0
squeezed_Sơn La,n_raining_days_lag8,0.03988519037796712
squeezed_Sơn La,n_raining_days_lag9,0.10378725925720717
squeezed_Sơn La,n_raining_days_lag10,0.13338332018155735
squeezed_Sơn La,n_raining_days_lag11,0.012023645601520994
squeezed_Sơn La,n_raining_days_lag12,0.04907199691796501
squeezed_Sơn La,Average_temperature_lag1,0.0714625720113748
squeezed_Sơn La,Average_temperature_lag2,0.0
squeezed_Sơn La,Average_temperature_lag3,0.1839406255404793
squeezed_Sơn La,Average_temperature_lag4,0.014626517722599215
squeezed_Sơn La,Average_temperature_lag5,0.03426093586583973
squeezed_Sơn La,Average_temperature_lag6,0.058865674502313114
squeezed_Sơn La,Average_temperature_lag7,0.12303898845604387
squeezed_Sơn La,Average_temperature_lag8,0.039146496885938
squeezed_Sơn La,Average_temperature_lag9,0.017741181583164074
squeezed_Sơn La,Average_temperature_lag10,0.01945688506271046
squeezed_Sơn La,Average_temperature_lag11,0.08557273736637099
squeezed_Sơn La,Average_temperature_lag12,0.05648292789275428
squeezed_Sơn La,Max_Average_Temperature_lag1,0.15969413721230977
squeezed_Sơn La,Max_Average_Temperature_lag2,0.29170605943406197
squeezed_Sơn La,Max_Average_Temperature_lag3,0.04424546319843358
squeezed_Sơn La,Max_Average_Temperature_lag4,0.007027929069659913
squeezed_Sơn La,Max_Average_Temperature_lag5,0.18867720285934722
squeezed_Sơn La,Max_Average_Temperature_lag6,0.02374458237502861
squeezed_Sơn La,Max_Average_Temperature_lag7,0.018812517377235036
squeezed_Sơn La,Max_Average_Temperature_lag8,0.0727355552691894
squeezed_Sơn La,Max_Average_Temperature_lag9,0.05432860141821554
squeezed_Sơn La,Max_Average_Temperature_lag10,0.030302453939139874
squeezed_Sơn La,Max_Average_Temperature_lag11,0.06011499060939146
squeezed_Sơn La,Max_Average_Temperature_lag12,0.06670383002990145
squeezed_Sơn La,Min_Average_Temperature_lag1,0.03992025450829882
squeezed_Sơn La,Min_Average_Temperature_lag2,0.10608700925133902
squeezed_Sơn La,Min_Average_Temperature_lag3,0.025339817660867837
squeezed_Sơn La,Min_Average_Temperature_lag4,0.2141138241150535
squeezed_Sơn La,Min_Average_Temperature_lag5,0.05968035466112934
squeezed_Sơn La,Min_Average_Temperature_lag6,0.005326336280216251
squeezed_Sơn La,Min_Average_Temperature_lag7,0.12983712436310588
squeezed_Sơn La,Min_Average_Temperature_lag8,0.022212241212099495
squeezed_Sơn La,Min_Average_Temperature_lag9,0.012991915297157127
squeezed_Sơn La,Min_Average_Temperature_lag10,0.00958956242259731
squeezed_Sơn La,Min_Average_Temperature_lag11,0.19685025702942138
squeezed_Sơn La,Min_Average_Temperature_lag12,0.246637477516037
squeezed_Sơn La,Max_Absolute_Temperature_lag1,0.1730626544044511
squeezed_Sơn La,Max_Absolute_Temperature_lag2,0.07615509187054727
squeezed_Sơn La,Max_Absolute_Temperature_lag3,0.015553745868673675
squeezed_Sơn La,Max_Absolute_Temperature_lag4,0.13801072881343382
squeezed_Sơn La,Max_Absolute_Temperature_lag5,0.033147602529633974
squeezed_Sơn La,Max_Absolute_Temperature_lag6,0.006361600894198654
squeezed_Sơn La,Max_Absolute_Temperature_lag7,0.11480355796230586
squeezed_Sơn La,Max_Absolute_Temperature_lag8,0.014277285155146232
squeezed_Sơn La,Max_Absolute_Temperature_lag9,0.0014292407891129792
squeezed_Sơn La,Max_Absolute_Temperature_lag10,0.05425822088221108
squeezed_Sơn La,Max_Absolute_Temperature_lag11,0.07122724392709982
squeezed_Sơn La,Max_Absolute_Temperature_lag12,0.04621032645823197
squeezed_Sơn La,Min_Absolute_Temperature_lag1,0.058616041652571456
squeezed_Sơn La,Min_Absolute_Temperature_lag2,0.10498036841510673
squeezed_Sơn La,Min_Absolute_Temperature_lag3,0.27497074784422615
squeezed_Sơn La,Min_Absolute_Temperature_lag4,0.5077263848692374
squeezed_Sơn La,Min_Absolute_Temperature_lag5,0.07968269672388115
squeezed_Sơn La,Min_Absolute_Temperature_lag6,0.05462167454564098
squeezed_Sơn La,Min_Absolute_Temperature_lag7,0.2973956647007623
squeezed_Sơn La,Min_Absolute_Temperature_lag8,0.08560004049634638
squeezed_Sơn La,Min_Absolute_Temperature_lag9,0.010050826934502393
squeezed_Sơn La,Min_Absolute_Temperature_lag10,0.02607783101323725
squeezed_Sơn La,Min_Absolute_Temperature_lag11,0.029119352031011403
squeezed_Sơn La,Min_Absolute_Temperature_lag12,0.6129200425189315
squeezed_Sơn La,Average_Humidity_lag1,0.0318167618770567
squeezed_Sơn La,Average_Humidity_lag2,0.005497217410555235
squeezed_Sơn La,Average_Humidity_lag3,0.0015175083322010452
squeezed_Sơn La,Average_Humidity_lag4,0.1328647479500025
squeezed_Sơn La,Average_Humidity_lag5,0.057356199284471825
squeezed_Sơn La,Average_Humidity_lag6,0.02473263511486996
squeezed_Sơn La,Average_Humidity_lag7,0.055256149928782534
squeezed_Sơn La,Average_Humidity_lag8,0.20914835792884975
squeezed_Sơn La,Average_Humidity_lag9,0.05922467161163081
squeezed_Sơn La,Average_Humidity_lag10,0.005314015635509762
squeezed_Sơn La,Average_Humidity_lag11,0.01707247859211218
squeezed_Sơn La,Average_Humidity_lag12,0.13075442438788207
squeezed_Sơn La,Min_Humidity_lag1,0.03162190754016061
squeezed_Sơn La,Min_Humidity_lag2,0.12414628047391944
squeezed_Sơn La,Min_Humidity_lag3,0.14383215128912957
squeezed_Sơn La,Min_Humidity_lag4,0.016421975808102614
squeezed_Sơn La,Min_Humidity_lag5,0.006280477393495424
squeezed_Sơn La,Min_Humidity_lag6,0.03109317631677579
squeezed_Sơn La,Min_Humidity_lag7,0.15445773159122977
squeezed_Sơn La,Min_Humidity_lag8,0.06221448626413365
squeezed_Sơn La,Min_Humidity_lag9,0.013328335333317056
squeezed_Sơn La,Min_Humidity_lag10,0.016286680970742342
squeezed_Sơn La,Min_Humidity_lag11,0.23139236994859483
squeezed_Sơn La,Min_Humidity_lag12,0.3898145416260251
squeezed_Sơn La,n_hours_sunshine_lag1,0.0790962996580685
squeezed_Sơn La,n_hours_sunshine_lag2,0.08991102050888693
squeezed_Sơn La,n_hours_sunshine_lag3,0.025778638241318545
squeezed_Sơn La,n_hours_sunshine_lag4,0.057147866394996444
squeezed_Sơn La,n_hours_sunshine_lag5,0.015796113942754975
squeezed_Sơn La,n_hours_sunshine_lag6,0.07882764637448596
squeezed_Sơn La,n_hours_sunshine_lag7,0.07571150612580124
squeezed_Sơn La,n_hours_sunshine_lag8,0.028903546227087507
squeezed_Sơn La,n_hours_sunshine_lag9,0.01438467819269431
squeezed_Sơn La,n_hours_sunshine_lag10,0.016349441297599514
squeezed_Sơn La,n_hours_sunshine_lag11,0.02794914201491651
squeezed_Sơn La,n_hours_sunshine_lag12,0.2194847383966789
squeezed_Sơn La,population_male_lag1,0.0
squeezed_Sơn La,population_male_lag2,0.05300328467870289
squeezed_Sơn La,population_male_lag3,0.0059965944751054
squeezed_Sơn La,population_male_lag4,0.278787008651691
squeezed_Sơn La,population_male_lag5,0.0
squeezed_Sơn La,population_male_lag6,0.0016685451997886745
squeezed_Sơn La,population_male_lag7,0.0007807257587790985
squeezed_Sơn La,population_male_lag8,0.0
squeezed_Sơn La,population_male_lag9,0.0
squeezed_Sơn La,population_male_lag10,0.30224983575043796
squeezed_Sơn La,population_male_lag11,0.0
squeezed_Sơn La,population_male_lag12,0.01317860903525196
squeezed_Sơn La,population_female_lag1,0.0
squeezed_Sơn La,population_female_lag2,0.005216398089286437
squeezed_Sơn La,population_female_lag3,0.0
squeezed_Sơn La,population_female_lag4,0.0
squeezed_Sơn La,population_female_lag5,0.00959083699295017
squeezed_Sơn La,population_female_lag6,0.03945332737766103
squeezed_Sơn La,population_female_lag7,0.0
squeezed_Sơn La,population_female_lag8,0.0
squeezed_Sơn La,population_female_lag9,0.0009056041553308112
squeezed_Sơn La,population_female_lag10,0.0030701574842146085
squeezed_Sơn La,population_female_lag11,0.0
squeezed_Sơn La,population_female_lag12,0.0
squeezed_Sơn La,population_urban_lag1,0.138085674026981
squeezed_Sơn La,population_urban_lag2,0.08182006727521363
squeezed_Sơn La,population_urban_lag3,0.005465386149018963
squeezed_Sơn La,population_urban_lag4,0.0029141627433214626
squeezed_Sơn La,population_urban_lag5,0.08106266417314446
squeezed_Sơn La,population_urban_lag6,0.003747272864005742
squeezed_Sơn La,population_urban_lag7,0.21794566889609246
squeezed_Sơn La,population_urban_lag8,0.0
squeezed_Sơn La,population_urban_lag9,0.0030509772783779755
squeezed_Sơn La,population_urban_lag10,0.001436276996468125
squeezed_Sơn La,population_urban_lag11,0.7766456765628873
squeezed_Sơn La,population_urban_lag12,0.04416661584564568
squeezed_Sơn La,population_countryside_lag1,0.009913515389096834
squeezed_Sơn La,population_countryside_lag2,0.012491852315870758
squeezed_Sơn La,population_countryside_lag3,0.003195036836878304
squeezed_Sơn La,population_countryside_lag4,0.011367284671841062
squeezed_Sơn La,population_countryside_lag5,0.0
squeezed_Sơn La,population_countryside_lag6,0.007326438811150873
squeezed_Sơn La,population_countryside_lag7,0.002347344824707813
squeezed_Sơn La,population_countryside_lag8,0.0
squeezed_Sơn La,population_countryside_lag9,0.0
squeezed_Sơn La,population_countryside_lag10,0.0
squeezed_Sơn La,population_countryside_lag11,0.024625135285093264
squeezed_Sơn La,population_countryside_lag12,0.01765599192557311
squeezed_Sơn La,Dengue_fever_rates_lag1,0.328268593293023
squeezed_Sơn La,Dengue_fever_rates_lag2,0.0072566706256111555
squeezed_Sơn La,Dengue_fever_rates_lag3,0.046492030702400905
squeezed_Sơn La,Dengue_fever_rates_lag4,0.018315441110714925
squeezed_Sơn La,Dengue_fever_rates_lag5,0.0020730292515532
squeezed_Sơn La,Dengue_fever_rates_lag6,0.04290897157146268
squeezed_Sơn La,Dengue_fever_rates_lag7,0.00469281857579009
squeezed_Sơn La,Dengue_fever_rates_lag8,0.11626544365015716
squeezed_Sơn La,Dengue_fever_rates_lag9,0.026324701402373005
squeezed_Sơn La,Dengue_fever_rates_lag10,0.1268526787460215
squeezed_Sơn La,Dengue_fever_rates_lag11,0.1953674987668792
squeezed_Sơn La,Dengue_fever_rates_lag12,0.039163228490867
squeezed_Sơn La,Influenza_rates_lag1,0.0827334912007978
squeezed_Sơn La,Influenza_rates_lag2,0.28032770270454016
squeezed_Sơn La,Influenza_rates_lag3,0.11574357617220576
squeezed_Sơn La,Influenza_rates_lag4,0.07723524637424521
squeezed_Sơn La,Influenza_rates_lag5,0.15728322785194568
squeezed_Sơn La,Influenza_rates_lag6,0.11415732309596037
squeezed_Sơn La,Influenza_rates_lag7,0.21640419103112
squeezed_Sơn La,Influenza_rates_lag8,0.08493673614983736
squeezed_Sơn La,Influenza_rates_lag9,0.0273475954513258
squeezed_Sơn La,Influenza_rates_lag10,0.23326320379523827
squeezed_Sơn La,Influenza_rates_lag11,0.15294249441611604
squeezed_Sơn La,Influenza_rates_lag12,0.1737579957259038
squeezed_Sơn La,Diarrhoea_rates_rollmean_3,4.946875615535767
squeezed_Sơn La,Diarrhoea_rates_rollstd_3,0.18231720519617411
squeezed_Sơn La,Diarrhoea_rates_rollmean_6,2.197003558687553
squeezed_Sơn La,Diarrhoea_rates_rollstd_6,0.05808506292270621
squeezed_Sơn La,month_sin,2.0801994848958416
squeezed_Sơn La,month_cos,1.1298058620445532
squeezed_TT Huế,Total_Evaporation,0.02737560216100225
squeezed_TT Huế,Total_Rainfall,0.6157055806085826
squeezed_TT Huế,Max_Daily_Rainfall,0.06129177976828775
squeezed_TT Huế,n_raining_days,0.18170089897309438
squeezed_TT Huế,Average_temperature,0.058297528901943195
squeezed_TT Huế,Max_Average_Temperature,0.20546812321503394
squeezed_TT Huế,Min_Average_Temperature,0.009086618096984224
squeezed_TT Huế,Max_Absolute_Temperature,0.0571275702348451
squeezed_TT Huế,Min_Absolute_Temperature,0.31817653613576946
squeezed_TT Huế,Average_Humidity,0.06472768457032413
squeezed_TT Huế,Min_Humidity,0.1252201139103387
squeezed_TT Huế,n_hours_sunshine,0.29765191955573694
squeezed_TT Huế,population_male,0.03313220618173004
squeezed_TT Huế,population_female,0.0076738932111422645
squeezed_TT Huế,population_urban,0.13901254250558578
squeezed_TT Huế,population_countryside,0.02580046714672318
squeezed_TT Huế,Diarrhoea_rates,20.728901240367584
squeezed_TT Huế,Diarrhoea_rates_lag1,6.633617145305955
squeezed_TT Huế,Diarrhoea_rates_lag2,0.7215369943303291
squeezed_TT Huế,Diarrhoea_rates_lag3,0.16928423112549204
squeezed_TT Huế,Diarrhoea_rates_lag4,1.2004651299096862
squeezed_TT Huế,Diarrhoea_rates_lag5,0.695535863747568
squeezed_TT Huế,Diarrhoea_rates_lag6,0.7650406445453343
squeezed_TT Huế,Diarrhoea_rates_lag7,0.19938547947840524
squeezed_TT Huế,Diarrhoea_rates_lag8,0.5032797083626377
squeezed_TT Huế,Diarrhoea_rates_lag9,0.15039379941209427
squeezed_TT Huế,Diarrhoea_rates_lag10,0.6949589763927516
squeezed_TT Huế,Diarrhoea_rates_lag11,1.181345493375376
squeezed_TT Huế,Diarrhoea_rates_lag12,0.6704498915984541
squeezed_TT Huế,Total_Evaporation_lag1,0.004559188284672913
squeezed_TT Huế,Total_Evaporation_lag2,0.27367770946458264
squeezed_TT Huế,Total_Evaporation_lag3,0.0814991590518116
squeezed_TT Huế,Total_Evaporation_lag4,0.049021291263919936
squeezed_TT Huế,Total_Evaporation_lag5,0.05951750167124947
squeezed_TT Huế,Total_Evaporation_lag6,0.1128617397920229
squeezed_TT Huế,Total_Evaporation_lag7,0.024386258492577226
squeezed_TT Huế,Total_Evaporation_lag8,0.08210938603732866
squeezed_TT Huế,Total_Evaporation_lag9,0.029945746651789923
squeezed_TT Huế,Total_Evaporation_lag10,0.0
squeezed_TT Huế,Total_Evaporation_lag11,0.24617761141945538
squeezed_TT Huế,Total_Evaporation_lag12,0.06768532022823476
squeezed_TT Huế,Total_Rainfall_lag1,0.43090169387693805
squeezed_TT Huế,Total_Rainfall_lag2,0.6793988911074491
squeezed_TT Huế,Total_Rainfall_lag3,0.09463700044310569
squeezed_TT Huế,Total_Rainfall_lag4,0.11693609027850083
squeezed_TT Huế,Total_Rainfall_lag5,0.061152115063118996
squeezed_TT Huế,Total_Rainfall_lag6,0.07859344874989839
squeezed_TT Huế,Total_Rainfall_lag7,0.08530183621300082
squeezed_TT Huế,Total_Rainfall_lag8,0.21258165968442436
squeezed_TT Huế,Total_Rainfall_lag9,0.3880120102882612
squeezed_TT Huế,Total_Rainfall_lag10,0.4528181687423422
squeezed_TT Huế,Total_Rainfall_lag11,0.2652301070348052
squeezed_TT Huế,Total_Rainfall_lag12,0.13113228919802628
squeezed_TT Huế,Max_Daily_Rainfall_lag1,0.1795874378224616
squeezed_TT Huế,Max_Daily_Rainfall_lag2,0.04070253448825775
squeezed_TT Huế,Max_Daily_Rainfall_lag3,0.014146993525968994
squeezed_TT Huế,Max_Daily_Rainfall_lag4,0.037433809806611144
squeezed_TT Huế,Max_Daily_Rainfall_lag5,0.02969521160707483
squeezed_TT Huế,Max_Daily_Rainfall_lag6,0.32352753110576715
squeezed_TT Huế,Max_Daily_Rainfall_lag7,0.10442686578278543
squeezed_TT Huế,Max_Daily_Rainfall_lag8,0.5231891928482155
squeezed_TT Huế,Max_Daily_Rainfall_lag9,0.48474446649932806
squeezed_TT Huế,Max_Daily_Rainfall_lag10,0.05834202323351779
squeezed_TT Huế,Max_Daily_Rainfall_lag11,1.0258014796260138
squeezed_TT Huế,Max_Daily_Rainfall_lag12,0.5446570824563551
squeezed_TT Huế,n_raining_days_lag1,0.04415267594316904
squeezed_TT Huế,n_raining_days_lag2,0.11053529276887718
squeezed_TT Huế,n_raining_days_lag3,0.01622045132187416
squeezed_TT Huế,n_raining_days_lag4,0.030175812093767934
squeezed_TT Huế,n_raining_days_lag5,0.013261787077063452
squeezed_TT Huế,n_raining_days_lag6,0.005440840221635213
squeezed_TT Huế,n_raining_days_lag7,0.0
squeezed_TT Huế,n_raining_days_lag8,0.0608839221318214
squeezed_TT Huế,n_raining_days_lag9,0.08986156764491286
squeezed_TT Huế,n_raining_days_lag10,0.16390317097189486
squeezed_TT Huế,n_raining_days_lag11,0.008425107284410158
squeezed_TT Huế,n_raining_days_lag12,0.08998204445895035
squeezed_TT Huế,Average_temperature_lag1,0.041527469673456115
squeezed_TT Huế,Average_temperature_lag2,0.0
squeezed_TT Huế,Average_temperature_lag3,0.13129322680942446
squeezed_TT Huế,Average_temperature_lag4,0.007544662410602969
squeezed_TT Huế,Average_temperature_lag5,0.02650821234662627
squeezed_TT Huế,Average_temperature_lag6,0.05099024705188593
squeezed_TT Huế,Average_temperature_lag7,0.08292590098809202
squeezed_TT Huế,Average_temperature_lag8,0.0349008054732573
squeezed_TT Huế,Average_temperature_lag9,0.05166890798250634
squeezed_TT Huế,Average_temperature_lag10,0.01133774776659485
squeezed_TT Huế,Average_temperature_lag11,0.03227007544606314
squeezed_TT Huế,Average_temperature_lag12,0.03547357232872384
squeezed_TT Huế,Max_Average_Temperature_lag1,0.3049746535594493
squeezed_TT Huế,Max_Average_Temperature_lag2,0.2599301000855195
squeezed_TT Huế,Max_Average_Temperature_lag3,0.1186426850884203
squeezed_TT Huế,Max_Average_Temperature_lag4,0.004662276500826268
squeezed_TT Huế,Max_Average_Temperature_lag5,0.31737533584407646
squeezed_TT Huế,Max_Average_Temperature_lag6,0.02307713217170844
squeezed_TT Huế,Max_Average_Temperature_lag7,0.041162935325428716
squeezed_TT Huế,Max_Average_Temperature_lag8,0.2761714198179155
squeezed_TT Huế,Max_Average_Temperature_lag9,0.004040894047673049
squeezed_TT Huế,Max_Average_Temperature_lag10,0.13900409012626477
squeezed_TT Huế,Max_Average_Temperature_lag11,0.13223693148823412
squeezed_TT Huế,Max_Average_Temperature_lag12,0.22018050951944634
squeezed_TT Huế,Min_Average_Temperature_lag1,0.013916896566421309
squeezed_TT Huế,Min_Average_Temperature_lag2,0.052166549296003596
squeezed_TT Huế,Min_Average_Temperature_lag3,0.05216379732590365
squeezed_TT Huế,Min_Average_Temperature_lag4,0.19166312765498975
squeezed_TT Huế,Min_Average_Temperature_lag5,0.013055487571822441
squeezed_TT Huế,Min_Average_Temperature_lag6,0.05549724188121868
squeezed_TT Huế,Min_Average_Temperature_lag7,0.09104405641013054
squeezed_TT Huế,Min_Average_Temperature_lag8,0.009585394874251552
squeezed_TT Huế,Min_Average_Temperature_lag9,0.014883523499836175
squeezed_TT Huế,Min_Average_Temperature_lag10,0.01374950577776543
squeezed_TT Huế,Min_Average_Temperature_lag11,0.056166724373703965
squeezed_TT Huế,Min_Average_Temperature_lag12,0.0525592204954618
squeezed_TT Huế,Max_Absolute_Temperature_lag1,0.17769754070329513
squeezed_TT Huế,Max_Absolute_Temperature_lag2,0.055156091925763595
squeezed_TT Huế,Max_Absolute_Temperature_lag3,0.03140334208203859
squeezed_TT Huế,Max_Absolute_Temperature_lag4,0.1492955502581771
squeezed_TT Huế,Max_Absolute_Temperature_lag5,0.04991205461247669
squeezed_TT Huế,Max_Absolute_Temperature_lag6,0.011775660520717346
squeezed_TT Huế,Max_Absolute_Temperature_lag7,0.6890555979403002
squeezed_TT Huế,Max_Absolute_Temperature_lag8,0.018762334530294807
squeezed_TT Huế,Max_Absolute_Temperature_lag9,0.0020653805512957876
squeezed_TT Huế,Max_Absolute_Temperature_lag10,0.054219010890082166
squeezed_TT Huế,Max_Absolute_Temperature_lag11,0.15785797905194873
squeezed_TT Huế,Max_Absolute_Temperature_lag12,0.043198890669896454
squeezed_TT Huế,Min_Absolute_Temperature_lag1,0.048718312438716826
squeezed_TT Huế,Min_Absolute_Temperature_lag2,0.13920539727721684
squeezed_TT Huế,Min_Absolute_Temperature_lag3,0.15623838913105956
squeezed_TT Huế,Min_Absolute_Temperature_lag4,0.32183526669794416
squeezed_TT Huế,Min_Absolute_Temperature_lag5,0.04382951019152447
squeezed_TT Huế,Min_Absolute_Temperature_lag6,0.01566184797455107
squeezed_TT Huế,Min_Absolute_Temperature_lag7,0.10755683053282711
squeezed_TT Huế,Min_Absolute_Temperature_lag8,0.13578328014010513
squeezed_TT Huế,Min_Absolute_Temperature_lag9,0.009193084871509622
squeezed_TT Huế,Min_Absolute_Temperature_lag10,0.014983948895976415
squeezed_TT Huế,Min_Absolute_Temperature_lag11,0.014845011129896099
squeezed_TT Huế,Min_Absolute_Temperature_lag12,0.2520126792807876
squeezed_TT Huế,Average_Humidity_lag1,0.019462182445857477
squeezed_TT Huế,Average_Humidity_lag2,0.016741033004133907
squeezed_TT Huế,Average_Humidity_lag3,0.0010973890838326438
squeezed_TT Huế,Average_Humidity_lag4,0.08041297792329281
squeezed_TT Huế,Average_Humidity_lag5,0.1436303559409129
squeezed_TT Huế,Average_Humidity_lag6,0.010964511055940374
squeezed_TT Huế,Average_Humidity_lag7,0.05168034104879252
squeezed_TT Huế,Average_Humidity_lag8,0.08551834948485121
squeezed_TT Huế,Average_Humidity_lag9,0.352191514881786
squeezed_TT Huế,Average_Humidity_lag10,0.034953708096819705
squeezed_TT Huế,Average_Humidity_lag11,0.06391413419464605
squeezed_TT Huế,Average_Humidity_lag12,0.10020721112133181
squeezed_TT Huế,Min_Humidity_lag1,0.012161889882457373
squeezed_TT Huế,Min_Humidity_lag2,0.14156623298725537
squeezed_TT Huế,Min_Humidity_lag3,0.0476887122833265
squeezed_TT Huế,Min_Humidity_lag4,0.01567027295384668
squeezed_TT Huế,Min_Humidity_lag5,0.05402632205323372
squeezed_TT Huế,Min_Humidity_lag6,0.006339243132055298
squeezed_TT Huế,Min_Humidity_lag7,0.19085010971469707
squeezed_TT Huế,Min_Humidity_lag8,0.04231686878610169
squeezed_TT Huế,Min_Humidity_lag9,0.010807611338056826
squeezed_TT Huế,Min_Humidity_lag10,0.006951858386959414
squeezed_TT Huế,Min_Humidity_lag11,0.09836430613102526
squeezed_TT Huế,Min_Humidity_lag12,0.03146433769191018
squeezed_TT Huế,n_hours_sunshine_lag1,0.06406812093145552
squeezed_TT Huế,n_hours_sunshine_lag2,0.22480348056331192
squeezed_TT Huế,n_hours_sunshine_lag3,0.03652863646152749
squeezed_TT Huế,n_hours_sunshine_lag4,0.5202458351531601
squeezed_TT Huế,n_hours_sunshine_lag5,0.014009386930284322
squeezed_TT Huế,n_hours_sunshine_lag6,0.08724736874337415
squeezed_TT Huế,n_hours_sunshine_lag7,0.05526006368543999
squeezed_TT Huế,n_hours_sunshine_lag8,0.07116875242326264
squeezed_TT Huế,n_hours_sunshine_lag9,0.0359823393460716
squeezed_TT Huế,n_hours_sunshine_lag10,0.056225934400748495
squeezed_TT Huế,n_hours_sunshine_lag11,0.04453538325178588
squeezed_TT Huế,n_hours_sunshine_lag12,0.07390960222823488
squeezed_TT Huế,population_male_lag1,0.0
squeezed_TT Huế,population_male_lag2,0.05147588720799487
squeezed_TT Huế,population_male_lag3,0.006532974915358466
squeezed_TT Huế,population_male_lag4,0.2717082840366883
squeezed_TT Huế,population_male_lag5,0.0
squeezed_TT Huế,population_male_lag6,0.0015446981600757638
squeezed_TT Huế,population_male_lag7,0.007500840680091664
squeezed_TT Huế,population_male_lag8,0.0
squeezed_TT Huế,population_male_lag9,0.0
squeezed_TT Huế,population_male_lag10,0.3092945111156807
squeezed_TT Huế,population_male_lag11,0.0
squeezed_TT Huế,population_male_lag12,0.012511838516288223
squeezed_TT Huế,population_female_lag1,0.0
squeezed_TT Huế,population_female_lag2,0.005143192044302672
squeezed_TT Huế,population_female_lag3,0.0
squeezed_TT Huế,population_female_lag4,0.0
squeezed_TT Huế,population_female_lag5,0.014523973097262695
squeezed_TT Huế,population_female_lag6,0.23036982957142602
squeezed_TT Huế,population_female_lag7,0.0
squeezed_TT Huế,population_female_lag8,0.0
squeezed_TT Huế,population_female_lag9,0.004572867369352188
squeezed_TT Huế,population_female_lag10,0.02797649854839764
squeezed_TT Huế,population_female_lag11,0.0
squeezed_TT Huế,population_female_lag12,0.0
squeezed_TT Huế,population_urban_lag1,0.16438746149670466
squeezed_TT Huế,population_urban_lag2,0.03189811662916537
squeezed_TT Huế,population_urban_lag3,0.006277730658592781
squeezed_TT Huế,population_urban_lag4,0.0033228763604542526
squeezed_TT Huế,population_urban_lag5,0.08962982780840388
squeezed_TT Huế,population_urban_lag6,0.18380646571450668
squeezed_TT Huế,population_urban_lag7,0.8831177524374371
squeezed_TT Huế,population_urban_lag8,0.0
squeezed_TT Huế,population_urban_lag9,0.0030509772783779755
squeezed_TT Huế,population_urban_lag10,0.00561878305157941
squeezed_TT Huế,population_urban_lag11,0.7376512186893857
squeezed_TT Huế,population_urban_lag12,0.040209072836854064
squeezed_TT Huế,population_countryside_lag1,0.00649943449506386
squeezed_TT Huế,population_countryside_lag2,0.020496126504499796
squeezed_TT Huế,population_countryside_lag3,0.00618614343161156
squeezed_TT Huế,population_countryside_lag4,0.01777543561712048
squeezed_TT Huế,population_countryside_lag5,0.0
squeezed_TT Huế,population_countryside_lag6,0.008224182547354745
squeezed_TT Huế,population_countryside_lag7,0.0065390106878483656
squeezed_TT Huế,population_countryside_lag8,0.0
squeezed_TT Huế,population_countryside_lag9,0.0
squeezed_TT Huế,population_countryside_lag10,0.0
squeezed_TT Huế,population_countryside_lag11,0.016782500190793994
squeezed_TT Huế,population_countryside_lag12,0.05882175225158042
squeezed_TT Huế,Dengue_fever_rates_lag1,0.45604893823077
squeezed_TT Huế,Dengue_fever_rates_lag2,0.016587888863959847
squeezed_TT Huế,Dengue_fever_rates_lag3,0.05658690318840295
squeezed_TT Huế,Dengue_fever_rates_lag4,0.016259210450632333
squeezed_TT Huế,Dengue_fever_rates_lag5,0.005586268298922308
squeezed_TT Huế,Dengue_fever_rates_lag6,0.05044875017910652
squeezed_TT Huế,Dengue_fever_rates_lag7,0.025942453016273695
squeezed_TT Huế,Dengue_fever_rates_lag8,0.20286881376582508
squeezed_TT Huế,Dengue_fever_rates_lag9,0.03766391861047777
squeezed_TT Huế,Dengue_fever_rates_lag10,0.09863261414184132
squeezed_TT Huế,Dengue_fever_rates_lag11,0.23232302201903085
squeezed_TT Huế,Dengue_fever_rates_lag12,0.028802004979715818
squeezed_TT Huế,Influenza_rates_lag1,0.09678211696482593
squeezed_TT Huế,Influenza_rates_lag2,0.32405564947050836
squeezed_TT Huế,Influenza_rates_lag3,0.11288610775163188
squeezed_TT Huế,Influenza_rates_lag4,0.022249693529325126
squeezed_TT Huế,Influenza_rates_lag5,0.10949318520650826
squeezed_TT Huế,Influenza_rates_lag6,0.16760006675780972
squeezed_TT Huế,Influenza_rates_lag7,0.25488138426477025
squeezed_TT Huế,Influenza_rates_lag8,0.04380081495282012
squeezed_TT Huế,Influenza_rates_lag9,0.021623421109196395
squeezed_TT Huế,Influenza_rates_lag10,0.23906108404080703
squeezed_TT Huế,Influenza_rates_lag11,0.5986648001368662
squeezed_TT Huế,Influenza_rates_lag12,0.09556904114430881
squeezed_TT Huế,Diarrhoea_rates_rollmean_3,5.675587876060914
squeezed_TT Huế,Diarrhoea_rates_rollstd_3,0.12415784190399554
squeezed_TT Huế,Diarrhoea_rates_rollmean_6,2.0905437069623827
squeezed_TT Huế,Diarrhoea_rates_rollstd_6,0.051819950160317346
squeezed_TT Huế,month_sin,1.8903055723648754
squeezed_TT Huế,month_cos,0.6654039686441005
squeezed_Thanh Hóa,Total_Evaporation,0.025694897065960218
squeezed_Thanh Hóa,Total_Rainfall,0.04923237721880893
squeezed_Thanh Hóa,Max_Daily_Rainfall,0.059070415378594664
squeezed_Thanh Hóa,n_raining_days,0.07299439291779977
squeezed_Thanh Hóa,Average_temperature,0.06049658422785384
squeezed_Thanh Hóa,Max_Average_Temperature,0.11951924659422213
squeezed_Thanh Hóa,Min_Average_Temperature,0.006964070243375497
squeezed_Thanh Hóa,Max_Absolute_Temperature,0.05368632605331005
squeezed_Thanh Hóa,Min_Absolute_Temperature,0.33450068189196247
squeezed_Thanh Hóa,Average_Humidity,0.019693563069458884
squeezed_Thanh Hóa,Min_Humidity,0.07979386997636749
squeezed_Thanh Hóa,n_hours_sunshine,0.15033193889656707
squeezed_Thanh Hóa,population_male,0.02830859488963483
squeezed_Thanh Hóa,population_female,0.0021128505582108962
squeezed_Thanh Hóa,population_urban,0.13994253671264106
squeezed_Thanh Hóa,population_countryside,0.014640475582919435
squeezed_Thanh Hóa,Diarrhoea_rates,30.55033004167532
squeezed_Thanh Hóa,Diarrhoea_rates_lag1,10.168256726242356
squeezed_Thanh Hóa,Diarrhoea_rates_lag2,1.725079322298556
squeezed_Thanh Hóa,Diarrhoea_rates_lag3,0.04192239420779902
squeezed_Thanh Hóa,Diarrhoea_rates_lag4,1.5531439392615756
squeezed_Thanh Hóa,Diarrhoea_rates_lag5,0.7605900362022086
squeezed_Thanh Hóa,Diarrhoea_rates_lag6,1.3082407574558534
squeezed_Thanh Hóa,Diarrhoea_rates_lag7,0.19031204728069614
squeezed_Thanh Hóa,Diarrhoea_rates_lag8,0.6449374442504718
squeezed_Thanh Hóa,Diarrhoea_rates_lag9,0.25022028886523756
squeezed_Thanh Hóa,Diarrhoea_rates_lag10,0.8507452737169552
squeezed_Thanh Hóa,Diarrhoea_rates_lag11,1.3991109667114572
squeezed_Thanh Hóa,Diarrhoea_rates_lag12,0.565645466806243
squeezed_Thanh Hóa,Total_Evaporation_lag1,0.020691320087925492
squeezed_Thanh Hóa,Total_Evaporation_lag2,0.253606345537035
squeezed_Thanh Hóa,Total_Evaporation_lag3,0.04477308720515677
squeezed_Thanh Hóa,Total_Evaporation_lag4,0.014736806004024076
squeezed_Thanh Hóa,Total_Evaporation_lag5,0.029530338192780604
squeezed_Thanh Hóa,Total_Evaporation_lag6,0.020495297673942748
squeezed_Thanh Hóa,Total_Evaporation_lag7,0.022581878426066432
squeezed_Thanh Hóa,Total_Evaporation_lag8,0.06942925331784133
squeezed_Thanh Hóa,Total_Evaporation_lag9,0.009829476725850593
squeezed_Thanh Hóa,Total_Evaporation_lag10,0.0
squeezed_Thanh Hóa,Total_Evaporation_lag11,0.21730037175459962
squeezed_Thanh Hóa,Total_Evaporation_lag12,0.068057995034207
squeezed_Thanh Hóa,Total_Rainfall_lag1,0.49131857037447
squeezed_Thanh Hóa,Total_Rainfall_lag2,0.43258554849023795
squeezed_Thanh Hóa,Total_Rainfall_lag3,0.04897375364130111
squeezed_Thanh Hóa,Total_Rainfall_lag4,0.1064934282861172
squeezed_Thanh Hóa,Total_Rainfall_lag5,0.009594183539228031
squeezed_Thanh Hóa,Total_Rainfall_lag6,0.0379420194622171
squeezed_Thanh Hóa,Total_Rainfall_lag7,0.03787080766804466
squeezed_Thanh Hóa,Total_Rainfall_lag8,0.012664292898131225
squeezed_Thanh Hóa,Total_Rainfall_lag9,0.07568199235455735
squeezed_Thanh Hóa,Total_Rainfall_lag10,0.1095560934210927
squeezed_Thanh Hóa,Total_Rainfall_lag11,0.09982255006500633
squeezed_Thanh Hóa,Total_Rainfall_lag12,0.04834341301500347
squeezed_Thanh Hóa,Max_Daily_Rainfall_lag1,0.12312200667098698
squeezed_Thanh Hóa,Max_Daily_Rainfall_lag2,0.11244254141636402
squeezed_Thanh Hóa,Max_Daily_Rainfall_lag3,0.014784116898156513
squeezed_Thanh Hóa,Max_Daily_Rainfall_lag4,0.03869281376938576
squeezed_Thanh Hóa,Max_Daily_Rainfall_lag5,0.014080826610797195
squeezed_Thanh Hóa,Max_Daily_Rainfall_lag6,0.0664455492670941
squeezed_Thanh Hóa,Max_Daily_Rainfall_lag7,0.023416522448004722
squeezed_Thanh Hóa,Max_Daily_Rainfall_lag8,0.09220924044258982
squeezed_Thanh Hóa,Max_Daily_Rainfall_lag9,0.14984742088023337
squeezed_Thanh Hóa,Max_Daily_Rainfall_lag10,0.040331941968873235
squeezed_Thanh Hóa,Max_Daily_Rainfall_lag11,0.12977061833882036
squeezed_Thanh Hóa,Max_Daily_Rainfall_lag12,0.22412934787297425
squeezed_Thanh Hóa,n_raining_days_lag1,0.005289905949932664
squeezed_Thanh Hóa,n_raining_days_lag2,0.0864436083465172
squeezed_Thanh Hóa,n_raining_days_lag3,0.015510136095894201
squeezed_Thanh Hóa,n_raining_days_lag4,0.009633508976743586
squeezed_Thanh Hóa,n_raining_days_lag5,0.0029535822201423134
squeezed_Thanh Hóa,n_raining_days_lag6,0.00631483684751431
squeezed_Thanh Hóa,n_raining_days_lag7,0.0
squeezed_Thanh Hóa,n_raining_days_lag8,0.016962443091818467
squeezed_Thanh Hóa,n_raining_days_lag9,0.08362087724856243
squeezed_Thanh Hóa,n_raining_days_lag10,0.09741741323695896
squeezed_Thanh Hóa,n_raining_days_lag11,0.007779356471217018
squeezed_Thanh Hóa,n_raining_days_lag12,0.047584110054774
squeezed_Thanh Hóa,Average_temperature_lag1,0.04508268944313202
squeezed_Thanh Hóa,Average_temperature_lag2,0.0
squeezed_Thanh Hóa,Average_temperature_lag3,0.1367838453711018
squeezed_Thanh Hóa,Average_temperature_lag4,0.007013797979578132
squeezed_Thanh Hóa,Average_temperature_lag5,0.029785181473827485
squeezed_Thanh Hóa,Average_temperature_lag6,0.046108003538299504
squeezed_Thanh Hóa,Average_temperature_lag7,0.10271885338473707
squeezed_Thanh Hóa,Average_temperature_lag8,0.04008621918649885
squeezed_Thanh Hóa,Average_temperature_lag9,0.041360360982250315
squeezed_Thanh Hóa,Average_temperature_lag10,0.008537884427117276
squeezed_Thanh Hóa,Average_temperature_lag11,0.07079102909188877
squeezed_Thanh Hóa,Average_temperature_lag12,0.042298944829848056
squeezed_Thanh Hóa,Max_Average_Temperature_lag1,0.17141375172165996
squeezed_Thanh Hóa,Max_Average_Temperature_lag2,0.27538335821169724
squeezed_Thanh Hóa,Max_Average_Temperature_lag3,0.08886836616357914
squeezed_Thanh Hóa,Max_Average_Temperature_lag4,0.005236248952355593
squeezed_Thanh Hóa,Max_Average_Temperature_lag5,0.19285399457990213
squeezed_Thanh Hóa,Max_Average_Temperature_lag6,0.02245722500001113
squeezed_Thanh Hóa,Max_Average_Temperature_lag7,0.033181518648627555
squeezed_Thanh Hóa,Max_Average_Temperature_lag8,0.25636946531501337
squeezed_Thanh Hóa,Max_Average_Temperature_lag9,0.005491389906498931
squeezed_Thanh Hóa,Max_Average_Temperature_lag10,0.07184004293580652
squeezed_Thanh Hóa,Max_Average_Temperature_lag11,0.09220100205472663
squeezed_Thanh Hóa,Max_Average_Temperature_lag12,0.12495859315361062
squeezed_Thanh Hóa,Min_Average_Temperature_lag1,0.013916896566421309
squeezed_Thanh Hóa,Min_Average_Temperature_lag2,0.051505496351362944
squeezed_Thanh Hóa,Min_Average_Temperature_lag3,0.04553230612234125
squeezed_Thanh Hóa,Min_Average_Temperature_lag4,0.18986525159230613
squeezed_Thanh Hóa,Min_Average_Temperature_lag5,0.013509524386315695
squeezed_Thanh Hóa,Min_Average_Temperature_lag6,0.036194051878796235
squeezed_Thanh Hóa,Min_Average_Temperature_lag7,0.07186954473438496
squeezed_Thanh Hóa,Min_Average_Temperature_lag8,0.00967056211226989
squeezed_Thanh Hóa,Min_Average_Temperature_lag9,0.008472424125030782
squeezed_Thanh Hóa,Min_Average_Temperature_lag10,0.032351220294454926
squeezed_Thanh Hóa,Min_Average_Temperature_lag11,0.13339410766195017
squeezed_Thanh Hóa,Min_Average_Temperature_lag12,0.08610610740193197
squeezed_Thanh Hóa,Max_Absolute_Temperature_lag1,0.2551325193117287
squeezed_Thanh Hóa,Max_Absolute_Temperature_lag2,0.05645862839787023
squeezed_Thanh Hóa,Max_Absolute_Temperature_lag3,0.02993804018558853
squeezed_Thanh Hóa,Max_Absolute_Temperature_lag4,0.09762739655025221
squeezed_Thanh Hóa,Max_Absolute_Temperature_lag5,0.0382215400358852
squeezed_Thanh Hóa,Max_Absolute_Temperature_lag6,0.006207198794424918
squeezed_Thanh Hóa,Max_Absolute_Temperature_lag7,0.21966864311225134
squeezed_Thanh Hóa,Max_Absolute_Temperature_lag8,0.013133450524598638
squeezed_Thanh Hóa,Max_Absolute_Temperature_lag9,0.0024959486227122438
squeezed_Thanh Hóa,Max_Absolute_Temperature_lag10,0.05425822088221108
squeezed_Thanh Hóa,Max_Absolute_Temperature_lag11,0.09564840306418287
squeezed_Thanh Hóa,Max_Absolute_Temperature_lag12,0.03220958901812607
squeezed_Thanh Hóa,Min_Absolute_Temperature_lag1,0.03381395257320283
squeezed_Thanh Hóa,Min_Absolute_Temperature_lag2,0.10996243947067412
squeezed_Thanh Hóa,Min_Absolute_Temperature_lag3,0.15261577750942493
squeezed_Thanh Hóa,Min_Absolute_Temperature_lag4,0.2936725024873415
squeezed_Thanh Hóa,Min_Absolute_Temperature_lag5,0.06670449155946927
squeezed_Thanh Hóa,Min_Absolute_Temperature_lag6,0.034934920728033295
squeezed_Thanh Hóa,Min_Absolute_Temperature_lag7,0.11197600889859723
squeezed_Thanh Hóa,Min_Absolute_Temperature_lag8,0.10377541764057663
squeezed_Thanh Hóa,Min_Absolute_Temperature_lag9,0.02762659156758091
squeezed_Thanh Hóa,Min_Absolute_Temperature_lag10,0.023395433298959784
squeezed_Thanh Hóa,Min_Absolute_Temperature_lag11,0.026859537399272663
squeezed_Thanh Hóa,Min_Absolute_Temperature_lag12,0.28436725137237234
squeezed_Thanh Hóa,Average_Humidity_lag1,0.01566147922987339
squeezed_Thanh Hóa,Average_Humidity_lag2,0.01914643468884322
squeezed_Thanh Hóa,Average_Humidity_lag3,0.0008824700537509418
squeezed_Thanh Hóa,Average_Humidity_lag4,0.05949786273086701
squeezed_Thanh Hóa,Average_Humidity_lag5,0.0793949003646419
squeezed_Thanh Hóa,Average_Humidity_lag6,0.00956776741918974
squeezed_Thanh Hóa,Average_Humidity_lag7,0.03281111764311448
squeezed_Thanh Hóa,Average_Humidity_lag8,0.06715471596198715
squeezed_Thanh Hóa,Average_Humidity_lag9,0.04262275704371474
squeezed_Thanh Hóa,Average_Humidity_lag10,0.026423248664897023
squeezed_Thanh Hóa,Average_Humidity_lag11,0.022061384735115996
squeezed_Thanh Hóa,Average_Humidity_lag12,0.07613623682707307
squeezed_Thanh Hóa,Min_Humidity_lag1,0.01605971711827441
squeezed_Thanh Hóa,Min_Humidity_lag2,0.09390834810709096
squeezed_Thanh Hóa,Min_Humidity_lag3,0.07329276323549345
squeezed_Thanh Hóa,Min_Humidity_lag4,0.011812727533697262
squeezed_Thanh Hóa,Min_Humidity_lag5,0.011629850320627974
squeezed_Thanh Hóa,Min_Humidity_lag6,0.004201242266963458
squeezed_Thanh Hóa,Min_Humidity_lag7,0.11488164464243222
squeezed_Thanh Hóa,Min_Humidity_lag8,0.03267915682048881
squeezed_Thanh Hóa,Min_Humidity_lag9,0.014538796873244325
squeezed_Thanh Hóa,Min_Humidity_lag10,0.006345736472203274
squeezed_Thanh Hóa,Min_Humidity_lag11,0.06047907401564936
squeezed_Thanh Hóa,Min_Humidity_lag12,0.02486302352201943
squeezed_Thanh Hóa,n_hours_sunshine_lag1,0.041582561235027606
squeezed_Thanh Hóa,n_hours_sunshine_lag2,0.09658541498406971
squeezed_Thanh Hóa,n_hours_sunshine_lag3,0.04855112768928737
squeezed_Thanh Hóa,n_hours_sunshine_lag4,0.12360452398363098
squeezed_Thanh Hóa,n_hours_sunshine_lag5,0.005629962978642068
squeezed_Thanh Hóa,n_hours_sunshine_lag6,0.10093333626419994
squeezed_Thanh Hóa,n_hours_sunshine_lag7,0.030082793936958035
squeezed_Thanh Hóa,n_hours_sunshine_lag8,0.030566947124869282
squeezed_Thanh Hóa,n_hours_sunshine_lag9,0.007047495196615221
squeezed_Thanh Hóa,n_hours_sunshine_lag10,0.06777733649048324
squeezed_Thanh Hóa,n_hours_sunshine_lag11,0.016894365836991516
squeezed_Thanh Hóa,n_hours_sunshine_lag12,0.07649391876316794
squeezed_Thanh Hóa,population_male_lag1,0.0
squeezed_Thanh Hóa,population_male_lag2,0.051129820102390415
squeezed_Thanh Hóa,population_male_lag3,0.006532974915358466
squeezed_Thanh Hóa,population_male_lag4,0.26934870916502074
squeezed_Thanh Hóa,population_male_lag5,0.0
squeezed_Thanh Hóa,population_male_lag6,0.0008259327011784324
squeezed_Thanh Hóa,population_male_lag7,0.004605185251969631
squeezed_Thanh Hóa,population_male_lag8,0.0
squeezed_Thanh Hóa,population_male_lag9,0.0
squeezed_Thanh Hóa,population_male_lag10,0.3116994849870282
squeezed_Thanh Hóa,population_male_lag11,0.0
squeezed_Thanh Hóa,population_male_lag12,0.013845379554215704
squeezed_Thanh Hóa,population_female_lag1,0.0
squeezed_Thanh Hóa,population_female_lag2,0.005216398089286437
squeezed_Thanh Hóa,population_female_lag3,0.0
squeezed_Thanh Hóa,population_female_lag4,0.0
squeezed_Thanh Hóa,population_female_lag5,0.009712159907147244
squeezed_Thanh Hóa,population_female_lag6,0.04761378006543856
squeezed_Thanh Hóa,population_female_lag7,0.0
squeezed_Thanh Hóa,population_female_lag8,0.0
squeezed_Thanh Hóa,population_female_lag9,0.0012646868920509417
squeezed_Thanh Hóa,population_female_lag10,0.002871389087268923
squeezed_Thanh Hóa,population_female_lag11,0.0
squeezed_Thanh Hóa,population_female_lag12,0.0
squeezed_Thanh Hóa,population_urban_lag1,0.1654740964432523
squeezed_Thanh Hóa,population_urban_lag2,0.03171117105161179
squeezed_Thanh Hóa,population_urban_lag3,0.007888141613453572
squeezed_Thanh Hóa,population_urban_lag4,0.0032655093505900394
squeezed_Thanh Hóa,population_urban_lag5,0.09050540453274143
squeezed_Thanh Hóa,population_urban_lag6,0.003566872951539103
squeezed_Thanh Hóa,population_urban_lag7,0.2158259280533058
squeezed_Thanh Hóa,population_urban_lag8,0.0
squeezed_Thanh Hóa,population_urban_lag9,0.0030509772783779755
squeezed_Thanh Hóa,population_urban_lag10,0.0030909188119038274
squeezed_Thanh Hóa,population_urban_lag11,0.7484662204866787
squeezed_Thanh Hóa,population_urban_lag12,0.043894479391630235
squeezed_Thanh Hóa,population_countryside_lag1,0.005717425419425353
squeezed_Thanh Hóa,population_countryside_lag2,0.022212857010741896
squeezed_Thanh Hóa,population_countryside_lag3,0.0047752521096168015
squeezed_Thanh Hóa,population_countryside_lag4,0.013701941642592056
squeezed_Thanh Hóa,population_countryside_lag5,0.0
squeezed_Thanh Hóa,population_countryside_lag6,0.04027865860071945
squeezed_Thanh Hóa,population_countryside_lag7,0.10978387980956189
squeezed_Thanh Hóa,population_countryside_lag8,0.0
squeezed_Thanh Hóa,population_countryside_lag9,0.0
squeezed_Thanh Hóa,population_countryside_lag10,0.0
squeezed_Thanh Hóa,population_countryside_lag11,0.06028644408591092
squeezed_Thanh Hóa,population_countryside_lag12,0.15591590974003952
squeezed_Thanh Hóa,Dengue_fever_rates_lag1,0.21336703116572897
squeezed_Thanh Hóa,Dengue_fever_rates_lag2,0.04249499676616597
squeezed_Thanh Hóa,Dengue_fever_rates_lag3,0.05890195023678011
squeezed_Thanh Hóa,Dengue_fever_rates_lag4,0.013901671106679987
squeezed_Thanh Hóa,Dengue_fever_rates_lag5,0.004211522584734396
squeezed_Thanh Hóa,Dengue_fever_rates_lag6,0.04233545733445491
squeezed_Thanh Hóa,Dengue_fever_rates_lag7,0.007384174470014048
squeezed_Thanh Hóa,Dengue_fever_rates_lag8,0.1522962573121458
squeezed_Thanh Hóa,Dengue_fever_rates_lag9,0.025005413167000074
squeezed_Thanh Hóa,Dengue_fever_rates_lag10,0.27887309637395474
squeezed_Thanh Hóa,Dengue_fever_rates_lag11,0.3209334468674893
squeezed_Thanh Hóa,Dengue_fever_rates_lag12,0.02502459390497476
squeezed_Thanh Hóa,Influenza_rates_lag1,0.08966919756998903
squeezed_Thanh Hóa,Influenza_rates_lag2,0.29149238293266033
squeezed_Thanh Hóa,Influenza_rates_lag3,0.11144088683014886
squeezed_Thanh Hóa,Influenza_rates_lag4,0.014488945107607338
squeezed_Thanh Hóa,Influenza_rates_lag5,0.10726204402382226
squeezed_Thanh Hóa,Influenza_rates_lag6,0.08220563149481086
squeezed_Thanh Hóa,Influenza_rates_lag7,0.113877871264264
squeezed_Thanh Hóa,Influenza_rates_lag8,0.053667841691716435
squeezed_Thanh Hóa,Influenza_rates_lag9,0.01990449358619456
squeezed_Thanh Hóa,Influenza_rates_lag10,0.20906723972617192
squeezed_Thanh Hóa,Influenza_rates_lag11,0.182728333842185
squeezed_Thanh Hóa,Influenza_rates_lag12,0.1913815918358525
squeezed_Thanh Hóa,Diarrhoea_rates_rollmean_3,9.672543274157178
squeezed_Thanh Hóa,Diarrhoea_rates_rollstd_3,0.1304819757788246
squeezed_Thanh Hóa,Diarrhoea_rates_rollmean_6,2.2085253954467126
squeezed_Thanh Hóa,Diarrhoea_rates_rollstd_6,0.03874868732694316
squeezed_Thanh Hóa,month_sin,2.0234474141209176
squeezed_Thanh Hóa,month_cos,0.7521242328275072
squeezed_Thái Bình,Total_Evaporation,0.023741288642782674
squeezed_Thái Bình,Total_Rainfall,0.04628900368517882
squeezed_Thái Bình,Max_Daily_Rainfall,0.16560914466849241
squeezed_Thái Bình,n_raining_days,0.0898221744650259
squeezed_Thái Bình,Average_temperature,0.06390753703146597
squeezed_Thái Bình,Max_Average_Temperature,0.09626403654247967
squeezed_Thái Bình,Min_Average_Temperature,0.021983219198599496
squeezed_Thái Bình,Max_Absolute_Temperature,0.17422607065021575
squeezed_Thái Bình,Min_Absolute_Temperature,0.41600806408260915
squeezed_Thái Bình,Average_Humidity,0.10195161032589715
squeezed_Thái Bình,Min_Humidity,0.3494396654124987
squeezed_Thái Bình,n_hours_sunshine,0.8770730498527449
squeezed_Thái Bình,population_male,0.10447188571877962
squeezed_Thái Bình,population_female,0.030495173703085396
squeezed_Thái Bình,population_urban,0.13592601603117366
squeezed_Thái Bình,population_countryside,0.0771072747455591
squeezed_Thái Bình,Diarrhoea_rates,94.51449313301144
squeezed_Thái Bình,Diarrhoea_rates_lag1,26.434606682136504
squeezed_Thái Bình,Diarrhoea_rates_lag2,4.903379331754121
squeezed_Thái Bình,Diarrhoea_rates_lag3,3.126470176743369
squeezed_Thái Bình,Diarrhoea_rates_lag4,5.463219250340703
squeezed_Thái Bình,Diarrhoea_rates_lag5,4.791830631910879
squeezed_Thái Bình,Diarrhoea_rates_lag6,3.3207766317077354
squeezed_Thái Bình,Diarrhoea_rates_lag7,0.5464799409632565
squeezed_Thái Bình,Diarrhoea_rates_lag8,0.8160329162598824
squeezed_Thái Bình,Diarrhoea_rates_lag9,1.2758473820710112
squeezed_Thái Bình,Diarrhoea_rates_lag10,0.7559534342118067
squeezed_Thái Bình,Diarrhoea_rates_lag11,8.031161012667487
squeezed_Thái Bình,Diarrhoea_rates_lag12,4.496477462147357
squeezed_Thái Bình,Total_Evaporation_lag1,0.05791642571589431
squeezed_Thái Bình,Total_Evaporation_lag2,1.1605308505839766
squeezed_Thái Bình,Total_Evaporation_lag3,0.07272288327910725
squeezed_Thái Bình,Total_Evaporation_lag4,0.009478948991777177
squeezed_Thái Bình,Total_Evaporation_lag5,0.056240857952999934
squeezed_Thái Bình,Total_Evaporation_lag6,0.08069769772022861
squeezed_Thái Bình,Total_Evaporation_lag7,0.18572166993961683
squeezed_Thái Bình,Total_Evaporation_lag8,0.7391673653165323
squeezed_Thái Bình,Total_Evaporation_lag9,0.2528052860707877
squeezed_Thái Bình,Total_Evaporation_lag10,0.0
squeezed_Thái Bình,Total_Evaporation_lag11,0.253524652003539
squeezed_Thái Bình,Total_Evaporation_lag12,0.07448284771678056
squeezed_Thái Bình,Total_Rainfall_lag1,0.5357159604770515
squeezed_Thái Bình,Total_Rainfall_lag2,0.7262939613596489
squeezed_Thái Bình,Total_Rainfall_lag3,0.10134468359148169
squeezed_Thái Bình,Total_Rainfall_lag4,0.1716364101556195
squeezed_Thái Bình,Total_Rainfall_lag5,0.009888364116596679
squeezed_Thái Bình,Total_Rainfall_lag6,0.056716086217213295
squeezed_Thái Bình,Total_Rainfall_lag7,0.1480312127730293
squeezed_Thái Bình,Total_Rainfall_lag8,0.05367038735421049
squeezed_Thái Bình,Total_Rainfall_lag9,0.18637753839379056
squeezed_Thái Bình,Total_Rainfall_lag10,0.6375565189398295
squeezed_Thái Bình,Total_Rainfall_lag11,0.2623732172129456
squeezed_Thái Bình,Total_Rainfall_lag12,0.05917013077270933
squeezed_Thái Bình,Max_Daily_Rainfall_lag1,0.12432438978643666
squeezed_Thái Bình,Max_Daily_Rainfall_lag2,0.32023275135618806
squeezed_Thái Bình,Max_Daily_Rainfall_lag3,0.016437959514496874
squeezed_Thái Bình,Max_Daily_Rainfall_lag4,0.28866764065247
squeezed_Thái Bình,Max_Daily_Rainfall_lag5,0.013718315412162138
squeezed_Thái Bình,Max_Daily_Rainfall_lag6,0.26962263773294737
squeezed_Thái Bình,Max_Daily_Rainfall_lag7,0.42640414009264377
squeezed_Thái Bình,Max_Daily_Rainfall_lag8,0.9090006211030137
squeezed_Thái Bình,Max_Daily_Rainfall_lag9,0.4764186562579162
squeezed_Thái Bình,Max_Daily_Rainfall_lag10,0.45357363075211476
squeezed_Thái Bình,Max_Daily_Rainfall_lag11,1.3352297830732331
squeezed_Thái Bình,Max_Daily_Rainfall_lag12,0.6273985875604802
squeezed_Thái Bình,n_raining_days_lag1,0.010669252633570608
squeezed_Thái Bình,n_raining_days_lag2,0.09480367831687099
squeezed_Thái Bình,n_raining_days_lag3,0.10160556684342943
squeezed_Thái Bình,n_raining_days_lag4,0.04369238355720686
squeezed_Thái Bình,n_raining_days_lag5,0.002919779597111191
squeezed_Thái Bình,n_raining_days_lag6,0.004931782338145837
squeezed_Thái Bình,n_raining_days_lag7,0.0
squeezed_Thái Bình,n_raining_days_lag8,0.10621445367018005
squeezed_Thái Bình,n_raining_days_lag9,0.10865317183766711
squeezed_Thái Bình,n_raining_days_lag10,0.21239346409445792
squeezed_Thái Bình,n_raining_days_lag11,0.05892340886965892
squeezed_Thái Bình,n_raining_days_lag12,0.08742776853464738
squeezed_Thái Bình,Average_temperature_lag1,0.05260149554114518
squeezed_Thái Bình,Average_temperature_lag2,0.0
squeezed_Thái Bình,Average_temperature_lag3,0.14516882316854005
squeezed_Thái Bình,Average_temperature_lag4,0.006931495119503416
squeezed_Thái Bình,Average_temperature_lag5,0.16122807376705445
squeezed_Thái Bình,Average_temperature_lag6,0.053287706347869834
squeezed_Thái Bình,Average_temperature_lag7,0.1153735340202552
squeezed_Thái Bình,Average_temperature_lag8,0.042156828643373556
squeezed_Thái Bình,Average_temperature_lag9,0.20313832104489907
squeezed_Thái Bình,Average_temperature_lag10,0.5411260484514124
squeezed_Thái Bình,Average_temperature_lag11,0.1382271169525248
squeezed_Thái Bình,Average_temperature_lag12,0.04601140381137352
squeezed_Thái Bình,Max_Average_Temperature_lag1,0.11461493201183943
squeezed_Thái Bình,Max_Average_Temperature_lag2,0.35537833239537225
squeezed_Thái Bình,Max_Average_Temperature_lag3,0.4099395381105566
squeezed_Thái Bình,Max_Average_Temperature_lag4,0.012961239778553473
squeezed_Thái Bình,Max_Average_Temperature_lag5,0.23350494230376928
squeezed_Thái Bình,Max_Average_Temperature_lag6,0.06274377637003793
squeezed_Thái Bình,Max_Average_Temperature_lag7,0.25703053181642815
squeezed_Thái Bình,Max_Average_Temperature_lag8,0.6467770966479254
squeezed_Thái Bình,Max_Average_Temperature_lag9,0.09189264459382968
squeezed_Thái Bình,Max_Average_Temperature_lag10,0.1449397378799099
squeezed_Thái Bình,Max_Average_Temperature_lag11,0.2791280758368024
squeezed_Thái Bình,Max_Average_Temperature_lag12,0.13271123227083823
squeezed_Thái Bình,Min_Average_Temperature_lag1,0.013916896566421309
squeezed_Thái Bình,Min_Average_Temperature_lag2,0.18188512552577732
squeezed_Thái Bình,Min_Average_Temperature_lag3,0.034950490273160766
squeezed_Thái Bình,Min_Average_Temperature_lag4,0.9524590671088196
squeezed_Thái Bình,Min_Average_Temperature_lag5,0.013509524386315695
squeezed_Thái Bình,Min_Average_Temperature_lag6,0.017062650912025596
squeezed_Thái Bình,Min_Average_Temperature_lag7,0.21316571244354313
squeezed_Thái Bình,Min_Average_Temperature_lag8,0.01932073022645154
squeezed_Thái Bình,Min_Average_Temperature_lag9,0.00867087513888628
squeezed_Thái Bình,Min_Average_Temperature_lag10,0.3092666380094774
squeezed_Thái Bình,Min_Average_Temperature_lag11,0.3742921123318497
squeezed_Thái Bình,Min_Average_Temperature_lag12,0.20406328569530466
squeezed_Thái Bình,Max_Absolute_Temperature_lag1,0.31773262033085453
squeezed_Thái Bình,Max_Absolute_Temperature_lag2,0.1160307261019828
squeezed_Thái Bình,Max_Absolute_Temperature_lag3,0.12401324051463564
squeezed_Thái Bình,Max_Absolute_Temperature_lag4,0.2694841899527985
squeezed_Thái Bình,Max_Absolute_Temperature_lag5,0.22679278089153332
squeezed_Thái Bình,Max_Absolute_Temperature_lag6,0.08374550898950911
squeezed_Thái Bình,Max_Absolute_Temperature_lag7,0.3220005377873267
squeezed_Thái Bình,Max_Absolute_Temperature_lag8,0.026175171870810615
squeezed_Thái Bình,Max_Absolute_Temperature_lag9,0.03089227690228417
squeezed_Thái Bình,Max_Absolute_Temperature_lag10,0.12647465340592096
squeezed_Thái Bình,Max_Absolute_Temperature_lag11,0.13705335649348596
squeezed_Thái Bình,Max_Absolute_Temperature_lag12,0.16974170049842988
squeezed_Thái Bình,Min_Absolute_Temperature_lag1,0.03217852556263556
squeezed_Thái Bình,Min_Absolute_Temperature_lag2,0.12641322017358342
squeezed_Thái Bình,Min_Absolute_Temperature_lag3,0.7604998227457984
squeezed_Thái Bình,Min_Absolute_Temperature_lag4,0.6668138682611091
squeezed_Thái Bình,Min_Absolute_Temperature_lag5,0.34043948230101884
squeezed_Thái Bình,Min_Absolute_Temperature_lag6,0.052106510740720764
squeezed_Thái Bình,Min_Absolute_Temperature_lag7,0.1629309389525881
squeezed_Thái Bình,Min_Absolute_Temperature_lag8,0.10749719729204638
squeezed_Thái Bình,Min_Absolute_Temperature_lag9,0.03343599703883239
squeezed_Thái Bình,Min_Absolute_Temperature_lag10,0.04377614006972836
squeezed_Thái Bình,Min_Absolute_Temperature_lag11,0.20323616426840108
squeezed_Thái Bình,Min_Absolute_Temperature_lag12,0.4051565932455085
squeezed_Thái Bình,Average_Humidity_lag1,0.017508846824923298
squeezed_Thái Bình,Average_Humidity_lag2,0.059748317919323814
squeezed_Thái Bình,Average_Humidity_lag3,0.0017369382256875
squeezed_Thái Bình,Average_Humidity_lag4,0.06683455125278055
squeezed_Thái Bình,Average_Humidity_lag5,0.06245370347567297
squeezed_Thái Bình,Average_Humidity_lag6,0.039386072075619866
squeezed_Thái Bình,Average_Humidity_lag7,0.12206175726241349
squeezed_Thái Bình,Average_Humidity_lag8,0.16733955912121048
squeezed_Thái Bình,Average_Humidity_lag9,0.15251188092076465
squeezed_Thái Bình,Average_Humidity_lag10,0.010321242942021382
squeezed_Thái Bình,Average_Humidity_lag11,0.039770811990411534
squeezed_Thái Bình,Average_Humidity_lag12,0.2212173785917928
squeezed_Thái Bình,Min_Humidity_lag1,0.1075952466666515
squeezed_Thái Bình,Min_Humidity_lag2,0.31933997330255454
squeezed_Thái Bình,Min_Humidity_lag3,0.12207349598028226
squeezed_Thái Bình,Min_Humidity_lag4,0.06504619709649788
squeezed_Thái Bình,Min_Humidity_lag5,0.007366042301268296
squeezed_Thái Bình,Min_Humidity_lag6,0.008274985512805514
squeezed_Thái Bình,Min_Humidity_lag7,0.15470091140219075
squeezed_Thái Bình,Min_Humidity_lag8,0.09888529235789305
squeezed_Thái Bình,Min_Humidity_lag9,0.12905864774410433
squeezed_Thái Bình,Min_Humidity_lag10,0.018268938648517807
squeezed_Thái Bình,Min_Humidity_lag11,0.25518105063283153
squeezed_Thái Bình,Min_Humidity_lag12,0.16127047943269088
squeezed_Thái Bình,n_hours_sunshine_lag1,0.0489779045180703
squeezed_Thái Bình,n_hours_sunshine_lag2,0.17919522308876287
squeezed_Thái Bình,n_hours_sunshine_lag3,0.04099797941556078
squeezed_Thái Bình,n_hours_sunshine_lag4,0.1673986822806726
squeezed_Thái Bình,n_hours_sunshine_lag5,0.04005281707635597
squeezed_Thái Bình,n_hours_sunshine_lag6,0.10073978933309885
squeezed_Thái Bình,n_hours_sunshine_lag7,0.0651603484137552
squeezed_Thái Bình,n_hours_sunshine_lag8,0.028890331943572628
squeezed_Thái Bình,n_hours_sunshine_lag9,0.04243078014862692
squeezed_Thái Bình,n_hours_sunshine_lag10,0.06818667765005877
squeezed_Thái Bình,n_hours_sunshine_lag11,0.19421697375703253
squeezed_Thái Bình,n_hours_sunshine_lag12,0.13878158860229434
squeezed_Thái Bình,population_male_lag1,0.0
squeezed_Thái Bình,population_male_lag2,0.13995416586254
squeezed_Thái Bình,population_male_lag3,0.00635418143527411
squeezed_Thái Bình,population_male_lag4,0.27642743378002343
squeezed_Thái Bình,population_male_lag5,0.0
squeezed_Thái Bình,population_male_lag6,0.0008103937097084345
squeezed_Thái Bình,population_male_lag7,0.0005493174715324602
squeezed_Thái Bình,population_male_lag8,0.0
squeezed_Thái Bình,population_male_lag9,0.0
squeezed_Thái Bình,population_male_lag10,0.3219863181989637
squeezed_Thái Bình,population_male_lag11,0.0
squeezed_Thái Bình,population_male_lag12,0.013845379554215704
squeezed_Thái Bình,population_female_lag1,0.0
squeezed_Thái Bình,population_female_lag2,0.022208389181604647
squeezed_Thái Bình,population_female_lag3,0.0
squeezed_Thái Bình,population_female_lag4,0.0
squeezed_Thái Bình,population_female_lag5,0.061779450534679675
squeezed_Thái Bình,population_female_lag6,0.03510858351328778
squeezed_Thái Bình,population_female_lag7,0.0
squeezed_Thái Bình,population_female_lag8,0.0
squeezed_Thái Bình,population_female_lag9,0.008006201060136962
squeezed_Thái Bình,population_female_lag10,0.0028110818756900413
squeezed_Thái Bình,population_female_lag11,0.0
squeezed_Thái Bình,population_female_lag12,0.0
squeezed_Thái Bình,population_urban_lag1,0.14350147851803766
squeezed_Thái Bình,population_urban_lag2,0.26085202321883244
squeezed_Thái Bình,population_urban_lag3,0.025353500765212433
squeezed_Thái Bình,population_urban_lag4,0.014797290720386685
squeezed_Thái Bình,population_urban_lag5,0.12634709207312736
squeezed_Thái Bình,population_urban_lag6,0.0033864730390724654
squeezed_Thái Bình,population_urban_lag7,0.21966241253557986
squeezed_Thái Bình,population_urban_lag8,0.0
squeezed_Thái Bình,population_urban_lag9,0.0030509772783779755
squeezed_Thái Bình,population_urban_lag10,0.0015062626207381403
squeezed_Thái Bình,population_urban_lag11,0.7439045270407544
squeezed_Thái Bình,population_urban_lag12,0.08591984690282116
squeezed_Thái Bình,population_countryside_lag1,0.005717425419425353
squeezed_Thái Bình,population_countryside_lag2,0.00867257188652832
squeezed_Thái Bình,population_countryside_lag3,0.00530884373637349
squeezed_Thái Bình,population_countryside_lag4,0.01515511559888192
squeezed_Thái Bình,population_countryside_lag5,0.0
squeezed_Thái Bình,population_countryside_lag6,0.38117142253215053
squeezed_Thái Bình,population_countryside_lag7,0.09808264935597798
squeezed_Thái Bình,population_countryside_lag8,0.0
squeezed_Thái Bình,population_countryside_lag9,0.0
squeezed_Thái Bình,population_countryside_lag10,0.0
squeezed_Thái Bình,population_countryside_lag11,0.4246186036153469
squeezed_Thái Bình,population_countryside_lag12,0.1043938618337747
squeezed_Thái Bình,Dengue_fever_rates_lag1,0.8957095152483391
squeezed_Thái Bình,Dengue_fever_rates_lag2,0.020443488766730997
squeezed_Thái Bình,Dengue_fever_rates_lag3,0.0486319540464582
squeezed_Thái Bình,Dengue_fever_rates_lag4,0.011603211532773971
squeezed_Thái Bình,Dengue_fever_rates_lag5,0.00405877306093574
squeezed_Thái Bình,Dengue_fever_rates_lag6,0.08266968526655057
squeezed_Thái Bình,Dengue_fever_rates_lag7,0.07254852770266158
squeezed_Thái Bình,Dengue_fever_rates_lag8,0.13605843940352638
squeezed_Thái Bình,Dengue_fever_rates_lag9,0.040322543730666335
squeezed_Thái Bình,Dengue_fever_rates_lag10,0.37471506332215937
squeezed_Thái Bình,Dengue_fever_rates_lag11,0.11903365313175297
squeezed_Thái Bình,Dengue_fever_rates_lag12,0.014475691522151798
squeezed_Thái Bình,Influenza_rates_lag1,0.2525819013645399
squeezed_Thái Bình,Influenza_rates_lag2,0.2915383501870791
squeezed_Thái Bình,Influenza_rates_lag3,0.14773504385476124
squeezed_Thái Bình,Influenza_rates_lag4,0.5419445270524
squeezed_Thái Bình,Influenza_rates_lag5,0.18148002472097882
squeezed_Thái Bình,Influenza_rates_lag6,0.8399559393012388
squeezed_Thái Bình,Influenza_rates_lag7,0.5350908859042592
squeezed_Thái Bình,Influenza_rates_lag8,0.5015977906071838
squeezed_Thái Bình,Influenza_rates_lag9,0.02479949606500771
squeezed_Thái Bình,Influenza_rates_lag10,0.8109237381926279
squeezed_Thái Bình,Influenza_rates_lag11,0.09921282314167634
squeezed_Thái Bình,Influenza_rates_lag12,0.16766836125429915
squeezed_Thái Bình,Diarrhoea_rates_rollmean_3,23.542843866851058
squeezed_Thái Bình,Diarrhoea_rates_rollstd_3,0.6765396379630736
squeezed_Thái Bình,Diarrhoea_rates_rollmean_6,3.44602505453175
squeezed_Thái Bình,Diarrhoea_rates_rollstd_6,1.0015579225264872
squeezed_Thái Bình,month_sin,3.4714624511879832
squeezed_Thái Bình,month_cos,2.290132943538127
squeezed_Thái Nguyên,Total_Evaporation,0.021286870023120033
squeezed_Thái Nguyên,Total_Rainfall,0.050996934750104556
squeezed_Thái Nguyên,Max_Daily_Rainfall,0.040689843169645704
squeezed_Thái Nguyên,n_raining_days,0.08642589461076104
squeezed_Thái Nguyên,Average_temperature,0.06435333688810688
squeezed_Thái Nguyên,Max_Average_Temperature,0.12254954674207473
squeezed_Thái Nguyên,Min_Average_Temperature,0.007379318884250843
squeezed_Thái Nguyên,Max_Absolute_Temperature,0.06924155470613062
squeezed_Thái Nguyên,Min_Absolute_Temperature,0.5065585011536581
squeezed_Thái Nguyên,Average_Humidity,0.016048031651467117
squeezed_Thái Nguyên,Min_Humidity,0.0968934797578626
squeezed_Thái Nguyên,n_hours_sunshine,0.16113604037619775
squeezed_Thái Nguyên,population_male,0.026554928591021893
squeezed_Thái Nguyên,population_female,0.007570233556251774
squeezed_Thái Nguyên,population_urban,0.12873053073806898
squeezed_Thái Nguyên,population_countryside,0.041248228943060544
squeezed_Thái Nguyên,Diarrhoea_rates,34.88587119410646
squeezed_Thái Nguyên,Diarrhoea_rates_lag1,11.656126480970952
squeezed_Thái Nguyên,Diarrhoea_rates_lag2,1.7241802628372358
squeezed_Thái Nguyên,Diarrhoea_rates_lag3,0.03206781784628023
squeezed_Thái Nguyên,Diarrhoea_rates_lag4,2.003417237133847
squeezed_Thái Nguyên,Diarrhoea_rates_lag5,0.8423773265134774
squeezed_Thái Nguyên,Diarrhoea_rates_lag6,1.3091192357431
squeezed_Thái Nguyên,Diarrhoea_rates_lag7,0.19924524709824132
squeezed_Thái Nguyên,Diarrhoea_rates_lag8,0.5504223267999842
squeezed_Thái Nguyên,Diarrhoea_rates_lag9,0.2352096525402112
squeezed_Thái Nguyên,Diarrhoea_rates_lag10,0.7392688295553106
squeezed_Thái Nguyên,Diarrhoea_rates_lag11,1.2974708993426773
squeezed_Thái Nguyên,Diarrhoea_rates_lag12,0.5286882220460727
squeezed_Thái Nguyên,Total_Evaporation_lag1,0.011672784862867365
squeezed_Thái Nguyên,Total_Evaporation_lag2,0.28085063719305997
squeezed_Thái Nguyên,Total_Evaporation_lag3,0.04065048055930114
squeezed_Thái Nguyên,Total_Evaporation_lag4,0.0061308976490493565
squeezed_Thái Nguyên,Total_Evaporation_lag5,0.015004971502003263
squeezed_Thái Nguyên,Total_Evaporation_lag6,0.013500526033550411
squeezed_Thái Nguyên,Total_Evaporation_lag7,0.016191415078812336
squeezed_Thái Nguyên,Total_Evaporation_lag8,0.07727922262740873
squeezed_Thái Nguyên,Total_Evaporation_lag9,0.015236139521581538
squeezed_Thái Nguyên,Total_Evaporation_lag10,0.0
squeezed_Thái Nguyên,Total_Evaporation_lag11,0.1937438232368203
squeezed_Thái Nguyên,Total_Evaporation_lag12,0.07602326478831745
squeezed_Thái Nguyên,Total_Rainfall_lag1,0.5119876933601204
squeezed_Thái Nguyên,Total_Rainfall_lag2,0.47608098034764224
squeezed_Thái Nguyên,Total_Rainfall_lag3,0.038633109551994636
squeezed_Thái Nguyên,Total_Rainfall_lag4,0.11105059562481466
squeezed_Thái Nguyên,Total_Rainfall_lag5,0.00862255607937842
squeezed_Thái Nguyên,Total_Rainfall_lag6,0.033663189626973615
squeezed_Thái Nguyên,Total_Rainfall_lag7,0.04935824575300132
squeezed_Thái Nguyên,Total_Rainfall_lag8,0.008415243318024285
squeezed_Thái Nguyên,Total_Rainfall_lag9,0.11082617961296175
squeezed_Thái Nguyên,Total_Rainfall_lag10,0.10538747208687255
squeezed_Thái Nguyên,Total_Rainfall_lag11,0.1218664110644858
squeezed_Thái Nguyên,Total_Rainfall_lag12,0.01030971396327193
squeezed_Thái Nguyên,Max_Daily_Rainfall_lag1,0.12749127916187428
squeezed_Thái Nguyên,Max_Daily_Rainfall_lag2,0.09936491134036057
squeezed_Thái Nguyên,Max_Daily_Rainfall_lag3,0.014146993525968992
squeezed_Thái Nguyên,Max_Daily_Rainfall_lag4,0.03868088020207972
squeezed_Thái Nguyên,Max_Daily_Rainfall_lag5,0.009048927087943767
squeezed_Thái Nguyên,Max_Daily_Rainfall_lag6,0.023486678631867385
squeezed_Thái Nguyên,Max_Daily_Rainfall_lag7,0.013839407103829566
squeezed_Thái Nguyên,Max_Daily_Rainfall_lag8,0.09587049413275246
squeezed_Thái Nguyên,Max_Daily_Rainfall_lag9,0.06838853121210073
squeezed_Thái Nguyên,Max_Daily_Rainfall_lag10,0.03439188261856236
squeezed_Thái Nguyên,Max_Daily_Rainfall_lag11,0.08610259412286024
squeezed_Thái Nguyên,Max_Daily_Rainfall_lag12,0.2010935556747585
squeezed_Thái Nguyên,n_raining_days_lag1,0.005509333698959722
squeezed_Thái Nguyên,n_raining_days_lag2,0.1708554669953889
squeezed_Thái Nguyên,n_raining_days_lag3,0.020564219050265453
squeezed_Thái Nguyên,n_raining_days_lag4,0.017206042431901655
squeezed_Thái Nguyên,n_raining_days_lag5,0.0036068262160754935
squeezed_Thái Nguyên,n_raining_days_lag6,0.00411180798089892
squeezed_Thái Nguyên,n_raining_days_lag7,0.0
squeezed_Thái Nguyên,n_raining_days_lag8,0.02307101878346067
squeezed_Thái Nguyên,n_raining_days_lag9,0.08985521178619595
squeezed_Thái Nguyên,n_raining_days_lag10,0.10306714458678728
squeezed_Thái Nguyên,n_raining_days_lag11,0.008038054730629742
squeezed_Thái Nguyên,n_raining_days_lag12,0.057390743328737163
squeezed_Thái Nguyên,Average_temperature_lag1,0.04134050967389064
squeezed_Thái Nguyên,Average_temperature_lag2,0.0
squeezed_Thái Nguyên,Average_temperature_lag3,0.1577973148307177
squeezed_Thái Nguyên,Average_temperature_lag4,0.013142219832590257
squeezed_Thái Nguyên,Average_temperature_lag5,0.030111689913602732
squeezed_Thái Nguyên,Average_temperature_lag6,0.05406616689616584
squeezed_Thái Nguyên,Average_temperature_lag7,0.10254172702058882
squeezed_Thái Nguyên,Average_temperature_lag8,0.03891202992823827
squeezed_Thái Nguyên,Average_temperature_lag9,0.0394107285828482
squeezed_Thái Nguyên,Average_temperature_lag10,0.01952333879218471
squeezed_Thái Nguyên,Average_temperature_lag11,0.08349497246398031
squeezed_Thái Nguyên,Average_temperature_lag12,0.048671270978036335
squeezed_Thái Nguyên,Max_Average_Temperature_lag1,0.15826047820963876
squeezed_Thái Nguyên,Max_Average_Temperature_lag2,0.33886296564178275
squeezed_Thái Nguyên,Max_Average_Temperature_lag3,0.09950495973490252
squeezed_Thái Nguyên,Max_Average_Temperature_lag4,0.01209238413484246
squeezed_Thái Nguyên,Max_Average_Temperature_lag5,0.3448527252435889
squeezed_Thái Nguyên,Max_Average_Temperature_lag6,0.022843604405200803
squeezed_Thái Nguyên,Max_Average_Temperature_lag7,0.033356492679402584
squeezed_Thái Nguyên,Max_Average_Temperature_lag8,0.11992787537006218
squeezed_Thái Nguyên,Max_Average_Temperature_lag9,0.0062340006233603
squeezed_Thái Nguyên,Max_Average_Temperature_lag10,0.06985298797070151
squeezed_Thái Nguyên,Max_Average_Temperature_lag11,0.09855014416124186
squeezed_Thái Nguyên,Max_Average_Temperature_lag12,0.1421363832880901
squeezed_Thái Nguyên,Min_Average_Temperature_lag1,0.013916896566421309
squeezed_Thái Nguyên,Min_Average_Temperature_lag2,0.05459888615706216
squeezed_Thái Nguyên,Min_Average_Temperature_lag3,0.05388651028598563
squeezed_Thái Nguyên,Min_Average_Temperature_lag4,0.20350780763762819
squeezed_Thái Nguyên,Min_Average_Temperature_lag5,0.013170513536784915
squeezed_Thái Nguyên,Min_Average_Temperature_lag6,0.03451206833361708
squeezed_Thái Nguyên,Min_Average_Temperature_lag7,0.07724466919226326
squeezed_Thái Nguyên,Min_Average_Temperature_lag8,0.010834284062452633
squeezed_Thái Nguyên,Min_Average_Temperature_lag9,0.0076469838692137205
squeezed_Thái Nguyên,Min_Average_Temperature_lag10,0.03598875558342035
squeezed_Thái Nguyên,Min_Average_Temperature_lag11,0.16197398887348116
squeezed_Thái Nguyên,Min_Average_Temperature_lag12,0.0971434462456322
squeezed_Thái Nguyên,Max_Absolute_Temperature_lag1,0.23797798818785243
squeezed_Thái Nguyên,Max_Absolute_Temperature_lag2,0.052303482872279185
squeezed_Thái Nguyên,Max_Absolute_Temperature_lag3,0.034532978687809544
squeezed_Thái Nguyên,Max_Absolute_Temperature_lag4,0.10863667847327613
squeezed_Thái Nguyên,Max_Absolute_Temperature_lag5,0.033977776987161104
squeezed_Thái Nguyên,Max_Absolute_Temperature_lag6,0.006488211044362309
squeezed_Thái Nguyên,Max_Absolute_Temperature_lag7,0.15241583683299673
squeezed_Thái Nguyên,Max_Absolute_Temperature_lag8,0.015376977192172585
squeezed_Thái Nguyên,Max_Absolute_Temperature_lag9,0.0019794708563600906
squeezed_Thái Nguyên,Max_Absolute_Temperature_lag10,0.05429743087433999
squeezed_Thái Nguyên,Max_Absolute_Temperature_lag11,0.081159127520298
squeezed_Thái Nguyên,Max_Absolute_Temperature_lag12,0.03127776623346034
squeezed_Thái Nguyên,Min_Absolute_Temperature_lag1,0.03964714939675734
squeezed_Thái Nguyên,Min_Absolute_Temperature_lag2,0.16716433273664966
squeezed_Thái Nguyên,Min_Absolute_Temperature_lag3,0.16055412791192664
squeezed_Thái Nguyên,Min_Absolute_Temperature_lag4,0.4181357277680913
squeezed_Thái Nguyên,Min_Absolute_Temperature_lag5,0.06845803910303346
squeezed_Thái Nguyên,Min_Absolute_Temperature_lag6,0.05183273289791992
squeezed_Thái Nguyên,Min_Absolute_Temperature_lag7,0.20576619794018836
squeezed_Thái Nguyên,Min_Absolute_Temperature_lag8,0.10343070796275346
squeezed_Thái Nguyên,Min_Absolute_Temperature_lag9,0.017108207262912005
squeezed_Thái Nguyên,Min_Absolute_Temperature_lag10,0.022999230782880936
squeezed_Thái Nguyên,Min_Absolute_Temperature_lag11,0.05904286596085126
squeezed_Thái Nguyên,Min_Absolute_Temperature_lag12,0.6012484422159968
squeezed_Thái Nguyên,Average_Humidity_lag1,0.022425174093616555
squeezed_Thái Nguyên,Average_Humidity_lag2,0.008781400806942204
squeezed_Thái Nguyên,Average_Humidity_lag3,0.0008790476374090727
squeezed_Thái Nguyên,Average_Humidity_lag4,0.09618130534043477
squeezed_Thái Nguyên,Average_Humidity_lag5,0.06279086196695986
squeezed_Thái Nguyên,Average_Humidity_lag6,0.011576125123225823
squeezed_Thái Nguyên,Average_Humidity_lag7,0.0408323722230911
squeezed_Thái Nguyên,Average_Humidity_lag8,0.06521073440801987
squeezed_Thái Nguyên,Average_Humidity_lag9,0.04824544218103036
squeezed_Thái Nguyên,Average_Humidity_lag10,0.02768681124389712
squeezed_Thái Nguyên,Average_Humidity_lag11,0.037301939480543264
squeezed_Thái Nguyên,Average_Humidity_lag12,0.07805643916798367
squeezed_Thái Nguyên,Min_Humidity_lag1,0.021330308497119713
squeezed_Thái Nguyên,Min_Humidity_lag2,0.1031950589026554
squeezed_Thái Nguyên,Min_Humidity_lag3,0.08824378732299347
squeezed_Thái Nguyên,Min_Humidity_lag4,0.01525404755033486
squeezed_Thái Nguyên,Min_Humidity_lag5,0.007380460560754955
squeezed_Thái Nguyên,Min_Humidity_lag6,0.005027826443435951
squeezed_Thái Nguyên,Min_Humidity_lag7,0.12421905647816774
squeezed_Thái Nguyên,Min_Humidity_lag8,0.037904977871915116
squeezed_Thái Nguyên,Min_Humidity_lag9,0.018259948862431753
squeezed_Thái Nguyên,Min_Humidity_lag10,0.008035721090259315
squeezed_Thái Nguyên,Min_Humidity_lag11,0.10026625289786083
squeezed_Thái Nguyên,Min_Humidity_lag12,0.02189774067569013
squeezed_Thái Nguyên,n_hours_sunshine_lag1,0.041859704029605406
squeezed_Thái Nguyên,n_hours_sunshine_lag2,0.07357147209313242
squeezed_Thái Nguyên,n_hours_sunshine_lag3,0.034698636323924364
squeezed_Thái Nguyên,n_hours_sunshine_lag4,0.06691368408817923
squeezed_Thái Nguyên,n_hours_sunshine_lag5,0.007498994024796211
squeezed_Thái Nguyên,n_hours_sunshine_lag6,0.09712254668543296
squeezed_Thái Nguyên,n_hours_sunshine_lag7,0.030356038417165915
squeezed_Thái Nguyên,n_hours_sunshine_lag8,0.034377653403923514
squeezed_Thái Nguyên,n_hours_sunshine_lag9,0.005945537393689333
squeezed_Thái Nguyên,n_hours_sunshine_lag10,0.07626323297166683
squeezed_Thái Nguyên,n_hours_sunshine_lag11,0.01617269321725656
squeezed_Thái Nguyên,n_hours_sunshine_lag12,0.10773436754354156
squeezed_Thái Nguyên,population_male_lag1,0.0
squeezed_Thái Nguyên,population_male_lag2,0.05252828839583798
squeezed_Thái Nguyên,population_male_lag3,0.006175387955189755
squeezed_Thái Nguyên,population_male_lag4,0.2717082840366883
squeezed_Thái Nguyên,population_male_lag5,0.0
squeezed_Thái Nguyên,population_male_lag6,0.0008030585364055031
squeezed_Thái Nguyên,population_male_lag7,0.0028631619242744486
squeezed_Thái Nguyên,population_male_lag8,0.0
squeezed_Thái Nguyên,population_male_lag9,0.0
squeezed_Thái Nguyên,population_male_lag10,0.3093399101153606
squeezed_Thái Nguyên,population_male_lag11,0.0
squeezed_Thái Nguyên,population_male_lag12,0.01284522377577009
squeezed_Thái Nguyên,population_female_lag1,0.0
squeezed_Thái Nguyên,population_female_lag2,0.005216398089286437
squeezed_Thái Nguyên,population_female_lag3,0.0
squeezed_Thái Nguyên,population_female_lag4,0.0
squeezed_Thái Nguyên,population_female_lag5,0.009833482821344318
squeezed_Thái Nguyên,population_female_lag6,0.0519757912703274
squeezed_Thái Nguyên,population_female_lag7,0.0
squeezed_Thái Nguyên,population_female_lag8,0.0
squeezed_Thái Nguyên,population_female_lag9,0.0009814167980408846
squeezed_Thái Nguyên,population_female_lag10,0.00291212993853061
squeezed_Thái Nguyên,population_female_lag11,0.0
squeezed_Thái Nguyên,population_female_lag12,0.0
squeezed_Thái Nguyên,population_urban_lag1,0.16276262546180167
squeezed_Thái Nguyên,population_urban_lag2,0.0318090419205575
squeezed_Thái Nguyên,population_urban_lag3,0.006057297972229938
squeezed_Thái Nguyên,population_urban_lag4,0.003143630782778316
squeezed_Thái Nguyên,population_urban_lag5,0.08563095406176972
squeezed_Thái Nguyên,population_urban_lag6,0.0033864730390724663
squeezed_Thái Nguyên,population_urban_lag7,0.21861867236821297
squeezed_Thái Nguyên,population_urban_lag8,0.0
squeezed_Thái Nguyên,population_urban_lag9,0.0030509772783779755
squeezed_Thái Nguyên,population_urban_lag10,0.00315156401330224
squeezed_Thái Nguyên,population_urban_lag11,0.7537036139214504
squeezed_Thái Nguyên,population_urban_lag12,0.04439729616618982
squeezed_Thái Nguyên,population_countryside_lag1,0.005717425419425353
squeezed_Thái Nguyên,population_countryside_lag2,0.016760195472561263
squeezed_Thái Nguyên,population_countryside_lag3,0.005130580030914381
squeezed_Thái Nguyên,population_countryside_lag4,0.011115661347898896
squeezed_Thái Nguyên,population_countryside_lag5,0.0
squeezed_Thái Nguyên,population_countryside_lag6,0.007625686723218829
squeezed_Thái Nguyên,population_countryside_lag7,0.0025670341457579558
squeezed_Thái Nguyên,population_countryside_lag8,0.0
squeezed_Thái Nguyên,population_countryside_lag9,0.0
squeezed_Thái Nguyên,population_countryside_lag10,0.0
squeezed_Thái Nguyên,population_countryside_lag11,0.016861626110395617
squeezed_Thái Nguyên,population_countryside_lag12,0.033486665013883574
squeezed_Thái Nguyên,Dengue_fever_rates_lag1,0.32437198253377414
squeezed_Thái Nguyên,Dengue_fever_rates_lag2,0.011057178253407343
squeezed_Thái Nguyên,Dengue_fever_rates_lag3,0.0523646391226304
squeezed_Thái Nguyên,Dengue_fever_rates_lag4,0.028035258441428238
squeezed_Thái Nguyên,Dengue_fever_rates_lag5,0.0023785282991505134
squeezed_Thái Nguyên,Dengue_fever_rates_lag6,0.04272184408037572
squeezed_Thái Nguyên,Dengue_fever_rates_lag7,0.005652738005139653
squeezed_Thái Nguyên,Dengue_fever_rates_lag8,0.1304493851559971
squeezed_Thái Nguyên,Dengue_fever_rates_lag9,0.017939029593170047
squeezed_Thái Nguyên,Dengue_fever_rates_lag10,0.13324720040966964
squeezed_Thái Nguyên,Dengue_fever_rates_lag11,0.3426888965158044
squeezed_Thái Nguyên,Dengue_fever_rates_lag12,0.0644409322384372
squeezed_Thái Nguyên,Influenza_rates_lag1,0.09037043282352845
squeezed_Thái Nguyên,Influenza_rates_lag2,0.28822129774491545
squeezed_Thái Nguyên,Influenza_rates_lag3,0.10756815384446379
squeezed_Thái Nguyên,Influenza_rates_lag4,0.17545164343439876
squeezed_Thái Nguyên,Influenza_rates_lag5,0.12069532961378088
squeezed_Thái Nguyên,Influenza_rates_lag6,0.2048822543777825
squeezed_Thái Nguyên,Influenza_rates_lag7,0.2729842385948822
squeezed_Thái Nguyên,Influenza_rates_lag8,0.04786518670819793
squeezed_Thái Nguyên,Influenza_rates_lag9,0.02411837549465266
squeezed_Thái Nguyên,Influenza_rates_lag10,0.3877305663011737
squeezed_Thái Nguyên,Influenza_rates_lag11,0.08800841962199134
squeezed_Thái Nguyên,Influenza_rates_lag12,0.048043912755082546
squeezed_Thái Nguyên,Diarrhoea_rates_rollmean_3,9.897044372596953
squeezed_Thái Nguyên,Diarrhoea_rates_rollstd_3,0.14632929267514042
squeezed_Thái Nguyên,Diarrhoea_rates_rollmean_6,2.3835878669540196
squeezed_Thái Nguyên,Diarrhoea_rates_rollstd_6,0.02023296765647908
squeezed_Thái Nguyên,month_sin,1.8664731964854828
squeezed_Thái Nguyên,month_cos,0.41095047840371995
squeezed_Tiền Giang,Total_Evaporation,0.029152186459164106
squeezed_Tiền Giang,Total_Rainfall,0.042716502571988085
squeezed_Tiền Giang,Max_Daily_Rainfall,0.0509772339100787
squeezed_Tiền Giang,n_raining_days,0.07412878176423833
squeezed_Tiền Giang,Average_temperature,0.002804346724796129
squeezed_Tiền Giang,Max_Average_Temperature,0.06105177668490153
squeezed_Tiền Giang,Min_Average_Temperature,0.02031654115585917
squeezed_Tiền Giang,Max_Absolute_Temperature,0.028478244720635107
squeezed_Tiền Giang,Min_Absolute_Temperature,0.4835691872529248
squeezed_Tiền Giang,Average_Humidity,0.022544715667300482
squeezed_Tiền Giang,Min_Humidity,0.05471932899320201
squeezed_Tiền Giang,n_hours_sunshine,0.2455408605015572
squeezed_Tiền Giang,population_male,0.02588536650479441
squeezed_Tiền Giang,population_female,0.00736291424647079
squeezed_Tiền Giang,population_urban,0.13274670080221732
squeezed_Tiền Giang,population_countryside,0.046317687928335294
squeezed_Tiền Giang,Diarrhoea_rates,38.38114749848851
squeezed_Tiền Giang,Diarrhoea_rates_lag1,12.128163217835002
squeezed_Tiền Giang,Diarrhoea_rates_lag2,1.5927630577180842
squeezed_Tiền Giang,Diarrhoea_rates_lag3,0.04125329316221957
squeezed_Tiền Giang,Diarrhoea_rates_lag4,2.3497589940260744
squeezed_Tiền Giang,Diarrhoea_rates_lag5,0.8618280527939822
squeezed_Tiền Giang,Diarrhoea_rates_lag6,1.4048192624699947
squeezed_Tiền Giang,Diarrhoea_rates_lag7,0.1755762219652034
squeezed_Tiền Giang,Diarrhoea_rates_lag8,0.3509731544668335
squeezed_Tiền Giang,Diarrhoea_rates_lag9,0.20514391072904167
squeezed_Tiền Giang,Diarrhoea_rates_lag10,0.6132136324043774
squeezed_Tiền Giang,Diarrhoea_rates_lag11,1.4617725452884562
squeezed_Tiền Giang,Diarrhoea_rates_lag12,0.7122125030009462
squeezed_Tiền Giang,Total_Evaporation_lag1,0.04471153866329868
squeezed_Tiền Giang,Total_Evaporation_lag2,0.2696409186059097
squeezed_Tiền Giang,Total_Evaporation_lag3,0.019773700073959264
squeezed_Tiền Giang,Total_Evaporation_lag4,0.010400076694793375
squeezed_Tiền Giang,Total_Evaporation_lag5,0.02389100759799027
squeezed_Tiền Giang,Total_Evaporation_lag6,0.03462946926788863
squeezed_Tiền Giang,Total_Evaporation_lag7,0.01452222313850502
squeezed_Tiền Giang,Total_Evaporation_lag8,0.0683070126304817
squeezed_Tiền Giang,Total_Evaporation_lag9,0.05128706599955283
squeezed_Tiền Giang,Total_Evaporation_lag10,0.0
squeezed_Tiền Giang,Total_Evaporation_lag11,0.17320762501453738
squeezed_Tiền Giang,Total_Evaporation_lag12,0.1126263806864531
squeezed_Tiền Giang,Total_Rainfall_lag1,0.6152941232486516
squeezed_Tiền Giang,Total_Rainfall_lag2,0.44189490744620824
squeezed_Tiền Giang,Total_Rainfall_lag3,0.04488906613616778
squeezed_Tiền Giang,Total_Rainfall_lag4,0.07648348203335027
squeezed_Tiền Giang,Total_Rainfall_lag5,0.006690775210438326
squeezed_Tiền Giang,Total_Rainfall_lag6,0.048468192383260965
squeezed_Tiền Giang,Total_Rainfall_lag7,0.039255047244224295
squeezed_Tiền Giang,Total_Rainfall_lag8,0.010635634895307644
squeezed_Tiền Giang,Total_Rainfall_lag9,0.07478508816735058
squeezed_Tiền Giang,Total_Rainfall_lag10,0.10014752294969664
squeezed_Tiền Giang,Total_Rainfall_lag11,0.37366610026336683
squeezed_Tiền Giang,Total_Rainfall_lag12,0.028740908210095964
squeezed_Tiền Giang,Max_Daily_Rainfall_lag1,0.09854406477200052
squeezed_Tiền Giang,Max_Daily_Rainfall_lag2,0.13757469227073313
squeezed_Tiền Giang,Max_Daily_Rainfall_lag3,0.013971322655807623
squeezed_Tiền Giang,Max_Daily_Rainfall_lag4,0.04160159075874542
squeezed_Tiền Giang,Max_Daily_Rainfall_lag5,0.044537330486222854
squeezed_Tiền Giang,Max_Daily_Rainfall_lag6,0.021387048976950162
squeezed_Tiền Giang,Max_Daily_Rainfall_lag7,0.05234989827884276
squeezed_Tiền Giang,Max_Daily_Rainfall_lag8,0.12486650092425493
squeezed_Tiền Giang,Max_Daily_Rainfall_lag9,0.08802409134556954
squeezed_Tiền Giang,Max_Daily_Rainfall_lag10,0.0948941746355328
squeezed_Tiền Giang,Max_Daily_Rainfall_lag11,0.25549909483479044
squeezed_Tiền Giang,Max_Daily_Rainfall_lag12,0.15455440012147806
squeezed_Tiền Giang,n_raining_days_lag1,0.03834614584480319
squeezed_Tiền Giang,n_raining_days_lag2,0.16334062389637619
squeezed_Tiền Giang,n_raining_days_lag3,0.023467057547268164
squeezed_Tiền Giang,n_raining_days_lag4,0.04492054729721042
squeezed_Tiền Giang,n_raining_days_lag5,0.003220530669661338
squeezed_Tiền Giang,n_raining_days_lag6,0.004947879430126531
squeezed_Tiền Giang,n_raining_days_lag7,0.0
squeezed_Tiền Giang,n_raining_days_lag8,0.03191218766610442
squeezed_Tiền Giang,n_raining_days_lag9,0.14384626806843612
squeezed_Tiền Giang,n_raining_days_lag10,0.15015041984962937
squeezed_Tiền Giang,n_raining_days_lag11,0.00762643537927384
squeezed_Tiền Giang,n_raining_days_lag12,0.09539587281996997
squeezed_Tiền Giang,Average_temperature_lag1,0.039675358039247016
squeezed_Tiền Giang,Average_temperature_lag2,0.0
squeezed_Tiền Giang,Average_temperature_lag3,0.08888479770843012
squeezed_Tiền Giang,Average_temperature_lag4,0.0022400562752649344
squeezed_Tiền Giang,Average_temperature_lag5,0.008252800443512412
squeezed_Tiền Giang,Average_temperature_lag6,0.07350715701654388
squeezed_Tiền Giang,Average_temperature_lag7,0.09843298054721365
squeezed_Tiền Giang,Average_temperature_lag8,0.07389529300204623
squeezed_Tiền Giang,Average_temperature_lag9,0.04110903103091033
squeezed_Tiền Giang,Average_temperature_lag10,0.014488102283880444
squeezed_Tiền Giang,Average_temperature_lag11,0.016365203059503553
squeezed_Tiền Giang,Average_temperature_lag12,0.04046971681404777
squeezed_Tiền Giang,Max_Average_Temperature_lag1,0.08070185298909958
squeezed_Tiền Giang,Max_Average_Temperature_lag2,0.08827081222657324
squeezed_Tiền Giang,Max_Average_Temperature_lag3,0.10259684956424547
squeezed_Tiền Giang,Max_Average_Temperature_lag4,0.00576575497423848
squeezed_Tiền Giang,Max_Average_Temperature_lag5,0.32790854144785997
squeezed_Tiền Giang,Max_Average_Temperature_lag6,0.018138227205709866
squeezed_Tiền Giang,Max_Average_Temperature_lag7,0.030144375374693343
squeezed_Tiền Giang,Max_Average_Temperature_lag8,0.37362087558053764
squeezed_Tiền Giang,Max_Average_Temperature_lag9,0.014467944737889796
squeezed_Tiền Giang,Max_Average_Temperature_lag10,0.07545324936264801
squeezed_Tiền Giang,Max_Average_Temperature_lag11,0.14231166039004042
squeezed_Tiền Giang,Max_Average_Temperature_lag12,0.1519313840426133
squeezed_Tiền Giang,Min_Average_Temperature_lag1,0.013916896566421309
squeezed_Tiền Giang,Min_Average_Temperature_lag2,0.034041618809450565
squeezed_Tiền Giang,Min_Average_Temperature_lag3,0.08395266546860168
squeezed_Tiền Giang,Min_Average_Temperature_lag4,0.19991422767696168
squeezed_Tiền Giang,Min_Average_Temperature_lag5,0.013055487571822441
squeezed_Tiền Giang,Min_Average_Temperature_lag6,0.05584787882716085
squeezed_Tiền Giang,Min_Average_Temperature_lag7,0.08113313703096246
squeezed_Tiền Giang,Min_Average_Temperature_lag8,0.010210090687670563
squeezed_Tiền Giang,Min_Average_Temperature_lag9,0.013035096847681851
squeezed_Tiền Giang,Min_Average_Temperature_lag10,0.01871633416074274
squeezed_Tiền Giang,Min_Average_Temperature_lag11,0.042421436683740744
squeezed_Tiền Giang,Min_Average_Temperature_lag12,0.09025885430473803
squeezed_Tiền Giang,Max_Absolute_Temperature_lag1,0.12150657694299742
squeezed_Tiền Giang,Max_Absolute_Temperature_lag2,0.04651160533724802
squeezed_Tiền Giang,Max_Absolute_Temperature_lag3,0.021579584324701737
squeezed_Tiền Giang,Max_Absolute_Temperature_lag4,0.11242879024091935
squeezed_Tiền Giang,Max_Absolute_Temperature_lag5,0.014085219479029394
squeezed_Tiền Giang,Max_Absolute_Temperature_lag6,0.07149014197757554
squeezed_Tiền Giang,Max_Absolute_Temperature_lag7,0.06842493376343964
squeezed_Tiền Giang,Max_Absolute_Temperature_lag8,0.01498031005769534
squeezed_Tiền Giang,Max_Absolute_Temperature_lag9,0.001577587615668178
squeezed_Tiền Giang,Max_Absolute_Temperature_lag10,0.059183456101506694
squeezed_Tiền Giang,Max_Absolute_Temperature_lag11,0.053996680169274
squeezed_Tiền Giang,Max_Absolute_Temperature_lag12,0.0459294442340431
squeezed_Tiền Giang,Min_Absolute_Temperature_lag1,0.049670585409829
squeezed_Tiền Giang,Min_Absolute_Temperature_lag2,0.15469504279512938
squeezed_Tiền Giang,Min_Absolute_Temperature_lag3,0.071878945241392
squeezed_Tiền Giang,Min_Absolute_Temperature_lag4,0.3106228497665449
squeezed_Tiền Giang,Min_Absolute_Temperature_lag5,0.03358802126705418
squeezed_Tiền Giang,Min_Absolute_Temperature_lag6,0.016970810324619306
squeezed_Tiền Giang,Min_Absolute_Temperature_lag7,0.014881251912687
squeezed_Tiền Giang,Min_Absolute_Temperature_lag8,0.12844849478529255
squeezed_Tiền Giang,Min_Absolute_Temperature_lag9,0.04365649013618081
squeezed_Tiền Giang,Min_Absolute_Temperature_lag10,0.02085268159770819
squeezed_Tiền Giang,Min_Absolute_Temperature_lag11,0.014642140681189438
squeezed_Tiền Giang,Min_Absolute_Temperature_lag12,0.23101194592930827
squeezed_Tiền Giang,Average_Humidity_lag1,0.016521064092801466
squeezed_Tiền Giang,Average_Humidity_lag2,0.05878207491411433
squeezed_Tiền Giang,Average_Humidity_lag3,0.0007811665300316173
squeezed_Tiền Giang,Average_Humidity_lag4,0.05949786273086701
squeezed_Tiền Giang,Average_Humidity_lag5,0.054054187611128734
squeezed_Tiền Giang,Average_Humidity_lag6,0.009470513565125634
squeezed_Tiền Giang,Average_Humidity_lag7,0.012905935781072386
squeezed_Tiền Giang,Average_Humidity_lag8,0.05092049808088467
squeezed_Tiền Giang,Average_Humidity_lag9,0.06539526026306032
squeezed_Tiền Giang,Average_Humidity_lag10,0.010141920059993549
squeezed_Tiền Giang,Average_Humidity_lag11,0.03558844103114397
squeezed_Tiền Giang,Average_Humidity_lag12,0.06793901178846644
squeezed_Tiền Giang,Min_Humidity_lag1,0.013263474724082335
squeezed_Tiền Giang,Min_Humidity_lag2,0.0810484011720679
squeezed_Tiền Giang,Min_Humidity_lag3,0.045828626384578956
squeezed_Tiền Giang,Min_Humidity_lag4,0.011548156501162232
squeezed_Tiền Giang,Min_Humidity_lag5,0.020967729991008117
squeezed_Tiền Giang,Min_Humidity_lag6,0.008730891214555265
squeezed_Tiền Giang,Min_Humidity_lag7,0.1189683173586788
squeezed_Tiền Giang,Min_Humidity_lag8,0.011252099980454296
squeezed_Tiền Giang,Min_Humidity_lag9,0.01789402821257012
squeezed_Tiền Giang,Min_Humidity_lag10,0.007405336477101221
squeezed_Tiền Giang,Min_Humidity_lag11,0.057952761116721735
squeezed_Tiền Giang,Min_Humidity_lag12,0.024054953270731382
squeezed_Tiền Giang,n_hours_sunshine_lag1,0.2065562421858562
squeezed_Tiền Giang,n_hours_sunshine_lag2,0.18903745156111226
squeezed_Tiền Giang,n_hours_sunshine_lag3,0.03491924904126393
squeezed_Tiền Giang,n_hours_sunshine_lag4,0.1838583238769447
squeezed_Tiền Giang,n_hours_sunshine_lag5,0.01485217388680893
squeezed_Tiền Giang,n_hours_sunshine_lag6,0.1251440257990129
squeezed_Tiền Giang,n_hours_sunshine_lag7,0.09481405288257982
squeezed_Tiền Giang,n_hours_sunshine_lag8,0.11816044313363994
squeezed_Tiền Giang,n_hours_sunshine_lag9,0.06597096940355733
squeezed_Tiền Giang,n_hours_sunshine_lag10,0.03229694646673364
squeezed_Tiền Giang,n_hours_sunshine_lag11,0.0594981904038826
squeezed_Tiền Giang,n_hours_sunshine_lag12,0.0830023609509474
squeezed_Tiền Giang,population_male_lag1,0.0
squeezed_Tiền Giang,population_male_lag2,0.05170227977865179
squeezed_Tiền Giang,population_male_lag3,0.005639007514936691
squeezed_Tiền Giang,population_male_lag4,0.278787008651691
squeezed_Tiền Giang,population_male_lag5,0.0
squeezed_Tiền Giang,population_male_lag6,0.0023860382610048077
squeezed_Tiền Giang,population_male_lag7,0.004788883431730956
squeezed_Tiền Giang,population_male_lag8,0.0
squeezed_Tiền Giang,population_male_lag9,0.0
squeezed_Tiền Giang,population_male_lag10,0.30217038750099817
squeezed_Tiền Giang,population_male_lag11,0.0
squeezed_Tiền Giang,population_male_lag12,0.011178297478360737
squeezed_Tiền Giang,population_female_lag1,0.0
squeezed_Tiền Giang,population_female_lag2,0.005216398089286437
squeezed_Tiền Giang,population_female_lag3,0.0
squeezed_Tiền Giang,population_female_lag4,0.0
squeezed_Tiền Giang,population_female_lag5,0.00825628493678235
squeezed_Tiền Giang,population_female_lag6,0.03720699113089189
squeezed_Tiền Giang,population_female_lag7,0.0
squeezed_Tiền Giang,population_female_lag8,0.0
squeezed_Tiền Giang,population_female_lag9,0.0011416901888783376
squeezed_Tiền Giang,population_female_lag10,0.003023717156074315
squeezed_Tiền Giang,population_female_lag11,0.0
squeezed_Tiền Giang,population_female_lag12,0.0
squeezed_Tiền Giang,population_urban_lag1,0.13707559496986643
squeezed_Tiền Giang,population_urban_lag2,0.031613983200561684
squeezed_Tiền Giang,population_urban_lag3,0.0046305013215169055
squeezed_Tiền Giang,population_urban_lag4,0.0033228763604542526
squeezed_Tiền Giang,population_urban_lag5,0.09536561028033595
squeezed_Tiền Giang,population_urban_lag6,0.0035668729515391036
squeezed_Tiền Giang,population_urban_lag7,0.22297610226116601
squeezed_Tiền Giang,population_urban_lag8,0.0
squeezed_Tiền Giang,population_urban_lag9,0.0030509772783779755
squeezed_Tiền Giang,population_urban_lag10,0.0032122092147006532
squeezed_Tiền Giang,population_urban_lag11,0.7472561554442446
squeezed_Tiền Giang,population_urban_lag12,0.04552087652192637
squeezed_Tiền Giang,population_countryside_lag1,0.009913515389096834
squeezed_Tiền Giang,population_countryside_lag2,0.02115410398536927
squeezed_Tiền Giang,population_countryside_lag3,0.01508421507426392
squeezed_Tiền Giang,population_countryside_lag4,0.012298858089564614
squeezed_Tiền Giang,population_countryside_lag5,0.0
squeezed_Tiền Giang,population_countryside_lag6,0.008373806503388722
squeezed_Tiền Giang,population_countryside_lag7,0.01300577392906956
squeezed_Tiền Giang,population_countryside_lag8,0.0
squeezed_Tiền Giang,population_countryside_lag9,0.0
squeezed_Tiền Giang,population_countryside_lag10,0.0
squeezed_Tiền Giang,population_countryside_lag11,0.018794242913465698
squeezed_Tiền Giang,population_countryside_lag12,0.058263826182755996
squeezed_Tiền Giang,Dengue_fever_rates_lag1,0.4802620831996696
squeezed_Tiền Giang,Dengue_fever_rates_lag2,0.048571131861151806
squeezed_Tiền Giang,Dengue_fever_rates_lag3,0.08316161064274265
squeezed_Tiền Giang,Dengue_fever_rates_lag4,0.048201549567464724
squeezed_Tiền Giang,Dengue_fever_rates_lag5,0.005586268298922308
squeezed_Tiền Giang,Dengue_fever_rates_lag6,0.05542015828998387
squeezed_Tiền Giang,Dengue_fever_rates_lag7,0.006581123088546575
squeezed_Tiền Giang,Dengue_fever_rates_lag8,0.16809019842558795
squeezed_Tiền Giang,Dengue_fever_rates_lag9,0.02267612917806554
squeezed_Tiền Giang,Dengue_fever_rates_lag10,0.017266395613349722
squeezed_Tiền Giang,Dengue_fever_rates_lag11,0.30111439445395416
squeezed_Tiền Giang,Dengue_fever_rates_lag12,0.19668718340924873
squeezed_Tiền Giang,Influenza_rates_lag1,0.07841093239043588
squeezed_Tiền Giang,Influenza_rates_lag2,0.24568370114677762
squeezed_Tiền Giang,Influenza_rates_lag3,0.12343385000841396
squeezed_Tiền Giang,Influenza_rates_lag4,0.2705582253386131
squeezed_Tiền Giang,Influenza_rates_lag5,0.12070594615664947
squeezed_Tiền Giang,Influenza_rates_lag6,0.19933673730004306
squeezed_Tiền Giang,Influenza_rates_lag7,0.2605942572012181
squeezed_Tiền Giang,Influenza_rates_lag8,0.05672718843495369
squeezed_Tiền Giang,Influenza_rates_lag9,0.0169943116669007
squeezed_Tiền Giang,Influenza_rates_lag10,0.5222203764386795
squeezed_Tiền Giang,Influenza_rates_lag11,0.22569106908375722
squeezed_Tiền Giang,Influenza_rates_lag12,0.04752418379413232
squeezed_Tiền Giang,Diarrhoea_rates_rollmean_3,9.606234968877743
squeezed_Tiền Giang,Diarrhoea_rates_rollstd_3,0.15166500407207606
squeezed_Tiền Giang,Diarrhoea_rates_rollmean_6,2.269864029648964
squeezed_Tiền Giang,Diarrhoea_rates_rollstd_6,0.06320002018772287
squeezed_Tiền Giang,month_sin,1.3458283968087095
squeezed_Tiền Giang,month_cos,0.607150204363614
squeezed_Trà Vinh,Total_Evaporation,0.021801642736008695
squeezed_Trà Vinh,Total_Rainfall,0.04334070202128471
squeezed_Trà Vinh,Max_Daily_Rainfall,0.05293165509314963
squeezed_Trà Vinh,n_raining_days,0.09419458595655045
squeezed_Trà Vinh,Average_temperature,0.003338575077402187
squeezed_Trà Vinh,Max_Average_Temperature,0.09199659475502277
squeezed_Trà Vinh,Min_Average_Temperature,0.011843134889027843
squeezed_Trà Vinh,Max_Absolute_Temperature,0.025688426963863437
squeezed_Trà Vinh,Min_Absolute_Temperature,0.5092486167205965
squeezed_Trà Vinh,Average_Humidity,0.01742002766140314
squeezed_Trà Vinh,Min_Humidity,0.06040987816327192
squeezed_Trà Vinh,n_hours_sunshine,0.21463609386692306
squeezed_Trà Vinh,population_male,0.022847553281703025
squeezed_Trà Vinh,population_female,0.007466573901361281
squeezed_Trà Vinh,population_urban,0.13072616170307325
squeezed_Trà Vinh,population_countryside,0.05369964293170514
squeezed_Trà Vinh,Diarrhoea_rates,42.90627314138041
squeezed_Trà Vinh,Diarrhoea_rates_lag1,12.080785586794804
squeezed_Trà Vinh,Diarrhoea_rates_lag2,1.2000008562437336
squeezed_Trà Vinh,Diarrhoea_rates_lag3,0.03962517954241349
squeezed_Trà Vinh,Diarrhoea_rates_lag4,2.113925655838695
squeezed_Trà Vinh,Diarrhoea_rates_lag5,0.8703536010265615
squeezed_Trà Vinh,Diarrhoea_rates_lag6,1.8272536362145895
squeezed_Trà Vinh,Diarrhoea_rates_lag7,0.1777090918434566
squeezed_Trà Vinh,Diarrhoea_rates_lag8,0.37136645919000766
squeezed_Trà Vinh,Diarrhoea_rates_lag9,0.16541372962481535
squeezed_Trà Vinh,Diarrhoea_rates_lag10,0.6065400106216331
squeezed_Trà Vinh,Diarrhoea_rates_lag11,3.5498156164283117
squeezed_Trà Vinh,Diarrhoea_rates_lag12,1.6838071312775895
squeezed_Trà Vinh,Total_Evaporation_lag1,0.010537452199320875
squeezed_Trà Vinh,Total_Evaporation_lag2,0.2572301192473492
squeezed_Trà Vinh,Total_Evaporation_lag3,0.025265803441499177
squeezed_Trà Vinh,Total_Evaporation_lag4,0.05691678619926244
squeezed_Trà Vinh,Total_Evaporation_lag5,0.02073876929182525
squeezed_Trà Vinh,Total_Evaporation_lag6,0.02133449882657784
squeezed_Trà Vinh,Total_Evaporation_lag7,0.019834095097146575
squeezed_Trà Vinh,Total_Evaporation_lag8,0.08716227946925863
squeezed_Trà Vinh,Total_Evaporation_lag9,0.009637859054654163
squeezed_Trà Vinh,Total_Evaporation_lag10,0.0
squeezed_Trà Vinh,Total_Evaporation_lag11,0.13553834549886418
squeezed_Trà Vinh,Total_Evaporation_lag12,0.06664882813824508
squeezed_Trà Vinh,Total_Rainfall_lag1,0.6269280854209207
squeezed_Trà Vinh,Total_Rainfall_lag2,0.5432879687242571
squeezed_Trà Vinh,Total_Rainfall_lag3,0.05492059032742317
squeezed_Trà Vinh,Total_Rainfall_lag4,0.08470836021061727
squeezed_Trà Vinh,Total_Rainfall_lag5,0.011838579988562518
squeezed_Trà Vinh,Total_Rainfall_lag6,0.0482749731197878
squeezed_Trà Vinh,Total_Rainfall_lag7,0.03172838117424302
squeezed_Trà Vinh,Total_Rainfall_lag8,0.01145175999903668
squeezed_Trà Vinh,Total_Rainfall_lag9,0.08302118321345575
squeezed_Trà Vinh,Total_Rainfall_lag10,0.11954611598936238
squeezed_Trà Vinh,Total_Rainfall_lag11,0.28043136395883506
squeezed_Trà Vinh,Total_Rainfall_lag12,0.022200575827059286
squeezed_Trà Vinh,Max_Daily_Rainfall_lag1,0.0971096617839995
squeezed_Trà Vinh,Max_Daily_Rainfall_lag2,0.1643511174705353
squeezed_Trà Vinh,Max_Daily_Rainfall_lag3,0.015955883885829497
squeezed_Trà Vinh,Max_Daily_Rainfall_lag4,0.046197343318951
squeezed_Trà Vinh,Max_Daily_Rainfall_lag5,0.037354711608853196
squeezed_Trà Vinh,Max_Daily_Rainfall_lag6,0.038097295237777426
squeezed_Trà Vinh,Max_Daily_Rainfall_lag7,0.022616162584496228
squeezed_Trà Vinh,Max_Daily_Rainfall_lag8,0.15786941196097512
squeezed_Trà Vinh,Max_Daily_Rainfall_lag9,0.14878982681688355
squeezed_Trà Vinh,Max_Daily_Rainfall_lag10,0.11668751270380244
squeezed_Trà Vinh,Max_Daily_Rainfall_lag11,0.2701998942655603
squeezed_Trà Vinh,Max_Daily_Rainfall_lag12,0.14342339340833843
squeezed_Trà Vinh,n_raining_days_lag1,0.030967566555860523
squeezed_Trà Vinh,n_raining_days_lag2,0.2408391139284348
squeezed_Trà Vinh,n_raining_days_lag3,0.04639315878593753
squeezed_Trà Vinh,n_raining_days_lag4,0.06636230115457482
squeezed_Trà Vinh,n_raining_days_lag5,0.0038873657938819583
squeezed_Trà Vinh,n_raining_days_lag6,0.004127743147758199
squeezed_Trà Vinh,n_raining_days_lag7,0.0
squeezed_Trà Vinh,n_raining_days_lag8,0.029310320415084388
squeezed_Trà Vinh,n_raining_days_lag9,0.1825629246826015
squeezed_Trà Vinh,n_raining_days_lag10,0.14976475176076712
squeezed_Trà Vinh,n_raining_days_lag11,0.007497086249567478
squeezed_Trà Vinh,n_raining_days_lag12,0.09931220366546567
squeezed_Trà Vinh,Average_temperature_lag1,0.04211727369011501
squeezed_Trà Vinh,Average_temperature_lag2,0.0
squeezed_Trà Vinh,Average_temperature_lag3,0.09100509865529156
squeezed_Trà Vinh,Average_temperature_lag4,0.0024089737851011607
squeezed_Trà Vinh,Average_temperature_lag5,0.008753452912885566
squeezed_Trà Vinh,Average_temperature_lag6,0.07369474321678895
squeezed_Trà Vinh,Average_temperature_lag7,0.09655919662514388
squeezed_Trà Vinh,Average_temperature_lag8,0.06749712827024879
squeezed_Trà Vinh,Average_temperature_lag9,0.0366834211631652
squeezed_Trà Vinh,Average_temperature_lag10,0.01403178775539625
squeezed_Trà Vinh,Average_temperature_lag11,0.021550936889705566
squeezed_Trà Vinh,Average_temperature_lag12,0.015893560060538155
squeezed_Trà Vinh,Max_Average_Temperature_lag1,0.09601327253442692
squeezed_Trà Vinh,Max_Average_Temperature_lag2,0.09795065567657442
squeezed_Trà Vinh,Max_Average_Temperature_lag3,0.0800861059172001
squeezed_Trà Vinh,Max_Average_Temperature_lag4,0.0056148816403684175
squeezed_Trà Vinh,Max_Average_Temperature_lag5,0.45929850293081526
squeezed_Trà Vinh,Max_Average_Temperature_lag6,0.017843744407982167
squeezed_Trà Vinh,Max_Average_Temperature_lag7,0.029118254474987698
squeezed_Trà Vinh,Max_Average_Temperature_lag8,0.20643371951216682
squeezed_Trà Vinh,Max_Average_Temperature_lag9,0.016563953648548197
squeezed_Trà Vinh,Max_Average_Temperature_lag10,0.08629806120915466
squeezed_Trà Vinh,Max_Average_Temperature_lag11,0.1573200782172906
squeezed_Trà Vinh,Max_Average_Temperature_lag12,0.14286339407675078
squeezed_Trà Vinh,Min_Average_Temperature_lag1,0.013916896566421309
squeezed_Trà Vinh,Min_Average_Temperature_lag2,0.03876109125414371
squeezed_Trà Vinh,Min_Average_Temperature_lag3,0.08382402321415879
squeezed_Trà Vinh,Min_Average_Temperature_lag4,0.19927071789690076
squeezed_Trà Vinh,Min_Average_Temperature_lag5,0.012377465872760882
squeezed_Trà Vinh,Min_Average_Temperature_lag6,0.03706172543854216
squeezed_Trà Vinh,Min_Average_Temperature_lag7,0.07526253994225217
squeezed_Trà Vinh,Min_Average_Temperature_lag8,0.009914644396238048
squeezed_Trà Vinh,Min_Average_Temperature_lag9,0.006902768275220651
squeezed_Trà Vinh,Min_Average_Temperature_lag10,0.014052176295200372
squeezed_Trà Vinh,Min_Average_Temperature_lag11,0.03275183922303692
squeezed_Trà Vinh,Min_Average_Temperature_lag12,0.06828466059969511
squeezed_Trà Vinh,Max_Absolute_Temperature_lag1,0.10829541765691902
squeezed_Trà Vinh,Max_Absolute_Temperature_lag2,0.0465972147643559
squeezed_Trà Vinh,Max_Absolute_Temperature_lag3,0.023088607223823134
squeezed_Trà Vinh,Max_Absolute_Temperature_lag4,0.12629064257305708
squeezed_Trà Vinh,Max_Absolute_Temperature_lag5,0.027937427751460516
squeezed_Trà Vinh,Max_Absolute_Temperature_lag6,0.06451461796030972
squeezed_Trà Vinh,Max_Absolute_Temperature_lag7,0.07748676721695501
squeezed_Trà Vinh,Max_Absolute_Temperature_lag8,0.014632648753460528
squeezed_Trà Vinh,Max_Absolute_Temperature_lag9,0.001441177321758339
squeezed_Trà Vinh,Max_Absolute_Temperature_lag10,0.05743715104939775
squeezed_Trà Vinh,Max_Absolute_Temperature_lag11,0.058070332113292746
squeezed_Trà Vinh,Max_Absolute_Temperature_lag12,0.05150445909001921
squeezed_Trà Vinh,Min_Absolute_Temperature_lag1,0.018090188153331483
squeezed_Trà Vinh,Min_Absolute_Temperature_lag2,0.09369640441982546
squeezed_Trà Vinh,Min_Absolute_Temperature_lag3,0.07695621706331286
squeezed_Trà Vinh,Min_Absolute_Temperature_lag4,0.30257624988991055
squeezed_Trà Vinh,Min_Absolute_Temperature_lag5,0.034411055410115916
squeezed_Trà Vinh,Min_Absolute_Temperature_lag6,0.01637538096157049
squeezed_Trà Vinh,Min_Absolute_Temperature_lag7,0.01423586597069935
squeezed_Trà Vinh,Min_Absolute_Temperature_lag8,0.1177511728988574
squeezed_Trà Vinh,Min_Absolute_Temperature_lag9,0.009936486449231789
squeezed_Trà Vinh,Min_Absolute_Temperature_lag10,0.015294152566742538
squeezed_Trà Vinh,Min_Absolute_Temperature_lag11,0.016640863970878227
squeezed_Trà Vinh,Min_Absolute_Temperature_lag12,0.22810878722709013
squeezed_Trà Vinh,Average_Humidity_lag1,0.018112467273958297
squeezed_Trà Vinh,Average_Humidity_lag2,0.07613495037151431
squeezed_Trà Vinh,Average_Humidity_lag3,0.0007689313916094355
squeezed_Trà Vinh,Average_Humidity_lag4,0.09618130534043474
squeezed_Trà Vinh,Average_Humidity_lag5,0.08226186014740905
squeezed_Trà Vinh,Average_Humidity_lag6,0.03384315145926842
squeezed_Trà Vinh,Average_Humidity_lag7,0.022528391469389734
squeezed_Trà Vinh,Average_Humidity_lag8,0.05921005761030442
squeezed_Trà Vinh,Average_Humidity_lag9,0.07335623122147254
squeezed_Trà Vinh,Average_Humidity_lag10,0.010140605297810976
squeezed_Trà Vinh,Average_Humidity_lag11,0.05847023531401024
squeezed_Trà Vinh,Average_Humidity_lag12,0.15615185002342089
squeezed_Trà Vinh,Min_Humidity_lag1,0.033326407237264606
squeezed_Trà Vinh,Min_Humidity_lag2,0.09994813975354246
squeezed_Trà Vinh,Min_Humidity_lag3,0.03736524848504109
squeezed_Trà Vinh,Min_Humidity_lag4,0.011889423883961787
squeezed_Trà Vinh,Min_Humidity_lag5,0.016096782225859033
squeezed_Trà Vinh,Min_Humidity_lag6,0.00945500153221339
squeezed_Trà Vinh,Min_Humidity_lag7,0.12406435648718077
squeezed_Trà Vinh,Min_Humidity_lag8,0.010067852625363463
squeezed_Trà Vinh,Min_Humidity_lag9,0.015720631631881535
squeezed_Trà Vinh,Min_Humidity_lag10,0.0073493140693896885
squeezed_Trà Vinh,Min_Humidity_lag11,0.04683980368856469
squeezed_Trà Vinh,Min_Humidity_lag12,0.024397594139440922
squeezed_Trà Vinh,n_hours_sunshine_lag1,0.34014714998504697
squeezed_Trà Vinh,n_hours_sunshine_lag2,0.17313221880439467
squeezed_Trà Vinh,n_hours_sunshine_lag3,0.02650925723519645
squeezed_Trà Vinh,n_hours_sunshine_lag4,0.21455375187568904
squeezed_Trà Vinh,n_hours_sunshine_lag5,0.015304997105958331
squeezed_Trà Vinh,n_hours_sunshine_lag6,0.12677650447984914
squeezed_Trà Vinh,n_hours_sunshine_lag7,0.06384133940499408
squeezed_Trà Vinh,n_hours_sunshine_lag8,0.07821049579173993
squeezed_Trà Vinh,n_hours_sunshine_lag9,0.044168960865693475
squeezed_Trà Vinh,n_hours_sunshine_lag10,0.02603458345268707
squeezed_Trà Vinh,n_hours_sunshine_lag11,0.21641586418837586
squeezed_Trà Vinh,n_hours_sunshine_lag12,0.10218406605067736
squeezed_Trà Vinh,population_male_lag1,0.0
squeezed_Trà Vinh,population_male_lag2,0.05232224190904463
squeezed_Trà Vinh,population_male_lag3,0.0061753879551897555
squeezed_Trà Vinh,population_male_lag4,0.278787008651691
squeezed_Trà Vinh,population_male_lag5,0.0
squeezed_Trà Vinh,population_male_lag6,0.001040004002301863
squeezed_Trà Vinh,population_male_lag7,0.0013803067461113981
squeezed_Trà Vinh,population_male_lag8,0.0
squeezed_Trà Vinh,population_male_lag9,0.0
squeezed_Trà Vinh,population_male_lag10,0.30217038750099817
squeezed_Trà Vinh,population_male_lag11,0.0
squeezed_Trà Vinh,population_male_lag12,0.010844912218878866
squeezed_Trà Vinh,population_female_lag1,0.0
squeezed_Trà Vinh,population_female_lag2,0.005216398089286437
squeezed_Trà Vinh,population_female_lag3,0.0
squeezed_Trà Vinh,population_female_lag4,0.0
squeezed_Trà Vinh,population_female_lag5,0.00825628493678235
squeezed_Trà Vinh,population_female_lag6,0.03694672307933204
squeezed_Trà Vinh,population_female_lag7,0.0
squeezed_Trà Vinh,population_female_lag8,0.0
squeezed_Trà Vinh,population_female_lag9,0.0011511270009708437
squeezed_Trà Vinh,population_female_lag10,0.0030128593411737465
squeezed_Trà Vinh,population_female_lag11,0.0
squeezed_Trà Vinh,population_female_lag12,0.0
squeezed_Trà Vinh,population_urban_lag1,0.13876953894976557
squeezed_Trà Vinh,population_urban_lag2,0.03016369247610856
squeezed_Trà Vinh,population_urban_lag3,0.005832734159046397
squeezed_Trà Vinh,population_urban_lag4,0.0033228763604542526
squeezed_Trà Vinh,population_urban_lag5,0.0966875334293404
squeezed_Trà Vinh,population_urban_lag6,0.0034766729953057845
squeezed_Trà Vinh,population_urban_lag7,0.22017342436837015
squeezed_Trà Vinh,population_urban_lag8,0.0
squeezed_Trà Vinh,population_urban_lag9,0.0030509772783779755
squeezed_Trà Vinh,population_urban_lag10,0.0013732746774274566
squeezed_Trà Vinh,population_urban_lag11,0.7484214561152273
squeezed_Trà Vinh,population_urban_lag12,0.0449742041876123
squeezed_Trà Vinh,population_countryside_lag1,0.005717425419425353
squeezed_Trà Vinh,population_countryside_lag2,0.016760195472561263
squeezed_Trà Vinh,population_countryside_lag3,0.010361888695168867
squeezed_Trà Vinh,population_countryside_lag4,0.02152015423469425
squeezed_Trà Vinh,population_countryside_lag5,0.0
squeezed_Trà Vinh,population_countryside_lag6,0.008373806503388722
squeezed_Trà Vinh,population_countryside_lag7,0.011632132833601198
squeezed_Trà Vinh,population_countryside_lag8,0.0
squeezed_Trà Vinh,population_countryside_lag9,0.0
squeezed_Trà Vinh,population_countryside_lag10,0.0
squeezed_Trà Vinh,population_countryside_lag11,0.018722345120122302
squeezed_Trà Vinh,population_countryside_lag12,0.04581544098360513
squeezed_Trà Vinh,Dengue_fever_rates_lag1,0.45945440807323606
squeezed_Trà Vinh,Dengue_fever_rates_lag2,0.019668263171681508
squeezed_Trà Vinh,Dengue_fever_rates_lag3,0.07010089751306865
squeezed_Trà Vinh,Dengue_fever_rates_lag4,0.05323007317824394
squeezed_Trà Vinh,Dengue_fever_rates_lag5,0.005586268298922308
squeezed_Trà Vinh,Dengue_fever_rates_lag6,0.053303701620859324
squeezed_Trà Vinh,Dengue_fever_rates_lag7,0.008974881677446358
squeezed_Trà Vinh,Dengue_fever_rates_lag8,0.1693104722762623
squeezed_Trà Vinh,Dengue_fever_rates_lag9,0.09611363803394883
squeezed_Trà Vinh,Dengue_fever_rates_lag10,0.06019588593080585
squeezed_Trà Vinh,Dengue_fever_rates_lag11,0.31358278949169555
squeezed_Trà Vinh,Dengue_fever_rates_lag12,0.10879009717473309
squeezed_Trà Vinh,Influenza_rates_lag1,0.07684841523039164
squeezed_Trà Vinh,Influenza_rates_lag2,0.2561038117435725
squeezed_Trà Vinh,Influenza_rates_lag3,0.11730574815324302
squeezed_Trà Vinh,Influenza_rates_lag4,0.30023003097561
squeezed_Trà Vinh,Influenza_rates_lag5,0.11840807413021477
squeezed_Trà Vinh,Influenza_rates_lag6,0.20146925858999018
squeezed_Trà Vinh,Influenza_rates_lag7,0.2870952714207166
squeezed_Trà Vinh,Influenza_rates_lag8,0.1909811997572816
squeezed_Trà Vinh,Influenza_rates_lag9,0.03009381097588448
squeezed_Trà Vinh,Influenza_rates_lag10,1.008740294502237
squeezed_Trà Vinh,Influenza_rates_lag11,0.336381290268335
squeezed_Trà Vinh,Influenza_rates_lag12,0.041358514676060665
squeezed_Trà Vinh,Diarrhoea_rates_rollmean_3,8.633772245653631
squeezed_Trà Vinh,Diarrhoea_rates_rollstd_3,0.10952801714390936
squeezed_Trà Vinh,Diarrhoea_rates_rollmean_6,2.1996981049281774
squeezed_Trà Vinh,Diarrhoea_rates_rollstd_6,0.058325306056276005
squeezed_Trà Vinh,month_sin,1.1954375306354756
squeezed_Trà Vinh,month_cos,0.7845986463600213
squeezed_Tuyên Quang,Total_Evaporation,0.0685793090661726
squeezed_Tuyên Quang,Total_Rainfall,0.062352106806328654
squeezed_Tuyên Quang,Max_Daily_Rainfall,0.05448746495211227
squeezed_Tuyên Quang,n_raining_days,0.09722958848164172
squeezed_Tuyên Quang,Average_temperature,0.06304925442414253
squeezed_Tuyên Quang,Max_Average_Temperature,0.09953602953863488
squeezed_Tuyên Quang,Min_Average_Temperature,0.01770262966894011
squeezed_Tuyên Quang,Max_Absolute_Temperature,0.04682028869438825
squeezed_Tuyên Quang,Min_Absolute_Temperature,0.3498422309458893
squeezed_Tuyên Quang,Average_Humidity,0.016501470501050327
squeezed_Tuyên Quang,Min_Humidity,0.08579150303157175
squeezed_Tuyên Quang,n_hours_sunshine,0.1549766635036501
squeezed_Tuyên Quang,population_male,0.07145429651707522
squeezed_Tuyên Quang,population_female,0.007570233556251774
squeezed_Tuyên Quang,population_urban,0.11264031169346307
squeezed_Tuyên Quang,population_countryside,0.02700667192873771
squeezed_Tuyên Quang,Diarrhoea_rates,45.08580938798934
squeezed_Tuyên Quang,Diarrhoea_rates_lag1,11.323762134928623
squeezed_Tuyên Quang,Diarrhoea_rates_lag2,1.5367923300812436
squeezed_Tuyên Quang,Diarrhoea_rates_lag3,0.05469098411392581
squeezed_Tuyên Quang,Diarrhoea_rates_lag4,1.513169724172213
squeezed_Tuyên Quang,Diarrhoea_rates_lag5,0.47458171610653527
squeezed_Tuyên Quang,Diarrhoea_rates_lag6,0.9388999890585468
squeezed_Tuyên Quang,Diarrhoea_rates_lag7,0.24804496783736854
squeezed_Tuyên Quang,Diarrhoea_rates_lag8,0.3493236966803503
squeezed_Tuyên Quang,Diarrhoea_rates_lag9,0.18294566062781556
squeezed_Tuyên Quang,Diarrhoea_rates_lag10,1.0216314941057074
squeezed_Tuyên Quang,Diarrhoea_rates_lag11,1.8837503320045472
squeezed_Tuyên Quang,Diarrhoea_rates_lag12,0.5919077375404637
squeezed_Tuyên Quang,Total_Evaporation_lag1,0.05235702932877443
squeezed_Tuyên Quang,Total_Evaporation_lag2,0.23220915321573543
squeezed_Tuyên Quang,Total_Evaporation_lag3,0.049604050134865706
squeezed_Tuyên Quang,Total_Evaporation_lag4,0.015676804113229185
squeezed_Tuyên Quang,Total_Evaporation_lag5,0.0277059791065621
squeezed_Tuyên Quang,Total_Evaporation_lag6,0.02319241670257853
squeezed_Tuyên Quang,Total_Evaporation_lag7,0.02352605900459634
squeezed_Tuyên Quang,Total_Evaporation_lag8,0.08151400926659767
squeezed_Tuyên Quang,Total_Evaporation_lag9,0.04922718456507994
squeezed_Tuyên Quang,Total_Evaporation_lag10,0.0
squeezed_Tuyên Quang,Total_Evaporation_lag11,0.21304194701899717
squeezed_Tuyên Quang,Total_Evaporation_lag12,0.0674518151760442
squeezed_Tuyên Quang,Total_Rainfall_lag1,0.514779060862901
squeezed_Tuyên Quang,Total_Rainfall_lag2,0.37656125346053404
squeezed_Tuyên Quang,Total_Rainfall_lag3,0.05544527891498347
squeezed_Tuyên Quang,Total_Rainfall_lag4,0.19179034662470826
squeezed_Tuyên Quang,Total_Rainfall_lag5,0.010046200791714076
squeezed_Tuyên Quang,Total_Rainfall_lag6,0.04237518390954606
squeezed_Tuyên Quang,Total_Rainfall_lag7,0.04126073359459644
squeezed_Tuyên Quang,Total_Rainfall_lag8,0.009321101474421336
squeezed_Tuyên Quang,Total_Rainfall_lag9,0.12265738956631093
squeezed_Tuyên Quang,Total_Rainfall_lag10,0.10715605052041292
squeezed_Tuyên Quang,Total_Rainfall_lag11,0.10800941660396278
squeezed_Tuyên Quang,Total_Rainfall_lag12,0.008781226651386018
squeezed_Tuyên Quang,Max_Daily_Rainfall_lag1,0.1256631235190221
squeezed_Tuyên Quang,Max_Daily_Rainfall_lag2,0.08744601993490242
squeezed_Tuyên Quang,Max_Daily_Rainfall_lag3,0.014314908050150425
squeezed_Tuyên Quang,Max_Daily_Rainfall_lag4,0.03879321548353853
squeezed_Tuyên Quang,Max_Daily_Rainfall_lag5,0.03689097544954618
squeezed_Tuyên Quang,Max_Daily_Rainfall_lag6,0.032717928108705545
squeezed_Tuyên Quang,Max_Daily_Rainfall_lag7,0.03178860047025712
squeezed_Tuyên Quang,Max_Daily_Rainfall_lag8,0.09200773048454867
squeezed_Tuyên Quang,Max_Daily_Rainfall_lag9,0.07595555567741384
squeezed_Tuyên Quang,Max_Daily_Rainfall_lag10,0.0320736438639228
squeezed_Tuyên Quang,Max_Daily_Rainfall_lag11,0.09923927924207936
squeezed_Tuyên Quang,Max_Daily_Rainfall_lag12,0.1673127275437416
squeezed_Tuyên Quang,n_raining_days_lag1,0.004033517748169727
squeezed_Tuyên Quang,n_raining_days_lag2,0.13964258356793688
squeezed_Tuyên Quang,n_raining_days_lag3,0.026542058451542182
squeezed_Tuyên Quang,n_raining_days_lag4,0.05490813460058103
squeezed_Tuyên Quang,n_raining_days_lag5,0.0031651201036622793
squeezed_Tuyên Quang,n_raining_days_lag6,0.005034327204322122
squeezed_Tuyên Quang,n_raining_days_lag7,0.0
squeezed_Tuyên Quang,n_raining_days_lag8,0.03720452901191096
squeezed_Tuyên Quang,n_raining_days_lag9,0.095315513802839
squeezed_Tuyên Quang,n_raining_days_lag10,0.08098324957007279
squeezed_Tuyên Quang,n_raining_days_lag11,0.007520658211804293
squeezed_Tuyên Quang,n_raining_days_lag12,0.05304786780747267
squeezed_Tuyên Quang,Average_temperature_lag1,0.04631499712667367
squeezed_Tuyên Quang,Average_temperature_lag2,0.0
squeezed_Tuyên Quang,Average_temperature_lag3,0.15918839833833118
squeezed_Tuyên Quang,Average_temperature_lag4,0.0066162785222126
squeezed_Tuyên Quang,Average_temperature_lag5,0.029493306328538544
squeezed_Tuyên Quang,Average_temperature_lag6,0.051319949079582865
squeezed_Tuyên Quang,Average_temperature_lag7,0.09896194378434921
squeezed_Tuyên Quang,Average_temperature_lag8,0.04645794563429534
squeezed_Tuyên Quang,Average_temperature_lag9,0.04690361176886291
squeezed_Tuyên Quang,Average_temperature_lag10,0.019864088725402403
squeezed_Tuyên Quang,Average_temperature_lag11,0.11718315135525514
squeezed_Tuyên Quang,Average_temperature_lag12,0.04874043002895917
squeezed_Tuyên Quang,Max_Average_Temperature_lag1,0.17747513309432497
squeezed_Tuyên Quang,Max_Average_Temperature_lag2,0.2506839274102738
squeezed_Tuyên Quang,Max_Average_Temperature_lag3,0.1726779852800545
squeezed_Tuyên Quang,Max_Average_Temperature_lag4,0.007444240331320132
squeezed_Tuyên Quang,Max_Average_Temperature_lag5,0.21925910585588204
squeezed_Tuyên Quang,Max_Average_Temperature_lag6,0.023070480078771428
squeezed_Tuyên Quang,Max_Average_Temperature_lag7,0.035986405872581666
squeezed_Tuyên Quang,Max_Average_Temperature_lag8,0.28006880652370175
squeezed_Tuyên Quang,Max_Average_Temperature_lag9,0.005939084788842901
squeezed_Tuyên Quang,Max_Average_Temperature_lag10,0.07394181482290207
squeezed_Tuyên Quang,Max_Average_Temperature_lag11,0.09842042770059671
squeezed_Tuyên Quang,Max_Average_Temperature_lag12,0.11998911489019125
squeezed_Tuyên Quang,Min_Average_Temperature_lag1,0.013916896566421309
squeezed_Tuyên Quang,Min_Average_Temperature_lag2,0.0569295790770985
squeezed_Tuyên Quang,Min_Average_Temperature_lag3,0.048778056166953986
squeezed_Tuyên Quang,Min_Average_Temperature_lag4,0.19862828058333212
squeezed_Tuyên Quang,Min_Average_Temperature_lag5,0.013282505979069069
squeezed_Tuyên Quang,Min_Average_Temperature_lag6,0.0963058591916462
squeezed_Tuyên Quang,Min_Average_Temperature_lag7,0.09827328450109428
squeezed_Tuyên Quang,Min_Average_Temperature_lag8,0.010000186773815837
squeezed_Tuyên Quang,Min_Average_Temperature_lag9,0.006266951353660182
squeezed_Tuyên Quang,Min_Average_Temperature_lag10,0.038675383527009076
squeezed_Tuyên Quang,Min_Average_Temperature_lag11,0.05757923614875452
squeezed_Tuyên Quang,Min_Average_Temperature_lag12,0.08987745677461517
squeezed_Tuyên Quang,Max_Absolute_Temperature_lag1,0.21525958993663022
squeezed_Tuyên Quang,Max_Absolute_Temperature_lag2,0.14670438268554242
squeezed_Tuyên Quang,Max_Absolute_Temperature_lag3,0.03248232892058475
squeezed_Tuyên Quang,Max_Absolute_Temperature_lag4,0.11111877817416276
squeezed_Tuyên Quang,Max_Absolute_Temperature_lag5,0.08157579497747187
squeezed_Tuyên Quang,Max_Absolute_Temperature_lag6,0.006221313096080271
squeezed_Tuyên Quang,Max_Absolute_Temperature_lag7,0.13837870160998467
squeezed_Tuyên Quang,Max_Absolute_Temperature_lag8,0.015894448190327214
squeezed_Tuyên Quang,Max_Absolute_Temperature_lag9,0.002261315656317299
squeezed_Tuyên Quang,Max_Absolute_Temperature_lag10,0.05427782587827554
squeezed_Tuyên Quang,Max_Absolute_Temperature_lag11,0.11704553680621986
squeezed_Tuyên Quang,Max_Absolute_Temperature_lag12,0.056587466861548745
squeezed_Tuyên Quang,Min_Absolute_Temperature_lag1,0.04529660741520323
squeezed_Tuyên Quang,Min_Absolute_Temperature_lag2,0.13717136091208942
squeezed_Tuyên Quang,Min_Absolute_Temperature_lag3,0.18150687226294196
squeezed_Tuyên Quang,Min_Absolute_Temperature_lag4,0.35026441833057004
squeezed_Tuyên Quang,Min_Absolute_Temperature_lag5,0.08412222666629653
squeezed_Tuyên Quang,Min_Absolute_Temperature_lag6,0.05153757032088805
squeezed_Tuyên Quang,Min_Absolute_Temperature_lag7,0.2033943099632777
squeezed_Tuyên Quang,Min_Absolute_Temperature_lag8,0.09458741864135196
squeezed_Tuyên Quang,Min_Absolute_Temperature_lag9,0.021340187885392242
squeezed_Tuyên Quang,Min_Absolute_Temperature_lag10,0.03237103416012927
squeezed_Tuyên Quang,Min_Absolute_Temperature_lag11,0.01859973038195738
squeezed_Tuyên Quang,Min_Absolute_Temperature_lag12,0.45213417755340674
squeezed_Tuyên Quang,Average_Humidity_lag1,0.027781167212983963
squeezed_Tuyên Quang,Average_Humidity_lag2,0.010907890041977309
squeezed_Tuyên Quang,Average_Humidity_lag3,0.0008790476374090727
squeezed_Tuyên Quang,Average_Humidity_lag4,0.06683455125278057
squeezed_Tuyên Quang,Average_Humidity_lag5,0.060399026777135933
squeezed_Tuyên Quang,Average_Humidity_lag6,0.011907543087099825
squeezed_Tuyên Quang,Average_Humidity_lag7,0.041020530680067495
squeezed_Tuyên Quang,Average_Humidity_lag8,0.08569681234439773
squeezed_Tuyên Quang,Average_Humidity_lag9,0.04553059854989244
squeezed_Tuyên Quang,Average_Humidity_lag10,0.025667206857633917
squeezed_Tuyên Quang,Average_Humidity_lag11,0.05667505153038993
squeezed_Tuyên Quang,Average_Humidity_lag12,0.06825991934193547
squeezed_Tuyên Quang,Min_Humidity_lag1,0.04462562897505242
squeezed_Tuyên Quang,Min_Humidity_lag2,0.09929177154401032
squeezed_Tuyên Quang,Min_Humidity_lag3,0.08543325453090789
squeezed_Tuyên Quang,Min_Humidity_lag4,0.014302260952848103
squeezed_Tuyên Quang,Min_Humidity_lag5,0.009900355686199453
squeezed_Tuyên Quang,Min_Humidity_lag6,0.005578379228004885
squeezed_Tuyên Quang,Min_Humidity_lag7,0.1171660660256361
squeezed_Tuyên Quang,Min_Humidity_lag8,0.03719134045098646
squeezed_Tuyên Quang,Min_Humidity_lag9,0.018406394731649168
squeezed_Tuyên Quang,Min_Humidity_lag10,0.007524563981580345
squeezed_Tuyên Quang,Min_Humidity_lag11,0.14561666135881715
squeezed_Tuyên Quang,Min_Humidity_lag12,0.0666381723182113
squeezed_Tuyên Quang,n_hours_sunshine_lag1,0.04801013507591575
squeezed_Tuyên Quang,n_hours_sunshine_lag2,0.06837446451673271
squeezed_Tuyên Quang,n_hours_sunshine_lag3,0.04124696365220428
squeezed_Tuyên Quang,n_hours_sunshine_lag4,0.10593523168691359
squeezed_Tuyên Quang,n_hours_sunshine_lag5,0.00540355436258554
squeezed_Tuyên Quang,n_hours_sunshine_lag6,0.08570878318038903
squeezed_Tuyên Quang,n_hours_sunshine_lag7,0.02669195480667722
squeezed_Tuyên Quang,n_hours_sunshine_lag8,0.031403100921089486
squeezed_Tuyên Quang,n_hours_sunshine_lag9,0.005880463767588758
squeezed_Tuyên Quang,n_hours_sunshine_lag10,0.10315884372050009
squeezed_Tuyên Quang,n_hours_sunshine_lag11,0.024926738191220685
squeezed_Tuyên Quang,n_hours_sunshine_lag12,0.10799790053660611
squeezed_Tuyên Quang,population_male_lag1,0.0
squeezed_Tuyên Quang,population_male_lag2,0.05207981266812025
squeezed_Tuyên Quang,population_male_lag3,0.006890561875527175
squeezed_Tuyên Quang,population_male_lag4,0.2740678589083559
squeezed_Tuyên Quang,population_male_lag5,0.0
squeezed_Tuyên Quang,population_male_lag6,0.0008030585364055031
squeezed_Tuyên Quang,population_male_lag7,0.019756421009111968
squeezed_Tuyên Quang,population_male_lag8,0.0
squeezed_Tuyên Quang,population_male_lag9,0.0
squeezed_Tuyên Quang,population_male_lag10,0.3073456721478444
squeezed_Tuyên Quang,population_male_lag11,0.0
squeezed_Tuyên Quang,population_male_lag12,0.01317860903525196
squeezed_Tuyên Quang,population_female_lag1,0.0
squeezed_Tuyên Quang,population_female_lag2,0.005216398089286437
squeezed_Tuyên Quang,population_female_lag3,0.0
squeezed_Tuyên Quang,population_female_lag4,0.0
squeezed_Tuyên Quang,population_female_lag5,0.009712159907147246
squeezed_Tuyên Quang,population_female_lag6,0.051829898665648466
squeezed_Tuyên Quang,population_female_lag7,0.0
squeezed_Tuyên Quang,population_female_lag8,0.0
squeezed_Tuyên Quang,population_female_lag9,0.0012646868920509417
squeezed_Tuyên Quang,population_female_lag10,0.006722871832891712
squeezed_Tuyên Quang,population_female_lag11,0.0
squeezed_Tuyên Quang,population_female_lag12,0.0
squeezed_Tuyên Quang,population_urban_lag1,0.13939203423993277
squeezed_Tuyên Quang,population_urban_lag2,0.0297747049034488
squeezed_Tuyên Quang,population_urban_lag3,0.007296229790242598
squeezed_Tuyên Quang,population_urban_lag4,0.0032655093505900394
squeezed_Tuyên Quang,population_urban_lag5,0.08942723186838157
squeezed_Tuyên Quang,population_urban_lag6,0.0033864730390724654
squeezed_Tuyên Quang,population_urban_lag7,0.2206509590650664
squeezed_Tuyên Quang,population_urban_lag8,0.0
squeezed_Tuyên Quang,population_urban_lag9,0.0030509772783779755
squeezed_Tuyên Quang,population_urban_lag10,0.0014926394623478517
squeezed_Tuyên Quang,population_urban_lag11,0.749953985529073
squeezed_Tuyên Quang,population_urban_lag12,0.02958280981189046
squeezed_Tuyên Quang,population_countryside_lag1,0.0061410136687295456
squeezed_Tuyên Quang,population_countryside_lag2,0.017030924614274613
squeezed_Tuyên Quang,population_countryside_lag3,0.004804143670989195
squeezed_Tuyên Quang,population_countryside_lag4,0.013192224536180146
squeezed_Tuyên Quang,population_countryside_lag5,0.0
squeezed_Tuyên Quang,population_countryside_lag6,0.0074760627671848524
squeezed_Tuyên Quang,population_countryside_lag7,0.0025670341457579558
squeezed_Tuyên Quang,population_countryside_lag8,0.0
squeezed_Tuyên Quang,population_countryside_lag9,0.0
squeezed_Tuyên Quang,population_countryside_lag10,0.0
squeezed_Tuyên Quang,population_countryside_lag11,0.016108425308944407
squeezed_Tuyên Quang,population_countryside_lag12,0.04662395024731356
squeezed_Tuyên Quang,Dengue_fever_rates_lag1,0.3353407103037313
squeezed_Tuyên Quang,Dengue_fever_rates_lag2,0.012670011739680206
squeezed_Tuyên Quang,Dengue_fever_rates_lag3,0.054653774797616406
squeezed_Tuyên Quang,Dengue_fever_rates_lag4,0.016669204580580882
squeezed_Tuyên Quang,Dengue_fever_rates_lag5,0.002225778775351857
squeezed_Tuyên Quang,Dengue_fever_rates_lag6,0.04197333411602786
squeezed_Tuyên Quang,Dengue_fever_rates_lag7,0.005942070259221371
squeezed_Tuyên Quang,Dengue_fever_rates_lag8,0.12379959917382986
squeezed_Tuyên Quang,Dengue_fever_rates_lag9,0.027775123482345954
squeezed_Tuyên Quang,Dengue_fever_rates_lag10,0.13623141975565475
squeezed_Tuyên Quang,Dengue_fever_rates_lag11,0.3902141948858487
squeezed_Tuyên Quang,Dengue_fever_rates_lag12,0.030474365054931226
squeezed_Tuyên Quang,Influenza_rates_lag1,0.08728463294464932
squeezed_Tuyên Quang,Influenza_rates_lag2,0.2869655027766947
squeezed_Tuyên Quang,Influenza_rates_lag3,0.12080188524454748
squeezed_Tuyên Quang,Influenza_rates_lag4,0.07290031082985915
squeezed_Tuyên Quang,Influenza_rates_lag5,0.13228068327771486
squeezed_Tuyên Quang,Influenza_rates_lag6,0.14032471961546453
squeezed_Tuyên Quang,Influenza_rates_lag7,0.3145169907878223
squeezed_Tuyên Quang,Influenza_rates_lag8,0.07577554501523352
squeezed_Tuyên Quang,Influenza_rates_lag9,0.02463339177993293
squeezed_Tuyên Quang,Influenza_rates_lag10,0.2217931901373147
squeezed_Tuyên Quang,Influenza_rates_lag11,0.14261107207308002
squeezed_Tuyên Quang,Influenza_rates_lag12,0.12593109657062748
squeezed_Tuyên Quang,Diarrhoea_rates_rollmean_3,9.008370132705394
squeezed_Tuyên Quang,Diarrhoea_rates_rollstd_3,0.1407890098031992
squeezed_Tuyên Quang,Diarrhoea_rates_rollmean_6,2.1037059371316724
squeezed_Tuyên Quang,Diarrhoea_rates_rollstd_6,0.03823736860562917
squeezed_Tuyên Quang,month_sin,1.5529904868879532
squeezed_Tuyên Quang,month_cos,1.2845901623075073
squeezed_Tây Ninh,Total_Evaporation,0.029543815708644727
squeezed_Tây Ninh,Total_Rainfall,0.046094606152879726
squeezed_Tây Ninh,Max_Daily_Rainfall,0.05560470348557044
squeezed_Tây Ninh,n_raining_days,0.074689160095065
squeezed_Tây Ninh,Average_temperature,0.0039367503130825375
squeezed_Tây Ninh,Max_Average_Temperature,0.16017015421258035
squeezed_Tây Ninh,Min_Average_Temperature,0.010142605615705735
squeezed_Tây Ninh,Max_Absolute_Temperature,0.03131308230234738
squeezed_Tây Ninh,Min_Absolute_Temperature,0.5960916637637933
squeezed_Tây Ninh,Average_Humidity,0.021130094763010532
squeezed_Tây Ninh,Min_Humidity,0.06429282780942724
squeezed_Tây Ninh,n_hours_sunshine,0.2829460717827356
squeezed_Tây Ninh,population_male,0.03401637511039316
squeezed_Tây Ninh,population_female,0.007777552866032756
squeezed_Tây Ninh,population_urban,0.1305583244307609
squeezed_Tây Ninh,population_countryside,0.0630566472183141
squeezed_Tây Ninh,Diarrhoea_rates,47.384553354209736
squeezed_Tây Ninh,Diarrhoea_rates_lag1,12.485974930652127
squeezed_Tây Ninh,Diarrhoea_rates_lag2,1.4357859349817543
squeezed_Tây Ninh,Diarrhoea_rates_lag3,0.06655018955728544
squeezed_Tây Ninh,Diarrhoea_rates_lag4,2.3472887415781742
squeezed_Tây Ninh,Diarrhoea_rates_lag5,0.9361514623187116
squeezed_Tây Ninh,Diarrhoea_rates_lag6,1.9529163485835657
squeezed_Tây Ninh,Diarrhoea_rates_lag7,0.18221533234334045
squeezed_Tây Ninh,Diarrhoea_rates_lag8,0.30195864842667025
squeezed_Tây Ninh,Diarrhoea_rates_lag9,0.13211894671607288
squeezed_Tây Ninh,Diarrhoea_rates_lag10,0.5835416063742791
squeezed_Tây Ninh,Diarrhoea_rates_lag11,2.2997355651404803
squeezed_Tây Ninh,Diarrhoea_rates_lag12,1.394458651018471
squeezed_Tây Ninh,Total_Evaporation_lag1,0.047940118399453675
squeezed_Tây Ninh,Total_Evaporation_lag2,0.32211280327845654
squeezed_Tây Ninh,Total_Evaporation_lag3,0.040118769183736566
squeezed_Tây Ninh,Total_Evaporation_lag4,0.032239862616267864
squeezed_Tây Ninh,Total_Evaporation_lag5,0.020256951755477672
squeezed_Tây Ninh,Total_Evaporation_lag6,0.12041903768176317
squeezed_Tây Ninh,Total_Evaporation_lag7,0.012581626143539687
squeezed_Tây Ninh,Total_Evaporation_lag8,0.09774429544442419
squeezed_Tây Ninh,Total_Evaporation_lag9,0.05061128676924142
squeezed_Tây Ninh,Total_Evaporation_lag10,0.0
squeezed_Tây Ninh,Total_Evaporation_lag11,0.22998514586046273
squeezed_Tây Ninh,Total_Evaporation_lag12,0.20838092104182104
squeezed_Tây Ninh,Total_Rainfall_lag1,0.6296062320479675
squeezed_Tây Ninh,Total_Rainfall_lag2,0.5234326767804852
squeezed_Tây Ninh,Total_Rainfall_lag3,0.05202180763251088
squeezed_Tây Ninh,Total_Rainfall_lag4,0.06441556538397493
squeezed_Tây Ninh,Total_Rainfall_lag5,0.011329159862043072
squeezed_Tây Ninh,Total_Rainfall_lag6,0.039066689376578194
squeezed_Tây Ninh,Total_Rainfall_lag7,0.04596267387125225
squeezed_Tây Ninh,Total_Rainfall_lag8,0.03201970781757885
squeezed_Tây Ninh,Total_Rainfall_lag9,0.16017512232111816
squeezed_Tây Ninh,Total_Rainfall_lag10,0.16341145333733761
squeezed_Tây Ninh,Total_Rainfall_lag11,0.32283832017942193
squeezed_Tây Ninh,Total_Rainfall_lag12,0.03370644679854442
squeezed_Tây Ninh,Max_Daily_Rainfall_lag1,0.09828402283941884
squeezed_Tây Ninh,Max_Daily_Rainfall_lag2,0.1498307590425148
squeezed_Tây Ninh,Max_Daily_Rainfall_lag3,0.014895812256010534
squeezed_Tây Ninh,Max_Daily_Rainfall_lag4,0.05087910291220219
squeezed_Tây Ninh,Max_Daily_Rainfall_lag5,0.033154879594705054
squeezed_Tây Ninh,Max_Daily_Rainfall_lag6,0.019445676446981745
squeezed_Tây Ninh,Max_Daily_Rainfall_lag7,0.019364412518873584
squeezed_Tây Ninh,Max_Daily_Rainfall_lag8,0.1362781575448322
squeezed_Tây Ninh,Max_Daily_Rainfall_lag9,0.09783207122511811
squeezed_Tây Ninh,Max_Daily_Rainfall_lag10,0.06798411716237247
squeezed_Tây Ninh,Max_Daily_Rainfall_lag11,0.2159007568744549
squeezed_Tây Ninh,Max_Daily_Rainfall_lag12,0.122177071405969
squeezed_Tây Ninh,n_raining_days_lag1,0.05950026175123634
squeezed_Tây Ninh,n_raining_days_lag2,0.1527277982266189
squeezed_Tây Ninh,n_raining_days_lag3,0.02749860478499055
squeezed_Tây Ninh,n_raining_days_lag4,0.07756702643359407
squeezed_Tây Ninh,n_raining_days_lag5,0.0033064792623558087
squeezed_Tây Ninh,n_raining_days_lag6,0.0033374444605306585
squeezed_Tây Ninh,n_raining_days_lag7,0.0
squeezed_Tây Ninh,n_raining_days_lag8,0.03152408521646522
squeezed_Tây Ninh,n_raining_days_lag9,0.112372381573949
squeezed_Tây Ninh,n_raining_days_lag10,0.1170210335047252
squeezed_Tây Ninh,n_raining_days_lag11,0.007877969111051675
squeezed_Tây Ninh,n_raining_days_lag12,0.09821988593440807
squeezed_Tây Ninh,Average_temperature_lag1,0.4328150374179953
squeezed_Tây Ninh,Average_temperature_lag2,0.0
squeezed_Tây Ninh,Average_temperature_lag3,0.0890305120787687
squeezed_Tây Ninh,Average_temperature_lag4,0.0024884396127256257
squeezed_Tây Ninh,Average_temperature_lag5,0.00878938017020973
squeezed_Tây Ninh,Average_temperature_lag6,0.06913598822431911
squeezed_Tây Ninh,Average_temperature_lag7,0.07570030232508085
squeezed_Tây Ninh,Average_temperature_lag8,0.07538366666969719
squeezed_Tây Ninh,Average_temperature_lag9,0.04125487196781444
squeezed_Tây Ninh,Average_temperature_lag10,0.0137612545638413
squeezed_Tây Ninh,Average_temperature_lag11,0.037878012454023856
squeezed_Tây Ninh,Average_temperature_lag12,0.039592630678029934
squeezed_Tây Ninh,Max_Average_Temperature_lag1,0.5472610980745606
squeezed_Tây Ninh,Max_Average_Temperature_lag2,0.10875760762311774
squeezed_Tây Ninh,Max_Average_Temperature_lag3,0.07572760170893915
squeezed_Tây Ninh,Max_Average_Temperature_lag4,0.004280863762691483
squeezed_Tây Ninh,Max_Average_Temperature_lag5,0.4875476256674225
squeezed_Tây Ninh,Max_Average_Temperature_lag6,0.019188197792356303
squeezed_Tây Ninh,Max_Average_Temperature_lag7,0.04720417870986295
squeezed_Tây Ninh,Max_Average_Temperature_lag8,0.4585714047045621
squeezed_Tây Ninh,Max_Average_Temperature_lag9,0.01779386114929948
squeezed_Tây Ninh,Max_Average_Temperature_lag10,0.16249890648126608
squeezed_Tây Ninh,Max_Average_Temperature_lag11,0.223940643524949
squeezed_Tây Ninh,Max_Average_Temperature_lag12,0.3466878927388107
squeezed_Tây Ninh,Min_Average_Temperature_lag1,0.013916896566421309
squeezed_Tây Ninh,Min_Average_Temperature_lag2,0.03999977423596237
squeezed_Tây Ninh,Min_Average_Temperature_lag3,0.1218258426154938
squeezed_Tây Ninh,Min_Average_Temperature_lag4,0.20627572913117262
squeezed_Tây Ninh,Min_Average_Temperature_lag5,0.01260145075732919
squeezed_Tây Ninh,Min_Average_Temperature_lag6,0.023542513693061175
squeezed_Tây Ninh,Min_Average_Temperature_lag7,0.08870140120005222
squeezed_Tây Ninh,Min_Average_Temperature_lag8,0.009582615273400317
squeezed_Tây Ninh,Min_Average_Temperature_lag9,0.007446290166352176
squeezed_Tây Ninh,Min_Average_Temperature_lag10,0.015021266365513923
squeezed_Tây Ninh,Min_Average_Temperature_lag11,0.05581489215435573
squeezed_Tây Ninh,Min_Average_Temperature_lag12,0.10328502560426979
squeezed_Tây Ninh,Max_Absolute_Temperature_lag1,0.0957936352479276
squeezed_Tây Ninh,Max_Absolute_Temperature_lag2,0.06143729250374483
squeezed_Tây Ninh,Max_Absolute_Temperature_lag3,0.02327667891483959
squeezed_Tây Ninh,Max_Absolute_Temperature_lag4,0.13657062299208816
squeezed_Tây Ninh,Max_Absolute_Temperature_lag5,0.0744680979797089
squeezed_Tây Ninh,Max_Absolute_Temperature_lag6,0.04974645026444784
squeezed_Tây Ninh,Max_Absolute_Temperature_lag7,0.10975908498545943
squeezed_Tây Ninh,Max_Absolute_Temperature_lag8,0.017212004708475306
squeezed_Tây Ninh,Max_Absolute_Temperature_lag9,0.0013548710401080617
squeezed_Tây Ninh,Max_Absolute_Temperature_lag10,0.05367785941978675
squeezed_Tây Ninh,Max_Absolute_Temperature_lag11,0.05372779863553532
squeezed_Tây Ninh,Max_Absolute_Temperature_lag12,0.05444411343784855
squeezed_Tây Ninh,Min_Absolute_Temperature_lag1,0.023518682432311932
squeezed_Tây Ninh,Min_Absolute_Temperature_lag2,0.17432177613565572
squeezed_Tây Ninh,Min_Absolute_Temperature_lag3,0.09633594553067405
squeezed_Tây Ninh,Min_Absolute_Temperature_lag4,0.3087103946970336
squeezed_Tây Ninh,Min_Absolute_Temperature_lag5,0.037187537185511446
squeezed_Tây Ninh,Min_Absolute_Temperature_lag6,0.015661863989679555
squeezed_Tây Ninh,Min_Absolute_Temperature_lag7,0.01461561534540113
squeezed_Tây Ninh,Min_Absolute_Temperature_lag8,0.112111470321528
squeezed_Tây Ninh,Min_Absolute_Temperature_lag9,0.014604074441250336
squeezed_Tây Ninh,Min_Absolute_Temperature_lag10,0.028124125613838754
squeezed_Tây Ninh,Min_Absolute_Temperature_lag11,0.018540179756701598
squeezed_Tây Ninh,Min_Absolute_Temperature_lag12,0.25150211581312854
squeezed_Tây Ninh,Average_Humidity_lag1,0.0365311527277778
squeezed_Tây Ninh,Average_Humidity_lag2,0.06708884336997434
squeezed_Tây Ninh,Average_Humidity_lag3,0.0007199908379207078
squeezed_Tây Ninh,Average_Humidity_lag4,0.14020143647191605
squeezed_Tây Ninh,Average_Humidity_lag5,0.059807836757678055
squeezed_Tây Ninh,Average_Humidity_lag6,0.02378490925951833
squeezed_Tây Ninh,Average_Humidity_lag7,0.040284756803703976
squeezed_Tây Ninh,Average_Humidity_lag8,0.09540774672615777
squeezed_Tây Ninh,Average_Humidity_lag9,0.08105061574902146
squeezed_Tây Ninh,Average_Humidity_lag10,0.012883915693252581
squeezed_Tây Ninh,Average_Humidity_lag11,0.05496014930167944
squeezed_Tây Ninh,Average_Humidity_lag12,0.09329482107398529
squeezed_Tây Ninh,Min_Humidity_lag1,0.08214027819859479
squeezed_Tây Ninh,Min_Humidity_lag2,0.08048692235059335
squeezed_Tây Ninh,Min_Humidity_lag3,0.05653245313719829
squeezed_Tây Ninh,Min_Humidity_lag4,0.016300557123247704
squeezed_Tây Ninh,Min_Humidity_lag5,0.018095496578597353
squeezed_Tây Ninh,Min_Humidity_lag6,0.009214148714091727
squeezed_Tây Ninh,Min_Humidity_lag7,0.1281727033394846
squeezed_Tây Ninh,Min_Humidity_lag8,0.02632058607012933
squeezed_Tây Ninh,Min_Humidity_lag9,0.015069105155792678
squeezed_Tây Ninh,Min_Humidity_lag10,0.007503901204153456
squeezed_Tây Ninh,Min_Humidity_lag11,0.08561778039283663
squeezed_Tây Ninh,Min_Humidity_lag12,0.02430829987558362
squeezed_Tây Ninh,n_hours_sunshine_lag1,0.10774997075993532
squeezed_Tây Ninh,n_hours_sunshine_lag2,0.21507604140439426
squeezed_Tây Ninh,n_hours_sunshine_lag3,0.02795014267181775
squeezed_Tây Ninh,n_hours_sunshine_lag4,0.10236079188643694
squeezed_Tây Ninh,n_hours_sunshine_lag5,0.022161698036777852
squeezed_Tây Ninh,n_hours_sunshine_lag6,0.09669041957374318
squeezed_Tây Ninh,n_hours_sunshine_lag7,0.06983811404927993
squeezed_Tây Ninh,n_hours_sunshine_lag8,0.024557805626814085
squeezed_Tây Ninh,n_hours_sunshine_lag9,0.052565092840015586
squeezed_Tây Ninh,n_hours_sunshine_lag10,0.02537181136446243
squeezed_Tây Ninh,n_hours_sunshine_lag11,0.08164274839313447
squeezed_Tây Ninh,n_hours_sunshine_lag12,0.1169384162884302
squeezed_Tây Ninh,population_male_lag1,0.0
squeezed_Tây Ninh,population_male_lag2,0.052633155503084804
squeezed_Tây Ninh,population_male_lag3,0.00528142055476798
squeezed_Tây Ninh,population_male_lag4,0.27642743378002343
squeezed_Tây Ninh,population_male_lag5,0.0
squeezed_Tây Ninh,population_male_lag6,0.0037320725197077516
squeezed_Tây Ninh,population_male_lag7,0.00980135992637253
squeezed_Tây Ninh,population_male_lag8,0.0
squeezed_Tây Ninh,population_male_lag9,0.0
squeezed_Tây Ninh,population_male_lag10,0.3044618638731459
squeezed_Tây Ninh,population_male_lag11,0.0
squeezed_Tây Ninh,population_male_lag12,0.010844912218878866
squeezed_Tây Ninh,population_female_lag1,0.0
squeezed_Tây Ninh,population_female_lag2,0.005216398089286437
squeezed_Tây Ninh,population_female_lag3,0.0
squeezed_Tây Ninh,population_female_lag4,0.0
squeezed_Tây Ninh,population_female_lag5,0.00825628493678235
squeezed_Tây Ninh,population_female_lag6,0.03561674635441095
squeezed_Tây Ninh,population_female_lag7,0.0
squeezed_Tây Ninh,population_female_lag8,0.0
squeezed_Tây Ninh,population_female_lag9,0.0008678569069607866
squeezed_Tây Ninh,population_female_lag10,0.0030484418544134712
squeezed_Tây Ninh,population_female_lag11,0.0
squeezed_Tây Ninh,population_female_lag12,0.0
squeezed_Tây Ninh,population_urban_lag1,0.13745019444670253
squeezed_Tây Ninh,population_urban_lag2,0.029278505430947913
squeezed_Tây Ninh,population_urban_lag3,0.004821668865551384
squeezed_Tây Ninh,population_urban_lag4,0.0033228763604542526
squeezed_Tây Ninh,population_urban_lag5,0.09496587622567422
squeezed_Tây Ninh,population_urban_lag6,0.003206073126605827
squeezed_Tây Ninh,population_urban_lag7,0.21940645746744478
squeezed_Tây Ninh,population_urban_lag8,0.0
squeezed_Tây Ninh,population_urban_lag9,0.0030509772783779755
squeezed_Tây Ninh,population_urban_lag10,0.001517329042673042
squeezed_Tây Ninh,population_urban_lag11,0.7399988772919799
squeezed_Tây Ninh,population_urban_lag12,0.044951445843231075
squeezed_Tây Ninh,population_countryside_lag1,0.014109605358768304
squeezed_Tây Ninh,population_countryside_lag2,0.027823577838845457
squeezed_Tây Ninh,population_countryside_lag3,0.01853400067079835
squeezed_Tây Ninh,population_countryside_lag4,0.011548781794009625
squeezed_Tây Ninh,population_countryside_lag5,0.0
squeezed_Tây Ninh,population_countryside_lag6,0.008373806503388722
squeezed_Tây Ninh,population_countryside_lag7,0.012318953381335379
squeezed_Tây Ninh,population_countryside_lag8,0.0
squeezed_Tây Ninh,population_countryside_lag9,0.0
squeezed_Tây Ninh,population_countryside_lag10,0.0
squeezed_Tây Ninh,population_countryside_lag11,0.020912439058527257
squeezed_Tây Ninh,population_countryside_lag12,0.08042889369304962
squeezed_Tây Ninh,Dengue_fever_rates_lag1,0.4340288066834219
squeezed_Tây Ninh,Dengue_fever_rates_lag2,0.021715593007014616
squeezed_Tây Ninh,Dengue_fever_rates_lag3,0.0768502373896465
squeezed_Tây Ninh,Dengue_fever_rates_lag4,0.036484813706728986
squeezed_Tây Ninh,Dengue_fever_rates_lag5,0.005586268298922308
squeezed_Tây Ninh,Dengue_fever_rates_lag6,0.055881809842236924
squeezed_Tây Ninh,Dengue_fever_rates_lag7,0.007161886563350259
squeezed_Tây Ninh,Dengue_fever_rates_lag8,0.13239095481939003
squeezed_Tây Ninh,Dengue_fever_rates_lag9,0.14569956605533427
squeezed_Tây Ninh,Dengue_fever_rates_lag10,0.039202230931045405
squeezed_Tây Ninh,Dengue_fever_rates_lag11,0.317960706849627
squeezed_Tây Ninh,Dengue_fever_rates_lag12,0.17151001677142177
squeezed_Tây Ninh,Influenza_rates_lag1,0.09525180009074129
squeezed_Tây Ninh,Influenza_rates_lag2,0.349192350853809
squeezed_Tây Ninh,Influenza_rates_lag3,0.1266947464533234
squeezed_Tây Ninh,Influenza_rates_lag4,0.1918429774686867
squeezed_Tây Ninh,Influenza_rates_lag5,0.13248166637775413
squeezed_Tây Ninh,Influenza_rates_lag6,0.20079521440329515
squeezed_Tây Ninh,Influenza_rates_lag7,0.2778445917900642
squeezed_Tây Ninh,Influenza_rates_lag8,0.12809580129997353
squeezed_Tây Ninh,Influenza_rates_lag9,0.021538515923153062
squeezed_Tây Ninh,Influenza_rates_lag10,0.6211236350210689
squeezed_Tây Ninh,Influenza_rates_lag11,0.2955716451054796
squeezed_Tây Ninh,Influenza_rates_lag12,0.05079027736682623
squeezed_Tây Ninh,Diarrhoea_rates_rollmean_3,8.802980805634336
squeezed_Tây Ninh,Diarrhoea_rates_rollstd_3,0.1223916169822379
squeezed_Tây Ninh,Diarrhoea_rates_rollmean_6,2.2445800759334453
squeezed_Tây Ninh,Diarrhoea_rates_rollstd_6,0.05846019077964537
squeezed_Tây Ninh,month_sin,1.003343238076278
squeezed_Tây Ninh,month_cos,1.4844139812220585
squeezed_Vĩnh Phúc,Total_Evaporation,0.022758716453507202
squeezed_Vĩnh Phúc,Total_Rainfall,0.04956292901886603
squeezed_Vĩnh Phúc,Max_Daily_Rainfall,0.03714101623766694
squeezed_Vĩnh Phúc,n_raining_days,0.09474539943387061
squeezed_Vĩnh Phúc,Average_temperature,0.059058862608687035
squeezed_Vĩnh Phúc,Max_Average_Temperature,0.12276987080621914
squeezed_Vĩnh Phúc,Min_Average_Temperature,0.009851039927758633
squeezed_Vĩnh Phúc,Max_Absolute_Temperature,0.055936663287094956
squeezed_Vĩnh Phúc,Min_Absolute_Temperature,0.2858527759991292
squeezed_Vĩnh Phúc,Average_Humidity,0.01808178724962694
squeezed_Vĩnh Phúc,Min_Humidity,0.06938642000002326
squeezed_Vĩnh Phúc,n_hours_sunshine,0.11626319271705086
squeezed_Vĩnh Phúc,population_male,0.03724119358114649
squeezed_Vĩnh Phúc,population_female,0.007155594936689807
squeezed_Vĩnh Phúc,population_urban,0.1352137343027093
squeezed_Vĩnh Phúc,population_countryside,0.030618048063397848
squeezed_Vĩnh Phúc,Diarrhoea_rates,33.36655949636708
squeezed_Vĩnh Phúc,Diarrhoea_rates_lag1,10.410834470213906
squeezed_Vĩnh Phúc,Diarrhoea_rates_lag2,1.6374398057296518
squeezed_Vĩnh Phúc,Diarrhoea_rates_lag3,0.06794693710825163
squeezed_Vĩnh Phúc,Diarrhoea_rates_lag4,1.5474800097461188
squeezed_Vĩnh Phúc,Diarrhoea_rates_lag5,0.6904511183935028
squeezed_Vĩnh Phúc,Diarrhoea_rates_lag6,1.1880160812466134
squeezed_Vĩnh Phúc,Diarrhoea_rates_lag7,0.19291899100856125
squeezed_Vĩnh Phúc,Diarrhoea_rates_lag8,0.4742919611717571
squeezed_Vĩnh Phúc,Diarrhoea_rates_lag9,0.20729463062065742
squeezed_Vĩnh Phúc,Diarrhoea_rates_lag10,0.7196894835768924
squeezed_Vĩnh Phúc,Diarrhoea_rates_lag11,1.300293957495758
squeezed_Vĩnh Phúc,Diarrhoea_rates_lag12,0.5889964017447041
squeezed_Vĩnh Phúc,Total_Evaporation_lag1,0.031091483280551575
squeezed_Vĩnh Phúc,Total_Evaporation_lag2,0.2760821096637681
squeezed_Vĩnh Phúc,Total_Evaporation_lag3,0.029344486687298933
squeezed_Vĩnh Phúc,Total_Evaporation_lag4,0.008277641895935954
squeezed_Vĩnh Phúc,Total_Evaporation_lag5,0.024483846179807877
squeezed_Vĩnh Phúc,Total_Evaporation_lag6,0.016500362939712805
squeezed_Vĩnh Phúc,Total_Evaporation_lag7,0.017346318891353112
squeezed_Vĩnh Phúc,Total_Evaporation_lag8,0.07889444759128118
squeezed_Vĩnh Phúc,Total_Evaporation_lag9,0.022243139365132333
squeezed_Vĩnh Phúc,Total_Evaporation_lag10,0.0
squeezed_Vĩnh Phúc,Total_Evaporation_lag11,0.19475057976002483
squeezed_Vĩnh Phúc,Total_Evaporation_lag12,0.07617178595638237
squeezed_Vĩnh Phúc,Total_Rainfall_lag1,0.5573287613436707
squeezed_Vĩnh Phúc,Total_Rainfall_lag2,0.415825638645078
squeezed_Vĩnh Phúc,Total_Rainfall_lag3,0.046387660287411266
squeezed_Vĩnh Phúc,Total_Rainfall_lag4,0.1372012617067757
squeezed_Vĩnh Phúc,Total_Rainfall_lag5,0.01057679443145858
squeezed_Vĩnh Phúc,Total_Rainfall_lag6,0.056090403633752915
squeezed_Vĩnh Phúc,Total_Rainfall_lag7,0.04827503789667229
squeezed_Vĩnh Phúc,Total_Rainfall_lag8,0.03174640089729061
squeezed_Vĩnh Phúc,Total_Rainfall_lag9,0.14710378453863132
squeezed_Vĩnh Phúc,Total_Rainfall_lag10,0.18319360284894237
squeezed_Vĩnh Phúc,Total_Rainfall_lag11,0.13003597324576735
squeezed_Vĩnh Phúc,Total_Rainfall_lag12,0.030515225686162797
squeezed_Vĩnh Phúc,Max_Daily_Rainfall_lag1,0.11548914346520911
squeezed_Vĩnh Phúc,Max_Daily_Rainfall_lag2,0.08726799673815129
squeezed_Vĩnh Phúc,Max_Daily_Rainfall_lag3,0.01606287811429333
squeezed_Vĩnh Phúc,Max_Daily_Rainfall_lag4,0.042273119845472114
squeezed_Vĩnh Phúc,Max_Daily_Rainfall_lag5,0.03216619155722216
squeezed_Vĩnh Phúc,Max_Daily_Rainfall_lag6,0.021863523133806476
squeezed_Vĩnh Phúc,Max_Daily_Rainfall_lag7,0.05154348168192057
squeezed_Vĩnh Phúc,Max_Daily_Rainfall_lag8,0.1216250825293041
squeezed_Vĩnh Phúc,Max_Daily_Rainfall_lag9,0.2110498141724604
squeezed_Vĩnh Phúc,Max_Daily_Rainfall_lag10,0.023936818431151263
squeezed_Vĩnh Phúc,Max_Daily_Rainfall_lag11,0.15058522790942178
squeezed_Vĩnh Phúc,Max_Daily_Rainfall_lag12,0.19019424581707586
squeezed_Vĩnh Phúc,n_raining_days_lag1,0.0034435681515489007
squeezed_Vĩnh Phúc,n_raining_days_lag2,0.09533563140931063
squeezed_Vĩnh Phúc,n_raining_days_lag3,0.022100426341246857
squeezed_Vĩnh Phúc,n_raining_days_lag4,0.022539897130410377
squeezed_Vĩnh Phúc,n_raining_days_lag5,0.0029355304700103037
squeezed_Vĩnh Phúc,n_raining_days_lag6,0.00613251494384074
squeezed_Vĩnh Phúc,n_raining_days_lag7,0.0
squeezed_Vĩnh Phúc,n_raining_days_lag8,0.024737022196116582
squeezed_Vĩnh Phúc,n_raining_days_lag9,0.08972694814437211
squeezed_Vĩnh Phúc,n_raining_days_lag10,0.1547422391399154
squeezed_Vĩnh Phúc,n_raining_days_lag11,0.00787699186465607
squeezed_Vĩnh Phúc,n_raining_days_lag12,0.047443404780685254
squeezed_Vĩnh Phúc,Average_temperature_lag1,0.153067292945842
squeezed_Vĩnh Phúc,Average_temperature_lag2,0.0
squeezed_Vĩnh Phúc,Average_temperature_lag3,0.14523135824751607
squeezed_Vĩnh Phúc,Average_temperature_lag4,0.005494275430268892
squeezed_Vĩnh Phúc,Average_temperature_lag5,0.028343845601941014
squeezed_Vĩnh Phúc,Average_temperature_lag6,0.051274749097168115
squeezed_Vĩnh Phúc,Average_temperature_lag7,0.10789269992738092
squeezed_Vĩnh Phúc,Average_temperature_lag8,0.045770894165624805
squeezed_Vĩnh Phúc,Average_temperature_lag9,0.06524288517850087
squeezed_Vĩnh Phúc,Average_temperature_lag10,0.009550685178017736
squeezed_Vĩnh Phúc,Average_temperature_lag11,0.09671436556054307
squeezed_Vĩnh Phúc,Average_temperature_lag12,0.04360787209119471
squeezed_Vĩnh Phúc,Max_Average_Temperature_lag1,0.7404662327167549
squeezed_Vĩnh Phúc,Max_Average_Temperature_lag2,0.27373477029721255
squeezed_Vĩnh Phúc,Max_Average_Temperature_lag3,0.082779893182355
squeezed_Vĩnh Phúc,Max_Average_Temperature_lag4,0.005090171437131989
squeezed_Vĩnh Phúc,Max_Average_Temperature_lag5,0.24639706948250228
squeezed_Vĩnh Phúc,Max_Average_Temperature_lag6,0.02383822511931045
squeezed_Vĩnh Phúc,Max_Average_Temperature_lag7,0.03690232970574917
squeezed_Vĩnh Phúc,Max_Average_Temperature_lag8,0.17548942621712016
squeezed_Vĩnh Phúc,Max_Average_Temperature_lag9,0.005907518092401444
squeezed_Vĩnh Phúc,Max_Average_Temperature_lag10,0.07778865417197157
squeezed_Vĩnh Phúc,Max_Average_Temperature_lag11,0.10786252145961502
squeezed_Vĩnh Phúc,Max_Average_Temperature_lag12,0.22490054309513477
squeezed_Vĩnh Phúc,Min_Average_Temperature_lag1,0.013916896566421309
squeezed_Vĩnh Phúc,Min_Average_Temperature_lag2,0.053312448296410166
squeezed_Vĩnh Phúc,Min_Average_Temperature_lag3,0.07054013598291291
squeezed_Vĩnh Phúc,Min_Average_Temperature_lag4,0.19658854467406203
squeezed_Vĩnh Phúc,Min_Average_Temperature_lag5,0.013509524386315695
squeezed_Vĩnh Phúc,Min_Average_Temperature_lag6,0.036066060641982166
squeezed_Vĩnh Phúc,Min_Average_Temperature_lag7,0.08159556254077707
squeezed_Vĩnh Phúc,Min_Average_Temperature_lag8,0.009081322982257731
squeezed_Vĩnh Phúc,Min_Average_Temperature_lag9,0.010378820747986909
squeezed_Vĩnh Phúc,Min_Average_Temperature_lag10,0.09207983848204539
squeezed_Vĩnh Phúc,Min_Average_Temperature_lag11,0.23584033388199432
squeezed_Vĩnh Phúc,Min_Average_Temperature_lag12,0.1550453802673256
squeezed_Vĩnh Phúc,Max_Absolute_Temperature_lag1,0.23679367115449487
squeezed_Vĩnh Phúc,Max_Absolute_Temperature_lag2,0.08325231359834782
squeezed_Vĩnh Phúc,Max_Absolute_Temperature_lag3,0.031026027395725103
squeezed_Vĩnh Phúc,Max_Absolute_Temperature_lag4,0.10948554041702989
squeezed_Vĩnh Phúc,Max_Absolute_Temperature_lag5,0.04336790504752331
squeezed_Vĩnh Phúc,Max_Absolute_Temperature_lag6,0.005600136059171548
squeezed_Vĩnh Phúc,Max_Absolute_Temperature_lag7,0.17582741361696605
squeezed_Vĩnh Phúc,Max_Absolute_Temperature_lag8,0.013557148329150824
squeezed_Vĩnh Phúc,Max_Absolute_Temperature_lag9,0.0018228765455608953
squeezed_Vĩnh Phúc,Max_Absolute_Temperature_lag10,0.05425822088221108
squeezed_Vĩnh Phúc,Max_Absolute_Temperature_lag11,0.139986316512582
squeezed_Vĩnh Phúc,Max_Absolute_Temperature_lag12,0.05668848602487522
squeezed_Vĩnh Phúc,Min_Absolute_Temperature_lag1,0.039260849839579455
squeezed_Vĩnh Phúc,Min_Absolute_Temperature_lag2,0.15176896109366303
squeezed_Vĩnh Phúc,Min_Absolute_Temperature_lag3,0.14153890584702858
squeezed_Vĩnh Phúc,Min_Absolute_Temperature_lag4,0.2913942783930447
squeezed_Vĩnh Phúc,Min_Absolute_Temperature_lag5,0.06296976138655333
squeezed_Vĩnh Phúc,Min_Absolute_Temperature_lag6,0.034506568400696935
squeezed_Vĩnh Phúc,Min_Absolute_Temperature_lag7,0.11106419927620499
squeezed_Vĩnh Phúc,Min_Absolute_Temperature_lag8,0.12156198796342459
squeezed_Vĩnh Phúc,Min_Absolute_Temperature_lag9,0.07020119627310373
squeezed_Vĩnh Phúc,Min_Absolute_Temperature_lag10,0.018470862261035777
squeezed_Vĩnh Phúc,Min_Absolute_Temperature_lag11,0.08810463409954694
squeezed_Vĩnh Phúc,Min_Absolute_Temperature_lag12,0.30221309533509616
squeezed_Vĩnh Phúc,Average_Humidity_lag1,0.01876574903388658
squeezed_Vĩnh Phúc,Average_Humidity_lag2,0.009589464855423382
squeezed_Vĩnh Phúc,Average_Humidity_lag3,0.0009284880854639062
squeezed_Vĩnh Phúc,Average_Humidity_lag4,0.0888446168185212
squeezed_Vĩnh Phúc,Average_Humidity_lag5,0.058027185753376946
squeezed_Vĩnh Phúc,Average_Humidity_lag6,0.013208085112273458
squeezed_Vĩnh Phúc,Average_Humidity_lag7,0.025026336685811557
squeezed_Vĩnh Phúc,Average_Humidity_lag8,0.06471573218903523
squeezed_Vĩnh Phúc,Average_Humidity_lag9,0.03980404295505477
squeezed_Vĩnh Phúc,Average_Humidity_lag10,0.02575888116009349
squeezed_Vĩnh Phúc,Average_Humidity_lag11,0.029390014508705
squeezed_Vĩnh Phúc,Average_Humidity_lag12,0.0748542564915186
squeezed_Vĩnh Phúc,Min_Humidity_lag1,0.04339095346077012
squeezed_Vĩnh Phúc,Min_Humidity_lag2,0.09075335075156216
squeezed_Vĩnh Phúc,Min_Humidity_lag3,0.05942076703138474
squeezed_Vĩnh Phúc,Min_Humidity_lag4,0.014930512722315574
squeezed_Vĩnh Phúc,Min_Humidity_lag5,0.007459774310756596
squeezed_Vĩnh Phúc,Min_Humidity_lag6,0.004875960734252238
squeezed_Vĩnh Phúc,Min_Humidity_lag7,0.12573693416357978
squeezed_Vĩnh Phúc,Min_Humidity_lag8,0.03504073168267108
squeezed_Vĩnh Phúc,Min_Humidity_lag9,0.013990248715716662
squeezed_Vĩnh Phúc,Min_Humidity_lag10,0.00787784100567235
squeezed_Vĩnh Phúc,Min_Humidity_lag11,0.06523508585305587
squeezed_Vĩnh Phúc,Min_Humidity_lag12,0.02119564245052673
squeezed_Vĩnh Phúc,n_hours_sunshine_lag1,0.041358306494971166
squeezed_Vĩnh Phúc,n_hours_sunshine_lag2,0.08655448790115798
squeezed_Vĩnh Phúc,n_hours_sunshine_lag3,0.033290596826439714
squeezed_Vĩnh Phúc,n_hours_sunshine_lag4,0.10589279448933879
squeezed_Vĩnh Phúc,n_hours_sunshine_lag5,0.004905386342672741
squeezed_Vĩnh Phúc,n_hours_sunshine_lag6,0.11264126966918918
squeezed_Vĩnh Phúc,n_hours_sunshine_lag7,0.03206909817343612
squeezed_Vĩnh Phúc,n_hours_sunshine_lag8,0.026666247855420096
squeezed_Vĩnh Phúc,n_hours_sunshine_lag9,0.003233623565924141
squeezed_Vĩnh Phúc,n_hours_sunshine_lag10,0.08016928389343184
squeezed_Vĩnh Phúc,n_hours_sunshine_lag11,0.03497951583501966
squeezed_Vĩnh Phúc,n_hours_sunshine_lag12,0.08054925956814316
squeezed_Vĩnh Phúc,population_male_lag1,0.0
squeezed_Vĩnh Phúc,population_male_lag2,0.05187253693876012
squeezed_Vĩnh Phúc,population_male_lag3,0.005817800995021045
squeezed_Vĩnh Phúc,population_male_lag4,0.2717082840366883
squeezed_Vĩnh Phúc,population_male_lag5,0.0
squeezed_Vĩnh Phúc,population_male_lag6,0.0008259327011784324
squeezed_Vĩnh Phúc,population_male_lag7,0.00659577232758432
squeezed_Vĩnh Phúc,population_male_lag8,0.0
squeezed_Vĩnh Phúc,population_male_lag9,0.0
squeezed_Vĩnh Phúc,population_male_lag10,0.3097165967694319
squeezed_Vĩnh Phúc,population_male_lag11,0.0
squeezed_Vĩnh Phúc,population_male_lag12,0.01284522377577009
squeezed_Vĩnh Phúc,population_female_lag1,0.0
squeezed_Vĩnh Phúc,population_female_lag2,0.005216398089286437
squeezed_Vĩnh Phúc,population_female_lag3,0.0
squeezed_Vĩnh Phúc,population_female_lag4,0.0
squeezed_Vĩnh Phúc,population_female_lag5,0.009712159907147244
squeezed_Vĩnh Phúc,population_female_lag6,0.06358245890218672
squeezed_Vĩnh Phúc,population_female_lag7,0.0
squeezed_Vĩnh Phúc,population_female_lag8,0.0
squeezed_Vĩnh Phúc,population_female_lag9,0.0015732278669643562
squeezed_Vĩnh Phúc,population_female_lag10,0.0029229877534311787
squeezed_Vĩnh Phúc,population_female_lag11,0.0
squeezed_Vĩnh Phúc,population_female_lag12,0.0
squeezed_Vĩnh Phúc,population_urban_lag1,0.14330035446226833
squeezed_Vĩnh Phúc,population_urban_lag2,0.031589642938163326
squeezed_Vĩnh Phúc,population_urban_lag3,0.0063532538838354255
squeezed_Vĩnh Phúc,population_urban_lag4,0.0032655093505900394
squeezed_Vĩnh Phúc,population_urban_lag5,0.0877087281904711
squeezed_Vĩnh Phúc,population_urban_lag6,0.0037472728640057414
squeezed_Vĩnh Phúc,population_urban_lag7,0.2230684728016148
squeezed_Vĩnh Phúc,population_urban_lag8,0.0
squeezed_Vĩnh Phúc,population_urban_lag9,0.0030509772783779755
squeezed_Vĩnh Phúc,population_urban_lag10,0.003120390149377272
squeezed_Vĩnh Phúc,population_urban_lag11,0.7402882033951199
squeezed_Vĩnh Phúc,population_urban_lag12,0.04320964854250677
squeezed_Vĩnh Phúc,population_countryside_lag1,0.005717425419425353
squeezed_Vĩnh Phúc,population_countryside_lag2,0.020225397362786446
squeezed_Vĩnh Phúc,population_countryside_lag3,0.0035648105388620833
squeezed_Vĩnh Phúc,population_countryside_lag4,0.01226254432368302
squeezed_Vĩnh Phúc,population_countryside_lag5,0.0
squeezed_Vĩnh Phúc,population_countryside_lag6,0.007924934635286788
squeezed_Vĩnh Phúc,population_countryside_lag7,0.0029020358224591367
squeezed_Vĩnh Phúc,population_countryside_lag8,0.0
squeezed_Vĩnh Phúc,population_countryside_lag9,0.0
squeezed_Vĩnh Phúc,population_countryside_lag10,0.0
squeezed_Vĩnh Phúc,population_countryside_lag11,0.017292800053736027
squeezed_Vĩnh Phúc,population_countryside_lag12,0.05035324407616213
squeezed_Vĩnh Phúc,Dengue_fever_rates_lag1,0.33439525384970453
squeezed_Vĩnh Phúc,Dengue_fever_rates_lag2,0.00905209528070369
squeezed_Vĩnh Phúc,Dengue_fever_rates_lag3,0.05587459168882461
squeezed_Vĩnh Phúc,Dengue_fever_rates_lag4,0.016497816211565104
squeezed_Vĩnh Phúc,Dengue_fever_rates_lag5,0.003295025441942455
squeezed_Vĩnh Phúc,Dengue_fever_rates_lag6,0.04308119274977931
squeezed_Vĩnh Phúc,Dengue_fever_rates_lag7,0.00759959830164214
squeezed_Vĩnh Phúc,Dengue_fever_rates_lag8,0.16265715583000687
squeezed_Vĩnh Phúc,Dengue_fever_rates_lag9,0.046163940585505124
squeezed_Vĩnh Phúc,Dengue_fever_rates_lag10,0.15123426612742866
squeezed_Vĩnh Phúc,Dengue_fever_rates_lag11,0.3213769272738982
squeezed_Vĩnh Phúc,Dengue_fever_rates_lag12,0.04539318656611099
squeezed_Vĩnh Phúc,Influenza_rates_lag1,0.09203856364284951
squeezed_Vĩnh Phúc,Influenza_rates_lag2,0.32166432960906655
squeezed_Vĩnh Phúc,Influenza_rates_lag3,0.11300240206699501
squeezed_Vĩnh Phúc,Influenza_rates_lag4,0.05120564721749916
squeezed_Vĩnh Phúc,Influenza_rates_lag5,0.10508289862955077
squeezed_Vĩnh Phúc,Influenza_rates_lag6,0.19509365888127897
squeezed_Vĩnh Phúc,Influenza_rates_lag7,0.2729113702365634
squeezed_Vĩnh Phúc,Influenza_rates_lag8,0.06138845221500006
squeezed_Vĩnh Phúc,Influenza_rates_lag9,0.018814362061362944
squeezed_Vĩnh Phúc,Influenza_rates_lag10,0.2015816868539493
squeezed_Vĩnh Phúc,Influenza_rates_lag11,0.07754225408266203
squeezed_Vĩnh Phúc,Influenza_rates_lag12,0.03550327175020938
squeezed_Vĩnh Phúc,Diarrhoea_rates_rollmean_3,9.48172522804399
squeezed_Vĩnh Phúc,Diarrhoea_rates_rollstd_3,0.14333355569320935
squeezed_Vĩnh Phúc,Diarrhoea_rates_rollmean_6,2.252087505819738
squeezed_Vĩnh Phúc,Diarrhoea_rates_rollstd_6,0.029891448863276552
squeezed_Vĩnh Phúc,month_sin,1.6134723614924795
squeezed_Vĩnh Phúc,month_cos,0.8784742833793396
squeezed_Yên Bái,Total_Evaporation,0.02355257841940364
squeezed_Yên Bái,Total_Rainfall,0.06286800638253985
squeezed_Yên Bái,Max_Daily_Rainfall,0.038853560791696856
squeezed_Yên Bái,n_raining_days,0.08734970163320105
squeezed_Yên Bái,Average_temperature,0.0658266821177428
squeezed_Yên Bái,Max_Average_Temperature,0.07916699817857129
squeezed_Yên Bái,Min_Average_Temperature,0.0076078594196339585
squeezed_Yên Bái,Max_Absolute_Temperature,0.060769752745206046
squeezed_Yên Bái,Min_Absolute_Temperature,0.48201512091337667
squeezed_Yên Bái,Average_Humidity,0.01193370823777083
squeezed_Yên Bái,Min_Humidity,0.08634740962909461
squeezed_Yên Bái,n_hours_sunshine,0.09893728847647833
squeezed_Yên Bái,population_male,0.017399138778578304
squeezed_Yên Bái,population_female,0.007570233556251774
squeezed_Yên Bái,population_urban,0.13389821428218696
squeezed_Yên Bái,population_countryside,0.019189971596856526
squeezed_Yên Bái,Diarrhoea_rates,39.701604583605125
squeezed_Yên Bái,Diarrhoea_rates_lag1,12.325915879557357
squeezed_Yên Bái,Diarrhoea_rates_lag2,1.6295633339530387
squeezed_Yên Bái,Diarrhoea_rates_lag3,0.04243469411881184
squeezed_Yên Bái,Diarrhoea_rates_lag4,2.1492708025738136
squeezed_Yên Bái,Diarrhoea_rates_lag5,0.8042258771762157
squeezed_Yên Bái,Diarrhoea_rates_lag6,1.2740057449633617
squeezed_Yên Bái,Diarrhoea_rates_lag7,0.18857099114247813
squeezed_Yên Bái,Diarrhoea_rates_lag8,0.3970924895980144
squeezed_Yên Bái,Diarrhoea_rates_lag9,0.19932479770347936
squeezed_Yên Bái,Diarrhoea_rates_lag10,0.5828431422675927
squeezed_Yên Bái,Diarrhoea_rates_lag11,1.5286255568566576
squeezed_Yên Bái,Diarrhoea_rates_lag12,0.732825783158053
squeezed_Yên Bái,Total_Evaporation_lag1,0.009683816343074953
squeezed_Yên Bái,Total_Evaporation_lag2,0.2438125571407472
squeezed_Yên Bái,Total_Evaporation_lag3,0.051755630713917096
squeezed_Yên Bái,Total_Evaporation_lag4,0.011368873684743675
squeezed_Yên Bái,Total_Evaporation_lag5,0.02721951415616608
squeezed_Yên Bái,Total_Evaporation_lag6,0.019742317185250675
squeezed_Yên Bái,Total_Evaporation_lag7,0.02196562656739034
squeezed_Yên Bái,Total_Evaporation_lag8,0.07942433597742732
squeezed_Yên Bái,Total_Evaporation_lag9,0.0159603399742022
squeezed_Yên Bái,Total_Evaporation_lag10,0.0
squeezed_Yên Bái,Total_Evaporation_lag11,0.22783935644798656
squeezed_Yên Bái,Total_Evaporation_lag12,0.07061046789988637
squeezed_Yên Bái,Total_Rainfall_lag1,0.5445636782931844
squeezed_Yên Bái,Total_Rainfall_lag2,0.4710503040208776
squeezed_Yên Bái,Total_Rainfall_lag3,0.037051047370879435
squeezed_Yên Bái,Total_Rainfall_lag4,0.09042312487881732
squeezed_Yên Bái,Total_Rainfall_lag5,0.00889284315439922
squeezed_Yên Bái,Total_Rainfall_lag6,0.04463111972964129
squeezed_Yên Bái,Total_Rainfall_lag7,0.060867943001596335
squeezed_Yên Bái,Total_Rainfall_lag8,0.011105920661016982
squeezed_Yên Bái,Total_Rainfall_lag9,0.10281586524715013
squeezed_Yên Bái,Total_Rainfall_lag10,0.10184275141652505
squeezed_Yên Bái,Total_Rainfall_lag11,0.12986368211871765
squeezed_Yên Bái,Total_Rainfall_lag12,0.050659633565548264
squeezed_Yên Bái,Max_Daily_Rainfall_lag1,0.1375444487332432
squeezed_Yên Bái,Max_Daily_Rainfall_lag2,0.06409423160239543
squeezed_Yên Bái,Max_Daily_Rainfall_lag3,0.014967711974293335
squeezed_Yên Bái,Max_Daily_Rainfall_lag4,0.034777938054386746
squeezed_Yên Bái,Max_Daily_Rainfall_lag5,0.05859797593829837
squeezed_Yên Bái,Max_Daily_Rainfall_lag6,0.021014777955745998
squeezed_Yên Bái,Max_Daily_Rainfall_lag7,0.009076724019388171
squeezed_Yên Bái,Max_Daily_Rainfall_lag8,0.08883035353740572
squeezed_Yên Bái,Max_Daily_Rainfall_lag9,0.08230903650016395
squeezed_Yên Bái,Max_Daily_Rainfall_lag10,0.03261502331731998
squeezed_Yên Bái,Max_Daily_Rainfall_lag11,0.0824402211573421
squeezed_Yên Bái,Max_Daily_Rainfall_lag12,0.20184877735534412
squeezed_Yên Bái,n_raining_days_lag1,0.0023942262173334205
squeezed_Yên Bái,n_raining_days_lag2,0.17365087950173722
squeezed_Yên Bái,n_raining_days_lag3,0.02278379950014491
squeezed_Yên Bái,n_raining_days_lag4,0.014676323723714779
squeezed_Yên Bái,n_raining_days_lag5,0.006476903195039592
squeezed_Yên Bái,n_raining_days_lag6,0.0060772146233573935
squeezed_Yên Bái,n_raining_days_lag7,0.0
squeezed_Yên Bái,n_raining_days_lag8,0.019373988252764124
squeezed_Yên Bái,n_raining_days_lag9,0.08341920572930815
squeezed_Yên Bái,n_raining_days_lag10,0.09535508778941558
squeezed_Yên Bái,n_raining_days_lag11,0.00760750899219912
squeezed_Yên Bái,n_raining_days_lag12,0.05095711622759553
squeezed_Yên Bái,Average_temperature_lag1,0.06312257099652523
squeezed_Yên Bái,Average_temperature_lag2,0.0
squeezed_Yên Bái,Average_temperature_lag3,0.19248038520344812
squeezed_Yên Bái,Average_temperature_lag4,0.0718787504981003
squeezed_Yên Bái,Average_temperature_lag5,0.03325397703859955
squeezed_Yên Bái,Average_temperature_lag6,0.046645152158411786
squeezed_Yên Bái,Average_temperature_lag7,0.10431183970227605
squeezed_Yên Bái,Average_temperature_lag8,0.06695221585040428
squeezed_Yên Bái,Average_temperature_lag9,0.017595340646259967
squeezed_Yên Bái,Average_temperature_lag10,0.024862962536971674
squeezed_Yên Bái,Average_temperature_lag11,0.06136443756075327
squeezed_Yên Bái,Average_temperature_lag12,0.04992097267884359
squeezed_Yên Bái,Max_Average_Temperature_lag1,0.15798910488720339
squeezed_Yên Bái,Max_Average_Temperature_lag2,0.2751580770373286
squeezed_Yên Bái,Max_Average_Temperature_lag3,0.10600455530923551
squeezed_Yên Bái,Max_Average_Temperature_lag4,0.012487345162393462
squeezed_Yên Bái,Max_Average_Temperature_lag5,0.16508970577660684
squeezed_Yên Bái,Max_Average_Temperature_lag6,0.022451685482934167
squeezed_Yên Bái,Max_Average_Temperature_lag7,0.02259400462485298
squeezed_Yên Bái,Max_Average_Temperature_lag8,0.06936078634245255
squeezed_Yên Bái,Max_Average_Temperature_lag9,0.004811760628202331
squeezed_Yên Bái,Max_Average_Temperature_lag10,0.03605611684627035
squeezed_Yên Bái,Max_Average_Temperature_lag11,0.07192043725997016
squeezed_Yên Bái,Max_Average_Temperature_lag12,0.040434406263891144
squeezed_Yên Bái,Min_Average_Temperature_lag1,0.03992025450829882
squeezed_Yên Bái,Min_Average_Temperature_lag2,0.06406397008411872
squeezed_Yên Bái,Min_Average_Temperature_lag3,0.03664104230901017
squeezed_Yên Bái,Min_Average_Temperature_lag4,0.207537207717026
squeezed_Yên Bái,Min_Average_Temperature_lag5,0.05945333625388271
squeezed_Yên Bái,Min_Average_Temperature_lag6,0.012736205168089293
squeezed_Yên Bái,Min_Average_Temperature_lag7,0.12586073352791763
squeezed_Yên Bái,Min_Average_Temperature_lag8,0.011894657179352605
squeezed_Yên Bái,Min_Average_Temperature_lag9,0.006032500448449121
squeezed_Yên Bái,Min_Average_Temperature_lag10,0.013897707122335715
squeezed_Yên Bái,Min_Average_Temperature_lag11,0.11080698218607404
squeezed_Yên Bái,Min_Average_Temperature_lag12,0.12843394572802416
squeezed_Yên Bái,Max_Absolute_Temperature_lag1,0.31599733931969604
squeezed_Yên Bái,Max_Absolute_Temperature_lag2,0.05923810289244147
squeezed_Yên Bái,Max_Absolute_Temperature_lag3,0.02134227307843609
squeezed_Yên Bái,Max_Absolute_Temperature_lag4,0.11801445057821663
squeezed_Yên Bái,Max_Absolute_Temperature_lag5,0.02878947692712713
squeezed_Yên Bái,Max_Absolute_Temperature_lag6,0.0074711972658426445
squeezed_Yên Bái,Max_Absolute_Temperature_lag7,0.09866761925369029
squeezed_Yên Bái,Max_Absolute_Temperature_lag8,0.014751333526218558
squeezed_Yên Bái,Max_Absolute_Temperature_lag9,0.0025644108990097087
squeezed_Yên Bái,Max_Absolute_Temperature_lag10,0.05429743087433999
squeezed_Yên Bái,Max_Absolute_Temperature_lag11,0.08255337088139593
squeezed_Yên Bái,Max_Absolute_Temperature_lag12,0.07248746619805181
squeezed_Yên Bái,Min_Absolute_Temperature_lag1,0.07371040904866291
squeezed_Yên Bái,Min_Absolute_Temperature_lag2,0.11738504224675884
squeezed_Yên Bái,Min_Absolute_Temperature_lag3,0.21826701505607568
squeezed_Yên Bái,Min_Absolute_Temperature_lag4,0.40279278784732236
squeezed_Yên Bái,Min_Absolute_Temperature_lag5,0.0978255248627196
squeezed_Yên Bái,Min_Absolute_Temperature_lag6,0.05474368471511821
squeezed_Yên Bái,Min_Absolute_Temperature_lag7,0.29963766628362665
squeezed_Yên Bái,Min_Absolute_Temperature_lag8,0.19847605805422566
squeezed_Yên Bái,Min_Absolute_Temperature_lag9,0.010749245692951865
squeezed_Yên Bái,Min_Absolute_Temperature_lag10,0.022333303036567043
squeezed_Yên Bái,Min_Absolute_Temperature_lag11,0.025362670908566795
squeezed_Yên Bái,Min_Absolute_Temperature_lag12,0.46093632160373926
squeezed_Yên Bái,Average_Humidity_lag1,0.015592875714868852
squeezed_Yên Bái,Average_Humidity_lag2,0.012774951818421037
squeezed_Yên Bái,Average_Humidity_lag3,0.0009035179142534367
squeezed_Yên Bái,Average_Humidity_lag4,0.05216117420895347
squeezed_Yên Bái,Average_Humidity_lag5,0.1171060776903456
squeezed_Yên Bái,Average_Humidity_lag6,0.020388146478658307
squeezed_Yên Bái,Average_Humidity_lag7,0.047778698298741484
squeezed_Yên Bái,Average_Humidity_lag8,0.07301634188662857
squeezed_Yên Bái,Average_Humidity_lag9,0.041858604347977224
squeezed_Yên Bái,Average_Humidity_lag10,0.0073731652964904955
squeezed_Yên Bái,Average_Humidity_lag11,0.045031914217844006
squeezed_Yên Bái,Average_Humidity_lag12,0.07056219786796855
squeezed_Yên Bái,Min_Humidity_lag1,0.0435286649676437
squeezed_Yên Bái,Min_Humidity_lag2,0.1045827371023167
squeezed_Yên Bái,Min_Humidity_lag3,0.07851226743634723
squeezed_Yên Bái,Min_Humidity_lag4,0.013529970368349992
squeezed_Yên Bái,Min_Humidity_lag5,0.0045735046489553425
squeezed_Yên Bái,Min_Humidity_lag6,0.005007191853834408
squeezed_Yên Bái,Min_Humidity_lag7,0.11808365283002807
squeezed_Yên Bái,Min_Humidity_lag8,0.0354084533034399
squeezed_Yên Bái,Min_Humidity_lag9,0.014646159715361458
squeezed_Yên Bái,Min_Humidity_lag10,0.007467436505218516
squeezed_Yên Bái,Min_Humidity_lag11,0.138937688157008
squeezed_Yên Bái,Min_Humidity_lag12,0.03921673536782603
squeezed_Yên Bái,n_hours_sunshine_lag1,0.10052422908429476
squeezed_Yên Bái,n_hours_sunshine_lag2,0.0537499587121923
squeezed_Yên Bái,n_hours_sunshine_lag3,0.06785204992369884
squeezed_Yên Bái,n_hours_sunshine_lag4,0.130658294585787
squeezed_Yên Bái,n_hours_sunshine_lag5,0.007226105732589627
squeezed_Yên Bái,n_hours_sunshine_lag6,0.08845787397981923
squeezed_Yên Bái,n_hours_sunshine_lag7,0.03261843447129991
squeezed_Yên Bái,n_hours_sunshine_lag8,0.03739162857088637
squeezed_Yên Bái,n_hours_sunshine_lag9,0.0037016734720326564
squeezed_Yên Bái,n_hours_sunshine_lag10,0.03853124144027651
squeezed_Yên Bái,n_hours_sunshine_lag11,0.010806882944710437
squeezed_Yên Bái,n_hours_sunshine_lag12,0.10872081826731987
squeezed_Yên Bái,population_male_lag1,0.0
squeezed_Yên Bái,population_male_lag2,0.05162206816886466
squeezed_Yên Bái,population_male_lag3,0.006890561875527175
squeezed_Yên Bái,population_male_lag4,0.278787008651691
squeezed_Yên Bái,population_male_lag5,0.0
squeezed_Yên Bái,population_male_lag6,0.0008030585364055031
squeezed_Yên Bái,population_male_lag7,0.0005438037878641369
squeezed_Yên Bái,population_male_lag8,0.0
squeezed_Yên Bái,population_male_lag9,0.0
squeezed_Yên Bái,population_male_lag10,0.3029918593086606
squeezed_Yên Bái,population_male_lag11,0.0
squeezed_Yên Bái,population_male_lag12,0.012845223775770088
squeezed_Yên Bái,population_female_lag1,0.0
squeezed_Yên Bái,population_female_lag2,0.005216398089286437
squeezed_Yên Bái,population_female_lag3,0.0
squeezed_Yên Bái,population_female_lag4,0.0
squeezed_Yên Bái,population_female_lag5,0.009712159907147246
squeezed_Yên Bái,population_female_lag6,0.03685645331792301
squeezed_Yên Bái,population_female_lag7,0.0
squeezed_Yên Bái,population_female_lag8,0.0
squeezed_Yên Bái,population_female_lag9,0.0009056041553308112
squeezed_Yên Bái,population_female_lag10,0.006822763729976946
squeezed_Yên Bái,population_female_lag11,0.0
squeezed_Yên Bái,population_female_lag12,0.0
squeezed_Yên Bái,population_urban_lag1,0.1464477696188807
squeezed_Yên Bái,population_urban_lag2,0.03330268892456127
squeezed_Yên Bái,population_urban_lag3,0.007833033441862862
squeezed_Yên Bái,population_urban_lag4,0.0030862637729141026
squeezed_Yên Bái,population_urban_lag5,0.08791363624922194
squeezed_Yên Bái,population_urban_lag6,0.0033864730390724654
squeezed_Yên Bái,population_urban_lag7,0.225425949169189
squeezed_Yên Bái,population_urban_lag8,0.0
squeezed_Yên Bái,population_urban_lag9,0.0030509772783779755
squeezed_Yên Bái,population_urban_lag10,0.0014115874161429347
squeezed_Yên Bái,population_urban_lag11,0.7457657653482234
squeezed_Yên Bái,population_urban_lag12,0.04411135776411947
squeezed_Yên Bái,population_countryside_lag1,0.00649943449506386
squeezed_Yên Bái,population_countryside_lag2,0.008629602871750275
squeezed_Yên Bái,population_countryside_lag3,0.004804143670989195
squeezed_Yên Bái,population_countryside_lag4,0.012908123160256711
squeezed_Yên Bái,population_countryside_lag5,0.0
squeezed_Yên Bái,population_countryside_lag6,0.007326438811150873
squeezed_Yên Bái,population_countryside_lag7,0.0025670341457579558
squeezed_Yên Bái,population_countryside_lag8,0.0
squeezed_Yên Bái,population_countryside_lag9,0.0
squeezed_Yên Bái,population_countryside_lag10,0.0
squeezed_Yên Bái,population_countryside_lag11,0.015371031475056958
squeezed_Yên Bái,population_countryside_lag12,0.013458765117103283
squeezed_Yên Bái,Dengue_fever_rates_lag1,0.3017888125368973
squeezed_Yên Bái,Dengue_fever_rates_lag2,0.009441244159447295
squeezed_Yên Bái,Dengue_fever_rates_lag3,0.05027238405075293
squeezed_Yên Bái,Dengue_fever_rates_lag4,0.037205140834433666
squeezed_Yên Bái,Dengue_fever_rates_lag5,0.0025312778229491704
squeezed_Yên Bái,Dengue_fever_rates_lag6,0.04197333411602786
squeezed_Yên Bái,Dengue_fever_rates_lag7,0.005223218649586557
squeezed_Yên Bái,Dengue_fever_rates_lag8,0.11932410822295153
squeezed_Yên Bái,Dengue_fever_rates_lag9,0.05545654363774752
squeezed_Yên Bái,Dengue_fever_rates_lag10,0.1360867279014579
squeezed_Yên Bái,Dengue_fever_rates_lag11,0.35721514196145315
squeezed_Yên Bái,Dengue_fever_rates_lag12,0.06926574407871545
squeezed_Yên Bái,Influenza_rates_lag1,0.08246596376427529
squeezed_Yên Bái,Influenza_rates_lag2,0.24272156867165987
squeezed_Yên Bái,Influenza_rates_lag3,0.11628550790447778
squeezed_Yên Bái,Influenza_rates_lag4,0.057598660037821624
squeezed_Yên Bái,Influenza_rates_lag5,0.12637553863906906
squeezed_Yên Bái,Influenza_rates_lag6,0.21412833172429901
squeezed_Yên Bái,Influenza_rates_lag7,0.2807555657457121
squeezed_Yên Bái,Influenza_rates_lag8,0.10556790017023752
squeezed_Yên Bái,Influenza_rates_lag9,0.024354010151577916
squeezed_Yên Bái,Influenza_rates_lag10,0.275701590923287
squeezed_Yên Bái,Influenza_rates_lag11,0.07631453853953162
squeezed_Yên Bái,Influenza_rates_lag12,0.03903315224430399
squeezed_Yên Bái,Diarrhoea_rates_rollmean_3,9.9631170724631
squeezed_Yên Bái,Diarrhoea_rates_rollstd_3,0.14335742802886622
squeezed_Yên Bái,Diarrhoea_rates_rollmean_6,2.3588421277045493
squeezed_Yên Bái,Diarrhoea_rates_rollstd_6,0.03342750070799009
squeezed_Yên Bái,month_sin,2.0832429757219044
squeezed_Yên Bái,month_cos,0.6318143894606049
squeezed_Điện Biên,Total_Evaporation,0.05994412011901828
squeezed_Điện Biên,Total_Rainfall,0.0634258572264221
squeezed_Điện Biên,Max_Daily_Rainfall,0.16213858783296606
squeezed_Điện Biên,n_raining_days,0.06881473384359425
squeezed_Điện Biên,Average_temperature,0.06757460378797042
squeezed_Điện Biên,Max_Average_Temperature,0.06447774405244085
squeezed_Điện Biên,Min_Average_Temperature,0.0617925769456966
squeezed_Điện Biên,Max_Absolute_Temperature,0.025132495443804127
squeezed_Điện Biên,Min_Absolute_Temperature,0.4358071344832431
squeezed_Điện Biên,Average_Humidity,0.02430669264279027
squeezed_Điện Biên,Min_Humidity,0.225406823827173
squeezed_Điện Biên,n_hours_sunshine,0.2553032594121439
squeezed_Điện Biên,population_male,0.013575975271952595
squeezed_Điện Biên,population_female,0.040391856062904706
squeezed_Điện Biên,population_urban,0.06385353360324349
squeezed_Điện Biên,population_countryside,0.01665286552047025
squeezed_Điện Biên,Diarrhoea_rates,42.24084430073835
squeezed_Điện Biên,Diarrhoea_rates_lag1,13.013953861080418
squeezed_Điện Biên,Diarrhoea_rates_lag2,1.5991889019170162
squeezed_Điện Biên,Diarrhoea_rates_lag3,0.5179555366591282
squeezed_Điện Biên,Diarrhoea_rates_lag4,2.36093273870677
squeezed_Điện Biên,Diarrhoea_rates_lag5,1.9003999378298735
squeezed_Điện Biên,Diarrhoea_rates_lag6,0.813745479541322
squeezed_Điện Biên,Diarrhoea_rates_lag7,0.5192709212891046
squeezed_Điện Biên,Diarrhoea_rates_lag8,1.1095714018429184
squeezed_Điện Biên,Diarrhoea_rates_lag9,0.7138741009279843
squeezed_Điện Biên,Diarrhoea_rates_lag10,0.7826323776332792
squeezed_Điện Biên,Diarrhoea_rates_lag11,2.12683029292158
squeezed_Điện Biên,Diarrhoea_rates_lag12,1.7574945918307299
squeezed_Điện Biên,Total_Evaporation_lag1,0.03033449533227764
squeezed_Điện Biên,Total_Evaporation_lag2,0.5042980710789177
squeezed_Điện Biên,Total_Evaporation_lag3,0.04648743243824075
squeezed_Điện Biên,Total_Evaporation_lag4,0.011705797751174236
squeezed_Điện Biên,Total_Evaporation_lag5,0.01290595171499514
squeezed_Điện Biên,Total_Evaporation_lag6,0.016897150346102986
squeezed_Điện Biên,Total_Evaporation_lag7,0.024538036530893464
squeezed_Điện Biên,Total_Evaporation_lag8,0.13594355255036433
squeezed_Điện Biên,Total_Evaporation_lag9,0.06841930639538034
squeezed_Điện Biên,Total_Evaporation_lag10,0.0
squeezed_Điện Biên,Total_Evaporation_lag11,0.3068308258588786
squeezed_Điện Biên,Total_Evaporation_lag12,0.08437084567209618
squeezed_Điện Biên,Total_Rainfall_lag1,0.33269561578457135
squeezed_Điện Biên,Total_Rainfall_lag2,0.5937065517925141
squeezed_Điện Biên,Total_Rainfall_lag3,0.046416039225383066
squeezed_Điện Biên,Total_Rainfall_lag4,0.14860636164464533
squeezed_Điện Biên,Total_Rainfall_lag5,0.007740400899319423
squeezed_Điện Biên,Total_Rainfall_lag6,0.04100160795937887
squeezed_Điện Biên,Total_Rainfall_lag7,0.04209309870857527
squeezed_Điện Biên,Total_Rainfall_lag8,0.01572572456187738
squeezed_Điện Biên,Total_Rainfall_lag9,0.247814898331111
squeezed_Điện Biên,Total_Rainfall_lag10,0.14664398730125064
squeezed_Điện Biên,Total_Rainfall_lag11,0.1602151817838322
squeezed_Điện Biên,Total_Rainfall_lag12,0.0503944753411675
squeezed_Điện Biên,Max_Daily_Rainfall_lag1,0.11435870955180984
squeezed_Điện Biên,Max_Daily_Rainfall_lag2,0.1303060043348556
squeezed_Điện Biên,Max_Daily_Rainfall_lag3,0.014744831588270285
squeezed_Điện Biên,Max_Daily_Rainfall_lag4,0.2111731688561936
squeezed_Điện Biên,Max_Daily_Rainfall_lag5,0.020505865295248102
squeezed_Điện Biên,Max_Daily_Rainfall_lag6,0.01519815346229951
squeezed_Điện Biên,Max_Daily_Rainfall_lag7,0.03435999139864661
squeezed_Điện Biên,Max_Daily_Rainfall_lag8,0.2530676927380454
squeezed_Điện Biên,Max_Daily_Rainfall_lag9,0.18075763982354728
squeezed_Điện Biên,Max_Daily_Rainfall_lag10,0.1547883432924568
squeezed_Điện Biên,Max_Daily_Rainfall_lag11,0.1106858842585074
squeezed_Điện Biên,Max_Daily_Rainfall_lag12,0.13195185249370328
squeezed_Điện Biên,n_raining_days_lag1,0.0128023200109469
squeezed_Điện Biên,n_raining_days_lag2,0.14684378410999638
squeezed_Điện Biên,n_raining_days_lag3,0.04375954050744468
squeezed_Điện Biên,n_raining_days_lag4,0.06728774231663769
squeezed_Điện Biên,n_raining_days_lag5,0.009712708693783887
squeezed_Điện Biên,n_raining_days_lag6,0.004693269525821135
squeezed_Điện Biên,n_raining_days_lag7,0.0
squeezed_Điện Biên,n_raining_days_lag8,0.0978392487042636
squeezed_Điện Biên,n_raining_days_lag9,0.13333587035912592
squeezed_Điện Biên,n_raining_days_lag10,0.24050634005194835
squeezed_Điện Biên,n_raining_days_lag11,0.014410068607620308
squeezed_Điện Biên,n_raining_days_lag12,0.07161188909003828
squeezed_Điện Biên,Average_temperature_lag1,0.048906087402383426
squeezed_Điện Biên,Average_temperature_lag2,0.0
squeezed_Điện Biên,Average_temperature_lag3,0.15332271482233725
squeezed_Điện Biên,Average_temperature_lag4,0.005414985898246281
squeezed_Điện Biên,Average_temperature_lag5,0.10852192806906184
squeezed_Điện Biên,Average_temperature_lag6,0.05995743634573699
squeezed_Điện Biên,Average_temperature_lag7,0.10409745970501179
squeezed_Điện Biên,Average_temperature_lag8,0.0331728106320906
squeezed_Điện Biên,Average_temperature_lag9,0.03349448028873946
squeezed_Điện Biên,Average_temperature_lag10,0.02404587579613238
squeezed_Điện Biên,Average_temperature_lag11,0.2864497237286977
squeezed_Điện Biên,Average_temperature_lag12,0.04893342481382488
squeezed_Điện Biên,Max_Average_Temperature_lag1,0.18199909972707143
squeezed_Điện Biên,Max_Average_Temperature_lag2,0.23762951813493094
squeezed_Điện Biên,Max_Average_Temperature_lag3,0.18291344150604283
squeezed_Điện Biên,Max_Average_Temperature_lag4,0.03898308136324144
squeezed_Điện Biên,Max_Average_Temperature_lag5,0.30853430413624716
squeezed_Điện Biên,Max_Average_Temperature_lag6,0.062322657156266385
squeezed_Điện Biên,Max_Average_Temperature_lag7,0.05080081142333934
squeezed_Điện Biên,Max_Average_Temperature_lag8,0.16714959261968565
squeezed_Điện Biên,Max_Average_Temperature_lag9,0.057352344394539935
squeezed_Điện Biên,Max_Average_Temperature_lag10,0.1084777305509408
squeezed_Điện Biên,Max_Average_Temperature_lag11,0.12734429484377266
squeezed_Điện Biên,Max_Average_Temperature_lag12,0.23634530165248555
squeezed_Điện Biên,Min_Average_Temperature_lag1,0.013916896566421309
squeezed_Điện Biên,Min_Average_Temperature_lag2,0.09885592213156819
squeezed_Điện Biên,Min_Average_Temperature_lag3,0.007495337251565115
squeezed_Điện Biên,Min_Average_Temperature_lag4,0.4581761240735418
squeezed_Điện Biên,Min_Average_Temperature_lag5,0.013170513536784915
squeezed_Điện Biên,Min_Average_Temperature_lag6,0.007869770769970494
squeezed_Điện Biên,Min_Average_Temperature_lag7,0.14381438923027398
squeezed_Điện Biên,Min_Average_Temperature_lag8,0.011994500555125848
squeezed_Điện Biên,Min_Average_Temperature_lag9,0.006078740777262371
squeezed_Điện Biên,Min_Average_Temperature_lag10,0.02752076524473944
squeezed_Điện Biên,Min_Average_Temperature_lag11,0.0999208854629919
squeezed_Điện Biên,Min_Average_Temperature_lag12,0.16666634562065077
squeezed_Điện Biên,Max_Absolute_Temperature_lag1,0.1904478643731721
squeezed_Điện Biên,Max_Absolute_Temperature_lag2,0.1831498291228021
squeezed_Điện Biên,Max_Absolute_Temperature_lag3,0.09989484565485486
squeezed_Điện Biên,Max_Absolute_Temperature_lag4,0.48277709824039844
squeezed_Điện Biên,Max_Absolute_Temperature_lag5,0.19089434173012934
squeezed_Điện Biên,Max_Absolute_Temperature_lag6,0.006384795340591842
squeezed_Điện Biên,Max_Absolute_Temperature_lag7,0.1814208106126277
squeezed_Điện Biên,Max_Absolute_Temperature_lag8,0.0271910900732355
squeezed_Điện Biên,Max_Absolute_Temperature_lag9,0.0015084307886202898
squeezed_Điện Biên,Max_Absolute_Temperature_lag10,0.20909661349733275
squeezed_Điện Biên,Max_Absolute_Temperature_lag11,0.10432472189838221
squeezed_Điện Biên,Max_Absolute_Temperature_lag12,0.06464624223098751
squeezed_Điện Biên,Min_Absolute_Temperature_lag1,0.034088632586976385
squeezed_Điện Biên,Min_Absolute_Temperature_lag2,0.20196054438884617
squeezed_Điện Biên,Min_Absolute_Temperature_lag3,0.8403728512614617
squeezed_Điện Biên,Min_Absolute_Temperature_lag4,0.48189496900591716
squeezed_Điện Biên,Min_Absolute_Temperature_lag5,0.21216870266512175
squeezed_Điện Biên,Min_Absolute_Temperature_lag6,0.04613348031046378
squeezed_Điện Biên,Min_Absolute_Temperature_lag7,0.2693643561997741
squeezed_Điện Biên,Min_Absolute_Temperature_lag8,0.09696055836889049
squeezed_Điện Biên,Min_Absolute_Temperature_lag9,0.023778797869365025
squeezed_Điện Biên,Min_Absolute_Temperature_lag10,0.030979736955042497
squeezed_Điện Biên,Min_Absolute_Temperature_lag11,0.03253418178988645
squeezed_Điện Biên,Min_Absolute_Temperature_lag12,0.4803807805921169
squeezed_Điện Biên,Average_Humidity_lag1,0.02075908369096399
squeezed_Điện Biên,Average_Humidity_lag2,0.14079468518730684
squeezed_Điện Biên,Average_Humidity_lag3,0.0015855714928052912
squeezed_Điện Biên,Average_Humidity_lag4,0.07417123977469409
squeezed_Điện Biên,Average_Humidity_lag5,0.050432943061154874
squeezed_Điện Biên,Average_Humidity_lag6,0.012215076789484573
squeezed_Điện Biên,Average_Humidity_lag7,0.08571586409213973
squeezed_Điện Biên,Average_Humidity_lag8,0.1626823485044849
squeezed_Điện Biên,Average_Humidity_lag9,0.13388903142706562
squeezed_Điện Biên,Average_Humidity_lag10,0.0052699212338653545
squeezed_Điện Biên,Average_Humidity_lag11,0.04001390569398768
squeezed_Điện Biên,Average_Humidity_lag12,0.1600068374324611
squeezed_Điện Biên,Min_Humidity_lag1,0.03311015651537493
squeezed_Điện Biên,Min_Humidity_lag2,0.13131181217947635
squeezed_Điện Biên,Min_Humidity_lag3,0.13946913884422016
squeezed_Điện Biên,Min_Humidity_lag4,0.021537290150092078
squeezed_Điện Biên,Min_Humidity_lag5,0.006403296101120874
squeezed_Điện Biên,Min_Humidity_lag6,0.019262367816083474
squeezed_Điện Biên,Min_Humidity_lag7,0.13343983333671397
squeezed_Điện Biên,Min_Humidity_lag8,0.05801166800937965
squeezed_Điện Biên,Min_Humidity_lag9,0.07361810181483518
squeezed_Điện Biên,Min_Humidity_lag10,0.018590758863972174
squeezed_Điện Biên,Min_Humidity_lag11,0.19654848468382025
squeezed_Điện Biên,Min_Humidity_lag12,0.3165160038314981
squeezed_Điện Biên,n_hours_sunshine_lag1,0.1274056483632343
squeezed_Điện Biên,n_hours_sunshine_lag2,0.10359408795208613
squeezed_Điện Biên,n_hours_sunshine_lag3,0.020128030769101714
squeezed_Điện Biên,n_hours_sunshine_lag4,0.09476845583868031
squeezed_Điện Biên,n_hours_sunshine_lag5,0.017024288635583636
squeezed_Điện Biên,n_hours_sunshine_lag6,0.09371504944022058
squeezed_Điện Biên,n_hours_sunshine_lag7,0.07046921479497287
squeezed_Điện Biên,n_hours_sunshine_lag8,0.03753940801020329
squeezed_Điện Biên,n_hours_sunshine_lag9,0.008098836010731808
squeezed_Điện Biên,n_hours_sunshine_lag10,0.03321442578872243
squeezed_Điện Biên,n_hours_sunshine_lag11,0.027795444986872222
squeezed_Điện Biên,n_hours_sunshine_lag12,0.23629037128426042
squeezed_Điện Biên,population_male_lag1,0.0
squeezed_Điện Biên,population_male_lag2,0.01132347729171756
squeezed_Điện Biên,population_male_lag3,0.0031166071568096885
squeezed_Điện Biên,population_male_lag4,0.03193571628660071
squeezed_Điện Biên,population_male_lag5,0.0
squeezed_Điện Biên,population_male_lag6,0.0008259327011784324
squeezed_Điện Biên,population_male_lag7,0.00482807666179834
squeezed_Điện Biên,population_male_lag8,0.0
squeezed_Điện Biên,population_male_lag9,0.0
squeezed_Điện Biên,population_male_lag10,0.08872959258777163
squeezed_Điện Biên,population_male_lag11,0.0
squeezed_Điện Biên,population_male_lag12,0.012511838516288218
squeezed_Điện Biên,population_female_lag1,0.0
squeezed_Điện Biên,population_female_lag2,0.019992042517389223
squeezed_Điện Biên,population_female_lag3,0.0
squeezed_Điện Biên,population_female_lag4,0.0
squeezed_Điện Biên,population_female_lag5,0.019007179105538126
squeezed_Điện Biên,population_female_lag6,0.2004795710296764
squeezed_Điện Biên,population_female_lag7,0.0
squeezed_Điện Biên,population_female_lag8,0.0
squeezed_Điện Biên,population_female_lag9,0.02393119823971516
squeezed_Điện Biên,population_female_lag10,0.007011416265150988
squeezed_Điện Biên,population_female_lag11,0.0
squeezed_Điện Biên,population_female_lag12,0.0
squeezed_Điện Biên,population_urban_lag1,0.025297493330053978
squeezed_Điện Biên,population_urban_lag2,0.11367334098029785
squeezed_Điện Biên,population_urban_lag3,0.007152119624316229
squeezed_Điện Biên,population_urban_lag4,0.0032316029372406255
squeezed_Điện Biên,population_urban_lag5,0.1310530516777789
squeezed_Điện Biên,population_urban_lag6,0.024791518417527275
squeezed_Điện Biên,population_urban_lag7,0.050904114720683034
squeezed_Điện Biên,population_urban_lag8,0.0
squeezed_Điện Biên,population_urban_lag9,0.0030509772783779755
squeezed_Điện Biên,population_urban_lag10,0.001517329042673042
squeezed_Điện Biên,population_urban_lag11,1.1607582945316632
squeezed_Điện Biên,population_urban_lag12,0.3863177565289881
squeezed_Điện Biên,population_countryside_lag1,0.007330070592477059
squeezed_Điện Biên,population_countryside_lag2,0.012514143479839228
squeezed_Điện Biên,population_countryside_lag3,0.004133121835832329
squeezed_Điện Biên,population_countryside_lag4,0.01508743657686971
squeezed_Điện Biên,population_countryside_lag5,0.0
squeezed_Điện Biên,population_countryside_lag6,0.017841591462800278
squeezed_Điện Biên,population_countryside_lag7,0.0025670341457579558
squeezed_Điện Biên,population_countryside_lag8,0.0
squeezed_Điện Biên,population_countryside_lag9,0.0
squeezed_Điện Biên,population_countryside_lag10,0.0
squeezed_Điện Biên,population_countryside_lag11,0.054779432543824814
squeezed_Điện Biên,population_countryside_lag12,0.02990910800427099
squeezed_Điện Biên,Dengue_fever_rates_lag1,0.4653704758769596
squeezed_Điện Biên,Dengue_fever_rates_lag2,0.010896142431611348
squeezed_Điện Biên,Dengue_fever_rates_lag3,0.06881513630038584
squeezed_Điện Biên,Dengue_fever_rates_lag4,0.016744589265689697
squeezed_Điện Biên,Dengue_fever_rates_lag5,0.002225778775351857
squeezed_Điện Biên,Dengue_fever_rates_lag6,0.029944111788359762
squeezed_Điện Biên,Dengue_fever_rates_lag7,0.005724802364507452
squeezed_Điện Biên,Dengue_fever_rates_lag8,0.07277867038238901
squeezed_Điện Biên,Dengue_fever_rates_lag9,0.021698988217882274
squeezed_Điện Biên,Dengue_fever_rates_lag10,0.1529310839083831
squeezed_Điện Biên,Dengue_fever_rates_lag11,0.1869363882188492
squeezed_Điện Biên,Dengue_fever_rates_lag12,0.012563626593453813
squeezed_Điện Biên,Influenza_rates_lag1,0.082278497576122
squeezed_Điện Biên,Influenza_rates_lag2,0.2817574281189918
squeezed_Điện Biên,Influenza_rates_lag3,0.11576117843270158
squeezed_Điện Biên,Influenza_rates_lag4,0.3461006150314922
squeezed_Điện Biên,Influenza_rates_lag5,0.14045811571407796
squeezed_Điện Biên,Influenza_rates_lag6,0.28906780979887853
squeezed_Điện Biên,Influenza_rates_lag7,0.3009852977458621
squeezed_Điện Biên,Influenza_rates_lag8,0.07665279077166988
squeezed_Điện Biên,Influenza_rates_lag9,0.02810528274690771
squeezed_Điện Biên,Influenza_rates_lag10,0.2676572366682131
squeezed_Điện Biên,Influenza_rates_lag11,0.13758233905754394
squeezed_Điện Biên,Influenza_rates_lag12,0.18869555634355564
squeezed_Điện Biên,Diarrhoea_rates_rollmean_3,8.641494041949036
squeezed_Điện Biên,Diarrhoea_rates_rollstd_3,0.23403113550999302
squeezed_Điện Biên,Diarrhoea_rates_rollmean_6,1.975449027070181
squeezed_Điện Biên,Diarrhoea_rates_rollstd_6,0.09227701903361325
squeezed_Điện Biên,month_sin,2.2043967961257818
squeezed_Điện Biên,month_cos,1.2906061797444572
squeezed_Đà Nẵng,Total_Evaporation,0.020681388975891727
squeezed_Đà Nẵng,Total_Rainfall,0.9080060356869682
squeezed_Đà Nẵng,Max_Daily_Rainfall,0.15088058676936122
squeezed_Đà Nẵng,n_raining_days,0.12594995487095875
squeezed_Đà Nẵng,Average_temperature,0.04371193942018712
squeezed_Đà Nẵng,Max_Average_Temperature,0.18530812852774559
squeezed_Đà Nẵng,Min_Average_Temperature,0.01419107717179535
squeezed_Đà Nẵng,Max_Absolute_Temperature,0.034636935875281535
squeezed_Đà Nẵng,Min_Absolute_Temperature,0.40600596922162663
squeezed_Đà Nẵng,Average_Humidity,0.06884114575314508
squeezed_Đà Nẵng,Min_Humidity,0.13608991562333175
squeezed_Đà Nẵng,n_hours_sunshine,0.3241579582336774
squeezed_Đà Nẵng,population_male,0.04985159133394739
squeezed_Đà Nẵng,population_female,0.00736291424647079
squeezed_Đà Nẵng,population_urban,0.1323112728134781
squeezed_Đà Nẵng,population_countryside,0.3839615936395402
squeezed_Đà Nẵng,Diarrhoea_rates,36.22831853786203
squeezed_Đà Nẵng,Diarrhoea_rates_lag1,10.817482018280446
squeezed_Đà Nẵng,Diarrhoea_rates_lag2,1.5478601278597839
squeezed_Đà Nẵng,Diarrhoea_rates_lag3,0.10184364177081229
squeezed_Đà Nẵng,Diarrhoea_rates_lag4,1.9790730979885287
squeezed_Đà Nẵng,Diarrhoea_rates_lag5,0.68592272014841
squeezed_Đà Nẵng,Diarrhoea_rates_lag6,1.9408168064164677
squeezed_Đà Nẵng,Diarrhoea_rates_lag7,0.184761333713273
squeezed_Đà Nẵng,Diarrhoea_rates_lag8,0.47279800987570103
squeezed_Đà Nẵng,Diarrhoea_rates_lag9,0.20639906575366676
squeezed_Đà Nẵng,Diarrhoea_rates_lag10,0.6480139230327503
squeezed_Đà Nẵng,Diarrhoea_rates_lag11,1.3826498446415567
squeezed_Đà Nẵng,Diarrhoea_rates_lag12,0.6817254880317467
squeezed_Đà Nẵng,Total_Evaporation_lag1,0.059264532189810974
squeezed_Đà Nẵng,Total_Evaporation_lag2,1.5040802020964132
squeezed_Đà Nẵng,Total_Evaporation_lag3,0.04380593299880828
squeezed_Đà Nẵng,Total_Evaporation_lag4,0.011477676783772968
squeezed_Đà Nẵng,Total_Evaporation_lag5,0.035679109419812775
squeezed_Đà Nẵng,Total_Evaporation_lag6,0.027826059157734454
squeezed_Đà Nẵng,Total_Evaporation_lag7,0.014638800054506929
squeezed_Đà Nẵng,Total_Evaporation_lag8,0.2749064671531926
squeezed_Đà Nẵng,Total_Evaporation_lag9,0.05250241207584041
squeezed_Đà Nẵng,Total_Evaporation_lag10,0.0
squeezed_Đà Nẵng,Total_Evaporation_lag11,0.21868786362843792
squeezed_Đà Nẵng,Total_Evaporation_lag12,0.0609004232375675
squeezed_Đà Nẵng,Total_Rainfall_lag1,0.6308285922579406
squeezed_Đà Nẵng,Total_Rainfall_lag2,0.7150277625627465
squeezed_Đà Nẵng,Total_Rainfall_lag3,0.09190076676076801
squeezed_Đà Nẵng,Total_Rainfall_lag4,0.456906910422268
squeezed_Đà Nẵng,Total_Rainfall_lag5,0.01687300646802305
squeezed_Đà Nẵng,Total_Rainfall_lag6,0.05792276736956382
squeezed_Đà Nẵng,Total_Rainfall_lag7,0.051638946127516745
squeezed_Đà Nẵng,Total_Rainfall_lag8,0.20526608860089054
squeezed_Đà Nẵng,Total_Rainfall_lag9,0.4454098542512137
squeezed_Đà Nẵng,Total_Rainfall_lag10,0.25003231116115626
squeezed_Đà Nẵng,Total_Rainfall_lag11,0.4751267292979901
squeezed_Đà Nẵng,Total_Rainfall_lag12,0.09849926538360515
squeezed_Đà Nẵng,Max_Daily_Rainfall_lag1,0.3813999811705672
squeezed_Đà Nẵng,Max_Daily_Rainfall_lag2,0.12364404239645348
squeezed_Đà Nẵng,Max_Daily_Rainfall_lag3,0.017058497841672876
squeezed_Đà Nẵng,Max_Daily_Rainfall_lag4,0.04351432107230466
squeezed_Đà Nẵng,Max_Daily_Rainfall_lag5,0.03256804532110102
squeezed_Đà Nẵng,Max_Daily_Rainfall_lag6,0.061194313862903964
squeezed_Đà Nẵng,Max_Daily_Rainfall_lag7,0.04724447698189549
squeezed_Đà Nẵng,Max_Daily_Rainfall_lag8,0.7502145644957952
squeezed_Đà Nẵng,Max_Daily_Rainfall_lag9,0.5135936368561549
squeezed_Đà Nẵng,Max_Daily_Rainfall_lag10,0.15739028461796367
squeezed_Đà Nẵng,Max_Daily_Rainfall_lag11,0.2553655670089218
squeezed_Đà Nẵng,Max_Daily_Rainfall_lag12,0.35980998897691935
squeezed_Đà Nẵng,n_raining_days_lag1,0.027078276555959947
squeezed_Đà Nẵng,n_raining_days_lag2,0.2648939344042118
squeezed_Đà Nẵng,n_raining_days_lag3,0.01772207564948908
squeezed_Đà Nẵng,n_raining_days_lag4,0.026028706314944455
squeezed_Đà Nẵng,n_raining_days_lag5,0.002670931030264166
squeezed_Đà Nẵng,n_raining_days_lag6,0.006208622642425954
squeezed_Đà Nẵng,n_raining_days_lag7,0.0
squeezed_Đà Nẵng,n_raining_days_lag8,0.08861016372572679
squeezed_Đà Nẵng,n_raining_days_lag9,0.1336363606419063
squeezed_Đà Nẵng,n_raining_days_lag10,0.20853764771831404
squeezed_Đà Nẵng,n_raining_days_lag11,0.008539636606006594
squeezed_Đà Nẵng,n_raining_days_lag12,0.08324832243944914
squeezed_Đà Nẵng,Average_temperature_lag1,0.720043737723948
squeezed_Đà Nẵng,Average_temperature_lag2,0.0
squeezed_Đà Nẵng,Average_temperature_lag3,0.0852652871842025
squeezed_Đà Nẵng,Average_temperature_lag4,0.005903049609568535
squeezed_Đà Nẵng,Average_temperature_lag5,0.025090293842576952
squeezed_Đà Nẵng,Average_temperature_lag6,0.05533192556656558
squeezed_Đà Nẵng,Average_temperature_lag7,0.0999907158427523
squeezed_Đà Nẵng,Average_temperature_lag8,0.055795763643188216
squeezed_Đà Nẵng,Average_temperature_lag9,0.06807300535030461
squeezed_Đà Nẵng,Average_temperature_lag10,0.011735261844304729
squeezed_Đà Nẵng,Average_temperature_lag11,0.05394143568266149
squeezed_Đà Nẵng,Average_temperature_lag12,0.01370408776987079
squeezed_Đà Nẵng,Max_Average_Temperature_lag1,0.18329462540457417
squeezed_Đà Nẵng,Max_Average_Temperature_lag2,0.3376534088502472
squeezed_Đà Nẵng,Max_Average_Temperature_lag3,0.18390382614963893
squeezed_Đà Nẵng,Max_Average_Temperature_lag4,0.004466135736482383
squeezed_Đà Nẵng,Max_Average_Temperature_lag5,0.6133948521396609
squeezed_Đà Nẵng,Max_Average_Temperature_lag6,0.0265817110836096
squeezed_Đà Nẵng,Max_Average_Temperature_lag7,0.037114584297691953
squeezed_Đà Nẵng,Max_Average_Temperature_lag8,0.2990420391034542
squeezed_Đà Nẵng,Max_Average_Temperature_lag9,0.007777348674484861
squeezed_Đà Nẵng,Max_Average_Temperature_lag10,0.11284442256781664
squeezed_Đà Nẵng,Max_Average_Temperature_lag11,0.2296256668919249
squeezed_Đà Nẵng,Max_Average_Temperature_lag12,0.42188651462674853
squeezed_Đà Nẵng,Min_Average_Temperature_lag1,0.013916896566421309
squeezed_Đà Nẵng,Min_Average_Temperature_lag2,0.03639040886568246
squeezed_Đà Nẵng,Min_Average_Temperature_lag3,0.09731384394697197
squeezed_Đà Nẵng,Min_Average_Temperature_lag4,0.18471002183398488
squeezed_Đà Nẵng,Min_Average_Temperature_lag5,0.013055487571822441
squeezed_Đà Nẵng,Min_Average_Temperature_lag6,0.0500963035289781
squeezed_Đà Nẵng,Min_Average_Temperature_lag7,0.09732437982189285
squeezed_Đà Nẵng,Min_Average_Temperature_lag8,0.008834892736233111
squeezed_Đà Nẵng,Min_Average_Temperature_lag9,0.08123575135282367
squeezed_Đà Nẵng,Min_Average_Temperature_lag10,0.033479037733232554
squeezed_Đà Nẵng,Min_Average_Temperature_lag11,0.045639111016412694
squeezed_Đà Nẵng,Min_Average_Temperature_lag12,0.1108010373607568
squeezed_Đà Nẵng,Max_Absolute_Temperature_lag1,0.1865942675721094
squeezed_Đà Nẵng,Max_Absolute_Temperature_lag2,0.0956946021559928
squeezed_Đà Nẵng,Max_Absolute_Temperature_lag3,0.036956298064310604
squeezed_Đà Nẵng,Max_Absolute_Temperature_lag4,0.12138347698140466
squeezed_Đà Nẵng,Max_Absolute_Temperature_lag5,0.05180646643144406
squeezed_Đà Nẵng,Max_Absolute_Temperature_lag6,0.028155000376186564
squeezed_Đà Nẵng,Max_Absolute_Temperature_lag7,0.9400015050684886
squeezed_Đà Nẵng,Max_Absolute_Temperature_lag8,0.014105784872172199
squeezed_Đà Nẵng,Max_Absolute_Temperature_lag9,0.0021857259103885565
squeezed_Đà Nẵng,Max_Absolute_Temperature_lag10,0.05549940004522
squeezed_Đà Nẵng,Max_Absolute_Temperature_lag11,0.14502855332117556
squeezed_Đà Nẵng,Max_Absolute_Temperature_lag12,0.07547136629399599
squeezed_Đà Nẵng,Min_Absolute_Temperature_lag1,0.097664775301332
squeezed_Đà Nẵng,Min_Absolute_Temperature_lag2,0.20750356656026828
squeezed_Đà Nẵng,Min_Absolute_Temperature_lag3,0.09334208563640878
squeezed_Đà Nẵng,Min_Absolute_Temperature_lag4,0.5214822055029448
squeezed_Đà Nẵng,Min_Absolute_Temperature_lag5,0.05168977632587705
squeezed_Đà Nẵng,Min_Absolute_Temperature_lag6,0.014648660179331764
squeezed_Đà Nẵng,Min_Absolute_Temperature_lag7,0.015901073579547818
squeezed_Đà Nẵng,Min_Absolute_Temperature_lag8,0.12204531382935328
squeezed_Đà Nẵng,Min_Absolute_Temperature_lag9,0.027836220481085514
squeezed_Đà Nẵng,Min_Absolute_Temperature_lag10,0.015621443711271445
squeezed_Đà Nẵng,Min_Absolute_Temperature_lag11,0.013212017724003882
squeezed_Đà Nẵng,Min_Absolute_Temperature_lag12,0.3422964120100111
squeezed_Đà Nẵng,Average_Humidity_lag1,0.013014272399779115
squeezed_Đà Nẵng,Average_Humidity_lag2,0.1495103298158714
squeezed_Đà Nẵng,Average_Humidity_lag3,0.041932322159263215
squeezed_Đà Nẵng,Average_Humidity_lag4,0.06573960087946575
squeezed_Đà Nẵng,Average_Humidity_lag5,0.10630702013859517
squeezed_Đà Nẵng,Average_Humidity_lag6,0.02111635894811878
squeezed_Đà Nẵng,Average_Humidity_lag7,0.28186827886247706
squeezed_Đà Nẵng,Average_Humidity_lag8,0.07743705124307128
squeezed_Đà Nẵng,Average_Humidity_lag9,0.1888875062125918
squeezed_Đà Nẵng,Average_Humidity_lag10,0.08336031973548817
squeezed_Đà Nẵng,Average_Humidity_lag11,0.1123913982927869
squeezed_Đà Nẵng,Average_Humidity_lag12,0.08133032240759626
squeezed_Đà Nẵng,Min_Humidity_lag1,0.01634500662154983
squeezed_Đà Nẵng,Min_Humidity_lag2,0.12949943986297827
squeezed_Đà Nẵng,Min_Humidity_lag3,0.04775473854462028
squeezed_Đà Nẵng,Min_Humidity_lag4,0.02108415517167808
squeezed_Đà Nẵng,Min_Humidity_lag5,0.0278018870611904
squeezed_Đà Nẵng,Min_Humidity_lag6,0.007643199522055215
squeezed_Đà Nẵng,Min_Humidity_lag7,0.20355170332639053
squeezed_Đà Nẵng,Min_Humidity_lag8,0.03174942217369685
squeezed_Đà Nẵng,Min_Humidity_lag9,0.01443585305081164
squeezed_Đà Nẵng,Min_Humidity_lag10,0.006688316495921616
squeezed_Đà Nẵng,Min_Humidity_lag11,0.06516002810597586
squeezed_Đà Nẵng,Min_Humidity_lag12,0.03165044288535114
squeezed_Đà Nẵng,n_hours_sunshine_lag1,0.1705717242053986
squeezed_Đà Nẵng,n_hours_sunshine_lag2,0.6445933883807785
squeezed_Đà Nẵng,n_hours_sunshine_lag3,0.0546612368034608
squeezed_Đà Nẵng,n_hours_sunshine_lag4,0.2270490013868118
squeezed_Đà Nẵng,n_hours_sunshine_lag5,0.02866108265754042
squeezed_Đà Nẵng,n_hours_sunshine_lag6,0.13074479429141703
squeezed_Đà Nẵng,n_hours_sunshine_lag7,0.08464271686774567
squeezed_Đà Nẵng,n_hours_sunshine_lag8,0.11649804831674715
squeezed_Đà Nẵng,n_hours_sunshine_lag9,0.04116876927340641
squeezed_Đà Nẵng,n_hours_sunshine_lag10,0.038449488988682064
squeezed_Đà Nẵng,n_hours_sunshine_lag11,0.03644763342144876
squeezed_Đà Nẵng,n_hours_sunshine_lag12,0.08093537068779863
squeezed_Đà Nẵng,population_male_lag1,0.0
squeezed_Đà Nẵng,population_male_lag2,0.05120507235423582
squeezed_Đà Nẵng,population_male_lag3,0.005460214034852335
squeezed_Đà Nẵng,population_male_lag4,0.2717082840366883
squeezed_Đà Nẵng,population_male_lag5,0.0
squeezed_Đà Nẵng,population_male_lag6,0.0009787166812860063
squeezed_Đà Nẵng,population_male_lag7,0.009996452132374623
squeezed_Đà Nẵng,population_male_lag8,0.0
squeezed_Đà Nẵng,population_male_lag9,0.0
squeezed_Đà Nẵng,population_male_lag10,0.30928316136576073
squeezed_Đà Nẵng,population_male_lag11,0.0
squeezed_Đà Nẵng,population_male_lag12,0.013511994294733832
squeezed_Đà Nẵng,population_female_lag1,0.0
squeezed_Đà Nẵng,population_female_lag2,0.005143192044302671
squeezed_Đà Nẵng,population_female_lag3,0.0
squeezed_Đà Nẵng,population_female_lag4,0.0
squeezed_Đà Nẵng,population_female_lag5,0.014402650183065621
squeezed_Đà Nẵng,population_female_lag6,0.28692549421807984
squeezed_Đà Nẵng,population_female_lag7,0.0
squeezed_Đà Nẵng,population_female_lag8,0.0
squeezed_Đà Nẵng,population_female_lag9,0.0014691047879767645
squeezed_Đà Nẵng,population_female_lag10,0.045838107728842614
squeezed_Đà Nẵng,population_female_lag11,0.0
squeezed_Đà Nẵng,population_female_lag12,0.0
squeezed_Đà Nẵng,population_urban_lag1,0.24357456944892567
squeezed_Đà Nẵng,population_urban_lag2,0.03206361223485891
squeezed_Đà Nẵng,population_urban_lag3,0.004939438448619522
squeezed_Đà Nẵng,population_urban_lag4,0.0033228763604542526
squeezed_Đà Nẵng,population_urban_lag5,0.09604813145670639
squeezed_Đà Nẵng,population_urban_lag6,0.19889562982153763
squeezed_Đà Nẵng,population_urban_lag7,0.8363547474075137
squeezed_Đà Nẵng,population_urban_lag8,0.0
squeezed_Đà Nẵng,population_urban_lag9,0.0030509772783779755
squeezed_Đà Nẵng,population_urban_lag10,0.00858553657787717
squeezed_Đà Nẵng,population_urban_lag11,0.7236749005767317
squeezed_Đà Nẵng,population_urban_lag12,0.04296942012757121
squeezed_Đà Nẵng,population_countryside_lag1,0.03080306609756334
squeezed_Đà Nẵng,population_countryside_lag2,0.33311879991774057
squeezed_Đà Nẵng,population_countryside_lag3,0.7305624988190916
squeezed_Đà Nẵng,population_countryside_lag4,0.6002863517372263
squeezed_Đà Nẵng,population_countryside_lag5,0.0
squeezed_Đà Nẵng,population_countryside_lag6,0.008373806503388722
squeezed_Đà Nẵng,population_countryside_lag7,0.011288722559734109
squeezed_Đà Nẵng,population_countryside_lag8,0.0
squeezed_Đà Nẵng,population_countryside_lag9,0.0
squeezed_Đà Nẵng,population_countryside_lag10,0.0
squeezed_Đà Nẵng,population_countryside_lag11,1.0180495177854338
squeezed_Đà Nẵng,population_countryside_lag12,0.4025124514962562
squeezed_Đà Nẵng,Dengue_fever_rates_lag1,0.7425339919376047
squeezed_Đà Nẵng,Dengue_fever_rates_lag2,0.18240507531597802
squeezed_Đà Nẵng,Dengue_fever_rates_lag3,0.17099038674593947
squeezed_Đà Nẵng,Dengue_fever_rates_lag4,0.16170225401741478
squeezed_Đà Nẵng,Dengue_fever_rates_lag5,0.005586268298922308
squeezed_Đà Nẵng,Dengue_fever_rates_lag6,0.6146662965199395
squeezed_Đà Nẵng,Dengue_fever_rates_lag7,0.025617288838639587
squeezed_Đà Nẵng,Dengue_fever_rates_lag8,1.4026749518989448
squeezed_Đà Nẵng,Dengue_fever_rates_lag9,0.14325309710596576
squeezed_Đà Nẵng,Dengue_fever_rates_lag10,0.29600603464176384
squeezed_Đà Nẵng,Dengue_fever_rates_lag11,3.8392853819792854
squeezed_Đà Nẵng,Dengue_fever_rates_lag12,0.28898953823656887
squeezed_Đà Nẵng,Influenza_rates_lag1,0.09663598387526733
squeezed_Đà Nẵng,Influenza_rates_lag2,0.28584799486952345
squeezed_Đà Nẵng,Influenza_rates_lag3,0.11697634606316996
squeezed_Đà Nẵng,Influenza_rates_lag4,0.13882259243228878
squeezed_Đà Nẵng,Influenza_rates_lag5,0.11563789551147917
squeezed_Đà Nẵng,Influenza_rates_lag6,0.1998867974020618
squeezed_Đà Nẵng,Influenza_rates_lag7,0.2585942368436244
squeezed_Đà Nẵng,Influenza_rates_lag8,0.03551482452717797
squeezed_Đà Nẵng,Influenza_rates_lag9,0.016234933579865492
squeezed_Đà Nẵng,Influenza_rates_lag10,0.349601766733118
squeezed_Đà Nẵng,Influenza_rates_lag11,0.6938454406041753
squeezed_Đà Nẵng,Influenza_rates_lag12,0.06111992111892308
squeezed_Đà Nẵng,Diarrhoea_rates_rollmean_3,8.923014335893123
squeezed_Đà Nẵng,Diarrhoea_rates_rollstd_3,0.21295934211427445
squeezed_Đà Nẵng,Diarrhoea_rates_rollmean_6,2.277397391797593
squeezed_Đà Nẵng,Diarrhoea_rates_rollstd_6,0.03641762386421312
squeezed_Đà Nẵng,month_sin,1.5965406177479105
squeezed_Đà Nẵng,month_cos,0.8957752702151295
squeezed_Đắk Lắk,Total_Evaporation,0.021526185239961096
squeezed_Đắk Lắk,Total_Rainfall,0.04843499678248702
squeezed_Đắk Lắk,Max_Daily_Rainfall,0.06318920718022679
squeezed_Đắk Lắk,n_raining_days,0.09296151910749118
squeezed_Đắk Lắk,Average_temperature,0.04847963011079631
squeezed_Đắk Lắk,Max_Average_Temperature,0.07527473695981128
squeezed_Đắk Lắk,Min_Average_Temperature,0.012328154542085098
squeezed_Đắk Lắk,Max_Absolute_Temperature,0.03290992240709903
squeezed_Đắk Lắk,Min_Absolute_Temperature,0.5030674966244795
squeezed_Đắk Lắk,Average_Humidity,0.027182726443183796
squeezed_Đắk Lắk,Min_Humidity,0.0996890256348373
squeezed_Đắk Lắk,n_hours_sunshine,0.2729495724462384
squeezed_Đắk Lắk,population_male,0.02333648786809807
squeezed_Đắk Lắk,population_female,0.007362914246470791
squeezed_Đắk Lắk,population_urban,0.14353170629445916
squeezed_Đắk Lắk,population_countryside,0.04621699613426195
squeezed_Đắk Lắk,Diarrhoea_rates,22.06079555568054
squeezed_Đắk Lắk,Diarrhoea_rates_lag1,6.755549011144633
squeezed_Đắk Lắk,Diarrhoea_rates_lag2,0.8459775066769778
squeezed_Đắk Lắk,Diarrhoea_rates_lag3,0.03689209871392725
squeezed_Đắk Lắk,Diarrhoea_rates_lag4,1.0391838981722141
squeezed_Đắk Lắk,Diarrhoea_rates_lag5,0.6895325440126489
squeezed_Đắk Lắk,Diarrhoea_rates_lag6,0.7996032529721689
squeezed_Đắk Lắk,Diarrhoea_rates_lag7,0.17797903985371555
squeezed_Đắk Lắk,Diarrhoea_rates_lag8,0.5087481875328296
squeezed_Đắk Lắk,Diarrhoea_rates_lag9,0.1861592494256117
squeezed_Đắk Lắk,Diarrhoea_rates_lag10,0.7618017240073526
squeezed_Đắk Lắk,Diarrhoea_rates_lag11,1.159185919442372
squeezed_Đắk Lắk,Diarrhoea_rates_lag12,0.6302049674423883
squeezed_Đắk Lắk,Total_Evaporation_lag1,0.04271239313576441
squeezed_Đắk Lắk,Total_Evaporation_lag2,0.46563097469139864
squeezed_Đắk Lắk,Total_Evaporation_lag3,0.015037519866330715
squeezed_Đắk Lắk,Total_Evaporation_lag4,0.00810637604379466
squeezed_Đắk Lắk,Total_Evaporation_lag5,0.03022366127703825
squeezed_Đắk Lắk,Total_Evaporation_lag6,0.015977548577098613
squeezed_Đắk Lắk,Total_Evaporation_lag7,0.02470559765099811
squeezed_Đắk Lắk,Total_Evaporation_lag8,0.0644951433706956
squeezed_Đắk Lắk,Total_Evaporation_lag9,0.007622846441781814
squeezed_Đắk Lắk,Total_Evaporation_lag10,0.0
squeezed_Đắk Lắk,Total_Evaporation_lag11,0.3331003952899441
squeezed_Đắk Lắk,Total_Evaporation_lag12,0.2876773761642542
squeezed_Đắk Lắk,Total_Rainfall_lag1,0.5294641485949878
squeezed_Đắk Lắk,Total_Rainfall_lag2,0.5847546255621359
squeezed_Đắk Lắk,Total_Rainfall_lag3,0.04785516448179688
squeezed_Đắk Lắk,Total_Rainfall_lag4,0.08283478303167499
squeezed_Đắk Lắk,Total_Rainfall_lag5,0.006705335233443874
squeezed_Đắk Lắk,Total_Rainfall_lag6,0.03883754783381624
squeezed_Đắk Lắk,Total_Rainfall_lag7,0.060675876945331476
squeezed_Đắk Lắk,Total_Rainfall_lag8,0.01478865435170954
squeezed_Đắk Lắk,Total_Rainfall_lag9,0.11484029896793846
squeezed_Đắk Lắk,Total_Rainfall_lag10,0.15460805289252774
squeezed_Đắk Lắk,Total_Rainfall_lag11,0.4867345412614498
squeezed_Đắk Lắk,Total_Rainfall_lag12,0.030676486885670987
squeezed_Đắk Lắk,Max_Daily_Rainfall_lag1,0.12455610691599088
squeezed_Đắk Lắk,Max_Daily_Rainfall_lag2,0.13252601644676612
squeezed_Đắk Lắk,Max_Daily_Rainfall_lag3,0.015285673569890445
squeezed_Đắk Lắk,Max_Daily_Rainfall_lag4,0.045498470000389514
squeezed_Đắk Lắk,Max_Daily_Rainfall_lag5,0.01542893021566395
squeezed_Đắk Lắk,Max_Daily_Rainfall_lag6,0.02292077107774884
squeezed_Đắk Lắk,Max_Daily_Rainfall_lag7,0.013482246563832461
squeezed_Đắk Lắk,Max_Daily_Rainfall_lag8,0.15083519475197432
squeezed_Đắk Lắk,Max_Daily_Rainfall_lag9,0.18835630368239253
squeezed_Đắk Lắk,Max_Daily_Rainfall_lag10,0.05467979691505797
squeezed_Đắk Lắk,Max_Daily_Rainfall_lag11,0.23615124553106934
squeezed_Đắk Lắk,Max_Daily_Rainfall_lag12,0.11342115529175323
squeezed_Đắk Lắk,n_raining_days_lag1,0.01059829369154147
squeezed_Đắk Lắk,n_raining_days_lag2,0.15535239320783814
squeezed_Đắk Lắk,n_raining_days_lag3,0.03029265436420238
squeezed_Đắk Lắk,n_raining_days_lag4,0.016339322316074475
squeezed_Đắk Lắk,n_raining_days_lag5,0.0033780359577604414
squeezed_Đắk Lắk,n_raining_days_lag6,0.005333958075421021
squeezed_Đắk Lắk,n_raining_days_lag7,0.0
squeezed_Đắk Lắk,n_raining_days_lag8,0.01836195355314365
squeezed_Đắk Lắk,n_raining_days_lag9,0.15854230549438333
squeezed_Đắk Lắk,n_raining_days_lag10,0.11041318077307362
squeezed_Đắk Lắk,n_raining_days_lag11,0.0068239769466054145
squeezed_Đắk Lắk,n_raining_days_lag12,0.0830625921766356
squeezed_Đắk Lắk,Average_temperature_lag1,0.06544770266178385
squeezed_Đắk Lắk,Average_temperature_lag2,0.0
squeezed_Đắk Lắk,Average_temperature_lag3,0.08594936076782696
squeezed_Đắk Lắk,Average_temperature_lag4,0.01607027858240361
squeezed_Đắk Lắk,Average_temperature_lag5,0.0338287041132616
squeezed_Đắk Lắk,Average_temperature_lag6,0.05225402010412051
squeezed_Đắk Lắk,Average_temperature_lag7,0.1309625450497777
squeezed_Đắk Lắk,Average_temperature_lag8,0.0410128973190761
squeezed_Đắk Lắk,Average_temperature_lag9,0.015726433075785754
squeezed_Đắk Lắk,Average_temperature_lag10,0.012858646000218023
squeezed_Đắk Lắk,Average_temperature_lag11,0.0438592407748264
squeezed_Đắk Lắk,Average_temperature_lag12,0.11734812855373339
squeezed_Đắk Lắk,Max_Average_Temperature_lag1,0.587936856505166
squeezed_Đắk Lắk,Max_Average_Temperature_lag2,0.18667742055895933
squeezed_Đắk Lắk,Max_Average_Temperature_lag3,0.04298884277539237
squeezed_Đắk Lắk,Max_Average_Temperature_lag4,0.006194215270678244
squeezed_Đắk Lắk,Max_Average_Temperature_lag5,0.2399905181416069
squeezed_Đắk Lắk,Max_Average_Temperature_lag6,0.02489140827610632
squeezed_Đắk Lắk,Max_Average_Temperature_lag7,0.021441899800587586
squeezed_Đắk Lắk,Max_Average_Temperature_lag8,0.30069981049720135
squeezed_Đắk Lắk,Max_Average_Temperature_lag9,0.004619588968914508
squeezed_Đắk Lắk,Max_Average_Temperature_lag10,0.06570776029778473
squeezed_Đắk Lắk,Max_Average_Temperature_lag11,0.11163420307511644
squeezed_Đắk Lắk,Max_Average_Temperature_lag12,0.08086779486230876
squeezed_Đắk Lắk,Min_Average_Temperature_lag1,0.013916896566421309
squeezed_Đắk Lắk,Min_Average_Temperature_lag2,0.04439792630595759
squeezed_Đắk Lắk,Min_Average_Temperature_lag3,0.005824473996288421
squeezed_Đắk Lắk,Min_Average_Temperature_lag4,0.14556653641365772
squeezed_Đắk Lắk,Min_Average_Temperature_lag5,0.013173547059463228
squeezed_Đắk Lắk,Min_Average_Temperature_lag6,0.004068849783208006
squeezed_Đắk Lắk,Min_Average_Temperature_lag7,0.07882306905098825
squeezed_Đắk Lắk,Min_Average_Temperature_lag8,0.006588723161651715
squeezed_Đắk Lắk,Min_Average_Temperature_lag9,0.04059212142369894
squeezed_Đắk Lắk,Min_Average_Temperature_lag10,0.008862720499949354
squeezed_Đắk Lắk,Min_Average_Temperature_lag11,0.0388520154199058
squeezed_Đắk Lắk,Min_Average_Temperature_lag12,0.061774424150300926
squeezed_Đắk Lắk,Max_Absolute_Temperature_lag1,0.13534614997184533
squeezed_Đắk Lắk,Max_Absolute_Temperature_lag2,0.027772015360248054
squeezed_Đắk Lắk,Max_Absolute_Temperature_lag3,0.018684649404621074
squeezed_Đắk Lắk,Max_Absolute_Temperature_lag4,0.12011382734174474
squeezed_Đắk Lắk,Max_Absolute_Temperature_lag5,0.021826294204847625
squeezed_Đắk Lắk,Max_Absolute_Temperature_lag6,0.04036513308060558
squeezed_Đắk Lắk,Max_Absolute_Temperature_lag7,0.18605097741865817
squeezed_Đắk Lắk,Max_Absolute_Temperature_lag8,0.015549476881384488
squeezed_Đắk Lắk,Max_Absolute_Temperature_lag9,0.001825420752221793
squeezed_Đắk Lắk,Max_Absolute_Temperature_lag10,0.056042143720982186
squeezed_Đắk Lắk,Max_Absolute_Temperature_lag11,0.10351959416904294
squeezed_Đắk Lắk,Max_Absolute_Temperature_lag12,0.09012804693174568
squeezed_Đắk Lắk,Min_Absolute_Temperature_lag1,0.014811798094745096
squeezed_Đắk Lắk,Min_Absolute_Temperature_lag2,0.04063220630854608
squeezed_Đắk Lắk,Min_Absolute_Temperature_lag3,0.11958438660602616
squeezed_Đắk Lắk,Min_Absolute_Temperature_lag4,0.2537505265949659
squeezed_Đắk Lắk,Min_Absolute_Temperature_lag5,0.044348222946686916
squeezed_Đắk Lắk,Min_Absolute_Temperature_lag6,0.014699139001302342
squeezed_Đắk Lắk,Min_Absolute_Temperature_lag7,0.015499561925617146
squeezed_Đắk Lắk,Min_Absolute_Temperature_lag8,0.07542642188996086
squeezed_Đắk Lắk,Min_Absolute_Temperature_lag9,0.0025725288324736895
squeezed_Đắk Lắk,Min_Absolute_Temperature_lag10,0.04624648805924306
squeezed_Đắk Lắk,Min_Absolute_Temperature_lag11,0.019237610813034683
squeezed_Đắk Lắk,Min_Absolute_Temperature_lag12,0.24053592937591603
squeezed_Đắk Lắk,Average_Humidity_lag1,0.022488816844304232
squeezed_Đắk Lắk,Average_Humidity_lag2,0.02127885478954107
squeezed_Đắk Lắk,Average_Humidity_lag3,0.00087263157815043
squeezed_Đắk Lắk,Average_Humidity_lag4,0.10351799386234832
squeezed_Đắk Lắk,Average_Humidity_lag5,0.07850412295756261
squeezed_Đắk Lắk,Average_Humidity_lag6,0.03627768445012174
squeezed_Đắk Lắk,Average_Humidity_lag7,0.07826998901815817
squeezed_Đắk Lắk,Average_Humidity_lag8,0.08121341705303399
squeezed_Đắk Lắk,Average_Humidity_lag9,0.050603895217565274
squeezed_Đắk Lắk,Average_Humidity_lag10,0.006347286213823314
squeezed_Đắk Lắk,Average_Humidity_lag11,0.055047764955792555
squeezed_Đắk Lắk,Average_Humidity_lag12,0.07405331947553799
squeezed_Đắk Lắk,Min_Humidity_lag1,0.01303079731218825
squeezed_Đắk Lắk,Min_Humidity_lag2,0.11465535520966734
squeezed_Đắk Lắk,Min_Humidity_lag3,0.11689163404010115
squeezed_Đắk Lắk,Min_Humidity_lag4,0.016930084834792882
squeezed_Đắk Lắk,Min_Humidity_lag5,0.01817455796265435
squeezed_Đắk Lắk,Min_Humidity_lag6,0.010750314831234504
squeezed_Đắk Lắk,Min_Humidity_lag7,0.12102825641979625
squeezed_Đắk Lắk,Min_Humidity_lag8,0.04507236487134181
squeezed_Đắk Lắk,Min_Humidity_lag9,0.011390851215009684
squeezed_Đắk Lắk,Min_Humidity_lag10,0.052679028561421586
squeezed_Đắk Lắk,Min_Humidity_lag11,0.22308750327169583
squeezed_Đắk Lắk,Min_Humidity_lag12,0.07681888964066012
squeezed_Đắk Lắk,n_hours_sunshine_lag1,0.21969837184977078
squeezed_Đắk Lắk,n_hours_sunshine_lag2,0.21878136312782923
squeezed_Đắk Lắk,n_hours_sunshine_lag3,0.041188908071145676
squeezed_Đắk Lắk,n_hours_sunshine_lag4,0.15843839622167782
squeezed_Đắk Lắk,n_hours_sunshine_lag5,0.020911955850105052
squeezed_Đắk Lắk,n_hours_sunshine_lag6,0.10053741429201703
squeezed_Đắk Lắk,n_hours_sunshine_lag7,0.1297485465690683
squeezed_Đắk Lắk,n_hours_sunshine_lag8,0.06142395944705243
squeezed_Đắk Lắk,n_hours_sunshine_lag9,0.05275638642253796
squeezed_Đắk Lắk,n_hours_sunshine_lag10,0.024597195273792085
squeezed_Đắk Lắk,n_hours_sunshine_lag11,0.07857715103176431
squeezed_Đắk Lắk,n_hours_sunshine_lag12,0.09659207554522727
squeezed_Đắk Lắk,population_male_lag1,0.0
squeezed_Đắk Lắk,population_male_lag2,0.051357441915614095
squeezed_Đắk Lắk,population_male_lag3,0.00528142055476798
squeezed_Đắk Lắk,population_male_lag4,0.278787008651691
squeezed_Đắk Lắk,population_male_lag5,0.0
squeezed_Đắk Lắk,population_male_lag6,0.003482924508923169
squeezed_Đắk Lắk,population_male_lag7,0.0007958197527332588
squeezed_Đắk Lắk,population_male_lag8,0.0
squeezed_Đắk Lắk,population_male_lag9,0.0
squeezed_Đắk Lắk,population_male_lag10,0.30212498850131825
squeezed_Đắk Lắk,population_male_lag11,0.0
squeezed_Đắk Lắk,population_male_lag12,0.01251183851628822
squeezed_Đắk Lắk,population_female_lag1,0.0
squeezed_Đắk Lắk,population_female_lag2,0.005216398089286437
squeezed_Đắk Lắk,population_female_lag3,0.0
squeezed_Đắk Lắk,population_female_lag4,0.0
squeezed_Đắk Lắk,population_female_lag5,0.009469514078753098
squeezed_Đắk Lắk,population_female_lag6,0.04064634536381961
squeezed_Đắk Lắk,population_female_lag7,0.0
squeezed_Đắk Lắk,population_female_lag8,0.0
squeezed_Đắk Lắk,population_female_lag9,0.0008678569069607865
squeezed_Đắk Lắk,population_female_lag10,0.0030484418544134712
squeezed_Đắk Lắk,population_female_lag11,0.0
squeezed_Đắk Lắk,population_female_lag12,0.0
squeezed_Đắk Lắk,population_urban_lag1,0.24441909207852808
squeezed_Đắk Lắk,population_urban_lag2,0.04302643433595562
squeezed_Đắk Lắk,population_urban_lag3,0.005727945791475388
squeezed_Đắk Lắk,population_urban_lag4,0.0033228763604542526
squeezed_Đắk Lắk,population_urban_lag5,0.09576159687345748
squeezed_Đắk Lắk,population_urban_lag6,0.003566872951539103
squeezed_Đắk Lắk,population_urban_lag7,0.22271726274095505
squeezed_Đắk Lắk,population_urban_lag8,0.0
squeezed_Đắk Lắk,population_urban_lag9,0.0030509772783779755
squeezed_Đắk Lắk,population_urban_lag10,0.003241680552174098
squeezed_Đắk Lắk,population_urban_lag11,0.7457933326074175
squeezed_Đắk Lắk,population_urban_lag12,0.04408942998424223
squeezed_Đắk Lắk,population_countryside_lag1,0.022501785298111258
squeezed_Đắk Lắk,population_countryside_lag2,0.07437143744425713
squeezed_Đắk Lắk,population_countryside_lag3,0.018095734285240982
squeezed_Đắk Lắk,population_countryside_lag4,0.01979066902420667
squeezed_Đắk Lắk,population_countryside_lag5,0.0
squeezed_Đắk Lắk,population_countryside_lag6,0.008373806503388722
squeezed_Đắk Lắk,population_countryside_lag7,0.011632132833601198
squeezed_Đắk Lắk,population_countryside_lag8,0.0
squeezed_Đắk Lắk,population_countryside_lag9,0.0
squeezed_Đắk Lắk,population_countryside_lag10,0.0
squeezed_Đắk Lắk,population_countryside_lag11,0.024706143994410346
squeezed_Đắk Lắk,population_countryside_lag12,0.08151662836443854
squeezed_Đắk Lắk,Dengue_fever_rates_lag1,0.37731563853492195
squeezed_Đắk Lắk,Dengue_fever_rates_lag2,0.1325479265980613
squeezed_Đắk Lắk,Dengue_fever_rates_lag3,0.16566959652515945
squeezed_Đắk Lắk,Dengue_fever_rates_lag4,0.1334953309198599
squeezed_Đắk Lắk,Dengue_fever_rates_lag5,0.005586268298922308
squeezed_Đắk Lắk,Dengue_fever_rates_lag6,0.054825023968063054
squeezed_Đắk Lắk,Dengue_fever_rates_lag7,0.03095411034643154
squeezed_Đắk Lắk,Dengue_fever_rates_lag8,0.7197770412836975
squeezed_Đắk Lắk,Dengue_fever_rates_lag9,0.043538850045087625
squeezed_Đắk Lắk,Dengue_fever_rates_lag10,0.24820349918013584
squeezed_Đắk Lắk,Dengue_fever_rates_lag11,1.3441223458895433
squeezed_Đắk Lắk,Dengue_fever_rates_lag12,0.1574589616354629
squeezed_Đắk Lắk,Influenza_rates_lag1,0.0732166184829247
squeezed_Đắk Lắk,Influenza_rates_lag2,0.30055694451911186
squeezed_Đắk Lắk,Influenza_rates_lag3,0.10328669435483466
squeezed_Đắk Lắk,Influenza_rates_lag4,0.041367503177669726
squeezed_Đắk Lắk,Influenza_rates_lag5,0.13115035839651856
squeezed_Đắk Lắk,Influenza_rates_lag6,0.21475150240016352
squeezed_Đắk Lắk,Influenza_rates_lag7,0.2687924153299995
squeezed_Đắk Lắk,Influenza_rates_lag8,0.04788745296681581
squeezed_Đắk Lắk,Influenza_rates_lag9,0.02874205517047698
squeezed_Đắk Lắk,Influenza_rates_lag10,0.3042434843142106
squeezed_Đắk Lắk,Influenza_rates_lag11,0.059961441570315306
squeezed_Đắk Lắk,Influenza_rates_lag12,0.042401891747240926
squeezed_Đắk Lắk,Diarrhoea_rates_rollmean_3,5.75240862125472
squeezed_Đắk Lắk,Diarrhoea_rates_rollstd_3,0.16378751612929074
squeezed_Đắk Lắk,Diarrhoea_rates_rollmean_6,2.240389748147471
squeezed_Đắk Lắk,Diarrhoea_rates_rollstd_6,0.07634077644453731
squeezed_Đắk Lắk,month_sin,1.3585205961730056
squeezed_Đắk Lắk,month_cos,0.5702045265899965
squeezed_Đắk Nông,Total_Evaporation,0.052198340958882816
squeezed_Đắk Nông,Total_Rainfall,0.06639869955879345
squeezed_Đắk Nông,Max_Daily_Rainfall,0.13021704250514698
squeezed_Đắk Nông,n_raining_days,0.16137807551187433
squeezed_Đắk Nông,Average_temperature,0.11012194497907253
squeezed_Đắk Nông,Max_Average_Temperature,0.03248697922461692
squeezed_Đắk Nông,Min_Average_Temperature,0.007021008594105851
squeezed_Đắk Nông,Max_Absolute_Temperature,0.03260101688343413
squeezed_Đắk Nông,Min_Absolute_Temperature,0.28703551585135534
squeezed_Đắk Nông,Average_Humidity,0.02615666394719952
squeezed_Đắk Nông,Min_Humidity,0.08783432264985397
squeezed_Đắk Nông,n_hours_sunshine,0.1853360089408398
squeezed_Đắk Nông,population_male,0.012368670150417016
squeezed_Đắk Nông,population_female,0.007673893211142265
squeezed_Đắk Nông,population_urban,0.05466520240737704
squeezed_Đắk Nông,population_countryside,0.014251414297162009
squeezed_Đắk Nông,Diarrhoea_rates,41.91876309657839
squeezed_Đắk Nông,Diarrhoea_rates_lag1,12.198007318114392
squeezed_Đắk Nông,Diarrhoea_rates_lag2,1.4794865341033392
squeezed_Đắk Nông,Diarrhoea_rates_lag3,0.06328016794585643
squeezed_Đắk Nông,Diarrhoea_rates_lag4,2.4082591129902258
squeezed_Đắk Nông,Diarrhoea_rates_lag5,0.7767776633479015
squeezed_Đắk Nông,Diarrhoea_rates_lag6,1.4789170688732671
squeezed_Đắk Nông,Diarrhoea_rates_lag7,0.19763096939977245
squeezed_Đắk Nông,Diarrhoea_rates_lag8,0.4980745741123081
squeezed_Đắk Nông,Diarrhoea_rates_lag9,0.14718378751851044
squeezed_Đắk Nông,Diarrhoea_rates_lag10,0.6843393196707903
squeezed_Đắk Nông,Diarrhoea_rates_lag11,2.791531174463881
squeezed_Đắk Nông,Diarrhoea_rates_lag12,1.0836551494920617
squeezed_Đắk Nông,Total_Evaporation_lag1,0.015539935912039643
squeezed_Đắk Nông,Total_Evaporation_lag2,0.3197309880157511
squeezed_Đắk Nông,Total_Evaporation_lag3,0.1827483244171849
squeezed_Đắk Nông,Total_Evaporation_lag4,0.020753115452279626
squeezed_Đắk Nông,Total_Evaporation_lag5,0.0793308776812522
squeezed_Đắk Nông,Total_Evaporation_lag6,0.04664221194974715
squeezed_Đắk Nông,Total_Evaporation_lag7,0.025024116834325885
squeezed_Đắk Nông,Total_Evaporation_lag8,0.10004318073618913
squeezed_Đắk Nông,Total_Evaporation_lag9,0.02077789389845203
squeezed_Đắk Nông,Total_Evaporation_lag10,0.0
squeezed_Đắk Nông,Total_Evaporation_lag11,0.17237403129924211
squeezed_Đắk Nông,Total_Evaporation_lag12,0.06707761834989721
squeezed_Đắk Nông,Total_Rainfall_lag1,0.5602006143442778
squeezed_Đắk Nông,Total_Rainfall_lag2,0.5306000863125268
squeezed_Đắk Nông,Total_Rainfall_lag3,0.05397814639905199
squeezed_Đắk Nông,Total_Rainfall_lag4,0.10253106264976379
squeezed_Đắk Nông,Total_Rainfall_lag5,0.014562210354045833
squeezed_Đắk Nông,Total_Rainfall_lag6,0.0334585060225107
squeezed_Đắk Nông,Total_Rainfall_lag7,0.0481416065717007
squeezed_Đắk Nông,Total_Rainfall_lag8,0.009299766351956633
squeezed_Đắk Nông,Total_Rainfall_lag9,0.11557824242637466
squeezed_Đắk Nông,Total_Rainfall_lag10,0.101697182094171
squeezed_Đắk Nông,Total_Rainfall_lag11,0.0971527916526707
squeezed_Đắk Nông,Total_Rainfall_lag12,0.040233591160952965
squeezed_Đắk Nông,Max_Daily_Rainfall_lag1,0.1310404454952642
squeezed_Đắk Nông,Max_Daily_Rainfall_lag2,0.06484971986697004
squeezed_Đắk Nông,Max_Daily_Rainfall_lag3,0.014858496718223771
squeezed_Đắk Nông,Max_Daily_Rainfall_lag4,0.034945470860840204
squeezed_Đắk Nông,Max_Daily_Rainfall_lag5,0.027057344818758836
squeezed_Đắk Nông,Max_Daily_Rainfall_lag6,0.027083800207456155
squeezed_Đắk Nông,Max_Daily_Rainfall_lag7,0.020162927447248256
squeezed_Đắk Nông,Max_Daily_Rainfall_lag8,0.1586456745225495
squeezed_Đắk Nông,Max_Daily_Rainfall_lag9,0.20166754068893192
squeezed_Đắk Nông,Max_Daily_Rainfall_lag10,0.07218217795397804
squeezed_Đắk Nông,Max_Daily_Rainfall_lag11,0.26286396142648333
squeezed_Đắk Nông,Max_Daily_Rainfall_lag12,0.11880436845286964
squeezed_Đắk Nông,n_raining_days_lag1,0.07611427164773543
squeezed_Đắk Nông,n_raining_days_lag2,0.5903850879311092
squeezed_Đắk Nông,n_raining_days_lag3,0.05075922153231163
squeezed_Đắk Nông,n_raining_days_lag4,0.05295782570673457
squeezed_Đắk Nông,n_raining_days_lag5,0.003800254734292285
squeezed_Đắk Nông,n_raining_days_lag6,0.005964546545572627
squeezed_Đắk Nông,n_raining_days_lag7,0.0
squeezed_Đắk Nông,n_raining_days_lag8,0.0361292861933559
squeezed_Đắk Nông,n_raining_days_lag9,0.15014966596112375
squeezed_Đắk Nông,n_raining_days_lag10,0.14225939202860147
squeezed_Đắk Nông,n_raining_days_lag11,0.011450283444193902
squeezed_Đắk Nông,n_raining_days_lag12,0.15168702159848654
squeezed_Đắk Nông,Average_temperature_lag1,0.05820727762251928
squeezed_Đắk Nông,Average_temperature_lag2,0.0
squeezed_Đắk Nông,Average_temperature_lag3,0.09731102967976397
squeezed_Đắk Nông,Average_temperature_lag4,0.006588038130396962
squeezed_Đắk Nông,Average_temperature_lag5,0.04440981546346273
squeezed_Đắk Nông,Average_temperature_lag6,0.04099139774291164
squeezed_Đắk Nông,Average_temperature_lag7,0.11227318936587694
squeezed_Đắk Nông,Average_temperature_lag8,0.029795161295088374
squeezed_Đắk Nông,Average_temperature_lag9,0.015872274012689862
squeezed_Đắk Nông,Average_temperature_lag10,0.009349958823548561
squeezed_Đắk Nông,Average_temperature_lag11,0.023199524413112124
squeezed_Đắk Nông,Average_temperature_lag12,0.03546552004953253
squeezed_Đắk Nông,Max_Average_Temperature_lag1,0.12624676287444617
squeezed_Đắk Nông,Max_Average_Temperature_lag2,0.1642598768202754
squeezed_Đắk Nông,Max_Average_Temperature_lag3,0.03979434439252504
squeezed_Đắk Nông,Max_Average_Temperature_lag4,0.024988960506221545
squeezed_Đắk Nông,Max_Average_Temperature_lag5,0.20335984992533826
squeezed_Đắk Nông,Max_Average_Temperature_lag6,0.030075857636817124
squeezed_Đắk Nông,Max_Average_Temperature_lag7,0.018094162060104325
squeezed_Đắk Nông,Max_Average_Temperature_lag8,0.18151966193540903
squeezed_Đắk Nông,Max_Average_Temperature_lag9,0.003940914013136636
squeezed_Đắk Nông,Max_Average_Temperature_lag10,0.04409262471534011
squeezed_Đắk Nông,Max_Average_Temperature_lag11,0.07610401145308505
squeezed_Đắk Nông,Max_Average_Temperature_lag12,0.06786864752360743
squeezed_Đắk Nông,Min_Average_Temperature_lag1,0.013916896566421309
squeezed_Đắk Nông,Min_Average_Temperature_lag2,0.05949378529990298
squeezed_Đắk Nông,Min_Average_Temperature_lag3,0.003236641235984033
squeezed_Đắk Nông,Min_Average_Temperature_lag4,0.12398362011442686
squeezed_Đắk Nông,Min_Average_Temperature_lag5,0.011469392243774372
squeezed_Đắk Nông,Min_Average_Temperature_lag6,0.004068849783208006
squeezed_Đắk Nông,Min_Average_Temperature_lag7,0.06852897526637584
squeezed_Đắk Nông,Min_Average_Temperature_lag8,0.007172475790213621
squeezed_Đắk Nông,Min_Average_Temperature_lag9,0.04091356035707903
squeezed_Đắk Nông,Min_Average_Temperature_lag10,0.011002829336729582
squeezed_Đắk Nông,Min_Average_Temperature_lag11,0.04042745063605679
squeezed_Đắk Nông,Min_Average_Temperature_lag12,0.0568800971728668
squeezed_Đắk Nông,Max_Absolute_Temperature_lag1,0.08591473928610176
squeezed_Đắk Nông,Max_Absolute_Temperature_lag2,0.02092169280152111
squeezed_Đắk Nông,Max_Absolute_Temperature_lag3,0.07718766644110206
squeezed_Đắk Nông,Max_Absolute_Temperature_lag4,0.11330263590968549
squeezed_Đắk Nông,Max_Absolute_Temperature_lag5,0.030064093895308636
squeezed_Đắk Nông,Max_Absolute_Temperature_lag6,0.043417846710989826
squeezed_Đắk Nông,Max_Absolute_Temperature_lag7,0.1334028356252438
squeezed_Đắk Nông,Max_Absolute_Temperature_lag8,0.015591093112219572
squeezed_Đắk Nông,Max_Absolute_Temperature_lag9,0.0020736419254478345
squeezed_Đắk Nông,Max_Absolute_Temperature_lag10,0.05230404929290242
squeezed_Đắk Nông,Max_Absolute_Temperature_lag11,0.10161224278145407
squeezed_Đắk Nông,Max_Absolute_Temperature_lag12,0.11499418969527359
squeezed_Đắk Nông,Min_Absolute_Temperature_lag1,0.006693690048276754
squeezed_Đắk Nông,Min_Absolute_Temperature_lag2,0.0801790966863875
squeezed_Đắk Nông,Min_Absolute_Temperature_lag3,0.11723156745095122
squeezed_Đắk Nông,Min_Absolute_Temperature_lag4,0.2097312030849141
squeezed_Đắk Nông,Min_Absolute_Temperature_lag5,0.05266080500405897
squeezed_Đắk Nông,Min_Absolute_Temperature_lag6,0.012494318677569026
squeezed_Đắk Nông,Min_Absolute_Temperature_lag7,0.01470562522345273
squeezed_Đắk Nông,Min_Absolute_Temperature_lag8,0.07724659076417599
squeezed_Đắk Nông,Min_Absolute_Temperature_lag9,0.004056797116751347
squeezed_Đắk Nông,Min_Absolute_Temperature_lag10,0.01608935653913925
squeezed_Đắk Nông,Min_Absolute_Temperature_lag11,0.02183502588205566
squeezed_Đắk Nông,Min_Absolute_Temperature_lag12,0.1988917079043009
squeezed_Đắk Nông,Average_Humidity_lag1,0.01907065935153
squeezed_Đắk Nông,Average_Humidity_lag2,0.029714855101831316
squeezed_Đắk Nông,Average_Humidity_lag3,0.0008212943616400323
squeezed_Đắk Nông,Average_Humidity_lag4,0.06683455125278057
squeezed_Đắk Nông,Average_Humidity_lag5,0.0804998677584406
squeezed_Đắk Nông,Average_Humidity_lag6,0.019607773120783822
squeezed_Đắk Nông,Average_Humidity_lag7,0.07641923805131381
squeezed_Đắk Nông,Average_Humidity_lag8,0.06205010445513925
squeezed_Đắk Nông,Average_Humidity_lag9,0.053130986937867865
squeezed_Đắk Nông,Average_Humidity_lag10,0.006918976605879176
squeezed_Đắk Nông,Average_Humidity_lag11,0.09338473352246311
squeezed_Đắk Nông,Average_Humidity_lag12,0.11509254075715168
squeezed_Đắk Nông,Min_Humidity_lag1,0.03517393948049494
squeezed_Đắk Nông,Min_Humidity_lag2,0.1225251333153586
squeezed_Đắk Nông,Min_Humidity_lag3,0.12831626731051268
squeezed_Đắk Nông,Min_Humidity_lag4,0.016767934906600595
squeezed_Đắk Nông,Min_Humidity_lag5,0.01138666184317508
squeezed_Đắk Nông,Min_Humidity_lag6,0.0075778265841327805
squeezed_Đắk Nông,Min_Humidity_lag7,0.11783341281956926
squeezed_Đắk Nông,Min_Humidity_lag8,0.04485115143502496
squeezed_Đắk Nông,Min_Humidity_lag9,0.011199623017344744
squeezed_Đắk Nông,Min_Humidity_lag10,0.05278052598797798
squeezed_Đắk Nông,Min_Humidity_lag11,0.11153096999907773
squeezed_Đắk Nông,Min_Humidity_lag12,0.1698781621788554
squeezed_Đắk Nông,n_hours_sunshine_lag1,0.07987669113935914
squeezed_Đắk Nông,n_hours_sunshine_lag2,0.12004016195778887
squeezed_Đắk Nông,n_hours_sunshine_lag3,0.02849630217588049
squeezed_Đắk Nông,n_hours_sunshine_lag4,0.25352104902623623
squeezed_Đắk Nông,n_hours_sunshine_lag5,0.009558797616800644
squeezed_Đắk Nông,n_hours_sunshine_lag6,0.07009342989777721
squeezed_Đắk Nông,n_hours_sunshine_lag7,0.023689725704736927
squeezed_Đắk Nông,n_hours_sunshine_lag8,0.05141753262781029
squeezed_Đắk Nông,n_hours_sunshine_lag9,0.01785579345022989
squeezed_Đắk Nông,n_hours_sunshine_lag10,0.047982804980148536
squeezed_Đắk Nông,n_hours_sunshine_lag11,0.05976081808090889
squeezed_Đắk Nông,n_hours_sunshine_lag12,0.09684325960326386
squeezed_Đắk Nông,population_male_lag1,0.0
squeezed_Đắk Nông,population_male_lag2,0.016211193940900034
squeezed_Đắk Nông,population_male_lag3,0.005202219817641406
squeezed_Đắk Nông,population_male_lag4,0.03193571628660071
squeezed_Đắk Nông,population_male_lag5,0.0
squeezed_Đắk Nông,population_male_lag6,0.0008709638137791158
squeezed_Đắk Nông,population_male_lag7,0.004026737572041583
squeezed_Đắk Nông,population_male_lag8,0.0
squeezed_Đắk Nông,population_male_lag9,0.0
squeezed_Đắk Nông,population_male_lag10,0.08420048475767743
squeezed_Đắk Nông,population_male_lag11,0.0
squeezed_Đắk Nông,population_male_lag12,0.010511526959396998
squeezed_Đắk Nông,population_female_lag1,0.0
squeezed_Đắk Nông,population_female_lag2,0.005216398089286437
squeezed_Đắk Nông,population_female_lag3,0.0
squeezed_Đắk Nông,population_female_lag4,0.0
squeezed_Đắk Nông,population_female_lag5,0.014160004354671475
squeezed_Đắk Nông,population_female_lag6,0.1689796395434253
squeezed_Đắk Nông,population_female_lag7,0.0
squeezed_Đắk Nông,population_female_lag8,0.0
squeezed_Đắk Nông,population_female_lag9,0.011014674563728344
squeezed_Đắk Nông,population_female_lag10,0.006954549458970929
squeezed_Đắk Nông,population_female_lag11,0.0
squeezed_Đắk Nông,population_female_lag12,0.0
squeezed_Đắk Nông,population_urban_lag1,0.01644332256270475
squeezed_Đắk Nông,population_urban_lag2,0.037867086284772256
squeezed_Đắk Nông,population_urban_lag3,0.00751666247660544
squeezed_Đắk Nông,population_urban_lag4,0.0033228763604542526
squeezed_Đắk Nông,population_urban_lag5,0.04296322294857471
squeezed_Đắk Nông,population_urban_lag6,0.019477296939130303
squeezed_Đắk Nông,population_urban_lag7,0.06955114250434404
squeezed_Đắk Nông,population_urban_lag8,0.0
squeezed_Đắk Nông,population_urban_lag9,0.0030509772783779755
squeezed_Đắk Nông,population_urban_lag10,0.001353011665876227
squeezed_Đắk Nông,population_urban_lag11,0.6894673349237589
squeezed_Đắk Nông,population_urban_lag12,0.19116340413146052
squeezed_Đắk Nông,population_countryside_lag1,0.0068801427063782394
squeezed_Đắk Nông,population_countryside_lag2,0.020030706191905258
squeezed_Đắk Nông,population_countryside_lag3,0.005622936866176113
squeezed_Đắk Nông,population_countryside_lag4,0.02214327828365265
squeezed_Đắk Nông,population_countryside_lag5,0.0
squeezed_Đắk Nông,population_countryside_lag6,0.008224182547354745
squeezed_Đắk Nông,population_countryside_lag7,0.01266236365520247
squeezed_Đắk Nông,population_countryside_lag8,0.0
squeezed_Đắk Nông,population_countryside_lag9,0.0
squeezed_Đắk Nông,population_countryside_lag10,0.0
squeezed_Đắk Nông,population_countryside_lag11,0.016481898870361243
squeezed_Đắk Nông,population_countryside_lag12,0.024234345495369087
squeezed_Đắk Nông,Dengue_fever_rates_lag1,0.3618610907176604
squeezed_Đắk Nông,Dengue_fever_rates_lag2,0.19352325114782531
squeezed_Đắk Nông,Dengue_fever_rates_lag3,0.17878928492957177
squeezed_Đắk Nông,Dengue_fever_rates_lag4,0.31240641737223734
squeezed_Đắk Nông,Dengue_fever_rates_lag5,0.005586268298922308
squeezed_Đắk Nông,Dengue_fever_rates_lag6,0.05087094197045528
squeezed_Đắk Nông,Dengue_fever_rates_lag7,0.003154716850421913
squeezed_Đắk Nông,Dengue_fever_rates_lag8,0.5198164303532887
squeezed_Đắk Nông,Dengue_fever_rates_lag9,0.08249882257015997
squeezed_Đắk Nông,Dengue_fever_rates_lag10,0.1695273020007881
squeezed_Đắk Nông,Dengue_fever_rates_lag11,2.0544778080184414
squeezed_Đắk Nông,Dengue_fever_rates_lag12,0.20284779519800397
squeezed_Đắk Nông,Influenza_rates_lag1,0.07806797052845928
squeezed_Đắk Nông,Influenza_rates_lag2,0.2325074526232819
squeezed_Đắk Nông,Influenza_rates_lag3,0.09254506096674815
squeezed_Đắk Nông,Influenza_rates_lag4,0.26508538012109245
squeezed_Đắk Nông,Influenza_rates_lag5,0.13960773729887277
squeezed_Đắk Nông,Influenza_rates_lag6,0.19400669479932794
squeezed_Đắk Nông,Influenza_rates_lag7,0.2830869537496972
squeezed_Đắk Nông,Influenza_rates_lag8,0.10277483727318558
squeezed_Đắk Nông,Influenza_rates_lag9,0.0310869658811791
squeezed_Đắk Nông,Influenza_rates_lag10,0.5479716108084999
squeezed_Đắk Nông,Influenza_rates_lag11,0.21085334230842556
squeezed_Đắk Nông,Influenza_rates_lag12,0.03996961829115319
squeezed_Đắk Nông,Diarrhoea_rates_rollmean_3,9.423821261808301
squeezed_Đắk Nông,Diarrhoea_rates_rollstd_3,0.11991867281233097
squeezed_Đắk Nông,Diarrhoea_rates_rollmean_6,2.2445590943888436
squeezed_Đắk Nông,Diarrhoea_rates_rollstd_6,0.0426005003304295
squeezed_Đắk Nông,month_sin,1.2995024492819656
squeezed_Đắk Nông,month_cos,0.8034244634723984
squeezed_Đồng Tháp,Total_Evaporation,0.022846572633265994
squeezed_Đồng Tháp,Total_Rainfall,0.04232517314090034
squeezed_Đồng Tháp,Max_Daily_Rainfall,0.05041357117346084
squeezed_Đồng Tháp,n_raining_days,0.11499759892140997
squeezed_Đồng Tháp,Average_temperature,0.0021559891377290127
squeezed_Đồng Tháp,Max_Average_Temperature,0.08921088074327915
squeezed_Đồng Tháp,Min_Average_Temperature,0.016216342206587128
squeezed_Đồng Tháp,Max_Absolute_Temperature,0.04414046810875344
squeezed_Đồng Tháp,Min_Absolute_Temperature,0.5094590483079419
squeezed_Đồng Tháp,Average_Humidity,0.028947468438374726
squeezed_Đồng Tháp,Min_Humidity,0.060995000565858375
squeezed_Đồng Tháp,n_hours_sunshine,0.2714990172867667
squeezed_Đồng Tháp,population_male,0.024425736530404293
squeezed_Đồng Tháp,population_female,0.007570233556251773
squeezed_Đồng Tháp,population_urban,0.14152661266547648
squeezed_Đồng Tháp,population_countryside,0.0494724538432944
squeezed_Đồng Tháp,Diarrhoea_rates,14.900722836902311
squeezed_Đồng Tháp,Diarrhoea_rates_lag1,4.97734998435005
squeezed_Đồng Tháp,Diarrhoea_rates_lag2,0.727244797752774
squeezed_Đồng Tháp,Diarrhoea_rates_lag3,0.12087332402018787
squeezed_Đồng Tháp,Diarrhoea_rates_lag4,0.9817136318243954
squeezed_Đồng Tháp,Diarrhoea_rates_lag5,0.6615901624866974
squeezed_Đồng Tháp,Diarrhoea_rates_lag6,0.5661547595988714
squeezed_Đồng Tháp,Diarrhoea_rates_lag7,0.16719022801188096
squeezed_Đồng Tháp,Diarrhoea_rates_lag8,0.5451822369641437
squeezed_Đồng Tháp,Diarrhoea_rates_lag9,0.24242020429955943
squeezed_Đồng Tháp,Diarrhoea_rates_lag10,0.6134940321421977
squeezed_Đồng Tháp,Diarrhoea_rates_lag11,1.1137441314485084
squeezed_Đồng Tháp,Diarrhoea_rates_lag12,0.5314553295811068
squeezed_Đồng Tháp,Total_Evaporation_lag1,0.01863341392294238
squeezed_Đồng Tháp,Total_Evaporation_lag2,0.2151665907732504
squeezed_Đồng Tháp,Total_Evaporation_lag3,0.09286302429932984
squeezed_Đồng Tháp,Total_Evaporation_lag4,0.01449907749039918
squeezed_Đồng Tháp,Total_Evaporation_lag5,0.028214856107288345
squeezed_Đồng Tháp,Total_Evaporation_lag6,0.03158110809204263
squeezed_Đồng Tháp,Total_Evaporation_lag7,0.025306700361598784
squeezed_Đồng Tháp,Total_Evaporation_lag8,0.07538622597338844
squeezed_Đồng Tháp,Total_Evaporation_lag9,0.007958164351817171
squeezed_Đồng Tháp,Total_Evaporation_lag10,0.0
squeezed_Đồng Tháp,Total_Evaporation_lag11,0.19752434922330886
squeezed_Đồng Tháp,Total_Evaporation_lag12,0.06323952770282255
squeezed_Đồng Tháp,Total_Rainfall_lag1,0.4562661390020686
squeezed_Đồng Tháp,Total_Rainfall_lag2,0.4894847457762672
squeezed_Đồng Tháp,Total_Rainfall_lag3,0.0428025803138235
squeezed_Đồng Tháp,Total_Rainfall_lag4,0.08955304834939441
squeezed_Đồng Tháp,Total_Rainfall_lag5,0.007041225231117633
squeezed_Đồng Tháp,Total_Rainfall_lag6,0.04092576853622066
squeezed_Đồng Tháp,Total_Rainfall_lag7,0.046264868364801696
squeezed_Đồng Tháp,Total_Rainfall_lag8,0.04968710058784188
squeezed_Đồng Tháp,Total_Rainfall_lag9,0.2135166518894348
squeezed_Đồng Tháp,Total_Rainfall_lag10,0.2378826317227858
squeezed_Đồng Tháp,Total_Rainfall_lag11,0.4326659025261588
squeezed_Đồng Tháp,Total_Rainfall_lag12,0.030076493476215743
squeezed_Đồng Tháp,Max_Daily_Rainfall_lag1,0.11093824784528106
squeezed_Đồng Tháp,Max_Daily_Rainfall_lag2,0.15594151703253745
squeezed_Đồng Tháp,Max_Daily_Rainfall_lag3,0.0160377268509026
squeezed_Đồng Tháp,Max_Daily_Rainfall_lag4,0.042892489901987844
squeezed_Đồng Tháp,Max_Daily_Rainfall_lag5,0.019667131696588097
squeezed_Đồng Tháp,Max_Daily_Rainfall_lag6,0.022300860214209448
squeezed_Đồng Tháp,Max_Daily_Rainfall_lag7,0.015061371571306326
squeezed_Đồng Tháp,Max_Daily_Rainfall_lag8,0.128045440249513
squeezed_Đồng Tháp,Max_Daily_Rainfall_lag9,0.10074193189753272
squeezed_Đồng Tháp,Max_Daily_Rainfall_lag10,0.12975120748755384
squeezed_Đồng Tháp,Max_Daily_Rainfall_lag11,0.25124889444340565
squeezed_Đồng Tháp,Max_Daily_Rainfall_lag12,0.12006445569453317
squeezed_Đồng Tháp,n_raining_days_lag1,0.0091210655929804
squeezed_Đồng Tháp,n_raining_days_lag2,0.18173223332106905
squeezed_Đồng Tháp,n_raining_days_lag3,0.04195277234773956
squeezed_Đồng Tháp,n_raining_days_lag4,0.043370946887288826
squeezed_Đồng Tháp,n_raining_days_lag5,0.003706595024365968
squeezed_Đồng Tháp,n_raining_days_lag6,0.005408510136232638
squeezed_Đồng Tháp,n_raining_days_lag7,0.0
squeezed_Đồng Tháp,n_raining_days_lag8,0.023017922745547714
squeezed_Đồng Tháp,n_raining_days_lag9,0.21956000310751145
squeezed_Đồng Tháp,n_raining_days_lag10,0.13250002512989148
squeezed_Đồng Tháp,n_raining_days_lag11,0.007453046889827369
squeezed_Đồng Tháp,n_raining_days_lag12,0.08664386314666768
squeezed_Đồng Tháp,Average_temperature_lag1,0.04898849732200412
squeezed_Đồng Tháp,Average_temperature_lag2,0.0
squeezed_Đồng Tháp,Average_temperature_lag3,0.08749945614161507
squeezed_Đồng Tháp,Average_temperature_lag4,0.005283413163570207
squeezed_Đồng Tháp,Average_temperature_lag5,0.009327944391559076
squeezed_Đồng Tháp,Average_temperature_lag6,0.06802685128902317
squeezed_Đồng Tháp,Average_temperature_lag7,0.10364196006198327
squeezed_Đồng Tháp,Average_temperature_lag8,0.0555824070052936
squeezed_Đồng Tháp,Average_temperature_lag9,0.0433936729942066
squeezed_Đồng Tháp,Average_temperature_lag10,0.014488102283880443
squeezed_Đồng Tháp,Average_temperature_lag11,0.010500299942182906
squeezed_Đồng Tháp,Average_temperature_lag12,0.016777509562848066
squeezed_Đồng Tháp,Max_Average_Temperature_lag1,0.06028902396475767
squeezed_Đồng Tháp,Max_Average_Temperature_lag2,0.13091483769998102
squeezed_Đồng Tháp,Max_Average_Temperature_lag3,0.07036547203716877
squeezed_Đồng Tháp,Max_Average_Temperature_lag4,0.006355568679102411
squeezed_Đồng Tháp,Max_Average_Temperature_lag5,0.21700617057305494
squeezed_Đồng Tháp,Max_Average_Temperature_lag6,0.01767490244231656
squeezed_Đồng Tháp,Max_Average_Temperature_lag7,0.024228295079996034
squeezed_Đồng Tháp,Max_Average_Temperature_lag8,0.35480750506751374
squeezed_Đồng Tháp,Max_Average_Temperature_lag9,0.005541400782968213
squeezed_Đồng Tháp,Max_Average_Temperature_lag10,0.06838635796565741
squeezed_Đồng Tháp,Max_Average_Temperature_lag11,0.1284303490520942
squeezed_Đồng Tháp,Max_Average_Temperature_lag12,0.10083965514973868
squeezed_Đồng Tháp,Min_Average_Temperature_lag1,0.013916896566421309
squeezed_Đồng Tháp,Min_Average_Temperature_lag2,0.039885886641163125
squeezed_Đồng Tháp,Min_Average_Temperature_lag3,0.056320559515664344
squeezed_Đồng Tháp,Min_Average_Temperature_lag4,0.21148763047640562
squeezed_Đồng Tháp,Min_Average_Temperature_lag5,0.012604484280007504
squeezed_Đồng Tháp,Min_Average_Temperature_lag6,0.023108937602996222
squeezed_Đồng Tháp,Min_Average_Temperature_lag7,0.07054250091240297
squeezed_Đồng Tháp,Min_Average_Temperature_lag8,0.010790083027480225
squeezed_Đồng Tháp,Min_Average_Temperature_lag9,0.008063938221392364
squeezed_Đồng Tháp,Min_Average_Temperature_lag10,0.02088441847821312
squeezed_Đồng Tháp,Min_Average_Temperature_lag11,0.03061378577636983
squeezed_Đồng Tháp,Min_Average_Temperature_lag12,0.08846574833674288
squeezed_Đồng Tháp,Max_Absolute_Temperature_lag1,0.11535171531521075
squeezed_Đồng Tháp,Max_Absolute_Temperature_lag2,0.05044364902334708
squeezed_Đồng Tháp,Max_Absolute_Temperature_lag3,0.019227978795942114
squeezed_Đồng Tháp,Max_Absolute_Temperature_lag4,0.10514785125323801
squeezed_Đồng Tháp,Max_Absolute_Temperature_lag5,0.008950358507725078
squeezed_Đồng Tháp,Max_Absolute_Temperature_lag6,0.05828740264976464
squeezed_Đồng Tháp,Max_Absolute_Temperature_lag7,0.07809765209110937
squeezed_Đồng Tháp,Max_Absolute_Temperature_lag8,0.015805297978696356
squeezed_Đồng Tháp,Max_Absolute_Temperature_lag9,0.0020131581620148275
squeezed_Đồng Tháp,Max_Absolute_Temperature_lag10,0.055482979460089066
squeezed_Đồng Tháp,Max_Absolute_Temperature_lag11,0.061328668306965727
squeezed_Đồng Tháp,Max_Absolute_Temperature_lag12,0.05559250440360275
squeezed_Đồng Tháp,Min_Absolute_Temperature_lag1,0.05424374213767085
squeezed_Đồng Tháp,Min_Absolute_Temperature_lag2,0.08945341466099298
squeezed_Đồng Tháp,Min_Absolute_Temperature_lag3,0.14489109879875586
squeezed_Đồng Tháp,Min_Absolute_Temperature_lag4,0.30143368310214297
squeezed_Đồng Tháp,Min_Absolute_Temperature_lag5,0.0399891177952262
squeezed_Đồng Tháp,Min_Absolute_Temperature_lag6,0.01659848987285988
squeezed_Đồng Tháp,Min_Absolute_Temperature_lag7,0.014363148739050292
squeezed_Đồng Tháp,Min_Absolute_Temperature_lag8,0.1640099683039662
squeezed_Đồng Tháp,Min_Absolute_Temperature_lag9,0.06724227198657788
squeezed_Đồng Tháp,Min_Absolute_Temperature_lag10,0.01596950610751303
squeezed_Đồng Tháp,Min_Absolute_Temperature_lag11,0.013223210208267154
squeezed_Đồng Tháp,Min_Absolute_Temperature_lag12,0.23256245536156664
squeezed_Đồng Tháp,Average_Humidity_lag1,0.01363894694641378
squeezed_Đồng Tháp,Average_Humidity_lag2,0.08873027141462052
squeezed_Đồng Tháp,Average_Humidity_lag3,0.0011151345593488622
squeezed_Đồng Tháp,Average_Humidity_lag4,0.06683455125278055
squeezed_Đồng Tháp,Average_Humidity_lag5,0.07675269474917852
squeezed_Đồng Tháp,Average_Humidity_lag6,0.01372657363747276
squeezed_Đồng Tháp,Average_Humidity_lag7,0.03362614253228627
squeezed_Đồng Tháp,Average_Humidity_lag8,0.06002720247637131
squeezed_Đồng Tháp,Average_Humidity_lag9,0.0591672404005259
squeezed_Đồng Tháp,Average_Humidity_lag10,0.00872905558930689
squeezed_Đồng Tháp,Average_Humidity_lag11,0.06566014185800885
squeezed_Đồng Tháp,Average_Humidity_lag12,0.07099036070972593
squeezed_Đồng Tháp,Min_Humidity_lag1,0.009660992940895426
squeezed_Đồng Tháp,Min_Humidity_lag2,0.07148047824555721
squeezed_Đồng Tháp,Min_Humidity_lag3,0.045658874972990066
squeezed_Đồng Tháp,Min_Humidity_lag4,0.017017707708212218
squeezed_Đồng Tháp,Min_Humidity_lag5,0.019725396221528392
squeezed_Đồng Tháp,Min_Humidity_lag6,0.010433466388949366
squeezed_Đồng Tháp,Min_Humidity_lag7,0.10565532921457055
squeezed_Đồng Tháp,Min_Humidity_lag8,0.0037747385470839694
squeezed_Đồng Tháp,Min_Humidity_lag9,0.010712415022426869
squeezed_Đồng Tháp,Min_Humidity_lag10,0.0054834366721012015
squeezed_Đồng Tháp,Min_Humidity_lag11,0.05972039218792071
squeezed_Đồng Tháp,Min_Humidity_lag12,0.025845388446735004
squeezed_Đồng Tháp,n_hours_sunshine_lag1,0.12153661876818482
squeezed_Đồng Tháp,n_hours_sunshine_lag2,0.2370512710090533
squeezed_Đồng Tháp,n_hours_sunshine_lag3,0.03145159576109512
squeezed_Đồng Tháp,n_hours_sunshine_lag4,0.28448064403765316
squeezed_Đồng Tháp,n_hours_sunshine_lag5,0.022116373002273124
squeezed_Đồng Tháp,n_hours_sunshine_lag6,0.11890369354031712
squeezed_Đồng Tháp,n_hours_sunshine_lag7,0.07950424938365121
squeezed_Đồng Tháp,n_hours_sunshine_lag8,0.10712145991925032
squeezed_Đồng Tháp,n_hours_sunshine_lag9,0.04528979750305576
squeezed_Đồng Tháp,n_hours_sunshine_lag10,0.0316715921249713
squeezed_Đồng Tháp,n_hours_sunshine_lag11,0.08027706608275391
squeezed_Đồng Tháp,n_hours_sunshine_lag12,0.07662983803455628
squeezed_Đồng Tháp,population_male_lag1,0.0
squeezed_Đồng Tháp,population_male_lag2,0.05094662057226885
squeezed_Đồng Tháp,population_male_lag3,0.006890561875527175
squeezed_Đồng Tháp,population_male_lag4,0.278787008651691
squeezed_Đồng Tháp,population_male_lag5,0.0
squeezed_Đồng Tháp,population_male_lag6,0.001040004002301863
squeezed_Đồng Tháp,population_male_lag7,0.0011433847751964367
squeezed_Đồng Tháp,population_male_lag8,0.0
squeezed_Đồng Tháp,population_male_lag9,0.0
squeezed_Đồng Tháp,population_male_lag10,0.30212498850131825
squeezed_Đồng Tháp,population_male_lag11,0.0
squeezed_Đồng Tháp,population_male_lag12,0.011511682737842609
squeezed_Đồng Tháp,population_female_lag1,0.0
squeezed_Đồng Tháp,population_female_lag2,0.005216398089286437
squeezed_Đồng Tháp,population_female_lag3,0.0
squeezed_Đồng Tháp,population_female_lag4,0.0
squeezed_Đồng Tháp,population_female_lag5,0.00825628493678235
squeezed_Đồng Tháp,population_female_lag6,0.03501521474937364
squeezed_Đồng Tháp,population_female_lag7,0.0
squeezed_Đồng Tháp,population_female_lag8,0.0
squeezed_Đồng Tháp,population_female_lag9,0.0008678569069607865
squeezed_Đồng Tháp,population_female_lag10,0.0030701574842146085
squeezed_Đồng Tháp,population_female_lag11,0.0
squeezed_Đồng Tháp,population_female_lag12,0.0
squeezed_Đồng Tháp,population_urban_lag1,0.14160547967228057
squeezed_Đồng Tháp,population_urban_lag2,0.03219955798960438
squeezed_Đồng Tháp,population_urban_lag3,0.007152617177912115
squeezed_Đồng Tháp,population_urban_lag4,0.0033228763604542526
squeezed_Đồng Tháp,population_urban_lag5,0.09659565311561513
squeezed_Đồng Tháp,population_urban_lag6,0.0033864730390724654
squeezed_Đồng Tháp,population_urban_lag7,0.2191289371047771
squeezed_Đồng Tháp,population_urban_lag8,0.0
squeezed_Đồng Tháp,population_urban_lag9,0.0030509772783779755
squeezed_Đồng Tháp,population_urban_lag10,0.0032572674841365814
squeezed_Đồng Tháp,population_urban_lag11,0.7466607381642846
squeezed_Đồng Tháp,population_urban_lag12,0.044469726284044754
squeezed_Đồng Tháp,population_countryside_lag1,0.005717425419425353
squeezed_Đồng Tháp,population_countryside_lag2,0.01915681920387906
squeezed_Đồng Tháp,population_countryside_lag3,0.005298161442374497
squeezed_Đồng Tháp,population_countryside_lag4,0.018070171299647445
squeezed_Đồng Tháp,population_countryside_lag5,0.0
squeezed_Đồng Tháp,population_countryside_lag6,0.008373806503388722
squeezed_Đồng Tháp,population_countryside_lag7,0.01300577392906956
squeezed_Đồng Tháp,population_countryside_lag8,0.0
squeezed_Đồng Tháp,population_countryside_lag9,0.0
squeezed_Đồng Tháp,population_countryside_lag10,0.0
squeezed_Đồng Tháp,population_countryside_lag11,0.027432559072325433
squeezed_Đồng Tháp,population_countryside_lag12,0.043040284432354387
squeezed_Đồng Tháp,Dengue_fever_rates_lag1,0.38817765613495664
squeezed_Đồng Tháp,Dengue_fever_rates_lag2,0.04397768797849916
squeezed_Đồng Tháp,Dengue_fever_rates_lag3,0.08646501175549302
squeezed_Đồng Tháp,Dengue_fever_rates_lag4,0.018716610076193917
squeezed_Đồng Tháp,Dengue_fever_rates_lag5,0.005586268298922308
squeezed_Đồng Tháp,Dengue_fever_rates_lag6,0.05066760194633518
squeezed_Đồng Tháp,Dengue_fever_rates_lag7,0.025164734968163422
squeezed_Đồng Tháp,Dengue_fever_rates_lag8,0.15471916602655658
squeezed_Đồng Tháp,Dengue_fever_rates_lag9,0.037241306271265075
squeezed_Đồng Tháp,Dengue_fever_rates_lag10,0.01873229120111411
squeezed_Đồng Tháp,Dengue_fever_rates_lag11,0.16690681478452843
squeezed_Đồng Tháp,Dengue_fever_rates_lag12,0.08045362072342795
squeezed_Đồng Tháp,Influenza_rates_lag1,0.0791533288016835
squeezed_Đồng Tháp,Influenza_rates_lag2,0.28263815058148917
squeezed_Đồng Tháp,Influenza_rates_lag3,0.12467462349694458
squeezed_Đồng Tháp,Influenza_rates_lag4,0.019251942421093356
squeezed_Đồng Tháp,Influenza_rates_lag5,0.11581535910437046
squeezed_Đồng Tháp,Influenza_rates_lag6,0.08607846983562595
squeezed_Đồng Tháp,Influenza_rates_lag7,0.15504816868084925
squeezed_Đồng Tháp,Influenza_rates_lag8,0.06236495315716551
squeezed_Đồng Tháp,Influenza_rates_lag9,0.018099902740219293
squeezed_Đồng Tháp,Influenza_rates_lag10,0.22346305455414328
squeezed_Đồng Tháp,Influenza_rates_lag11,0.1526733348568179
squeezed_Đồng Tháp,Influenza_rates_lag12,0.18997310231398598
squeezed_Đồng Tháp,Diarrhoea_rates_rollmean_3,4.715568940981766
squeezed_Đồng Tháp,Diarrhoea_rates_rollstd_3,0.1298819548141302
squeezed_Đồng Tháp,Diarrhoea_rates_rollmean_6,2.041402099369133
squeezed_Đồng Tháp,Diarrhoea_rates_rollstd_6,0.05883593389407183
squeezed_Đồng Tháp,month_sin,1.634130944603701
squeezed_Đồng Tháp,month_cos,0.6703209687641584
