model,wilcoxon_stat,p_value
Naive,284854.5,1.0755541385900982e-27
Prophet,267693.0,6.083593713991556e-34
XGBoost,293641.0,9.424530261863656e-25
HistGB,260876.0,1.3145376259867149e-36
LightGBM,286951.0,5.616892192103798e-27
LSTM,262849.0,1.0954542440125037e-31
