model,MAE@1,RMSE@1,SMAPE@1,MAE@2,RMSE@2,SMAPE@2,MAE@3,RMSE@3,SMAPE@3,MAE@4,RMSE@4,SMAPE@4,MAE@5,RMSE@5,SMAPE@5,MAE@6,RMSE@6,SMAPE@6,outbreak_threshold,precision,recall
HistGB,6.232372295585667,14.697397986828054,102.67530835355805,7.665749606165601,17.572429960836224,110.73255758383218,8.340292822866019,17.981580916422324,120.40646114385369,8.409649881997975,18.035873714184998,120.95105776470587,8.635830867407144,18.297641038118623,119.52940062745718,8.376585573662396,17.846137242010673,123.13617289553929,35.96744918823243,0.6290322580645161,0.6724137931034483
XGBoost,6.71979284286499,15.259192025929147,110.27501821517944,7.882059574127197,17.43122384393206,118.94785165786743,8.662701606750488,19.609141557375416,123.19183349609375,8.890499114990234,18.715846172407453,126.94516181945801,8.861092567443848,18.64897670853258,125.46275854110718,8.347455978393555,18.188607408296132,125.30827522277832,35.96744918823243,0.5263157894736842,0.6896551724137931
Naive,7.811671986812349,19.283213110208926,75.12065224695701,11.548905866550928,26.693685618609983,95.96102331561653,12.704378683023974,28.752422519939643,103.38160593679737,11.495339445816892,27.31527593471868,100.57066258767628,9.507660566372452,24.455968263545948,92.53600813844771,8.794807905958194,23.820790767528376,87.51047963078153,35.96744918823243,0.453125,0.5
LSTM,8.15363597869873,20.26588551538413,134.7102165222168,7.9268717765808105,19.80509584145107,131.53622150421143,7.869937419891357,19.59122354624801,136.56846284866333,7.717606544494629,19.5847844445192,134.36217308044434,7.812057018280029,19.951535824048264,136.0595464706421,7.781647682189941,19.90684022133237,134.61472988128662,36.07353057861328,0.0,0.0
Prophet,9.057928461822192,20.089519866788937,150.5988112066879,9.155594695979621,20.304260072188235,151.29328689225008,9.52088594264088,20.9409208095574,153.4210516955675,10.008135546441075,21.715684958530325,155.2689765174681,10.58993092557557,22.47551662908846,158.20444464585972,10.886968541836264,22.66395777098001,159.36398897647732,35.96744918823243,0.625,0.08620689655172414
SeasonalNaive,9.804913161644293,25.215379090288955,91.97537281834175,11.099034258864329,27.145627245529017,102.19683220042013,11.421317115558201,27.904388261333647,107.83779189755948,10.64032022484294,27.121600138293697,102.20457921997381,9.192380238350065,24.860620715557808,95.34293034006063,8.32073011453938,22.09544116922065,99.34071061947859,35.96744918823243,0.2542372881355932,0.25862068965517243
