model,wilcoxon_stat,p_value
Naive,163007.0,3.523090878802485e-05
Prophet,226647.0,1.0252727168960562e-20
XGBoost,322265.0,0.385622670552779
HistGB,330975.0,0.9231885507028382
LSTM,298857.0,0.06681418655347543
