model,wilcoxon_stat,p_value
Naive,220907.0,1.9170761695145777e-06
Prophet,287311.0,7.443398831275046e-27
XGBoost,316485.0,6.5305834620910636e-18
HistGB,333661.5,1.5461684429849617e-13
LightGBM,321007.0,1.0730814380784681e-16
LSTM,400637.0,0.13358029413168174
