province,date,actual_t+1,pred_t+1,actual_t+2,pred_t+2,actual_t+3,pred_t+3,actual_t+4,pred_t+4,actual_t+5,pred_t+5,actual_t+6,pred_t+6
squeezed_An Giang,2016-01-01,27.91796,31.752844434038256,26.482708,31.503567909709645,25.186352,27.34096254650652,25.603037,30.66700580415302,23.612204,30.210186350268135,27.59387,32.50941115488735
squeezed_An Giang,2016-02-01,26.482708,36.19983267317984,25.186352,33.1044231962733,25.603037,30.218882286012814,23.612204,32.83325356663733,27.59387,31.198480699289252,26.760498,29.257309093156397
squeezed_An Giang,2016-03-01,25.186352,31.752844434038256,25.603037,33.83404327324698,23.612204,31.217087629492887,27.59387,31.69839202365881,26.760498,28.44794129497072,15.695171,28.62525726281546
squeezed_An Giang,2016-04-01,25.603037,31.528325748703157,23.612204,32.00357518081767,27.59387,26.79834582039231,26.760498,29.85601164390437,15.695171,27.76545369910039,16.713737,31.421995079208298
squeezed_An Giang,2016-05-01,23.612204,31.528325748703157,27.59387,29.144031069040214,26.760498,25.96033254632807,15.695171,28.29403327168736,16.713737,24.71317149696108,16.06556,27.4171653873024
squeezed_An Giang,2016-06-01,27.59387,25.975732284000973,26.760498,27.213794088355957,15.695171,23.775079740826822,16.713737,26.377258061443,16.06556,23.693211358592112,0.46298438,25.388828337751413
squeezed_An Giang,2016-07-01,26.760498,33.2036050890153,15.695171,28.059351035098285,16.713737,24.877746134918333,16.06556,26.233718423833952,0.46298438,25.113337303601394,24.357794,23.803254495518818
squeezed_An Giang,2016-08-01,15.695171,33.2036050890153,16.713737,33.22914034165095,16.06556,29.848270394080924,0.46298438,27.138073097317953,24.357794,27.421711277004853,39.402313,23.88475492843864
squeezed_An Giang,2016-09-01,16.713737,23.632368384733663,16.06556,24.560016809288804,0.46298438,23.681687576654713,24.357794,23.209686174777207,39.402313,25.37232736685625,23.74373,25.648085854870143
squeezed_An Giang,2016-10-01,16.06556,21.751061501551682,0.46298438,25.206886987117713,24.357794,20.828328250819244,39.402313,23.259373638771663,23.74373,23.67203728393963,23.794903,29.278699698803365
squeezed_An Giang,2016-11-01,0.46298438,21.751061501551682,24.357794,25.48700507570599,39.402313,21.135758506745383,23.74373,24.733508412817518,23.794903,24.692592549712945,26.814041,25.925952745029957
squeezed_An Giang,2016-12-01,24.357794,27.002329705603742,39.402313,12.015830777084298,23.74373,16.881321722912695,23.794903,19.627787721069026,26.814041,24.791762711533337,24.050762,27.166514450402843
squeezed_An Giang,2017-01-01,39.402313,28.085308603352388,23.74373,29.52456470160786,23.794903,25.5652338432334,26.814041,25.31812553212054,24.050762,24.506171422102565,54.34449,22.658647156454663
squeezed_An Giang,2017-02-01,23.74373,39.37059792125143,23.794903,38.416736452123324,26.814041,33.30370123005337,24.050762,33.57990981011709,54.34449,31.37475307821305,22.924982,32.151852674758906
squeezed_An Giang,2017-03-01,23.794903,32.059820060896,26.814041,34.63434326961696,24.050762,29.28754086971684,54.34449,30.684617861327343,22.924982,29.07859644819122,20.11053,25.278661145052364
squeezed_An Giang,2017-04-01,26.814041,28.849039356562436,24.050762,28.841238002730737,54.34449,24.76513763631589,22.924982,29.35917991425954,20.11053,24.558320200762257,21.901545,25.46452282921482
squeezed_An Giang,2017-05-01,24.050762,35.07438543836257,54.34449,28.985886714825952,22.924982,26.52212549569205,20.11053,26.42044860143902,21.901545,25.71381486130646,21.952717,24.901359016275308
squeezed_An Giang,2017-06-01,54.34449,25.975732284000973,22.924982,28.631500880869986,20.11053,25.920279002639962,21.901545,24.937791952138372,21.952717,24.268602783345713,21.18514,37.658858944327335
squeezed_An Giang,2017-07-01,22.924982,48.33146537382299,20.11053,42.34567910180224,21.901545,40.72838036095648,21.952717,35.704148159096675,21.18514,45.77352912353997,23.71828,35.47227859480341
squeezed_An Giang,2017-08-01,20.11053,35.60564097015052,21.901545,34.99339168890044,21.952717,27.619423712263313,21.18514,38.00722278478307,23.71828,31.611273904640555,27.757639,28.719087617617955
squeezed_An Giang,2017-09-01,21.901545,23.164813876139785,21.952717,24.206507225072205,21.18514,44.25000025346292,23.71828,28.034024850642286,27.757639,26.560597548768534,35.11134,31.58665259313005
squeezed_An Giang,2017-10-01,21.952717,24.146345318210248,21.18514,49.675600369043124,23.71828,26.70520916235835,27.757639,26.163999858945424,35.11134,33.93560467413407,25.5826,31.928965160887163
squeezed_An Giang,2017-11-01,21.18514,29.416627478306026,23.71828,27.52204199252772,27.757639,21.870402508226512,35.11134,26.722598565860867,25.5826,25.48851883438989,22.4754,26.672863047612523
squeezed_An Giang,2017-12-01,23.71828,32.81380981239556,27.757639,27.024963177988923,35.11134,22.95489098544129,25.5826,25.39481524720852,22.4754,27.841353137121803,25.737959,32.5092588021686
squeezed_BR Vũng Tàu,2016-01-01,81.59341,85.27814016996953,94.41392,88.4730767003755,84.52381,93.0423599545056,90.750916,86.9857955701931,79.7619,91.55105059798157,91.57509,90.4808479404735
squeezed_BR Vũng Tàu,2016-02-01,94.41392,85.62559228271265,84.52381,87.63141635039402,90.750916,89.98726457685711,79.7619,85.60067396202473,91.57509,106.48151900258185,82.234436,88.7467017434542
squeezed_BR Vũng Tàu,2016-03-01,84.52381,91.09782591084979,90.750916,91.65272348371415,79.7619,93.58816660424787,91.57509,89.35537840694705,82.234436,90.55054614841774,77.38095,79.98128290055577
squeezed_BR Vũng Tàu,2016-04-01,90.750916,85.87214134752061,79.7619,89.67371826462474,91.57509,89.27619204564412,82.234436,82.8887879697427,77.38095,83.16366074767396,72.710625,73.68574940411189
squeezed_BR Vũng Tàu,2016-05-01,79.7619,90.57304552609065,91.57509,88.98561601516721,82.234436,85.38476314352094,77.38095,85.64414751043162,72.710625,75.16242821277905,79.30403,71.8801650563096
squeezed_BR Vũng Tàu,2016-06-01,91.57509,83.85818992024866,82.234436,73.64139696071004,77.38095,81.5267230285414,72.710625,75.68529485512002,79.30403,67.70249480439745,79.30403,69.68221474693938
squeezed_BR Vũng Tàu,2016-07-01,82.234436,83.88728528883117,77.38095,79.09128062738058,72.710625,75.19111716167671,79.30403,72.83640882466854,79.30403,74.03692561453748,64.40738,70.62791831887704
squeezed_BR Vũng Tàu,2016-08-01,77.38095,82.1026998054597,72.710625,73.11894491294953,79.30403,69.63091482949963,79.30403,75.44313691513828,64.40738,67.31127460598736,78.601845,68.19709134051023
squeezed_BR Vũng Tàu,2016-09-01,72.710625,79.16521915855503,79.30403,69.7548363148249,79.30403,74.67363687119678,64.40738,67.55138972313615,78.601845,67.16768520657253,77.35983,72.74280327337388
squeezed_BR Vũng Tàu,2016-10-01,79.30403,76.30863197755092,79.30403,75.16539427178556,64.40738,70.95234517742858,78.601845,71.416897379241,77.35983,71.80737049502392,70.97232,69.1682128632124
squeezed_BR Vũng Tàu,2016-11-01,79.30403,79.87279048814729,64.40738,69.72246329560222,78.601845,70.96254751829042,77.35983,75.65126389971584,70.97232,68.53634401444776,76.0291,73.89977889108437
squeezed_BR Vũng Tàu,2016-12-01,64.40738,73.54399717513333,78.601845,69.48647462993719,77.35983,81.26977298424121,70.97232,74.8732549974057,76.0291,77.29090783580266,67.68985,74.76074118522918
squeezed_BR Vũng Tàu,2017-01-01,78.601845,70.0408627905302,77.35983,76.82665550929674,70.97232,71.3235145396182,76.0291,73.51585042947329,67.68985,67.64071891771233,58.01987,77.46113618733938
squeezed_BR Vũng Tàu,2017-02-01,77.35983,80.17904120848033,70.97232,76.6445649915547,76.0291,78.89275682058616,67.68985,72.00261171478806,58.01987,90.11236497055845,67.778564,79.28705255701986
squeezed_BR Vũng Tàu,2017-03-01,70.97232,80.54264590235397,76.0291,80.46847709294828,67.68985,76.95371154448023,58.01987,78.95845635592664,67.778564,79.0655877656574,60.77005,70.02445263474439
squeezed_BR Vũng Tàu,2017-04-01,76.0291,81.47009554011981,67.68985,77.97424883648135,58.01987,87.38113417979892,67.778564,70.7214883525254,60.77005,69.68411789564405,63.786373,67.52563216358398
squeezed_BR Vũng Tàu,2017-05-01,67.68985,79.63563960428468,58.01987,81.01194105882018,67.778564,74.7645884263019,60.77005,70.35431974648202,63.786373,61.877123280825124,59.084457,62.0633488171952
squeezed_BR Vũng Tàu,2017-06-01,58.01987,72.52597851091517,67.778564,63.74095214986428,60.77005,66.45695615603228,63.786373,61.72400407886589,59.084457,59.12988984583714,60.14904,60.44835275955016
squeezed_BR Vũng Tàu,2017-07-01,67.778564,64.96163932602806,60.77005,61.912921869166155,63.786373,57.23967066669078,59.084457,58.96342193869352,60.14904,58.903955461160436,61.14381,60.2543325274359
squeezed_BR Vũng Tàu,2017-08-01,60.77005,67.28122453102667,63.786373,61.508777298027475,59.084457,59.517904438859084,60.14904,57.60512025372441,61.14381,57.89941374626077,59.913906,57.936489778414824
squeezed_BR Vũng Tàu,2017-09-01,63.786373,66.33777553658649,59.084457,60.198199992429345,60.14904,58.563974376039056,61.14381,53.48590786333707,59.913906,57.77031877626901,65.27277,60.0296144621639
squeezed_BR Vũng Tàu,2017-10-01,59.084457,66.94070956502472,60.14904,60.60220302032921,61.14381,58.901218635234336,59.913906,59.21049120970913,65.27277,60.35964076182696,64.30642,63.64463832953092
squeezed_BR Vũng Tàu,2017-11-01,60.14904,59.78302594822053,61.14381,56.652089042557606,59.913906,57.3228201192744,65.27277,61.43671476279657,64.30642,66.44794315980303,61.495213,60.63267182252225
squeezed_BR Vũng Tàu,2017-12-01,61.14381,62.09071315521719,59.913906,59.089343076204024,65.27277,60.10575136599508,64.30642,62.27874589082707,61.495213,60.76058886333042,51.568127,58.976361282045424
squeezed_Bình Phước,2016-01-01,27.917189,40.46869383348774,27.394396,41.406535610036386,29.694689,39.192087437279596,29.171894,40.28711083894614,27.812632,45.953912098478796,33.77248,36.969914619495356
squeezed_Bình Phước,2016-02-01,27.394396,37.08282500533203,29.694689,34.703835907928195,29.171894,36.42556902393434,27.812632,39.49578628998603,33.77248,42.91378587803722,18.193224,49.77468279004562
squeezed_Bình Phước,2016-03-01,29.694689,36.219536752497426,29.171894,35.87550118171159,27.812632,37.454949366533086,33.77248,36.59204980814178,18.193224,37.06976353819118,19.134253,34.72886536442926
squeezed_Bình Phước,2016-04-01,29.171894,36.219536752497426,27.812632,37.638698888977125,33.77248,35.8431029835589,18.193224,36.181110035741064,19.134253,30.863627036578528,15.892932,30.676169778589706
squeezed_Bình Phước,2016-05-01,27.812632,36.98210524414414,33.77248,32.610216020486,18.193224,35.05035576502395,19.134253,31.434714370523093,15.892932,28.128800473426693,15.683814,28.380191636083502
squeezed_Bình Phước,2016-06-01,33.77248,34.10796024507109,18.193224,30.026540130500077,19.134253,33.32346171671665,15.892932,28.28804612429623,15.683814,26.9223691255794,2.4048514,27.461464405575146
squeezed_Bình Phước,2016-07-01,18.193224,35.32176976346251,19.134253,32.867736191323104,15.892932,32.285889509099874,15.683814,29.45542693923437,2.4048514,27.866199712186116,8.019741,30.769181008010214
squeezed_Bình Phước,2016-08-01,19.134253,25.419606149395044,15.892932,24.268618679344918,15.683814,23.15365092230533,2.4048514,24.66682605063002,8.019741,26.607550352590174,8.945096,26.3672445723879
squeezed_Bình Phước,2016-09-01,15.892932,22.228652223391524,15.683814,22.325355462326346,2.4048514,18.87520290954416,8.019741,22.868801848649973,8.945096,23.93918018503879,21.488792,26.183738403702403
squeezed_Bình Phước,2016-10-01,15.683814,22.085279357174347,2.4048514,25.58053888252048,8.019741,22.22406177707365,8.945096,23.530032105765578,21.488792,26.578844120715583,10.8986225,25.131725648817216
squeezed_Bình Phước,2016-11-01,2.4048514,21.751061501551682,8.019741,25.48700507570599,8.945096,23.457175872217242,21.488792,24.37547012810692,10.8986225,24.375320917721382,11.618342,27.46242520843046
squeezed_Bình Phước,2016-12-01,8.019741,27.609929395108637,8.945096,13.108815355194524,21.488792,20.199373793304108,10.8986225,22.61232354317337,11.618342,25.104988286623428,13.571869,30.301115330873458
squeezed_Bình Phước,2017-01-01,8.945096,18.21690398871229,21.488792,19.073641451399094,10.8986225,24.885425804955013,11.618342,22.172629473920143,13.571869,33.34681829067849,12.852149,30.423812230701447
squeezed_Bình Phước,2017-02-01,21.488792,24.826122966433065,10.8986225,25.46473122658135,11.618342,28.194275830709184,13.571869,26.957321016116055,12.852149,33.73283936069921,8.019741,32.71656540200994
squeezed_Bình Phước,2017-03-01,10.8986225,27.431882853377665,11.618342,31.460726209886232,13.571869,28.599110065548665,12.852149,25.741124339439363,8.019741,28.59288454217496,7.8141065,30.180069766653517
squeezed_Bình Phước,2017-04-01,11.618342,23.724113098230802,13.571869,22.980761744573165,12.852149,20.27319420872668,8.019741,23.435033978606004,7.8141065,25.327770239774566,9.459182,24.35643529873985
squeezed_Bình Phước,2017-05-01,13.571869,21.442616747368806,12.852149,20.112777298142387,8.019741,22.730002975091132,7.8141065,20.604937894934615,9.459182,17.81262529555604,8.8422785,23.327708264047427
squeezed_Bình Phước,2017-06-01,12.852149,21.051899618520793,8.019741,29.862565399331558,7.8141065,20.61767321174427,9.459182,19.097990775271633,8.8422785,17.38438118219787,11.412708,33.53528549933536
squeezed_Bình Phước,2017-07-01,8.019741,39.80626825531134,7.8141065,23.951932651851543,9.459182,17.09280703440408,8.8422785,19.37665268046764,11.412708,38.05316218006335,7.7165194,37.57350569411548
squeezed_Bình Phước,2017-08-01,7.8141065,16.59311752736463,9.459182,14.705388995652605,8.8422785,15.388023355702328,11.412708,34.862435899546085,7.7165194,41.13693117122065,11.27018,33.379986698394326
squeezed_Bình Phước,2017-09-01,9.459182,15.436774083760517,8.8422785,18.587148383267277,11.412708,42.73043404931067,7.7165194,35.310336592235856,11.27018,43.99245649363083,13.910042,28.461821147003242
squeezed_Bình Phước,2017-10-01,8.8422785,19.772635663313576,11.412708,37.646529572399594,7.7165194,41.639966813863936,11.27018,40.15770339333342,13.910042,27.382201788349246,14.620773,37.83942760383105
squeezed_Bình Phước,2017-11-01,11.412708,31.20339511615093,7.7165194,45.82952486720036,11.27018,47.53178089886357,13.910042,26.612188359376837,14.620773,27.46403593229913,10.457914,37.168576650050916
squeezed_Bình Phước,2017-12-01,7.7165194,39.58427030540655,11.27018,33.55040730069589,13.910042,21.716710373800368,14.620773,40.802155656737334,10.457914,29.088593443444257,10.356381,30.827122352405247
squeezed_Bình Thuận,2016-01-01,42.52883,42.056381621565265,47.517788,38.19238837780437,49.15351,38.45372207723165,42.6924,42.248995834292366,60.685368,43.41517295244271,63.38431,42.61780704710094
squeezed_Bình Thuận,2016-02-01,47.517788,43.407895907246434,49.15351,44.572527903762385,42.6924,44.44933883774549,60.685368,45.096928651397384,63.38431,45.40911020890546,53.242825,44.48825018292557
squeezed_Bình Thuận,2016-03-01,49.15351,50.368094688987526,42.6924,49.530363338554864,60.685368,46.28107749781697,63.38431,47.48478699718148,53.242825,46.076809970908684,43.18312,43.313158345490656
squeezed_Bình Thuận,2016-04-01,42.6924,53.110986392327746,60.685368,50.13707703118932,63.38431,47.69109261187184,53.242825,43.800009810631174,43.18312,43.13338378754194,49.64423,41.64916102950339
squeezed_Bình Thuận,2016-05-01,60.685368,46.92159218563893,63.38431,45.818199488014294,53.242825,41.56377144879967,43.18312,40.237024624488996,49.64423,40.51392009450454,57.16856,38.92844685186048
squeezed_Bình Thuận,2016-06-01,63.38431,51.63178412063513,53.242825,48.96342669723947,43.18312,45.92827182391884,49.64423,45.37262970710168,57.16856,45.39423695359155,3.925738,43.47200942954743
squeezed_Bình Thuận,2016-07-01,53.242825,58.19206969699822,43.18312,52.43755381130528,49.64423,47.663453301655565,57.16856,47.816626521271495,3.925738,45.59920982057071,33.10119,43.33461502331219
squeezed_Bình Thuận,2016-08-01,43.18312,51.521918329416685,49.64423,50.27320593789544,57.16856,47.544408148517896,3.925738,46.65065482064968,33.10119,45.22336494327619,33.10119,42.27374935697614
squeezed_Bình Thuận,2016-09-01,49.64423,49.18697186294145,57.16856,46.40083707633068,3.925738,41.79450881952155,33.10119,43.67178108567029,33.10119,41.66579348456394,48.50471,42.436574186311894
squeezed_Bình Thuận,2016-10-01,57.16856,49.84448020189668,3.925738,47.07539713176551,33.10119,43.60436512269494,33.10119,44.38475240718026,48.50471,44.16515266579935,58.910282,45.06365602722962
squeezed_Bình Thuận,2016-11-01,3.925738,54.077493967193966,33.10119,50.64771344652153,33.10119,50.18319122943218,48.50471,48.99277653509644,58.910282,49.19725919661897,52.847195,51.79548613640258
squeezed_Bình Thuận,2016-12-01,33.10119,42.28006330339258,33.10119,35.50110816536341,48.50471,30.146122811399053,58.910282,37.86681099250481,52.847195,41.31340686726043,45.0635,42.409996924789816
squeezed_Bình Thuận,2017-01-01,33.10119,35.84434880637278,48.50471,33.28142556919261,58.910282,32.58795405454668,52.847195,34.99436549843681,45.0635,35.95724094386526,0.0,38.232419771783015
squeezed_Bình Thuận,2017-02-01,48.50471,40.833332889540465,58.910282,40.258360331493215,52.847195,39.31737214667557,45.0635,41.87445577772246,0.0,39.064997986050535,40.557148,40.18495181050522
squeezed_Bình Thuận,2017-03-01,58.910282,50.064842708763216,52.847195,47.81221144654233,45.0635,48.96066839065648,0.0,42.468757160751366,40.557148,35.633752130045785,38.836544,35.00780958432632
squeezed_Bình Thuận,2017-04-01,52.847195,57.05352302792283,45.0635,58.34375872769378,0.0,51.11467298812197,40.557148,48.49266570408532,38.836544,48.58158873153813,34.575993,43.97438906707756
squeezed_Bình Thuận,2017-05-01,45.0635,53.00109634554534,0.0,51.7516336142673,40.557148,48.625600539713794,38.836544,46.11437316833075,34.575993,43.98201568640017,48.42278,39.446337398424866
squeezed_Bình Thuận,2017-06-01,0.0,49.805132035968626,40.557148,47.79313338134031,38.836544,43.82079100424897,34.575993,45.34784842074543,48.42278,40.94513383603,0.0,42.29081423064984
squeezed_Bình Thuận,2017-07-01,40.557148,30.138131544704155,38.836544,30.85828820830486,34.575993,25.08062821176769,48.42278,31.92012004820164,0.0,46.85434425188327,55.650616,32.25102186617348
squeezed_Bình Thuận,2017-08-01,38.836544,35.823611440434135,34.575993,33.70009651793396,48.42278,27.215720323003467,0.0,40.74360949888534,55.650616,28.20154218279875,46.117493,28.14653142994434
squeezed_Bình Thuận,2017-09-01,34.575993,40.88482676567139,48.42278,38.432101760673675,0.0,50.630337595502894,55.650616,32.43129116906803,46.117493,32.231001891623556,43.673103,35.90297988943548
squeezed_Bình Thuận,2017-10-01,48.42278,39.276091050825634,0.0,41.82794674147413,55.650616,34.64666265065482,46.117493,35.76173925037779,43.673103,38.2388553080592,45.465656,32.47395032243734
squeezed_Bình Thuận,2017-11-01,0.0,45.381039164672046,55.650616,40.08757305893812,46.117493,41.066664114287,43.673103,41.73565814408662,45.465656,41.49354377851693,52.79883,43.03018254855435
squeezed_Bình Thuận,2017-12-01,55.650616,38.71528491802069,46.117493,27.89415987069115,43.673103,26.845162646499393,45.465656,28.116076943236006,52.79883,36.99740802455874,50.598877,35.69458886523176
squeezed_Bình Định,2016-01-01,13.905287,22.896651347463454,16.266562,21.110240190158375,18.82461,24.47714583520335,18.299883,26.417098076182455,19.742884,24.967352964739888,18.562246,25.548444864047166
squeezed_Bình Định,2016-02-01,16.266562,22.896651347463454,18.82461,25.03142023961206,18.299883,32.060080126436056,19.742884,26.10059694070489,18.562246,26.33375704559787,17.316017,28.17415274363955
squeezed_Bình Định,2016-03-01,18.82461,24.2771622681269,18.299883,25.694431536454132,19.742884,24.651885132377075,18.562246,26.3691324164783,17.316017,26.386478864782212,18.10311,34.554292136504735
squeezed_Bình Định,2016-04-01,18.299883,24.89066195193342,19.742884,25.309710167194805,18.562246,23.315707027123995,17.316017,24.478656535592847,18.10311,24.62408585808112,18.365473,45.37756325680388
squeezed_Bình Định,2016-05-01,19.742884,24.89066195193342,18.562246,26.322911708404778,17.316017,23.493438146431266,18.10311,27.67947840360003,18.365473,25.964599119448142,19.939657,33.20385690396205
squeezed_Bình Định,2016-06-01,18.562246,22.918283428854124,17.316017,22.829284664325453,18.10311,23.723760848372468,18.365473,33.23071140786159,19.939657,21.32583823750727,1.5085924,29.584359163122237
squeezed_Bình Định,2016-07-01,17.316017,22.344905839121367,18.10311,25.683123791189974,18.365473,24.465116434732714,19.939657,23.391526139345796,1.5085924,23.17656229248659,14.519056,29.08157636856454
squeezed_Bình Định,2016-08-01,18.10311,22.451190785741783,18.365473,21.521450242198327,19.939657,19.02394258421489,1.5085924,22.20061327190352,14.519056,33.33924294054103,11.494253,24.390264180033384
squeezed_Bình Định,2016-09-01,18.365473,23.91173079341508,19.939657,20.389155717052667,1.5085924,22.373542254448726,14.519056,29.69098948096981,11.494253,19.074288244844148,15.863413,23.324925298564693
squeezed_Bình Định,2016-10-01,19.939657,23.25157707666504,1.5085924,24.474498293858733,14.519056,50.609641012925316,11.494253,22.55331315713679,15.863413,26.753198624134377,11.561471,25.08517100327173
squeezed_Bình Định,2016-11-01,1.5085924,23.25157707666504,14.519056,41.44188481931761,11.494253,19.44714121628616,15.863413,24.324463427534443,11.561471,24.771964282975198,14.317403,26.30008930994367
squeezed_Bình Định,2016-12-01,14.519056,49.10428652684321,11.494253,13.022227091191123,15.863413,16.08895909394824,11.561471,19.04466266257724,14.317403,25.15214676480294,15.594542,29.405782839301907
squeezed_Bình Định,2017-01-01,11.494253,21.669751126927984,15.863413,21.743483970199318,11.561471,22.700359929613285,14.317403,20.44924307491489,15.594542,25.205629692412188,13.645225,25.846631759108217
squeezed_Bình Định,2017-02-01,15.863413,21.767214936808077,11.561471,26.009366671389042,14.317403,24.284571725399918,15.594542,28.676527638050917,13.645225,26.2614172531214,18.417692,28.259827664120465
squeezed_Bình Định,2017-03-01,11.561471,23.846360536234076,14.317403,29.43005556942721,15.594542,26.37483680086752,13.645225,25.840950332992303,18.417692,24.95115761716468,12.233649,28.646413275968285
squeezed_Bình Định,2017-04-01,14.317403,22.668143486290244,15.594542,25.101731744565726,13.645225,26.77472266246818,18.417692,23.912450083282792,12.233649,22.538051551679207,11.023728,26.06397886308789
squeezed_Bình Định,2017-05-01,15.594542,26.54948511882499,13.645225,26.200398006903253,18.417692,22.844220456912183,12.233649,22.141334210121663,11.023728,21.066938306830135,11.830342,29.50996349423416
squeezed_Bình Định,2017-06-01,13.645225,22.300469026177193,18.417692,24.29522551491707,12.233649,22.896101794822087,11.023728,24.2448115813598,11.830342,21.326043353296665,9.544935,32.95598097326599
squeezed_Bình Định,2017-07-01,18.417692,20.524618653903133,12.233649,22.7831388364732,11.023728,19.97691113579168,11.830342,23.633787366979778,9.544935,40.284522743806285,9.208227,24.67812613321185
squeezed_Bình Định,2017-08-01,12.233649,22.344905839121367,11.023728,21.3009043653978,11.830342,19.687757261370216,9.544935,37.31364837750968,9.208227,20.117301369449798,10.619707,26.679090583981672
squeezed_Bình Định,2017-09-01,11.023728,19.57183639802151,11.830342,20.538309051181468,9.544935,48.309202471784005,9.208227,22.010744110992974,10.619707,22.216534599665838,15.996774,22.959790704767723
squeezed_Bình Định,2017-10-01,11.830342,19.57183639802151,9.544935,38.201175981904946,9.208227,23.76930298995793,10.619707,34.99101465941683,15.996774,26.702670646987748,11.829547,29.147495846956662
squeezed_Bình Định,2017-11-01,9.544935,30.73167947050899,9.208227,19.74595658224972,10.619707,20.63015589726174,15.996774,22.334617690248475,11.829547,23.4456377011116,12.7033205,25.762938839509417
squeezed_Bình Định,2017-12-01,9.208227,28.552624348408933,10.619707,30.361415863007192,15.996774,21.59716281292297,11.829547,36.29936483483856,12.7033205,26.3980896351293,12.7033205,26.055958543084476
squeezed_Bạc Liêu,2016-01-01,35.88355,36.80731128756399,20.311441,36.87781476655296,21.665539,33.71558730983444,26.292034,36.08208335858104,22.342587,36.39652156058969,22.68111,36.28087147133956
squeezed_Bạc Liêu,2016-02-01,20.311441,39.805532799550896,21.665539,39.03414904332332,26.292034,39.015654849325564,22.342587,37.38064021543601,22.68111,36.434552755841,23.019634,54.60043917819701
squeezed_Bạc Liêu,2016-03-01,21.665539,28.292034809412396,26.292034,31.278161801296523,22.342587,28.106765003814154,22.68111,32.40667234175369,23.019634,34.72875864491999,14.782216,30.341518094421012
squeezed_Bạc Liêu,2016-04-01,26.292034,28.43265649006332,22.342587,30.22132391703078,22.68111,24.409854985062346,23.019634,30.387409356942694,14.782216,27.465018330927464,13.202437,24.88632716408435
squeezed_Bạc Liêu,2016-05-01,22.342587,31.528325748703157,22.68111,30.334397869514433,23.019634,31.58269248247994,14.782216,29.834954631112772,13.202437,24.115402781182343,14.330851,24.902822601469914
squeezed_Bạc Liêu,2016-06-01,22.68111,25.873863193806937,23.019634,27.2472530608313,14.782216,22.709756984127132,13.202437,20.79034573761951,14.330851,22.054600724078956,14.330851,24.092882199861155
squeezed_Bạc Liêu,2016-07-01,23.019634,25.894445685668632,14.782216,26.18474520212943,13.202437,21.09431585722516,14.330851,20.638873221880356,14.330851,23.559685774780156,25.732428,25.022926409191925
squeezed_Bạc Liêu,2016-08-01,14.782216,25.416724826581174,13.202437,26.020576064938616,14.330851,20.887742712580824,14.330851,20.969531056807558,25.732428,23.356060729829853,11.250975,25.13160052003797
squeezed_Bạc Liêu,2016-09-01,13.202437,22.441779134637162,14.330851,21.100859204582036,14.330851,19.107110794542425,25.732428,21.081175247456788,11.250975,22.741853897456412,11.3623705,24.599437188961925
squeezed_Bạc Liêu,2016-10-01,14.330851,22.054414067603602,14.330851,21.589748571273095,25.732428,22.467854954168427,11.250975,24.093895338003026,11.3623705,24.410321259659398,14.927035,24.66718655754149
squeezed_Bạc Liêu,2016-11-01,14.330851,21.372198891558295,25.732428,20.464273655449595,11.250975,21.654080989244388,11.3623705,25.53252718741969,14.927035,24.92412840170283,13.590286,24.663493474065838
squeezed_Bạc Liêu,2016-12-01,25.732428,29.447574216852754,11.250975,20.40926450641537,11.3623705,24.223770777350364,14.927035,25.21856058079328,13.590286,25.55936445124159,13.256099,26.539831280567522
squeezed_Bạc Liêu,2017-01-01,11.250975,29.581536376185156,11.3623705,30.75526610241074,14.927035,28.85645248375043,13.590286,30.7871808170119,13.256099,28.660215322852448,7.5749135,27.630999023133686
squeezed_Bạc Liêu,2017-02-01,11.3623705,23.344597252924626,14.927035,25.51043943368847,13.590286,24.959635441240568,13.256099,28.2404462391362,7.5749135,29.11367080969291,8.243288,26.67770407622565
squeezed_Bạc Liêu,2017-03-01,14.927035,22.074217744553696,13.590286,25.22821163425836,13.256099,23.68966880611097,7.5749135,25.430854699849334,8.243288,22.919346595927852,9.023059,24.482029503478298
squeezed_Bạc Liêu,2017-04-01,13.590286,23.673780972798415,13.256099,25.159381775172275,7.5749135,22.31109074178651,8.243288,22.33585766580279,9.023059,21.8628855968048,10.248413,22.0193924269751
squeezed_Bạc Liêu,2017-05-01,13.256099,22.074217744553696,7.5749135,21.341419880141984,8.243288,19.781778824881417,9.023059,21.801816582033368,10.248413,19.478169370200472,9.580038,21.225687229800194
squeezed_Bạc Liêu,2017-06-01,7.5749135,19.69475690962461,8.243288,19.420280802410105,9.023059,18.454520530800266,10.248413,20.1346367630531,9.580038,18.336517096418444,14.03587,20.882622944406773
squeezed_Bạc Liêu,2017-07-01,8.243288,14.966647266171176,9.023059,13.628838889526165,10.248413,15.469625753195846,9.580038,18.96498727857669,14.03587,18.026576039655605,15.393134,22.115075582494008
squeezed_Bạc Liêu,2017-08-01,9.023059,15.235974818468451,10.248413,13.406199777082215,9.580038,14.521714701352758,14.03587,17.783701165970957,15.393134,18.975342319047368,12.956811,26.71311473786905
squeezed_Bạc Liêu,2017-09-01,10.248413,19.772635663313576,9.580038,20.616635153119546,14.03587,19.777018614573695,15.393134,20.23391209037334,12.956811,20.38442022167668,13.178294,28.963695991153294
squeezed_Bạc Liêu,2017-10-01,9.580038,19.772635663313576,14.03587,20.50315602883218,15.393134,20.068830900907876,12.956811,36.350063964744145,13.178294,26.887085275021338,14.285714,24.60886986629444
squeezed_Bạc Liêu,2017-11-01,14.03587,19.772635663313576,15.393134,20.101301824332335,12.956811,21.858603160714946,13.178294,37.34395423611831,14.285714,26.88868216719687,15.614618,26.405429537339632
squeezed_Bạc Liêu,2017-12-01,15.393134,29.447574216852754,12.956811,34.190162186735705,13.178294,21.492978416797992,14.285714,24.63588085224768,15.614618,25.601815937902302,13.067553,26.24753416396543
squeezed_Bắc Giang,2016-01-01,19.425676,25.09708469836817,27.630308,32.15169625617841,26.30309,28.795926532032794,20.209942,29.507418572971776,22.62307,30.8118708625531,20.149614,38.53913075349602
squeezed_Bắc Giang,2016-02-01,27.630308,23.989733402451254,26.30309,28.342460046037516,20.209942,26.89111575787432,22.62307,35.681197400035444,20.149614,28.61610066179125,23.527992,30.379069369014584
squeezed_Bắc Giang,2016-03-01,26.30309,34.929453164808905,20.209942,32.197814688502724,22.62307,32.18626755565083,20.149614,35.7268245624581,23.527992,31.004729932457558,25.337837,30.601086145625988
squeezed_Bắc Giang,2016-04-01,20.209942,31.752844434038256,22.62307,32.237130401045064,20.149614,30.80090413737677,23.527992,27.41267303248476,25.337837,24.734428369847578,27.449324,25.649131533515956
squeezed_Bắc Giang,2016-05-01,22.62307,25.136313986674974,20.149614,25.55570300792886,23.527992,22.5268112289075,25.337837,21.809260667137217,27.449324,23.935879466958394,26.544401,22.657936773605204
squeezed_Bắc Giang,2016-06-01,20.149614,24.36998559100124,23.527992,25.51855723671032,25.337837,21.370113165812143,27.449324,21.649110352861438,26.544401,22.815397520969046,8.506274,22.496459835813422
squeezed_Bắc Giang,2016-07-01,23.527992,23.164813876139785,25.337837,23.5908428425631,27.449324,19.32573696411238,26.544401,21.021681844422687,8.506274,20.562211131445405,21.130816,23.175821293129793
squeezed_Bắc Giang,2016-08-01,25.337837,24.582432264026952,27.449324,25.356068716297386,26.544401,21.239503100348827,8.506274,22.32433777157002,21.130816,20.46215840091445,19.173193,23.709435971322748
squeezed_Bắc Giang,2016-09-01,27.449324,28.756616849873698,26.544401,27.028171734274125,8.506274,22.698789785597683,21.130816,24.17343609002293,19.173193,18.152870928208973,23.779364,23.877863164192117
squeezed_Bắc Giang,2016-10-01,26.544401,33.2036050890153,8.506274,28.237407488440976,21.130816,27.25747979285512,19.173193,25.446444637858182,23.779364,27.495353635771956,33.97052,22.886273923952338
squeezed_Bắc Giang,2016-11-01,8.506274,29.307808082414102,21.130816,30.397877628443652,19.173193,28.648181244030486,23.779364,28.31363062048491,33.97052,29.455511012840866,23.549055,24.573667954314548
squeezed_Bắc Giang,2016-12-01,21.130816,26.65484634391949,19.173193,16.31618172192203,23.779364,11.92211112114598,33.97052,23.797947203157214,23.549055,24.928226372058106,21.994473,26.01654398957074
squeezed_Bắc Giang,2017-01-01,19.173193,27.018773978227603,23.779364,29.910363928011243,33.97052,18.912348585948894,23.549055,26.19434845142954,21.994473,26.46801972890285,26.31276,22.10851790835777
squeezed_Bắc Giang,2017-02-01,23.779364,26.161041460304347,33.97052,26.56355262434499,23.549055,25.127827914476935,21.994473,28.125713815651025,26.31276,26.88041559117035,24.815754,26.023996134291266
squeezed_Bắc Giang,2017-03-01,33.97052,27.578659848191506,23.549055,30.444313908500067,21.994473,26.67415887187769,26.31276,28.180164616502303,24.815754,22.454505996404468,25.90972,24.4546404973159
squeezed_Bắc Giang,2017-04-01,23.549055,38.093244896721885,21.994473,37.399583053991904,26.31276,31.1177448140724,24.815754,28.842346066987417,25.90972,26.409852267932802,27.752188,27.463324337217774
squeezed_Bắc Giang,2017-05-01,21.994473,30.980032705670506,26.31276,30.905183288888757,24.815754,27.134871394584952,25.90972,24.878275839272693,27.752188,25.4087060850698,28.155228,23.859382157848906
squeezed_Bắc Giang,2017-06-01,26.31276,25.640365099372165,24.815754,26.527952287187944,25.90972,21.7410811404732,27.752188,22.926736335266494,28.155228,24.042879175914162,30.57347,35.37656348503417
squeezed_Bắc Giang,2017-07-01,24.815754,28.756616849873698,25.90972,27.028171734274125,27.752188,22.82657180420845,28.155228,25.64111205574655,30.57347,38.410973019843496,24.697609,28.56192746414366
squeezed_Bắc Giang,2017-08-01,25.90972,28.756616849873698,27.752188,26.71651042654432,28.155228,22.250372229616588,30.57347,31.938364352948216,24.697609,25.069284674275544,20.534458,25.593231440707047
squeezed_Bắc Giang,2017-09-01,27.752188,29.090834705496363,28.155228,27.028171734274125,30.57347,31.99695650308519,24.697609,25.22966126324798,20.534458,24.479637680548883,18.734177,26.60287964715245
squeezed_Bắc Giang,2017-10-01,28.155228,33.2036050890153,30.57347,37.0630736007568,24.697609,27.25323462642109,20.534458,29.409691126338487,18.734177,30.63899105948857,17.215189,27.454945445915953
squeezed_Bắc Giang,2017-11-01,30.57347,35.57428920639754,24.697609,32.01457103401647,20.534458,32.06328072886163,18.734177,32.67979701736635,17.215189,34.95481271969757,19.409283,31.07089998060977
squeezed_Bắc Giang,2017-12-01,24.697609,34.214378522464806,20.534458,35.34277271061421,18.734177,35.474286202090354,17.215189,36.14392520777633,19.409283,34.776630931471374,18.396624,33.506242362646866
squeezed_Bắc Kạn,2016-01-01,34.482758,59.06867641242715,50.47022,66.54463951574098,55.485893,65.7686765935314,51.09718,61.212319648661285,51.09718,62.0989646075675,35.4232,59.79039499575424
squeezed_Bắc Kạn,2016-02-01,50.47022,51.51752908008575,55.485893,52.82146548420099,51.09718,64.57659339497452,51.09718,57.448849510958375,35.4232,62.001908004417864,26.332289,60.52546166336257
squeezed_Bắc Kạn,2016-03-01,55.485893,56.02785712337947,51.09718,54.78540646255906,51.09718,64.48755864738911,35.4232,60.36747180373508,26.332289,60.5836094627444,27.899687,59.208579051903406
squeezed_Bắc Kạn,2016-04-01,51.09718,59.52868859915898,51.09718,55.22697992463302,35.4232,62.04037705644217,26.332289,49.426157985439445,27.899687,51.368071298366225,37.304073,49.00178315646889
squeezed_Bắc Kạn,2016-05-01,51.09718,52.543933576313464,35.4232,53.002921393130215,26.332289,51.32910866243568,27.899687,44.9748475780986,37.304073,46.22748661690302,42.63323,46.964154496177045
squeezed_Bắc Kạn,2016-06-01,35.4232,52.64065392464649,26.332289,51.164706173635864,27.899687,48.448218161913026,37.304073,46.79999795031463,42.63323,46.29406804109244,38.557995,43.75956567229445
squeezed_Bắc Kạn,2016-07-01,26.332289,45.82991499850166,27.899687,44.19734416167141,37.304073,44.8475794657616,42.63323,41.26940489553962,38.557995,41.8188588905443,38.076797,39.73252136257344
squeezed_Bắc Kạn,2016-08-01,27.899687,36.137625297750425,37.304073,32.4371424397829,42.63323,33.31069075880937,38.557995,35.67323180134517,38.076797,35.32871850280241,42.91707,44.92800120436808
squeezed_Bắc Kạn,2016-09-01,37.304073,37.28671805152922,42.63323,29.534800980654154,38.557995,31.197529848036908,38.076797,35.6241626124914,42.91707,38.623063354572544,46.466602,40.991504572630895
squeezed_Bắc Kạn,2016-10-01,42.63323,36.46976330719248,38.557995,38.55902827915542,38.076797,37.38133160521762,42.91707,39.920526144885805,46.466602,40.42857340401913,34.204582,39.48724830092918
squeezed_Bắc Kạn,2016-11-01,38.557995,42.07269511141186,38.076797,41.72512928014005,42.91707,42.89099868576877,46.466602,44.07042267285257,34.204582,43.588306615734055,41.303646,48.40700242520353
squeezed_Bắc Kạn,2016-12-01,38.076797,42.42244621529881,42.91707,42.926514953609555,46.466602,38.65958304152985,34.204582,40.99251518138357,41.303646,42.48483496656177,36.78606,41.12959252093958
squeezed_Bắc Kạn,2017-01-01,42.91707,44.30754974828765,46.466602,41.19543856320198,34.204582,44.40162816261309,41.303646,43.36625405489232,36.78606,47.95734656023382,49.370766,36.15532283624418
squeezed_Bắc Kạn,2017-02-01,46.466602,44.10316837897095,34.204582,45.40304631867605,41.303646,53.98918046454764,36.78606,47.95386976202448,49.370766,48.998463530952286,50.984188,45.58719725120495
squeezed_Bắc Kạn,2017-03-01,34.204582,49.19369846850019,41.303646,48.64625035437671,36.78606,48.86366108055919,49.370766,47.71767043781086,50.984188,43.15669243765636,42.594387,37.94473947404823
squeezed_Bắc Kạn,2017-04-01,41.303646,42.906475630458026,36.78606,40.50799329043263,49.370766,40.43818343178159,50.984188,39.32372372060742,42.594387,42.589551323973105,47.111973,43.0140949162805
squeezed_Bắc Kạn,2017-05-01,36.78606,42.96349383901131,49.370766,40.23794439785295,50.984188,37.901648230870876,42.594387,37.76658378346013,47.111973,40.02984068721708,57.43788,43.19213592786288
squeezed_Bắc Kạn,2017-06-01,49.370766,40.228247155792566,50.984188,38.38105514108332,42.594387,38.19448843322294,47.111973,36.55195916977079,57.43788,41.18233226983285,0.0,43.31442312551078
squeezed_Bắc Kạn,2017-07-01,50.984188,45.16699313826482,42.594387,41.68699411180164,47.111973,42.508633620498955,57.43788,40.700248263643,0.0,40.71777307105648,34.294872,42.663436369746194
squeezed_Bắc Kạn,2017-08-01,42.594387,48.65052486923434,47.111973,47.6696742170592,57.43788,47.08423274365487,0.0,41.656444462375426,34.294872,45.029119632102926,25.320513,43.81198690108435
squeezed_Bắc Kạn,2017-09-01,47.111973,44.0747929822454,57.43788,44.358041543508435,0.0,40.55412225147237,34.294872,41.95774576180835,25.320513,45.15452213174133,50.0,46.45380220493245
squeezed_Bắc Kạn,2017-10-01,57.43788,47.76715786107531,0.0,45.177494758415094,34.294872,41.063100188228304,25.320513,49.064883136089854,50.0,47.337675989010286,38.141026,54.23733532689391
squeezed_Bắc Kạn,2017-11-01,0.0,52.93121913188101,34.294872,51.670906820203605,25.320513,55.11701210799478,50.0,56.41891375554576,38.141026,59.50194726894241,45.192307,63.53956127224551
squeezed_Bắc Kạn,2017-12-01,34.294872,47.39981908326075,25.320513,41.36528219952118,50.0,33.48173375254583,38.141026,34.845760045422494,45.192307,32.58087113209464,32.371796,42.58001861608329
squeezed_Cao Bằng,2016-01-01,119.2903,136.74235143146413,140.05286,138.29868344514904,140.6191,156.3726256741505,166.10042,154.39379801145657,152.69913,167.53872641895273,174.40544,162.70780336885088
squeezed_Cao Bằng,2016-02-01,140.05286,131.18652913219745,140.6191,143.21793278198743,166.10042,172.5750877371212,152.69913,174.87187092959073,174.40544,169.89419813234554,158.36165,163.7314939569917
squeezed_Cao Bằng,2016-03-01,140.6191,140.15610720223634,166.10042,154.4333505953166,152.69913,173.03264004132842,174.40544,172.777013329495,158.36165,185.54510355714345,156.28539,166.95231938861957
squeezed_Cao Bằng,2016-04-01,166.10042,144.18958265083197,152.69913,172.04482469562933,174.40544,167.99337417824378,158.36165,166.80648748015713,156.28539,168.27367503359056,175.53793,135.05218463067334
squeezed_Cao Bằng,2016-05-01,152.69913,167.63162442722808,174.40544,170.97804295674183,158.36165,173.85900291204857,156.28539,156.85717247688407,175.53793,143.20481995666248,167.98792,140.19731299647447
squeezed_Cao Bằng,2016-06-01,174.40544,170.74768203743153,158.36165,153.62590304442182,156.28539,146.86587466070927,175.53793,140.67821119543896,167.98792,137.97184894157692,163.26917,145.95974708531236
squeezed_Cao Bằng,2016-07-01,158.36165,161.05553257807603,156.28539,158.87132108272104,175.53793,144.16293492134665,167.98792,138.21603192621205,163.26917,147.2479666336556,139.43768,131.2532322551785
squeezed_Cao Bằng,2016-08-01,156.28539,150.27532465081833,175.53793,141.56644445493623,167.98792,139.45870453254386,163.26917,139.07902855848394,139.43768,145.44210225281756,144.18694,120.41464057686433
squeezed_Cao Bằng,2016-09-01,175.53793,146.2684236059022,167.98792,141.10739200573067,163.26917,139.17264425517928,139.43768,117.03260993582126,144.18694,112.52486677464967,149.12614,121.67650492498504
squeezed_Cao Bằng,2016-10-01,167.98792,144.77637490369224,163.26917,149.97122659429115,139.43768,131.88091687585896,144.18694,126.44526111737194,149.12614,121.996118327804,152.5456,142.64507792585388
squeezed_Cao Bằng,2016-11-01,163.26917,149.68989647062259,139.43768,143.64365128046688,144.18694,124.98294497940446,149.12614,123.9663694189954,152.5456,134.28343340217046,0.0,163.68599701239202
squeezed_Cao Bằng,2016-12-01,139.43768,136.61457329789607,144.18694,135.05947959716596,149.12614,131.18287005829038,152.5456,138.69216096825858,0.0,160.5451575538827,143.99696,164.4670176166176
squeezed_Cao Bằng,2017-01-01,144.18694,146.11852041839538,149.12614,139.460021799426,152.5456,144.40916536368596,0.0,157.5339331741131,143.99696,165.55129283542112,130.12918,155.09645820802268
squeezed_Cao Bằng,2017-02-01,149.12614,137.44618990148112,152.5456,144.35559295892244,0.0,154.48284492727183,143.99696,160.55287509361355,130.12918,172.86601182367133,147.79636,161.0134109580041
squeezed_Cao Bằng,2017-03-01,152.5456,142.62635992683565,0.0,151.988501539068,143.99696,152.59203909521858,130.12918,161.40525702507287,147.79636,159.64433001715975,125.56991,135.92888234163755
squeezed_Cao Bằng,2017-04-01,0.0,147.87299611772707,143.99696,169.52573900865994,130.12918,158.29569863410975,147.79636,160.4965566874546,125.56991,154.20184462272317,0.0,142.8598057657418
squeezed_Cao Bằng,2017-05-01,143.99696,88.23909130282023,130.12918,63.72152898615888,147.79636,41.7949806405497,125.56991,57.24718682747584,0.0,50.37456653889234,111.13222,61.72762072441342
squeezed_Cao Bằng,2017-06-01,130.12918,134.93802239597247,147.79636,132.91361955155395,125.56991,113.99759326360628,0.0,103.1530047793078,111.13222,110.84019128935465,100.87386,110.15797583850568
squeezed_Cao Bằng,2017-07-01,147.79636,126.19125473197539,125.56991,123.11060556133184,0.0,103.9048520666058,111.13222,110.96476155715943,100.87386,105.03023449573884,105.54189,99.99253906186884
squeezed_Cao Bằng,2017-08-01,125.56991,130.26100257908365,0.0,113.84461183711352,111.13222,105.20987669277251,100.87386,104.05409519422489,105.54189,103.59775845142096,91.356155,94.94420298896992
squeezed_Cao Bằng,2017-09-01,0.0,122.55953551146048,111.13222,116.44725381076488,100.87386,107.4920909706647,105.54189,102.58623872576963,91.356155,105.85614715259683,0.0,106.61886433610623
squeezed_Cao Bằng,2017-10-01,111.13222,50.73423798300902,100.87386,55.046773468176305,105.54189,50.758803725282306,91.356155,40.18836514609015,0.0,36.03550345125709,99.48931,39.684434114555664
squeezed_Cao Bằng,2017-11-01,100.87386,113.16437421805544,105.54189,95.96688860732766,91.356155,90.9477937982028,0.0,93.60406663774272,99.48931,102.82031849171804,110.27048,111.05621936215937
squeezed_Cao Bằng,2017-12-01,105.54189,88.5788023929968,91.356155,91.6398618144152,0.0,102.22847665746846,99.48931,105.97090143990881,110.27048,116.9990945631789,102.13732,105.60658960390681
squeezed_Cà Mau,2016-01-01,30.426958,31.652124672850363,32.14461,34.466587747810095,25.437592,31.82099054060203,27.809586,33.41548714040299,20.938982,39.059456093714005,29.03648,30.560797952909542
squeezed_Cà Mau,2016-02-01,32.14461,35.975313987844736,25.437592,35.40152428889409,27.809586,31.893995646149296,20.938982,35.6201371502134,29.03648,34.240475577002606,30.672338,34.22082527896175
squeezed_Cà Mau,2016-03-01,25.437592,37.6705995403986,27.809586,38.087215017428484,20.938982,44.23109546129694,29.03648,41.94485166665847,30.672338,30.90505822260647,28.954687,28.48118908388059
squeezed_Cà Mau,2016-04-01,27.809586,32.7901565734025,20.938982,34.410018950167085,29.03648,31.695819264818525,30.672338,32.45348459203599,28.954687,27.69004087209602,26.828072,27.925588409248356
squeezed_Cà Mau,2016-05-01,20.938982,35.975313987844736,29.03648,30.670748854106208,30.672338,31.592175120667303,28.954687,30.236877915574436,26.828072,26.90457599038013,25.274006,27.21187477653693
squeezed_Cà Mau,2016-06-01,29.03648,23.287734387742884,30.672338,26.20462716837703,28.954687,24.854601965683873,26.828072,23.759644473279934,25.274006,24.487819103260485,25.274006,25.077548259693483
squeezed_Cà Mau,2016-07-01,30.672338,33.53782294463796,28.954687,26.54140124567615,26.828072,25.054898807754913,25.274006,25.67903378801161,25.274006,25.576330957996106,18.629908,23.33224368355777
squeezed_Cà Mau,2016-08-01,28.954687,33.53782294463796,26.828072,32.07491655452906,25.274006,29.596825521561193,25.274006,27.122630971844597,18.629908,26.776921460894805,15.121136,24.639986918473205
squeezed_Cà Mau,2016-09-01,26.828072,34.066893341849905,25.274006,30.20363381089988,25.274006,28.584461950230374,18.629908,27.73718905707657,15.121136,28.125948138971864,19.632414,26.65343591119448
squeezed_Cà Mau,2016-10-01,25.274006,33.2036050890153,25.274006,33.55491906269056,18.629908,31.330139654163407,15.121136,30.725570558238545,19.632414,31.364904396425178,8.688388,29.086155320347824
squeezed_Cà Mau,2016-11-01,25.274006,28.756616849873698,18.629908,30.06086040521573,15.121136,29.365724882167093,19.632414,33.77733264191234,8.688388,30.748447668654453,13.533834,27.518665404119467
squeezed_Cà Mau,2016-12-01,18.629908,31.987364859677957,15.121136,27.916577629414146,19.632414,30.5765918632998,8.688388,32.356362465021476,13.533834,30.69319541474694,22.13868,29.26175933235143
squeezed_Cà Mau,2017-01-01,15.121136,25.159393149634287,19.632414,26.469699106823732,8.688388,26.286168228945073,13.533834,29.311650552448537,22.13868,32.25056987716559,19.13116,28.42083880969491
squeezed_Cà Mau,2017-02-01,19.632414,24.522770400381145,8.688388,25.194653965695803,13.533834,23.223503815425527,22.13868,27.469905265572287,19.13116,28.03599144165908,17.794487,26.636720766047432
squeezed_Cà Mau,2017-03-01,8.688388,24.666143266598322,13.533834,26.356152862919206,22.13868,22.95393421217708,19.13116,25.54694019073801,17.794487,22.433720861839618,22.723475,25.186586719744678
squeezed_Cà Mau,2017-04-01,13.533834,17.73835616500063,22.13868,18.502133735318168,19.13116,20.048541488172262,17.794487,22.24137228433798,22.723475,22.211104750369447,17.710943,24.65710192414764
squeezed_Cà Mau,2017-05-01,22.13868,21.623760666424037,19.13116,21.01314721564583,17.794487,19.629582995096033,22.723475,21.16839768781641,17.710943,19.15114728752801,18.546366,24.575976358512573
squeezed_Cà Mau,2017-06-01,19.13116,24.269265829813346,17.794487,25.6948758053429,22.723475,19.86692694816891,17.710943,20.69617814573721,18.546366,18.967109775916022,20.802006,22.63684893351572
squeezed_Cà Mau,2017-07-01,17.794487,23.164813876139785,22.723475,23.647685378140558,17.710943,19.20104640260636,18.546366,20.38249225250083,20.802006,20.90282653785444,18.819002,23.082806719093895
squeezed_Cà Mau,2017-08-01,22.723475,21.550262236259616,17.710943,20.80070192207326,18.546366,18.70731314763237,20.802006,19.660699225672325,18.819002,20.799563607666748,17.313482,22.21435005305085
squeezed_Cà Mau,2017-09-01,17.710943,24.146345318210248,18.546366,27.377344895338837,20.802006,19.94560689564514,18.819002,19.76418746620963,17.313482,19.9194128359905,17.313482,25.20034506513128
squeezed_Cà Mau,2017-10-01,18.546366,23.021441009922608,20.802006,22.271797566033253,18.819002,22.11749620414615,17.313482,23.736562470237065,17.313482,25.813515443792408,14.971562,36.05231262860296
squeezed_Cà Mau,2017-11-01,20.802006,21.89443436776886,18.819002,22.007937303524873,17.313482,20.814381368610242,17.313482,23.98321571027887,14.971562,45.11034953981409,18.400803,31.85918549279842
squeezed_Cà Mau,2017-12-01,18.819002,29.185994666865483,17.313482,25.692416140105355,17.313482,22.38535305044246,14.971562,41.51022429085337,18.400803,30.27018710007614,15.807962,31.42451960578172
squeezed_Cần Thơ,2016-01-01,11.368154,34.40582131458876,5.087845,37.40417964964536,3.736386,34.408968267754084,4.292869,35.81361952834162,7.154782,44.490944642085765,7.7112646,41.00170190595059
squeezed_Cần Thơ,2016-02-01,5.087845,22.80905119436697,3.736386,24.72078698331647,4.292869,26.485899066013324,7.154782,31.13899541095508,7.7112646,33.78917196301208,5.087845,41.226105151228076
squeezed_Cần Thơ,2016-03-01,3.736386,17.870598454667668,4.292869,18.252585660241518,7.154782,27.646508042840033,7.7112646,29.19444901388213,5.087845,23.250488213566413,5.803323,26.287289301661428
squeezed_Cần Thơ,2016-04-01,4.292869,15.571856356107041,7.154782,15.080729504302028,7.7112646,17.135136496386263,5.087845,22.894737897002344,5.803323,21.091515227204766,6.121313,23.462418009740762
squeezed_Cần Thơ,2016-05-01,7.154782,13.38622470448781,7.7112646,11.63384858915513,5.087845,12.87348857392463,5.803323,19.007519677311087,6.121313,21.598014430378058,2.4644248,21.428404601361127
squeezed_Cần Thơ,2016-06-01,7.7112646,14.217679654188707,5.087845,13.42313899287672,5.803323,17.542074138205066,6.121313,16.946750503647223,2.4644248,19.486294383636327,2.4644248,20.684523743182943
squeezed_Cần Thơ,2016-07-01,5.087845,15.090446190318382,5.803323,13.196472948640068,6.121313,14.512653848411713,2.4644248,17.903577137846803,2.4644248,17.805337607117128,53.337696,33.59550065371329
squeezed_Cần Thơ,2016-08-01,5.803323,14.905581680392459,6.121313,12.323385157577572,2.4644248,14.184019321988895,2.4644248,18.060713969854476,53.337696,38.41973341114932,50.310863,31.880648499787196
squeezed_Cần Thơ,2016-09-01,6.121313,13.910164792963176,2.4644248,12.323385157577572,2.4644248,13.871268820284476,53.337696,30.63559782357684,50.310863,23.814621905266087,51.537956,34.70290217744957
squeezed_Cần Thơ,2016-10-01,2.4644248,14.380291610552518,2.4644248,12.323385157577572,53.337696,35.199288261663334,50.310863,36.98267747076968,51.537956,47.958375302905296,56.77356,41.68985198612186
squeezed_Cần Thơ,2016-11-01,2.4644248,16.868777529082575,53.337696,35.24303595670269,50.310863,25.0132245233275,51.537956,41.09193173777336,56.77356,46.77678180517754,52.274216,42.74516972980222
squeezed_Cần Thơ,2016-12-01,53.337696,34.80880433148004,50.310863,25.864077624384603,51.537956,62.5150565126578,56.77356,43.06662883569071,52.274216,49.3439230375308,54.07395,42.34641576054139
squeezed_Cần Thơ,2017-01-01,50.310863,45.55128583853557,51.537956,49.31074902722939,56.77356,64.50541753136568,52.274216,52.667247920495754,54.07395,54.829908693772786,57.837044,51.19192395721622
squeezed_Cần Thơ,2017-02-01,51.537956,53.860826149288386,56.77356,52.26265759425272,52.274216,67.21826709291676,54.07395,44.81171745412958,57.837044,57.84968233873077,53.828533,51.956497700156746
squeezed_Cần Thơ,2017-03-01,56.77356,53.026253029828126,52.274216,55.33249399346237,54.07395,60.44005719099445,57.837044,51.563303111291546,53.828533,50.8418688729617,41.884815,47.03719641707063
squeezed_Cần Thơ,2017-04-01,52.274216,57.29852057320108,54.07395,56.77564182298776,57.837044,57.9108619865136,53.828533,49.73855820688883,41.884815,51.29757433876391,52.028797,45.10909625735544
squeezed_Cần Thơ,2017-05-01,54.07395,54.927608535012865,57.837044,51.48637273260723,53.828533,57.30824781286974,41.884815,47.49231790726396,52.028797,50.65605579675385,43.35733,45.286675066796
squeezed_Cần Thơ,2017-06-01,57.837044,51.43395468894643,53.828533,48.80879592598979,41.884815,49.63496462592489,52.028797,46.80780683783061,43.35733,49.68028132715795,50.474476,43.3754661648984
squeezed_Cần Thơ,2017-07-01,53.828533,54.434163878447414,41.884815,49.93713752472966,52.028797,52.09351907140625,43.35733,47.83987952462883,50.474476,50.825693219375474,6.8420625,45.41755222376043
squeezed_Cần Thơ,2017-08-01,41.884815,52.41778390148705,52.028797,48.46407409041116,43.35733,52.028349751535266,50.474476,47.24255082079028,6.8420625,46.674438230591754,2.036328,45.02736852622593
squeezed_Cần Thơ,2017-09-01,52.028797,47.000464281972775,43.35733,47.882552403841416,50.474476,43.10469299236197,6.8420625,42.76359648138155,2.036328,44.37877684854533,5.701719,44.19450783105479
squeezed_Cần Thơ,2017-10-01,43.35733,51.214686865917265,50.474476,48.42256259848227,6.8420625,46.37110254432663,2.036328,47.212579594304195,5.701719,45.453991063291994,7.493687,47.54551182132429
squeezed_Cần Thơ,2017-11-01,50.474476,51.29902075841236,6.8420625,44.560588468783195,2.036328,42.39830776880813,5.701719,44.37999728668352,7.493687,46.07432431293163,5.5388126,44.81452838630538
squeezed_Cần Thơ,2017-12-01,6.8420625,54.21064805169833,2.036328,46.480857394618596,5.701719,43.50945422747606,7.493687,46.62187248143015,5.5388126,47.49816484497115,6.3533435,48.69500724161379
squeezed_Gia Lai,2016-01-01,47.696323,51.18797235503454,49.0369,49.59726986340523,51.294716,50.617557451724466,56.374798,53.82262786047978,65.970505,53.77964532286449,56.93925,51.07994895256546
squeezed_Gia Lai,2016-02-01,49.0369,49.86912789897535,51.294716,49.36248332640863,56.374798,51.36197879534438,65.970505,51.99180332299223,56.93925,46.49896526780207,58.773724,54.13305162166358
squeezed_Gia Lai,2016-03-01,51.294716,53.836956160799,56.374798,53.97747589394848,65.970505,54.75321849653371,56.93925,50.404877243825176,58.773724,49.43588185395157,46.214634,47.724442271879624
squeezed_Gia Lai,2016-04-01,56.374798,54.817907517629145,65.970505,54.848556353550165,56.93925,56.8824398329379,58.773724,52.033034452847176,46.214634,47.892936539618354,44.521275,45.99708390972127
squeezed_Gia Lai,2016-05-01,65.970505,58.62799611022497,56.93925,55.36576930987221,58.773724,53.103825292694424,46.214634,52.05499525453688,44.521275,49.44494719695221,52.000282,46.65213973108689
squeezed_Gia Lai,2016-06-01,56.93925,60.848917333895564,58.773724,56.84538598292921,46.214634,52.722749297201666,44.521275,50.170974916178345,52.000282,50.7615434822985,7.126226,50.37719922833965
squeezed_Gia Lai,2016-07-01,58.773724,56.091795810683614,46.214634,53.90419808453725,44.521275,50.10106911742676,52.000282,49.69166948072933,7.126226,52.77190851196889,30.63517,50.392290328094425
squeezed_Gia Lai,2016-08-01,46.214634,57.56051162509736,44.521275,54.63971089445811,52.000282,51.15511298719388,7.126226,51.9757860351674,30.63517,52.10452915444603,41.05113,49.10238196921792
squeezed_Gia Lai,2016-09-01,44.521275,51.685857956917204,52.000282,48.19600542299362,7.126226,51.21990653601867,30.63517,42.37827136326939,41.05113,45.78185292913582,63.38076,47.30157035060327
squeezed_Gia Lai,2016-10-01,52.000282,48.609352348285334,7.126226,46.535579165733715,30.63517,46.22868617756315,41.05113,47.6347488632463,63.38076,51.642520385949254,59.500305,53.96854142239911
squeezed_Gia Lai,2016-11-01,7.126226,51.33341263753792,30.63517,49.41822493708094,41.05113,50.020850157162215,63.38076,54.58392079107212,59.500305,60.04589751826473,68.21431,58.30075716549993
squeezed_Gia Lai,2016-12-01,30.63517,41.978103124147154,41.05113,37.10862881918079,63.38076,45.81849526064083,59.500305,51.30277178863571,68.21431,49.16819366524073,0.0,53.325805583892205
squeezed_Gia Lai,2017-01-01,41.05113,35.408541055024095,63.38076,39.551310597104525,59.500305,42.407364262897495,68.21431,53.55740112156268,0.0,46.622823367903024,59.023758,71.5751194546093
squeezed_Gia Lai,2017-02-01,63.38076,43.459788965802026,59.500305,46.570519254350344,68.21431,58.57092300246457,0.0,60.47975698381022,59.023758,61.954055442186316,4.2208457,65.8469603684207
squeezed_Gia Lai,2017-03-01,59.500305,64.08544674039719,68.21431,65.83940583982935,0.0,72.06308701291675,59.023758,67.32824830177945,4.2208457,81.63196066117187,4.901627,64.87022517801036
squeezed_Gia Lai,2017-04-01,68.21431,65.35136555936606,0.0,66.37333978160707,59.023758,59.19180352348519,4.2208457,74.32908386671153,4.901627,62.628687765238205,17.155695,73.15021082553119
squeezed_Gia Lai,2017-05-01,0.0,71.72587568796357,59.023758,81.71151510639174,4.2208457,57.27923112480559,4.901627,62.63664140891281,17.155695,73.51693472700181,28.728981,86.93912204161929
squeezed_Gia Lai,2017-06-01,59.023758,62.824877716977625,4.2208457,55.22279382550801,4.901627,52.70028902520343,17.155695,51.06200660623729,28.728981,50.95096397914805,31.72442,46.82538570478948
squeezed_Gia Lai,2017-07-01,4.2208457,58.67875284913885,4.901627,59.2367266710648,17.155695,42.14477263791665,28.728981,64.53877721993193,31.72442,63.74895785745567,43.391056,41.76962423273772
squeezed_Gia Lai,2017-08-01,4.901627,58.20421380349672,17.155695,55.380274456221784,28.728981,71.44850256473569,31.72442,50.22130757240064,43.391056,37.68067491168395,44.995655,35.40888664498318
squeezed_Gia Lai,2017-09-01,17.155695,40.10936698995737,28.728981,40.70574759395472,31.72442,35.302230878587274,43.391056,28.744368915198613,44.995655,19.096188275263856,48.472286,24.044746314877408
squeezed_Gia Lai,2017-10-01,28.728981,49.46696132257735,31.72442,41.34570675289872,43.391056,21.901650916396612,44.995655,25.46609655891925,48.472286,25.409590560431255,50.210606,33.04894051660664
squeezed_Gia Lai,2017-11-01,31.72442,40.71134013741592,43.391056,26.94252217231245,44.995655,29.17963087177157,48.472286,31.832357421088293,50.210606,30.186170667547756,49.14087,31.672108627961155
squeezed_Gia Lai,2017-12-01,43.391056,35.537396029175106,44.995655,36.84638579793924,48.472286,37.89874657523825,50.210606,37.465389226980236,49.14087,37.44506402948057,51.213478,53.53322242414637
squeezed_Hà Giang,2016-01-01,67.883835,90.27150214301145,88.46955,94.61500055538386,87.48928,98.21624842200696,108.565125,102.34504215876831,127.80296,102.71965468454256,81.485115,100.25419560727347
squeezed_Hà Giang,2016-02-01,88.46955,80.90427030200786,87.48928,91.23228457739799,108.565125,101.06615978152213,127.80296,94.74425190113965,81.485115,95.31998616757123,87.24421,101.37914722971196
squeezed_Hà Giang,2016-03-01,87.48928,88.54941546232409,108.565125,96.87045302525878,127.80296,100.40436675651497,81.485115,98.88381797563675,87.24421,112.11239121037485,99.25254,91.37909296769037
squeezed_Hà Giang,2016-04-01,108.565125,92.33967491599122,127.80296,98.81208309712285,81.485115,93.86449963407955,87.24421,96.86772466183496,99.25254,86.02175897648627,95.20892,87.88886970693864
squeezed_Hà Giang,2016-05-01,127.80296,100.77371982572015,81.485115,96.00745785163792,87.24421,100.97251098469079,99.25254,90.18620734095506,95.20892,83.07371735371726,84.671,86.34702518013798
squeezed_Hà Giang,2016-06-01,81.485115,107.57711598758996,87.24421,99.71288083710324,99.25254,96.15083909932095,95.20892,89.6066337279022,84.671,91.41784374540312,52.444553,90.37998253062942
squeezed_Hà Giang,2016-07-01,87.24421,89.78793890888863,99.25254,90.22194140314092,95.20892,89.06768772596412,84.671,85.28112398815202,52.444553,84.28525272684261,52.416935,72.52370684611338
squeezed_Hà Giang,2016-08-01,99.25254,85.62283816073636,95.20892,88.07831386522214,84.671,87.69750389051326,52.444553,84.22736192069944,52.416935,71.99987908467422,57.214825,73.80699382919214
squeezed_Hà Giang,2016-09-01,95.20892,89.37869339301889,84.671,85.4385194067713,52.444553,81.34848134491595,52.416935,73.85914137563168,57.214825,73.47473161240872,60.813244,75.54803003071929
squeezed_Hà Giang,2016-10-01,84.671,90.10050773293695,52.444553,86.63918335449718,52.416935,75.58032913191731,57.214825,75.13450451377051,60.813244,75.69420900084062,72.20823,87.50886271428169
squeezed_Hà Giang,2016-11-01,52.444553,83.89132290362707,52.416935,76.80366836313449,57.214825,69.24559453015537,60.813244,74.45151636051013,72.20823,79.0330094412297,0.0,91.97949689430354
squeezed_Hà Giang,2016-12-01,52.416935,66.64932851742809,57.214825,62.94453712316399,60.813244,75.5783732659334,72.20823,72.49779276014611,0.0,80.46524498510077,74.48723,92.07966497629154
squeezed_Hà Giang,2017-01-01,57.214825,64.75321323655382,60.813244,70.97719226018174,72.20823,67.8409980953263,0.0,78.04026464379058,74.48723,79.89823155792158,69.80928,73.20777106532093
squeezed_Hà Giang,2017-02-01,60.813244,66.0340619288988,72.20823,70.6700443805963,0.0,83.70052813570473,74.48723,81.3128051371601,69.80928,76.72862093218498,69.80928,72.05180732441596
squeezed_Hà Giang,2017-03-01,72.20823,68.09258117829611,0.0,78.47626638020134,74.48723,73.26457331930057,69.80928,68.3874146435731,69.80928,64.89545632347195,61.89277,56.354007354555904
squeezed_Hà Giang,2017-04-01,0.0,84.12165792887404,74.48723,84.20088334416378,69.80928,75.8136009896576,69.80928,68.33447813985003,61.89277,74.60862784886882,80.96438,67.99593689720166
squeezed_Hà Giang,2017-05-01,74.48723,35.26010031238371,69.80928,36.77871782267832,69.80928,34.47268377187666,61.89277,30.272199907943552,80.96438,23.701646650382205,68.60981,21.87250129593335
squeezed_Hà Giang,2017-06-01,69.80928,65.92618659707757,69.80928,63.316847971607416,61.89277,67.74487922622264,80.96438,57.076069037211106,68.60981,55.27898297113968,62.7324,47.605879131538394
squeezed_Hà Giang,2017-07-01,69.80928,71.81924780323364,61.89277,72.23964453338299,80.96438,68.19619366282683,68.60981,55.49713483213366,62.7324,55.81489745610846,24.926167,50.74981437184049
squeezed_Hà Giang,2017-08-01,61.89277,79.75948576833777,80.96438,69.16190803712188,68.60981,63.57558783413471,62.7324,53.772647712343215,24.926167,55.612281618852045,54.459538,49.35396726239665
squeezed_Hà Giang,2017-09-01,80.96438,66.40195397690749,68.60981,60.64484435474295,62.7324,54.11831441289381,24.926167,52.90483497666625,54.459538,49.83659672004474,63.555817,53.25138640000232
squeezed_Hà Giang,2017-10-01,68.60981,70.67550512627339,62.7324,61.465787763995976,24.926167,59.32582644846781,54.459538,61.37678328327608,63.555817,58.541234488786614,63.083282,60.59458871742212
squeezed_Hà Giang,2017-11-01,62.7324,67.82469367677665,24.926167,62.97561181719176,54.459538,65.37978504559922,63.555817,65.04940525740949,63.083282,66.80179127876671,68.04489,76.74090314915729
squeezed_Hà Giang,2017-12-01,24.926167,60.58712289158445,54.459538,61.452433838401866,63.555817,67.98141851972429,63.083282,67.00233935672804,68.04489,76.80796902624651,68.63556,74.3626841284698
squeezed_Hà Nội,2016-01-01,11.407674,22.1980166687009,12.06266,21.06836411678034,10.56165,22.91252780215998,11.516839,26.54603198085583,12.472027,25.048121449890342,9.03335,27.419072159453922
squeezed_Hà Nội,2016-02-01,12.06266,21.297088119218735,10.56165,24.440785019153232,11.516839,31.05736446236621,12.472027,27.27444593382332,9.03335,33.08801002128844,8.432946,45.68212150501262
squeezed_Hà Nội,2016-03-01,10.56165,22.1980166687009,11.516839,27.164126572685515,12.472027,27.45848822509818,9.03335,28.556073917434556,8.432946,29.108930268450624,7.9689975,42.19371434298351
squeezed_Hà Nội,2016-04-01,11.516839,22.1980166687009,12.472027,21.675500995819146,9.03335,26.593262709403806,8.432946,28.408838024341666,7.9689975,23.49280948095191,7.3413024,33.83340336575667
squeezed_Hà Nội,2016-05-01,12.472027,21.17328919507153,9.03335,20.539906070610744,8.432946,21.275845786433255,7.9689975,20.65519779882094,7.3413024,23.490530820844718,6.27695,46.64729525367739
squeezed_Hà Nội,2016-06-01,9.03335,19.42542935732733,8.432946,23.64446015962695,7.9689975,20.575469896108242,7.3413024,20.23520699743802,6.27695,31.445266946574858,0.6549861,22.00347704237071
squeezed_Hà Nội,2016-07-01,8.432946,19.57183639802151,7.9689975,20.48119576989594,7.3413024,20.30937291565049,6.27695,30.07892414733509,0.6549861,16.92989599897477,4.1590247,21.12888814160299
squeezed_Hà Nội,2016-08-01,7.9689975,15.235974818468451,7.3413024,18.703333345612286,6.27695,19.22648131484445,0.6549861,17.59871313442958,4.1590247,16.541380605553556,5.95438,22.813666016047176
squeezed_Hà Nội,2016-09-01,7.3413024,16.59311752736463,6.27695,33.16910048129469,0.6549861,15.356502669412803,4.1590247,30.241869331993307,5.95438,19.795090137478553,6.600191,18.63967948953489
squeezed_Hà Nội,2016-10-01,6.27695,35.47040667575828,0.6549861,17.340926420034997,4.1590247,17.919367734700902,5.95438,32.01092330292505,6.600191,26.37170969388665,6.4451966,26.472825746612365
squeezed_Hà Nội,2016-11-01,0.6549861,15.656607057004527,4.1590247,25.683369099853746,5.95438,16.769967955567814,6.600191,25.954736235613055,6.4451966,25.833792096291113,7.672238,25.870053913332924
squeezed_Hà Nội,2016-12-01,4.1590247,22.73964460937259,5.95438,28.348066794954406,6.600191,14.099711617031371,6.4451966,34.76134545821076,7.672238,26.451411030798113,7.4914107,22.94224058209318
squeezed_Hà Nội,2017-01-01,5.95438,12.401308459408526,6.600191,26.754904136397894,6.4451966,8.935981634621266,7.672238,43.26602974433691,7.4914107,23.779441217963612,8.369714,25.12827247725038
squeezed_Hà Nội,2017-02-01,6.600191,13.913030944337843,6.4451966,32.6863206247566,7.672238,26.606931108382962,7.4914107,23.93683720248856,8.369714,46.99040297471059,5.734804,48.20581652906134
squeezed_Hà Nội,2017-03-01,6.4451966,26.178937411952564,7.672238,34.48797408694117,7.4914107,22.604029844001445,8.369714,39.82614611339406,5.734804,49.16166821666977,7.8272324,48.673164221142436
squeezed_Hà Nội,2017-04-01,7.672238,16.405020409791145,7.4914107,20.076719717957562,8.369714,39.359548312482445,5.734804,39.24201402708618,7.8272324,48.42098796853807,6.354783,46.57071470295654
squeezed_Hà Nội,2017-05-01,7.4914107,17.630168369248143,8.369714,25.468264759778744,5.734804,36.96737749143729,7.8272324,34.73468173195913,6.354783,41.12626311055581,7.039343,50.64639300565838
squeezed_Hà Nội,2017-06-01,8.369714,22.35074732697838,5.734804,36.20253834654584,7.8272324,33.3722260791338,6.354783,33.6895308176105,7.039343,40.935335314398856,6.613107,41.30232018499564
squeezed_Hà Nội,2017-07-01,5.734804,22.22782681537528,7.8272324,37.78386346714243,6.354783,37.812607664515255,7.039343,36.67982121399707,6.613107,40.07305550532453,3.6136205,37.29451552330455
squeezed_Hà Nội,2017-08-01,7.8272324,21.844758335545365,6.354783,36.35949765107282,7.039343,40.92701396043793,6.613107,35.456896879129495,3.6136205,42.713684165058496,0.0,36.99497111725477
squeezed_Hà Nội,2017-09-01,6.354783,22.093067926591758,7.039343,39.419884908161364,6.613107,42.83391458782427,3.6136205,36.99666432658062,0.0,42.0029612142386,5.5720515,41.25259015906467
squeezed_Hà Nội,2017-10-01,7.039343,21.844758335545365,6.613107,41.99110053297004,3.6136205,57.778842632999286,0.0,48.900050683891926,5.5720515,63.31658744229245,0.0,48.77268638560133
squeezed_Hà Nội,2017-11-01,6.613107,32.27406762950246,3.6136205,52.982316298846726,0.0,46.30647171934954,5.5720515,50.0146019634255,0.0,58.81092328158564,4.106387,68.45382539373219
squeezed_Hà Nội,2017-12-01,3.6136205,44.45130100723663,0.0,51.10267618245824,5.5720515,55.454648654717026,0.0,47.48205836804276,4.106387,62.952091017594945,5.6731315,71.15336440961704
squeezed_Hà Tĩnh,2016-01-01,31.104445,42.69436958725115,34.735928,40.78019716936089,40.41999,48.13598038163458,41.130497,46.04261847260783,42.156784,49.30426184644178,38.288467,45.01038925065135
squeezed_Hà Tĩnh,2016-02-01,34.735928,38.41839817403079,40.41999,41.72205674221839,41.130497,53.3504925424406,42.156784,45.877679670440614,38.288467,52.00671963366602,37.577957,50.91980050451057
squeezed_Hà Tĩnh,2016-03-01,40.41999,41.385363947124425,41.130497,43.667034925981376,42.156784,44.49612727678318,38.288467,45.332526270387305,37.577957,42.287050168666326,40.18315,44.80236546072044
squeezed_Hà Tĩnh,2016-04-01,41.130497,44.19816134292683,42.156784,41.464080240467034,38.288467,46.01817411856889,37.577957,39.47007682913633,40.18315,43.12507324477425,36.078,49.47702906374075
squeezed_Hà Tĩnh,2016-05-01,42.156784,45.03605007587712,38.288467,42.93089817875175,37.577957,40.71422931347926,40.18315,39.97732554457815,36.078,38.30457675510549,24.394094,38.0246014818648
squeezed_Hà Tĩnh,2016-06-01,38.288467,42.51375267230928,37.577957,39.53360024828313,40.18315,41.35587298944926,36.078,38.772491808940195,24.394094,41.41325150019184,20.525776,40.6882443258499
squeezed_Hà Tĩnh,2016-07-01,37.577957,40.42218010199456,40.18315,40.235750784447546,36.078,42.50206797604089,24.394094,37.99609893858982,20.525776,40.02458833732975,24.721394,36.28684441371096
squeezed_Hà Tĩnh,2016-08-01,40.18315,39.71190856276833,36.078,37.654777286981634,24.394094,36.56957061592877,20.525776,36.03247503939076,24.721394,35.96373240980358,24.878355,36.94884405490669
squeezed_Hà Tĩnh,2016-09-01,36.078,38.89940071785282,24.394094,37.14422763978373,20.525776,36.39507383935399,24.721394,34.86224091653557,24.878355,38.398619255104755,33.589703,42.631457743267994
squeezed_Hà Tĩnh,2016-10-01,24.394094,39.276091050825634,20.525776,36.55338883888999,24.721394,33.683462636072875,24.878355,39.03919958613798,33.589703,44.82896137692356,29.665672,42.7471639590478
squeezed_Hà Tĩnh,2016-11-01,20.525776,31.731870543199214,24.721394,30.198896372261217,24.878355,30.626740721961692,33.589703,36.87831183444106,29.665672,42.61509332138444,30.371998,41.37826538131121
squeezed_Hà Tĩnh,2016-12-01,24.721394,30.77131711898408,24.878355,25.889031979823258,33.589703,24.662006038037525,29.665672,31.390267392371037,30.371998,38.653347308103676,31.156805,42.43666602013265
squeezed_Hà Tĩnh,2017-01-01,24.878355,31.71661766163394,33.589703,29.837326027890064,29.665672,27.459552279424873,30.371998,35.748409595525864,31.156805,34.99257018758109,32.412495,28.93886711670789
squeezed_Hà Tĩnh,2017-02-01,33.589703,31.71661766163394,29.665672,33.161827710706916,30.371998,37.67108628333289,31.156805,39.83727448213629,32.412495,36.60595458861972,27.703657,35.51957362236046
squeezed_Hà Tĩnh,2017-03-01,29.665672,39.08174559794695,30.371998,36.105816733640715,31.156805,40.19750748823707,32.412495,40.18726987809447,27.703657,33.39232121375227,27.232773,40.63243640141014
squeezed_Hà Tĩnh,2017-04-01,30.371998,38.274895170566,31.156805,36.28131212454487,32.412495,38.717369897760406,27.703657,33.30364176057427,27.232773,35.96170197657147,27.075811,37.17593666689671
squeezed_Hà Tĩnh,2017-05-01,31.156805,36.79723252264569,32.412495,36.67580034827111,27.703657,37.14175968558368,27.232773,34.29151728920327,27.075811,37.151510980233006,22.210014,37.51509869476224
squeezed_Hà Tĩnh,2017-06-01,32.412495,34.29053361464089,27.703657,35.98196074308635,27.232773,38.487203624998656,27.075811,35.03065295555837,22.210014,35.644322310055095,24.015068,33.6777503372637
squeezed_Hà Tĩnh,2017-07-01,27.703657,35.97384307758096,27.232773,34.47917718365611,27.075811,33.54317826596696,22.210014,33.884255198411836,24.015068,29.641487198951847,19.211246,31.50867300129757
squeezed_Hà Tĩnh,2017-08-01,27.232773,34.799653769337304,27.075811,30.48434758344062,22.210014,30.3415359703707,24.015068,30.324049168171136,19.211246,29.253591238609886,22.491215,30.753296442807567
squeezed_Hà Tĩnh,2017-09-01,27.075811,33.53782294463796,22.210014,30.255259824481527,24.015068,26.615995647017925,19.211246,30.18044297203557,22.491215,30.058652465137452,25.302616,36.02710384888415
squeezed_Hà Tĩnh,2017-10-01,22.210014,33.45909965243736,24.015068,30.14609983632494,19.211246,26.768119184654747,22.491215,30.247328242502082,25.302616,36.78123656439511,24.912144,37.40941469875048
squeezed_Hà Tĩnh,2017-11-01,24.015068,25.85166244339173,19.211246,28.85639195370887,22.491215,23.911107104465785,25.302616,29.95455920976654,24.912144,35.49034651835145,25.927372,37.10804405319254
squeezed_Hà Tĩnh,2017-12-01,19.211246,31.754363837889848,22.491215,26.450747881885608,25.302616,26.551493021173137,24.912144,32.70884419378953,25.927372,36.59063487760743,26.08356,40.14975450222754
squeezed_Hòa Bình,2016-01-01,21.291952,26.729779772622486,30.43426,26.462773483645748,42.704197,28.1265203720939,36.68952,31.00271460459262,30.554554,32.39973387241212,30.79514,35.48725286747458
squeezed_Hòa Bình,2016-02-01,30.43426,26.560594096182694,42.704197,32.15051519805652,36.68952,35.07374068274433,30.554554,31.91120657534891,30.79514,33.20477079730212,38.133045,34.22513774752715
squeezed_Hòa Bình,2016-03-01,42.704197,36.51878241646989,36.68952,37.235460646518696,30.554554,35.19372089762267,30.79514,35.81026173714212,38.133045,33.02712524811321,24.780464,30.70700948762197
squeezed_Hòa Bình,2016-04-01,36.68952,41.90746225496743,30.554554,41.55466659772984,30.79514,38.57376134467196,38.133045,32.65744128316511,24.780464,29.613179610023224,37.411285,35.782821147366185
squeezed_Hòa Bình,2016-05-01,30.554554,41.88131562585134,30.79514,40.52065572746769,38.133045,36.62752784762861,24.780464,33.114377371300655,37.411285,34.2063999652575,51.245037,33.40769537853091
squeezed_Hòa Bình,2016-06-01,30.79514,35.68203763506155,38.133045,37.4628489874933,24.780464,35.19171731685234,37.411285,34.35417882899374,51.245037,32.42550489999434,31.276314,30.619009450410815
squeezed_Hòa Bình,2016-07-01,38.133045,34.066893341849905,24.780464,33.00924349062999,37.411285,33.16750206879462,51.245037,34.013333448371526,31.276314,30.43277331703895,21.301775,30.56249476504775
squeezed_Hòa Bình,2016-08-01,24.780464,36.51927587191979,37.411285,35.62645603457516,51.245037,32.12684538329428,31.276314,31.22501561841179,21.301775,29.034035255585184,0.0,31.964562368498882
squeezed_Hòa Bình,2016-09-01,37.411285,31.631150782011314,51.245037,29.829906740246336,31.276314,26.93904281843763,21.301775,29.117982638895217,0.0,29.251114589091618,33.37278,32.13108438259521
squeezed_Hòa Bình,2016-10-01,51.245037,35.94151142234487,31.276314,33.64021809273046,21.301775,29.678006528747307,0.0,31.945760766809816,33.37278,32.041774165974275,36.804733,38.124445600812436
squeezed_Hòa Bình,2016-11-01,31.276314,45.93703172462686,21.301775,44.880587886404335,0.0,45.29667152283016,33.37278,39.943925707324766,36.804733,45.152860617255,40.591717,42.14201978025562
squeezed_Hòa Bình,2016-12-01,21.301775,41.30688152703921,0.0,40.99287826793861,33.37278,36.2696576303339,36.804733,39.18099400932764,40.591717,43.433126613120834,40.0,38.8834074123628
squeezed_Hòa Bình,2017-01-01,0.0,29.869934054587937,33.37278,32.816871735450384,36.804733,30.60656274403471,40.591717,35.91040530332665,40.0,38.005677329818035,34.319527,37.77955210252266
squeezed_Hòa Bình,2017-02-01,33.37278,13.212012224795,36.804733,14.443189596282766,40.591717,16.904486979140287,40.0,22.57385627457866,34.319527,25.541478682244872,35.621304,29.25671336356195
squeezed_Hòa Bình,2017-03-01,36.804733,36.21984336108511,40.591717,36.734487319883065,40.0,30.262818640520006,34.319527,26.47193548533296,35.621304,25.516510995063875,39.053253,24.973807124496016
squeezed_Hòa Bình,2017-04-01,40.591717,41.24124291554408,40.0,38.31077802926708,34.319527,36.54405272290431,35.621304,29.401938973400323,39.053253,29.404875499364135,46.745564,31.208069070781136
squeezed_Hòa Bình,2017-05-01,40.0,40.776109460702585,34.319527,38.233035193548645,35.621304,39.50967171750675,39.053253,30.74688422157749,46.745564,32.30077924229142,0.0,37.461858441617146
squeezed_Hòa Bình,2017-06-01,34.319527,40.31160251916289,35.621304,37.55118008271935,39.053253,33.04650143085637,46.745564,34.32394583758833,0.0,33.0859113919214,34.201183,35.72189793602354
squeezed_Hòa Bình,2017-07-01,35.621304,39.247679838291745,39.053253,34.79457305040552,46.745564,35.81387126272379,0.0,34.316336487501474,34.201183,33.68650711452348,29.39793,31.924545900159064
squeezed_Hòa Bình,2017-08-01,39.053253,38.602626989416414,46.745564,34.62074474779293,0.0,32.24160546784276,34.201183,33.46587687179291,29.39793,33.361426846444864,30.221073,36.97120403889009
squeezed_Hòa Bình,2017-09-01,46.745564,38.89940071785282,0.0,36.912669831881395,34.201183,33.61152311082006,29.39793,33.43915948184985,30.221073,46.74648009760137,29.868298,39.50017132264908
squeezed_Hòa Bình,2017-10-01,0.0,44.79688998233962,34.201183,40.563381949385246,29.39793,37.90241845616988,30.221073,44.54173719343066,29.868298,39.334295289743196,0.0,44.780332266764894
squeezed_Hòa Bình,2017-11-01,34.201183,28.643944168801585,29.39793,28.478428274724994,30.221073,35.58946935659447,29.868298,28.609992261962358,0.0,33.57662649574475,36.10066,32.317182545709514
squeezed_Hòa Bình,2017-12-01,29.39793,34.59044957300174,30.221073,42.35066712589921,29.868298,37.62762295798712,0.0,33.07902836659551,36.10066,39.93599698123414,0.0,40.989730448362906
squeezed_Hưng Yên,2016-01-01,61.6134,61.72981479311499,58.109726,64.49088932999904,65.28799,65.29110601691787,58.96428,65.76585370255377,57.596992,66.02780751979155,58.62246,65.0266661791938
squeezed_Hưng Yên,2016-02-01,58.109726,63.492890377444496,65.28799,69.09221311745642,58.96428,79.39053153541354,57.596992,66.81818251585165,58.62246,64.6809766180673,38.113144,61.7601634819755
squeezed_Hưng Yên,2016-03-01,65.28799,64.25860109549744,58.96428,67.24011927510266,57.596992,64.61150693601071,58.62246,65.37674182176723,38.113144,60.15803015466278,52.46966,57.09955290325451
squeezed_Hưng Yên,2016-04-01,58.96428,68.4981444401909,57.596992,68.07933588565056,58.62246,63.10969036720934,38.113144,58.634859766126446,52.46966,58.375782458440234,53.49513,53.59397935560673
squeezed_Hưng Yên,2016-05-01,57.596992,63.95307125152128,58.62246,62.58339771641283,38.113144,59.06588886466162,52.46966,57.215006080439174,53.49513,55.648127342528035,54.947872,52.233560572887434
squeezed_Hưng Yên,2016-06-01,58.62246,59.33788963691528,38.113144,56.386105421295554,52.46966,57.95442748780734,53.49513,55.406740707651714,54.947872,53.232128142133384,81.09725,50.63723914404638
squeezed_Hưng Yên,2016-07-01,38.113144,59.13462718582135,52.46966,57.00048678702129,53.49513,54.71950029759083,54.947872,54.14050497286434,81.09725,51.81747585983348,69.9056,48.478686651007976
squeezed_Hưng Yên,2016-08-01,52.46966,48.48611922902055,53.49513,48.842394347769606,54.947872,47.22655391919311,81.09725,46.34727403361607,69.9056,44.759471740550616,50.53711,43.45121769505186
squeezed_Hưng Yên,2016-09-01,53.49513,50.75276011752669,54.947872,49.230091635324214,81.09725,49.55461561979858,69.9056,47.01641292463466,50.53711,42.92314167848277,57.942707,48.0241285370432
squeezed_Hưng Yên,2016-10-01,54.947872,54.09286322308895,81.09725,52.82300549507051,69.9056,54.888281152498635,50.53711,52.16166676320901,57.942707,53.12449611895797,70.55664,50.28737797330108
squeezed_Hưng Yên,2016-11-01,81.09725,56.830793995462315,69.9056,53.6490949134035,50.53711,51.0179388398578,57.942707,58.21981053741821,70.55664,52.955535265407065,69.66146,53.53396706631475
squeezed_Hưng Yên,2016-12-01,69.9056,66.27416441817512,50.53711,62.89131585966679,57.942707,59.58266136340533,70.55664,55.93675325118672,69.66146,64.61621129330054,74.30013,63.72727428476386
squeezed_Hưng Yên,2017-01-01,50.53711,70.37764475104812,57.942707,71.18568586080517,70.55664,61.15724921929892,69.66146,67.7466880339889,74.30013,59.94458365458775,66.24349,68.20126173431602
squeezed_Hưng Yên,2017-02-01,57.942707,58.42247827472352,70.55664,60.029902774048914,69.66146,59.55558372377312,74.30013,57.27058067210237,66.24349,61.17723197736687,64.77865,56.75466131386642
squeezed_Hưng Yên,2017-03-01,70.55664,60.71670316817996,69.66146,62.906982262062044,74.30013,65.71601539859614,66.24349,64.02837327521445,64.77865,54.60961151563262,61.6862,53.72181208630724
squeezed_Hưng Yên,2017-04-01,69.66146,72.31146123748303,74.30013,70.1904218199702,66.24349,69.4948679947164,64.77865,59.737967126288176,61.6862,60.31981753421898,54.280598,56.136139476658904
squeezed_Hưng Yên,2017-05-01,74.30013,71.85684408530204,66.24349,87.09046517223402,64.77865,66.21046601932325,61.6862,63.13219788691489,54.280598,60.441639917816204,52.246094,62.2222016672099
squeezed_Hưng Yên,2017-06-01,66.24349,74.86594368763724,64.77865,64.98881788922823,61.6862,60.64249933972212,54.280598,62.790378220490226,52.246094,61.932265740722265,52.978516,63.35595576018411
squeezed_Hưng Yên,2017-07-01,64.77865,65.30919047800968,61.6862,58.980575909715526,54.280598,55.96932224462734,52.246094,58.557879733021615,52.978516,59.13003275288798,51.59369,57.806215308939834
squeezed_Hưng Yên,2017-08-01,61.6862,61.04008119138561,54.280598,58.04968583957212,52.246094,57.55269793625673,52.978516,57.49832685466434,51.59369,56.741003709946256,53.605923,58.318716152617725
squeezed_Hưng Yên,2017-09-01,54.280598,60.48166616803937,52.246094,60.60688657368421,52.978516,58.18295903261165,51.59369,58.404871034955555,53.605923,60.28881524293728,72.92337,61.591721647149726
squeezed_Hưng Yên,2017-10-01,52.246094,59.65768531212129,52.978516,57.94017346526031,51.59369,57.489617920732215,53.605923,60.05667350541227,72.92337,59.43610795028415,67.369606,63.11203429819876
squeezed_Hưng Yên,2017-11-01,52.978516,57.48091778899447,51.59369,55.58105912366372,53.605923,57.24176681614601,72.92337,61.39234387131723,67.369606,61.50548483154711,62.620735,62.717832287111484
squeezed_Hưng Yên,2017-12-01,51.59369,54.65676151566696,53.605923,54.847335619337,72.92337,59.45210360209992,67.369606,60.05023052967069,62.620735,59.08234419650261,55.135223,59.32922565241086
squeezed_Hải Dương,2016-01-01,39.5901,42.29173981609702,36.678238,40.85723063655024,32.198456,44.22625742510876,32.982418,44.582239447906744,35.83828,49.76178144287174,32.53444,49.18581759595414
squeezed_Hải Dương,2016-02-01,36.678238,42.49383162976545,32.198456,44.352167202718775,32.982418,51.45871985224444,35.83828,52.78918756529095,32.53444,52.33615546210575,34.046368,49.79815141817726
squeezed_Hải Dương,2016-03-01,32.198456,43.03464724504272,32.982418,45.04494309767713,35.83828,46.905318508922356,32.53444,48.18776880417975,34.046368,43.33707293844885,27.886662,43.17423196620309
squeezed_Hải Dương,2016-04-01,32.982418,39.919551130820025,35.83828,37.80787550117477,32.53444,39.443983538255694,34.046368,37.60523366427896,27.886662,39.65131370925676,33.59839,37.99991551191617
squeezed_Hải Dương,2016-05-01,35.83828,39.762051820069495,32.53444,37.49946330600524,34.046368,35.37271029759173,27.886662,38.412210721058365,33.59839,33.72056262964134,32.08646,34.28628236423535
squeezed_Hải Dương,2016-06-01,32.53444,38.319224207203234,34.046368,35.419314540869145,27.886662,34.8772922241475,33.59839,32.316349534704145,32.08646,32.3749489849894,12.487401,36.437566176216386
squeezed_Hải Dương,2016-07-01,34.046368,38.36416863608549,27.886662,34.23410437321267,33.59839,31.209062370238495,32.08646,31.485693021543987,12.487401,33.837223127864306,21.722685,30.440806608261113
squeezed_Hải Dương,2016-08-01,27.886662,37.20334224704422,33.59839,34.16816500542223,32.08646,32.51216798548658,12.487401,32.44210246210718,21.722685,30.99547491453909,0.0,37.24233710265297
squeezed_Hải Dương,2016-09-01,33.59839,35.79261521789322,32.08646,30.73593541427832,12.487401,30.954433844038164,21.722685,30.965357998378916,0.0,34.47344261437571,0.0,34.05525951707535
squeezed_Hải Dương,2016-10-01,32.08646,35.655987619085174,12.487401,36.24550620695016,21.722685,35.30897813264731,0.0,33.33646537851451,0.0,35.76177005708163,20.966173,36.687610202041256
squeezed_Hải Dương,2016-11-01,12.487401,37.456043237033185,21.722685,35.822420865781645,0.0,30.9563144424738,0.0,41.11177884858294,20.966173,35.96698945931796,0.0,30.41908441502244
squeezed_Hải Dương,2016-12-01,21.722685,31.613465667252278,0.0,27.435838160217127,0.0,22.062862892654255,20.966173,27.9269643649092,0.0,34.48855627747232,0.0,32.11393501727544
squeezed_Hải Dương,2017-01-01,0.0,27.19422071805286,0.0,31.84081390804107,20.966173,19.36907614513082,0.0,31.386804666859703,0.0,30.74308516196987,24.154327,32.576814446751314
squeezed_Hải Dương,2017-02-01,0.0,14.112940774277167,20.966173,15.357558735437534,0.0,22.113231480487066,0.0,26.410814209491694,24.154327,18.774942664513905,20.912136,22.82234209794366
squeezed_Hải Dương,2017-03-01,20.966173,10.396956830724637,0.0,10.597854229047753,0.0,13.927773784580179,24.154327,11.875655455428547,20.912136,12.881414020629796,0.0,13.994104612778
squeezed_Hải Dương,2017-04-01,0.0,22.668952369443765,0.0,28.569517319347938,24.154327,18.226523023881033,20.912136,18.366031553430197,0.0,21.92744399268465,19.885443,20.25112308375653
squeezed_Hải Dương,2017-05-01,0.0,14.112940774277167,24.154327,10.75045558484728,20.912136,13.012955483292092,0.0,16.39877643195302,19.885443,13.61484038914461,17.237652,19.33190153455767
squeezed_Hải Dương,2017-06-01,24.154327,10.418596967198788,20.912136,9.642993435266863,0.0,6.743505150013213,19.885443,8.244430128647167,17.237652,11.693401847282022,19.669296,14.982695264500023
squeezed_Hải Dương,2017-07-01,20.912136,23.0862044911942,0.0,23.976645090492802,19.885443,17.664393282869874,17.237652,17.652459670875395,19.669296,16.6231903256002,15.497684,17.690063269843794
squeezed_Hải Dương,2017-08-01,0.0,23.164813876139785,19.885443,23.388635430250485,17.237652,21.72155915100015,19.669296,20.23120718568728,15.497684,21.97992088206865,15.71071,35.2490406806765
squeezed_Hải Dương,2017-09-01,19.885443,13.062283736799369,17.237652,10.32461195130876,19.669296,10.553835246628822,15.497684,15.652812808999194,15.71071,42.67869160612856,0.0,39.59404205645453
squeezed_Hải Dương,2017-10-01,17.237652,20.398206594936113,19.669296,19.3763518218576,15.497684,25.625744167541708,15.71071,40.44464200158081,0.0,46.79047477150055,18.10726,25.589516957437976
squeezed_Hải Dương,2017-11-01,19.669296,21.381654445150232,15.497684,23.305216373456762,15.71071,43.1861565840912,0.0,42.03935870314986,18.10726,33.553593622249885,20.237524,43.3390469921939
squeezed_Hải Dương,2017-12-01,15.497684,30.472166766195116,15.71071,45.771198337567235,0.0,49.68935930627648,18.10726,33.163246679183246,20.237524,56.64594051901841,0.0,45.62740321815806
squeezed_Hải Phòng,2016-01-01,13.681341,22.1980166687009,14.64055,22.483428422726433,12.520194,23.232932294489142,13.88328,27.047318641356217,15.246366,25.358281445195093,14.53958,27.473009519520183
squeezed_Hải Phòng,2016-02-01,14.64055,21.297088119218735,12.520194,25.48384200690337,13.88328,30.04145831424976,15.246366,27.623102437465473,14.53958,29.972740407319534,14.438611,27.26389018803303
squeezed_Hải Phòng,2016-03-01,12.520194,23.79757989694562,13.88328,25.497422830293868,15.246366,24.252642285993016,14.53958,26.92026695198176,14.438611,23.61122858988555,13.832795,23.554443665989474
squeezed_Hải Phòng,2016-04-01,13.88328,22.1980166687009,15.246366,21.629609046023813,14.53958,21.69016811847362,14.438611,21.87954097697232,13.832795,19.574433554583397,10.349354,22.387798222801024
squeezed_Hải Phòng,2016-05-01,15.246366,22.772852423316248,14.53958,20.835868411801368,14.438611,21.045801029339955,13.832795,20.50337937487539,10.349354,18.179665277854703,9.693053,21.092058071612694
squeezed_Hải Phòng,2016-06-01,14.53958,21.50457495675333,14.438611,19.912253615614393,13.832795,19.084005302916967,10.349354,19.549563134105856,9.693053,18.13142411540711,10.803716,21.920239261472467
squeezed_Hải Phòng,2016-07-01,14.438611,20.902072073968952,13.832795,19.70847873843439,10.349354,17.68115834348807,9.693053,19.356907409230907,10.803716,18.07999836555558,0.0,19.95636963373034
squeezed_Hải Phòng,2016-08-01,13.832795,20.902072073968952,10.349354,19.54236533377568,9.693053,17.388423150675422,10.803716,19.49883866103224,0.0,18.68317552011221,0.0,24.239182177604246
squeezed_Hải Phòng,2016-09-01,10.349354,20.902072073968952,9.693053,19.25179252908851,10.803716,17.30584918438516,0.0,19.576140595884837,0.0,13.50121672494107,0.0,22.813459306368966
squeezed_Hải Phòng,2016-10-01,9.693053,19.302508845724233,10.803716,21.416297748184018,0.0,20.716768695828375,0.0,21.209578982268212,0.0,24.816432625986284,0.0,23.660442948699963
squeezed_Hải Phòng,2016-11-01,10.803716,20.2034373952064,0.0,22.38107086286609,0.0,20.061010658643173,0.0,30.179515590289135,0.0,23.69911632971722,0.0,15.751387451550913
squeezed_Hải Phòng,2016-12-01,0.0,29.184225345593816,0.0,22.5848457400461,0.0,16.170410732224248,0.0,23.82425663187617,0.0,20.591389327548487,0.0,26.3667849476575
squeezed_Hải Phòng,2017-01-01,0.0,11.20308950544463,0.0,14.967488183250108,0.0,10.99822546307001,0.0,20.59810560849418,0.0,20.622978378452277,0.0,15.059537209873579
squeezed_Hải Phòng,2017-02-01,0.0,10.396956830724637,0.0,13.740329710600438,0.0,14.016538265954859,0.0,16.440403903092033,0.0,21.544914582819185,0.0,16.72421241223894
squeezed_Hải Phòng,2017-03-01,0.0,10.396956830724637,0.0,14.42819895735464,0.0,14.19250223470294,0.0,15.434072986440567,0.0,16.232277558568423,0.0,17.880839347185336
squeezed_Hải Phòng,2017-04-01,0.0,10.273157906577428,0.0,13.293708947616604,0.0,9.77535434564885,0.0,10.874724651213942,0.0,16.06987144915827,0.0,22.9145688229353
squeezed_Hải Phòng,2017-05-01,0.0,10.273157906577428,0.0,10.372334799441875,0.0,6.242375941548771,0.0,9.836242643595503,0.0,16.026539583796577,0.0,31.356924574745246
squeezed_Hải Phòng,2017-06-01,0.0,10.418596967198788,0.0,9.31811006847361,0.0,5.622641804366027,0.0,28.852733010056692,0.0,17.85400741116358,0.0,29.37028541498847
squeezed_Hải Phòng,2017-07-01,0.0,10.29567645559569,0.0,9.355771540994912,0.0,5.978775758407982,0.0,27.443082301397865,0.0,21.152771404375983,0.0,57.31633073489255
squeezed_Hải Phòng,2017-08-01,0.0,10.29567645559569,0.0,18.614932744273467,0.0,5.099424496279424,0.0,28.84515266113396,0.0,43.56214439661646,0.0,63.367067855604645
squeezed_Hải Phòng,2017-09-01,0.0,20.858488221353188,0.0,18.228190104524174,0.0,5.049495197347826,0.0,34.54186640187698,0.0,45.49487417286839,0.0,63.68019075116126
squeezed_Hải Phòng,2017-10-01,0.0,20.858488221353188,0.0,18.175867608747524,0.0,39.28517560741279,0.0,42.089577761334674,0.0,52.16738614174003,0.0,71.04732252067804
squeezed_Hải Phòng,2017-11-01,0.0,20.858488221353188,0.0,39.66858362686239,0.0,51.694728688859286,0.0,44.127430506342634,0.0,57.60672895231716,0.0,72.17090057088762
squeezed_Hải Phòng,2017-12-01,0.0,58.48278900445371,0.0,41.76307654504941,0.0,51.561687528109765,0.0,55.088758801967245,0.0,60.21511372966862,0.0,65.06931563221788
squeezed_Khánh Hòa,2016-01-01,42.428738,46.89059702944067,54.869007,53.43185939173776,52.64459,59.35896245824889,52.726974,55.342501397322344,49.34915,62.26908119836322,56.18718,58.39431517355773
squeezed_Khánh Hòa,2016-02-01,54.869007,46.86796630258524,52.64459,52.32205516343302,52.726974,58.96051146117579,49.34915,60.852272015894584,56.18718,66.03970232789005,55.44571,77.89832524257089
squeezed_Khánh Hòa,2016-03-01,52.64459,54.1921769503956,52.726974,60.439849005738616,49.34915,64.21637082449743,56.18718,78.68972684004973,55.44571,87.93655776138218,40.781017,76.81528831205526
squeezed_Khánh Hòa,2016-04-01,52.726974,53.91334798814604,49.34915,60.52967978673299,56.18718,70.90843130679293,55.44571,78.83492031570624,40.781017,90.89794963191194,37.567966,66.15870106695888
squeezed_Khánh Hòa,2016-05-01,49.34915,63.84480797361756,56.18718,72.08330311393532,55.44571,70.23353328051749,40.781017,88.89684052148554,37.567966,73.88584588049947,36.99127,68.68872323768578
squeezed_Khánh Hòa,2016-06-01,56.18718,59.616544791376896,55.44571,62.95428839637186,40.781017,57.42102322694878,37.567966,72.40215640540633,36.99127,66.7399730782353,36.99127,78.39735809070214
squeezed_Khánh Hòa,2016-07-01,55.44571,57.96532745869645,40.781017,75.91724323604844,37.567966,64.98634997104178,36.99127,58.75081485244784,36.99127,63.71397188712974,29.926826,83.04135614473444
squeezed_Khánh Hòa,2016-08-01,40.781017,60.483335018695705,37.567966,69.99481089121461,36.99127,60.27132162418762,36.99127,60.22734066754887,29.926826,80.31647041350595,35.84642,70.44742778593965
squeezed_Khánh Hòa,2016-09-01,37.567966,65.14911447168004,36.99127,54.245054084964096,36.99127,50.21678210713781,29.926826,59.38180328891371,35.84642,54.51241572435101,0.0,73.26254971632233
squeezed_Khánh Hòa,2016-10-01,36.99127,73.62667053028207,36.99127,50.55226290027116,29.926826,51.860546161593625,35.84642,60.77009311043134,0.0,57.01506483618263,0.0,45.952728602219516
squeezed_Khánh Hòa,2016-11-01,36.99127,67.70268108329626,29.926826,50.437842463895116,35.84642,59.73057649660242,0.0,57.892265468426125,0.0,53.17369957379215,48.343338,47.05289992991241
squeezed_Khánh Hòa,2016-12-01,29.926826,68.25435216981737,35.84642,36.7963311154449,0.0,62.61366697005477,0.0,46.49853961478866,48.343338,46.011384954081706,0.0,59.14549958060347
squeezed_Khánh Hòa,2017-01-01,35.84642,50.483451061900915,0.0,38.61525408481284,0.0,40.652989636825055,48.343338,44.765794616380376,0.0,45.91772091956303,0.0,44.25978206354961
squeezed_Khánh Hòa,2017-02-01,0.0,40.087874231547254,0.0,41.18620669969784,48.343338,44.18256238241256,0.0,45.31416101684678,0.0,44.57439952601775,0.0,44.61113311390465
squeezed_Khánh Hòa,2017-03-01,0.0,24.192591219463022,48.343338,20.927175764100614,0.0,28.100676292501454,0.0,33.223916028110445,0.0,30.41377910276112,0.0,32.91489182325806
squeezed_Khánh Hòa,2017-04-01,48.343338,15.767837216346695,0.0,12.521951905444205,0.0,20.065990536742667,0.0,19.615770249607216,0.0,18.22924361061472,0.0,19.947508481651198
squeezed_Khánh Hòa,2017-05-01,0.0,45.613353714742765,0.0,44.3205256836824,0.0,39.59807110854046,0.0,33.88440894881458,0.0,29.0245677334017,0.0,31.910196227163095
squeezed_Khánh Hòa,2017-06-01,0.0,33.95839046536271,0.0,32.753229052760716,0.0,29.843689278266027,0.0,22.365728602731778,0.0,27.35879541388671,0.0,20.68468827578258
squeezed_Khánh Hòa,2017-07-01,0.0,16.70090398103052,0.0,16.041848198343622,0.0,11.262196643397765,0.0,14.830745752962782,0.0,16.359180188460154,32.58473,13.183606533015011
squeezed_Khánh Hòa,2017-08-01,0.0,16.223183121943062,0.0,14.944801196234005,0.0,12.380527793574052,0.0,10.114901359540903,32.58473,13.917416379460052,30.624744,9.326020764296695
squeezed_Khánh Hòa,2017-09-01,0.0,16.223183121943062,0.0,14.885132937574975,0.0,14.406109604485989,32.58473,13.146241107901835,30.624744,16.61278320539137,42.13965,35.79656383309789
squeezed_Khánh Hòa,2017-10-01,0.0,16.39246770269576,0.0,12.390697656340329,32.58473,12.009212159230367,30.624744,14.582813200755432,42.13965,50.40740901626013,34.463047,42.7499722339584
squeezed_Khánh Hòa,2017-11-01,0.0,15.322254572460901,32.58473,10.744931523843752,30.624744,19.92829218293271,42.13965,49.88259854435573,34.463047,56.85933483365406,0.0,25.56928046562144
squeezed_Khánh Hòa,2017-12-01,32.58473,25.601053123822567,30.624744,11.212501448441696,42.13965,44.16779259147559,34.463047,47.5483403459361,0.0,31.647347886188484,39.853,67.73130435055646
squeezed_Kiên Giang,2016-01-01,32.869926,30.751196123368196,28.761187,32.2290485705075,25.721844,27.354973071988564,20.599989,34.914040356924126,23.245342,32.71875005308704,19.868296,40.650193386512086
squeezed_Kiên Giang,2016-02-01,28.761187,38.66750089899875,25.721844,35.60760659404281,20.599989,36.35853963721857,23.245342,35.593097431750856,19.868296,34.41845341884727,24.821299,33.58798093242554
squeezed_Kiên Giang,2016-03-01,25.721844,37.33786457373198,20.599989,34.69377236907265,23.245342,39.97280807954989,19.868296,37.76130479771484,24.821299,32.237190032105,23.020206,32.4476720247535
squeezed_Kiên Giang,2016-04-01,20.599989,31.652124672850363,23.245342,34.589605109991986,19.868296,34.832010457546126,24.821299,32.82237060453952,23.020206,28.74537372997879,18.573761,27.990533928126208
squeezed_Kiên Giang,2016-05-01,23.245342,26.060321699116454,19.868296,26.49106135975915,24.821299,22.423965064783424,23.020206,26.284606845269447,18.573761,24.54407995918969,18.686329,25.01244758386823
squeezed_Kiên Giang,2016-06-01,19.868296,25.975732284000973,24.821299,25.473205186489867,23.020206,22.278617472844523,18.573761,24.254891931272876,18.686329,22.807835928948307,18.686329,22.452361226205724
squeezed_Kiên Giang,2016-07-01,24.821299,23.49903173176245,23.020206,23.076938505145463,18.573761,19.888354997101867,18.686329,20.5961704582608,18.686329,21.152946159265976,16.580069,23.772707566218756
squeezed_Kiên Giang,2016-08-01,23.020206,31.261763725240332,18.573761,25.341544474720017,18.686329,21.6093675634254,18.686329,23.25602075492042,16.580069,22.252797243406707,30.416254,24.07101150962298
squeezed_Kiên Giang,2016-09-01,18.573761,25.416724826581174,18.686329,26.224350942118622,18.686329,21.564799990502998,16.580069,21.411467400351807,30.416254,23.54924717456619,24.344679,26.079760892180822
squeezed_Kiên Giang,2016-10-01,18.686329,23.164813876139785,18.686329,22.111316287714967,16.580069,21.641551169798596,30.416254,24.336771655058964,24.344679,26.14681824892479,23.060307,26.326055965822874
squeezed_Kiên Giang,2016-11-01,18.686329,21.89443436776886,16.580069,21.12612348687664,30.416254,22.96620888618693,24.344679,24.819433637291084,23.060307,25.820242753268197,23.118687,26.12672821463618
squeezed_Kiên Giang,2016-12-01,16.580069,29.185994666865483,30.416254,21.181132635910867,24.344679,24.534278981059053,23.060307,25.493660905498448,23.118687,25.8615579928448,25.51229,25.622923935231043
squeezed_Kiên Giang,2017-01-01,30.416254,23.27551395745684,24.344679,22.211897542901053,23.060307,20.954939671961327,23.118687,25.96392194750662,25.51229,26.465447856364005,20.958609,25.7977939017721
squeezed_Kiên Giang,2017-02-01,24.344679,34.02852461532674,23.060307,33.91420463215134,23.118687,29.641538935013763,25.51229,32.354193821080315,20.958609,28.74625731371291,19.499096,27.106182383053035
squeezed_Kiên Giang,2017-03-01,23.060307,32.21869149155797,23.118687,31.496136161043832,25.51229,29.67659127919177,20.958609,29.518767972470993,19.499096,25.283525680430312,20.725086,25.72834302943407
squeezed_Kiên Giang,2017-04-01,23.118687,27.411304100075675,25.51229,29.045175066667134,20.958609,23.847387741807772,19.499096,22.29759657263059,20.725086,24.718848055272126,19.323954,22.474385528533347
squeezed_Kiên Giang,2017-05-01,25.51229,27.28750517592847,20.958609,27.667580948500227,19.499096,21.00755696110897,20.725086,22.338841727951706,19.323954,23.02050335396679,15.237317,22.569617229660203
squeezed_Kiên Giang,2017-06-01,20.958609,28.879537361476796,19.499096,27.643280770579565,20.725086,24.750355399960725,19.323954,24.405216290185315,15.237317,23.42808714999475,17.397396,22.46471164365094
squeezed_Kiên Giang,2017-07-01,19.499096,23.49903173176245,20.725086,23.468758311197522,19.323954,20.29360109328756,15.237317,20.71106139643192,17.397396,22.47744686878191,15.540422,22.94347997489637
squeezed_Kiên Giang,2017-08-01,20.725086,23.164813876139785,19.323954,21.131233729480403,15.237317,19.17022712029498,17.397396,20.093550392833496,15.540422,21.92461879052849,22.524881,23.207413843167497
squeezed_Kiên Giang,2017-09-01,19.323954,21.89443436776886,15.237317,22.310597532574125,17.397396,18.76567752636916,15.540422,20.174447188121977,22.524881,21.93473244682989,23.39794,24.601493865070715
squeezed_Kiên Giang,2017-10-01,15.237317,23.164813876139785,17.397396,21.24039371763699,15.540422,20.785737349896564,22.524881,24.194097625887498,23.39794,25.84173975973259,18.39241,24.477555434380363
squeezed_Kiên Giang,2017-11-01,17.397396,21.28093468396234,15.540422,21.012644362589274,22.524881,21.425966437750837,23.39794,23.96344359804191,18.39241,24.19253027371503,19.789303,24.201830240402025
squeezed_Kiên Giang,2017-12-01,15.540422,28.897494347308438,22.524881,20.40926450641537,23.39794,21.205367361511403,18.39241,23.849732892872368,19.789303,23.727037452512263,15.365811,25.279463200495083
squeezed_Kon Tum,2016-01-01,249.90154,217.83266195945794,353.68256,239.82461587578211,276.09296,263.97477913478247,354.6672,271.7729594773819,374.55692,267.2498787084281,293.81647,285.696991167369
squeezed_Kon Tum,2016-02-01,353.68256,242.5797172223786,276.09296,254.7959871647324,354.6672,267.65353759247375,374.55692,259.9891068011298,293.81647,273.83873264989336,246.35683,251.09711435458115
squeezed_Kon Tum,2016-03-01,276.09296,263.7920018402512,354.6672,281.5221405422101,374.55692,289.7103721793985,293.81647,287.25495655597325,246.35683,262.42742480601237,275.6991,250.69327239613278
squeezed_Kon Tum,2016-04-01,354.6672,261.6380114808048,374.55692,269.9665726547793,293.81647,295.19985715157975,246.35683,283.2290482800714,275.6991,249.92882487231785,226.46712,234.25551612967186
squeezed_Kon Tum,2016-05-01,374.55692,274.69262093873346,293.81647,300.6053967867312,246.35683,291.3091585265296,275.6991,257.7265797426212,226.46712,254.8162036826284,202.83577,214.11627854656197
squeezed_Kon Tum,2016-06-01,293.81647,325.91594552333385,246.35683,296.3564806219405,275.6991,242.8579132755782,226.46712,245.3008220411114,202.83577,246.3571718578848,71.28791,243.93901573511607
squeezed_Kon Tum,2016-07-01,246.35683,262.08923082448916,275.6991,268.50088294156933,226.46712,241.14937621386557,202.83577,222.94181719060728,71.28791,225.75327040058437,206.11421,210.54501002067067
squeezed_Kon Tum,2016-08-01,275.6991,243.76663024081265,226.46712,242.27422248066836,202.83577,204.65097466713823,71.28791,201.10073274736362,206.11421,206.98948702065908,188.80984,233.90809759809176
squeezed_Kon Tum,2016-09-01,226.46712,248.64964218802314,202.83577,206.9215424819378,71.28791,211.33877338958573,206.11421,211.85845428443,188.80984,237.1135120714119,191.50163,252.797314147978
squeezed_Kon Tum,2016-10-01,202.83577,204.20075346622326,71.28791,191.8191255615525,206.11421,193.1697260911613,188.80984,248.9037090203513,191.50163,276.54545242709645,243.03018,270.1682722302419
squeezed_Kon Tum,2016-11-01,71.28791,212.07571777578707,206.11421,200.52509936352664,188.80984,247.1731614861437,191.50163,252.92840433620287,243.03018,254.34315957133018,237.83888,288.4285778692649
squeezed_Kon Tum,2016-12-01,206.11421,172.8215910769267,188.80984,179.0360280706391,191.50163,215.22650446074883,243.03018,200.81849440722607,237.83888,245.4377168911435,284.75293,204.05824260593013
squeezed_Kon Tum,2017-01-01,188.80984,188.6874072022269,191.50163,240.93483930647247,243.03018,266.24852243483014,237.83888,242.15489500110388,284.75293,223.49252131644366,264.37222,266.7599426332196
squeezed_Kon Tum,2017-02-01,191.50163,203.78254368346168,243.03018,253.4808970953601,237.83888,256.2850830912855,284.75293,219.85246830828373,264.37222,288.350727694015,241.6843,241.46100600966798
squeezed_Kon Tum,2017-03-01,243.03018,205.2555652206828,237.83888,234.3811060843236,284.75293,247.09384603302198,264.37222,237.44085503257216,241.6843,226.94181707290082,257.06595,202.78784837227778
squeezed_Kon Tum,2017-04-01,237.83888,275.8339546882348,284.75293,263.05511945248935,264.37222,258.2032163917816,241.6843,229.27384465054175,257.06595,203.75296751171496,269.17902,176.4675958225765
squeezed_Kon Tum,2017-05-01,284.75293,240.1337045073293,264.37222,255.03309725131857,241.6843,214.26732993906452,257.06595,200.41040319061963,269.17902,189.35730572819728,236.68526,169.94587644074727
squeezed_Kon Tum,2017-06-01,264.37222,253.17768833277904,241.6843,206.07067847361478,257.06595,198.07291693314752,269.17902,203.44276662693272,236.68526,186.74326610651732,259.75775,185.73028761784047
squeezed_Kon Tum,2017-07-01,241.6843,232.47177421156854,257.06595,208.08332938619665,269.17902,199.12321261003106,236.68526,202.8163847527435,259.75775,187.20387042424022,0.0,179.44247305375467
squeezed_Kon Tum,2017-08-01,257.06595,212.7009656970097,269.17902,186.22010073700085,236.68526,192.58277217389715,259.75775,197.88354766084854,0.0,181.17868968572967,0.0,208.53746124904933
squeezed_Kon Tum,2017-09-01,269.17902,228.6888113288517,236.68526,206.1499617408424,259.75775,185.75077580404695,0.0,190.69847858600232,0.0,210.41031385513088,0.0,213.07675767242606
squeezed_Kon Tum,2017-10-01,236.68526,224.78197098771392,259.75775,207.6705317964398,0.0,202.13831475696506,0.0,224.97064512316845,0.0,208.9895067438197,0.0,214.29629710437553
squeezed_Kon Tum,2017-11-01,259.75775,197.56806185160278,0.0,206.52993986742297,0.0,228.25211406716855,0.0,207.636895801646,0.0,212.7612908299046,0.0,231.82233381088204
squeezed_Kon Tum,2017-12-01,0.0,219.29287729395543,0.0,239.65015959432182,0.0,245.12540000238204,0.0,238.54593964961774,0.0,229.0125459831577,0.0,240.4901161412973
squeezed_Lai Châu,2016-01-01,75.68807,86.32426208433684,89.44954,92.62646237675995,94.26605,93.85029343360362,90.13761,90.25677289090665,109.633026,100.95083130212092,79.81651,95.03692356876374
squeezed_Lai Châu,2016-02-01,89.44954,87.4572182193603,94.26605,87.43276550130538,90.13761,103.82040596411403,109.633026,97.65945369247052,79.81651,94.73664690806072,67.201836,106.23215548624448
squeezed_Lai Châu,2016-03-01,94.26605,91.18434901438495,90.13761,93.82793892970818,109.633026,107.4256383893873,79.81651,103.08049207155926,67.201836,95.19666528260308,65.59633,91.08274573901657
squeezed_Lai Châu,2016-04-01,90.13761,96.95268769426983,109.633026,97.3872637931483,79.81651,91.2731935175552,67.201836,91.92503858390307,65.59633,79.30916282769545,51.37615,77.08620239898437
squeezed_Lai Châu,2016-05-01,109.633026,98.61939496420166,79.81651,88.09556658836959,67.201836,90.29374584232106,65.59633,81.45050466706654,51.37615,77.43471818717704,51.14679,72.7549868101284
squeezed_Lai Châu,2016-06-01,79.81651,98.64323933423594,67.201836,87.0668421744205,65.59633,88.46674782067062,51.37615,82.25385179442958,51.14679,79.87738051352463,45.87156,80.5985309344905
squeezed_Lai Châu,2016-07-01,67.201836,85.71957441112455,65.59633,81.39265101881689,51.37615,77.29047371361396,51.14679,73.93451749894483,45.87156,75.74013629036048,51.51856,76.9249473071434
squeezed_Lai Châu,2016-08-01,65.59633,76.34117424740018,51.37615,73.6200092352586,51.14679,73.23905847183259,45.87156,69.33958286324835,51.51856,66.35087202097759,0.0,65.53450528226821
squeezed_Lai Châu,2016-09-01,51.37615,70.07964077834929,51.14679,69.57456502310983,45.87156,65.93440150848639,51.51856,56.133588136070564,0.0,61.8300016614186,78.51518,77.08133924576029
squeezed_Lai Châu,2016-10-01,51.14679,61.31839286235708,45.87156,63.62998499571532,51.51856,60.03160423702093,0.0,60.22183304003057,78.51518,72.52869093576058,67.49156,71.70235720095752
squeezed_Lai Châu,2016-11-01,45.87156,60.26725927615204,51.51856,64.65395907548213,0.0,53.615520292838596,78.51518,61.857000537684826,67.49156,71.5270556981734,68.16648,67.5899168026919
squeezed_Lai Châu,2016-12-01,51.51856,56.19463854684917,0.0,53.8136954169258,78.51518,59.784192088182,67.49156,65.61737894815826,68.16648,57.80482663683459,69.291336,59.08099771214359
squeezed_Lai Châu,2017-01-01,0.0,61.12701082109754,78.51518,67.32809645146658,67.49156,76.74023912867801,68.16648,68.49754526865915,69.291336,68.59578890074478,63.44207,61.8655418767915
squeezed_Lai Châu,2017-02-01,78.51518,31.052087147662387,67.49156,36.33501561252747,68.16648,36.046707264145496,69.291336,35.893963872223146,63.44207,29.95694658761871,0.0,21.03697719944702
squeezed_Lai Châu,2017-03-01,67.49156,73.22102846496064,68.16648,72.70779540936854,69.291336,73.67789940265496,63.44207,65.49524217781226,0.0,59.81979639587372,67.49156,56.888519115093196
squeezed_Lai Châu,2017-04-01,68.16648,70.75538265775585,69.291336,72.15956760314727,63.44207,66.78438210781407,0.0,56.165176743221345,67.49156,53.85563028851075,61.192352,51.98037874716421
squeezed_Lai Châu,2017-05-01,69.291336,75.67646153473473,63.44207,71.82747330225004,0.0,81.35620088864748,67.49156,54.2757126289141,61.192352,55.35665146377642,66.81665,54.86202117062131
squeezed_Lai Châu,2017-06-01,63.44207,66.51375219956266,0.0,62.94770890189491,67.49156,59.94455166805726,61.192352,55.24423254520061,66.81665,60.0894886446369,68.39145,58.317871206275804
squeezed_Lai Châu,2017-07-01,0.0,62.663892922925456,67.49156,55.36074866107651,61.192352,57.11776041796718,66.81665,53.73385324992127,68.39145,53.064158680445075,98.36789,53.53801210074726
squeezed_Lai Châu,2017-08-01,67.49156,31.09130383686375,61.192352,31.7053856738213,66.81665,30.561484797777737,68.39145,35.55167979014951,98.36789,30.61273481735825,105.86678,38.685445002274236
squeezed_Lai Châu,2017-09-01,61.192352,55.1486299919708,66.81665,55.00154100718794,68.39145,47.906300908658025,98.36789,48.43207808949682,105.86678,60.76191806768643,91.530655,51.01852206923436
squeezed_Lai Châu,2017-10-01,66.81665,55.91395287070652,68.39145,55.97919978130748,98.36789,54.19958885475831,105.86678,61.907420961943714,91.530655,57.62766742816899,88.88399,67.73079750346463
squeezed_Lai Châu,2017-11-01,68.39145,62.24210450778016,98.36789,56.817836769685755,105.86678,65.52895830957976,91.530655,54.64139570175424,88.88399,64.61381257452072,132.33348,73.33515803367489
squeezed_Lai Châu,2017-12-01,98.36789,60.03271976399751,105.86678,70.94840305875562,91.530655,76.33010368729842,88.88399,68.66836180900485,132.33348,77.20066099254397,114.2479,80.40591268273919
squeezed_Long An,2016-01-01,29.719576,35.517134105799826,35.8245,35.21712780278244,36.897892,37.24886471296776,34.21441,42.97855506287537,30.32336,39.336444614097935,30.927143,48.38272391319474
squeezed_Long An,2016-02-01,35.8245,36.375279413005096,36.897892,36.26143974809552,34.21441,43.15449085842503,30.32336,41.726998118747815,30.927143,40.726139063577996,31.396753,44.6263319095012
squeezed_Long An,2016-03-01,36.897892,40.25198792544643,34.21441,40.742345529344895,30.32336,41.53232799587174,30.927143,39.495544893069464,31.396753,35.480918653182734,32.87267,44.791996503026596
squeezed_Long An,2016-04-01,34.21441,41.51969302171988,30.32336,41.118106070047716,30.927143,39.99177369266929,31.396753,37.555645943731555,32.87267,36.2722676527126,28.24366,43.03203746392531
squeezed_Long An,2016-05-01,30.32336,41.418973260531985,30.927143,37.06138912773079,31.396753,38.50734193671143,32.87267,36.7056853889995,28.24366,36.727328419327335,25.627264,39.7571741900289
squeezed_Long An,2016-06-01,30.927143,35.58131787387365,31.396753,35.80992366143495,32.87267,36.01067388012908,28.24366,35.12494107733977,25.627264,38.432009838407,3.6227024,34.25918786951142
squeezed_Long An,2016-07-01,31.396753,34.97538159297228,32.87267,37.3668630385068,28.24366,33.0886567192039,25.627264,32.49115909688712,3.6227024,32.36304895598485,23.280996,33.94428462659225
squeezed_Long An,2016-08-01,32.87267,35.967884246431474,28.24366,34.56118253282369,25.627264,30.236374316149753,3.6227024,31.978043639794386,23.280996,31.641795479843495,21.476269,34.73628425825479
squeezed_Long An,2016-09-01,28.24366,37.20334224704422,25.627264,33.43339512828029,3.6227024,31.133550743478526,23.280996,31.52000070839729,21.476269,31.85672503220449,25.145882,36.60723705749321
squeezed_Long An,2016-10-01,25.627264,34.9431567728021,3.6227024,31.600815163314056,23.280996,33.140626841533646,21.476269,34.76836787412272,25.145882,36.48875971733456,23.220839,37.45731043304232
squeezed_Long An,2016-11-01,3.6227024,29.090834705496363,23.280996,33.506272633778195,21.476269,32.4634568794056,25.145882,34.63730549188523,23.220839,35.42763770113375,24.123203,37.62611297155399
squeezed_Long An,2016-12-01,23.280996,26.39182298494951,21.476269,16.131801941929506,25.145882,26.720528212577484,23.220839,35.5110745967425,24.123203,27.36903948409772,22.739578,28.75867693062681
squeezed_Long An,2017-01-01,21.476269,25.256230504513958,25.145882,29.85345383800683,23.220839,35.63285692168907,24.123203,33.04414320332089,22.739578,32.041161258146374,20.032486,33.4186594388127
squeezed_Long An,2017-02-01,25.145882,28.835233112649153,23.220839,32.65264998146352,24.123203,29.17559657595024,22.739578,34.1269690286607,20.032486,33.44265429545934,21.17548,36.5625442582416
squeezed_Long An,2017-03-01,23.220839,31.979611397278738,24.123203,34.080131826156766,22.739578,35.3644919716484,20.032486,32.98012911285287,21.17548,28.94461194516696,20.573904,30.228251739855455
squeezed_Long An,2017-04-01,24.123203,29.345719444840395,22.739578,33.14103156280873,20.032486,27.131905700959447,21.17548,28.4632662753915,20.573904,26.44162211961956,22.198158,28.48811222225226
squeezed_Long An,2017-05-01,22.739578,29.345719444840395,20.032486,28.856226544690738,21.17548,23.491565586338403,20.573904,24.801240933826442,22.198158,24.084499750499727,14.678457,29.95395083119767
squeezed_Long An,2017-06-01,20.032486,25.539645338184272,21.17548,26.773253906909613,20.573904,22.346405822858543,22.198158,26.2523357222758,14.678457,26.63363924966105,19.250437,40.32419861335434
squeezed_Long An,2017-07-01,21.17548,23.164813876139785,20.573904,23.89309787878689,22.198158,21.195593159761046,14.678457,23.31653873488725,19.250437,43.06450041519021,21.680862,31.103655690638867
squeezed_Long An,2017-08-01,20.573904,24.146345318210248,22.198158,25.450923991095394,14.678457,20.055049759611727,19.250437,38.90494607997933,21.680862,25.49733738141249,22.276491,27.989531170611237
squeezed_Long An,2017-09-01,22.198158,23.164813876139785,14.678457,23.021190768719883,19.250437,45.36085071888151,21.680862,24.432006764363287,22.276491,24.413296901036148,26.50545,31.87476867127922
squeezed_Long An,2017-10-01,14.678457,25.416724826581174,19.250437,42.73620863897033,21.680862,26.392189155140315,22.276491,26.852113867442966,26.50545,31.10697319761505,23.586872,31.154823035062446
squeezed_Long An,2017-11-01,19.250437,31.698262524254744,21.680862,22.93472732802089,22.276491,22.080561988359648,26.50545,26.267588556364405,23.586872,27.409180557076574,24.659002,31.44882846232854
squeezed_Long An,2017-12-01,21.680862,29.185994666865483,22.276491,24.216502661680234,26.50545,21.648460851792823,23.586872,30.51364349570055,24.659002,28.954368632475557,22.752993,34.06239188529987
squeezed_Lào Cai,2016-01-01,88.84992,105.52624371565001,90.74967,111.03226866060352,93.23396,105.93832002969661,98.202545,95.726506554055,113.40056,124.62100848147061,94.69531,130.41833468163125
squeezed_Lào Cai,2016-02-01,90.74967,109.27933770591444,93.23396,116.84846528912126,98.202545,124.97400694245144,113.40056,120.13860906073329,94.69531,128.4251285160829,60.20751,122.24882908266193
squeezed_Lào Cai,2016-03-01,93.23396,111.97270040517124,98.202545,115.57089854371887,113.40056,122.44739709697654,94.69531,131.6108706578331,60.20751,100.21787973638894,96.01052,114.4409732555501
squeezed_Lào Cai,2016-04-01,98.202545,127.68486138652152,113.40056,113.62832419757355,94.69531,115.18277948431708,60.20751,116.66227602545952,96.01052,91.10126523983743,90.019,90.36928318226448
squeezed_Lào Cai,2016-05-01,113.40056,120.4075299768027,94.69531,120.94357598728217,60.20751,103.11816957875526,96.01052,94.10843527710553,90.019,86.13711037957734,78.91276,82.69165424367243
squeezed_Lào Cai,2016-06-01,94.69531,121.14484861694461,60.20751,102.65850253020871,96.01052,96.46810355616323,90.019,85.40284385160633,78.91276,84.60807065595468,72.921234,85.9278009171318
squeezed_Lào Cai,2016-07-01,60.20751,113.52498056586086,96.01052,91.75269439323343,90.019,78.74290547270162,78.91276,80.7163912862352,72.921234,80.35343245017214,61.812023,70.2061182062515
squeezed_Lào Cai,2016-08-01,96.01052,91.48249705482596,90.019,75.46695338535105,78.91276,70.9781892548162,72.921234,66.23409548191704,61.812023,70.42782064456178,0.0,72.28203538045032
squeezed_Lào Cai,2016-09-01,90.019,86.44564424362756,78.91276,83.76878576041557,72.921234,73.12684599160204,61.812023,66.92017129967702,0.0,79.94308757060787,0.0,73.67369513436535
squeezed_Lào Cai,2016-10-01,78.91276,86.87905230393764,72.921234,77.5397357377168,61.812023,75.69350178374775,0.0,74.1810926142104,0.0,81.31892599918912,0.0,83.57679455241322
squeezed_Lào Cai,2016-11-01,72.921234,83.54585859476376,61.812023,74.69071374473641,0.0,73.01684912118272,0.0,83.76785792729952,0.0,84.92911317381882,69.29156,83.65516429542008
squeezed_Lào Cai,2016-12-01,61.812023,74.36274708385365,0.0,73.4356509987032,0.0,77.45571178379859,0.0,65.22616881100988,69.29156,75.82303099791731,60.11854,110.74458509640355
squeezed_Lào Cai,2017-01-01,0.0,76.33567120260746,0.0,78.99527776789583,0.0,85.27634886470011,69.29156,70.48565597366778,60.11854,91.37937128302066,50.945526,104.57164595246394
squeezed_Lào Cai,2017-02-01,0.0,29.992533533647357,0.0,29.106976674075682,69.29156,40.73921001356365,60.11854,39.97711239609602,50.945526,34.91169395603375,56.025967,43.029993271608895
squeezed_Lào Cai,2017-03-01,0.0,6.621500876161368,69.29156,8.07142269589855,60.11854,18.109356305023436,50.945526,34.99337378850229,56.025967,4.986419462285172,71.54954,30.936012896124154
squeezed_Lào Cai,2017-04-01,69.29156,8.437342446400873,60.11854,7.958690172705007,50.945526,14.045703363124094,56.025967,20.614479969386288,71.54954,19.75486029652832,77.617836,8.134935997339616
squeezed_Lào Cai,2017-05-01,60.11854,72.34326905818158,50.945526,79.80221847951135,56.025967,77.83740859766206,71.54954,69.82076509552422,77.617836,58.69621198660028,60.683037,49.18218232812538
squeezed_Lào Cai,2017-06-01,50.945526,71.32474759244654,56.025967,56.79878183404896,71.54954,63.81648292400946,77.617836,56.514256284039604,60.683037,47.42777899928045,0.0,48.147295644382474
squeezed_Lào Cai,2017-07-01,56.025967,58.432231779437636,71.54954,52.25015346638089,77.617836,62.928209290753855,60.683037,44.942048368633436,0.0,47.34628024011499,72.83574,41.89585298610158
squeezed_Lào Cai,2017-08-01,71.54954,60.807502293588804,77.617836,58.60166826122263,60.683037,52.78626702166447,0.0,50.03539749468318,72.83574,48.40800653294171,58.82353,46.32894890336236
squeezed_Lào Cai,2017-09-01,77.617836,73.51917727072653,60.683037,62.61199381700266,0.0,59.38980961157428,72.83574,51.74643761631065,58.82353,65.19377910235623,55.216427,48.681684995017946
squeezed_Lào Cai,2017-10-01,60.683037,75.77233996433986,0.0,55.062547695038,72.83574,64.46537408527341,58.82353,61.53379548860323,55.216427,66.93096990999766,57.852386,94.70236469714625
squeezed_Lào Cai,2017-11-01,0.0,61.741780263711156,72.83574,60.11219445620499,58.82353,60.95804212345521,55.216427,67.96607896427267,57.852386,84.23601038938546,84.76692,92.98974561197018
squeezed_Lào Cai,2017-12-01,72.83574,38.53163694279617,58.82353,47.6925407044685,55.216427,72.38077036035929,57.852386,72.4965792632934,84.76692,67.33377993247154,57.574917,79.08711269220397
squeezed_Lâm Đồng,2016-01-01,41.608444,42.70649277305687,62.645554,41.02408198636105,44.40304,45.936177787362816,66.91508,47.16811112074472,59.30756,50.02673305427284,66.29405,46.0523736036439
squeezed_Lâm Đồng,2016-02-01,62.645554,46.87237565963011,44.40304,46.18735554513379,66.91508,53.70257916142312,59.30756,48.15800658860992,66.29405,50.03436339707603,44.48067,54.40033938605784
squeezed_Lâm Đồng,2016-03-01,44.40304,60.22384623248303,66.91508,58.847325321964846,59.30756,57.427023671983925,66.29405,52.09221227622618,44.48067,54.70081931555902,62.33504,43.824157637223706
squeezed_Lâm Đồng,2016-04-01,66.91508,56.60171351110331,59.30756,48.793139230075354,66.29405,44.95726369830692,44.48067,47.57056969798777,62.33504,40.56530452174626,60.00621,38.45781937780409
squeezed_Lâm Đồng,2016-05-01,59.30756,61.825625236869925,66.29405,57.0978329254371,44.48067,52.62319266236917,62.33504,47.24125678556823,60.00621,46.72313954718922,46.654247,42.36244998521627
squeezed_Lâm Đồng,2016-06-01,66.29405,56.38589632580657,44.48067,51.97223717703728,62.33504,48.19655482483523,60.00621,49.54673016600825,46.654247,48.34356002509457,46.654247,47.150656308194286
squeezed_Lâm Đồng,2016-07-01,44.48067,60.99300900164877,62.33504,54.45018590601916,60.00621,49.76642406725468,46.654247,48.62275067028355,46.654247,49.04494206631479,34.73035,45.586915496745114
squeezed_Lâm Đồng,2016-08-01,62.33504,49.6209097803792,60.00621,48.01288543425469,46.654247,45.042303932536896,46.654247,45.53175330564886,34.73035,42.36971070348101,56.03684,46.02420335715829
squeezed_Lâm Đồng,2016-09-01,60.00621,57.07000173917084,46.654247,53.054397440394695,46.654247,50.649404452726934,34.73035,49.07119330446172,56.03684,49.37273886883151,77.8116,48.03209564369323
squeezed_Lâm Đồng,2016-10-01,46.654247,56.77388798524258,46.654247,53.87520565051413,34.73035,52.31574470201546,56.03684,52.400108279119856,77.8116,51.13184290040242,66.651054,54.980177605760865
squeezed_Lâm Đồng,2016-11-01,46.654247,52.26013083890915,34.73035,49.694541777136784,56.03684,47.53905725181523,77.8116,49.213523109754355,66.651054,46.510590740413875,100.83509,49.219645789692684
squeezed_Lâm Đồng,2016-12-01,34.73035,49.818470390849534,56.03684,48.20354878680976,77.8116,45.02982983085287,66.651054,49.12251340410419,100.83509,49.44583090015863,132.52165,52.52086013983503
squeezed_Lâm Đồng,2017-01-01,56.03684,46.6810309699581,77.8116,45.1899621994364,66.651054,43.993065670211415,100.83509,48.91752202816571,132.52165,52.47567304246234,85.225945,54.38600132764505
squeezed_Lâm Đồng,2017-02-01,77.8116,53.74820368334672,66.651054,52.13906706996233,100.83509,57.04119389972828,132.52165,54.52536816640362,85.225945,54.61731426161561,64.465775,53.98142040095052
squeezed_Lâm Đồng,2017-03-01,66.651054,71.26773063409357,100.83509,65.87721488893769,132.52165,64.6848135381602,85.225945,60.763798515840605,64.465775,59.45205370700408,63.217045,54.7635593898617
squeezed_Lâm Đồng,2017-04-01,100.83509,66.93054086429379,132.52165,63.44560071668335,85.225945,57.74247457847872,64.465775,54.91013039966795,63.217045,53.439196988043015,55.256382,49.04705505768273
squeezed_Lâm Đồng,2017-05-01,132.52165,82.14576524371999,85.225945,79.56139783618688,64.465775,74.12862185453932,63.217045,75.06775270555794,55.256382,65.39334149929294,47.139626,54.67444541705797
squeezed_Lâm Đồng,2017-06-01,85.225945,103.28871836251399,64.465775,84.15897200526737,63.217045,85.06757903882384,55.256382,76.72146650355165,47.139626,79.17148509372687,46.359165,76.80989148515091
squeezed_Lâm Đồng,2017-07-01,64.465775,83.13243435354445,63.217045,80.15786502744916,55.256382,66.95996209941525,47.139626,76.22339435692402,46.359165,70.87860052048168,22.843426,64.2012648721835
squeezed_Lâm Đồng,2017-08-01,63.217045,72.55064859826025,55.256382,66.15758576344489,47.139626,71.32795785214512,46.359165,66.51300401202258,22.843426,62.140578469199404,45.22224,61.94487581193378
squeezed_Lâm Đồng,2017-09-01,55.256382,63.3968022484831,47.139626,60.96606609307686,46.359165,65.53835046321254,22.843426,60.71156638073677,45.22224,65.17567680809418,74.33793,63.10338556384343
squeezed_Lâm Đồng,2017-10-01,47.139626,62.9874628213206,46.359165,60.220963814251704,22.843426,58.83192096279715,45.22224,61.05960518394561,74.33793,62.485498065154495,68.375404,67.8285206219895
squeezed_Lâm Đồng,2017-11-01,46.359165,60.178045115921,22.843426,55.14854509273023,45.22224,53.72251359157539,74.33793,59.65505713620949,68.375404,58.10112586089967,78.67431,61.867959394776626
squeezed_Lâm Đồng,2017-12-01,22.843426,52.36797285099772,45.22224,54.61887304493621,74.33793,51.107405198860796,68.375404,68.5537548063685,78.67431,69.07373088020445,88.895775,64.16286139674044
squeezed_Lạng Sơn,2016-01-01,40.718094,50.612575886907955,52.426174,58.92513703056372,49.04384,56.69558168330185,58.280212,57.13908003502406,30.831274,56.69007900925184,26.668402,62.48124107848542
squeezed_Lạng Sơn,2016-02-01,52.426174,45.82513569094019,49.04384,54.81090326402347,58.280212,62.2672646005831,30.831274,58.50185330250468,26.668402,61.99349311644859,55.808506,66.64229008507714
squeezed_Lạng Sơn,2016-03-01,49.04384,53.556194294274995,58.280212,54.73475224916626,30.831274,65.44404184291254,26.668402,63.911877257413366,55.808506,53.48058459699194,45.401325,57.32926660077712
squeezed_Lạng Sơn,2016-04-01,58.280212,55.146132954509994,30.831274,54.915483641047615,26.668402,57.23900912285651,55.808506,46.951860559170754,45.401325,48.08657686950695,40.197735,52.14382144510505
squeezed_Lạng Sơn,2016-05-01,30.831274,60.17975265607854,26.668402,58.01465116673778,55.808506,52.89703116592792,45.401325,50.89872294979546,40.197735,50.939986954123924,40.067646,48.960675198881894
squeezed_Lạng Sơn,2016-06-01,26.668402,46.47804201745432,55.808506,43.18729580494395,45.401325,42.04080928349458,40.197735,44.56237484640699,40.067646,44.33576267610193,7.545206,42.783059796983366
squeezed_Lạng Sơn,2016-07-01,55.808506,38.90925881803953,45.401325,32.852554958317555,40.197735,37.18498618116282,40.067646,38.32215229942744,7.545206,37.0454845990602,30.050735,33.78174692029465
squeezed_Lạng Sơn,2016-08-01,45.401325,50.265834698168064,40.197735,48.16217223177951,40.067646,45.15352550986178,7.545206,45.21050136764437,30.050735,42.81793247543026,34.213608,45.055368476737364
squeezed_Lạng Sơn,2016-09-01,40.197735,50.03158053868499,40.067646,44.79077166685642,7.545206,43.544643092810674,30.050735,39.893932378674,34.213608,38.31615259007969,34.864056,43.44620660805145
squeezed_Lạng Sơn,2016-10-01,40.067646,41.54775144721618,7.545206,44.80044581224156,30.050735,41.35181931879826,34.213608,35.91213557210416,34.864056,42.382914809857986,37.59594,42.6270987831046
squeezed_Lạng Sơn,2016-11-01,7.545206,43.761221988062736,30.050735,40.097337754896515,34.213608,42.90427180041666,34.864056,46.56396444119885,37.59594,44.9659338918159,50.604916,47.53939315964848
squeezed_Lạng Sơn,2016-12-01,30.050735,33.754332444213944,34.213608,23.14408713814835,34.864056,30.858314525581132,37.59594,30.721843130438288,50.604916,33.21436745921286,42.409264,28.64654197345497
squeezed_Lạng Sơn,2017-01-01,34.213608,35.96634369354279,34.864056,35.09564778565279,37.59594,34.419879181887126,50.604916,38.39454520897685,42.409264,35.724013073202016,34.994144,30.35969784061532
squeezed_Lạng Sơn,2017-02-01,34.864056,40.24066841819749,37.59594,41.56142081852576,50.604916,48.03010968251517,42.409264,42.38058922456477,34.994144,40.30111059465253,33.30298,35.86602782311528
squeezed_Lạng Sơn,2017-03-01,37.59594,41.96411780974902,50.604916,39.561814177743244,42.409264,39.6041679378286,34.994144,35.287546702185665,33.30298,35.25358348600755,26.79849,34.1519283420571
squeezed_Lạng Sơn,2017-04-01,50.604916,41.57989787505378,42.409264,41.53757372171692,34.994144,38.0400888564419,33.30298,36.49611605396713,26.79849,35.4021451823972,27.57903,39.84684620899271
squeezed_Lạng Sơn,2017-05-01,42.409264,50.37902063603417,34.994144,45.105068947772274,33.30298,47.921546722020906,26.79849,35.20715395578658,27.57903,37.18957104849612,23.936516,37.91545307915394
squeezed_Lạng Sơn,2017-06-01,34.994144,43.91989802059767,33.30298,43.28434340340636,26.79849,37.18108865508198,27.57903,36.04209854827456,23.936516,39.2230927394633,29.920645,44.10630938093223
squeezed_Lạng Sơn,2017-07-01,33.30298,39.86258608320668,26.79849,39.52878676830602,27.57903,35.44788117455485,23.936516,37.58447113479452,29.920645,52.09719433269498,20.621214,35.73661243958208
squeezed_Lạng Sơn,2017-08-01,26.79849,38.054282895805244,27.57903,35.049615999054616,23.936516,33.9116079994629,29.920645,41.68935096882614,20.621214,37.75576712690593,22.941101,35.18737805842276
squeezed_Lạng Sơn,2017-09-01,27.57903,36.078139021152914,23.936516,31.60200386083201,29.920645,36.823782347555685,20.621214,35.88668594189387,22.941101,32.857759394502395,31.447351,36.039066009670194
squeezed_Lạng Sơn,2017-10-01,23.936516,33.82334674789765,29.920645,34.62675400857169,20.621214,32.996705698957996,22.941101,36.051476154222364,31.447351,39.328838674595715,25.776518,40.1391390139193
squeezed_Lạng Sơn,2017-11-01,29.920645,29.362520950655604,20.621214,31.634503200978077,22.941101,32.35535327462678,31.447351,36.643923872246376,25.776518,40.145955725716036,33.122826,38.457261430141806
squeezed_Lạng Sơn,2017-12-01,20.621214,34.51109959056476,22.941101,34.02651345294578,31.447351,36.51341130872317,25.776518,39.62632816840317,33.122826,39.543154132241554,25.003222,43.13419860083393
squeezed_Nam Định,2016-01-01,24.398144,28.41295241074573,23.91234,29.244999679641534,28.176617,27.958578494981147,21.699234,30.21655466062303,25.801577,31.07565452081285,27.097054,29.260908051553702
squeezed_Nam Định,2016-02-01,23.91234,30.85191588455609,28.176617,32.183074115790085,21.699234,33.80551215789804,25.801577,31.81917398712893,27.097054,32.6904562743517,25.96351,30.58800750774703
squeezed_Nam Định,2016-03-01,28.176617,28.849039356562436,21.699234,31.824675861579006,25.801577,29.714877714483887,27.097054,30.496586302715663,25.96351,28.543302714788037,22.72482,26.93959757442069
squeezed_Nam Định,2016-04-01,21.699234,36.19983267317984,25.801577,30.50134160666962,27.097054,33.24509012408255,25.96351,28.537330848500957,22.72482,27.21310310776815,24.560078,26.20613437845029
squeezed_Nam Định,2016-05-01,25.801577,27.388224937116362,27.097054,29.616737066333855,25.96351,26.445027381765282,22.72482,23.885859455772106,24.560078,24.672419637758626,25.477707,24.326574562033635
squeezed_Nam Định,2016-06-01,27.097054,28.879537361476796,25.96351,27.63016284554687,22.72482,24.65399036477728,24.560078,26.50456476413152,25.477707,24.727489154618258,25.69362,23.73521984605101
squeezed_Nam Định,2016-07-01,25.96351,33.2036050890153,22.72482,28.357318981587063,24.560078,25.712211483733565,25.477707,26.045824559850228,25.69362,25.523598453052863,21.80964,22.442623484211374
squeezed_Nam Định,2016-08-01,22.72482,28.756616849873698,24.560078,29.379854271501504,25.477707,26.633360221942887,25.69362,25.611206220816495,21.80964,23.260747689959253,25.612349,23.851853885345488
squeezed_Nam Định,2016-09-01,24.560078,25.416724826581174,25.477707,26.400750370633425,25.69362,20.60375741519317,21.80964,20.825875068372163,25.612349,23.52288043831718,26.227491,27.31707656420316
squeezed_Nam Định,2016-10-01,25.477707,28.756616849873698,25.69362,26.59362589048184,21.80964,23.336036879924563,25.612349,26.684018100994216,26.227491,27.12764259443985,18.957611,27.31868216591978
squeezed_Nam Định,2016-11-01,25.69362,28.85733661106159,21.80964,29.768361612537834,25.612349,24.65549967613448,26.227491,28.388265457735308,18.957611,29.907563280271535,21.418186,21.78880824093107
squeezed_Nam Định,2016-12-01,21.80964,32.611276420377756,25.612349,30.98382427284356,26.227491,24.200470818168473,18.957611,27.432231433985212,21.418186,29.435593628646043,0.0,25.871953800607294
squeezed_Nam Định,2017-01-01,25.612349,28.289153486598526,26.227491,31.834986771525845,18.957611,20.006784699131174,21.418186,31.562070577986322,0.0,28.147843539074746,13.645006,27.225770600532545
squeezed_Nam Định,2017-02-01,26.227491,31.752844434038256,18.957611,32.613525566447606,21.418186,31.14238254821365,0.0,32.293006082343396,13.645006,30.516445018561317,25.220892,25.578939009696132
squeezed_Nam Định,2017-03-01,18.957611,31.752844434038256,21.418186,30.857698395200295,0.0,30.261511410149645,13.645006,30.385097845304916,25.220892,25.60199500679719,21.977407,25.53242410872173
squeezed_Nam Định,2017-04-01,21.418186,25.26011291082218,0.0,26.154083317690873,13.645006,22.763965765378313,25.220892,24.4132685454924,21.977407,24.537464167721826,21.194498,25.052431338279973
squeezed_Nam Định,2017-05-01,0.0,26.568316900097944,13.645006,27.28513659667357,25.220892,21.098396435883327,21.977407,21.106355857664536,21.194498,22.913350862905617,19.404987,24.373274367281155
squeezed_Nam Định,2017-06-01,13.645006,13.185204248402467,25.220892,12.056100891178627,21.977407,14.659775610170215,21.194498,15.661966978647849,19.404987,18.014555321026116,14.092383,21.786309042775407
squeezed_Nam Định,2017-07-01,25.220892,17.806281072891483,21.977407,19.368230020719967,21.194498,13.280137916662097,19.404987,15.518952928693793,14.092383,17.14621774807802,0.0,15.09448162305334
squeezed_Nam Định,2017-08-01,21.977407,27.486237341502758,21.194498,25.94671625610969,19.404987,22.875395625822833,14.092383,23.43741610706891,0.0,19.02584918200631,0.0,22.93491618793757
squeezed_Nam Định,2017-09-01,21.194498,25.416724826581174,19.404987,26.016256928807838,14.092383,19.782773835997915,0.0,20.199862459894813,0.0,23.12179031383747,0.0,25.713450810350167
squeezed_Nam Định,2017-10-01,19.404987,25.416724826581174,14.092383,25.90709694065125,0.0,20.939378868192996,0.0,24.74693693280645,0.0,27.716659339034802,0.0,27.017019300672107
squeezed_Nam Định,2017-11-01,14.092383,23.265533637327678,0.0,23.357986855927454,0.0,25.486815804111174,0.0,26.31943605886768,0.0,31.62305721729999,0.0,31.41094781642867
squeezed_Nam Định,2017-12-01,0.0,29.75457702459837,0.0,26.21405960947772,0.0,25.018510829715325,0.0,27.29272525959365,0.0,32.02790173959444,0.0,50.99421949196751
squeezed_Nghệ An,2016-01-01,36.805668,48.58710545624371,40.766384,48.05966778079669,38.737724,49.97409739507956,43.82547,52.292716993054945,47.013363,55.386487752057356,41.3782,53.113282235284984
squeezed_Nghệ An,2016-02-01,40.766384,45.148553317544724,38.737724,46.24978334280353,43.82547,55.014542297334515,47.013363,52.53516412986453,41.3782,55.41306320549805,41.603607,51.2779535785137
squeezed_Nghệ An,2016-03-01,38.737724,45.23819202700194,43.82547,46.84156108059704,47.013363,50.46796373293102,41.3782,48.916741003284585,41.603607,45.527831691816026,41.08839,47.9701040018925
squeezed_Nghệ An,2016-04-01,43.82547,46.68313829590154,47.013363,44.17711427261,41.3782,46.80172690652606,41.603607,43.05340950716778,41.08839,45.52791285526014,40.862984,44.6775765215342
squeezed_Nghệ An,2016-05-01,47.013363,48.983899174528325,41.3782,43.3229551915766,41.603607,46.55216594903683,41.08839,42.59050342329061,40.862984,40.88575324215355,42.312027,40.830562217783516
squeezed_Nghệ An,2016-06-01,41.3782,47.62743775398659,41.603607,50.84122430706677,41.08839,46.88222734712414,40.862984,42.105650251263974,42.312027,42.78273055977003,0.64401865,40.99095026329876
squeezed_Nghệ An,2016-07-01,41.603607,45.35617902749432,41.08839,43.74610612140705,40.862984,39.394278010939686,42.312027,37.55252110378405,0.64401865,40.52444978487249,27.905258,40.500154911822456
squeezed_Nghệ An,2016-08-01,41.08839,43.04757295590143,40.862984,40.46223011540993,42.312027,37.50749304913995,0.64401865,38.44317730166667,27.905258,39.21309743816582,31.324114,38.86626045019084
squeezed_Nghệ An,2016-09-01,40.862984,42.89768034338635,42.312027,40.118227515078054,0.64401865,37.2636879775702,27.905258,35.97804157057444,31.324114,39.76260068126791,30.985308,42.702634583535136
squeezed_Nghệ An,2016-10-01,42.312027,42.205833246310384,0.64401865,39.91902978566575,27.905258,37.457209647283165,31.324114,38.01998260271977,30.985308,41.176115826061405,28.05926,44.40000312479942
squeezed_Nghệ An,2016-11-01,0.64401865,42.30655300749828,27.905258,39.56019211015165,31.324114,35.51725270658052,30.985308,40.51792768197001,28.05926,42.70771231629911,27.227646,46.51025185436229
squeezed_Nghệ An,2016-12-01,27.905258,29.759267003438136,31.324114,21.406670252108324,30.985308,21.90094562229812,28.05926,29.098926729692487,27.227646,30.323422244087933,34.09616,28.31016215626588
squeezed_Nghệ An,2017-01-01,31.324114,33.62837621111899,30.985308,33.63222062366467,28.05926,32.07666883403998,27.227646,31.293178499114106,34.09616,33.87886942966827,40.25626,25.575700058434364
squeezed_Nghệ An,2017-02-01,30.985308,36.686647356955234,28.05926,41.114364290913365,27.227646,41.13998986875244,34.09616,39.124601034192125,40.25626,41.13876788256529,0.0,38.42237898926122
squeezed_Nghệ An,2017-03-01,28.05926,37.780613241169235,27.227646,39.50247472775833,34.09616,39.925051637084984,40.25626,37.29872409192117,0.0,32.4392436323783,36.375397,34.2662785719718
squeezed_Nghệ An,2017-04-01,27.227646,37.87590819682738,34.09616,36.81971813304442,40.25626,35.53537105441946,0.0,34.3286986502045,36.375397,36.245020781335505,37.08381,33.284542424158744
squeezed_Nghệ An,2017-05-01,34.09616,36.62211337508326,40.25626,32.68757432189982,0.0,35.86371770013812,36.375397,30.550482060910642,37.08381,32.28783707796554,42.966705,36.30805517158213
squeezed_Nghệ An,2017-06-01,40.25626,35.5454100362535,0.0,33.94419934658703,36.375397,35.538353665221884,37.08381,30.490119263587562,42.966705,29.184461289997312,36.6218,38.57532624553443
squeezed_Nghệ An,2017-07-01,0.0,38.61387691459313,36.375397,36.155936180738884,37.08381,31.921669862319675,42.966705,30.932664314534815,36.6218,47.16874510811835,28.923862,33.750569694759356
squeezed_Nghệ An,2017-08-01,36.375397,20.416408698342014,37.08381,17.091494673608704,42.966705,17.335493678490838,36.6218,39.13065418877895,28.923862,22.475233364355432,25.58182,24.996566847461775
squeezed_Nghệ An,2017-09-01,37.08381,32.55516248225882,42.966705,31.378787619770694,36.6218,37.34744463567224,28.923862,23.728287132968557,25.58182,22.833357756499293,30.625265,27.866755550367934
squeezed_Nghệ An,2017-10-01,42.966705,37.57656203671779,36.6218,40.37239404893083,28.923862,33.07246867261404,25.58182,31.622096971258536,30.625265,36.770339385755534,38.342346,35.20760473625147
squeezed_Nghệ An,2017-11-01,36.6218,40.08027501560223,28.923862,39.12984989781734,25.58182,34.41877137503064,30.625265,36.18750154445821,38.342346,40.257050423786,41.471714,39.609702006747455
squeezed_Nghệ An,2017-12-01,28.923862,40.578192449416605,25.58182,40.81564273338082,30.625265,38.177906337994074,38.342346,40.622132885293034,41.471714,46.58940028226761,34.24075,46.90407099180401
squeezed_Ninh Bình,2016-01-01,60.11961,62.08812536055547,57.39167,65.1765272366911,55.293255,65.289033757009,65.47057,68.90442015305484,58.126114,70.88552244666052,54.034203,70.1466939957284
squeezed_Ninh Bình,2016-02-01,57.39167,65.84008738276349,55.293255,66.21393464671782,65.47057,73.26279433453631,58.126114,69.96909081361335,54.034203,75.3025656052252,57.07691,68.48016587699584
squeezed_Ninh Bình,2016-03-01,55.293255,62.914643346732674,65.47057,66.20522920611243,58.126114,65.76061480521945,54.034203,68.1674020731231,57.07691,65.72241310478972,61.5885,66.72727750179038
squeezed_Ninh Bình,2016-04-01,65.47057,60.63885085000097,58.126114,62.597986655126704,54.034203,66.5732493440604,57.07691,59.65088816176352,61.5885,61.04898730592596,58.86056,56.96566016199898
squeezed_Ninh Bình,2016-05-01,58.126114,65.73757148190053,54.034203,66.96482579833628,57.07691,61.41046939462794,61.5885,56.49988965044681,58.86056,55.46288191368671,56.13262,57.53700361820847
squeezed_Ninh Bình,2016-06-01,54.034203,62.28453955916492,57.07691,57.96767669494456,61.5885,58.1818368009454,58.86056,56.81538780464953,56.13262,57.93909277806628,7.0296926,53.86775519630059
squeezed_Ninh Bình,2016-07-01,57.07691,59.72052087229567,61.5885,56.416405092461154,58.86056,55.440440661751865,56.13262,55.00839169038115,7.0296926,52.496491216176324,45.16263,46.37829044968455
squeezed_Ninh Bình,2016-08-01,61.5885,58.534835455247865,58.86056,56.65675699177931,56.13262,53.74589499257959,7.0296926,53.02037951198694,45.16263,51.457430182283126,55.417442,48.73108539716041
squeezed_Ninh Bình,2016-09-01,58.86056,61.95568889566883,56.13262,57.49087253258176,7.0296926,54.24961510699383,45.16263,50.49527595360643,55.417442,52.46359608057111,55.417442,54.45325177691421
squeezed_Ninh Bình,2016-10-01,56.13262,58.561404171962245,7.0296926,56.73422470728779,45.16263,54.40680668441662,55.417442,53.57141115870082,55.417442,56.8517779989135,51.584835,56.537022391672735
squeezed_Ninh Bình,2016-11-01,7.0296926,57.15665848481967,45.16263,55.52610303384413,55.417442,54.07156207628062,55.417442,57.871152844194164,51.584835,59.72630480337794,53.345764,55.69636491506925
squeezed_Ninh Bình,2016-12-01,45.16263,42.64661033211618,55.417442,39.394461141736436,55.417442,40.90403657194347,51.584835,45.20228555703704,53.345764,43.20305734582803,54.07085,41.867870405269926
squeezed_Ninh Bình,2017-01-01,55.417442,47.33391030069886,55.417442,43.79668847361515,51.584835,42.557129787081585,53.345764,48.04787515617052,54.07085,42.33777400206693,47.130722,48.02411310364349
squeezed_Ninh Bình,2017-02-01,55.417442,54.19827037975913,51.584835,58.000124074860274,53.345764,60.41877770765588,54.07085,55.26386857210981,47.130722,51.465370615553546,44.126785,50.719310895463835
squeezed_Ninh Bình,2017-03-01,51.584835,57.90947491309724,53.345764,59.0600383908874,54.07085,58.64930447772131,47.130722,50.45353114668329,44.126785,47.93688205379155,45.369797,48.240138905972564
squeezed_Ninh Bình,2017-04-01,53.345764,56.508308848733996,54.07085,57.76263656571068,47.130722,54.861134735649145,44.126785,51.906614874245356,45.369797,52.055246009733004,47.54506,43.97483684251203
squeezed_Ninh Bình,2017-05-01,54.07085,55.98512623031577,47.130722,57.56927665803844,44.126785,56.48917424632035,45.369797,51.85268863045289,47.54506,49.26211339258793,32.83613,43.029835695481246
squeezed_Ninh Bình,2017-06-01,47.130722,55.09837881521023,44.126785,53.13973398802403,45.369797,51.67790180460705,47.54506,49.528726427384825,32.83613,47.96866594320802,47.959396,45.56770837431885
squeezed_Ninh Bình,2017-07-01,44.126785,52.498728942274134,45.369797,49.539607506042046,47.54506,46.17948146492912,32.83613,44.96836236647802,47.959396,50.69405188562357,44.83431,43.17479928897174
squeezed_Ninh Bình,2017-08-01,45.369797,50.472101370381274,47.54506,46.03157157469736,32.83613,43.55864866379154,47.959396,47.529477488667894,44.83431,41.514975250416384,52.221195,44.02557676996007
squeezed_Ninh Bình,2017-09-01,47.54506,48.1418316912481,32.83613,44.34523376098912,47.959396,42.54673592050692,44.83431,43.026916405248784,52.221195,40.08793004700022,44.218735,48.03090652253961
squeezed_Ninh Bình,2017-10-01,32.83613,47.265517352427224,47.959396,44.31922502698735,44.83431,41.8173888038076,52.221195,47.14882660376194,44.218735,44.22769829937315,43.192776,51.94896316120867
squeezed_Ninh Bình,2017-11-01,47.959396,43.860566430763825,44.83431,42.058238531178894,52.221195,43.97914854580737,44.218735,45.05447738944418,43.192776,46.40267642786056,44.83431,43.88994472423843
squeezed_Ninh Bình,2017-12-01,44.83431,45.41503679684495,52.221195,45.153805547555095,44.218735,47.493514339717414,43.192776,47.722646412156415,44.83431,46.256771214408445,40.73048,50.70960622423374
squeezed_Ninh Thuận,2016-01-01,49.883606,38.946565801394726,76.15564,38.2394449320617,20.286,47.397967529924834,30.26272,44.05059968985478,45.72664,40.6682614241718,37.412704,61.34106216874953
squeezed_Ninh Thuận,2016-02-01,76.15564,52.4627329100335,20.286,51.087979756381614,30.26272,65.76343628107753,45.72664,52.80608490363655,37.412704,62.253905598925364,28.101097,59.44925717439643
squeezed_Ninh Thuận,2016-03-01,20.286,79.2237099919647,30.26272,70.95489596585264,45.72664,71.5779865350206,37.412704,69.9015329936398,28.101097,66.6720357220333,20.951115,74.92862354390128
squeezed_Ninh Thuận,2016-04-01,30.26272,52.32782826856378,45.72664,49.16827352165167,37.412704,40.983395407966185,28.101097,51.20895315977105,20.951115,56.84221686826822,34.08713,76.26498583118443
squeezed_Ninh Thuận,2016-05-01,45.72664,46.601617164431005,37.412704,66.02223808611214,28.101097,43.392179160376735,20.951115,95.4553563360134,34.08713,91.64606148287038,24.609245,76.93077475230419
squeezed_Ninh Thuận,2016-06-01,37.412704,43.21929087983708,28.101097,41.28569250124146,20.951115,44.862575223812634,34.08713,67.64717327600272,24.609245,60.40172584780571,24.609245,60.82557830932336
squeezed_Ninh Thuận,2016-07-01,28.101097,41.67169398693126,20.951115,44.43357889100465,34.08713,64.12074746513548,24.609245,52.98294669435918,24.609245,60.7776959831661,28.185856,51.80063515122591
squeezed_Ninh Thuận,2016-08-01,20.951115,38.71074849423569,34.08713,40.28978227517013,24.609245,52.36905599735675,24.609245,45.19803054483903,28.185856,39.562673552222954,40.65596,40.31278064189539
squeezed_Ninh Thuận,2016-09-01,34.08713,26.888919860280385,24.609245,36.46642496467537,24.609245,48.44245658767187,28.185856,34.15625389650884,40.65596,34.211729823206895,47.488895,39.91149300807068
squeezed_Ninh Thuận,2016-10-01,24.609245,37.09521413022405,24.609245,38.64387614555712,28.185856,31.14528222008763,40.65596,37.09884229586177,47.488895,37.25932772558501,46.12231,39.69307595598931
squeezed_Ninh Thuận,2016-11-01,24.609245,34.84312193114071,28.185856,31.23690718095935,40.65596,34.61258803979901,47.488895,35.09546160381314,46.12231,39.8958003899002,37.581142,40.13936755218263
squeezed_Ninh Thuận,2016-12-01,28.185856,33.490940036925345,40.65596,28.45723847954662,47.488895,33.805189427593305,46.12231,41.862725316444234,37.581142,40.5649243635254,34.677143,40.871107046437366
squeezed_Ninh Thuận,2017-01-01,40.65596,36.95941382019796,47.488895,31.028978384135456,46.12231,41.48352212184306,37.581142,39.912169964085905,34.677143,42.733191398693855,29.552443,41.907091483405985
squeezed_Ninh Thuận,2017-02-01,47.488895,39.409913891308044,46.12231,42.147770774805466,37.581142,46.78769930372688,34.677143,49.25610140992441,29.552443,43.73279249850821,40.826786,43.158046960529795
squeezed_Ninh Thuận,2017-03-01,46.12231,49.38183474531195,37.581142,48.114946953992025,34.677143,49.35350623618947,29.552443,45.71596082901899,40.826786,41.52227702831884,30.91903,44.32065769465045
squeezed_Ninh Thuận,2017-04-01,37.581142,50.258095596862624,34.677143,49.38313600779256,29.552443,46.45950338171465,40.826786,45.57797651560627,30.91903,49.02222548452961,32.11479,44.44880298602416
squeezed_Ninh Thuận,2017-05-01,34.677143,43.23652326130505,29.552443,43.26775553567316,40.826786,38.02383524976742,30.91903,37.49938930859743,32.11479,38.872806452263376,27.84421,40.226515393794436
squeezed_Ninh Thuận,2017-06-01,29.552443,37.69948254832088,40.826786,38.38142275962515,30.91903,41.169119924411326,32.11479,40.55886843835096,27.84421,40.42900230205007,0.0,43.21212640554337
squeezed_Ninh Thuận,2017-07-01,40.826786,36.97906757063508,30.91903,33.421078425326535,32.11479,34.62528758066811,27.84421,38.16265554823792,0.0,43.133450846220605,15.622347,34.88338086253007
squeezed_Ninh Thuận,2017-08-01,30.91903,38.14273778565367,32.11479,40.14052656143021,27.84421,37.076120958176574,0.0,34.91350657351898,15.622347,32.20647172693187,10.188487,38.68322483173841
squeezed_Ninh Thuận,2017-09-01,32.11479,38.33691367990687,27.84421,36.43224497161831,0.0,38.8039528901112,15.622347,33.502018208524646,10.188487,36.50267641301263,20.886398,35.03121979400858
squeezed_Ninh Thuận,2017-10-01,27.84421,35.69265618698115,0.0,33.57329700133608,15.622347,32.96512596292062,10.188487,36.76585380961016,20.886398,36.04637616228564,29.716421,38.31870261096976
squeezed_Ninh Thuận,2017-11-01,0.0,35.11102171328744,15.622347,30.976279206459246,10.188487,31.852902551354,20.886398,35.046163589652274,29.716421,36.053806048696394,24.112753,41.03242018928089
squeezed_Ninh Thuận,2017-12-01,15.622347,28.30212835446264,10.188487,15.848991411886828,20.886398,19.3278817720198,29.716421,24.563088495049747,24.112753,30.5640577286044,36.338936,28.291905924730898
squeezed_Phú Thọ,2016-01-01,19.758268,25.435559650647438,19.61352,26.17593511164538,21.49526,27.696350742607482,21.278135,31.65744407993282,19.251646,33.36132865766194,21.784758,37.5886040416159
squeezed_Phú Thọ,2016-02-01,19.61352,24.165180142276512,21.49526,28.710194761919897,21.278135,32.542063382729566,19.251646,34.46676258430509,21.784758,33.23801242447008,20.843887,33.783071453686205
squeezed_Phú Thọ,2016-03-01,21.49526,25.06610869175868,21.278135,29.142792310765156,19.251646,28.02636434250004,21.784758,28.986955320499465,20.843887,27.91876201878891,19.396397,29.314981774933774
squeezed_Phú Thọ,2016-04-01,21.278135,27.318019642200067,19.251646,28.751266258591823,21.784758,25.23113112409938,20.843887,22.760644187620773,19.396397,24.830385509350325,21.205761,27.18331237756403
squeezed_Phú Thọ,2016-05-01,19.251646,27.56367167694162,21.784758,29.211471851049048,20.843887,22.41595593911376,19.396397,23.3720116957507,21.205761,24.074222825442465,19.541145,26.65188745898416
squeezed_Phú Thọ,2016-06-01,21.784758,23.388454148930776,20.843887,22.340597780797278,19.396397,20.291234486842075,21.205761,22.73737350742072,19.541145,23.145352583825396,7.8888326,25.354075909715743
squeezed_Phú Thọ,2016-07-01,20.843887,24.146345318210248,19.396397,25.83334749471391,21.205761,22.163511145087806,19.541145,22.449183125725828,7.8888326,22.88123725788045,16.288012,24.54982851702122
squeezed_Phú Thọ,2016-08-01,19.396397,23.164813876139785,21.205761,24.002257866943477,19.541145,22.1619438422065,7.8888326,22.028594231452516,16.288012,22.989228941030685,15.309333,27.16917242831945
squeezed_Phú Thọ,2016-09-01,21.205761,23.164813876139785,19.541145,21.738606669524536,7.8888326,18.88758953911751,16.288012,22.355663681021486,15.309333,24.1999389207503,15.588955,28.75785644045092
squeezed_Phú Thọ,2016-10-01,19.541145,24.146345318210248,7.8888326,27.93769667042136,16.288012,22.48654366635487,15.309333,24.136346725451656,15.588955,27.461238214920566,12.443202,30.502400595878285
squeezed_Phú Thọ,2016-11-01,7.8888326,24.166462186809845,16.288012,24.971144859776675,15.309333,20.555305214067648,15.588955,27.28431777056055,12.443202,28.68596653035726,13.421881,31.119956744616243
squeezed_Phú Thọ,2016-12-01,16.288012,25.38446683554856,15.309333,17.8810100694222,15.588955,17.694086182531695,12.443202,20.18061588988851,13.421881,26.111136215459084,15.728766,26.33567590023833
squeezed_Phú Thọ,2017-01-01,15.309333,24.328810083804953,15.588955,22.986306734257457,12.443202,20.442088840541015,13.421881,28.0609810893385,15.728766,22.288568068178204,13.072352,24.596344827046746
squeezed_Phú Thọ,2017-02-01,15.588955,23.376233718644734,12.443202,26.581010566910162,13.421881,27.397156338749703,15.728766,28.295266535026652,13.072352,29.4617256313495,13.072352,28.36482420310605
squeezed_Phú Thọ,2017-03-01,12.443202,24.2771622681269,13.421881,26.04667663995649,15.728766,24.920043936796706,13.072352,25.060080834254876,13.072352,21.420798106777134,11.324712,29.329975175867748
squeezed_Phú Thọ,2017-04-01,13.421881,21.9230063303965,15.728766,22.862183074231073,13.072352,19.90839397976868,13.072352,20.35113153569726,11.324712,20.05570563090366,14.819993,26.414329491075414
squeezed_Phú Thọ,2017-05-01,15.728766,21.17328919507153,13.072352,21.727062476735508,13.072352,19.94825518786053,11.324712,18.69076620454708,14.819993,18.63671247592281,14.540371,26.96182431645965
squeezed_Phú Thọ,2017-06-01,13.072352,21.50457495675333,13.072352,20.105615241172394,11.324712,19.183372167723746,14.819993,18.997967600782804,14.540371,19.945473572680914,14.819993,38.64666626896323
squeezed_Phú Thọ,2017-07-01,13.072352,19.302508845724233,11.324712,19.939501836513685,14.819993,16.989333819147625,14.540371,20.01848118888971,14.819993,41.60655284499167,14.41777,27.51069141097778
squeezed_Phú Thọ,2017-08-01,11.324712,19.302508845724233,14.819993,19.83549488685739,14.540371,17.102935884184983,14.819993,34.700548313364,14.41777,20.7022508856793,10.761589,25.376641090794447
squeezed_Phú Thọ,2017-09-01,14.819993,19.302508845724233,14.540371,19.062558253422264,14.819993,31.81341364621938,14.41777,21.727653649702585,10.761589,21.002394345580733,14.693708,28.151943983488287
squeezed_Phú Thọ,2017-10-01,14.540371,20.902072073968952,14.819993,32.725395430515036,14.41777,20.63821648961781,10.761589,25.233666378948563,14.693708,23.596130955294655,12.969095,30.801592279414738
squeezed_Phú Thọ,2017-11-01,14.819993,24.57003868333828,14.41777,22.767834638080522,10.761589,20.592069755169284,14.693708,26.35788202161441,12.969095,30.678188075586824,12.90011,34.50833938477952
squeezed_Phú Thọ,2017-12-01,14.41777,29.75457702459837,10.761589,23.588704552449745,14.693708,24.346427070824095,12.969095,26.498219287210365,12.90011,30.253662515713668,13.038079,32.419960971060824
squeezed_Phú Yên,2016-01-01,36.246387,40.108213881386895,39.69313,41.1013726615442,29.908829,37.581721953037274,42.139202,37.076972959567044,49.47743,41.0017071065048,30.353569,39.19414930628619
squeezed_Phú Yên,2016-02-01,39.69313,41.06579617571882,29.908829,40.11760042483684,42.139202,41.546491325482386,49.47743,40.97253002784244,30.353569,41.68688897004796,30.131199,41.40437892906742
squeezed_Phú Yên,2016-03-01,29.908829,41.7688931979715,42.139202,42.03545537100289,49.47743,43.23317780630019,30.353569,43.52552988167769,30.131199,38.43849079833179,45.141205,46.66255728676755
squeezed_Phú Yên,2016-04-01,42.139202,39.709859041485856,49.47743,37.967657208824896,30.353569,38.23377551027259,30.131199,39.45410058803698,45.141205,42.081888164181045,43.028687,41.692825899178835
squeezed_Phú Yên,2016-05-01,49.47743,42.11811043772967,30.353569,42.08724183804916,30.131199,37.186067672102574,45.141205,40.082551444702545,43.028687,34.994147409950756,36.246387,43.288366724746055
squeezed_Phú Yên,2016-06-01,30.353569,47.12129600022865,30.131199,42.79141536394723,45.141205,47.701709961093336,43.028687,49.83953438870181,36.246387,47.0188869315873,36.246387,41.306721370604876
squeezed_Phú Yên,2016-07-01,30.131199,41.14407751764418,45.141205,42.27463602691435,43.028687,43.42924255994558,36.246387,39.02775071041121,36.246387,46.444901519811594,0.0,41.429183055777536
squeezed_Phú Yên,2016-08-01,45.141205,36.18936877061937,43.028687,34.23364272036994,36.246387,38.82030414038286,36.246387,39.35201532362197,0.0,37.985579588682604,29.885057,35.750724275711015
squeezed_Phú Yên,2016-09-01,43.028687,41.54962803075791,36.246387,38.6933348588648,36.246387,37.86156283228418,0.0,39.72309548866667,29.885057,35.754904134890275,46.666668,39.004753974016424
squeezed_Phú Yên,2016-10-01,36.246387,45.37086400919377,36.246387,42.326491495308375,0.0,40.14655153004882,29.885057,37.91267464244246,46.666668,36.18800098268992,48.735634,38.90294986816539
squeezed_Phú Yên,2016-11-01,36.246387,40.00460688300158,0.0,45.84992948560263,29.885057,34.72263216820428,46.666668,40.259721362748344,48.735634,40.940504312701535,0.0,37.479481235206194
squeezed_Phú Yên,2016-12-01,0.0,56.377453873301604,29.885057,36.88642506364577,46.666668,36.924510643173086,48.735634,41.3661626213376,0.0,45.28416413900112,27.586206,39.65828747634353
squeezed_Phú Yên,2017-01-01,29.885057,21.431687564909602,46.666668,17.336748515894993,48.735634,23.67923479280644,0.0,25.97385227611618,27.586206,35.34343094347321,35.517242,35.68815258691815
squeezed_Phú Yên,2017-02-01,46.666668,33.12301663478882,48.735634,29.236142733162897,0.0,29.084553393986084,27.586206,28.890894926706945,35.517242,29.642508617738113,0.0,30.84295024024823
squeezed_Phú Yên,2017-03-01,48.735634,44.0541250278967,0.0,43.22656961477312,27.586206,40.20005796080601,35.517242,38.20033199529383,0.0,38.184959193369686,34.712643,38.31260135719764
squeezed_Phú Yên,2017-04-01,0.0,51.794799646004584,27.586206,48.52110370969487,35.517242,43.03043059881574,0.0,35.5328300148242,34.712643,36.44953593830219,45.287357,34.50607153338131
squeezed_Phú Yên,2017-05-01,27.586206,35.82658978782695,35.517242,29.458498355110265,0.0,31.29226678652342,34.712643,25.780379838626324,45.287357,33.88845894443563,32.183907,33.557555989201354
squeezed_Phú Yên,2017-06-01,35.517242,30.55991831941469,0.0,29.65505473261044,34.712643,30.096593119671276,45.287357,27.116818144981234,32.183907,26.602561804126896,31.83908,30.388813950581554
squeezed_Phú Yên,2017-07-01,0.0,36.55691616856734,34.712643,34.7148628802315,45.287357,33.3917163736475,32.183907,29.629484817837742,31.83908,31.347202811697436,0.0,35.95941791654247
squeezed_Phú Yên,2017-08-01,34.712643,23.41737357211073,45.287357,15.838822243982356,32.183907,20.093847701796374,31.83908,16.841850761246132,0.0,44.718024796155824,33.73494,23.760630722760936
squeezed_Phú Yên,2017-09-01,45.287357,33.17490414114118,32.183907,32.58082079339547,31.83908,26.165193573060392,0.0,37.03168084338305,33.73494,24.29106467152707,39.12794,21.230781573026736
squeezed_Phú Yên,2017-10-01,32.183907,45.167685947221415,31.83908,37.09725250151035,0.0,51.68251567936296,33.73494,37.38840977296184,39.12794,34.658683364299364,0.0,35.96449073687433
squeezed_Phú Yên,2017-11-01,31.83908,38.377949071895586,0.0,48.84943158326926,33.73494,32.684161589114886,39.12794,32.5902131571243,0.0,39.40909126968705,38.095238,47.68408781263983
squeezed_Phú Yên,2017-12-01,0.0,41.31922321326449,33.73494,32.8316963617367,39.12794,34.291177573397974,0.0,35.5074297619822,38.095238,48.35336679267822,35.22662,39.470096378219
squeezed_Quảng Bình,2016-01-01,36.344994,51.36655087130703,42.839237,51.03185941769013,48.535946,51.86027523653012,49.67529,57.79561327237126,52.75151,50.811145689217206,55.7138,50.91114194122062
squeezed_Quảng Bình,2016-02-01,42.839237,42.70446743046327,48.535946,47.04764224852594,49.67529,57.859115461729736,52.75151,51.28072593860824,55.7138,57.957834646006376,57.650677,55.91386627307911
squeezed_Quảng Bình,2016-03-01,48.535946,45.95054836135544,49.67529,50.8650204444923,52.75151,53.13252340807,55.7138,55.62405966346584,57.650677,48.60614682378167,54.91626,57.64554070242001
squeezed_Quảng Bình,2016-04-01,49.67529,53.131041674924255,52.75151,53.461689189774795,55.7138,56.708150874169554,57.650677,48.731712698872556,54.91626,50.8051612701001,61.980175,61.866345939767996
squeezed_Quảng Bình,2016-05-01,52.75151,54.61542351195617,55.7138,53.164840925341494,57.650677,55.54870469673365,54.91626,50.019577036041234,61.980175,47.99031710512645,54.802322,48.14384953614541
squeezed_Quảng Bình,2016-06-01,55.7138,53.811320355408625,57.650677,50.83860087291961,54.91626,57.79912275258659,61.980175,49.819000150543324,54.802322,46.59881010345998,17.090122,42.32549035126004
squeezed_Quảng Bình,2016-07-01,57.650677,55.00802698704128,54.91626,54.9076007132609,61.980175,55.55180154458518,54.802322,50.78872156660772,17.090122,50.66765013491791,29.581121,42.26199441120404
squeezed_Quảng Bình,2016-08-01,54.91626,59.61404416943672,61.980175,61.58445713816964,54.802322,52.818176286561915,17.090122,50.10013804757282,29.581121,46.8539438373136,38.049,45.66877687330618
squeezed_Quảng Bình,2016-09-01,61.980175,54.466961641923064,54.802322,52.06271752530182,17.090122,50.321074096340695,29.581121,47.28412390220347,38.049,48.66984994566454,0.0,50.35786376021561
squeezed_Quảng Bình,2016-10-01,54.802322,57.12499331537739,17.090122,54.29353724934764,29.581121,49.12168579297894,38.049,50.303275035407964,0.0,53.686884406843916,0.0,60.51693257636581
squeezed_Quảng Bình,2016-11-01,17.090122,53.845547393122004,29.581121,51.54455864117492,38.049,48.24316240444187,0.0,52.22805627580438,0.0,55.70641134094406,38.161907,58.37666220257955
squeezed_Quảng Bình,2016-12-01,29.581121,41.34583840250086,38.049,38.30652645874814,0.0,37.67796086502822,0.0,47.524550957670584,38.161907,48.81274595501657,49.90403,49.52328600528325
squeezed_Quảng Bình,2017-01-01,38.049,35.321490886924565,0.0,33.30400003044261,0.0,37.75881338497311,38.161907,44.88998965292125,49.90403,41.06417405511458,56.56543,38.73931957615187
squeezed_Quảng Bình,2017-02-01,0.0,39.07348698597145,0.0,44.45391335627966,38.161907,48.1021039161819,49.90403,48.89153673539156,56.56543,46.347856167327606,0.0,47.41630713827333
squeezed_Quảng Bình,2017-03-01,0.0,18.707221019932238,38.161907,16.029202441810497,49.90403,25.454826707391806,56.56543,32.517530793094814,0.0,24.63028015440672,0.0,30.707882527086493
squeezed_Quảng Bình,2017-04-01,38.161907,9.639531284707264,49.90403,14.197742884416781,56.56543,11.75286499946696,0.0,12.665414398972818,0.0,14.60115806484729,0.0,10.790020348035881
squeezed_Quảng Bình,2017-05-01,49.90403,38.117160929224134,56.56543,35.783115643311056,0.0,27.851291769704336,0.0,26.320348645186243,0.0,24.45242173051161,0.0,29.18525007982772
squeezed_Quảng Bình,2017-06-01,56.56543,46.78886231717973,0.0,43.870881776509776,0.0,45.18084161662939,0.0,35.2358841007414,0.0,39.18639788972389,0.0,33.18481086840748
squeezed_Quảng Bình,2017-07-01,0.0,52.85695779449268,0.0,50.452935624657336,0.0,50.057881690335805,0.0,42.53050577783981,0.0,41.75906267694646,0.0,36.48391398654933
squeezed_Quảng Bình,2017-08-01,0.0,30.035146169839294,0.0,29.840685979786493,0.0,31.85539642894877,0.0,27.64820153101925,0.0,25.978402111737317,0.0,25.919821414781083
squeezed_Quảng Bình,2017-09-01,0.0,10.29567645559569,0.0,9.84172469170537,0.0,5.365611608150206,0.0,11.402193985811635,0.0,15.272494540856195,0.0,30.215454327721222
squeezed_Quảng Bình,2017-10-01,0.0,10.91541811447805,0.0,9.840360886087668,0.0,7.322193424463683,0.0,10.242316617468314,0.0,39.75646829387777,0.0,36.833322135615695
squeezed_Quảng Bình,2017-11-01,0.0,11.340071465577251,0.0,8.041136571016708,0.0,11.64238240299482,0.0,38.00868556920681,0.0,47.360547009345325,0.0,19.624523292692295
squeezed_Quảng Bình,2017-12-01,0.0,21.013216874852226,0.0,6.743150332191813,0.0,40.26196030926884,0.0,46.65391456773302,0.0,23.314553706390708,0.0,18.258960646505333
squeezed_Quảng Nam,2016-01-01,68.36056,82.77021919985503,71.38536,84.74872313253049,76.35948,89.11533734675868,88.66035,81.2090093637489,90.87854,85.22171001139527,87.04712,118.56259215352134
squeezed_Quảng Nam,2016-02-01,71.38536,76.1404255804454,76.35948,86.46822254709232,88.66035,88.4119706680856,90.87854,84.0460315376778,87.04712,100.3913260209304,91.55071,81.90498921383266
squeezed_Quảng Nam,2016-03-01,76.35948,85.65834833444111,88.66035,87.88796720687132,90.87854,86.42717725382344,87.04712,100.7409320971859,91.55071,77.90224810081382,65.671844,76.52040445876675
squeezed_Quảng Nam,2016-04-01,88.66035,86.53018426152909,90.87854,88.09224796439399,87.04712,98.76468218307815,91.55071,76.77767000786477,65.671844,73.81887929717666,64.19305,69.1145029698901
squeezed_Quảng Nam,2016-05-01,90.87854,86.91642788349826,87.04712,101.20405121001343,91.55071,83.54032565647657,65.671844,82.3416222833447,64.19305,77.50040332540915,68.42777,69.79593948927287
squeezed_Quảng Nam,2016-06-01,87.04712,91.69313325194088,91.55071,79.53899606786659,65.671844,82.72116026927397,64.19305,75.12010279429293,68.42777,72.47159000140108,1.7476642,70.2051900144501
squeezed_Quảng Nam,2016-07-01,91.55071,82.78234293352074,65.671844,77.52507905302461,64.19305,71.4879695088756,68.42777,72.82505580424665,1.7476642,68.87009169072955,71.260025,63.849181377199855
squeezed_Quảng Nam,2016-08-01,65.671844,86.73354836514821,64.19305,77.79448405464008,68.42777,82.14413791594566,1.7476642,72.5547116468653,71.260025,69.39982809109475,68.29367,67.07904875722363
squeezed_Quảng Nam,2016-09-01,64.19305,76.1295524566164,68.42777,71.56760758876536,1.7476642,72.90491655732038,71.260025,55.37163409774165,68.29367,61.8204026928294,71.05778,68.30054509811639
squeezed_Quảng Nam,2016-10-01,68.42777,67.54034506207668,1.7476642,68.74274088616117,71.260025,62.332360890453884,68.29367,63.39939441573656,71.05778,69.83803100369079,67.08016,70.94909997087375
squeezed_Quảng Nam,2016-11-01,1.7476642,67.8203337638028,71.260025,66.72140097148916,68.29367,64.9285255504517,71.05778,68.11638689449377,67.08016,72.05891484127547,74.56348,72.56451539744326
squeezed_Quảng Nam,2016-12-01,71.260025,48.11631430320844,68.29367,31.63219889661382,71.05778,36.74580176170678,67.08016,35.069140899453345,74.56348,32.16347990376255,62.1587,31.823176098724446
squeezed_Quảng Nam,2017-01-01,68.29367,68.67702496910537,71.05778,73.52693969044198,67.08016,72.54130011753413,74.56348,69.6377128663551,62.1587,73.49430665170853,65.529564,66.85586273350654
squeezed_Quảng Nam,2017-02-01,71.05778,73.43036767348138,67.08016,75.8128398267381,74.56348,71.70830117701924,62.1587,70.74768275462732,65.529564,77.68757521722405,62.226116,75.94041180759217
squeezed_Quảng Nam,2017-03-01,67.08016,81.46968093906125,74.56348,77.37146477293288,62.1587,75.27167089865742,65.529564,68.46694159029146,62.226116,70.7855563085964,64.922806,69.43215879714683
squeezed_Quảng Nam,2017-04-01,74.56348,73.67923390290035,62.1587,72.81888064825344,65.529564,65.62528249037838,62.226116,62.42409055591547,64.922806,65.36994950262432,56.96757,55.14243254847051
squeezed_Quảng Nam,2017-05-01,62.1587,79.20956810575144,65.529564,77.05683089972057,62.226116,78.60120508279226,64.922806,66.7918870006861,56.96757,60.69508417481675,55.82148,55.79417924917421
squeezed_Quảng Nam,2017-06-01,65.529564,67.50186028626042,62.226116,69.44663454007468,64.922806,66.62409951840118,56.96757,58.26348007014405,55.82148,56.00394134913632,64.65314,56.19356239970399
squeezed_Quảng Nam,2017-07-01,62.226116,67.04545603365146,64.922806,62.052190433111974,56.96757,58.98605024971708,55.82148,58.54667019190103,64.65314,60.83627064322119,48.094982,54.95303599108946
squeezed_Quảng Nam,2017-08-01,64.922806,60.95211406879042,56.96757,60.74280919299807,55.82148,63.87746259134186,64.65314,59.19479099778614,48.094982,57.079474018809876,52.3209,58.231082900245546
squeezed_Quảng Nam,2017-09-01,56.96757,69.7392404134957,55.82148,59.6539372847322,64.65314,78.49696205604782,48.094982,56.165234750556465,52.3209,57.16865948756093,58.35793,62.5364768411688
squeezed_Quảng Nam,2017-10-01,55.82148,63.402144288093595,64.65314,58.42333305237591,48.094982,54.72760965884834,52.3209,60.491380271107644,58.35793,65.90300579147039,58.827477,72.65283408574778
squeezed_Quảng Nam,2017-11-01,64.65314,77.03011988973606,48.094982,56.28825622596853,52.3209,56.370002393754945,58.35793,62.955432360358635,58.827477,69.39474011620999,60.37027,64.82059452376242
squeezed_Quảng Nam,2017-12-01,48.094982,62.398176304190535,52.3209,59.19690565839687,58.35793,58.79437179951218,58.827477,59.72848994320837,60.37027,63.52605557982314,57.351757,68.53114697890459
squeezed_Quảng Ngãi,2016-01-01,49.70036,53.08217562119597,47.54295,50.62077862183031,53.53576,50.76609799664056,49.061127,50.070984739101945,49.620457,47.643757697314314,51.538155,52.76230604971945
squeezed_Quảng Ngãi,2016-02-01,47.54295,53.4491545994084,53.53576,53.778290614202405,49.061127,55.23140535430618,49.620457,50.04422168506915,51.538155,55.96810734429167,58.96924,55.95189467110234
squeezed_Quảng Ngãi,2016-03-01,53.53576,54.7525369806247,49.061127,53.5516865356766,49.620457,50.80094768273688,51.538155,49.90024655273161,58.96924,47.982620552349104,50.819016,47.01343965742672
squeezed_Quảng Ngãi,2016-04-01,49.061127,58.143672923947896,49.620457,54.49127137440663,51.538155,57.25940926571207,58.96924,52.46862382420087,50.819016,48.255838216501544,61.60607,50.76724707951583
squeezed_Quảng Ngãi,2016-05-01,49.620457,56.212480209546385,51.538155,54.042491737962266,58.96924,53.17580820738973,50.819016,48.805924621770274,61.60607,45.710149338967874,47.063522,41.63177251887917
squeezed_Quảng Ngãi,2016-06-01,51.538155,53.63072230988467,58.96924,52.57796013928852,50.819016,55.64449395239485,61.60607,46.32065055502569,47.063522,45.67669473138371,40.671196,42.5003690634655
squeezed_Quảng Ngãi,2016-07-01,58.96924,52.783996109216545,50.819016,51.81360565344375,61.60607,48.87517454992626,47.063522,46.73763248382101,40.671196,45.02055533273415,53.462444,39.967182320899894
squeezed_Quảng Ngãi,2016-08-01,50.819016,57.58179739298044,61.60607,52.5662909723743,47.063522,49.80376118452151,40.671196,47.61404890149163,53.462444,47.24536043016671,50.207504,42.37535142760142
squeezed_Quảng Ngãi,2016-09-01,61.60607,52.54670727373584,47.063522,48.89657093575764,40.671196,51.276701954010335,53.462444,42.338111900757944,50.207504,42.99386691777755,52.89283,42.56091247225304
squeezed_Quảng Ngãi,2016-10-01,47.063522,58.25018317752152,40.671196,52.86348942008227,53.462444,48.06444369444882,50.207504,46.589379664993224,52.89283,47.815105114030374,0.0,46.88131677038242
squeezed_Quảng Ngãi,2016-11-01,40.671196,50.21470221923909,53.462444,47.29837967844595,50.207504,43.17518612668062,52.89283,45.367316020355,0.0,44.58462859772238,52.567337,46.209190768549654
squeezed_Quảng Ngãi,2016-12-01,53.462444,45.47981845530433,50.207504,42.824699754478935,52.89283,44.28408679284894,0.0,42.51876022878406,52.567337,44.657732714010734,61.437057,45.42146372955991
squeezed_Quảng Ngãi,2017-01-01,50.207504,53.36755331404016,52.89283,49.96574917065689,0.0,54.98250767561525,52.567337,48.11228086851459,61.437057,49.844296561070905,0.0,46.461070779872735
squeezed_Quảng Ngãi,2017-02-01,52.89283,54.11378684851461,0.0,50.514872185287324,52.567337,52.33277329966532,61.437057,47.244915469901045,0.0,46.335303070560435,0.0,47.48965978358063
squeezed_Quảng Ngãi,2017-03-01,0.0,53.87664309148534,52.567337,54.534805094184826,61.437057,55.28962493006998,0.0,51.205484862827085,0.0,48.81133865233158,71.44601,48.96324452493142
squeezed_Quảng Ngãi,2017-04-01,52.567337,30.848417216763252,61.437057,35.50434744390411,0.0,31.795851097622798,0.0,35.92557805358164,71.44601,40.84157316358373,47.847668,33.350076371392014
squeezed_Quảng Ngãi,2017-05-01,61.437057,47.635976650205265,0.0,50.08421466751852,0.0,51.124190121407125,71.44601,47.19028779549346,47.847668,37.830022573668934,49.800636,37.907680687642745
squeezed_Quảng Ngãi,2017-06-01,0.0,56.87311108312446,0.0,59.278445843674604,71.44601,56.458966980753836,47.847668,46.538626498531265,49.800636,46.40912048353938,34.909267,41.12913078638679
squeezed_Quảng Ngãi,2017-07-01,0.0,30.14871790069609,71.44601,30.096630322914493,47.847668,32.150266834417515,49.800636,30.275035863754557,34.909267,36.57534225133178,47.54165,27.894318971690193
squeezed_Quảng Ngãi,2017-08-01,71.44601,15.941996231343255,47.847668,11.682550048045682,49.800636,13.16520933586801,34.909267,16.940848316647333,47.54165,24.806468858840994,40.065014,19.228722417670213
squeezed_Quảng Ngãi,2017-09-01,47.847668,59.523812973728184,49.800636,59.434029748773725,34.909267,56.16399280029236,47.54165,38.03546696786745,40.065014,41.77876363242723,53.718002,39.1862530012653
squeezed_Quảng Ngãi,2017-10-01,49.800636,52.269290446651524,34.909267,45.05806628964207,47.54165,38.2658753580153,40.065014,35.73196191702563,53.718002,35.20389071731385,59.406746,45.19178028708655
squeezed_Quảng Ngãi,2017-11-01,34.909267,49.93370241265878,47.54165,46.22520300462231,40.065014,41.63700909732332,53.718002,41.36265205483615,59.406746,49.915951390463746,54.44941,41.64758970206831
squeezed_Quảng Ngãi,2017-12-01,47.54165,43.847349719243404,40.065014,40.37887611137269,53.718002,45.90336240741232,59.406746,44.309883582409924,54.44941,44.558377988735444,50.629826,40.53862215938568
squeezed_Quảng Ninh,2016-01-01,14.698677,21.17328919507153,25.804344,22.770929602100136,19.761555,24.585726044869233,17.393435,27.44277324057965,17.148457,26.573470969638322,17.066797,26.855007135733974
squeezed_Quảng Ninh,2016-02-01,25.804344,22.896651347463454,19.761555,25.370362882616003,17.393435,27.90732333796116,17.148457,26.93856434345202,17.066797,27.14408056252592,21.721378,27.113004002962526
squeezed_Quảng Ninh,2016-03-01,19.761555,30.48246492566732,17.393435,31.754108866875452,17.148457,32.21877854794888,17.066797,30.959986457362707,21.721378,28.464745172229954,18.128368,27.808741770516335
squeezed_Quảng Ninh,2016-04-01,17.393435,26.161041460304347,17.148457,25.30590060065752,17.066797,24.216630361529887,21.721378,22.730614259536246,18.128368,23.542530176306776,16.74016,24.38129274713548
squeezed_Quảng Ninh,2016-05-01,17.148457,23.25243479449753,17.066797,21.447399755387718,21.721378,21.711725080934343,18.128368,21.952334692794242,16.74016,20.895601807601675,16.495182,22.662069840652123
squeezed_Quảng Ninh,2016-06-01,17.066797,21.50457495675333,21.721378,19.912253615614393,18.128368,20.114692960011524,16.74016,20.558610993340885,16.495182,18.94616454739525,0.24497795,22.398712648191257
squeezed_Quảng Ninh,2016-07-01,21.721378,21.28093468396234,18.128368,19.926332448361297,16.74016,19.268322225318425,16.495182,20.68107284399995,0.24497795,18.60747856975793,15.250545,26.25544574575516
squeezed_Quảng Ninh,2016-08-01,18.128368,24.146345318210248,16.74016,24.77501705946884,16.495182,19.342965822803368,0.24497795,19.88535463520186,15.250545,19.693849709139492,14.550264,23.603497496643413
squeezed_Quảng Ninh,2016-09-01,16.74016,23.164813876139785,16.495182,21.07417800780183,0.24497795,18.71209147139766,15.250545,33.46817309150108,14.550264,19.483647738666395,17.81824,25.898556834885728
squeezed_Quảng Ninh,2016-10-01,16.495182,21.28093468396234,0.24497795,22.293241331275446,15.250545,20.14586075374033,14.550264,20.571030231295605,17.81824,26.31043727040404,13.538749,22.766046794863794
squeezed_Quảng Ninh,2016-11-01,0.24497795,22.454682715813505,15.250545,28.595203900056486,14.550264,21.350257597626953,17.81824,23.07736443437,13.538749,24.589523179023395,14.628074,13.404923216378235
squeezed_Quảng Ninh,2016-12-01,15.250545,43.97905985723032,14.550264,14.089341553071572,17.81824,8.708773763404276,13.538749,17.95346876923125,14.628074,19.833541883802404,17.740429,23.261454690110888
squeezed_Quảng Ninh,2017-01-01,14.550264,22.65713557114695,17.81824,25.94258451077509,13.538749,17.758618315317733,14.628074,21.834332705170727,17.740429,27.21514408296394,22.253345,14.442032283587396
squeezed_Quảng Ninh,2017-02-01,17.81824,23.79757989694562,13.538749,24.918840330016728,14.628074,25.095763646483082,17.740429,28.063651130179753,22.253345,24.784354969662083,17.584812,23.622962231934583
squeezed_Quảng Ninh,2017-03-01,13.538749,24.2771622681269,14.628074,25.045456179881487,17.740429,24.0871913094177,22.253345,25.57287812133753,17.584812,20.614940645410023,18.674137,23.250327093290778
squeezed_Quảng Ninh,2017-04-01,14.628074,21.623760666424037,17.740429,24.38487855968228,22.253345,20.063039260845002,17.584812,21.952816044315053,18.674137,21.34416347413799,16.962341,22.59730614695858
squeezed_Quảng Ninh,2017-05-01,17.740429,23.673780972798415,22.253345,21.005124734903138,17.584812,18.633999057843667,18.674137,20.158005229992543,16.962341,18.396678210962065,15.250545,22.028679577307972
squeezed_Quảng Ninh,2017-06-01,22.253345,21.50457495675333,17.584812,19.912253615614393,18.674137,19.149088733779813,16.962341,20.208301832035513,15.250545,18.875281838270354,12.838469,33.5925382023895
squeezed_Quảng Ninh,2017-07-01,17.584812,24.146345318210248,18.674137,25.252055452110774,16.962341,19.895636292154,15.250545,19.617826250783143,12.838469,39.233970035122816,0.0,26.376514740284605
squeezed_Quảng Ninh,2017-08-01,18.674137,22.55131419233327,16.962341,21.24029141246054,15.250545,18.246664479421174,12.838469,33.909700038228145,0.0,24.26899429698479,16.949152,24.142210852144
squeezed_Quảng Ninh,2017-09-01,16.962341,21.89443436776886,15.250545,19.25179252908851,12.838469,35.43110144170127,0.0,21.689292884846314,16.949152,20.080492055462372,18.329626,26.076938027346657
squeezed_Quảng Ninh,2017-10-01,15.250545,21.28093468396234,12.838469,35.60604941541424,0.0,23.73694588220478,16.949152,24.39594647278474,18.329626,29.583823720742316,23.0079,24.016771271212185
squeezed_Quảng Ninh,2017-11-01,12.838469,31.869324236666312,0.0,22.737528557054542,16.949152,20.39140775518149,18.329626,26.164731679552663,23.0079,26.666538108073546,24.234987,27.535383061694912
squeezed_Quảng Ninh,2017-12-01,0.0,33.14012118472191,16.949152,23.47730695153349,18.329626,25.62380639889691,23.0079,26.845919985788065,24.234987,26.47016809664761,22.54774,29.752104088885684
squeezed_Quảng Trị,2016-01-01,28.869286,43.14158637608119,39.133923,42.2192569753906,39.294308,45.23152109023103,35.926224,49.87143332599552,42.181236,50.431585445867334,42.822773,60.49911660302273
squeezed_Quảng Trị,2016-02-01,39.133923,39.29609371558785,39.294308,38.4040654174012,35.926224,44.145820117355285,42.181236,46.96891497705073,42.822773,62.81968846869301,33.680836,45.22194529307204
squeezed_Quảng Trị,2016-03-01,39.294308,40.111500774182076,35.926224,42.86566726680719,42.181236,45.355381520335996,42.822773,43.601050121395375,33.680836,40.35337457023806,30.31275,47.31279684216151
squeezed_Quảng Trị,2016-04-01,35.926224,44.11625612767731,42.181236,42.10130206096804,42.822773,45.57427220975448,33.680836,37.8850374464456,30.31275,39.09943689748855,30.793905,49.517720385888545
squeezed_Quảng Trị,2016-05-01,42.181236,42.29252630228051,42.822773,39.274645442039485,33.680836,38.07847706450399,30.31275,36.305398765583455,30.793905,36.72233217233394,30.793905,36.87442466349118
squeezed_Quảng Trị,2016-06-01,42.822773,40.50351146892559,33.680836,37.67050301475469,30.31275,38.20756534472887,30.793905,36.02079441387042,30.793905,36.243010580862496,5.6134725,40.46726821659752
squeezed_Quảng Trị,2016-07-01,33.680836,41.92030944305069,30.31275,40.002032736607504,30.793905,36.360067664334295,30.793905,35.99725070117752,5.6134725,39.894854618729404,24.464342,40.14240605543648
squeezed_Quảng Trị,2016-08-01,30.31275,40.00460688300158,30.793905,38.199586769816506,30.793905,35.30155112875979,5.6134725,36.24746296802419,24.464342,39.28375102137643,17.908539,37.97020001291842
squeezed_Quảng Trị,2016-09-01,30.793905,35.85591272548752,30.793905,34.147636374103996,5.6134725,34.56834667501107,24.464342,34.397383372863445,17.908539,37.38964625730753,25.263832,38.760140309941235
squeezed_Quảng Trị,2016-10-01,30.793905,34.32238790527197,5.6134725,34.01773977986479,24.464342,33.27487079985308,17.908539,35.72104336953006,25.263832,39.36555352936298,24.784138,45.29473086072507
squeezed_Quảng Trị,2016-11-01,5.6134725,34.68663500073226,24.464342,33.77328127853872,17.908539,32.651999788010336,25.263832,34.611156882146254,24.784138,42.522340303830894,39.494724,40.98875095984823
squeezed_Quảng Trị,2016-12-01,24.464342,27.092274142671684,17.908539,18.374249591478254,25.263832,21.698760509044256,24.784138,35.9396326067328,39.494724,27.99445588243089,38.695236,31.603501712787814
squeezed_Quảng Trị,2017-01-01,17.908539,29.7748497845702,25.263832,31.95404122452708,24.784138,31.683366127249776,39.494724,34.058681564264425,38.695236,39.6311948090541,27.182604,40.03863670426557
squeezed_Quảng Trị,2017-02-01,25.263832,26.79303832453835,24.784138,29.322352930302475,39.494724,30.502345247255388,38.695236,36.181759804040375,27.182604,37.45359463616946,28.941477,38.95972047315928
squeezed_Quảng Trị,2017-03-01,24.784138,31.079864775133164,39.494724,33.286340405567216,38.695236,31.522112707114307,27.182604,34.32120564421566,28.941477,29.52306038303614,64.43876,40.14717287662979
squeezed_Quảng Trị,2017-04-01,39.494724,32.35024428350411,38.695236,33.52927308517219,27.182604,30.85944667224853,28.941477,29.336060720859596,64.43876,29.815621913262852,31.180044,31.934952866438728
squeezed_Quảng Trị,2017-05-01,38.695236,39.96799777071728,27.182604,36.306100473532254,28.941477,35.60150777188796,64.43876,29.723458895491127,31.180044,28.37247513103159,26.06332,35.86069715614319
squeezed_Quảng Trị,2017-06-01,27.182604,39.48236692579905,28.941477,36.810797620074545,64.43876,35.078979459874986,31.180044,33.041822620286204,26.06332,32.584236838420914,22.865366,40.47588945583786
squeezed_Quảng Trị,2017-07-01,28.941477,36.53818471749606,64.43876,31.110968491030167,31.180044,31.738221515554102,26.06332,31.528150313139616,22.865366,45.10329131734646,19.374306,33.6387178216836
squeezed_Quảng Trị,2017-08-01,64.43876,33.2036050890153,31.180044,30.779217972471073,26.06332,33.95422285837455,22.865366,41.50892811606854,19.374306,30.332905135938706,18.739082,33.34053072355483
squeezed_Quảng Trị,2017-09-01,31.180044,56.22059050339449,26.06332,48.963273727729664,22.865366,47.79479136754665,19.374306,39.148445997028254,18.739082,39.21253282564701,26.996983,50.39892921491195
squeezed_Quảng Trị,2017-10-01,26.06332,45.30370328918405,22.865366,39.98201680042472,19.374306,36.26083598105346,18.739082,39.61819683189595,26.996983,44.60582760130028,28.108624,45.476711717475176
squeezed_Quảng Trị,2017-11-01,22.865366,36.9910993438434,19.374306,31.33406929990319,18.739082,32.32242983046275,26.996983,39.33241273741398,28.108624,43.21024904607904,27.314594,42.679795183186
squeezed_Quảng Trị,2017-12-01,19.374306,32.2512690203535,18.739082,27.999510030981337,26.996983,26.587620841743405,28.108624,36.60355861317557,27.314594,41.27148789720859,35.572495,44.373254367276736
squeezed_Sóc Trăng,2016-01-01,36.95238,39.5771955439375,39.771427,37.09262901318684,45.104763,39.630477598662296,42.514286,41.73696774524975,42.514286,47.55667331871721,50.819046,48.756195237603706
squeezed_Sóc Trăng,2016-02-01,39.771427,38.58648521712844,45.104763,40.04672217815005,42.514286,41.01501964771692,42.514286,42.31058907718981,50.819046,44.680763824328096,41.75238,40.63473792808533
squeezed_Sóc Trăng,2016-03-01,45.104763,42.09231106265433,42.514286,41.18133924348139,42.514286,42.20426571628655,50.819046,38.0507547329363,41.75238,35.03793744830596,37.942856,40.62295424922536
squeezed_Sóc Trăng,2016-04-01,42.514286,47.3025460288778,42.514286,44.98982975158594,50.819046,42.63726231495374,41.75238,38.56879073780424,37.942856,35.37999918474431,36.342857,35.52501866718848
squeezed_Sóc Trăng,2016-05-01,42.514286,45.18671200844804,50.819046,44.52532016789437,41.75238,37.70351224171753,37.942856,40.73103875893791,36.342857,37.846773446104294,39.314285,35.20342766993006
squeezed_Sóc Trăng,2016-06-01,50.819046,42.04322995465378,41.75238,42.04626497333728,37.942856,37.52470887533296,36.342857,36.14341514746345,39.314285,37.38421692579995,39.314285,35.75221085951308
squeezed_Sóc Trăng,2016-07-01,41.75238,47.47966748274757,37.942856,44.00505469864785,36.342857,41.36586417239824,39.314285,37.48895031867397,39.314285,40.05426917302739,29.138964,35.54755223650863
squeezed_Sóc Trăng,2016-08-01,37.942856,44.2168137820403,36.342857,43.05690003595468,39.314285,37.12261582784479,39.314285,36.37514682008141,29.138964,37.89657299826798,43.010754,37.04179980708546
squeezed_Sóc Trăng,2016-09-01,36.342857,40.00460688300158,39.314285,37.94729110872354,39.314285,34.537543170514105,29.138964,37.24700130351109,43.010754,38.85666886436939,37.018795,35.95370808394705
squeezed_Sóc Trăng,2016-10-01,39.314285,38.19630369560014,39.314285,36.180517394007865,29.138964,37.46230056473537,43.010754,39.44530651443548,37.018795,40.638054092374496,34.802593,36.076734350999764
squeezed_Sóc Trăng,2016-11-01,39.314285,38.89940071785282,29.138964,37.135699651267586,43.010754,40.08228104742406,37.018795,39.36201414914542,34.802593,41.4727657401514,31.519331,39.811979053676424
squeezed_Sóc Trăng,2016-12-01,29.138964,39.77564401415838,43.010754,40.48960076755193,37.018795,39.24901212119615,34.802593,40.44951921472787,31.519331,43.71254621291839,38.003777,39.41956535700344
squeezed_Sóc Trăng,2017-01-01,43.010754,39.30355327276981,37.018795,36.77108169061502,34.802593,36.25333849128136,31.519331,41.377566587811884,38.003777,43.97617938107024,30.698515,34.1147141141229
squeezed_Sóc Trăng,2017-02-01,37.018795,43.717557137154465,34.802593,43.08061473269372,31.519331,41.47222220154636,38.003777,43.845490908859524,30.698515,37.840421436841886,32.422226,38.51201510840739
squeezed_Sóc Trăng,2017-03-01,34.802593,43.341630885321514,31.519331,43.029266749956996,38.003777,39.65574718831942,30.698515,40.48268893134924,32.422226,39.8970786013328,29.795616,33.321160902384875
squeezed_Sóc Trăng,2017-04-01,31.519331,41.63384434864758,38.003777,39.146520678914214,30.698515,37.21971198392999,32.422226,37.49983185635718,29.795616,33.820723377111726,34.063858,30.601735552433325
squeezed_Sóc Trăng,2017-05-01,38.003777,38.37360926456479,30.698515,35.66652145635741,32.422226,32.81387587588814,29.795616,35.15513626281957,34.063858,33.719612239042156,34.802593,28.7782239178994
squeezed_Sóc Trăng,2017-06-01,30.698515,37.04073895538762,32.422226,35.26703508875407,29.795616,31.738473917980635,34.063858,30.136404434330494,34.802593,27.834231530009397,32.422226,29.822373661214634
squeezed_Sóc Trăng,2017-07-01,32.422226,36.078139021152914,29.795616,33.25024762160499,34.063858,30.026927304187613,34.802593,28.74674121297146,32.422226,30.379438363921533,28.044342,27.724028314460774
squeezed_Sóc Trăng,2017-08-01,29.795616,35.29411361511641,34.063858,32.61579866454102,34.802593,29.388362494798997,32.422226,29.111367886910443,28.044342,28.280365066226985,33.090668,28.438634307484513
squeezed_Sóc Trăng,2017-09-01,34.063858,34.9431567728021,34.802593,30.40162568824399,32.422226,29.290686295514153,28.044342,28.669716444098405,33.090668,28.00501451391708,35.572468,30.661925931577606
squeezed_Sóc Trăng,2017-10-01,34.802593,36.51927587191979,32.422226,33.52231210724155,28.044342,32.11783409156318,33.090668,32.05967167395868,35.572468,33.185735136900234,29.533422,34.55005328756501
squeezed_Sóc Trăng,2017-11-01,32.422226,38.19630369560014,28.044342,34.34810496434201,33.090668,32.2871363936703,35.572468,33.08359394171146,29.533422,35.60542682108223,33.173393,36.21707676761954
squeezed_Sóc Trăng,2017-12-01,28.044342,36.19654977335745,33.090668,33.68679186259815,35.572468,31.42041749313896,29.533422,32.82513441019145,33.173393,37.41686399473345,26.472534,35.910191834959534
squeezed_Sơn La,2016-01-01,62.66556,69.91269012728347,75.08278,77.19250395615798,85.927155,90.50658540048916,91.47351,83.12474694503244,85.76159,94.42046702701397,70.03311,92.6464874316713
squeezed_Sơn La,2016-02-01,75.08278,71.61913645551023,85.927155,84.67310892120483,91.47351,95.98095700160845,85.76159,88.86100502203462,70.03311,88.42652339402217,79.718544,81.72911078315236
squeezed_Sơn La,2016-03-01,85.927155,82.72802709460211,91.47351,87.68416639537082,85.76159,95.82228300769746,70.03311,93.56954029131724,79.718544,81.05357506277736,81.62251,78.15386962017679
squeezed_Sơn La,2016-04-01,91.47351,86.5919599479243,85.76159,91.41505463082083,70.03311,87.18061875552839,79.718544,78.47438109004148,81.62251,76.86515519504478,75.248344,73.56948599672195
squeezed_Sơn La,2016-05-01,85.76159,97.64166830322976,70.03311,87.7987206563032,79.718544,84.91534441704887,81.62251,78.88343237119122,75.248344,73.68979966795938,73.50993,72.01358791477851
squeezed_Sơn La,2016-06-01,70.03311,81.82398895105393,79.718544,75.82216938082746,81.62251,75.50008015146899,75.248344,72.80190390262497,73.50993,68.02920424515779,3.3112583,66.88331115232403
squeezed_Sơn La,2016-07-01,79.718544,77.38665502394555,81.62251,74.2996820220744,75.248344,71.96771320619324,73.50993,67.81120911997527,3.3112583,66.7884163233124,83.319595,66.0822928315414
squeezed_Sơn La,2016-08-01,81.62251,78.46515592250964,75.248344,72.62201887981362,73.50993,66.33827343385346,3.3112583,65.15377895727269,83.319595,65.78568255184447,94.362946,63.09220118375957
squeezed_Sơn La,2016-09-01,75.248344,79.03888421918754,73.50993,70.19497057996878,3.3112583,66.10041647893206,83.319595,63.29852103193697,94.362946,60.65085175532044,0.0,67.78953488845285
squeezed_Sơn La,2016-10-01,73.50993,75.86714385135642,3.3112583,69.04567577623527,83.319595,64.91461079607024,94.362946,65.84188747147553,0.0,73.28130344593632,57.19466,75.9031946010639
squeezed_Sơn La,2016-11-01,3.3112583,74.39332541739009,83.319595,68.16106352321435,94.362946,67.00806535214076,0.0,73.70069337115817,57.19466,76.00764359893245,76.80897,76.13839134992274
squeezed_Sơn La,2016-12-01,83.319595,47.219884330783096,94.362946,39.23933539067429,0.0,43.59501732810764,57.19466,46.314690891262096,76.80897,41.931999956760386,70.95764,40.16864449939376
squeezed_Sơn La,2017-01-01,94.362946,74.95233010227486,0.0,82.98040056960562,57.19466,84.15595609499314,76.80897,86.55297255859116,70.95764,75.70994430846332,58.01879,63.61174858607578
squeezed_Sơn La,2017-02-01,0.0,88.55900432633776,57.19466,90.63884274975275,76.80897,108.23969251605159,70.95764,98.81764880308002,58.01879,90.3275369074057,62.88116,86.04427843473536
squeezed_Sơn La,2017-03-01,57.19466,48.94699783755402,76.80897,41.95235745218961,70.95764,43.12184403414215,58.01879,46.78898724406573,62.88116,28.341739811162572,66.589745,30.30742755119939
squeezed_Sơn La,2017-04-01,76.80897,59.72907039734421,70.95764,61.49703908369403,58.01879,71.05569580062883,62.88116,60.87427864236849,66.589745,56.26612557860528,63.293224,49.28337116587253
squeezed_Sơn La,2017-05-01,70.95764,78.01787286525595,58.01879,72.23217411599418,62.88116,69.83750530164403,66.589745,61.99577802605428,63.293224,60.67247802500469,53.898136,54.404722907813316
squeezed_Sơn La,2017-06-01,58.01879,74.64184863980911,62.88116,67.83551669607017,66.589745,65.74795001331248,63.293224,60.13476653830989,53.898136,58.36721895647474,50.27196,56.68111655671336
squeezed_Sơn La,2017-07-01,62.88116,63.711327811708095,66.589745,63.71473755617612,63.293224,58.06464614718613,53.898136,59.783470338217576,50.27196,59.043819815201175,56.605305,54.82583474072591
squeezed_Sơn La,2017-08-01,66.589745,63.30343648319163,63.293224,59.234848651467196,53.898136,56.92889646319283,50.27196,56.4430034327982,56.605305,53.91265541437448,58.06504,56.863838574973556
squeezed_Sơn La,2017-09-01,63.293224,65.20644806409801,53.898136,60.2455314690278,50.27196,55.46044164693412,56.605305,54.573125350684506,58.06504,58.19404590224032,0.0,61.76436300892069
squeezed_Sơn La,2017-10-01,53.898136,61.58173273649292,50.27196,61.01496396264506,56.605305,58.763137672589494,58.06504,66.4717561956629,0.0,64.06591749694604,68.28319,65.33273634766708
squeezed_Sơn La,2017-11-01,50.27196,58.1046688884299,56.605305,58.2469721654519,58.06504,66.9388753402755,0.0,62.19619980859658,68.28319,70.98390335126041,71.36485,62.951726626931325
squeezed_Sơn La,2017-12-01,56.605305,56.084590485627245,58.06504,57.473401917486974,0.0,68.0828250373004,68.28319,64.67299288071264,71.36485,59.28471303155378,70.71608,58.76700047632843
squeezed_TT Huế,2016-01-01,57.92312,63.40573520475618,62.532616,65.68234210803088,65.92451,65.67861522927807,69.75126,68.46248797318142,74.5347,70.03013632985773,58.70586,66.88821885921891
squeezed_TT Huế,2016-02-01,62.532616,64.20399366877179,65.92451,65.5382306100699,69.75126,66.02831157256126,74.5347,69.39253427596503,58.70586,73.68771041808577,64.01113,71.6471898755726
squeezed_TT Huế,2016-03-01,65.92451,66.18550523036643,69.75126,70.61920757094126,74.5347,67.57127837199299,58.70586,69.06495416609665,64.01113,67.84022712364363,59.314663,71.83557822803247
squeezed_TT Huế,2016-04-01,69.75126,69.10003584874998,74.5347,69.86791765087175,58.70586,67.23773673829903,64.01113,61.8359574871292,59.314663,63.897783962602404,63.92416,64.27008725283768
squeezed_TT Huế,2016-05-01,74.5347,72.48774800843002,58.70586,73.67796829289532,64.01113,72.83513913282493,59.314663,65.47715369349743,63.92416,61.88447483224029,64.44599,58.50133473892686
squeezed_TT Huế,2016-06-01,58.70586,75.23363120750355,64.01113,65.71410192873118,59.314663,73.19989877053968,63.92416,64.24578397422268,64.44599,62.04060945070876,14.959124,56.77254467397399
squeezed_TT Huế,2016-07-01,64.01113,65.03768057503774,59.314663,58.65419636789981,63.92416,59.37614099906469,64.44599,60.72227688586417,14.959124,58.14487490412147,42.99448,54.80237015812158
squeezed_TT Huế,2016-08-01,59.314663,64.17735293771638,63.92416,60.17206525972023,64.44599,60.74879162075086,14.959124,58.255094441828355,42.99448,54.188999718719465,44.59676,54.52072623125444
squeezed_TT Huế,2016-09-01,63.92416,63.433335558692846,64.44599,57.17752360016883,14.959124,58.28456320342637,42.99448,47.36755499428171,44.59676,56.159740937219475,55.1896,59.593283040559385
squeezed_TT Huế,2016-10-01,64.44599,60.58219226929939,14.959124,58.56570215439053,42.99448,54.55249511693145,44.59676,57.20884891934067,55.1896,60.43995994205244,47.80132,66.36094056987898
squeezed_TT Huế,2016-11-01,14.959124,61.09622056615688,42.99448,58.37498192539922,44.59676,54.891430420270595,55.1896,60.180814884318636,47.80132,61.886574415744754,57.05893,67.21919935215804
squeezed_TT Huế,2016-12-01,42.99448,46.124095484239135,44.59676,42.51729608325959,55.1896,45.656665811359154,47.80132,48.781197020813586,57.05893,53.759447684669524,53.67634,53.453781133035974
squeezed_TT Huế,2017-01-01,44.59676,43.265953465404884,55.1896,43.007877665576444,47.80132,50.41702430990678,57.05893,52.07856072237119,53.67634,46.37189299449055,53.409294,58.21620043462476
squeezed_TT Huế,2017-02-01,55.1896,50.29959490429542,47.80132,50.09494789903157,57.05893,52.26781614272628,53.67634,49.428515174019594,53.409294,50.05512956737312,55.1896,52.472927405898616
squeezed_TT Huế,2017-03-01,47.80132,57.88258980699417,57.05893,56.521056359183454,53.67634,59.548341130531206,53.409294,54.571585196504756,55.1896,55.73051632813466,45.75396,54.35413837554615
squeezed_TT Huế,2017-04-01,57.05893,58.15570646332351,53.67634,55.23632636651567,53.409294,53.048529514738554,55.1896,49.392193926825314,45.75396,46.90139486357039,47.178207,43.39201829269249
squeezed_TT Huế,2017-05-01,53.67634,58.249460875786255,53.409294,56.96591330407962,55.1896,53.40560629510443,45.75396,51.26997730805148,47.178207,49.410666042183834,49.670643,46.88453587175791
squeezed_TT Huế,2017-06-01,53.409294,53.84454487460518,55.1896,53.040118508708716,45.75396,62.011960072061505,47.178207,50.16004674549233,49.670643,48.52464405720082,46.37707,44.08065471975994
squeezed_TT Huế,2017-07-01,55.1896,54.41026670635543,45.75396,52.322649828982485,47.178207,54.95571697928092,49.670643,49.67510766390958,46.37707,48.8839877154254,40.07464,38.81837120840132
squeezed_TT Huế,2017-08-01,45.75396,54.79832607459969,47.178207,53.518442236801754,49.670643,45.13505107869092,46.37707,47.80860668641629,40.07464,46.39230379250172,33.4992,41.90794005771767
squeezed_TT Huế,2017-09-01,47.178207,50.692516980561194,49.670643,53.087228753527775,46.37707,62.32587277075164,40.07464,42.11715385717773,33.4992,42.365828924022985,44.784077,47.061822607025285
squeezed_TT Huế,2017-10-01,49.670643,52.79815260933031,46.37707,46.021638905592845,40.07464,39.433573218484995,33.4992,43.638113647271226,44.784077,42.39291852425466,50.026657,50.92633835046018
squeezed_TT Huế,2017-11-01,46.37707,55.37514387791449,40.07464,46.62102072479724,33.4992,41.947133402183596,44.784077,47.254302520971116,50.026657,46.16147814522268,56.335526,52.00382966276576
squeezed_TT Huế,2017-12-01,40.07464,52.08659835124838,33.4992,45.640317654721905,44.784077,45.36337397318214,50.026657,45.5585765905243,56.335526,53.536571201183754,51.448376,54.27472883330512
squeezed_Thanh Hóa,2016-01-01,32.96205,37.38687850431261,31.063118,35.47082810178861,31.148146,35.88204243734681,36.306435,40.28060180479653,36.249752,43.239955522087996,35.286114,42.47164139259893
squeezed_Thanh Hóa,2016-02-01,31.063118,39.494562379429055,31.148146,41.24516284081553,36.306435,44.201764821725035,36.249752,43.18723276021751,35.286114,45.36952167204405,31.034777,42.68253230016972
squeezed_Thanh Hóa,2016-03-01,31.148146,39.175823720048164,36.306435,41.21723978971952,36.249752,42.07342494777542,35.286114,42.845041083473056,31.034777,38.74513097345018,36.703228,40.04323570098714
squeezed_Thanh Hóa,2016-04-01,36.306435,38.18286227149225,36.249752,39.53247386218699,35.286114,42.27158843940025,31.034777,37.61303554763431,36.703228,34.64449219844707,32.281834,34.81782567210164
squeezed_Thanh Hóa,2016-05-01,36.249752,40.0762744950343,35.286114,38.66259625187684,31.034777,37.07789761483921,36.703228,35.0988992356571,32.281834,31.77652238744396,32.621944,37.99284583268281
squeezed_Thanh Hóa,2016-06-01,35.286114,38.13442016513144,31.034777,36.98229321496392,36.703228,38.45856488797203,32.281834,33.25310533549035,32.621944,35.48061393515536,35.116062,35.32102962102047
squeezed_Thanh Hóa,2016-07-01,31.034777,38.36125136369296,36.703228,35.81627211566046,32.281834,33.141274084078695,32.621944,33.34495332561462,35.116062,33.86157144273884,30.829426,35.37375411641113
squeezed_Thanh Hóa,2016-08-01,36.703228,35.79261521789322,32.281834,33.61200361179236,32.621944,31.375380915911645,35.116062,33.568478414812105,30.829426,33.57957241687743,28.109999,33.05996457485088
squeezed_Thanh Hóa,2016-09-01,32.281834,36.917818443784526,32.621944,35.423205316960534,35.116062,32.259366814338144,30.829426,31.325376888407398,28.109999,31.817500083721125,32.54988,38.14721260244144
squeezed_Thanh Hóa,2016-10-01,32.621944,36.54359683574217,35.116062,33.67458718919437,30.829426,30.600917680643484,28.109999,33.36876290121278,32.54988,38.66800979942281,31.883898,40.04351751924301
squeezed_Thanh Hóa,2016-11-01,35.116062,37.162041208437216,30.829426,33.277808170380816,28.109999,32.486934017092246,32.54988,35.388735428375206,31.883898,38.8603757097225,30.635181,40.76867527723516
squeezed_Thanh Hóa,2016-12-01,30.829426,36.73397846418218,28.109999,36.87836834466073,32.54988,38.72101931251963,31.883898,36.30057407320391,30.635181,43.08327743065651,37.988735,43.85014622780097
squeezed_Thanh Hóa,2017-01-01,28.109999,39.052024795900955,32.54988,40.68538222333848,31.883898,37.18011658321473,30.635181,38.611968805783775,37.988735,43.83990280352998,34.270332,34.67346548711237
squeezed_Thanh Hóa,2017-02-01,32.54988,37.838620793713254,31.883898,37.7817417639745,30.635181,42.32876180857382,37.988735,40.93269689891772,34.270332,43.745751882759734,35.491302,39.18807362345556
squeezed_Thanh Hóa,2017-03-01,31.883898,39.388699672611814,30.635181,39.649441492214685,37.988735,39.035444670852904,34.270332,41.53589439194064,35.491302,34.21699799830905,35.630047,37.32281469456707
squeezed_Thanh Hóa,2017-04-01,30.635181,38.33988380774674,37.988735,39.72637397437494,34.270332,38.60472571943835,35.491302,34.73843489366102,35.630047,34.021736222279145,37.406,34.096814044915234
squeezed_Thanh Hóa,2017-05-01,37.988735,38.11336444143078,34.270332,36.70061233232534,35.491302,32.61355578170016,35.630047,33.45116892662557,37.406,31.49922667961736,32.355633,32.776944445157916
squeezed_Thanh Hóa,2017-06-01,34.270332,36.742916144710776,35.491302,35.22099647425718,35.630047,33.1249262812344,37.406,32.101415874162456,32.355633,31.91163071555895,33.27136,35.825858390111634
squeezed_Thanh Hóa,2017-07-01,35.491302,37.57656203671779,35.630047,33.97158632361876,37.406,31.17654244053014,32.355633,31.933020849238414,33.27136,33.43331165730463,26.767273,34.51133235048376
squeezed_Thanh Hóa,2017-08-01,35.630047,37.91077989234045,37.406,34.468486183638014,32.355633,33.50334080745305,33.27136,31.89418643832377,26.767273,33.54777390122649,28.83265,36.54636800838945
squeezed_Thanh Hóa,2017-09-01,37.406,37.91077989234045,32.355633,34.64557986403782,33.27136,31.966388292026465,26.767273,33.81507096792104,28.83265,34.497441184947654,27.868807,39.21123293174512
squeezed_Thanh Hóa,2017-10-01,32.355633,37.91077989234045,33.27136,35.543133087763046,26.767273,33.42101370593526,28.83265,35.255676164965216,27.868807,40.99550225655757,28.364498,45.05714772929072
squeezed_Thanh Hóa,2017-11-01,33.27136,36.78633739672497,26.767273,36.07125354345074,28.83265,36.76351630029049,27.868807,40.52759435661154,28.364498,44.61979894568052,33.376476,41.4305723467612
squeezed_Thanh Hóa,2017-12-01,26.767273,37.634907013664346,28.83265,37.975315088453996,27.868807,40.278609525930165,28.364498,40.93170605424467,33.376476,43.11459752681231,35.276623,46.6183815296622
squeezed_Thái Bình,2016-01-01,300.1676,295.3722801014574,310.83798,320.1149843926757,317.26257,302.1854523715427,314.41342,360.40431601376036,323.01675,385.4488547719142,322.40222,374.265478814822
squeezed_Thái Bình,2016-02-01,310.83798,321.22327603591583,317.26257,330.0536962012454,314.41342,355.49435634266,323.01675,383.65224587274366,322.40222,405.28570324668783,322.34637,359.05608625020733
squeezed_Thái Bình,2016-03-01,317.26257,309.30391196012044,314.41342,350.8541905973049,323.01675,408.9607511589051,322.40222,382.7498821017802,322.34637,347.0925675430256,338.26816,330.17517520077826
squeezed_Thái Bình,2016-04-01,314.41342,368.02964351710466,323.01675,387.66743267096285,322.40222,388.9482693112249,322.34637,354.1588340094342,338.26816,361.26593347535004,266.87152,325.14751773577063
squeezed_Thái Bình,2016-05-01,323.01675,353.8266953196612,322.40222,357.35871847822654,322.34637,364.0698461121516,338.26816,372.1657519799503,266.87152,350.63840975547697,187.7095,328.0538326574628
squeezed_Thái Bình,2016-06-01,322.40222,384.14709073532043,322.34637,329.7453157422891,338.26816,336.8447001145237,266.87152,329.7209323068271,187.7095,323.37882714229465,153.07263,270.64688835876285
squeezed_Thái Bình,2016-07-01,322.34637,353.40286997969974,338.26816,303.32610157407584,266.87152,311.2320682468865,187.7095,300.5845804244993,153.07263,321.8041048425844,252.74904,265.2228078379424
squeezed_Thái Bình,2016-08-01,338.26816,327.2335046385938,266.87152,300.8216672853973,187.7095,300.6314984195204,153.07263,283.6616927334431,252.74904,307.8497144270324,270.67874,247.1472780933489
squeezed_Thái Bình,2016-09-01,266.87152,315.64137765373823,187.7095,307.3725635211318,153.07263,287.9867906172223,252.74904,314.68711094272635,270.67874,286.6209228727027,299.71292,270.03039955994643
squeezed_Thái Bình,2016-10-01,187.7095,269.7420471432637,153.07263,271.2757288686169,252.74904,285.9407699776349,270.67874,277.243940330767,299.71292,284.44884179123676,288.06674,295.0131825751521
squeezed_Thái Bình,2016-11-01,153.07263,236.46475977414417,252.74904,240.98831357581818,270.67874,248.77099475342231,299.71292,255.93207725710798,288.06674,247.2788291957069,295.27112,254.05102227662618
squeezed_Thái Bình,2016-12-01,252.74904,206.5690878459497,270.67874,211.33650051364816,299.71292,226.78037951129247,288.06674,267.72298655064367,295.27112,248.0039618490238,0.0,246.1315335291122
squeezed_Thái Bình,2017-01-01,270.67874,240.21537930345428,299.71292,267.84558925042273,288.06674,267.1294476450476,295.27112,305.4347961407676,0.0,229.86456472660237,289.42093,282.07688636474523
squeezed_Thái Bình,2017-02-01,299.71292,264.4605540713731,288.06674,301.2856004838651,295.27112,288.1864331337206,0.0,301.40512090152674,289.42093,284.74762753285415,0.0,289.14065157777696
squeezed_Thái Bình,2017-03-01,288.06674,297.2714100558871,295.27112,340.70479510301925,0.0,330.27381866016464,289.42093,318.7968674542815,0.0,302.52865611235944,286.11667,275.59635449634624
squeezed_Thái Bình,2017-04-01,295.27112,310.98288368396595,0.0,327.91643268113756,289.42093,341.4411289937741,0.0,337.0342278244872,286.11667,274.51024778840423,262.60767,250.58167573981237
squeezed_Thái Bình,2017-05-01,0.0,310.3169966419069,289.42093,352.0950966301828,0.0,318.48270480847435,286.11667,286.30260548045646,262.60767,253.501853348041,269.5412,266.06921775489934
squeezed_Thái Bình,2017-06-01,289.42093,192.29460145864633,0.0,172.3806461621402,286.11667,166.8291353480827,262.60767,144.1784202227635,269.5412,140.72003786071352,264.7202,140.9724331859098
squeezed_Thái Bình,2017-07-01,0.0,285.4440430360306,286.11667,246.10757094082325,262.60767,208.67640073177802,269.5412,234.18761897673562,264.7202,217.5330870653484,243.40651,182.0304534035043
squeezed_Thái Bình,2017-08-01,286.11667,134.8674778042562,262.60767,131.36077657347954,269.5412,110.47397744196266,264.7202,108.38134076815788,243.40651,99.15967661393175,0.0,103.49075561642772
squeezed_Thái Bình,2017-09-01,262.60767,179.50452691317494,269.5412,187.67351297943307,264.7202,190.9371941224024,243.40651,173.2924048250835,0.0,182.70558571051947,252.41357,180.438545100249
squeezed_Thái Bình,2017-10-01,269.5412,227.64001695522245,264.7202,186.41344858383255,243.40651,189.06255956080335,0.0,239.19389238825815,252.41357,235.01970657664936,240.81764,200.398749618714
squeezed_Thái Bình,2017-11-01,264.7202,217.7534891326505,243.40651,188.01443397149336,0.0,190.49436347225657,252.41357,250.84006405136796,240.81764,270.828049373712,252.4675,270.8500217518353
squeezed_Thái Bình,2017-12-01,243.40651,245.04573954536747,0.0,187.73568928565803,252.41357,274.3118749336418,240.81764,259.5298832935636,252.4675,349.7953432209264,271.12885,297.29664371378306
squeezed_Thái Nguyên,2016-01-01,25.745478,30.87161996387368,28.434088,33.8346127765563,30.470915,32.664949948505765,32.915104,33.31081263264288,29.737658,32.096644166893455,25.745478,31.342187917912625
squeezed_Thái Nguyên,2016-02-01,28.434088,31.3023873559086,30.470915,32.47093608648431,32.915104,33.63331242468344,29.737658,34.720017328017235,25.745478,33.10590795048566,31.041225,31.076346032306226
squeezed_Thái Nguyên,2016-03-01,30.470915,36.19983267317984,32.915104,33.579260307147365,29.737658,33.42300242356884,25.745478,34.631667658001895,31.041225,31.64225893419174,32.426266,28.300815376878333
squeezed_Thái Nguyên,2016-04-01,32.915104,36.19983267317984,29.737658,35.61144543178624,25.745478,33.26356378112216,31.041225,30.341089674305223,32.426266,28.706404144915837,30.063549,27.237837920352792
squeezed_Thái Nguyên,2016-05-01,29.737658,38.50606167820399,25.745478,34.75324374271235,31.041225,31.78427579955027,32.426266,29.563037508653007,30.063549,28.5594645933149,31.530064,26.05013897216788
squeezed_Thái Nguyên,2016-06-01,25.745478,35.68203763506155,31.041225,30.750485357711923,32.426266,29.75523057299579,30.063549,30.446676151644464,31.530064,27.976025159598883,10.347075,27.71831965227963
squeezed_Thái Nguyên,2016-07-01,31.041225,29.619905102708316,32.426266,29.33856791473442,30.063549,27.03517940491244,31.530064,28.784692378395224,10.347075,25.495514037848995,20.69899,26.434101947353376
squeezed_Thái Nguyên,2016-08-01,32.426266,33.2036050890153,30.063549,30.6306393708478,31.530064,26.40322531567747,10.347075,28.813155895122623,20.69899,26.342320746661567,26.192183,25.715151225045627
squeezed_Thái Nguyên,2016-09-01,30.063549,35.40713238372145,31.530064,32.42073478584981,10.347075,29.723743229853852,20.69899,26.79104965644273,26.192183,23.77810267603206,26.669851,27.07648244884202
squeezed_Thái Nguyên,2016-10-01,31.530064,34.799653769337304,10.347075,34.351257263292716,20.69899,31.489959370671187,26.192183,27.89730029298266,26.669851,31.043117503023296,25.47568,25.32453653604738
squeezed_Thái Nguyên,2016-11-01,10.347075,34.95230243001297,20.69899,35.111946908668116,26.192183,29.52702309949565,26.669851,31.40885461280722,25.47568,31.331611957744666,27.22713,28.89775988744648
squeezed_Thái Nguyên,2016-12-01,20.69899,31.460247602617116,26.192183,23.15264275029064,26.669851,18.05037118458636,25.47568,24.608307047138826,27.22713,25.544861589323496,23.326168,26.732667546219393
squeezed_Thái Nguyên,2017-01-01,26.192183,24.766863027786215,26.669851,24.551890926006127,25.47568,18.570452977684948,27.22713,25.195960972844528,23.326168,28.16526356093492,24.99801,18.644802712505474
squeezed_Thái Nguyên,2017-02-01,26.669851,30.85191588455609,25.47568,31.56221201079487,27.22713,29.108632512006324,23.326168,31.812545376954517,24.99801,26.56631277562632,22.131996,26.451809573616448
squeezed_Thái Nguyên,2017-03-01,25.47568,36.19983267317984,27.22713,30.86715185462995,23.326168,32.12260096908196,24.99801,30.36738246202626,22.131996,26.68169611793137,21.495104,25.489210377084376
squeezed_Thái Nguyên,2017-04-01,27.22713,30.85191588455609,23.326168,33.088924357580304,24.99801,28.659286117868863,22.131996,26.655807097783985,21.495104,27.083761089602643,20.062098,24.674152903179458
squeezed_Thái Nguyên,2017-05-01,23.326168,35.802391477864944,24.99801,30.345129280899403,22.131996,26.928051287995665,21.495104,26.347559338132744,20.062098,25.89771828381993,17.03686,24.996379706280127
squeezed_Thái Nguyên,2017-06-01,24.99801,26.076452045188866,22.131996,28.647531994981286,21.495104,26.172678995356602,20.062098,25.408476604336006,17.03686,25.486637661183902,17.196083,30.309003962669774
squeezed_Thái Nguyên,2017-07-01,22.131996,28.756616849873698,21.495104,27.41266517609971,20.062098,22.762818118125978,17.03686,25.363740569791325,17.196083,24.21212858893863,15.546482,22.742463611282904
squeezed_Thái Nguyên,2017-08-01,21.495104,25.416724826581174,20.062098,26.129736053095204,17.03686,20.960398958187433,17.196083,30.20856533664907,15.546482,24.77551169940948,15.153894,23.395631119329384
squeezed_Thái Nguyên,2017-09-01,20.062098,25.416724826581174,17.03686,26.016256928807838,17.196083,19.749793957853818,15.546482,20.504803809998624,15.153894,23.72800927783582,36.275127,25.864068270756896
squeezed_Thái Nguyên,2017-10-01,17.03686,23.164813876139785,17.196083,25.816623538407523,15.546482,19.916842742446583,15.153894,24.501769420855926,36.275127,27.23309472152627,20.964195,27.635139127386548
squeezed_Thái Nguyên,2017-11-01,17.196083,24.170902203337697,15.546482,22.737528557054542,15.153894,20.340691754870715,36.275127,25.38971887113037,20.964195,27.892189131631692,19.315327,27.349872803125074
squeezed_Thái Nguyên,2017-12-01,15.546482,29.674623972643396,15.153894,23.273532074353486,36.275127,23.801952282015183,20.964195,24.990967754865768,19.315327,25.694200546609192,15.782035,28.07829637077405
squeezed_Tiền Giang,2016-01-01,20.055166,24.89066195193342,27.00839,25.047316020194657,25.744167,24.239285939145642,24.939663,26.39924686848975,26.376278,28.524815739775217,27.180784,30.539993972296646
squeezed_Tiền Giang,2016-02-01,27.00839,24.766863027786215,25.744167,27.350879417203128,24.939663,24.34423166574337,26.376278,26.937086405534505,27.180784,29.11343507890041,24.824734,30.02993372854641
squeezed_Tiền Giang,2016-03-01,25.744167,34.805654240661696,24.939663,31.74802770361802,26.376278,30.337969043727323,27.180784,34.42227797731471,24.824734,26.43313421348107,23.388117,29.08908022787995
squeezed_Tiền Giang,2016-04-01,24.939663,32.13135629442017,26.376278,33.95764635118676,27.180784,31.667427529259857,24.824734,30.284350683334516,23.388117,25.59671490516878,22.238823,26.489949337245328
squeezed_Tiền Giang,2016-05-01,26.376278,31.528325748703157,27.180784,28.559585626744912,24.824734,26.372044798414652,23.388117,28.820237572528406,22.238823,25.524886351549696,23.732904,24.509171475948982
squeezed_Tiền Giang,2016-06-01,27.180784,28.879537361476796,24.824734,28.320809644041383,23.388117,25.875343757538705,22.238823,26.43466718659499,23.732904,23.605484095250254,0.22985864,23.58975022863561
squeezed_Tiền Giang,2016-07-01,24.824734,33.2036050890153,23.388117,28.2235201722891,22.238823,24.71683402862341,23.732904,26.64571131274644,0.22985864,25.365788740542282,14.841877,23.93745397299363
squeezed_Tiền Giang,2016-08-01,23.388117,28.756616849873698,22.238823,28.935843347700526,23.732904,26.132735078439133,0.22985864,26.280518208722434,14.841877,27.059972537857256,18.60943,26.120672187531675
squeezed_Tiền Giang,2016-09-01,22.238823,25.852811772397875,23.732904,26.489525063893936,0.22985864,23.76627785163066,14.841877,25.150025756186757,18.60943,26.320060613333265,19.351524,28.223875125608384
squeezed_Tiền Giang,2016-10-01,23.732904,25.416724826581174,0.22985864,29.17155044025679,14.841877,23.834640103795284,18.60943,26.44838946242487,19.351524,29.26169203962029,17.467747,27.18932716565276
squeezed_Tiền Giang,2016-11-01,0.22985864,25.852811772397875,14.841877,26.86079404079811,18.60943,25.951154896206422,19.351524,29.689467278496465,17.467747,28.339997813687667,19.865282,27.82427910799224
squeezed_Tiền Giang,2016-12-01,14.841877,28.473508479266737,18.60943,15.5552669198218,19.351524,20.831172749278576,17.467747,20.96614733298404,19.865282,27.146996452597065,25.63078,26.672418706117
squeezed_Tiền Giang,2017-01-01,18.60943,24.602800267862577,19.351524,26.117586477919403,17.467747,18.976613147997742,19.865282,23.556489063732723,25.63078,24.62383087104988,21.577806,21.145241580167134
squeezed_Tiền Giang,2017-02-01,19.351524,24.766863027786215,17.467747,25.96620368027886,19.865282,22.689146115215014,25.63078,28.570536091436743,21.577806,25.335942232090744,21.121132,26.71578578316436
squeezed_Tiền Giang,2017-03-01,17.467747,24.766863027786215,19.865282,27.296631657684884,25.63078,23.481761290256514,21.577806,28.54752052200685,21.121132,23.838920271713267,19.351524,25.248686783720405
squeezed_Tiền Giang,2017-04-01,19.865282,24.32197113508908,25.63078,24.936096935151046,21.577806,22.453976642285777,21.121132,23.152690121366003,19.351524,22.03469127335898,20.835712,21.59939369154114
squeezed_Tiền Giang,2017-05-01,25.63078,24.666143266598322,21.577806,22.212524273688846,21.121132,19.62148197422144,19.351524,23.436223445617674,20.835712,20.762026579389936,17.924421,23.067461409905142
squeezed_Tiền Giang,2017-06-01,21.577806,27.609157853105856,21.121132,25.870010955650727,19.351524,23.51504214747029,20.835712,23.68360777510563,17.924421,23.56911115734187,14.670625,34.680390469152094
squeezed_Tiền Giang,2017-07-01,21.121132,25.416724826581174,19.351524,26.129736053095204,20.835712,20.65520577991112,17.924421,20.886055260263902,14.670625,43.40983852772675,19.21437,26.51830494037454
squeezed_Tiền Giang,2017-08-01,19.351524,23.164813876139785,20.835712,23.660059048674665,17.924421,18.631129324190294,14.670625,37.54002519285308,19.21437,26.120028699438766,18.077425,23.73890197854495
squeezed_Tiền Giang,2017-09-01,20.835712,23.164813876139785,17.924421,25.93935087716124,14.670625,43.534787453191974,19.21437,23.727643963276222,18.077425,21.943785689651374,21.033484,25.73665160604706
squeezed_Tiền Giang,2017-10-01,17.924421,21.89443436776886,14.670625,41.730318797933904,19.21437,25.06892072186625,18.077425,24.124079500014464,21.033484,30.75701698494777,28.878405,26.103598062951846
squeezed_Tiền Giang,2017-11-01,14.670625,30.7355589647178,19.21437,22.38158919892763,18.077425,20.448293810082696,21.033484,26.725283409042518,28.878405,28.801395193050794,26.149736,25.90359029124631
squeezed_Tiền Giang,2017-12-01,19.21437,31.729352621142795,18.077425,25.156810858541515,21.033484,21.289110669994933,28.878405,26.4743197655548,26.149736,28.419524546632008,27.684612,27.989979063910717
squeezed_Trà Vinh,2016-01-01,8.073042,23.41905965863046,7.8808265,24.721727004747546,11.148486,35.82530471193024,16.722729,22.638453713696137,20.567036,30.92414784149537,16.914946,28.21888819315578
squeezed_Trà Vinh,2016-02-01,7.8808265,17.506369445100937,11.148486,24.74625798026112,16.722729,21.42426441633267,20.567036,35.243479750797434,16.914946,28.605790409659274,12.782316,47.42116483236075
squeezed_Trà Vinh,2016-03-01,11.148486,25.718026441169542,16.722729,18.504467087671163,20.567036,26.89037689370151,16.914946,27.33040186382695,12.782316,26.28559160009914,10.956271,28.19293116436664
squeezed_Trà Vinh,2016-04-01,16.722729,22.2463174657348,20.567036,29.33690377657658,16.914946,21.76259317308359,12.782316,22.784190724231088,10.956271,21.038348644884508,10.667948,21.082227092821658
squeezed_Trà Vinh,2016-05-01,20.567036,27.560382067944065,16.914946,20.2112675301688,12.782316,20.02122836170833,10.956271,32.62431208463584,10.667948,19.687457278414698,6.2469964,33.78456976124313
squeezed_Trà Vinh,2016-06-01,16.914946,22.017354879371958,12.782316,21.927833825065257,10.956271,19.640698963987997,10.667948,18.50127377903569,6.2469964,36.81567069376272,6.2469964,37.88294399649258
squeezed_Trà Vinh,2016-07-01,12.782316,22.55131419233327,10.956271,22.77477549022172,10.667948,17.57073867085694,6.2469964,32.7814235007741,6.2469964,40.31687015569729,8.431704,36.612623730797225
squeezed_Trà Vinh,2016-08-01,10.956271,22.763929884883105,10.667948,18.9937187943275,6.2469964,37.33953389116235,6.2469964,37.50480220281797,8.431704,40.59573310804139,20.930464,38.526974550692856
squeezed_Trà Vinh,2016-09-01,10.667948,19.302508845724233,6.2469964,31.543523433018937,6.2469964,42.781200679994235,8.431704,35.61652733094213,20.930464,41.175595328966914,20.632874,41.46000239124762
squeezed_Trà Vinh,2016-10-01,6.2469964,29.86484578294599,6.2469964,31.805916303910728,8.431704,53.2361607268679,20.930464,38.453741553191946,20.632874,46.482975235336184,11.605991,36.685629820060434
squeezed_Trà Vinh,2016-11-01,6.2469964,28.20621986372163,8.431704,38.037108109066004,20.930464,59.69903687573582,20.632874,39.54624884673266,11.605991,30.039625289423928,19.144926,25.560353050460098
squeezed_Trà Vinh,2016-12-01,8.431704,39.82947419939728,20.930464,44.21287495864377,20.632874,49.41081082918202,11.605991,42.12794108090938,19.144926,30.379667199121698,14.978673,29.173560969467605
squeezed_Trà Vinh,2017-01-01,20.930464,26.522866771930463,20.632874,42.21899056660463,11.605991,21.349852133644294,19.144926,26.42672208237606,14.978673,29.829881606046936,28.271006,27.50643419044235
squeezed_Trà Vinh,2017-02-01,20.632874,28.446701234119573,11.605991,33.657809180238324,19.144926,23.516329451357596,14.978673,27.298475100353116,28.271006,27.407816532956215,29.461363,26.882673699642663
squeezed_Trà Vinh,2017-03-01,11.605991,31.75447190611084,19.144926,26.63776253255257,14.978673,23.164238701027305,28.271006,26.89637070783822,29.461363,24.794138164058435,25.5927,32.074134912034424
squeezed_Trà Vinh,2017-04-01,19.144926,23.344597252924626,14.978673,22.66694966599825,28.271006,20.075796273258145,29.461363,22.274395032118882,25.5927,24.9857864805648,13.887511,26.886952815654386
squeezed_Trà Vinh,2017-05-01,14.978673,24.666143266598322,28.271006,22.331439704621385,29.461363,20.132595076781115,25.5927,32.632820319697615,13.887511,21.58706115755649,9.820455,34.547118369022684
squeezed_Trà Vinh,2017-06-01,28.271006,21.673182747862715,29.461363,19.930465967996735,25.5927,18.642552307243072,13.887511,31.27549559817623,9.820455,43.314884272565834,14.185101,37.29127662252059
squeezed_Trà Vinh,2017-07-01,29.461363,31.933225580644358,25.5927,29.738172687689836,13.887511,23.79732680487969,9.820455,36.60160003647716,14.185101,42.371783274891264,11.994449,40.38325925093674
squeezed_Trà Vinh,2017-08-01,25.5927,35.57428920639754,13.887511,31.71324746525228,9.820455,43.81102014829909,14.185101,38.97181683048022,11.994449,41.94370363000044,17.248217,31.97089398631068
squeezed_Trà Vinh,2017-09-01,13.887511,31.54586460806116,9.820455,40.6856933566664,14.185101,40.206230066078646,11.994449,36.15463855077594,17.248217,27.666727391723636,17.545599,27.223742949351735
squeezed_Trà Vinh,2017-10-01,9.820455,28.44833649277583,14.185101,39.76232847423203,11.994449,42.46841021926614,17.248217,29.083362727713318,17.545599,32.891617967137506,18.437748,36.78223884403786
squeezed_Trà Vinh,2017-11-01,14.185101,23.23405670247244,11.994449,42.99266563753663,17.248217,20.834866535541977,17.545599,24.815778806003564,18.437748,27.01300175656665,20.717684,26.31377324201302
squeezed_Trà Vinh,2017-12-01,11.994449,40.82924698902966,17.248217,20.43759245866939,17.545599,19.971838438729918,18.437748,40.55337624835316,20.717684,28.286987912985182,20.12292,28.490734401897406
squeezed_Tuyên Quang,2016-01-01,38.33616,43.46332789311357,38.466553,43.614091463583286,38.205765,49.23464531559792,35.597862,45.35368253593838,32.337986,52.12140902553365,31.164429,45.325771098256695
squeezed_Tuyên Quang,2016-02-01,38.466553,43.29654510909753,38.205765,47.183889604627794,35.597862,50.88662339632783,32.337986,47.30516438511218,31.164429,50.70429917349874,38.988132,48.655191811745446
squeezed_Tuyên Quang,2016-03-01,38.205765,44.24400672269653,35.597862,44.086511200412446,32.337986,45.89991899765148,31.164429,49.64707536792677,38.988132,43.686683461967604,37.553787,43.04090960866166
squeezed_Tuyên Quang,2016-04-01,35.597862,43.55862940163335,32.337986,40.51068495556342,31.164429,39.51511515907503,38.988132,37.66170214181192,37.553787,40.02051359445326,38.59695,39.48732564614069
squeezed_Tuyên Quang,2016-05-01,32.337986,40.76226747570251,31.164429,37.5282340938585,38.988132,35.83080581014851,37.553787,38.46827486141561,38.59695,39.13664072290175,33.51154,37.70147431425004
squeezed_Tuyên Quang,2016-06-01,31.164429,36.90925790832806,38.988132,34.495943894424336,37.553787,33.61706740800634,38.59695,36.009389569972896,33.51154,37.98778227995825,20.080845,34.763919067800146
squeezed_Tuyên Quang,2016-07-01,38.988132,35.25304251308234,37.553787,34.15273680936583,38.59695,32.75943589500411,33.51154,32.83710510801174,20.080845,31.66220479433003,0.0,31.535938233934306
squeezed_Tuyên Quang,2016-08-01,37.553787,37.9064392692969,38.59695,36.314592440907425,33.51154,33.69088755833459,20.080845,31.47341092095713,0.0,30.876810768831504,0.0,37.71741855562297
squeezed_Tuyên Quang,2016-09-01,38.59695,39.276091050825634,33.51154,36.684086062826175,20.080845,32.05255217745559,0.0,31.769101182515765,0.0,36.83100050987277,0.0,37.24209458651255
squeezed_Tuyên Quang,2016-10-01,33.51154,38.75737991805792,20.080845,37.67933328580374,0.0,37.51801684028438,0.0,37.957398479076936,0.0,39.65914573784805,0.0,41.535542143891604
squeezed_Tuyên Quang,2016-11-01,20.080845,39.903013648856955,0.0,37.00273955564672,0.0,35.69257323415374,0.0,39.61460687804973,0.0,44.10986895186453,0.0,41.125773965114576
squeezed_Tuyên Quang,2016-12-01,0.0,32.93486898428519,0.0,30.3977322632008,0.0,26.562026060657914,0.0,31.62714466633099,0.0,38.219626815626114,0.0,39.59700515497767
squeezed_Tuyên Quang,2017-01-01,0.0,11.346592508909424,0.0,12.158726532673303,0.0,14.18265945600877,0.0,21.391293318190147,0.0,21.07534171373408,0.0,11.267487152320257
squeezed_Tuyên Quang,2017-02-01,0.0,9.639531284707264,0.0,13.277887103810983,0.0,13.194618579528578,0.0,16.283467763406968,0.0,18.615088119067646,0.0,12.158308908777027
squeezed_Tuyên Quang,2017-03-01,0.0,10.54045983418943,0.0,11.444639273570871,0.0,9.504785098655645,0.0,14.461151843655896,0.0,8.332687180237016,0.0,11.838461079638485
squeezed_Tuyên Quang,2017-04-01,0.0,9.49602828124247,0.0,9.06760502683656,0.0,5.940809501928246,0.0,9.030533677182856,0.0,8.5128447716228,0.0,9.202581414749888
squeezed_Tuyên Quang,2017-05-01,0.0,9.37222935709526,0.0,9.06760502683656,0.0,6.09754686484564,0.0,7.365466828406178,0.0,8.262335259255593,0.0,10.065697189779332
squeezed_Tuyên Quang,2017-06-01,0.0,10.418596967198788,0.0,9.29176386946566,0.0,6.2855310071905794,0.0,6.805623760098207,0.0,8.176566133423334,0.0,17.335783632810795
squeezed_Tuyên Quang,2017-07-01,0.0,10.29567645559569,0.0,9.125650464806954,0.0,5.477699579215942,0.0,7.009333449612477,0.0,15.78457193190535,32.763718,56.762803650807555
squeezed_Tuyên Quang,2017-08-01,0.0,10.29567645559569,0.0,8.686163913515356,0.0,5.5111711427555905,0.0,6.4270921069345945,32.763718,48.28180142830625,40.60131,61.74449087503471
squeezed_Tuyên Quang,2017-09-01,0.0,10.29567645559569,0.0,8.686163913515356,0.0,4.540467482536807,32.763718,33.731529204825605,40.60131,45.192860571171664,43.04253,61.52295884324087
squeezed_Tuyên Quang,2017-10-01,0.0,10.29567645559569,0.0,8.63384141773871,32.763718,45.13887803236815,40.60131,39.82036447415558,43.04253,49.43471777242321,36.746758,66.96774958728942
squeezed_Tuyên Quang,2017-11-01,0.0,10.29567645559569,32.763718,38.58006732187083,40.60131,41.81172561534315,43.04253,42.133388406580366,36.746758,55.51064996395127,36.10433,71.9224223698431
squeezed_Tuyên Quang,2017-12-01,32.763718,42.00423117873644,40.60131,41.38786118900773,43.04253,50.615912399045236,36.746758,48.46147556148486,36.10433,56.59561079544975,37.517666,76.46381071707431
squeezed_Tây Ninh,2016-01-01,12.602789,22.1980166687009,15.4629965,23.829613161816777,10.636396,22.423639909010074,9.116911,25.27382543543026,13.764748,25.387930896382823,11.887737,26.104744729453593
squeezed_Tây Ninh,2016-02-01,15.4629965,22.1980166687009,10.636396,24.24934497592012,9.116911,22.60886224331237,13.764748,25.93275692032039,11.887737,24.977504044235555,12.334644,25.4185463394666
squeezed_Tây Ninh,2016-03-01,10.636396,24.153363343979695,9.116911,24.09793805617858,13.764748,23.162821663024424,11.887737,24.511065363736535,12.334644,21.547480866714995,8.223096,23.37371756891478
squeezed_Tây Ninh,2016-04-01,9.116911,22.074217744553696,13.764748,25.061878143070818,11.887737,21.11016529158767,12.334644,22.43861933141809,8.223096,21.340581906246364,8.044333,25.09718968345924
squeezed_Tây Ninh,2016-05-01,13.764748,22.074217744553696,11.887737,20.076693157851306,12.334644,19.66489743407235,8.223096,22.517316931797765,8.044333,17.81187492225322,11.887737,24.175790019302873
squeezed_Tây Ninh,2016-06-01,11.887737,19.69475690962461,12.334644,20.554553507790036,8.223096,19.232513127274785,8.044333,19.021107146796883,11.887737,17.557258733812233,0.6256704,32.76851609570367
squeezed_Tây Ninh,2016-07-01,12.334644,19.57183639802151,8.223096,20.540529150957862,8.044333,17.243047328834162,11.887737,19.815342517306256,0.6256704,18.736779570302808,4.691165,27.044013051216307
squeezed_Tây Ninh,2016-08-01,8.223096,19.57183639802151,8.044333,20.540529150957862,11.887737,17.68812870443267,0.6256704,30.582985174321422,4.691165,22.79411708779617,2.9536965,22.03847534806995
squeezed_Tây Ninh,2016-09-01,8.044333,15.235974818468451,11.887737,14.48089043437864,0.6256704,16.86922719032743,4.691165,31.274197403919363,2.9536965,21.994639103939853,4.7780385,22.809048427349445
squeezed_Tây Ninh,2016-10-01,11.887737,15.436774083760517,0.6256704,29.460128878708602,4.691165,18.498792065617067,2.9536965,23.094158703496657,4.7780385,24.422078296021546,9.469203,29.629678847247774
squeezed_Tây Ninh,2016-11-01,0.6256704,24.893440552443817,4.691165,32.352303683387724,2.9536965,22.46852358180537,4.7780385,24.614955666577785,9.469203,25.387446570535932,7.2104945,29.41440180245295
squeezed_Tây Ninh,2016-12-01,4.691165,39.967935679941654,2.9536965,13.262969669210266,4.7780385,18.76087000495518,9.469203,39.3573462526311,7.2104945,47.25914470116918,7.9923553,31.492062333250477
squeezed_Tây Ninh,2017-01-01,2.9536965,14.203984334771828,4.7780385,14.495667811667063,9.469203,16.20832077083089,7.2104945,39.08773688932113,7.9923553,27.7916220895998,9.469203,26.477966711042928
squeezed_Tây Ninh,2017-02-01,4.7780385,16.941304622880786,9.469203,26.06425609437323,7.2104945,45.04066900749595,7.9923553,24.052343740456354,9.469203,28.88216027236175,5.8205194,27.25235854657278
squeezed_Tây Ninh,2017-03-01,9.469203,24.436382683303876,7.2104945,21.946125163182383,7.9923553,18.631797284739463,9.469203,20.326455051521897,5.8205194,20.845294310043762,5.8205194,34.64945863060471
squeezed_Tây Ninh,2017-04-01,7.2104945,24.949114520114403,7.9923553,19.644045695905454,9.469203,20.073198938057583,5.8205194,18.757514314501496,5.8205194,39.19343190374807,8.513596,36.6711427234421
squeezed_Tây Ninh,2017-05-01,7.9923553,16.837427615518465,9.469203,20.915177952639244,5.8205194,15.04498347251955,5.8205194,32.0297686375109,8.513596,40.05212806482287,9.64295,29.28427337825936
squeezed_Tây Ninh,2017-06-01,9.469203,15.35889533007155,5.8205194,13.277609323724965,5.8205194,37.25544396436686,8.513596,32.22653937249991,9.64295,20.584607888583285,5.2992787,33.67670975032578
squeezed_Tây Ninh,2017-07-01,5.8205194,19.57183639802151,5.8205194,32.10543831590267,8.513596,35.88605076984676,9.64295,19.515908208602017,5.2992787,38.8965682144207,9.993969,38.411968769633866
squeezed_Tây Ninh,2017-08-01,5.8205194,21.844758335545365,8.513596,31.114631091686046,9.64295,15.196610457113207,5.2992787,34.92062394559795,9.993969,40.621653343141936,8.443181,37.532214925164105
squeezed_Tây Ninh,2017-09-01,8.513596,21.641471159756627,9.64295,19.037338990304868,5.2992787,44.21798829679997,9.993969,39.591876769864136,8.443181,41.432821473995986,6.633928,44.85437369079725
squeezed_Tây Ninh,2017-10-01,9.64295,14.562560825090374,5.2992787,36.374388461893886,9.993969,60.25152039727553,8.443181,45.67371877347812,6.633928,51.08923045725114,6.8923926,33.83803146815383
squeezed_Tây Ninh,2017-11-01,5.2992787,30.462351918211713,9.993969,45.25870602406676,8.443181,56.526779466386664,6.633928,45.446514372170654,6.8923926,49.8592888576457,5.9446883,46.63731434097057
squeezed_Tây Ninh,2017-12-01,9.993969,43.30660182555266,8.443181,36.34828928597245,6.633928,45.405996038714015,6.8923926,40.77694345885462,5.9446883,53.940177096930576,5.1692944,46.406949710257905
squeezed_Vĩnh Phúc,2016-01-01,42.307693,49.25482151714155,40.52533,45.05832858802685,42.213882,49.46115319303882,41.557224,50.406127071569166,38.649155,52.87734288386032,40.900562,54.80339286579033
squeezed_Vĩnh Phúc,2016-02-01,40.52533,45.80995508631377,42.213882,48.321573729624326,41.557224,55.996268371096114,38.649155,60.82493930052751,40.900562,56.53161718708,40.43152,56.24546573619038
squeezed_Vĩnh Phúc,2016-03-01,42.213882,46.28100533629775,41.557224,47.68956665502608,38.649155,55.31374553608047,40.900562,52.54245415701523,40.43152,51.27990216913751,38.555347,45.123294628625615
squeezed_Vĩnh Phúc,2016-04-01,41.557224,48.08195122213098,38.649155,47.51826883156775,40.900562,47.960329843058084,40.43152,43.67965618887421,38.555347,44.277103918926066,38.086304,44.00873184547122
squeezed_Vĩnh Phúc,2016-05-01,38.649155,48.66960826733874,40.900562,44.98738915164748,40.43152,43.05059162596389,38.555347,41.74176325428468,38.086304,42.28505925458898,36.679176,41.37948825900245
squeezed_Vĩnh Phúc,2016-06-01,40.900562,42.798002944101135,40.43152,43.3828014091537,38.555347,40.82838772347904,38.086304,37.18441475606748,36.679176,40.867818221992415,9.756098,40.37296507075986
squeezed_Vĩnh Phúc,2016-07-01,40.43152,42.5453570767283,38.555347,39.44908470030363,38.086304,38.34077080670458,36.679176,39.1871683409939,9.756098,38.35624507537514,29.20488,37.06452193131786
squeezed_Vĩnh Phúc,2016-08-01,38.555347,41.82444283024806,38.086304,39.32457924909528,36.679176,39.456345344913565,9.756098,36.76239114950357,29.20488,39.043784478879246,25.37619,39.33293121775241
squeezed_Vĩnh Phúc,2016-09-01,38.086304,40.15631093349545,36.679176,38.013734707029016,9.756098,37.14683753327361,29.20488,36.079856597515565,25.37619,38.22307342420577,0.0,40.06312039764525
squeezed_Vĩnh Phúc,2016-10-01,36.679176,39.50239100382844,9.756098,38.49842113424873,29.20488,39.287624730767995,25.37619,38.821108032497506,0.0,41.21244779649335,31.163744,39.23315824913644
squeezed_Vĩnh Phúc,2016-11-01,9.756098,39.19795200627021,29.20488,38.508319377468425,25.37619,36.12212175260683,0.0,41.4421963178922,31.163744,43.76135513851196,29.471996,41.242281751054215
squeezed_Vĩnh Phúc,2016-12-01,29.20488,32.8919509190679,25.37619,27.300935583740856,0.0,25.822593705425962,31.163744,32.83527500849674,29.471996,40.11650518340012,28.937761,36.687910530672646
squeezed_Vĩnh Phúc,2017-01-01,25.37619,35.24840290809895,0.0,31.502585763543824,31.163744,30.325559103909416,29.471996,34.74184864218914,28.937761,30.138332266787906,33.300686,26.453091185623762
squeezed_Vĩnh Phúc,2017-02-01,0.0,31.170865627846137,31.163744,35.83522742633928,29.471996,37.280122138986975,28.937761,35.81639818286024,33.300686,34.54493522065265,0.0,32.820841918380694
squeezed_Vĩnh Phúc,2017-03-01,31.163744,14.25644377774196,29.471996,16.19092534940333,28.937761,18.85099235970014,33.300686,20.6480660091988,0.0,17.29000968908238,37.57457,20.547083174366854
squeezed_Vĩnh Phúc,2017-04-01,29.471996,33.7521751352662,28.937761,35.528563864042134,33.300686,25.52768134539396,0.0,22.905541937993405,37.57457,23.802688986078017,35.25955,21.95695557778371
squeezed_Vĩnh Phúc,2017-05-01,28.937761,37.18665315957478,33.300686,35.45074152260732,0.0,35.56850012965714,37.57457,27.740949206560483,35.25955,27.77079163647545,26.355623,35.10400833857912
squeezed_Vĩnh Phúc,2017-06-01,33.300686,34.662391766911114,0.0,31.118952798443033,37.57457,29.289790946316533,35.25955,28.094467689956762,26.355623,26.962021029183557,0.0,31.143159869977495
squeezed_Vĩnh Phúc,2017-07-01,0.0,35.32176976346251,37.57457,33.56540488425986,35.25955,29.900560771200595,26.355623,31.04193736083139,0.0,30.354422969533537,0.0,27.119802173346258
squeezed_Vĩnh Phúc,2017-08-01,37.57457,17.771053796363166,35.25955,13.120436296634272,26.355623,18.187991459303433,0.0,34.21680314136673,0.0,20.45452696419144,0.0,27.234884307002908
squeezed_Vĩnh Phúc,2017-09-01,35.25955,32.889380337881484,26.355623,31.378787619770694,0.0,22.0463690109557,0.0,23.183533013287576,0.0,24.40973322211488,0.0,35.9993612073552
squeezed_Vĩnh Phúc,2017-10-01,26.355623,37.91077989234045,0.0,32.90878277302846,0.0,33.68714231690311,0.0,33.89607800141029,0.0,49.29588574754764,0.0,35.05178709629439
squeezed_Vĩnh Phúc,2017-11-01,0.0,33.18826859153858,0.0,31.538331353636792,0.0,30.88446723998355,0.0,43.42470068551427,0.0,37.11046595508217,0.0,31.846794851901127
squeezed_Vĩnh Phúc,2017-12-01,0.0,24.176478787079596,0.0,15.926680360590355,0.0,42.20595062719062,0.0,24.999040804684768,0.0,27.974037037164827,0.0,32.824592859794386
squeezed_Yên Bái,2016-01-01,11.12361,22.1604625749999,29.99625,31.439009665352472,22.997126,25.910552365506078,26.496689,26.030812168345236,22.747156,28.86223850740391,19.247595,37.59474573103648
squeezed_Yên Bái,2016-02-01,29.99625,21.348735934896787,22.997126,26.930717295858067,26.496689,29.785138330426847,22.747156,26.979272636286893,19.247595,29.728764268741084,26.746656,34.97872571392458
squeezed_Yên Bái,2016-03-01,22.997126,34.98110098048695,26.496689,33.412193348904644,22.747156,34.42742274031623,19.247595,37.0340626728225,26.746656,29.569317461602633,18.497688,43.27019706889435
squeezed_Yên Bái,2016-04-01,26.496689,29.3278884792584,22.747156,32.13190780598974,19.247595,28.472056636663623,26.746656,24.409641919685523,18.497688,27.012506418661648,19.247595,26.966154318061612
squeezed_Yên Bái,2016-05-01,22.747156,30.728116960408883,19.247595,29.74899180050329,26.746656,25.040735793117705,18.497688,27.3690785092287,19.247595,23.695866501641657,18.497688,25.07312717844501
squeezed_Yên Bái,2016-06-01,19.247595,25.640365099372165,26.746656,27.17215544205759,18.497688,21.429291584621662,19.247595,22.906540791425652,18.497688,24.71453157315619,2.2497187,25.873481291876814
squeezed_Yên Bái,2016-07-01,26.746656,23.164813876139785,18.497688,23.073861128547744,19.247595,18.9158743352539,18.497688,21.91344164504336,2.2497187,23.177305951585517,14.121144,25.44207710752051
squeezed_Yên Bái,2016-08-01,18.497688,32.26744343626702,19.247595,27.188718159557467,18.497688,23.825995402575916,2.2497187,24.91021115249571,14.121144,23.717975316684456,20.4385,27.952281131434315
squeezed_Yên Bái,2016-09-01,19.247595,23.164813876139785,18.497688,23.261409925541845,2.2497187,22.717383191748077,14.121144,20.631266230670516,20.4385,21.463844905231966,24.03072,26.4824513047832
squeezed_Yên Bái,2016-10-01,18.497688,21.995154128956752,2.2497187,24.023683417259626,14.121144,19.662886886492014,20.4385,36.63760806904851,24.03072,29.282824529815052,22.915892,28.027293672160248
squeezed_Yên Bái,2016-11-01,2.2497187,22.89608267843892,14.121144,23.166526537581436,20.4385,21.048065361324678,24.03072,27.088300367764496,22.915892,29.051995270386946,20.810108,29.040578313716868
squeezed_Yên Bái,2016-12-01,14.121144,26.74883180027775,20.4385,23.85318186701919,24.03072,12.990066230805736,22.915892,25.270547310787325,20.810108,23.047975741150974,22.420414,20.516758655786283
squeezed_Yên Bái,2017-01-01,20.4385,29.913112719676352,24.03072,23.669552398366083,22.915892,16.769237661854742,20.810108,22.435784754695597,22.420414,26.504940217599952,25.145546,11.95559111772783
squeezed_Yên Bái,2017-02-01,24.03072,24.041381218129306,22.915892,29.043893564088556,20.810108,26.46821254710222,22.420414,27.90559711132161,25.145546,29.735341059525474,18.952063,28.674963336637592
squeezed_Yên Bái,2017-03-01,22.915892,28.900687172240488,20.810108,27.94568761341029,22.420414,24.925358972079888,25.145546,27.115657815890604,18.952063,25.268021334126654,16.10306,28.183139258436118
squeezed_Yên Bái,2017-04-01,20.810108,27.56367167694162,22.420414,28.275715037114583,25.145546,22.30501071276874,18.952063,23.013265140877863,16.10306,24.491364043013174,9.414097,27.18438916234894
squeezed_Yên Bái,2017-05-01,22.420414,25.136313986674974,25.145546,24.855595029660886,18.952063,21.2293412430845,16.10306,21.497669222928902,9.414097,23.364317382384403,11.89149,26.767446958081273
squeezed_Yên Bái,2017-06-01,25.145546,25.640365099372165,18.952063,25.81595005695989,16.10306,19.861249993782383,9.414097,22.281857568313978,11.89149,23.74559290878032,11.643751,35.16153593263475
squeezed_Yên Bái,2017-07-01,18.952063,28.756616849873698,16.10306,27.79377411945411,9.414097,22.46286370676671,11.89149,26.231539117364576,11.643751,39.42568869549439,18.904984,28.073254949502406
squeezed_Yên Bái,2017-08-01,16.10306,23.164813876139785,9.414097,22.77848197684927,11.89149,19.578205142529082,11.643751,35.70128916061919,18.904984,27.176885446990394,14.117358,25.653806581823584
squeezed_Yên Bái,2017-09-01,9.414097,21.28093468396234,11.89149,20.136060051516647,11.643751,35.917545460776694,18.904984,22.442811289521813,14.117358,21.373048127070778,17.18635,27.327723462200634
squeezed_Yên Bái,2017-10-01,11.89149,19.302508845724233,11.643751,32.97745448012211,18.904984,22.098639468308857,14.117358,23.52356363288108,17.18635,24.227758452642163,14.485637,29.51371123000043
squeezed_Yên Bái,2017-11-01,11.643751,30.462351918211713,18.904984,22.941303434234545,14.117358,20.770380742545775,17.18635,24.123591462703942,14.485637,27.50142037337894,18.413946,30.049782061651253
squeezed_Yên Bái,2017-12-01,18.904984,29.184225345593816,14.117358,24.25782311284642,17.18635,26.89550908123921,14.485637,29.868360986505074,18.413946,29.037905144928988,16.449791,34.200073573523476
squeezed_Điện Biên,2016-01-01,170.97237,160.22169053020087,278.4356,154.92279194374674,222.82024,171.63244762053404,202.72694,160.44089964968293,201.82993,190.20030791143247,155.00539,196.85453280974468
squeezed_Điện Biên,2016-02-01,278.4356,155.7575130610806,222.82024,174.97782817352615,202.72694,159.2988435465114,201.82993,179.05678481968707,155.00539,204.05364758863925,148.54683,200.36581834584143
squeezed_Điện Biên,2016-03-01,222.82024,202.12018516995454,202.72694,208.55862288639665,201.82993,209.41213313874064,155.00539,231.93357013893802,148.54683,216.17825844362378,151.9555,204.2132495302856
squeezed_Điện Biên,2016-04-01,202.72694,227.90957241553477,201.82993,198.43242327280882,155.00539,222.33345299180814,148.54683,229.44517041173955,151.9555,212.04189616973736,141.19124,181.01580776146835
squeezed_Điện Biên,2016-05-01,201.82993,212.82035878219077,155.00539,211.78810125478336,148.54683,212.41964437192829,151.9555,202.714082487548,141.19124,182.03229510949058,161.10513,174.45811985929564
squeezed_Điện Biên,2016-06-01,155.00539,219.14744440432364,148.54683,200.343385688965,151.9555,184.76144596935256,141.19124,191.6488853143101,161.10513,175.3918219496697,1.435235,168.0889917315751
squeezed_Điện Biên,2016-07-01,148.54683,164.650579813799,151.9555,150.6950115828622,141.19124,162.84954594866693,161.10513,160.5684404612678,1.435235,154.235368280427,152.05385,163.04097412031194
squeezed_Điện Biên,2016-08-01,151.9555,148.1624765168888,141.19124,142.26478664323042,161.10513,146.60411298486832,1.435235,147.14466806779404,152.05385,157.12079130885067,0.0,132.05978960153539
squeezed_Điện Biên,2016-09-01,141.19124,140.92696842754523,161.10513,143.35302202895588,1.435235,141.35981352131574,152.05385,134.5481259790547,0.0,142.72304610510793,0.0,142.43809846478362
squeezed_Điện Biên,2016-10-01,161.10513,141.81203435208297,1.435235,133.49191250040866,152.05385,144.77601759630105,0.0,135.65752079420952,0.0,150.25647678436775,136.52054,146.36499365651326
squeezed_Điện Biên,2016-11-01,1.435235,142.74304097483204,152.05385,144.4458977357895,0.0,135.07550225806762,0.0,165.47367710122745,136.52054,159.6874835052336,147.39386,157.25628442233625
squeezed_Điện Biên,2016-12-01,152.05385,77.0558515519072,0.0,64.70705311746522,0.0,82.41134033969044,136.52054,59.51194356268106,147.39386,73.11239886044565,157.4042,57.555313135269124
squeezed_Điện Biên,2017-01-01,0.0,149.38549789706545,0.0,157.31742231839172,136.52054,144.95672579956425,147.39386,128.7538598438508,157.4042,148.82690302810815,0.0,149.67206871624578
squeezed_Điện Biên,2017-02-01,0.0,102.70316679171876,136.52054,60.535102718902536,147.39386,46.93156018069751,157.4042,76.54033738390827,0.0,41.54000519393061,137.3835,70.36645402844704
squeezed_Điện Biên,2017-03-01,136.52054,13.48327368464991,147.39386,20.52005870084758,157.4042,6.406690295852522,0.0,11.586250431644336,137.3835,10.984733644614153,181.04936,-1.179342666227955
squeezed_Điện Biên,2017-04-01,147.39386,122.13975030257811,157.4042,112.56016836952914,0.0,119.70631658779489,137.3835,94.58592808483898,181.04936,92.70494956623496,0.0,84.50144873430004
squeezed_Điện Biên,2017-05-01,157.4042,129.80740426662896,0.0,134.53825976990004,137.3835,119.32862397378396,181.04936,100.8340035883505,0.0,105.71394208454488,132.03314,95.71631421399272
squeezed_Điện Biên,2017-06-01,0.0,133.48004879325634,137.3835,113.6895465901638,181.04936,108.16483034127289,0.0,102.46456530811867,132.03314,122.67691996356218,0.0,106.32963307714272
squeezed_Điện Biên,2017-07-01,137.3835,70.88488627968177,181.04936,72.85097876827439,0.0,51.627356638458444,132.03314,67.15296337072155,0.0,56.113366843255434,0.0,41.529022283392194
squeezed_Điện Biên,2017-08-01,181.04936,123.63551073826275,0.0,107.781490994373,132.03314,96.55268247920354,0.0,90.61762011412634,0.0,84.18086064716677,159.18713,81.01179283536744
squeezed_Điện Biên,2017-09-01,0.0,145.3580035039884,132.03314,126.4654200380693,0.0,108.77397642172876,0.0,118.88931265791189,159.18713,119.97075161191012,0.0,128.86683275143517
squeezed_Điện Biên,2017-10-01,132.03314,69.30676016269342,0.0,76.12632100789476,0.0,53.86752900652845,159.18713,60.92918891527949,0.0,69.78037003869969,0.0,66.83014853427498
squeezed_Điện Biên,2017-11-01,0.0,113.26806008116571,0.0,103.21550449360835,159.18713,122.20564349100349,0.0,102.27549886997639,0.0,110.5485827092505,0.0,128.83662784189795
squeezed_Điện Biên,2017-12-01,0.0,48.16851412087459,159.18713,67.41370379075883,0.0,69.7056039979047,0.0,43.49465098940249,0.0,44.53186686174654,0.0,49.68570345633087
squeezed_Đà Nẵng,2016-01-01,17.683043,25.26011291082218,13.190595,30.21236042580721,22.653412,28.813185082625814,21.601988,29.102312371733024,25.903269,31.049471627032684,22.940165,32.561249977304044
squeezed_Đà Nẵng,2016-02-01,13.190595,25.240587701832965,22.653412,25.052128557756706,21.601988,24.435592124208256,25.903269,28.447021560718962,22.940165,33.85468448587492,40.90996,37.51685996423775
squeezed_Đà Nẵng,2016-03-01,22.653412,22.1980166687009,21.601988,27.113245357771017,25.903269,21.90393501950053,22.940165,27.671877143359904,40.90996,38.557535135237096,25.616516,44.081487868474944
squeezed_Đà Nẵng,2016-04-01,21.601988,27.14257290237481,25.903269,31.944953737534483,22.940165,27.59503351446568,40.90996,33.287634959450024,25.616516,43.66051968017963,28.675205,52.32897544550139
squeezed_Đà Nẵng,2016-05-01,25.903269,28.31223264955784,22.940165,32.61699958190594,40.90996,29.665751028262072,25.616516,36.3847883954817,28.675205,41.39801893554199,23.704836,49.16248338647733
squeezed_Đà Nẵng,2016-06-01,22.940165,29.691264001579903,40.90996,32.70768323576998,25.616516,38.282098118178276,28.675205,40.66181856362497,23.704836,46.97729499794026,23.704836,31.74808480694463
squeezed_Đà Nẵng,2016-07-01,40.90996,33.817380809545895,25.616516,37.763916511538376,28.675205,26.002257062443398,23.704836,33.79817550111196,23.704836,40.39712373256281,46.27437,30.69770870100005
squeezed_Đà Nẵng,2016-08-01,25.616516,44.07029766794626,28.675205,34.54095670209463,23.704836,28.85850442218907,23.704836,41.26507900319156,46.27437,37.81124001740789,24.594645,29.981911264732034
squeezed_Đà Nẵng,2016-09-01,28.675205,37.129089459401534,23.704836,48.94924375920915,23.704836,50.2440438635422,46.27437,37.76419063034183,24.594645,28.234126658626167,63.03516,29.6285973688574
squeezed_Đà Nẵng,2016-10-01,23.704836,55.227365363360825,23.704836,46.15137214705305,46.27437,42.423770152632564,24.594645,31.880975619320207,63.03516,30.56987727135316,32.610676,29.71646692074626
squeezed_Đà Nẵng,2016-11-01,23.704836,44.92433760676849,46.27437,46.79095905022095,24.594645,27.49264993754338,63.03516,29.81994825811146,32.610676,29.844840865493513,96.19238,33.43821484784584
squeezed_Đà Nẵng,2016-12-01,46.27437,50.67267160762529,24.594645,27.56510116142445,63.03516,24.79590478996045,32.610676,29.43626624087645,96.19238,28.932496306818894,24.685736,34.81788120315998
squeezed_Đà Nẵng,2017-01-01,24.594645,42.94042751181951,63.03516,38.75559547730184,32.610676,42.35773663934811,96.19238,36.513178554555935,24.685736,33.70737834117909,33.70377,43.97550219781452
squeezed_Đà Nẵng,2017-02-01,63.03516,35.250916312566865,32.610676,38.199628287262556,96.19238,35.32827111968129,24.685736,34.35914742327095,33.70377,48.06777912808359,0.0,55.49563822928822
squeezed_Đà Nẵng,2017-03-01,32.610676,56.14097142690691,96.19238,56.49794685684385,24.685736,52.18329176971656,33.70377,49.18113569252023,0.0,59.172226911070375,0.0,64.71319011188477
squeezed_Đà Nẵng,2017-04-01,96.19238,45.87254963677123,24.685736,46.21544078068095,33.70377,41.99368629863969,0.0,53.029118173408406,0.0,63.63282834039522,0.0,51.06374981772231
squeezed_Đà Nẵng,2017-05-01,24.685736,84.40498063112673,33.70377,80.72284397609133,0.0,81.77695640334088,0.0,109.27363553050498,0.0,75.63071139228308,0.0,69.1493743471575
squeezed_Đà Nẵng,2017-06-01,33.70377,57.65191090257208,0.0,58.01665751843697,0.0,56.806108100788144,0.0,55.621142446444765,0.0,57.73489376527084,0.0,68.8567859022603
squeezed_Đà Nẵng,2017-07-01,0.0,56.64377747421415,0.0,34.90199199474166,0.0,45.88153406059084,0.0,55.974987754429115,0.0,53.50361360634306,25.215363,43.62929251256731
squeezed_Đà Nẵng,2017-08-01,0.0,31.532971347461057,0.0,22.704684644715083,0.0,43.54004636133374,0.0,41.23708826035445,25.215363,34.13054919487238,25.035894,32.81089678002517
squeezed_Đà Nẵng,2017-09-01,0.0,30.956172098006057,0.0,30.778507127173537,0.0,31.638531081029072,25.215363,14.947417194992914,25.035894,23.283477277507448,30.68916,24.292300333783018
squeezed_Đà Nẵng,2017-10-01,0.0,39.274098342925406,0.0,36.064918788623864,25.215363,12.988920489904418,25.035894,13.12049937009686,30.68916,23.648588349543225,26.292175,25.542621623697315
squeezed_Đà Nẵng,2017-11-01,0.0,38.425790989870514,25.215363,17.210645834764634,25.035894,11.837585691166133,30.68916,12.327623105192705,26.292175,18.849983189649414,28.4458,31.111350940624323
squeezed_Đà Nẵng,2017-12-01,25.215363,32.3841606573287,25.035894,15.24090010330189,30.68916,14.326031972971066,26.292175,11.07194240162649,28.4458,25.247426748811094,0.0,36.98374163360588
squeezed_Đắk Lắk,2016-01-01,49.239796,60.15141650360963,53.13417,62.051539003968905,56.12163,66.18971544411173,61.082954,63.216906301195216,70.04535,67.00309337818581,58.57562,64.96942399302023
squeezed_Đắk Lắk,2016-02-01,53.13417,60.41869505716484,56.12163,61.606500238354904,61.082954,62.43082618256219,70.04535,62.117365993683066,58.57562,61.11688238962232,64.23046,57.60555071429297
squeezed_Đắk Lắk,2016-03-01,56.12163,59.88173338297885,61.082954,60.351917148199334,70.04535,62.54182288610817,58.57562,60.678264759624135,64.23046,54.84458958853657,55.801548,53.403384574996224
squeezed_Đắk Lắk,2016-04-01,61.082954,62.1413859490946,70.04535,66.5688142457208,58.57562,60.24777740487903,64.23046,55.15626752022603,55.801548,54.99707157312104,47.63937,48.61362497126541
squeezed_Đắk Lắk,2016-05-01,70.04535,64.83230792085527,58.57562,60.97145005866914,64.23046,54.5634136762561,55.801548,53.87525158854405,47.63937,53.085499695982485,40.91758,49.90090208278175
squeezed_Đắk Lắk,2016-06-01,58.57562,67.6352886841293,64.23046,60.63402388718566,55.801548,57.31469736867038,47.63937,54.40497615148162,40.91758,59.05152582345717,13.016805,53.5765995866502
squeezed_Đắk Lắk,2016-07-01,64.23046,62.206874322025435,55.801548,55.84318363348847,47.63937,51.999910460781315,40.91758,54.20114866955915,13.016805,54.58251762415408,39.074745,50.274229069899086
squeezed_Đắk Lắk,2016-08-01,55.801548,60.07790911067155,47.63937,59.67137882320759,40.91758,54.53310115344406,13.016805,55.56699611141939,39.074745,52.2399566759443,38.047886,49.86151239210498
squeezed_Đắk Lắk,2016-09-01,47.63937,57.18377228976837,40.91758,54.68266993698695,13.016805,54.79709093518128,39.074745,52.78824873745522,38.047886,52.98215374988436,61.50354,51.10246072647445
squeezed_Đắk Lắk,2016-10-01,40.91758,53.10305631982031,13.016805,50.503541879292584,39.074745,53.10481763219048,38.047886,54.92324303166322,61.50354,53.832035780740476,57.990597,56.57578466054267
squeezed_Đắk Lắk,2016-11-01,13.016805,49.0570245446274,39.074745,48.22821361126401,38.047886,52.749107359023746,61.50354,55.171538852100305,57.990597,66.28460464381723,69.664375,58.49790829553341
squeezed_Đắk Lắk,2016-12-01,39.074745,49.341843520925316,38.047886,29.580561763865735,61.50354,42.161648788168456,57.990597,47.4652468090421,69.664375,53.761099590375764,73.60969,61.114610690755654
squeezed_Đắk Lắk,2017-01-01,38.047886,39.15042331458729,61.50354,42.57667055174629,57.990597,39.72381136259335,69.664375,49.15484568663235,73.60969,54.476280561249375,63.7194,60.227214362429464
squeezed_Đắk Lắk,2017-02-01,61.50354,44.2321647626685,57.990597,45.05306098935912,69.664375,47.042713771338796,73.60969,54.90082929783968,63.7194,76.47943880111205,53.396748,62.250673409056496
squeezed_Đắk Lắk,2017-03-01,57.990597,64.23130356058117,69.664375,66.23627380769432,73.60969,60.01170262911955,63.7194,68.42027134310446,53.396748,61.01657739613554,45.506134,65.56386208487245
squeezed_Đắk Lắk,2017-04-01,69.664375,69.25061274086318,73.60969,62.623068217285706,63.7194,56.03893327225913,53.396748,51.37705516144495,45.506134,61.03101812307261,57.774414,49.63249438654634
squeezed_Đắk Lắk,2017-05-01,73.60969,69.3583069374395,63.7194,76.81367344312874,53.396748,57.982015259445774,45.506134,57.52019050339732,57.774414,64.11435030608064,50.37021,64.65570223709598
squeezed_Đắk Lắk,2017-06-01,63.7194,74.16134193258176,53.396748,64.51288627161439,45.506134,57.87681236062599,57.774414,55.46596537231122,50.37021,75.56889878751744,34.913258,57.00896308853107
squeezed_Đắk Lắk,2017-07-01,53.396748,61.058933501359036,45.506134,62.98124009554252,57.774414,49.52283750581744,50.37021,78.72711828311843,34.913258,62.273080583651186,81.33226,46.20307925124025
squeezed_Đắk Lắk,2017-08-01,45.506134,66.49375086735692,57.774414,64.83046346381357,50.37021,75.01879396412761,34.913258,72.31192168604608,81.33226,47.86338151615908,183.29305,43.68806061901311
squeezed_Đắk Lắk,2017-09-01,57.774414,64.49790941813323,50.37021,48.48688125995357,34.913258,52.90918309198188,81.33226,44.5297410465989,183.29305,45.378716946541836,65.10878,46.044244063707474
squeezed_Đắk Lắk,2017-10-01,50.37021,55.40536245872677,34.913258,52.87865734639278,81.33226,48.19939364231818,183.29305,49.88023318977199,65.10878,51.79209223150435,44.695137,52.99457700302441
squeezed_Đắk Lắk,2017-11-01,34.913258,53.885539585191815,81.33226,50.84421571113803,183.29305,49.68011459609474,65.10878,50.723168261418046,44.695137,49.623291590268586,62.95998,51.45490060792589
squeezed_Đắk Lắk,2017-12-01,81.33226,45.640113804973566,183.29305,46.16075158793738,65.10878,47.391854904541766,44.695137,48.05762686564742,62.95998,50.414487682342624,59.14585,50.74542017735463
squeezed_Đắk Nông,2016-01-01,16.187645,16.837427615518465,23.785927,18.4526797891565,19.160885,22.306521833033166,17.509085,27.06632190546346,18.830524,30.634686185233104,15.692104,27.013736773988818
squeezed_Đắk Nông,2016-02-01,23.785927,24.064161434600642,19.160885,24.77054898564017,17.509085,23.957897328352423,18.830524,27.298099894788376,15.692104,29.681182031506605,7.5982823,29.527606483712248
squeezed_Đắk Nông,2016-03-01,19.160885,27.4548609240443,17.509085,29.589346109479884,18.830524,30.963393772289532,15.692104,28.750863937264825,7.5982823,24.246983868090975,6.2768416,25.48369520552562
squeezed_Đắk Nông,2016-04-01,17.509085,26.03724253615714,18.830524,24.391433191879955,15.692104,23.599501784506213,7.5982823,22.895260359142632,6.2768416,21.90365638395662,8.589362,21.973774549815648
squeezed_Đắk Nông,2016-05-01,18.830524,23.521762346794805,15.692104,20.662538344965604,7.5982823,21.494474654931118,6.2768416,20.950076301258246,8.589362,18.596791243947802,25.768087,20.70604478865168
squeezed_Đắk Nông,2016-06-01,15.692104,22.11807464055985,7.5982823,18.98939965819672,6.2768416,18.78565507630734,8.589362,20.1746441101355,25.768087,17.082966674756268,0.0,22.623257657187384
squeezed_Đắk Nông,2016-07-01,7.5982823,21.65098199744751,6.2768416,19.8394903890642,8.589362,17.79007767966954,25.768087,20.189997185171805,0.0,20.50732221606589,11.572161,26.990413718793814
squeezed_Đắk Nông,2016-08-01,6.2768416,15.235974818468451,8.589362,13.98584664944138,25.768087,16.64886087812526,0.0,20.270863772515423,11.572161,39.050747525186175,21.987104,27.63724818662611
squeezed_Đắk Nông,2016-09-01,8.589362,14.784378051633322,25.768087,18.378083320951774,0.0,16.74499066468383,11.572161,35.68297934694042,21.987104,22.503733237412547,20.333939,26.356441834213506
squeezed_Đắk Nông,2016-10-01,25.768087,15.032687642679718,0.0,15.969596405985472,11.572161,54.17752732411139,21.987104,27.839737172821927,20.333939,27.023882810806946,14.713176,35.536311578232365
squeezed_Đắk Nông,2016-11-01,0.0,27.58695710269065,11.572161,47.46819894148044,21.987104,27.53270839245068,20.333939,32.92283746596016,14.713176,37.568994954734194,22.979004,35.22955732186655
squeezed_Đắk Nông,2016-12-01,11.572161,59.67548178175933,21.987104,17.998238459354347,20.333939,18.87629792059529,14.713176,23.973880334009017,22.979004,40.92188494989548,21.325838,38.63481039836201
squeezed_Đắk Nông,2017-01-01,21.987104,20.577989971720946,20.333939,23.590292925785295,14.713176,23.2817112648459,22.979004,35.79658013675063,21.325838,40.327293463369465,15.043809,31.974376551411314
squeezed_Đắk Nông,2017-02-01,20.333939,27.011158080778145,14.713176,29.09463910496429,22.979004,27.792901517683404,21.325838,30.005550743083557,15.043809,32.9712080553487,12.398744,45.436582922171006
squeezed_Đắk Nông,2017-03-01,14.713176,25.468981267569124,22.979004,26.581371906570908,21.325838,40.98456894192133,15.043809,27.607440915872836,12.398744,43.92336395621868,12.06811,42.08963208494207
squeezed_Đắk Nông,2017-04-01,22.979004,24.451990830065633,21.325838,32.240526172045634,15.043809,42.6283868673869,12.398744,37.609688164084055,12.06811,40.48408935110775,15.043809,39.83494814097764
squeezed_Đắk Nông,2017-05-01,21.325838,46.45975077148696,15.043809,35.20228997134746,12.398744,69.70667358256792,12.06811,41.26047564250262,15.043809,38.52653157322895,17.35824,26.745734814239487
squeezed_Đắk Nông,2017-06-01,15.043809,44.71189093374278,12.398744,43.78980161869288,12.06811,40.33809752129168,15.043809,34.25693143485745,17.35824,22.47775236807806,16.36634,37.47432288466539
squeezed_Đắk Nông,2017-07-01,12.398744,46.76780710298848,12.06811,33.57196121329093,15.043809,37.692966873830166,17.35824,22.870438996531526,16.36634,40.99473118844353,17.54956,31.596468203582344
squeezed_Đắk Nông,2017-08-01,12.06811,23.033257437180378,15.043809,33.57941071256451,17.35824,21.604289787436795,16.36634,36.979518056772186,17.54956,22.71184101146659,15.112123,21.416518850676713
squeezed_Đắk Nông,2017-09-01,15.043809,25.515835106762466,17.35824,21.653363127385532,16.36634,46.71245144371587,17.54956,37.547381257736475,15.112123,23.042324271381627,20.79948,24.26277219464454
squeezed_Đắk Nông,2017-10-01,17.35824,24.1335596670296,16.36634,37.633528603517284,17.54956,26.62611711975448,15.112123,22.08212614244432,20.79948,27.74889942337871,20.79948,27.876176924105938
squeezed_Đắk Nông,2017-11-01,16.36634,34.62122945854568,17.54956,25.512594767995356,15.112123,20.16400627461148,20.79948,27.415518848791255,20.79948,25.20433177698115,11.862204,25.115857739254505
squeezed_Đắk Nông,2017-12-01,17.54956,31.525600645040612,15.112123,23.32804607398384,20.79948,23.550215339738163,20.79948,25.90338586068301,11.862204,25.997181602749457,16.737082,25.793287350158135
squeezed_Đồng Tháp,2016-01-01,76.2757,72.58596455115095,72.0678,81.9275442741255,71.949265,76.89638386259223,81.906006,74.64835085533316,69.34155,76.81346605700575,82.261604,72.42431029117031
squeezed_Đồng Tháp,2016-02-01,72.0678,82.66524121572725,71.949265,81.37207414860879,81.906006,74.68057997503674,69.34155,75.84671395621596,82.261604,75.20847058215425,65.48924,73.21083982838641
squeezed_Đồng Tháp,2016-03-01,71.949265,78.5402673046392,81.906006,74.92729801334463,69.34155,73.74312865968534,82.261604,76.19785857598603,65.48924,68.69591664338199,59.50335,65.76869778240096
squeezed_Đồng Tháp,2016-04-01,81.906006,75.48670653431051,69.34155,75.67939097459836,82.261604,75.55785549938582,65.48924,68.81226205507033,59.50335,65.85746487546147,62.111065,62.86154635903815
squeezed_Đồng Tháp,2016-05-01,69.34155,78.70751885037247,82.261604,77.74525407705262,65.48924,68.10227440651286,59.50335,69.40376145424835,62.111065,64.67484664707577,49.961475,62.814426735593564
squeezed_Đồng Tháp,2016-06-01,82.261604,70.10242372126181,65.48924,64.82958684404545,59.50335,66.02591586291457,62.111065,64.24257496879586,49.961475,60.78114348871483,10.075268,63.66144341397676
squeezed_Đồng Tháp,2016-07-01,65.48924,72.9159833717996,59.50335,66.0906771605936,62.111065,62.72400634095152,49.961475,64.16323589253128,10.075268,64.68286142008454,63.503876,63.698044277734
squeezed_Đồng Tháp,2016-08-01,59.50335,67.89370848188955,62.111065,61.30691845343177,49.961475,61.322157147363164,10.075268,63.97085168518119,63.503876,58.38418168338715,66.4186,64.42679122041062
squeezed_Đồng Tháp,2016-09-01,62.111065,60.43721246513907,49.961475,59.81844267379014,10.075268,62.46244752499459,63.503876,51.356402792033144,66.4186,61.66979084692497,70.75969,67.96370945418548
squeezed_Đồng Tháp,2016-10-01,49.961475,63.37085235265303,10.075268,62.994928286649404,63.503876,60.06023865977295,66.4186,65.92000547460115,70.75969,67.29183531228831,68.15504,68.59409371267523
squeezed_Đồng Tháp,2016-11-01,10.075268,59.73056626499344,63.503876,55.940757317793334,66.4186,62.87048352790505,70.75969,64.74346660310863,68.15504,64.69440145955218,70.94574,66.14363974967901
squeezed_Đồng Tháp,2016-12-01,63.503876,54.420995747486856,66.4186,44.78314004547043,70.75969,52.28774339749415,68.15504,50.64640671147724,70.94574,58.09462994751833,67.72093,53.09575488070642
squeezed_Đồng Tháp,2017-01-01,66.4186,59.6323880768302,70.75969,60.0270200658618,68.15504,61.76002017929261,70.94574,62.09203792846352,67.72093,61.57814634915943,63.56589,62.739576217714
squeezed_Đồng Tháp,2017-02-01,70.75969,65.63953556946802,68.15504,64.22102338648953,70.94574,61.94735099545306,67.72093,63.195956592322325,63.56589,61.1581247792077,59.34884,65.6752297562843
squeezed_Đồng Tháp,2017-03-01,68.15504,75.36599307307071,70.94574,71.45735374683751,67.72093,68.57100165848892,63.56589,63.9548273997661,59.34884,64.36953568781693,63.379845,60.1402192995656
squeezed_Đồng Tháp,2017-04-01,70.94574,70.58787428716201,67.72093,71.62708452281385,63.56589,63.344543240576286,59.34884,58.941906905920554,63.379845,59.672814724510744,56.248062,51.7585075521583
squeezed_Đồng Tháp,2017-05-01,67.72093,77.44903806233016,63.56589,72.89408170650682,59.34884,65.2543966757805,63.379845,60.33970086377458,56.248062,57.66195143679898,65.30232,52.39321393719416
squeezed_Đồng Tháp,2017-06-01,63.56589,65.91596897342433,59.34884,60.03235891281384,63.379845,55.97622418679692,56.248062,55.66062929531251,65.30232,52.56181548322333,46.511627,55.22788034963699
squeezed_Đồng Tháp,2017-07-01,59.34884,62.27407479976703,63.379845,58.8184077814217,56.248062,57.09830525531658,65.30232,56.522362680864575,46.511627,57.89874523369079,69.173775,56.67420676795856
squeezed_Đồng Tháp,2017-08-01,63.379845,58.02526214648236,56.248062,56.41499866390579,65.30232,54.07756581573666,46.511627,57.0065821195686,69.173775,55.246527486683476,73.59442,60.08492007739954
squeezed_Đồng Tháp,2017-09-01,56.248062,60.46120878365351,65.30232,58.40379757608945,46.511627,57.64234983904561,69.173775,56.17558130344955,73.59442,57.78477180545702,60.20796,63.8277013746833
squeezed_Đồng Tháp,2017-10-01,65.30232,56.84977084155463,46.511627,56.229310321628496,69.173775,54.484473852757894,73.59442,60.36495935425789,60.20796,63.54522117617639,56.596725,65.18615277360409
squeezed_Đồng Tháp,2017-11-01,46.511627,63.02929933183807,69.173775,60.13523022258651,73.59442,58.98909332332743,60.20796,60.96066490473056,56.596725,64.04764511038505,55.600525,61.84847360271287
squeezed_Đồng Tháp,2017-12-01,69.173775,54.03556938902584,73.59442,53.162267991195726,60.20796,53.913693273873015,56.596725,58.021533665404085,55.600525,59.433840045337064,51.615715,59.430174492199605
