province,date,actual_t+1,pred_t+1,actual_t+2,pred_t+2,actual_t+3,pred_t+3,actual_t+4,pred_t+4,actual_t+5,pred_t+5,actual_t+6,pred_t+6
squeezed_An Giang,2016-01-01,27.91796,43.3024,26.482708,28.535015,25.186352,34.333405,25.603037,34.780445,23.612204,31.58531,27.59387,29.94224
squeezed_An Giang,2016-02-01,26.482708,32.87129,25.186352,41.28027,25.603037,28.908085,23.612204,31.58604,27.59387,32.823044,26.760498,29.77238
squeezed_An Giang,2016-03-01,25.186352,40.849228,25.603037,29.34814,23.612204,27.93091,27.59387,32.2755,26.760498,28.336428,15.695171,26.207376
squeezed_An Giang,2016-04-01,25.603037,28.04547,23.612204,27.24658,27.59387,27.482489,26.760498,27.19435,15.695171,24.391567,16.713737,24.71988
squeezed_An Giang,2016-05-01,23.612204,28.55477,27.59387,27.22302,26.760498,22.924496,15.695171,23.907185,16.713737,20.877003,16.06556,22.064617
squeezed_An Giang,2016-06-01,27.59387,21.435709,26.760498,21.156563,15.695171,21.966574,16.713737,15.415425,16.06556,17.978804,0.46298438,23.286064
squeezed_An Giang,2016-07-01,26.760498,27.905928,15.695171,21.893366,16.713737,17.540142,16.06556,19.282383,0.46298438,21.077192,24.357794,24.13633
squeezed_An Giang,2016-08-01,15.695171,24.012133,16.713737,21.869024,16.06556,22.61249,0.46298438,19.433765,24.357794,22.041288,39.402313,24.778591
squeezed_An Giang,2016-09-01,16.713737,17.62011,16.06556,19.685043,0.46298438,20.996033,24.357794,14.989886,39.402313,22.5379,23.74373,24.86056
squeezed_An Giang,2016-10-01,16.06556,19.164463,0.46298438,20.289618,24.357794,18.41777,39.402313,21.781488,23.74373,26.965311,23.794903,28.20388
squeezed_An Giang,2016-11-01,0.46298438,16.659708,24.357794,19.774055,39.402313,20.981344,23.74373,23.152548,23.794903,44.111774,26.814041,28.475702
squeezed_An Giang,2016-12-01,24.357794,31.28831,39.402313,12.596123,23.74373,25.839916,23.794903,52.896378,26.814041,27.629564,24.050762,30.846964
squeezed_An Giang,2017-01-01,39.402313,23.89914,23.74373,25.803377,23.794903,31.645044,26.814041,32.344402,24.050762,29.755566,54.34449,28.475512
squeezed_An Giang,2017-02-01,23.74373,32.99005,23.794903,55.64897,26.814041,34.666073,24.050762,36.463806,54.34449,32.381756,22.924982,37.249836
squeezed_An Giang,2017-03-01,23.794903,27.99045,26.814041,26.30272,24.050762,27.046474,54.34449,32.492664,22.924982,29.30367,20.11053,25.736593
squeezed_An Giang,2017-04-01,26.814041,23.858585,24.050762,23.631735,54.34449,23.987776,22.924982,28.361534,20.11053,21.563477,21.901545,19.98885
squeezed_An Giang,2017-05-01,24.050762,27.1999,54.34449,39.3678,22.924982,21.078257,20.11053,21.165619,21.901545,21.88885,21.952717,20.193022
squeezed_An Giang,2017-06-01,54.34449,33.78517,22.924982,27.171003,20.11053,21.307877,21.901545,20.619856,21.952717,17.696081,21.18514,28.166088
squeezed_An Giang,2017-07-01,22.924982,45.12797,20.11053,37.41293,21.901545,34.402138,21.952717,28.927622,21.18514,44.585304,23.71828,40.853313
squeezed_An Giang,2017-08-01,20.11053,31.426046,21.901545,29.759502,21.952717,25.362892,21.18514,41.283825,23.71828,28.973608,27.757639,27.683393
squeezed_An Giang,2017-09-01,21.901545,18.637144,21.952717,22.146519,21.18514,55.95837,23.71828,24.494589,27.757639,20.935993,35.11134,29.221643
squeezed_An Giang,2017-10-01,21.952717,19.274374,21.18514,51.61931,23.71828,24.456514,27.757639,23.298716,35.11134,28.761877,25.5826,29.156883
squeezed_An Giang,2017-11-01,21.18514,36.047997,23.71828,23.332644,27.757639,19.262077,35.11134,23.928684,25.5826,22.83991,22.4754,27.93803
squeezed_An Giang,2017-12-01,23.71828,24.740261,27.757639,21.420134,35.11134,19.303564,25.5826,23.97848,22.4754,28.963373,25.737959,31.04214
squeezed_BR Vũng Tàu,2016-01-01,81.59341,85.99794,94.41392,91.138504,84.52381,92.62581,90.750916,90.87926,79.7619,92.50831,91.57509,88.82999
squeezed_BR Vũng Tàu,2016-02-01,94.41392,85.546585,84.52381,89.595634,90.750916,83.7284,79.7619,80.404076,91.57509,100.17734,82.234436,75.947296
squeezed_BR Vũng Tàu,2016-03-01,84.52381,91.57408,90.750916,89.604485,79.7619,92.82885,91.57509,87.46705,82.234436,83.75036,77.38095,80.09363
squeezed_BR Vũng Tàu,2016-04-01,90.750916,86.118004,79.7619,90.749016,91.57509,90.84147,82.234436,81.729095,77.38095,74.098755,72.710625,68.713165
squeezed_BR Vũng Tàu,2016-05-01,79.7619,88.6077,91.57509,94.76396,82.234436,84.65619,77.38095,82.3086,72.710625,73.018,79.30403,70.81757
squeezed_BR Vũng Tàu,2016-06-01,91.57509,84.4741,82.234436,78.324005,77.38095,78.92587,72.710625,67.35955,79.30403,67.2701,79.30403,67.5109
squeezed_BR Vũng Tàu,2016-07-01,82.234436,80.607445,77.38095,79.96466,72.710625,74.71599,79.30403,71.37889,79.30403,70.89356,64.40738,69.238625
squeezed_BR Vũng Tàu,2016-08-01,77.38095,78.915016,72.710625,71.50818,79.30403,70.52783,79.30403,71.22098,64.40738,69.55665,78.601845,65.747734
squeezed_BR Vũng Tàu,2016-09-01,72.710625,74.32671,79.30403,69.42434,79.30403,74.99241,64.40738,62.5624,78.601845,75.118225,77.35983,69.120346
squeezed_BR Vũng Tàu,2016-10-01,79.30403,71.13278,79.30403,73.57304,64.40738,67.06467,78.601845,69.50187,77.35983,74.67177,70.97232,68.45514
squeezed_BR Vũng Tàu,2016-11-01,79.30403,78.28158,64.40738,70.04566,78.601845,71.08184,77.35983,79.72762,70.97232,73.72705,76.0291,73.93882
squeezed_BR Vũng Tàu,2016-12-01,64.40738,70.28735,78.601845,72.65587,77.35983,78.646614,70.97232,76.60148,76.0291,78.28631,67.68985,77.401924
squeezed_BR Vũng Tàu,2017-01-01,78.601845,68.009766,77.35983,75.50294,70.97232,75.408325,76.0291,72.88044,67.68985,68.03366,58.01987,72.11868
squeezed_BR Vũng Tàu,2017-02-01,77.35983,77.40191,70.97232,73.0422,76.0291,78.21544,67.68985,72.51493,58.01987,77.633354,67.778564,73.8467
squeezed_BR Vũng Tàu,2017-03-01,70.97232,80.23715,76.0291,77.094955,67.68985,82.18384,58.01987,82.81451,67.778564,86.41118,60.77005,71.4699
squeezed_BR Vũng Tàu,2017-04-01,76.0291,77.84514,67.68985,75.34039,58.01987,84.50384,67.778564,72.793594,60.77005,68.605415,63.786373,63.888172
squeezed_BR Vũng Tàu,2017-05-01,67.68985,79.94067,58.01987,80.38669,67.778564,69.885895,60.77005,69.07427,63.786373,62.290466,59.084457,60.379795
squeezed_BR Vũng Tàu,2017-06-01,58.01987,68.592026,67.778564,63.91962,60.77005,62.69117,63.786373,60.521248,59.084457,57.055992,60.14904,59.10785
squeezed_BR Vũng Tàu,2017-07-01,67.778564,58.259438,60.77005,60.9097,63.786373,56.627747,59.084457,54.771336,60.14904,54.817867,61.14381,57.29351
squeezed_BR Vũng Tàu,2017-08-01,60.77005,63.187817,63.786373,64.371635,59.084457,59.521988,60.14904,56.701797,61.14381,57.78728,59.913906,57.739258
squeezed_BR Vũng Tàu,2017-09-01,63.786373,59.778378,59.084457,57.217056,60.14904,57.476868,61.14381,53.12382,59.913906,56.033516,65.27277,54.428135
squeezed_BR Vũng Tàu,2017-10-01,59.084457,57.95212,60.14904,59.63094,61.14381,56.360043,59.913906,58.02244,65.27277,62.335533,64.30642,60.917507
squeezed_BR Vũng Tàu,2017-11-01,60.14904,58.818073,61.14381,59.428528,59.913906,58.292797,65.27277,61.01362,64.30642,63.130566,61.495213,60.605843
squeezed_BR Vũng Tàu,2017-12-01,61.14381,59.042664,59.913906,58.800972,65.27277,61.23506,64.30642,59.459526,61.495213,61.846638,51.568127,58.82033
squeezed_Bình Phước,2016-01-01,27.917189,39.684044,27.394396,40.365826,29.694689,38.68885,29.171894,39.688713,27.812632,43.28608,33.77248,39.094307
squeezed_Bình Phước,2016-02-01,27.394396,35.2932,29.694689,32.03105,29.171894,32.70346,27.812632,36.94188,33.77248,40.177948,18.193224,32.166542
squeezed_Bình Phước,2016-03-01,29.694689,35.684174,29.171894,30.129108,27.812632,29.326128,33.77248,35.59791,18.193224,31.849888,19.134253,27.359442
squeezed_Bình Phước,2016-04-01,29.171894,32.924862,27.812632,29.141058,33.77248,33.702496,18.193224,29.175402,19.134253,26.570595,15.892932,22.289938
squeezed_Bình Phước,2016-05-01,27.812632,32.16951,33.77248,42.572044,18.193224,28.538734,19.134253,25.120289,15.892932,23.859882,15.683814,22.558382
squeezed_Bình Phước,2016-06-01,33.77248,30.270866,18.193224,27.621258,19.134253,21.005993,15.892932,23.39259,15.683814,22.385513,2.4048514,23.485754
squeezed_Bình Phước,2016-07-01,18.193224,31.513943,19.134253,29.047325,15.892932,27.260662,15.683814,23.088493,2.4048514,23.602787,8.019741,28.603285
squeezed_Bình Phước,2016-08-01,19.134253,18.987715,15.892932,21.929905,15.683814,20.715229,2.4048514,18.195135,8.019741,19.79012,8.945096,21.355082
squeezed_Bình Phước,2016-09-01,15.892932,19.644226,15.683814,19.984295,2.4048514,21.304554,8.019741,23.312157,8.945096,20.15107,21.488792,25.446577
squeezed_Bình Phước,2016-10-01,15.683814,17.988132,2.4048514,21.624678,8.019741,29.472937,8.945096,21.680227,21.488792,29.306547,10.8986225,26.898462
squeezed_Bình Phước,2016-11-01,2.4048514,23.779453,8.019741,30.17912,8.945096,19.1533,21.488792,24.230703,10.8986225,27.255196,11.618342,29.801386
squeezed_Bình Phước,2016-12-01,8.019741,29.821623,8.945096,17.128986,21.488792,21.277988,10.8986225,28.500366,11.618342,31.830744,13.571869,33.97582
squeezed_Bình Phước,2017-01-01,8.945096,17.330894,21.488792,24.439184,10.8986225,35.91961,11.618342,35.184433,13.571869,31.713465,12.852149,39.18136
squeezed_Bình Phước,2017-02-01,21.488792,17.55024,10.8986225,20.222921,11.618342,29.06037,13.571869,28.696768,12.852149,39.29274,8.019741,37.289577
squeezed_Bình Phước,2017-03-01,10.8986225,28.843603,11.618342,31.219362,13.571869,26.585062,12.852149,33.394226,8.019741,39.511494,7.8141065,35.82454
squeezed_Bình Phước,2017-04-01,11.618342,21.68018,13.571869,21.35328,12.852149,19.44126,8.019741,24.850262,7.8141065,29.33,9.459182,16.887573
squeezed_Bình Phước,2017-05-01,13.571869,14.881844,12.852149,17.664297,8.019741,23.80339,7.8141065,13.233833,9.459182,23.42746,8.8422785,18.149685
squeezed_Bình Phước,2017-06-01,12.852149,20.145805,8.019741,28.30935,7.8141065,12.443954,9.459182,11.646116,8.8422785,13.071425,11.412708,27.18213
squeezed_Bình Phước,2017-07-01,8.019741,33.886063,7.8141065,16.436144,9.459182,13.600414,8.8422785,15.96819,11.412708,38.909283,7.7165194,35.01804
squeezed_Bình Phước,2017-08-01,7.8141065,14.7963505,9.459182,15.039136,8.8422785,13.5337925,11.412708,39.85601,7.7165194,43.789932,11.27018,36.96123
squeezed_Bình Phước,2017-09-01,9.459182,11.510456,8.8422785,15.826905,11.412708,44.05881,7.7165194,42.62863,11.27018,45.808846,13.910042,31.221811
squeezed_Bình Phước,2017-10-01,8.8422785,12.515536,11.412708,43.95295,7.7165194,52.79812,11.27018,46.911777,13.910042,32.529896,14.620773,30.30351
squeezed_Bình Phước,2017-11-01,11.412708,32.753777,7.7165194,47.60517,11.27018,51.440853,13.910042,25.393967,14.620773,30.526932,10.457914,25.928207
squeezed_Bình Phước,2017-12-01,7.7165194,39.74647,11.27018,45.85558,13.910042,23.862148,14.620773,24.24751,10.457914,26.458323,10.356381,25.13734
squeezed_Bình Thuận,2016-01-01,42.52883,41.649418,47.517788,38.799595,49.15351,37.707203,42.6924,43.372192,60.685368,45.66894,63.38431,41.727047
squeezed_Bình Thuận,2016-02-01,47.517788,39.049812,49.15351,43.551205,42.6924,45.29485,60.685368,44.720497,63.38431,45.95208,53.242825,46.535244
squeezed_Bình Thuận,2016-03-01,49.15351,47.394764,42.6924,51.71137,60.685368,48.408394,63.38431,48.031895,53.242825,45.868774,43.18312,45.095394
squeezed_Bình Thuận,2016-04-01,42.6924,52.742958,60.685368,46.691257,63.38431,42.092773,53.242825,41.9647,43.18312,42.38983,49.64423,41.552002
squeezed_Bình Thuận,2016-05-01,60.685368,41.933132,63.38431,42.923615,53.242825,43.3078,43.18312,37.52828,49.64423,37.514397,57.16856,37.881725
squeezed_Bình Thuận,2016-06-01,63.38431,47.793232,53.242825,52.01512,43.18312,44.53795,49.64423,40.828533,57.16856,46.908886,3.925738,43.085148
squeezed_Bình Thuận,2016-07-01,53.242825,51.92609,43.18312,50.39143,49.64423,47.156044,57.16856,47.25166,3.925738,47.820038,33.10119,43.370262
squeezed_Bình Thuận,2016-08-01,43.18312,48.0717,49.64423,49.060905,57.16856,46.030983,3.925738,47.490276,33.10119,45.488968,33.10119,44.784374
squeezed_Bình Thuận,2016-09-01,49.64423,46.761898,57.16856,45.356216,3.925738,44.35047,33.10119,42.131725,33.10119,44.115498,48.50471,42.860687
squeezed_Bình Thuận,2016-10-01,57.16856,46.35439,3.925738,44.89653,33.10119,41.87462,33.10119,45.349087,48.50471,44.410255,58.910282,45.62566
squeezed_Bình Thuận,2016-11-01,3.925738,48.39838,33.10119,49.71425,33.10119,49.569653,48.50471,48.196136,58.910282,52.533955,52.847195,49.78341
squeezed_Bình Thuận,2016-12-01,33.10119,43.228962,33.10119,21.245903,48.50471,26.876692,58.910282,34.656548,52.847195,38.37236,45.0635,35.627357
squeezed_Bình Thuận,2017-01-01,33.10119,32.8133,48.50471,34.474873,58.910282,32.566734,52.847195,41.79764,45.0635,41.613976,0.0,39.36301
squeezed_Bình Thuận,2017-02-01,48.50471,35.258377,58.910282,37.387447,52.847195,38.992393,45.0635,42.118477,0.0,40.45553,40.557148,40.451168
squeezed_Bình Thuận,2017-03-01,58.910282,43.581303,52.847195,43.208385,45.0635,47.121197,0.0,43.383125,40.557148,38.044285,38.836544,40.309708
squeezed_Bình Thuận,2017-04-01,52.847195,52.20962,45.0635,51.864143,0.0,51.16659,40.557148,45.00527,38.836544,46.67801,34.575993,43.135735
squeezed_Bình Thuận,2017-05-01,45.0635,52.733448,0.0,50.603928,40.557148,48.432087,38.836544,49.675514,34.575993,43.47445,48.42278,40.29817
squeezed_Bình Thuận,2017-06-01,0.0,48.11693,40.557148,46.417763,38.836544,46.951252,34.575993,39.95033,48.42278,38.954872,0.0,39.63289
squeezed_Bình Thuận,2017-07-01,40.557148,26.566229,38.836544,36.512344,34.575993,19.67427,48.42278,22.147795,0.0,44.839035,55.650616,30.132784
squeezed_Bình Thuận,2017-08-01,38.836544,30.896809,34.575993,29.479044,48.42278,28.837526,0.0,46.54304,55.650616,26.51222,46.117493,31.11653
squeezed_Bình Thuận,2017-09-01,34.575993,35.747562,48.42278,32.798588,0.0,49.940228,55.650616,27.174498,46.117493,32.534256,43.673103,39.309105
squeezed_Bình Thuận,2017-10-01,48.42278,36.494118,0.0,52.932655,55.650616,31.950115,46.117493,34.23824,43.673103,39.956066,45.465656,35.069637
squeezed_Bình Thuận,2017-11-01,0.0,49.626556,55.650616,39.95589,46.117493,39.950287,43.673103,40.28171,45.465656,40.858566,52.79883,41.693058
squeezed_Bình Thuận,2017-12-01,55.650616,38.382877,46.117493,14.403484,43.673103,21.955753,45.465656,17.917543,52.79883,31.23388,50.598877,38.038094
squeezed_Bình Định,2016-01-01,13.905287,16.633331,16.266562,18.469437,18.82461,36.19264,18.299883,27.905125,19.742884,25.763405,18.562246,25.508379
squeezed_Bình Định,2016-02-01,16.266562,17.444828,18.82461,34.119587,18.299883,42.888172,19.742884,28.335926,18.562246,27.08666,17.316017,25.234184
squeezed_Bình Định,2016-03-01,18.82461,31.369436,18.299883,37.078815,19.742884,27.326986,18.562246,28.379469,17.316017,25.576725,18.10311,29.702812
squeezed_Bình Định,2016-04-01,18.299883,34.698708,19.742884,25.323177,18.562246,31.016449,17.316017,22.50915,18.10311,28.130016,18.365473,47.385925
squeezed_Bình Định,2016-05-01,19.742884,24.135538,18.562246,25.919344,17.316017,26.7332,18.10311,25.960508,18.365473,59.36807,19.939657,34.86087
squeezed_Bình Định,2016-06-01,18.562246,20.915802,17.316017,21.308073,18.10311,25.899746,18.365473,37.210144,19.939657,30.823174,1.5085924,33.448612
squeezed_Bình Định,2016-07-01,17.316017,16.861431,18.10311,21.17789,18.365473,27.263884,19.939657,25.317503,1.5085924,33.907524,14.519056,28.644753
squeezed_Bình Định,2016-08-01,18.10311,19.042614,18.365473,21.90716,19.939657,18.090893,1.5085924,23.182411,14.519056,28.17132,11.494253,21.882116
squeezed_Bình Định,2016-09-01,18.365473,18.07249,19.939657,21.28097,1.5085924,18.149467,14.519056,16.869808,11.494253,15.7698555,15.863413,21.490269
squeezed_Bình Định,2016-10-01,19.939657,18.70506,1.5085924,24.106644,14.519056,28.162756,11.494253,15.667411,15.863413,21.170288,11.561471,26.945953
squeezed_Bình Định,2016-11-01,1.5085924,24.455557,14.519056,29.415243,11.494253,17.114119,15.863413,19.411291,11.561471,24.375242,14.317403,27.31189
squeezed_Bình Định,2016-12-01,14.519056,47.078217,11.494253,15.201653,15.863413,13.266288,11.561471,12.879475,14.317403,26.22068,15.594542,35.03751
squeezed_Bình Định,2017-01-01,11.494253,11.341368,15.863413,22.859928,11.561471,20.18556,14.317403,24.304733,15.594542,30.28438,13.645225,25.76943
squeezed_Bình Định,2017-02-01,15.863413,17.572844,11.561471,21.407646,14.317403,37.580544,15.594542,28.860485,13.645225,33.643745,18.417692,29.803862
squeezed_Bình Định,2017-03-01,11.561471,21.764612,14.317403,27.060087,15.594542,26.975994,13.645225,26.38736,18.417692,27.41429,12.233649,38.28148
squeezed_Bình Định,2017-04-01,14.317403,18.98368,15.594542,23.345861,13.645225,22.165583,18.417692,23.122744,12.233649,33.535793,11.023728,22.852465
squeezed_Bình Định,2017-05-01,15.594542,18.585178,13.645225,26.464323,18.417692,27.564938,12.233649,17.299957,11.023728,21.202087,11.830342,22.746523
squeezed_Bình Định,2017-06-01,13.645225,18.827696,18.417692,25.980042,12.233649,24.351147,11.023728,18.329668,11.830342,23.44092,9.544935,30.120035
squeezed_Bình Định,2017-07-01,18.417692,15.454273,12.233649,26.634966,11.023728,22.612186,11.830342,22.118052,9.544935,42.90571,9.208227,22.724962
squeezed_Bình Định,2017-08-01,12.233649,17.43927,11.023728,20.89437,11.830342,17.919989,9.544935,40.69341,9.208227,20.33601,10.619707,18.545382
squeezed_Bình Định,2017-09-01,11.023728,13.160928,11.830342,18.270048,9.544935,52.570496,9.208227,16.714334,10.619707,16.333559,15.996774,17.89749
squeezed_Bình Định,2017-10-01,11.830342,28.199373,9.544935,44.14348,9.208227,17.181065,10.619707,17.528776,15.996774,23.337105,11.829547,24.741383
squeezed_Bình Định,2017-11-01,9.544935,29.679323,9.208227,16.198011,10.619707,14.844665,15.996774,21.05326,11.829547,20.190468,12.7033205,21.111332
squeezed_Bình Định,2017-12-01,9.208227,17.695156,10.619707,6.7226214,15.996774,16.7305,11.829547,21.639826,12.7033205,31.204145,12.7033205,23.69854
squeezed_Bạc Liêu,2016-01-01,35.88355,33.939476,20.311441,36.640656,21.665539,37.900944,26.292034,39.155506,22.342587,36.590073,22.68111,34.31237
squeezed_Bạc Liêu,2016-02-01,20.311441,38.27041,21.665539,36.419212,26.292034,39.936188,22.342587,42.71862,22.68111,41.60187,23.019634,37.7998
squeezed_Bạc Liêu,2016-03-01,21.665539,26.152452,26.292034,27.872564,22.342587,34.793083,22.68111,29.029093,23.019634,30.487993,14.782216,25.824091
squeezed_Bạc Liêu,2016-04-01,26.292034,24.427114,22.342587,27.729153,22.68111,25.78026,23.019634,25.444513,14.782216,21.275476,13.202437,19.879553
squeezed_Bạc Liêu,2016-05-01,22.342587,28.93632,22.68111,27.348074,23.019634,20.772095,14.782216,23.35937,13.202437,19.414736,14.330851,19.370392
squeezed_Bạc Liêu,2016-06-01,22.68111,23.403545,23.019634,21.552631,14.782216,16.03063,13.202437,13.384557,14.330851,16.870274,14.330851,19.053772
squeezed_Bạc Liêu,2016-07-01,23.019634,21.912466,14.782216,21.48116,13.202437,18.450926,14.330851,17.728138,14.330851,18.566004,25.732428,21.400192
squeezed_Bạc Liêu,2016-08-01,14.782216,21.984823,13.202437,20.634148,14.330851,19.762062,14.330851,17.6565,25.732428,18.518871,11.250975,24.69944
squeezed_Bạc Liêu,2016-09-01,13.202437,14.330945,14.330851,16.993504,14.330851,16.043037,25.732428,14.942648,11.250975,20.408392,11.3623705,23.213646
squeezed_Bạc Liêu,2016-10-01,14.330851,14.92385,14.330851,17.044489,25.732428,15.814711,11.250975,19.91091,11.3623705,24.133759,14.927035,25.07133
squeezed_Bạc Liêu,2016-11-01,14.330851,15.223394,25.732428,18.87889,11.250975,22.43615,11.3623705,24.425539,14.927035,25.586302,13.590286,24.398426
squeezed_Bạc Liêu,2016-12-01,25.732428,24.71538,11.250975,21.425453,11.3623705,17.720695,14.927035,26.656185,13.590286,27.537085,13.256099,25.575598
squeezed_Bạc Liêu,2017-01-01,11.250975,26.952526,11.3623705,29.601154,14.927035,30.25271,13.590286,38.72342,13.256099,30.987268,7.5749135,27.757158
squeezed_Bạc Liêu,2017-02-01,11.3623705,12.588844,14.927035,21.057724,13.590286,25.962011,13.256099,26.881914,7.5749135,27.95242,8.243288,23.856634
squeezed_Bạc Liêu,2017-03-01,14.927035,19.536459,13.590286,22.933277,13.256099,26.251574,7.5749135,26.656197,8.243288,24.314308,9.023059,24.012518
squeezed_Bạc Liêu,2017-04-01,13.590286,19.532124,13.256099,23.639082,7.5749135,23.579092,8.243288,20.705568,9.023059,20.021538,10.248413,17.79413
squeezed_Bạc Liêu,2017-05-01,13.256099,17.909462,7.5749135,15.831949,8.243288,13.718949,9.023059,17.135122,10.248413,17.149225,9.580038,16.673223
squeezed_Bạc Liêu,2017-06-01,7.5749135,14.561757,8.243288,11.608358,9.023059,13.999702,10.248413,13.494941,9.580038,15.419984,14.03587,15.759754
squeezed_Bạc Liêu,2017-07-01,8.243288,8.074081,9.023059,12.539575,10.248413,11.493713,9.580038,12.635339,14.03587,15.185854,15.393134,17.770296
squeezed_Bạc Liêu,2017-08-01,9.023059,11.728333,10.248413,11.138055,9.580038,12.339424,14.03587,11.577676,15.393134,15.773032,12.956811,20.742275
squeezed_Bạc Liêu,2017-09-01,10.248413,11.593534,9.580038,11.111439,14.03587,13.765368,15.393134,15.146615,12.956811,23.498055,13.178294,21.779507
squeezed_Bạc Liêu,2017-10-01,9.580038,12.841978,14.03587,16.439413,15.393134,16.68102,12.956811,20.026838,13.178294,31.01211,14.285714,22.711111
squeezed_Bạc Liêu,2017-11-01,14.03587,16.322075,15.393134,13.365404,12.956811,15.859727,13.178294,21.03274,14.285714,23.575037,15.614618,23.21079
squeezed_Bạc Liêu,2017-12-01,15.393134,24.636238,12.956811,16.882868,13.178294,16.509464,14.285714,22.21395,15.614618,26.39832,13.067553,25.544115
squeezed_Bắc Giang,2016-01-01,19.425676,24.247808,27.630308,39.363453,26.30309,30.127136,20.209942,30.81634,22.62307,36.093304,20.149614,42.233444
squeezed_Bắc Giang,2016-02-01,27.630308,36.348694,26.30309,28.339104,20.209942,35.40037,22.62307,48.126568,20.149614,39.98845,23.527992,33.901085
squeezed_Bắc Giang,2016-03-01,26.30309,38.883553,20.209942,32.486908,22.62307,33.851566,20.149614,55.13555,23.527992,32.524624,25.337837,28.972006
squeezed_Bắc Giang,2016-04-01,20.209942,31.918938,22.62307,27.84245,20.149614,30.702715,23.527992,27.019653,25.337837,25.323982,27.449324,23.033714
squeezed_Bắc Giang,2016-05-01,22.62307,26.224815,20.149614,25.146494,23.527992,20.65098,25.337837,18.628244,27.449324,20.82366,26.544401,21.604681
squeezed_Bắc Giang,2016-06-01,20.149614,19.797487,23.527992,23.549877,25.337837,19.494942,27.449324,18.279694,26.544401,21.04563,8.506274,20.45646
squeezed_Bắc Giang,2016-07-01,23.527992,18.901571,25.337837,21.385431,27.449324,17.954412,26.544401,17.500448,8.506274,18.734264,21.130816,18.585632
squeezed_Bắc Giang,2016-08-01,25.337837,19.823275,27.449324,22.727139,26.544401,19.040009,8.506274,16.391335,21.130816,20.550083,19.173193,21.275425
squeezed_Bắc Giang,2016-09-01,27.449324,26.98085,26.544401,23.983028,8.506274,18.73374,21.130816,21.04928,19.173193,18.413654,23.779364,20.025028
squeezed_Bắc Giang,2016-10-01,26.544401,28.135143,8.506274,22.754137,21.130816,22.683321,19.173193,25.754183,23.779364,21.280102,33.97052,21.209934
squeezed_Bắc Giang,2016-11-01,8.506274,25.325474,21.130816,22.087343,19.173193,16.695763,23.779364,23.398169,33.97052,25.567656,23.549055,27.875246
squeezed_Bắc Giang,2016-12-01,21.130816,25.933666,19.173193,6.149231,23.779364,12.468414,33.97052,13.025879,23.549055,17.136799,21.994473,25.096254
squeezed_Bắc Giang,2017-01-01,19.173193,18.195028,23.779364,19.4127,33.97052,17.82483,23.549055,20.824072,21.994473,25.498188,26.31276,29.152485
squeezed_Bắc Giang,2017-02-01,23.779364,23.144625,33.97052,22.951069,23.549055,29.02765,21.994473,32.798317,26.31276,27.890213,24.815754,25.71814
squeezed_Bắc Giang,2017-03-01,33.97052,26.30361,23.549055,25.84476,21.994473,30.365099,26.31276,31.07866,24.815754,24.392992,25.90972,25.245447
squeezed_Bắc Giang,2017-04-01,23.549055,35.714714,21.994473,35.25841,26.31276,31.934834,24.815754,26.599794,25.90972,26.891556,27.752188,28.638521
squeezed_Bắc Giang,2017-05-01,21.994473,28.746937,26.31276,27.88874,24.815754,22.583584,25.90972,19.96205,27.752188,21.122961,28.155228,23.620363
squeezed_Bắc Giang,2017-06-01,26.31276,22.210644,24.815754,21.404865,25.90972,18.540186,27.752188,16.92323,28.155228,19.777082,30.57347,27.737514
squeezed_Bắc Giang,2017-07-01,24.815754,26.564873,25.90972,24.594921,27.752188,18.028917,28.155228,24.347721,30.57347,44.3114,24.697609,26.748116
squeezed_Bắc Giang,2017-08-01,25.90972,25.12994,27.752188,22.463007,28.155228,21.507473,30.57347,38.16587,24.697609,23.670387,20.534458,23.813238
squeezed_Bắc Giang,2017-09-01,27.752188,25.64095,28.155228,25.273521,30.57347,53.49364,24.697609,19.632841,20.534458,24.160824,18.734177,27.617693
squeezed_Bắc Giang,2017-10-01,28.155228,28.280636,30.57347,49.3041,24.697609,24.07406,20.534458,29.041384,18.734177,30.412039,17.215189,29.765902
squeezed_Bắc Giang,2017-11-01,30.57347,40.30987,24.697609,27.934715,20.534458,32.67298,18.734177,31.075867,17.215189,33.95613,19.409283,31.910194
squeezed_Bắc Giang,2017-12-01,24.697609,28.282204,20.534458,33.50936,18.734177,37.79412,17.215189,37.288513,19.409283,37.939926,18.396624,39.294632
squeezed_Bắc Kạn,2016-01-01,34.482758,52.98782,50.47022,67.46721,55.485893,68.166855,51.09718,68.077354,51.09718,77.796875,35.4232,58.43254
squeezed_Bắc Kạn,2016-02-01,50.47022,54.744408,55.485893,56.75035,51.09718,62.437733,51.09718,68.6311,35.4232,65.49587,26.332289,58.764896
squeezed_Bắc Kạn,2016-03-01,55.485893,55.851643,51.09718,60.3649,51.09718,88.948784,35.4232,82.710266,26.332289,64.82878,27.899687,62.547832
squeezed_Bắc Kạn,2016-04-01,51.09718,58.032692,51.09718,76.49216,35.4232,56.1273,26.332289,55.575253,27.899687,53.436264,37.304073,47.710773
squeezed_Bắc Kạn,2016-05-01,51.09718,53.052864,35.4232,53.784138,26.332289,43.94943,27.899687,52.966038,37.304073,40.03944,42.63323,48.051716
squeezed_Bắc Kạn,2016-06-01,35.4232,55.24791,26.332289,48.033756,27.899687,49.462444,37.304073,45.161736,42.63323,38.817654,38.557995,46.85927
squeezed_Bắc Kạn,2016-07-01,26.332289,40.849514,27.899687,39.88984,37.304073,36.912624,42.63323,36.60909,38.557995,33.679726,38.076797,33.38235
squeezed_Bắc Kạn,2016-08-01,27.899687,35.14717,37.304073,29.508865,42.63323,24.038036,38.557995,28.66177,38.076797,33.800453,42.91707,41.255383
squeezed_Bắc Kạn,2016-09-01,37.304073,28.501469,42.63323,24.465235,38.557995,28.376749,38.076797,34.079235,42.91707,28.491226,46.466602,39.826603
squeezed_Bắc Kạn,2016-10-01,42.63323,29.57938,38.557995,32.360493,38.076797,41.138134,42.91707,42.007088,46.466602,40.073845,34.204582,83.41205
squeezed_Bắc Kạn,2016-11-01,38.557995,39.882748,38.076797,39.457447,42.91707,42.4869,46.466602,42.84402,34.204582,47.61178,41.303646,54.81386
squeezed_Bắc Kạn,2016-12-01,38.076797,40.49224,42.91707,35.817802,46.466602,49.923786,34.204582,33.74499,41.303646,39.57332,36.78606,51.22461
squeezed_Bắc Kạn,2017-01-01,42.91707,44.873344,46.466602,39.00278,34.204582,53.777405,41.303646,49.952602,36.78606,77.42411,49.370766,52.9946
squeezed_Bắc Kạn,2017-02-01,46.466602,45.24668,34.204582,54.507645,41.303646,55.410526,36.78606,67.57623,49.370766,71.5523,50.984188,46.803955
squeezed_Bắc Kạn,2017-03-01,34.204582,51.208332,41.303646,53.604263,36.78606,69.828316,49.370766,69.902916,50.984188,52.8004,42.594387,41.881542
squeezed_Bắc Kạn,2017-04-01,41.303646,45.671173,36.78606,61.60712,49.370766,62.848984,50.984188,49.41027,42.594387,42.572865,47.111973,33.53847
squeezed_Bắc Kạn,2017-05-01,36.78606,35.802357,49.370766,60.4945,50.984188,37.93963,42.594387,39.6663,47.111973,34.834045,57.43788,37.604767
squeezed_Bắc Kạn,2017-06-01,49.370766,41.117958,50.984188,37.772305,42.594387,31.261772,47.111973,33.98287,57.43788,36.272057,0.0,38.436977
squeezed_Bắc Kạn,2017-07-01,50.984188,39.433014,42.594387,41.19668,47.111973,37.21184,57.43788,39.243423,0.0,40.66669,34.294872,38.978756
squeezed_Bắc Kạn,2017-08-01,42.594387,54.778286,47.111973,44.56163,57.43788,42.67187,0.0,42.740932,34.294872,41.271053,25.320513,47.97042
squeezed_Bắc Kạn,2017-09-01,47.111973,41.045006,57.43788,39.071053,0.0,43.965282,34.294872,34.46328,25.320513,46.68406,50.0,51.62086
squeezed_Bắc Kạn,2017-10-01,57.43788,42.27315,0.0,43.794693,34.294872,42.44753,25.320513,52.03671,50.0,50.657784,38.141026,54.974003
squeezed_Bắc Kạn,2017-11-01,0.0,45.53278,34.294872,47.589672,25.320513,57.73032,50.0,62.98042,38.141026,78.91015,45.192307,72.06424
squeezed_Bắc Kạn,2017-12-01,34.294872,35.87,25.320513,31.138071,50.0,23.377813,38.141026,31.34921,45.192307,37.677986,32.371796,45.946804
squeezed_Cao Bằng,2016-01-01,119.2903,142.61963,140.05286,152.33374,140.6191,162.9239,166.10042,152.58127,152.69913,164.65883,174.40544,160.66231
squeezed_Cao Bằng,2016-02-01,140.05286,145.87007,140.6191,159.75381,166.10042,170.9592,152.69913,175.19765,174.40544,172.14987,158.36165,158.22742
squeezed_Cao Bằng,2016-03-01,140.6191,154.57755,166.10042,173.1312,152.69913,189.68147,174.40544,183.66228,158.36165,177.75256,156.28539,172.41542
squeezed_Cao Bằng,2016-04-01,166.10042,158.30205,152.69913,169.12679,174.40544,159.11787,158.36165,172.77806,156.28539,162.53757,175.53793,140.271
squeezed_Cao Bằng,2016-05-01,152.69913,164.16893,174.40544,177.07831,158.36165,170.53568,156.28539,160.93402,175.53793,139.26599,167.98792,139.5128
squeezed_Cao Bằng,2016-06-01,174.40544,165.12785,158.36165,159.37009,156.28539,148.90445,175.53793,140.02794,167.98792,132.6799,163.26917,140.74304
squeezed_Cao Bằng,2016-07-01,158.36165,159.29404,156.28539,155.15706,175.53793,143.68333,167.98792,141.1557,163.26917,134.67639,139.43768,143.55667
squeezed_Cao Bằng,2016-08-01,156.28539,160.06406,175.53793,146.6575,167.98792,138.99606,163.26917,143.849,139.43768,129.471,144.18694,115.845055
squeezed_Cao Bằng,2016-09-01,175.53793,144.89314,167.98792,141.40292,163.26917,138.09114,139.43768,122.5692,144.18694,119.0058,149.12614,119.589066
squeezed_Cao Bằng,2016-10-01,167.98792,147.71289,163.26917,148.48737,139.43768,132.7956,144.18694,122.38146,149.12614,131.1554,152.5456,138.70628
squeezed_Cao Bằng,2016-11-01,163.26917,162.25198,139.43768,150.39967,144.18694,135.44456,149.12614,120.79244,152.5456,146.751,0.0,150.56592
squeezed_Cao Bằng,2016-12-01,139.43768,139.09973,144.18694,140.29056,149.12614,134.64731,152.5456,143.45383,0.0,159.33934,143.99696,172.98184
squeezed_Cao Bằng,2017-01-01,144.18694,149.36766,149.12614,154.90375,152.5456,168.14539,0.0,171.12492,143.99696,181.39633,130.12918,165.22133
squeezed_Cao Bằng,2017-02-01,149.12614,142.48961,152.5456,161.49211,0.0,163.35974,143.99696,162.4843,130.12918,179.91673,147.79636,160.92831
squeezed_Cao Bằng,2017-03-01,152.5456,150.35674,0.0,161.66275,143.99696,158.69012,130.12918,164.96506,147.79636,166.20367,125.56991,149.84819
squeezed_Cao Bằng,2017-04-01,0.0,157.69148,143.99696,162.93526,130.12918,157.32611,147.79636,152.9522,125.56991,155.64401,0.0,138.3093
squeezed_Cao Bằng,2017-05-01,143.99696,61.684032,130.12918,54.69393,147.79636,38.338123,125.56991,51.024025,0.0,42.82196,111.13222,44.224117
squeezed_Cao Bằng,2017-06-01,130.12918,133.68265,147.79636,131.03775,125.56991,112.59422,0.0,98.060936,111.13222,111.93997,100.87386,102.116486
squeezed_Cao Bằng,2017-07-01,147.79636,129.83186,125.56991,124.22822,0.0,112.545006,111.13222,111.79457,100.87386,109.53763,105.54189,121.70674
squeezed_Cao Bằng,2017-08-01,125.56991,129.76788,0.0,120.648186,111.13222,110.452095,100.87386,107.26432,105.54189,104.74329,91.356155,100.85258
squeezed_Cao Bằng,2017-09-01,0.0,122.20588,111.13222,114.75652,100.87386,121.14008,105.54189,104.91949,91.356155,110.60932,0.0,123.34971
squeezed_Cao Bằng,2017-10-01,111.13222,47.497906,100.87386,43.72113,105.54189,43.748158,91.356155,31.611471,0.0,30.067017,99.48931,56.48493
squeezed_Cao Bằng,2017-11-01,100.87386,101.206,105.54189,100.412575,91.356155,99.96521,0.0,94.18136,99.48931,111.95633,110.27048,109.09366
squeezed_Cao Bằng,2017-12-01,105.54189,85.695984,91.356155,100.29662,0.0,103.88358,99.48931,114.62498,110.27048,130.40437,102.13732,124.36818
squeezed_Cà Mau,2016-01-01,30.426958,31.339495,32.14461,33.4303,25.437592,29.575674,27.809586,31.920687,20.938982,34.40393,29.03648,29.148167
squeezed_Cà Mau,2016-02-01,32.14461,33.930313,25.437592,34.756783,27.809586,35.831963,20.938982,37.088905,29.03648,38.6376,30.672338,29.237955
squeezed_Cà Mau,2016-03-01,25.437592,34.651047,27.809586,34.611767,20.938982,35.81603,29.03648,34.828808,30.672338,30.747187,28.954687,28.183405
squeezed_Cà Mau,2016-04-01,27.809586,31.508057,20.938982,34.539684,29.03648,29.82208,30.672338,25.613848,28.954687,27.128883,26.828072,23.1892
squeezed_Cà Mau,2016-05-01,20.938982,32.516068,29.03648,33.238266,30.672338,22.639366,28.954687,26.75635,26.828072,21.289116,25.274006,20.020498
squeezed_Cà Mau,2016-06-01,29.03648,33.1002,30.672338,21.137716,28.954687,18.413921,26.828072,17.555357,25.274006,17.85912,25.274006,19.46036
squeezed_Cà Mau,2016-07-01,30.672338,26.591003,28.954687,25.50334,26.828072,23.47618,25.274006,20.40636,25.274006,21.566648,18.629908,22.466993
squeezed_Cà Mau,2016-08-01,28.954687,30.241695,26.828072,27.640903,25.274006,26.505016,25.274006,21.16562,18.629908,25.600132,15.121136,23.569525
squeezed_Cà Mau,2016-09-01,26.828072,31.682453,25.274006,25.710129,25.274006,29.135662,18.629908,22.696943,15.121136,26.396395,19.632414,28.938137
squeezed_Cà Mau,2016-10-01,25.274006,25.66523,25.274006,26.13718,18.629908,23.787313,15.121136,26.65,19.632414,30.46814,8.688388,25.541262
squeezed_Cà Mau,2016-11-01,25.274006,25.064844,18.629908,25.878405,15.121136,23.789433,19.632414,30.83207,8.688388,28.835867,13.533834,25.676397
squeezed_Cà Mau,2016-12-01,18.629908,29.607641,15.121136,24.577318,19.632414,30.070425,8.688388,33.40087,13.533834,29.621502,22.13868,28.818901
squeezed_Cà Mau,2017-01-01,15.121136,21.225817,19.632414,38.186546,8.688388,27.368044,13.533834,25.56346,22.13868,26.317291,19.13116,24.79994
squeezed_Cà Mau,2017-02-01,19.632414,55.911587,8.688388,22.863312,13.533834,26.45902,22.13868,25.910585,19.13116,29.101742,17.794487,24.933748
squeezed_Cà Mau,2017-03-01,8.688388,21.8199,13.533834,21.60695,22.13868,26.070469,19.13116,27.542309,17.794487,24.4343,22.723475,23.181988
squeezed_Cà Mau,2017-04-01,13.533834,12.474512,22.13868,14.1900625,19.13116,21.586628,17.794487,18.150116,22.723475,19.8008,17.710943,20.694403
squeezed_Cà Mau,2017-05-01,22.13868,15.34013,19.13116,15.648065,17.794487,16.17898,22.723475,15.573768,17.710943,20.963652,18.546366,18.006495
squeezed_Cà Mau,2017-06-01,19.13116,19.610556,17.794487,19.03342,22.723475,16.552042,17.710943,15.762349,18.546366,16.576885,20.802006,19.294828
squeezed_Cà Mau,2017-07-01,17.794487,20.592457,22.723475,19.32619,17.710943,16.11704,18.546366,12.507318,20.802006,17.739298,18.819002,17.79425
squeezed_Cà Mau,2017-08-01,22.723475,17.259527,17.710943,18.495888,18.546366,15.943223,20.802006,14.209931,18.819002,15.063408,17.313482,19.69294
squeezed_Cà Mau,2017-09-01,17.710943,19.547354,18.546366,20.10223,20.802006,19.222431,18.819002,17.558416,17.313482,21.255411,17.313482,23.328857
squeezed_Cà Mau,2017-10-01,18.546366,19.329632,20.802006,19.339682,18.819002,15.329093,17.313482,22.12695,17.313482,23.984379,14.971562,31.361343
squeezed_Cà Mau,2017-11-01,20.802006,19.000818,18.819002,16.183105,17.313482,19.279491,17.313482,22.774326,14.971562,45.807323,18.400803,33.633533
squeezed_Cà Mau,2017-12-01,18.819002,21.418705,17.313482,21.870224,17.313482,22.276377,14.971562,47.40297,18.400803,32.402218,15.807962,30.283192
squeezed_Cần Thơ,2016-01-01,11.368154,30.85335,5.087845,33.308956,3.736386,32.77086,4.292869,32.172253,7.154782,36.85254,7.7112646,31.723394
squeezed_Cần Thơ,2016-02-01,5.087845,19.672014,3.736386,21.699429,4.292869,29.33755,7.154782,30.2816,7.7112646,48.40725,5.087845,28.945303
squeezed_Cần Thơ,2016-03-01,3.736386,14.373576,4.292869,19.575397,7.154782,24.778566,7.7112646,31.049221,5.087845,42.507618,5.803323,20.464827
squeezed_Cần Thơ,2016-04-01,4.292869,12.34771,7.154782,18.373041,7.7112646,16.560099,5.087845,21.67213,5.803323,20.424898,6.121313,17.45471
squeezed_Cần Thơ,2016-05-01,7.154782,11.716899,7.7112646,12.029371,5.087845,10.693036,5.803323,16.893196,6.121313,16.17028,2.4644248,16.3969
squeezed_Cần Thơ,2016-06-01,7.7112646,8.434432,5.087845,14.402627,5.803323,12.5024185,6.121313,13.230523,2.4644248,16.486753,2.4644248,19.157309
squeezed_Cần Thơ,2016-07-01,5.087845,7.612358,5.803323,10.981875,6.121313,12.414132,2.4644248,13.866044,2.4644248,22.079891,53.337696,29.264282
squeezed_Cần Thơ,2016-08-01,5.803323,6.0411353,6.121313,4.7667246,2.4644248,10.777743,2.4644248,15.565944,53.337696,41.25798,50.310863,27.954973
squeezed_Cần Thơ,2016-09-01,6.121313,6.347193,2.4644248,4.196083,2.4644248,7.9724903,53.337696,40.686802,50.310863,24.665655,51.537956,45.41748
squeezed_Cần Thơ,2016-10-01,2.4644248,8.265438,2.4644248,9.8971815,53.337696,41.437042,50.310863,34.699017,51.537956,62.13829,56.77356,52.128662
squeezed_Cần Thơ,2016-11-01,2.4644248,12.6754875,53.337696,45.18911,50.310863,19.693241,51.537956,51.267155,56.77356,57.191578,52.274216,54.86397
squeezed_Cần Thơ,2016-12-01,53.337696,41.509136,50.310863,17.996851,51.537956,52.47875,56.77356,58.58986,52.274216,63.16564,54.07395,56.927124
squeezed_Cần Thơ,2017-01-01,50.310863,40.384224,51.537956,61.286865,56.77356,58.579266,52.274216,61.950146,54.07395,62.50823,57.837044,66.68849
squeezed_Cần Thơ,2017-02-01,51.537956,52.153625,56.77356,56.138474,52.274216,57.243847,54.07395,66.33883,57.837044,72.588875,53.828533,57.140812
squeezed_Cần Thơ,2017-03-01,56.77356,58.555126,52.274216,60.046135,54.07395,58.51343,57.837044,67.16728,53.828533,63.526363,41.884815,56.754307
squeezed_Cần Thơ,2017-04-01,52.274216,61.689957,54.07395,58.58461,57.837044,54.747356,53.828533,61.027363,41.884815,57.42596,52.028797,48.980927
squeezed_Cần Thơ,2017-05-01,54.07395,58.25265,57.837044,57.077087,53.828533,48.981945,41.884815,55.629086,52.028797,50.668835,43.35733,45.972813
squeezed_Cần Thơ,2017-06-01,57.837044,54.465664,53.828533,53.19139,41.884815,49.778526,52.028797,55.81158,43.35733,52.786358,50.474476,48.726677
squeezed_Cần Thơ,2017-07-01,53.828533,52.935555,41.884815,52.86992,52.028797,46.518536,43.35733,54.136253,50.474476,55.30046,6.8420625,52.267807
squeezed_Cần Thơ,2017-08-01,41.884815,52.12956,52.028797,51.586605,43.35733,48.821697,50.474476,54.970024,6.8420625,46.43085,2.036328,46.162693
squeezed_Cần Thơ,2017-09-01,52.028797,46.309135,43.35733,49.343975,50.474476,51.750347,6.8420625,41.702705,2.036328,40.82509,5.701719,43.091637
squeezed_Cần Thơ,2017-10-01,43.35733,51.173847,50.474476,53.238655,6.8420625,45.371876,2.036328,47.797077,5.701719,44.795715,7.493687,46.261917
squeezed_Cần Thơ,2017-11-01,50.474476,52.5136,6.8420625,42.9922,2.036328,43.03702,5.701719,42.71352,7.493687,44.29686,5.5388126,44.905853
squeezed_Cần Thơ,2017-12-01,6.8420625,44.189407,2.036328,40.88384,5.701719,42.588463,7.493687,47.167835,5.5388126,47.067947,6.3533435,49.821724
squeezed_Gia Lai,2016-01-01,47.696323,49.8896,49.0369,51.599808,51.294716,50.477375,56.374798,52.984863,65.970505,50.77,56.93925,48.97077
squeezed_Gia Lai,2016-02-01,49.0369,42.792538,51.294716,48.30049,56.374798,42.96909,65.970505,36.858253,56.93925,51.235386,58.773724,53.362717
squeezed_Gia Lai,2016-03-01,51.294716,52.306656,56.374798,51.85591,65.970505,51.50161,56.93925,52.423756,58.773724,49.974094,46.214634,50.181866
squeezed_Gia Lai,2016-04-01,56.374798,51.635807,65.970505,56.215305,56.93925,52.103863,58.773724,47.490868,46.214634,44.93163,44.521275,44.97915
squeezed_Gia Lai,2016-05-01,65.970505,55.418663,56.93925,54.07992,58.773724,52.21783,46.214634,50.139824,44.521275,47.634403,52.000282,43.83433
squeezed_Gia Lai,2016-06-01,56.93925,56.934235,58.773724,53.846256,46.214634,51.58044,44.521275,50.090214,52.000282,48.880833,7.126226,50.932686
squeezed_Gia Lai,2016-07-01,58.773724,51.88067,46.214634,50.039806,44.521275,50.764664,52.000282,46.610138,7.126226,51.021362,30.63517,51.159
squeezed_Gia Lai,2016-08-01,46.214634,54.05112,44.521275,53.556217,52.000282,48.55577,7.126226,53.826138,30.63517,51.80975,41.05113,49.29178
squeezed_Gia Lai,2016-09-01,44.521275,47.44737,52.000282,48.20293,7.126226,58.35068,30.63517,45.145046,41.05113,46.316273,63.38076,48.606285
squeezed_Gia Lai,2016-10-01,52.000282,53.661404,7.126226,46.143005,30.63517,52.640034,41.05113,44.88413,63.38076,51.337154,59.500305,56.162697
squeezed_Gia Lai,2016-11-01,7.126226,48.069412,30.63517,48.640938,41.05113,58.973846,63.38076,62.525703,59.500305,58.83595,68.21431,61.396748
squeezed_Gia Lai,2016-12-01,30.63517,44.953094,41.05113,26.32335,63.38076,45.773224,59.500305,40.67292,68.21431,48.98844,0.0,59.60266
squeezed_Gia Lai,2017-01-01,41.05113,30.530298,63.38076,49.198685,59.500305,42.860237,68.21431,49.86097,0.0,54.983376,59.023758,69.374825
squeezed_Gia Lai,2017-02-01,63.38076,39.980347,59.500305,46.619564,68.21431,42.587223,0.0,63.21316,59.023758,63.202274,4.2208457,69.898
squeezed_Gia Lai,2017-03-01,59.500305,58.70102,68.21431,53.247974,0.0,62.177757,59.023758,65.064026,4.2208457,71.034935,4.901627,62.809246
squeezed_Gia Lai,2017-04-01,68.21431,56.413742,0.0,61.116356,59.023758,67.686554,4.2208457,66.50466,4.901627,62.55077,17.155695,58.289375
squeezed_Gia Lai,2017-05-01,0.0,68.63408,59.023758,72.18008,4.2208457,62.4379,4.901627,57.72377,17.155695,68.287346,28.728981,75.29269
squeezed_Gia Lai,2017-06-01,59.023758,64.03131,4.2208457,55.47755,4.901627,35.494434,17.155695,50.489292,28.728981,57.157536,31.72442,37.86322
squeezed_Gia Lai,2017-07-01,4.2208457,40.680603,4.901627,46.429787,17.155695,42.956127,28.728981,62.417957,31.72442,57.720055,43.391056,41.28006
squeezed_Gia Lai,2017-08-01,4.901627,73.79175,17.155695,49.728355,28.728981,37.324623,31.72442,40.867157,43.391056,33.47959,44.995655,27.958557
squeezed_Gia Lai,2017-09-01,17.155695,57.931107,28.728981,44.77537,31.72442,47.553143,43.391056,17.18264,44.995655,23.726156,48.472286,26.974041
squeezed_Gia Lai,2017-10-01,28.728981,73.136475,31.72442,49.978428,43.391056,20.38822,44.995655,23.375372,48.472286,28.116886,50.210606,31.465061
squeezed_Gia Lai,2017-11-01,31.72442,37.774536,43.391056,24.683195,44.995655,24.705584,48.472286,31.936249,50.210606,37.2789,49.14087,36.226063
squeezed_Gia Lai,2017-12-01,43.391056,28.444725,44.995655,30.386078,48.472286,35.08082,50.210606,37.319412,49.14087,37.56867,51.213478,51.634735
squeezed_Hà Giang,2016-01-01,67.883835,95.97187,88.46955,94.92215,87.48928,103.82166,108.565125,107.32187,127.80296,105.50346,81.485115,102.434654
squeezed_Hà Giang,2016-02-01,88.46955,80.83206,87.48928,91.263824,108.565125,94.945435,127.80296,93.333145,81.485115,95.14522,87.24421,94.70985
squeezed_Hà Giang,2016-03-01,87.48928,87.73254,108.565125,97.137375,127.80296,91.9978,81.485115,110.88911,87.24421,97.8288,99.25254,94.85918
squeezed_Hà Giang,2016-04-01,108.565125,94.247696,127.80296,98.48965,81.485115,95.87014,87.24421,97.47532,99.25254,84.67624,95.20892,81.99269
squeezed_Hà Giang,2016-05-01,127.80296,102.92568,81.485115,95.198006,87.24421,97.67854,99.25254,89.29419,95.20892,86.45584,84.671,86.04412
squeezed_Hà Giang,2016-06-01,81.485115,107.68736,87.24421,101.22258,99.25254,95.07839,95.20892,89.73934,84.671,89.98245,52.444553,92.98903
squeezed_Hà Giang,2016-07-01,87.24421,93.916115,99.25254,85.82383,95.20892,82.03035,84.671,85.54484,52.444553,80.98971,52.416935,77.159134
squeezed_Hà Giang,2016-08-01,99.25254,85.75746,95.20892,85.29579,84.671,83.44736,52.444553,81.06765,52.416935,73.8304,57.214825,76.406364
squeezed_Hà Giang,2016-09-01,95.20892,86.313034,84.671,84.82599,52.444553,83.164986,52.416935,70.362495,57.214825,75.234436,60.813244,81.84927
squeezed_Hà Giang,2016-10-01,84.671,87.958694,52.444553,85.555504,52.416935,74.741974,57.214825,75.36551,60.813244,79.553116,72.20823,85.29555
squeezed_Hà Giang,2016-11-01,52.444553,83.16206,52.416935,75.24639,57.214825,71.623985,60.813244,80.677444,72.20823,79.048134,0.0,81.73952
squeezed_Hà Giang,2016-12-01,52.416935,59.955753,57.214825,63.70972,60.813244,70.122,72.20823,68.50561,0.0,74.11751,74.48723,86.14672
squeezed_Hà Giang,2017-01-01,57.214825,59.445724,60.813244,67.64387,72.20823,67.7605,0.0,72.078,74.48723,71.162125,69.80928,72.97816
squeezed_Hà Giang,2017-02-01,60.813244,68.376465,72.20823,66.72427,0.0,75.94141,74.48723,73.68361,69.80928,73.62808,69.80928,72.229385
squeezed_Hà Giang,2017-03-01,72.20823,66.65252,0.0,68.7239,74.48723,65.80374,69.80928,64.273476,69.80928,69.76523,61.89277,59.26792
squeezed_Hà Giang,2017-04-01,0.0,79.187225,74.48723,83.10673,69.80928,68.76143,69.80928,69.79302,61.89277,65.84688,80.96438,64.64779
squeezed_Hà Giang,2017-05-01,74.48723,27.923866,69.80928,20.088255,69.80928,17.976006,61.89277,24.346237,80.96438,21.874674,68.60981,20.32327
squeezed_Hà Giang,2017-06-01,69.80928,59.211807,69.80928,57.546024,61.89277,53.75501,80.96438,48.871105,68.60981,48.031773,62.7324,44.22768
squeezed_Hà Giang,2017-07-01,69.80928,61.47447,61.89277,62.188183,80.96438,64.09448,68.60981,56.11205,62.7324,51.268806,24.926167,54.346874
squeezed_Hà Giang,2017-08-01,61.89277,66.23376,80.96438,64.04817,68.60981,60.28909,62.7324,54.286533,24.926167,50.38049,54.459538,50.83659
squeezed_Hà Giang,2017-09-01,80.96438,62.90121,68.60981,58.6114,62.7324,56.032692,24.926167,53.578613,54.459538,47.67218,63.555817,51.267887
squeezed_Hà Giang,2017-10-01,68.60981,68.56748,62.7324,62.413464,24.926167,60.37151,54.459538,58.01801,63.555817,64.43536,63.083282,63.219894
squeezed_Hà Giang,2017-11-01,62.7324,63.723457,24.926167,62.39661,54.459538,63.397896,63.555817,66.07968,63.083282,72.598076,68.04489,88.413086
squeezed_Hà Giang,2017-12-01,24.926167,57.933155,54.459538,61.158886,63.555817,70.00941,63.083282,72.02402,68.04489,80.95016,68.63556,83.8539
squeezed_Hà Nội,2016-01-01,11.407674,19.103296,12.06266,27.957378,10.56165,23.049526,11.516839,25.29958,12.472027,23.844147,9.03335,27.374706
squeezed_Hà Nội,2016-02-01,12.06266,20.904274,10.56165,23.257372,11.516839,32.78726,12.472027,26.010592,9.03335,38.15907,8.432946,43.93599
squeezed_Hà Nội,2016-03-01,10.56165,22.496216,11.516839,25.134506,12.472027,24.736956,9.03335,38.007133,8.432946,27.654852,7.9689975,32.335194
squeezed_Hà Nội,2016-04-01,11.516839,21.570818,12.472027,16.42421,9.03335,18.230942,8.432946,33.66993,7.9689975,30.001867,7.3413024,36.130695
squeezed_Hà Nội,2016-05-01,12.472027,18.377306,9.03335,13.812286,8.432946,15.212059,7.9689975,23.87605,7.3413024,31.28759,6.27695,21.672169
squeezed_Hà Nội,2016-06-01,9.03335,15.521363,8.432946,25.922493,7.9689975,37.54752,7.3413024,24.609516,6.27695,23.965218,0.6549861,12.148953
squeezed_Hà Nội,2016-07-01,8.432946,46.791473,7.9689975,27.783308,7.3413024,17.759827,6.27695,16.673267,0.6549861,12.217223,4.1590247,11.223762
squeezed_Hà Nội,2016-08-01,7.9689975,19.435162,7.3413024,28.534752,6.27695,22.563387,0.6549861,9.080463,4.1590247,9.521322,5.95438,15.162646
squeezed_Hà Nội,2016-09-01,7.3413024,18.308756,6.27695,35.163746,0.6549861,9.730291,4.1590247,9.999674,5.95438,9.966152,6.600191,13.674908
squeezed_Hà Nội,2016-10-01,6.27695,32.875053,0.6549861,17.291298,4.1590247,14.142888,5.95438,16.9494,6.600191,17.233702,6.4451966,18.233994
squeezed_Hà Nội,2016-11-01,0.6549861,9.368572,4.1590247,29.781387,5.95438,7.546134,6.600191,17.413149,6.4451966,17.064775,7.672238,32.498165
squeezed_Hà Nội,2016-12-01,4.1590247,21.592216,5.95438,9.416123,6.600191,13.631761,6.4451966,10.278091,7.672238,8.937357,7.4914107,14.365734
squeezed_Hà Nội,2017-01-01,5.95438,12.97026,6.600191,7.297708,6.4451966,5.2849054,7.672238,20.413755,7.4914107,13.3296,8.369714,27.900455
squeezed_Hà Nội,2017-02-01,6.600191,11.899235,6.4451966,19.887115,7.672238,50.27951,7.4914107,24.013674,8.369714,51.243576,5.734804,49.509983
squeezed_Hà Nội,2017-03-01,6.4451966,11.772684,7.672238,28.706495,7.4914107,17.358126,8.369714,47.806866,5.734804,48.83056,7.8272324,48.340717
squeezed_Hà Nội,2017-04-01,7.672238,19.324146,7.4914107,15.871474,8.369714,49.042015,5.734804,52.6249,7.8272324,47.04741,6.354783,44.134296
squeezed_Hà Nội,2017-05-01,7.4914107,14.018517,8.369714,42.596348,5.734804,47.702435,7.8272324,38.0589,6.354783,43.519966,7.039343,42.466755
squeezed_Hà Nội,2017-06-01,8.369714,26.605045,5.734804,59.295452,7.8272324,51.228218,6.354783,38.29822,7.039343,41.263317,6.613107,37.94765
squeezed_Hà Nội,2017-07-01,5.734804,24.787516,7.8272324,45.9503,6.354783,49.92936,7.039343,36.45533,6.613107,43.071327,3.6136205,32.37065
squeezed_Hà Nội,2017-08-01,7.8272324,29.141907,6.354783,44.341923,7.039343,47.571438,6.613107,40.32039,3.6136205,41.39981,0.0,33.553974
squeezed_Hà Nội,2017-09-01,6.354783,30.233706,7.039343,43.744286,6.613107,63.083904,3.6136205,41.538017,0.0,41.174324,5.5720515,39.11091
squeezed_Hà Nội,2017-10-01,7.039343,30.59693,6.613107,48.487663,3.6136205,56.987453,0.0,49.10056,5.5720515,58.09965,0.0,46.372684
squeezed_Hà Nội,2017-11-01,6.613107,29.433338,3.6136205,44.83035,0.0,58.956787,5.5720515,49.761013,0.0,59.62489,4.106387,52.17662
squeezed_Hà Nội,2017-12-01,3.6136205,43.565033,0.0,48.37328,5.5720515,56.117367,0.0,68.44199,4.106387,75.39593,5.6731315,83.1387
squeezed_Hà Tĩnh,2016-01-01,31.104445,46.63511,34.735928,42.49103,40.41999,49.92828,41.130497,49.031067,42.156784,55.92871,38.288467,50.951805
squeezed_Hà Tĩnh,2016-02-01,34.735928,42.947216,40.41999,43.7338,41.130497,55.546833,42.156784,59.14807,38.288467,57.395374,37.577957,51.040245
squeezed_Hà Tĩnh,2016-03-01,40.41999,59.956932,41.130497,53.30645,42.156784,54.55573,38.288467,56.30446,37.577957,46.237423,40.18315,55.161163
squeezed_Hà Tĩnh,2016-04-01,41.130497,45.924446,42.156784,43.414974,38.288467,42.183697,37.577957,41.795933,40.18315,45.811275,36.078,53.953587
squeezed_Hà Tĩnh,2016-05-01,42.156784,49.005882,38.288467,42.921352,37.577957,38.898254,40.18315,46.06297,36.078,41.434097,24.394094,57.67437
squeezed_Hà Tĩnh,2016-06-01,38.288467,37.051083,37.577957,38.835728,40.18315,40.229427,36.078,38.514877,24.394094,51.242737,20.525776,56.53912
squeezed_Hà Tĩnh,2016-07-01,37.577957,36.57189,40.18315,39.427032,36.078,40.47513,24.394094,39.307167,20.525776,39.393406,24.721394,29.10024
squeezed_Hà Tĩnh,2016-08-01,40.18315,36.36291,36.078,36.52105,24.394094,35.67133,20.525776,35.500263,24.721394,32.514885,24.878355,34.934086
squeezed_Hà Tĩnh,2016-09-01,36.078,38.32452,24.394094,35.15093,20.525776,37.200287,24.721394,31.458515,24.878355,31.865677,33.589703,43.990776
squeezed_Hà Tĩnh,2016-10-01,24.394094,36.313293,20.525776,35.554283,24.721394,31.94003,24.878355,31.923021,33.589703,41.41021,29.665672,42.41112
squeezed_Hà Tĩnh,2016-11-01,20.525776,28.19457,24.721394,22.409006,24.878355,23.163342,33.589703,33.0941,29.665672,38.37274,30.371998,41.278362
squeezed_Hà Tĩnh,2016-12-01,24.721394,21.794456,24.878355,19.739716,33.589703,23.018173,29.665672,36.201633,30.371998,33.476635,31.156805,37.872513
squeezed_Hà Tĩnh,2017-01-01,24.878355,25.49675,33.589703,23.89682,29.665672,24.57458,30.371998,47.43385,31.156805,39.216274,32.412495,40.544018
squeezed_Hà Tĩnh,2017-02-01,33.589703,30.773495,29.665672,32.46912,30.371998,46.204193,31.156805,43.279926,32.412495,45.5927,27.703657,41.298008
squeezed_Hà Tĩnh,2017-03-01,29.665672,38.457146,30.371998,37.19089,31.156805,38.80455,32.412495,43.488136,27.703657,40.93803,27.232773,39.961395
squeezed_Hà Tĩnh,2017-04-01,30.371998,35.634567,31.156805,35.82447,32.412495,38.563236,27.703657,35.61306,27.232773,36.92711,27.075811,36.788208
squeezed_Hà Tĩnh,2017-05-01,31.156805,36.336075,32.412495,34.9748,27.703657,34.82007,27.232773,34.80859,27.075811,38.505146,22.210014,36.53615
squeezed_Hà Tĩnh,2017-06-01,32.412495,32.25371,27.703657,33.82867,27.232773,38.77479,27.075811,37.314583,22.210014,36.887516,24.015068,33.74086
squeezed_Hà Tĩnh,2017-07-01,27.703657,34.459297,27.232773,34.317085,27.075811,33.89121,22.210014,33.37918,24.015068,31.724667,19.211246,28.469257
squeezed_Hà Tĩnh,2017-08-01,27.232773,31.611303,27.075811,29.394619,22.210014,28.728838,24.015068,28.924131,19.211246,24.10633,22.491215,30.12012
squeezed_Hà Tĩnh,2017-09-01,27.075811,29.33263,22.210014,26.393969,24.015068,27.885956,19.211246,22.350224,22.491215,26.173447,25.302616,30.790699
squeezed_Hà Tĩnh,2017-10-01,22.210014,30.805738,24.015068,24.214409,19.211246,13.965953,22.491215,28.757141,25.302616,36.394398,24.912144,40.03526
squeezed_Hà Tĩnh,2017-11-01,24.015068,22.041315,19.211246,22.0548,22.491215,20.883738,25.302616,31.06299,24.912144,34.937557,25.927372,41.256332
squeezed_Hà Tĩnh,2017-12-01,19.211246,21.828505,22.491215,23.170734,25.302616,29.33027,24.912144,38.066273,25.927372,46.575638,26.08356,42.438663
squeezed_Hòa Bình,2016-01-01,21.291952,23.693825,30.43426,27.473528,42.704197,28.210228,36.68952,30.275967,30.554554,34.0838,30.79514,36.372967
squeezed_Hòa Bình,2016-02-01,30.43426,24.822348,42.704197,32.307144,36.68952,37.403328,30.554554,43.68457,30.79514,40.79679,38.133045,41.64657
squeezed_Hòa Bình,2016-03-01,42.704197,35.77622,36.68952,38.46532,30.554554,36.803745,30.79514,57.10087,38.133045,36.99631,24.780464,37.92667
squeezed_Hòa Bình,2016-04-01,36.68952,40.82496,30.554554,39.70315,30.79514,42.621365,38.133045,33.445217,24.780464,35.5262,37.411285,38.97159
squeezed_Hòa Bình,2016-05-01,30.554554,40.20069,30.79514,37.611126,38.133045,32.729916,24.780464,30.285126,37.411285,34.21739,51.245037,34.654095
squeezed_Hòa Bình,2016-06-01,30.79514,31.60806,38.133045,31.038683,24.780464,30.63122,37.411285,33.162685,51.245037,31.621397,31.276314,29.89429
squeezed_Hòa Bình,2016-07-01,38.133045,31.047731,24.780464,32.13633,37.411285,33.48724,51.245037,31.429642,31.276314,29.29333,21.301775,29.060715
squeezed_Hòa Bình,2016-08-01,24.780464,32.305534,37.411285,34.25017,51.245037,33.555016,31.276314,29.331463,21.301775,26.506306,0.0,30.585451
squeezed_Hòa Bình,2016-09-01,37.411285,27.181135,51.245037,26.693754,31.276314,26.933895,21.301775,22.49358,0.0,23.376583,33.37278,32.148632
squeezed_Hòa Bình,2016-10-01,51.245037,30.727116,31.276314,32.420452,21.301775,32.18273,0.0,30.797125,33.37278,34.65234,36.804733,37.12851
squeezed_Hòa Bình,2016-11-01,31.276314,39.758907,21.301775,42.79431,0.0,40.36642,33.37278,39.873737,36.804733,38.82495,40.591717,46.33461
squeezed_Hòa Bình,2016-12-01,21.301775,37.729637,0.0,35.966656,33.37278,39.81133,36.804733,38.567448,40.591717,40.57389,40.0,41.924248
squeezed_Hòa Bình,2017-01-01,0.0,26.873556,33.37278,30.644363,36.804733,23.625465,40.591717,32.31959,40.0,34.397694,34.319527,44.35559
squeezed_Hòa Bình,2017-02-01,33.37278,6.069396,36.804733,2.502322,40.591717,18.86689,40.0,9.354816,34.319527,14.458733,35.621304,13.335761
squeezed_Hòa Bình,2017-03-01,36.804733,33.611454,40.591717,35.957478,40.0,37.540638,34.319527,36.165077,35.621304,30.485407,39.053253,28.917837
squeezed_Hòa Bình,2017-04-01,40.591717,39.17763,40.0,36.52183,34.319527,34.012993,35.621304,30.21382,39.053253,29.112144,46.745564,37.059692
squeezed_Hòa Bình,2017-05-01,40.0,35.64648,34.319527,37.484127,35.621304,32.774036,39.053253,28.380236,46.745564,32.536243,0.0,34.993275
squeezed_Hòa Bình,2017-06-01,34.319527,37.223392,35.621304,34.11612,39.053253,33.95011,46.745564,33.843185,0.0,32.879005,34.201183,32.038467
squeezed_Hòa Bình,2017-07-01,35.621304,36.292084,39.053253,33.751022,46.745564,30.794664,0.0,32.751408,34.201183,30.449585,29.39793,33.543537
squeezed_Hòa Bình,2017-08-01,39.053253,33.327164,46.745564,33.85555,0.0,32.631416,34.201183,29.529524,29.39793,30.421583,30.221073,36.95539
squeezed_Hòa Bình,2017-09-01,46.745564,32.330486,0.0,33.960663,34.201183,32.811554,29.39793,31.001139,30.221073,49.693043,29.868298,44.32777
squeezed_Hòa Bình,2017-10-01,0.0,39.597923,34.201183,40.90071,29.39793,35.219925,30.221073,53.70451,29.868298,42.412205,0.0,48.551556
squeezed_Hòa Bình,2017-11-01,34.201183,13.15427,29.39793,13.802461,30.221073,57.232708,29.868298,26.742615,0.0,30.87704,36.10066,28.77577
squeezed_Hòa Bình,2017-12-01,29.39793,30.649197,30.221073,55.783165,29.868298,47.606728,0.0,37.26596,36.10066,44.11348,0.0,53.523193
squeezed_Hưng Yên,2016-01-01,61.6134,58.190304,58.109726,61.976387,65.28799,61.639282,58.96428,65.45527,57.596992,67.30628,58.62246,70.4642
squeezed_Hưng Yên,2016-02-01,58.109726,61.48183,65.28799,67.1718,58.96428,72.249,57.596992,67.28338,58.62246,69.60808,38.113144,63.62258
squeezed_Hưng Yên,2016-03-01,65.28799,62.973774,58.96428,65.982765,57.596992,58.664986,58.62246,73.65921,38.113144,57.8299,52.46966,58.484676
squeezed_Hưng Yên,2016-04-01,58.96428,65.685295,57.596992,66.03955,58.62246,61.708183,38.113144,57.37075,52.46966,58.5211,53.49513,54.33387
squeezed_Hưng Yên,2016-05-01,57.596992,59.436043,58.62246,59.333855,38.113144,55.151043,52.46966,57.75145,53.49513,52.235783,54.947872,53.74945
squeezed_Hưng Yên,2016-06-01,58.62246,56.102554,38.113144,56.404205,52.46966,54.740555,53.49513,56.122047,54.947872,53.403187,81.09725,51.415752
squeezed_Hưng Yên,2016-07-01,38.113144,54.922962,52.46966,55.992016,53.49513,52.999973,54.947872,54.695206,81.09725,51.061855,69.9056,46.74469
squeezed_Hưng Yên,2016-08-01,52.46966,46.603962,53.49513,47.31764,54.947872,44.12883,81.09725,43.26183,69.9056,43.14408,50.53711,40.251812
squeezed_Hưng Yên,2016-09-01,53.49513,47.992237,54.947872,47.19475,81.09725,47.337177,69.9056,46.73021,50.53711,38.653515,57.942707,45.195705
squeezed_Hưng Yên,2016-10-01,54.947872,49.173794,81.09725,51.858486,69.9056,59.770233,50.53711,46.872795,57.942707,49.620117,70.55664,47.26845
squeezed_Hưng Yên,2016-11-01,81.09725,53.421772,69.9056,51.902912,50.53711,43.162457,57.942707,50.676395,70.55664,49.87152,69.66146,54.439163
squeezed_Hưng Yên,2016-12-01,69.9056,64.66308,50.53711,60.92549,57.942707,60.730324,70.55664,47.5646,69.66146,58.179512,74.30013,62.37934
squeezed_Hưng Yên,2017-01-01,50.53711,66.88888,57.942707,64.86072,70.55664,60.713673,69.66146,62.426094,74.30013,59.29173,66.24349,71.730125
squeezed_Hưng Yên,2017-02-01,57.942707,59.806244,70.55664,60.430866,69.66146,65.517975,74.30013,58.70173,66.24349,66.26365,64.77865,55.761795
squeezed_Hưng Yên,2017-03-01,70.55664,58.90962,69.66146,67.78271,74.30013,61.177307,66.24349,63.77025,64.77865,57.339886,61.6862,53.42549
squeezed_Hưng Yên,2017-04-01,69.66146,70.94739,74.30013,69.007,66.24349,66.6646,64.77865,61.810707,61.6862,58.437946,54.280598,57.109234
squeezed_Hưng Yên,2017-05-01,74.30013,71.21566,66.24349,84.13056,64.77865,64.16003,61.6862,64.3128,54.280598,59.89718,52.246094,61.89205
squeezed_Hưng Yên,2017-06-01,66.24349,77.83853,64.77865,67.13273,61.6862,70.20624,54.280598,64.931564,52.246094,65.521904,52.978516,64.270226
squeezed_Hưng Yên,2017-07-01,64.77865,62.946434,61.6862,62.6264,54.280598,57.20235,52.246094,63.410866,52.978516,60.324245,51.59369,59.476395
squeezed_Hưng Yên,2017-08-01,61.6862,57.734295,54.280598,55.913055,52.246094,62.782856,52.978516,53.90378,51.59369,55.98685,53.605923,60.890522
squeezed_Hưng Yên,2017-09-01,54.280598,55.078392,52.246094,59.51925,52.978516,58.52795,51.59369,55.679043,53.605923,63.458366,72.92337,62.531494
squeezed_Hưng Yên,2017-10-01,52.246094,56.24193,52.978516,53.65986,51.59369,56.520744,53.605923,60.182674,72.92337,63.064377,67.369606,63.694145
squeezed_Hưng Yên,2017-11-01,52.978516,53.860336,51.59369,56.13188,53.605923,57.711094,72.92337,63.382652,67.369606,58.94952,62.620735,60.53127
squeezed_Hưng Yên,2017-12-01,51.59369,50.49645,53.605923,56.498642,72.92337,61.667236,67.369606,59.642193,62.620735,63.720432,55.135223,62.22524
squeezed_Hải Dương,2016-01-01,39.5901,38.22283,36.678238,43.406906,32.198456,41.23645,32.982418,48.59386,35.83828,51.4293,32.53444,52.741753
squeezed_Hải Dương,2016-02-01,36.678238,43.29171,32.198456,43.48093,32.982418,51.01522,35.83828,56.47144,32.53444,61.792004,34.046368,53.00243
squeezed_Hải Dương,2016-03-01,32.198456,45.359554,32.982418,45.695854,35.83828,47.11888,32.53444,61.550568,34.046368,43.6508,27.886662,43.99259
squeezed_Hải Dương,2016-04-01,32.982418,38.90779,35.83828,40.987072,32.53444,36.712242,34.046368,37.389004,27.886662,39.218758,33.59839,37.185825
squeezed_Hải Dương,2016-05-01,35.83828,38.1333,32.53444,35.55923,34.046368,32.43177,27.886662,38.658894,33.59839,31.952755,32.08646,33.701797
squeezed_Hải Dương,2016-06-01,32.53444,34.159634,34.046368,33.04717,27.886662,36.682026,33.59839,32.707092,32.08646,33.761528,12.487401,35.892426
squeezed_Hải Dương,2016-07-01,34.046368,33.347477,27.886662,33.756477,33.59839,32.31058,32.08646,31.212824,12.487401,32.97164,21.722685,30.855906
squeezed_Hải Dương,2016-08-01,27.886662,33.53272,33.59839,35.176052,32.08646,31.609688,12.487401,32.361057,21.722685,30.015982,0.0,37.362587
squeezed_Hải Dương,2016-09-01,33.59839,30.610437,32.08646,29.152767,12.487401,26.674273,21.722685,28.806414,0.0,29.95432,0.0,32.21871
squeezed_Hải Dương,2016-10-01,32.08646,32.175785,12.487401,34.241726,21.722685,34.242134,0.0,32.772243,0.0,32.974216,20.966173,36.689575
squeezed_Hải Dương,2016-11-01,12.487401,31.942171,21.722685,31.613272,0.0,26.926771,0.0,34.759533,20.966173,34.59031,0.0,39.629116
squeezed_Hải Dương,2016-12-01,21.722685,24.755297,0.0,18.453848,0.0,25.374575,20.966173,21.646986,0.0,24.604689,0.0,37.5617
squeezed_Hải Dương,2017-01-01,0.0,20.588543,0.0,26.561508,20.966173,21.380106,0.0,26.480762,0.0,32.829998,24.154327,36.001495
squeezed_Hải Dương,2017-02-01,0.0,13.198112,20.966173,8.217509,0.0,24.131876,0.0,10.766302,24.154327,15.1424885,20.912136,12.945219
squeezed_Hải Dương,2017-03-01,20.966173,6.9929504,0.0,3.725407,0.0,14.669749,24.154327,8.761434,20.912136,8.260045,0.0,11.672079
squeezed_Hải Dương,2017-04-01,0.0,22.510057,0.0,28.22,24.154327,23.988043,20.912136,23.905567,0.0,24.377848,19.885443,28.45377
squeezed_Hải Dương,2017-05-01,0.0,10.419649,24.154327,-0.38128927,20.912136,7.662146,0.0,9.834984,19.885443,8.478213,17.237652,13.499208
squeezed_Hải Dương,2017-06-01,24.154327,4.6815996,20.912136,2.8508327,0.0,4.243082,19.885443,4.92924,17.237652,7.658567,19.669296,9.261197
squeezed_Hải Dương,2017-07-01,20.912136,21.304533,0.0,21.114666,19.885443,18.296736,17.237652,20.636654,19.669296,19.559057,15.497684,21.410372
squeezed_Hải Dương,2017-08-01,0.0,20.861216,19.885443,20.217264,17.237652,19.135832,19.669296,18.235876,15.497684,23.33409,15.71071,36.57639
squeezed_Hải Dương,2017-09-01,19.885443,5.2432947,17.237652,4.585887,19.669296,4.1271386,15.497684,13.360341,15.71071,41.011745,0.0,34.06054
squeezed_Hải Dương,2017-10-01,17.237652,16.723448,19.669296,17.700657,15.497684,17.932314,15.71071,53.61592,0.0,55.54138,18.10726,36.561634
squeezed_Hải Dương,2017-11-01,19.669296,15.356777,15.497684,19.89883,15.71071,65.382675,0.0,56.24468,18.10726,35.425705,20.237524,54.11586
squeezed_Hải Dương,2017-12-01,15.497684,24.220316,15.71071,56.11493,0.0,72.43271,18.10726,41.541855,20.237524,60.153572,0.0,69.89952
squeezed_Hải Phòng,2016-01-01,13.681341,23.185661,14.64055,33.079548,12.520194,21.444738,13.88328,28.34828,15.246366,37.573635,14.53958,39.59818
squeezed_Hải Phòng,2016-02-01,14.64055,18.568424,12.520194,21.509102,13.88328,30.147709,15.246366,32.317066,14.53958,40.493286,14.438611,28.95987
squeezed_Hải Phòng,2016-03-01,12.520194,18.980795,13.88328,25.031479,15.246366,29.073872,14.53958,40.275166,14.438611,26.480442,13.832795,23.157526
squeezed_Hải Phòng,2016-04-01,13.88328,19.131672,15.246366,17.857164,14.53958,19.413137,14.438611,19.772982,13.832795,19.274395,10.349354,20.376066
squeezed_Hải Phòng,2016-05-01,15.246366,18.162088,14.53958,16.206682,14.438611,16.744812,13.832795,18.089119,10.349354,16.384123,9.693053,18.468561
squeezed_Hải Phòng,2016-06-01,14.53958,16.494955,14.438611,16.317898,13.832795,16.159191,10.349354,15.359165,9.693053,15.8231945,10.803716,17.445333
squeezed_Hải Phòng,2016-07-01,14.438611,14.919266,13.832795,14.678564,10.349354,16.828012,9.693053,15.837404,10.803716,15.350914,0.0,16.555832
squeezed_Hải Phòng,2016-08-01,13.832795,12.506238,10.349354,15.5092945,9.693053,13.584026,10.803716,15.39423,0.0,13.477844,0.0,14.073821
squeezed_Hải Phòng,2016-09-01,10.349354,13.874341,9.693053,15.073555,10.803716,13.724731,0.0,14.547356,0.0,12.196295,0.0,15.377486
squeezed_Hải Phòng,2016-10-01,9.693053,13.349967,10.803716,16.237982,0.0,19.280136,0.0,15.7140255,0.0,15.631429,0.0,19.268911
squeezed_Hải Phòng,2016-11-01,10.803716,14.623079,0.0,16.27971,0.0,10.782633,0.0,19.807695,0.0,19.879017,0.0,21.352028
squeezed_Hải Phòng,2016-12-01,0.0,25.26657,0.0,10.635942,0.0,17.047098,0.0,7.0171833,0.0,14.35234,0.0,21.911276
squeezed_Hải Phòng,2017-01-01,0.0,1.4375484,0.0,0.93315774,0.0,3.0776296,0.0,-0.6440639,0.0,2.2186866,0.0,9.634773
squeezed_Hải Phòng,2017-02-01,0.0,4.1815953,0.0,4.939994,0.0,12.225476,0.0,2.3357685,0.0,11.951537,0.0,8.328882
squeezed_Hải Phòng,2017-03-01,0.0,3.709553,0.0,4.817601,0.0,11.500662,0.0,4.0601783,0.0,4.0268173,0.0,5.148975
squeezed_Hải Phòng,2017-04-01,0.0,3.955295,0.0,5.8950233,0.0,10.468668,0.0,4.2109227,0.0,6.835315,0.0,20.916695
squeezed_Hải Phòng,2017-05-01,0.0,5.7883463,0.0,0.045484975,0.0,1.1049949,0.0,0.9867231,0.0,1.5334209,0.0,18.475277
squeezed_Hải Phòng,2017-06-01,0.0,5.0836744,0.0,-0.94157857,0.0,1.1626759,0.0,-2.6506553,0.0,0.4907957,0.0,17.662634
squeezed_Hải Phòng,2017-07-01,0.0,3.8482366,0.0,-0.27932894,0.0,2.2951052,0.0,-1.3475397,0.0,6.3445134,0.0,44.80512
squeezed_Hải Phòng,2017-08-01,0.0,4.3419266,0.0,0.55232584,0.0,4.0420833,0.0,1.3130081,0.0,32.79596,0.0,56.50012
squeezed_Hải Phòng,2017-09-01,0.0,3.866752,0.0,-0.408221,0.0,3.44375,0.0,36.098507,0.0,44.52785,0.0,60.271526
squeezed_Hải Phòng,2017-10-01,0.0,4.649358,0.0,2.9483502,0.0,42.827644,0.0,64.709335,0.0,49.666286,0.0,65.3028
squeezed_Hải Phòng,2017-11-01,0.0,5.563193,0.0,46.294872,0.0,55.769142,0.0,63.166992,0.0,59.44913,0.0,66.91228
squeezed_Hải Phòng,2017-12-01,0.0,48.770557,0.0,51.568356,0.0,69.941734,0.0,71.67866,0.0,69.065094,0.0,66.22506
squeezed_Khánh Hòa,2016-01-01,42.428738,45.74803,54.869007,46.306164,52.64459,68.72166,52.726974,62.690784,49.34915,56.357235,56.18718,72.228516
squeezed_Khánh Hòa,2016-02-01,54.869007,55.530212,52.64459,77.24561,52.726974,73.083565,49.34915,61.686638,56.18718,59.54615,55.44571,97.60309
squeezed_Khánh Hòa,2016-03-01,52.64459,55.231873,52.726974,78.11892,49.34915,77.018845,56.18718,64.148674,55.44571,105.38351,40.781017,86.790924
squeezed_Khánh Hòa,2016-04-01,52.726974,58.35455,49.34915,57.552425,56.18718,62.43563,55.44571,92.33299,40.781017,82.006516,37.567966,101.99237
squeezed_Khánh Hòa,2016-05-01,49.34915,55.157063,56.18718,56.882603,55.44571,105.2716,40.781017,74.207726,37.567966,131.94308,36.99127,71.02953
squeezed_Khánh Hòa,2016-06-01,56.18718,54.431564,55.44571,87.00917,40.781017,62.615818,37.567966,69.23883,36.99127,68.57661,36.99127,67.61884
squeezed_Khánh Hòa,2016-07-01,55.44571,91.56367,40.781017,77.43296,37.567966,70.335915,36.99127,67.34861,36.99127,61.97398,29.926826,67.0614
squeezed_Khánh Hòa,2016-08-01,40.781017,98.07336,37.567966,55.80487,36.99127,63.987057,36.99127,71.98197,29.926826,54.830765,35.84642,60.537514
squeezed_Khánh Hòa,2016-09-01,37.567966,64.59206,36.99127,75.697464,36.99127,55.934948,29.926826,47.989586,35.84642,56.454464,0.0,59.281948
squeezed_Khánh Hòa,2016-10-01,36.99127,101.43664,36.99127,51.317276,29.926826,48.729713,35.84642,62.587788,0.0,67.69557,0.0,49.912003
squeezed_Khánh Hòa,2016-11-01,36.99127,57.474342,29.926826,47.01476,35.84642,48.49498,0.0,68.19424,0.0,52.066753,48.343338,52.67043
squeezed_Khánh Hòa,2016-12-01,29.926826,50.945732,35.84642,40.093773,0.0,53.12846,0.0,41.626827,48.343338,48.363342,0.0,47.599487
squeezed_Khánh Hòa,2017-01-01,35.84642,40.22315,0.0,36.739674,0.0,42.305058,48.343338,45.68821,0.0,47.286655,0.0,45.675095
squeezed_Khánh Hòa,2017-02-01,0.0,36.11328,0.0,46.710224,48.343338,44.84901,0.0,49.533646,0.0,45.93622,0.0,45.663647
squeezed_Khánh Hòa,2017-03-01,0.0,32.803284,48.343338,19.84786,0.0,40.575706,0.0,23.615374,0.0,25.524633,0.0,44.59618
squeezed_Khánh Hòa,2017-04-01,48.343338,19.49546,0.0,27.147417,0.0,37.160645,0.0,13.070602,0.0,22.84447,0.0,22.945782
squeezed_Khánh Hòa,2017-05-01,0.0,48.568443,0.0,38.9435,0.0,41.753117,0.0,59.38999,0.0,33.534893,0.0,39.241146
squeezed_Khánh Hòa,2017-06-01,0.0,21.532997,0.0,36.5908,0.0,42.899677,0.0,13.627203,0.0,34.854645,0.0,22.765894
squeezed_Khánh Hòa,2017-07-01,0.0,18.965279,0.0,25.710428,0.0,20.161633,0.0,10.297453,0.0,14.935834,32.58473,9.262288
squeezed_Khánh Hòa,2017-08-01,0.0,14.240061,0.0,27.517523,0.0,22.663916,0.0,8.645186,32.58473,14.697121,30.624744,10.369719
squeezed_Khánh Hòa,2017-09-01,0.0,13.093495,0.0,29.012028,0.0,18.500246,32.58473,7.0283155,30.624744,13.935884,42.13965,29.951988
squeezed_Khánh Hòa,2017-10-01,0.0,16.374659,0.0,13.694905,32.58473,13.983157,30.624744,16.852507,42.13965,49.684227,34.463047,46.510883
squeezed_Khánh Hòa,2017-11-01,0.0,14.87725,32.58473,14.273717,30.624744,10.016044,42.13965,46.290966,34.463047,56.63319,0.0,39.30736
squeezed_Khánh Hòa,2017-12-01,32.58473,28.9826,30.624744,16.266344,42.13965,51.171608,34.463047,60.6843,0.0,47.1005,39.853,81.066505
squeezed_Kiên Giang,2016-01-01,32.869926,30.633442,28.761187,31.038906,25.721844,29.575205,20.599989,32.920895,23.245342,32.635334,19.868296,28.62089
squeezed_Kiên Giang,2016-02-01,28.761187,35.310577,25.721844,36.84988,20.599989,35.86105,23.245342,39.947132,19.868296,38.231907,24.821299,31.045052
squeezed_Kiên Giang,2016-03-01,25.721844,34.013676,20.599989,33.83132,23.245342,42.2289,19.868296,35.636806,24.821299,30.837711,23.020206,28.788092
squeezed_Kiên Giang,2016-04-01,20.599989,31.258291,23.245342,33.368275,19.868296,37.875057,24.821299,29.850498,23.020206,28.408998,18.573761,21.194056
squeezed_Kiên Giang,2016-05-01,23.245342,23.753366,19.868296,25.817217,24.821299,19.450161,23.020206,31.830261,18.573761,21.701218,18.686329,18.575115
squeezed_Kiên Giang,2016-06-01,19.868296,20.653048,24.821299,21.141823,23.020206,18.620726,18.573761,17.399618,18.686329,18.633776,18.686329,19.898355
squeezed_Kiên Giang,2016-07-01,24.821299,18.522125,23.020206,19.961454,18.573761,15.72662,18.686329,14.625409,18.686329,19.137018,16.580069,21.548916
squeezed_Kiên Giang,2016-08-01,23.020206,22.543558,18.573761,20.369137,18.686329,18.366573,18.686329,19.667238,16.580069,22.565796,30.416254,22.6774
squeezed_Kiên Giang,2016-09-01,18.573761,21.676708,18.686329,19.510347,18.686329,22.61506,16.580069,19.653366,30.416254,21.16436,24.344679,30.19891
squeezed_Kiên Giang,2016-10-01,18.686329,16.501192,18.686329,16.234255,16.580069,19.866426,30.416254,20.757942,24.344679,26.680096,23.060307,23.689095
squeezed_Kiên Giang,2016-11-01,18.686329,16.052572,16.580069,18.03219,30.416254,17.836166,24.344679,24.140757,23.060307,23.109865,23.118687,23.797878
squeezed_Kiên Giang,2016-12-01,16.580069,25.094395,30.416254,18.134525,24.344679,19.649305,23.060307,25.009422,23.118687,25.89647,25.51229,25.297161
squeezed_Kiên Giang,2017-01-01,30.416254,18.960001,24.344679,19.737719,23.060307,20.142492,23.118687,24.777046,25.51229,27.90701,20.958609,24.503376
squeezed_Kiên Giang,2017-02-01,24.344679,29.371372,23.060307,29.107058,23.118687,33.49274,25.51229,33.624443,20.958609,33.04064,19.499096,28.655619
squeezed_Kiên Giang,2017-03-01,23.060307,26.748425,23.118687,24.01641,25.51229,26.747412,20.958609,30.566742,19.499096,26.89919,20.725086,23.41283
squeezed_Kiên Giang,2017-04-01,23.118687,23.314402,25.51229,26.47067,20.958609,24.435905,19.499096,20.538914,20.725086,21.681833,19.323954,20.243582
squeezed_Kiên Giang,2017-05-01,25.51229,24.656303,20.958609,23.939291,19.499096,19.592527,20.725086,18.134893,19.323954,20.179539,15.237317,19.10017
squeezed_Kiên Giang,2017-06-01,20.958609,26.632124,19.499096,23.404835,20.725086,19.539238,19.323954,18.625654,15.237317,21.037813,17.397396,18.55218
squeezed_Kiên Giang,2017-07-01,19.499096,19.012379,20.725086,21.248459,19.323954,17.682182,15.237317,14.384399,17.397396,16.644768,15.540422,18.587397
squeezed_Kiên Giang,2017-08-01,20.725086,18.40682,19.323954,15.933481,15.237317,15.802736,17.397396,12.44976,15.540422,17.083948,22.524881,20.991877
squeezed_Kiên Giang,2017-09-01,19.323954,17.563297,15.237317,18.487492,17.397396,16.370802,15.540422,15.453511,22.524881,19.635948,23.39794,25.182188
squeezed_Kiên Giang,2017-10-01,15.237317,17.029234,17.397396,14.594816,15.540422,16.233261,22.524881,21.204885,23.39794,24.452469,18.39241,24.376768
squeezed_Kiên Giang,2017-11-01,17.397396,16.486197,15.540422,15.389333,22.524881,15.645109,23.39794,19.256382,18.39241,20.130053,19.789303,20.791164
squeezed_Kiên Giang,2017-12-01,15.540422,21.64722,22.524881,14.628827,23.39794,16.919704,18.39241,19.635944,19.789303,23.964964,15.365811,23.018347
squeezed_Kon Tum,2016-01-01,249.90154,229.02747,353.68256,266.1747,276.09296,270.80588,354.6672,262.13745,374.55692,274.5439,293.81647,310.80756
squeezed_Kon Tum,2016-02-01,353.68256,252.51074,276.09296,258.6692,354.6672,262.25327,374.55692,259.4778,293.81647,284.49243,246.35683,247.88158
squeezed_Kon Tum,2016-03-01,276.09296,276.10434,354.6672,275.60962,374.55692,304.14343,293.81647,279.7132,246.35683,254.10101,275.6991,233.40262
squeezed_Kon Tum,2016-04-01,354.6672,283.06967,374.55692,329.16626,293.81647,307.6207,246.35683,276.0581,275.6991,227.10335,226.46712,223.89372
squeezed_Kon Tum,2016-05-01,374.55692,299.16293,293.81647,310.6583,246.35683,286.51508,275.6991,254.47353,226.46712,239.71375,202.83577,229.1686
squeezed_Kon Tum,2016-06-01,293.81647,348.15942,246.35683,320.09866,275.6991,276.77457,226.46712,250.17906,202.83577,243.25969,71.28791,244.66301
squeezed_Kon Tum,2016-07-01,246.35683,291.94507,275.6991,271.92395,226.46712,237.41542,202.83577,258.62424,71.28791,255.35873,206.11421,222.95964
squeezed_Kon Tum,2016-08-01,275.6991,239.38596,226.46712,258.3172,202.83577,228.81589,71.28791,237.507,206.11421,229.8959,188.80984,233.79822
squeezed_Kon Tum,2016-09-01,226.46712,266.53964,202.83577,243.40791,71.28791,211.08992,206.11421,230.60104,188.80984,245.26909,191.50163,227.44379
squeezed_Kon Tum,2016-10-01,202.83577,227.65417,71.28791,226.52513,206.11421,199.16676,188.80984,250.01773,191.50163,265.3986,243.03018,245.43501
squeezed_Kon Tum,2016-11-01,71.28791,218.87457,206.11421,215.0262,188.80984,230.45409,191.50163,269.44757,243.03018,260.57242,237.83888,280.2103
squeezed_Kon Tum,2016-12-01,206.11421,152.8405,188.80984,182.93063,191.50163,172.48784,243.03018,193.65607,237.83888,230.61235,284.75293,181.65176
squeezed_Kon Tum,2017-01-01,188.80984,223.15437,191.50163,215.31946,243.03018,255.47221,237.83888,244.62102,284.75293,238.2753,264.37222,274.40408
squeezed_Kon Tum,2017-02-01,191.50163,216.91019,243.03018,252.45845,237.83888,232.43648,284.75293,249.74675,264.37222,254.87321,241.6843,260.8884
squeezed_Kon Tum,2017-03-01,243.03018,221.39156,237.83888,259.0544,284.75293,217.33308,264.37222,222.58592,241.6843,214.5836,257.06595,202.63689
squeezed_Kon Tum,2017-04-01,237.83888,256.8505,284.75293,296.3556,264.37222,256.62216,241.6843,216.78896,257.06595,205.63074,269.17902,182.05768
squeezed_Kon Tum,2017-05-01,284.75293,262.29108,264.37222,263.90875,241.6843,219.51938,257.06595,190.38574,269.17902,193.65102,236.68526,171.93907
squeezed_Kon Tum,2017-06-01,264.37222,271.72778,241.6843,269.29108,257.06595,197.11632,269.17902,179.21205,236.68526,185.56596,259.75775,172.69933
squeezed_Kon Tum,2017-07-01,241.6843,206.38007,257.06595,218.0872,269.17902,186.79137,236.68526,193.74312,259.75775,184.30917,0.0,182.40623
squeezed_Kon Tum,2017-08-01,257.06595,214.44333,269.17902,201.76953,236.68526,187.80458,259.75775,173.76978,0.0,170.4432,0.0,186.31815
squeezed_Kon Tum,2017-09-01,269.17902,211.81813,236.68526,220.80446,259.75775,187.45154,0.0,189.03296,0.0,200.41978,0.0,308.50424
squeezed_Kon Tum,2017-10-01,236.68526,236.7001,259.75775,216.48802,0.0,191.90515,0.0,201.51575,0.0,309.95074,0.0,360.77206
squeezed_Kon Tum,2017-11-01,259.75775,216.46837,0.0,209.64124,0.0,214.12723,0.0,268.07672,0.0,371.94714,0.0,238.68192
squeezed_Kon Tum,2017-12-01,0.0,215.37659,0.0,235.56903,0.0,343.48923,0.0,345.65005,0.0,246.52994,0.0,262.4139
squeezed_Lai Châu,2016-01-01,75.68807,82.94145,89.44954,94.70472,94.26605,95.73494,90.13761,96.76768,109.633026,96.55972,79.81651,90.376625
squeezed_Lai Châu,2016-02-01,89.44954,99.63502,94.26605,91.17977,90.13761,101.167076,109.633026,108.31967,79.81651,103.52983,67.201836,95.22579
squeezed_Lai Châu,2016-03-01,94.26605,87.94306,90.13761,101.274605,109.633026,98.79547,79.81651,112.03815,67.201836,95.2377,65.59633,94.20621
squeezed_Lai Châu,2016-04-01,90.13761,99.45279,109.633026,100.3184,79.81651,99.63639,67.201836,97.91815,65.59633,81.40007,51.37615,74.31048
squeezed_Lai Châu,2016-05-01,109.633026,93.88068,79.81651,92.58492,67.201836,86.61058,65.59633,82.645096,51.37615,74.76575,51.14679,72.51919
squeezed_Lai Châu,2016-06-01,79.81651,99.372505,67.201836,91.00527,65.59633,88.38499,51.37615,80.53677,51.14679,77.07871,45.87156,80.15008
squeezed_Lai Châu,2016-07-01,67.201836,89.23717,65.59633,78.485695,51.37615,76.86922,51.14679,73.70792,45.87156,78.16859,51.51856,72.6762
squeezed_Lai Châu,2016-08-01,65.59633,74.4747,51.37615,73.4537,51.14679,72.56417,45.87156,65.01946,51.51856,67.68253,0.0,69.09991
squeezed_Lai Châu,2016-09-01,51.37615,64.9538,51.14679,66.32257,45.87156,73.37635,51.51856,58.532948,0.0,53.691647,78.51518,72.27388
squeezed_Lai Châu,2016-10-01,51.14679,57.478962,45.87156,63.0425,51.51856,64.473206,0.0,54.9441,78.51518,66.737686,67.49156,69.26719
squeezed_Lai Châu,2016-11-01,45.87156,62.324654,51.51856,64.122314,0.0,60.291298,78.51518,63.04928,67.49156,72.05523,68.16648,67.00992
squeezed_Lai Châu,2016-12-01,51.51856,53.570324,0.0,47.708046,78.51518,64.34492,67.49156,65.510155,68.16648,59.573727,69.291336,65.50953
squeezed_Lai Châu,2017-01-01,0.0,46.094494,78.51518,53.994316,67.49156,64.76964,68.16648,73.88938,69.291336,64.62943,63.44207,55.221874
squeezed_Lai Châu,2017-02-01,78.51518,26.625492,67.49156,20.760681,68.16648,29.718058,69.291336,36.824486,63.44207,29.744255,0.0,16.517914
squeezed_Lai Châu,2017-03-01,67.49156,74.24057,68.16648,70.27625,69.291336,71.83013,63.44207,68.45979,0.0,60.185028,67.49156,52.405727
squeezed_Lai Châu,2017-04-01,68.16648,71.96744,69.291336,73.70538,63.44207,72.06987,0.0,63.789234,67.49156,48.543213,61.192352,53.577923
squeezed_Lai Châu,2017-05-01,69.291336,72.1574,63.44207,68.33914,0.0,67.44807,67.49156,57.37322,61.192352,56.220856,66.81665,49.920353
squeezed_Lai Châu,2017-06-01,63.44207,68.92322,0.0,61.501007,67.49156,59.18863,61.192352,51.475487,66.81665,56.748894,68.39145,44.357563
squeezed_Lai Châu,2017-07-01,0.0,62.387413,67.49156,53.603,61.192352,56.44959,66.81665,55.848675,68.39145,51.7093,98.36789,23.597427
squeezed_Lai Châu,2017-08-01,67.49156,22.34547,61.192352,13.924159,66.81665,21.250021,68.39145,10.95617,98.36789,9.805832,105.86678,39.49728
squeezed_Lai Châu,2017-09-01,61.192352,52.672455,66.81665,49.2785,68.39145,42.97874,98.36789,43.794296,105.86678,53.965122,91.530655,34.077168
squeezed_Lai Châu,2017-10-01,66.81665,51.80525,68.39145,51.873917,98.36789,53.153152,105.86678,67.54082,91.530655,50.795963,88.88399,51.370773
squeezed_Lai Châu,2017-11-01,68.39145,56.867435,98.36789,58.036034,105.86678,69.271034,91.530655,65.3258,88.88399,78.01118,132.33348,50.927803
squeezed_Lai Châu,2017-12-01,98.36789,58.01114,105.86678,90.530815,91.530655,76.54862,88.88399,77.628555,132.33348,79.25284,114.2479,78.38224
squeezed_Long An,2016-01-01,29.719576,34.800964,35.8245,36.81301,36.897892,37.00577,34.21441,41.41784,30.32336,42.718987,30.927143,39.09842
squeezed_Long An,2016-02-01,35.8245,37.7555,36.897892,34.871834,34.21441,45.45514,30.32336,54.025158,30.927143,46.535645,31.396753,41.130157
squeezed_Long An,2016-03-01,36.897892,37.07013,34.21441,53.47496,30.32336,44.631863,30.927143,44.510597,31.396753,43.555435,32.87267,43.392258
squeezed_Long An,2016-04-01,34.21441,40.32965,30.32336,41.04366,30.927143,41.19635,31.396753,38.690205,32.87267,42.454082,28.24366,42.75151
squeezed_Long An,2016-05-01,30.32336,38.275127,30.927143,36.39822,31.396753,34.00214,32.87267,36.0155,28.24366,38.98261,25.627264,38.043777
squeezed_Long An,2016-06-01,30.927143,32.457767,31.396753,36.072746,32.87267,36.57312,28.24366,33.523926,25.627264,34.061863,3.6227024,35.380337
squeezed_Long An,2016-07-01,31.396753,31.890701,32.87267,34.48592,28.24366,33.16955,25.627264,29.607021,3.6227024,33.110588,23.280996,35.15278
squeezed_Long An,2016-08-01,32.87267,32.196144,28.24366,28.254734,25.627264,30.742275,3.6227024,28.636765,23.280996,34.49616,21.476269,33.501404
squeezed_Long An,2016-09-01,28.24366,32.2181,25.627264,28.027447,3.6227024,34.807644,23.280996,27.117027,21.476269,33.94403,25.145882,36.79154
squeezed_Long An,2016-10-01,25.627264,29.633545,3.6227024,29.033714,23.280996,29.78331,21.476269,33.703266,25.145882,39.53519,23.220839,38.37533
squeezed_Long An,2016-11-01,3.6227024,30.361471,23.280996,29.258177,21.476269,25.90077,25.145882,35.272114,23.220839,37.565327,24.123203,36.560696
squeezed_Long An,2016-12-01,23.280996,32.88513,21.476269,17.74028,25.145882,24.673248,23.220839,27.137106,24.123203,27.842848,22.739578,37.406147
squeezed_Long An,2017-01-01,21.476269,23.778519,25.145882,30.903687,23.220839,40.07834,24.123203,38.321,22.739578,38.324524,20.032486,38.782295
squeezed_Long An,2017-02-01,25.145882,24.728762,23.220839,29.017786,24.123203,34.34792,22.739578,36.715992,20.032486,36.159725,21.17548,42.4698
squeezed_Long An,2017-03-01,23.220839,28.408104,24.123203,29.246683,22.739578,35.252865,20.032486,37.73142,21.17548,35.447334,20.573904,33.941704
squeezed_Long An,2017-04-01,24.123203,27.428944,22.739578,31.21449,20.032486,29.943972,21.17548,38.286446,20.573904,26.969145,22.198158,27.808786
squeezed_Long An,2017-05-01,22.739578,28.641403,20.032486,26.518877,21.17548,24.734713,20.573904,26.377409,22.198158,26.847803,14.678457,30.018803
squeezed_Long An,2017-06-01,20.032486,23.27575,21.17548,24.329983,20.573904,24.129452,22.198158,23.831089,14.678457,27.903166,19.250437,39.68467
squeezed_Long An,2017-07-01,21.17548,20.97084,20.573904,20.069637,22.198158,34.799965,14.678457,24.64077,19.250437,51.940968,21.680862,33.22098
squeezed_Long An,2017-08-01,20.573904,20.88779,22.198158,20.732498,14.678457,21.055605,19.250437,45.238777,21.680862,30.112717,22.276491,26.947823
squeezed_Long An,2017-09-01,22.198158,20.160992,14.678457,22.565554,19.250437,57.522923,21.680862,22.820549,22.276491,25.350471,26.50545,27.444973
squeezed_Long An,2017-10-01,14.678457,21.37273,19.250437,49.033466,21.680862,28.12789,22.276491,27.182268,26.50545,30.69694,23.586872,32.788063
squeezed_Long An,2017-11-01,19.250437,34.987747,21.680862,28.297611,22.276491,20.771221,26.50545,25.098442,23.586872,29.529789,24.659002,30.861908
squeezed_Long An,2017-12-01,21.680862,25.43738,22.276491,21.985199,26.50545,19.394936,23.586872,29.370768,24.659002,34.57869,22.752993,34.807217
squeezed_Lào Cai,2016-01-01,88.84992,104.993935,90.74967,112.007706,93.23396,124.61747,98.202545,88.69659,113.40056,170.21442,94.69531,140.37036
squeezed_Lào Cai,2016-02-01,90.74967,105.87851,93.23396,105.542915,98.202545,117.65316,113.40056,141.47305,94.69531,144.64714,60.20751,107.49046
squeezed_Lào Cai,2016-03-01,93.23396,154.35094,98.202545,118.9174,113.40056,116.03501,94.69531,154.51273,60.20751,139.02287,96.01052,103.22526
squeezed_Lào Cai,2016-04-01,98.202545,178.08875,113.40056,156.67027,94.69531,107.589485,60.20751,138.09108,96.01052,104.286446,90.019,100.6367
squeezed_Lào Cai,2016-05-01,113.40056,238.40282,94.69531,152.28787,60.20751,105.7905,96.01052,92.38159,90.019,87.29986,78.91276,86.66393
squeezed_Lào Cai,2016-06-01,94.69531,176.37572,60.20751,126.02405,96.01052,89.37237,90.019,86.50624,78.91276,81.631485,72.921234,81.481735
squeezed_Lào Cai,2016-07-01,60.20751,158.2882,96.01052,88.84951,90.019,84.13625,78.91276,78.57114,72.921234,74.790596,61.812023,72.55841
squeezed_Lào Cai,2016-08-01,96.01052,81.03171,90.019,74.717445,78.91276,70.25024,72.921234,70.493645,61.812023,57.571804,0.0,51.901524
squeezed_Lào Cai,2016-09-01,90.019,86.63532,78.91276,83.411415,72.921234,77.8541,61.812023,57.019203,0.0,55.14634,0.0,83.007645
squeezed_Lào Cai,2016-10-01,78.91276,84.9983,72.921234,85.205025,61.812023,72.42786,0.0,63.63224,0.0,75.368675,0.0,83.69302
squeezed_Lào Cai,2016-11-01,72.921234,80.99606,61.812023,76.956795,0.0,74.170715,0.0,73.98157,0.0,54.048347,69.29156,74.800545
squeezed_Lào Cai,2016-12-01,61.812023,65.09785,0.0,69.97514,0.0,59.354424,0.0,64.30283,69.29156,80.76722,60.11854,97.4259
squeezed_Lào Cai,2017-01-01,0.0,60.34396,0.0,73.02789,0.0,80.05976,69.29156,62.413372,60.11854,82.12946,50.945526,82.616875
squeezed_Lào Cai,2017-02-01,0.0,25.302425,0.0,32.329063,69.29156,21.228537,60.11854,40.706673,50.945526,45.19896,56.025967,39.196674
squeezed_Lào Cai,2017-03-01,0.0,5.9374514,69.29156,12.095406,60.11854,23.006815,50.945526,20.674421,56.025967,31.189787,71.54954,38.50467
squeezed_Lào Cai,2017-04-01,69.29156,4.037322,60.11854,34.21381,50.945526,17.126925,56.025967,8.113337,71.54954,9.142941,77.617836,6.567298
squeezed_Lào Cai,2017-05-01,60.11854,79.94596,50.945526,64.19663,56.025967,58.810055,71.54954,50.398148,77.617836,52.193935,60.683037,39.23262
squeezed_Lào Cai,2017-06-01,50.945526,122.278786,56.025967,85.10311,71.54954,59.545944,77.617836,43.520817,60.683037,42.68265,0.0,51.221653
squeezed_Lào Cai,2017-07-01,56.025967,75.190704,71.54954,49.941765,77.617836,49.665638,60.683037,47.71237,0.0,42.841522,72.83574,40.90908
squeezed_Lào Cai,2017-08-01,71.54954,56.891857,77.617836,54.738194,60.683037,58.34232,0.0,50.493687,72.83574,38.5364,58.82353,51.643185
squeezed_Lào Cai,2017-09-01,77.617836,66.36724,60.683037,60.094555,0.0,66.21534,72.83574,48.327938,58.82353,70.21953,55.216427,76.054985
squeezed_Lào Cai,2017-10-01,60.683037,72.5868,0.0,65.533,72.83574,57.16455,58.82353,67.12472,55.216427,85.20876,57.852386,125.06107
squeezed_Lào Cai,2017-11-01,0.0,65.80413,72.83574,63.705204,58.82353,72.30337,55.216427,114.9253,57.852386,104.592316,84.76692,106.81191
squeezed_Lào Cai,2017-12-01,72.83574,42.48554,58.82353,66.79862,55.216427,94.76402,57.852386,103.65388,84.76692,60.294994,57.574917,89.83779
squeezed_Lâm Đồng,2016-01-01,41.608444,40.87682,62.645554,39.01568,44.40304,39.905968,66.91508,43.352654,59.30756,48.165108,66.29405,42.631527
squeezed_Lâm Đồng,2016-02-01,62.645554,45.076275,44.40304,42.18042,66.91508,49.51602,59.30756,56.798107,66.29405,48.000732,44.48067,44.632416
squeezed_Lâm Đồng,2016-03-01,44.40304,53.582153,66.91508,55.337452,59.30756,57.743618,66.29405,59.7268,44.48067,54.60193,62.33504,43.927082
squeezed_Lâm Đồng,2016-04-01,66.91508,51.583996,59.30756,45.521202,66.29405,48.591454,44.48067,43.71761,62.33504,39.76092,60.00621,37.893494
squeezed_Lâm Đồng,2016-05-01,59.30756,57.512295,66.29405,53.70595,44.48067,49.675022,62.33504,44.034393,60.00621,44.535313,46.654247,39.701313
squeezed_Lâm Đồng,2016-06-01,66.29405,53.012547,44.48067,47.98699,62.33504,47.975445,60.00621,46.996265,46.654247,45.544903,46.654247,46.330936
squeezed_Lâm Đồng,2016-07-01,44.48067,54.774387,62.33504,50.613663,60.00621,47.762074,46.654247,45.762012,46.654247,47.92435,34.73035,45.06873
squeezed_Lâm Đồng,2016-08-01,62.33504,46.031612,60.00621,44.184532,46.654247,46.236473,46.654247,45.151108,34.73035,43.108093,56.03684,43.496735
squeezed_Lâm Đồng,2016-09-01,60.00621,54.465603,46.654247,51.76897,46.654247,51.916473,34.73035,45.840492,56.03684,48.558167,77.8116,48.014267
squeezed_Lâm Đồng,2016-10-01,46.654247,56.842472,46.654247,51.35463,34.73035,52.00174,56.03684,51.45583,77.8116,53.208755,66.651054,55.23904
squeezed_Lâm Đồng,2016-11-01,46.654247,51.174904,34.73035,49.311905,56.03684,47.72598,77.8116,49.515495,66.651054,51.36027,100.83509,48.09681
squeezed_Lâm Đồng,2016-12-01,34.73035,46.802418,56.03684,47.14205,77.8116,46.206062,66.651054,47.769627,100.83509,49.964336,132.52165,51.374603
squeezed_Lâm Đồng,2017-01-01,56.03684,52.623165,77.8116,42.798203,66.651054,42.48331,100.83509,45.796665,132.52165,51.19537,85.225945,48.260242
squeezed_Lâm Đồng,2017-02-01,77.8116,48.067787,66.651054,47.709576,100.83509,50.797283,132.52165,50.901066,85.225945,55.174263,64.465775,49.689964
squeezed_Lâm Đồng,2017-03-01,66.651054,70.099884,100.83509,68.16043,132.52165,65.228676,85.225945,62.564133,64.465775,63.095947,63.217045,54.388206
squeezed_Lâm Đồng,2017-04-01,100.83509,67.87626,132.52165,63.924805,85.225945,56.929058,64.465775,51.41745,63.217045,51.159893,55.256382,51.180782
squeezed_Lâm Đồng,2017-05-01,132.52165,78.17001,85.225945,78.13683,64.465775,70.66034,63.217045,68.994835,55.256382,65.03581,47.139626,56.91859
squeezed_Lâm Đồng,2017-06-01,85.225945,98.61199,64.465775,83.25926,63.217045,82.464935,55.256382,77.49175,47.139626,79.612946,46.359165,75.85436
squeezed_Lâm Đồng,2017-07-01,64.465775,81.769264,63.217045,77.36189,55.256382,67.87874,47.139626,71.084526,46.359165,68.308556,22.843426,63.87783
squeezed_Lâm Đồng,2017-08-01,63.217045,71.36495,55.256382,63.42678,47.139626,62.901245,46.359165,64.13882,22.843426,65.06746,45.22224,64.127205
squeezed_Lâm Đồng,2017-09-01,55.256382,58.11877,47.139626,58.285133,46.359165,64.607895,22.843426,53.68593,45.22224,64.62603,74.33793,69.731766
squeezed_Lâm Đồng,2017-10-01,47.139626,56.520454,46.359165,52.259068,22.843426,54.196568,45.22224,59.182716,74.33793,61.851334,68.375404,61.22079
squeezed_Lâm Đồng,2017-11-01,46.359165,56.743546,22.843426,54.158638,45.22224,53.508224,74.33793,55.67996,68.375404,58.318714,78.67431,59.574875
squeezed_Lâm Đồng,2017-12-01,22.843426,45.111042,45.22224,50.182285,74.33793,55.076363,68.375404,55.198586,78.67431,60.325077,88.895775,59.719448
squeezed_Lạng Sơn,2016-01-01,40.718094,49.577927,52.426174,55.992603,49.04384,56.997433,58.280212,59.00301,30.831274,57.084084,26.668402,58.470024
squeezed_Lạng Sơn,2016-02-01,52.426174,48.578827,49.04384,55.25066,58.280212,56.08481,30.831274,59.708363,26.668402,69.51425,55.808506,68.246376
squeezed_Lạng Sơn,2016-03-01,49.04384,51.16762,58.280212,58.890007,30.831274,61.52565,26.668402,70.47977,55.808506,56.186424,45.401325,58.78204
squeezed_Lạng Sơn,2016-04-01,58.280212,53.443188,30.831274,53.533577,26.668402,54.68018,55.808506,48.392853,45.401325,50.99079,40.197735,46.738277
squeezed_Lạng Sơn,2016-05-01,30.831274,56.84939,26.668402,57.139503,55.808506,50.514683,45.401325,53.84374,40.197735,48.822815,40.067646,46.542694
squeezed_Lạng Sơn,2016-06-01,26.668402,45.592083,55.808506,38.49202,45.401325,40.833145,40.197735,42.25076,40.067646,40.76974,7.545206,38.363136
squeezed_Lạng Sơn,2016-07-01,55.808506,29.958195,45.401325,40.629227,40.197735,28.189014,40.067646,34.886982,7.545206,33.279274,30.050735,31.129688
squeezed_Lạng Sơn,2016-08-01,45.401325,48.154327,40.197735,44.464367,40.067646,43.185547,7.545206,42.116688,30.050735,45.42508,34.213608,40.86736
squeezed_Lạng Sơn,2016-09-01,40.197735,44.233334,40.067646,43.272507,7.545206,44.91106,30.050735,37.8448,34.213608,33.254368,34.864056,39.77875
squeezed_Lạng Sơn,2016-10-01,40.067646,36.818512,7.545206,40.352177,30.050735,37.003536,34.213608,36.30347,34.864056,39.663002,37.59594,34.687218
squeezed_Lạng Sơn,2016-11-01,7.545206,57.779057,30.050735,37.831604,34.213608,40.039238,34.864056,41.930992,37.59594,42.01588,50.604916,61.01291
squeezed_Lạng Sơn,2016-12-01,30.050735,30.257826,34.213608,7.358804,34.864056,22.928183,37.59594,12.752758,50.604916,30.950392,42.409264,40.642838
squeezed_Lạng Sơn,2017-01-01,34.213608,28.782103,34.864056,27.106815,37.59594,30.461073,50.604916,40.807873,42.409264,43.37143,34.994144,42.343998
squeezed_Lạng Sơn,2017-02-01,34.864056,35.95466,37.59594,39.606876,50.604916,45.03565,42.409264,45.162067,34.994144,48.595455,33.30298,40.49919
squeezed_Lạng Sơn,2017-03-01,37.59594,40.72629,50.604916,39.531067,42.409264,40.320454,34.994144,41.43067,33.30298,38.006027,26.79849,39.836277
squeezed_Lạng Sơn,2017-04-01,50.604916,40.652077,42.409264,40.288746,34.994144,39.260838,33.30298,34.282417,26.79849,33.74467,27.57903,38.02366
squeezed_Lạng Sơn,2017-05-01,42.409264,44.64896,34.994144,44.353992,33.30298,41.99055,26.79849,40.569183,27.57903,36.88791,23.936516,40.554497
squeezed_Lạng Sơn,2017-06-01,34.994144,41.689857,33.30298,41.337616,26.79849,38.763172,27.57903,34.87245,23.936516,38.236675,29.920645,40.820118
squeezed_Lạng Sơn,2017-07-01,33.30298,37.39505,26.79849,36.18847,27.57903,32.882248,23.936516,37.772366,29.920645,53.13941,20.621214,39.063446
squeezed_Lạng Sơn,2017-08-01,26.79849,34.83612,27.57903,31.678518,23.936516,31.532017,29.920645,55.575672,20.621214,35.57976,22.941101,37.92303
squeezed_Lạng Sơn,2017-09-01,27.57903,27.567427,23.936516,29.470758,29.920645,60.881336,20.621214,29.176195,22.941101,36.148586,31.447351,37.081463
squeezed_Lạng Sơn,2017-10-01,23.936516,29.545149,29.920645,51.493767,20.621214,28.323788,22.941101,38.909393,31.447351,37.962254,25.776518,38.287544
squeezed_Lạng Sơn,2017-11-01,29.920645,48.592567,20.621214,26.928638,22.941101,34.212173,31.447351,38.648357,25.776518,39.1185,33.122826,42.214905
squeezed_Lạng Sơn,2017-12-01,20.621214,28.888144,22.941101,35.575172,31.447351,42.671993,25.776518,43.675014,33.122826,49.953293,25.003222,48.599895
squeezed_Nam Định,2016-01-01,24.398144,22.614023,23.91234,25.559612,28.176617,20.538889,21.699234,31.750568,25.801577,28.251305,27.097054,32.468513
squeezed_Nam Định,2016-02-01,23.91234,28.01186,28.176617,28.84962,21.699234,44.361908,25.801577,38.739002,27.097054,44.49877,25.96351,30.913097
squeezed_Nam Định,2016-03-01,28.176617,27.975235,21.699234,32.476982,25.801577,32.00417,27.097054,47.621655,25.96351,27.589052,22.72482,27.289858
squeezed_Nam Định,2016-04-01,21.699234,35.223457,25.801577,31.458628,27.097054,29.562668,25.96351,24.81317,22.72482,27.395061,24.560078,25.458843
squeezed_Nam Định,2016-05-01,25.801577,22.713121,27.097054,24.17674,25.96351,20.14742,22.72482,20.422678,24.560078,19.393494,25.477707,21.946419
squeezed_Nam Định,2016-06-01,27.097054,27.959188,25.96351,26.180498,22.72482,21.901197,24.560078,22.11588,25.477707,23.403889,25.69362,23.00357
squeezed_Nam Định,2016-07-01,25.96351,29.835064,22.72482,25.63648,24.560078,24.885618,25.477707,22.425919,25.69362,21.818472,21.80964,14.136078
squeezed_Nam Định,2016-08-01,22.72482,27.22341,24.560078,25.26214,25.477707,22.129951,25.69362,20.314894,21.80964,16.719934,25.612349,18.859518
squeezed_Nam Định,2016-09-01,24.560078,22.035763,25.477707,23.151543,25.69362,21.264965,21.80964,17.041182,25.612349,14.322877,26.227491,19.297728
squeezed_Nam Định,2016-10-01,25.477707,24.47117,25.69362,21.146137,21.80964,19.171978,25.612349,21.330372,26.227491,22.780596,18.957611,22.156654
squeezed_Nam Định,2016-11-01,25.69362,25.243984,21.80964,21.902788,25.612349,23.778004,26.227491,26.700808,18.957611,28.344015,21.418186,26.052141
squeezed_Nam Định,2016-12-01,21.80964,27.805937,25.612349,25.441933,26.227491,27.5428,18.957611,19.44451,21.418186,21.953043,0.0,28.35053
squeezed_Nam Định,2017-01-01,25.612349,18.418152,26.227491,24.320719,18.957611,20.240168,21.418186,25.785662,0.0,21.833145,13.645006,26.448702
squeezed_Nam Định,2017-02-01,26.227491,31.533098,18.957611,30.531837,21.418186,39.185577,0.0,30.226294,13.645006,33.394157,25.220892,27.872839
squeezed_Nam Định,2017-03-01,18.957611,30.604904,21.418186,39.024853,0.0,36.92685,13.645006,33.28706,25.220892,26.915825,21.977407,25.91055
squeezed_Nam Định,2017-04-01,21.418186,31.992203,0.0,20.649128,13.645006,24.931683,25.220892,19.771116,21.977407,21.769835,21.194498,23.515993
squeezed_Nam Định,2017-05-01,0.0,22.296213,13.645006,23.815237,25.220892,17.365776,21.977407,20.437197,21.194498,18.790436,19.404987,21.367517
squeezed_Nam Định,2017-06-01,13.645006,6.002206,25.220892,3.0087895,21.977407,6.379047,21.194498,5.6762977,19.404987,12.93577,14.092383,13.945399
squeezed_Nam Định,2017-07-01,25.220892,12.5639,21.977407,13.856567,21.194498,12.076937,19.404987,15.131346,14.092383,15.514612,0.0,15.310013
squeezed_Nam Định,2017-08-01,21.977407,23.366175,21.194498,19.270443,19.404987,18.327581,14.092383,18.354162,0.0,19.319107,0.0,22.283607
squeezed_Nam Định,2017-09-01,21.194498,20.31588,19.404987,22.032936,14.092383,19.27179,0.0,17.841835,0.0,19.729282,0.0,24.882046
squeezed_Nam Định,2017-10-01,19.404987,20.545298,14.092383,20.010191,0.0,18.780006,0.0,25.00383,0.0,25.148392,0.0,30.725151
squeezed_Nam Định,2017-11-01,14.092383,18.77231,0.0,18.184563,0.0,27.846458,0.0,26.427322,0.0,29.032108,0.0,37.23546
squeezed_Nam Định,2017-12-01,0.0,33.189728,0.0,22.810785,0.0,28.75432,0.0,31.03061,0.0,33.35197,0.0,51.466904
squeezed_Nghệ An,2016-01-01,36.805668,46.174633,40.766384,49.061222,38.737724,53.035652,43.82547,55.488014,47.013363,53.08752,41.3782,54.86674
squeezed_Nghệ An,2016-02-01,40.766384,43.62765,38.737724,48.600124,43.82547,57.126553,47.013363,62.305317,41.3782,58.778122,41.603607,53.702553
squeezed_Nghệ An,2016-03-01,38.737724,45.195957,43.82547,50.498013,47.013363,49.058132,41.3782,58.609924,41.603607,46.973583,41.08839,49.52645
squeezed_Nghệ An,2016-04-01,43.82547,47.601906,47.013363,42.27637,41.3782,43.739952,41.603607,43.18591,41.08839,43.38314,40.862984,44.98208
squeezed_Nghệ An,2016-05-01,47.013363,45.599407,41.3782,42.337074,41.603607,42.855186,41.08839,39.662445,40.862984,41.005505,42.312027,41.404404
squeezed_Nghệ An,2016-06-01,41.3782,44.75884,41.603607,47.457565,41.08839,45.755386,40.862984,40.231087,42.312027,41.90379,0.64401865,40.77804
squeezed_Nghệ An,2016-07-01,41.603607,42.113895,41.08839,41.54301,40.862984,40.224483,42.312027,37.92229,0.64401865,40.46823,27.905258,38.37786
squeezed_Nghệ An,2016-08-01,41.08839,40.144085,40.862984,39.408974,42.312027,36.37919,0.64401865,37.1442,27.905258,39.19486,31.324114,36.111664
squeezed_Nghệ An,2016-09-01,40.862984,39.497383,42.312027,37.699924,0.64401865,37.90763,27.905258,32.187458,31.324114,34.247635,30.985308,42.61354
squeezed_Nghệ An,2016-10-01,42.312027,38.224182,0.64401865,37.191875,27.905258,36.924145,31.324114,35.023922,30.985308,43.043922,28.05926,44.56938
squeezed_Nghệ An,2016-11-01,0.64401865,38.785507,27.905258,35.705967,31.324114,32.894066,30.985308,38.3647,28.05926,41.92526,27.227646,45.653336
squeezed_Nghệ An,2016-12-01,27.905258,27.931412,31.324114,7.1347623,30.985308,12.867282,28.05926,17.229973,27.227646,17.674398,34.09616,25.319191
squeezed_Nghệ An,2017-01-01,31.324114,26.30155,30.985308,29.279161,28.05926,33.698185,27.227646,35.14733,34.09616,37.760117,40.25626,37.91938
squeezed_Nghệ An,2017-02-01,30.985308,37.306927,28.05926,39.253178,27.227646,44.719807,34.09616,41.102844,40.25626,44.961002,0.0,41.000652
squeezed_Nghệ An,2017-03-01,28.05926,37.75729,27.227646,36.18156,34.09616,38.511814,40.25626,38.392532,0.0,38.337704,36.375397,36.869854
squeezed_Nghệ An,2017-04-01,27.227646,35.259422,34.09616,35.6675,40.25626,33.593006,0.0,30.630781,36.375397,33.057194,37.08381,32.42927
squeezed_Nghệ An,2017-05-01,34.09616,33.316532,40.25626,27.483215,0.0,25.939947,36.375397,28.782843,37.08381,27.824883,42.966705,27.009804
squeezed_Nghệ An,2017-06-01,40.25626,32.618095,0.0,35.501102,36.375397,31.458216,37.08381,31.841955,42.966705,29.196432,36.6218,35.43877
squeezed_Nghệ An,2017-07-01,0.0,38.41729,36.375397,34.34916,37.08381,32.829647,42.966705,32.34404,36.6218,48.60717,28.923862,36.262947
squeezed_Nghệ An,2017-08-01,36.375397,10.042079,37.08381,9.74228,42.966705,8.538638,36.6218,34.99121,28.923862,15.444666,25.58182,13.071954
squeezed_Nghệ An,2017-09-01,37.08381,27.86611,42.966705,30.055708,36.6218,50.606274,28.923862,23.98608,25.58182,21.939,30.625265,32.131767
squeezed_Nghệ An,2017-10-01,42.966705,33.375626,36.6218,48.885326,28.923862,31.319937,25.58182,26.174665,30.625265,36.36809,38.342346,41.092834
squeezed_Nghệ An,2017-11-01,36.6218,43.884502,28.923862,34.625923,25.58182,35.235558,30.625265,40.583622,38.342346,43.16611,41.471714,44.389675
squeezed_Nghệ An,2017-12-01,28.923862,36.089203,25.58182,39.270744,30.625265,43.47572,38.342346,42.52483,41.471714,46.73491,34.24075,50.13233
squeezed_Ninh Bình,2016-01-01,60.11961,61.699524,57.39167,64.2161,55.293255,62.541874,65.47057,71.30098,58.126114,69.586876,54.034203,72.81537
squeezed_Ninh Bình,2016-02-01,57.39167,63.26799,55.293255,65.68458,65.47057,73.92702,58.126114,74.63373,54.034203,82.952644,57.07691,76.07973
squeezed_Ninh Bình,2016-03-01,55.293255,62.82998,65.47057,67.27721,58.126114,62.793896,54.034203,76.74988,57.07691,70.74319,61.5885,71.152626
squeezed_Ninh Bình,2016-04-01,65.47057,65.230034,58.126114,60.308327,54.034203,61.4537,57.07691,59.949554,61.5885,56.47595,58.86056,58.090656
squeezed_Ninh Bình,2016-05-01,58.126114,63.756565,54.034203,62.779415,57.07691,59.771725,61.5885,61.32166,58.86056,52.82914,56.13262,54.65701
squeezed_Ninh Bình,2016-06-01,54.034203,57.040604,57.07691,54.793182,61.5885,56.71957,58.86056,54.760822,56.13262,53.571323,7.0296926,52.623775
squeezed_Ninh Bình,2016-07-01,57.07691,52.53109,61.5885,55.049797,58.86056,54.588066,56.13262,55.982067,7.0296926,51.302166,45.16263,43.18688
squeezed_Ninh Bình,2016-08-01,61.5885,54.85238,58.86056,55.50469,56.13262,54.58177,7.0296926,52.227276,45.16263,45.109352,55.417442,46.73588
squeezed_Ninh Bình,2016-09-01,58.86056,56.337444,56.13262,56.95893,7.0296926,54.509483,45.16263,47.52058,55.417442,46.96156,55.417442,50.56934
squeezed_Ninh Bình,2016-10-01,56.13262,56.151073,7.0296926,55.16668,45.16263,50.671944,55.417442,49.85936,55.417442,52.00298,51.584835,53.01396
squeezed_Ninh Bình,2016-11-01,7.0296926,54.00447,45.16263,52.799164,55.417442,50.527294,55.417442,56.417637,51.584835,56.03048,53.345764,56.026306
squeezed_Ninh Bình,2016-12-01,45.16263,39.55252,55.417442,25.016233,55.417442,31.433989,51.584835,39.255093,53.345764,34.675453,54.07085,39.220085
squeezed_Ninh Bình,2017-01-01,55.417442,37.460667,55.417442,38.14651,51.584835,38.015457,53.345764,37.140488,54.07085,39.94433,47.130722,46.690174
squeezed_Ninh Bình,2017-02-01,55.417442,52.397095,51.584835,55.929638,53.345764,57.347538,54.07085,50.77212,47.130722,55.264343,44.126785,50.1097
squeezed_Ninh Bình,2017-03-01,51.584835,54.36538,53.345764,58.162506,54.07085,56.94726,47.130722,56.705036,44.126785,50.7795,45.369797,47.87593
squeezed_Ninh Bình,2017-04-01,53.345764,57.492638,54.07085,57.634415,47.130722,53.164,44.126785,53.42518,45.369797,49.385025,47.54506,46.238815
squeezed_Ninh Bình,2017-05-01,54.07085,54.99092,47.130722,57.86625,44.126785,51.825993,45.369797,51.425877,47.54506,48.525955,32.83613,44.066933
squeezed_Ninh Bình,2017-06-01,47.130722,54.522903,44.126785,51.06497,45.369797,51.369465,47.54506,47.309513,32.83613,46.356728,47.959396,45.373585
squeezed_Ninh Bình,2017-07-01,44.126785,48.29856,45.369797,47.87443,47.54506,45.61329,32.83613,44.554203,47.959396,58.08971,44.83431,44.754395
squeezed_Ninh Bình,2017-08-01,45.369797,45.433517,47.54506,43.78639,32.83613,43.81889,47.959396,54.098198,44.83431,41.558563,52.221195,41.869347
squeezed_Ninh Bình,2017-09-01,47.54506,44.238785,32.83613,42.749226,47.959396,53.68341,44.83431,40.382507,52.221195,38.57693,44.218735,44.229733
squeezed_Ninh Bình,2017-10-01,32.83613,43.15974,47.959396,52.66422,44.83431,41.88101,52.221195,42.885036,44.218735,46.51103,43.192776,46.709156
squeezed_Ninh Bình,2017-11-01,47.959396,45.800602,44.83431,37.782276,52.221195,38.088642,44.218735,43.00131,43.192776,43.724564,44.83431,38.562794
squeezed_Ninh Bình,2017-12-01,44.83431,40.227325,52.221195,42.122574,44.218735,49.050182,43.192776,49.589554,44.83431,47.157932,40.73048,56.440773
squeezed_Ninh Thuận,2016-01-01,49.883606,35.2785,76.15564,41.274582,20.286,89.145035,30.26272,54.30472,45.72664,60.79972,37.412704,84.15621
squeezed_Ninh Thuận,2016-02-01,76.15564,46.01074,20.286,74.92994,30.26272,60.472816,45.72664,63.524624,37.412704,69.34585,28.101097,75.98294
squeezed_Ninh Thuận,2016-03-01,20.286,72.24242,30.26272,91.31976,45.72664,78.075905,37.412704,118.431984,28.101097,117.2284,20.951115,122.35177
squeezed_Ninh Thuận,2016-04-01,30.26272,50.733276,45.72664,62.274418,37.412704,65.61116,28.101097,109.96617,20.951115,73.19143,34.08713,89.961205
squeezed_Ninh Thuận,2016-05-01,45.72664,39.73058,37.412704,57.218613,28.101097,55.69369,20.951115,76.62408,34.08713,67.97371,24.609245,91.32722
squeezed_Ninh Thuận,2016-06-01,37.412704,44.40305,28.101097,41.89175,20.951115,57.954037,34.08713,69.72807,24.609245,69.61624,24.609245,69.62721
squeezed_Ninh Thuận,2016-07-01,28.101097,38.533478,20.951115,41.655987,34.08713,71.44,24.609245,67.40171,24.609245,65.67723,28.185856,45.856384
squeezed_Ninh Thuận,2016-08-01,20.951115,37.53724,34.08713,64.73967,24.609245,66.32589,24.609245,66.675156,28.185856,41.247173,40.65596,39.135773
squeezed_Ninh Thuận,2016-09-01,34.08713,41.277195,24.609245,54.402405,24.609245,73.69239,28.185856,32.4459,40.65596,29.96005,47.488895,39.595154
squeezed_Ninh Thuận,2016-10-01,24.609245,48.769497,24.609245,53.652557,28.185856,32.826454,40.65596,40.313637,47.488895,42.132084,46.12231,42.401012
squeezed_Ninh Thuận,2016-11-01,24.609245,43.94539,28.185856,25.698467,40.65596,30.527138,47.488895,40.778652,46.12231,41.127296,37.581142,45.62789
squeezed_Ninh Thuận,2016-12-01,28.185856,23.34589,40.65596,26.73965,47.488895,33.708057,46.12231,42.95096,37.581142,46.605534,34.677143,48.49261
squeezed_Ninh Thuận,2017-01-01,40.65596,35.55039,47.488895,34.64777,46.12231,57.659668,37.581142,48.761536,34.677143,48.650566,29.552443,47.277508
squeezed_Ninh Thuận,2017-02-01,47.488895,36.88775,46.12231,63.878242,37.581142,52.20029,34.677143,54.480072,29.552443,54.315887,40.826786,53.67512
squeezed_Ninh Thuận,2017-03-01,46.12231,52.507126,37.581142,50.62252,34.677143,58.609787,29.552443,54.739742,40.826786,55.019894,30.91903,61.57816
squeezed_Ninh Thuận,2017-04-01,37.581142,51.215523,34.677143,59.22919,29.552443,51.04417,40.826786,52.22775,30.91903,58.731564,32.11479,43.933037
squeezed_Ninh Thuận,2017-05-01,34.677143,42.357994,29.552443,42.179104,40.826786,38.323967,30.91903,63.464626,32.11479,40.67141,27.84421,41.24196
squeezed_Ninh Thuận,2017-06-01,29.552443,35.391266,40.826786,35.921124,30.91903,41.164867,32.11479,44.5965,27.84421,42.13303,0.0,41.933613
squeezed_Ninh Thuận,2017-07-01,40.826786,33.896484,30.91903,29.061117,32.11479,33.69516,27.84421,35.98108,0.0,39.131374,15.622347,29.929579
squeezed_Ninh Thuận,2017-08-01,30.91903,31.721838,32.11479,39.932167,27.84421,39.611675,0.0,34.97807,15.622347,33.651154,10.188487,35.87935
squeezed_Ninh Thuận,2017-09-01,32.11479,35.62912,27.84421,34.46336,0.0,33.520313,15.622347,30.506151,10.188487,35.792423,20.886398,33.16993
squeezed_Ninh Thuận,2017-10-01,27.84421,31.198612,0.0,31.848114,15.622347,31.186466,10.188487,35.468483,20.886398,38.844578,29.716421,35.24773
squeezed_Ninh Thuận,2017-11-01,0.0,30.76129,15.622347,27.899761,10.188487,25.548262,20.886398,34.870792,29.716421,37.522774,24.112753,39.50166
squeezed_Ninh Thuận,2017-12-01,15.622347,27.229406,10.188487,12.264327,20.886398,12.587015,29.716421,16.74969,24.112753,36.455914,36.338936,35.027916
squeezed_Phú Thọ,2016-01-01,19.758268,22.28427,19.61352,25.775238,21.49526,27.662066,21.278135,33.999466,19.251646,36.532375,21.784758,38.08196
squeezed_Phú Thọ,2016-02-01,19.61352,23.824358,21.49526,32.960915,21.278135,35.956547,19.251646,42.364655,21.784758,40.55411,20.843887,37.867363
squeezed_Phú Thọ,2016-03-01,21.49526,24.594194,21.278135,29.71677,19.251646,35.015575,21.784758,47.487183,20.843887,27.902617,19.396397,30.13408
squeezed_Phú Thọ,2016-04-01,21.278135,25.871302,19.251646,29.189243,21.784758,32.737713,20.843887,23.440739,19.396397,26.534334,21.205761,29.192862
squeezed_Phú Thọ,2016-05-01,19.251646,24.712872,21.784758,25.943565,20.843887,18.360687,19.396397,23.636566,21.205761,24.357328,19.541145,28.016016
squeezed_Phú Thọ,2016-06-01,21.784758,19.93909,20.843887,17.633207,19.396397,22.178377,21.205761,21.796146,19.541145,24.61847,7.8888326,28.326796
squeezed_Phú Thọ,2016-07-01,20.843887,18.92606,19.396397,22.55455,21.205761,21.801176,19.541145,21.12555,7.8888326,25.654081,16.288012,27.929373
squeezed_Phú Thọ,2016-08-01,19.396397,19.80396,21.205761,21.27147,19.541145,19.126368,7.8888326,20.925575,16.288012,21.388283,15.309333,28.31946
squeezed_Phú Thọ,2016-09-01,21.205761,17.927605,19.541145,17.547106,7.8888326,19.899607,16.288012,19.492575,15.309333,22.911009,15.588955,29.273932
squeezed_Phú Thọ,2016-10-01,19.541145,19.53362,7.8888326,24.272945,16.288012,24.31045,15.309333,24.621006,15.588955,27.913189,12.443202,28.996853
squeezed_Phú Thọ,2016-11-01,7.8888326,21.183815,16.288012,20.306236,15.309333,20.10941,15.588955,25.271767,12.443202,27.641758,13.421881,33.513725
squeezed_Phú Thọ,2016-12-01,16.288012,22.946049,15.309333,15.135418,15.588955,20.95682,12.443202,12.874176,13.421881,24.16309,15.728766,34.273964
squeezed_Phú Thọ,2017-01-01,15.309333,21.224564,15.588955,20.789555,12.443202,17.496216,13.421881,25.494274,15.728766,30.931957,13.072352,31.390963
squeezed_Phú Thọ,2017-02-01,15.588955,20.585564,12.443202,18.340612,13.421881,31.014523,15.728766,29.684769,13.072352,32.89143,13.072352,27.7072
squeezed_Phú Thọ,2017-03-01,12.443202,20.647745,13.421881,23.101866,15.728766,36.510433,13.072352,29.851154,13.072352,24.95282,11.324712,28.261875
squeezed_Phú Thọ,2017-04-01,13.421881,18.176697,15.728766,16.445648,13.072352,18.661806,13.072352,19.804918,11.324712,21.904263,14.819993,25.998676
squeezed_Phú Thọ,2017-05-01,15.728766,17.977268,13.072352,15.837831,13.072352,16.371056,11.324712,18.398302,14.819993,20.260872,14.540371,22.190151
squeezed_Phú Thọ,2017-06-01,13.072352,19.512342,13.072352,16.668062,11.324712,18.589922,14.819993,18.769379,14.540371,19.42338,14.819993,30.609545
squeezed_Phú Thọ,2017-07-01,13.072352,13.789793,11.324712,13.833572,14.819993,14.749351,14.540371,20.157398,14.819993,46.401104,14.41777,29.222841
squeezed_Phú Thọ,2017-08-01,11.324712,14.070135,14.819993,13.511502,14.540371,13.942585,14.819993,41.440712,14.41777,24.091152,10.761589,25.434832
squeezed_Phú Thọ,2017-09-01,14.819993,13.359694,14.540371,13.971436,14.819993,50.969017,14.41777,17.007395,10.761589,20.738626,14.693708,24.8964
squeezed_Phú Thọ,2017-10-01,14.540371,13.704525,14.819993,42.27106,14.41777,18.97162,10.761589,25.222385,14.693708,25.667234,12.969095,27.123611
squeezed_Phú Thọ,2017-11-01,14.819993,29.797646,14.41777,19.066774,10.761589,26.409798,14.693708,26.720524,12.969095,28.42297,12.90011,29.82823
squeezed_Phú Thọ,2017-12-01,14.41777,23.831926,10.761589,21.199224,14.693708,30.152117,12.969095,28.648129,12.90011,31.236021,13.038079,34.711697
squeezed_Phú Yên,2016-01-01,36.246387,36.752518,39.69313,41.230568,29.908829,38.281105,42.139202,38.184635,49.47743,37.968704,30.353569,39.661983
squeezed_Phú Yên,2016-02-01,39.69313,39.044,29.908829,40.43567,42.139202,45.751396,49.47743,41.56231,30.353569,45.209,30.131199,41.78668
squeezed_Phú Yên,2016-03-01,29.908829,38.611084,42.139202,49.03976,49.47743,46.16166,30.353569,45.602192,30.131199,37.234444,45.141205,62.083138
squeezed_Phú Yên,2016-04-01,42.139202,40.428375,49.47743,45.252647,30.353569,39.20976,30.131199,39.93533,45.141205,44.220165,43.028687,43.232536
squeezed_Phú Yên,2016-05-01,49.47743,40.685436,30.353569,43.94072,30.131199,43.87572,45.141205,41.609417,43.028687,42.704292,36.246387,48.438908
squeezed_Phú Yên,2016-06-01,30.353569,41.49213,30.131199,43.847958,45.141205,50.47151,43.028687,44.521545,36.246387,50.408936,36.246387,51.4902
squeezed_Phú Yên,2016-07-01,30.131199,39.60383,45.141205,42.759125,43.028687,41.717564,36.246387,41.537285,36.246387,49.526962,0.0,43.950172
squeezed_Phú Yên,2016-08-01,45.141205,32.983353,43.028687,32.584984,36.246387,40.39527,36.246387,38.834446,0.0,44.514717,29.885057,34.49585
squeezed_Phú Yên,2016-09-01,43.028687,37.90766,36.246387,40.095562,36.246387,44.039867,0.0,37.263363,29.885057,36.720406,46.666668,50.285297
squeezed_Phú Yên,2016-10-01,36.246387,41.959564,36.246387,43.645687,0.0,47.05249,29.885057,34.7665,46.666668,42.12846,48.735634,43.613743
squeezed_Phú Yên,2016-11-01,36.246387,45.558594,0.0,43.488113,29.885057,36.960876,46.666668,38.48196,48.735634,40.864063,0.0,41.21639
squeezed_Phú Yên,2016-12-01,0.0,65.14011,29.885057,32.678474,46.666668,38.14089,48.735634,40.567802,0.0,43.3996,27.586206,41.06029
squeezed_Phú Yên,2017-01-01,29.885057,16.822517,46.666668,16.547523,48.735634,24.243141,0.0,22.557056,27.586206,33.65921,35.517242,34.43849
squeezed_Phú Yên,2017-02-01,46.666668,29.851036,48.735634,33.678577,0.0,31.418337,27.586206,39.81738,35.517242,36.572056,0.0,32.5149
squeezed_Phú Yên,2017-03-01,48.735634,44.62612,0.0,44.310623,27.586206,43.130928,35.517242,40.640762,0.0,43.739323,34.712643,57.557545
squeezed_Phú Yên,2017-04-01,0.0,46.885094,27.586206,43.60638,35.517242,41.2483,0.0,37.674706,34.712643,43.459435,45.287357,53.35629
squeezed_Phú Yên,2017-05-01,27.586206,28.888054,35.517242,18.632975,0.0,20.180964,34.712643,22.990662,45.287357,26.465601,32.183907,26.148308
squeezed_Phú Yên,2017-06-01,35.517242,26.25235,0.0,29.758373,34.712643,29.062754,45.287357,31.367031,32.183907,28.239489,31.83908,24.886347
squeezed_Phú Yên,2017-07-01,0.0,31.817076,34.712643,39.432133,45.287357,32.47735,32.183907,27.845224,31.83908,26.718264,0.0,33.14499
squeezed_Phú Yên,2017-08-01,34.712643,18.32377,45.287357,27.380365,32.183907,15.298872,31.83908,9.486368,0.0,39.837196,33.73494,21.4488
squeezed_Phú Yên,2017-09-01,45.287357,32.669342,32.183907,32.729942,31.83908,31.15575,0.0,47.086884,33.73494,25.506422,39.12794,30.784431
squeezed_Phú Yên,2017-10-01,32.183907,38.734303,31.83908,37.673775,0.0,53.16075,33.73494,33.65333,39.12794,35.82555,0.0,38.06685
squeezed_Phú Yên,2017-11-01,31.83908,55.967323,0.0,49.46041,33.73494,31.983389,39.12794,31.182642,0.0,37.346306,38.095238,38.611073
squeezed_Phú Yên,2017-12-01,0.0,37.781334,33.73494,28.544674,39.12794,31.418919,0.0,37.06827,38.095238,52.18866,35.22662,38.399803
squeezed_Quảng Bình,2016-01-01,36.344994,45.721058,42.839237,50.443974,48.535946,51.877117,49.67529,57.22545,52.75151,52.362495,55.7138,49.987038
squeezed_Quảng Bình,2016-02-01,42.839237,50.587444,48.535946,50.18369,49.67529,64.716896,52.75151,63.903427,55.7138,58.461494,57.650677,52.609043
squeezed_Quảng Bình,2016-03-01,48.535946,44.84425,49.67529,54.15967,52.75151,58.99936,55.7138,60.061325,57.650677,52.73425,54.91626,74.461044
squeezed_Quảng Bình,2016-04-01,49.67529,65.44084,52.75151,63.2531,55.7138,54.609398,57.650677,55.04125,54.91626,86.49842,61.980175,74.8074
squeezed_Quảng Bình,2016-05-01,52.75151,53.323162,55.7138,51.557182,57.650677,46.72319,54.91626,68.7989,61.980175,48.14132,54.802322,57.478733
squeezed_Quảng Bình,2016-06-01,55.7138,50.8716,57.650677,47.79146,54.91626,52.808067,61.980175,50.734188,54.802322,51.418983,17.090122,45.744354
squeezed_Quảng Bình,2016-07-01,57.650677,50.096733,54.91626,54.08325,61.980175,61.784107,54.802322,55.051144,17.090122,51.917545,29.581121,42.49162
squeezed_Quảng Bình,2016-08-01,54.91626,55.51319,61.980175,53.592346,54.802322,56.16662,17.090122,51.73441,29.581121,47.376575,38.049,37.971405
squeezed_Quảng Bình,2016-09-01,61.980175,54.875267,54.802322,52.927685,17.090122,54.48143,29.581121,44.633236,38.049,42.32969,0.0,48.844677
squeezed_Quảng Bình,2016-10-01,54.802322,55.396473,17.090122,54.543907,29.581121,50.12475,38.049,37.57105,0.0,52.565933,0.0,56.587196
squeezed_Quảng Bình,2016-11-01,17.090122,51.66496,29.581121,48.765594,38.049,41.00545,0.0,51.167953,0.0,54.55276,38.161907,57.23177
squeezed_Quảng Bình,2016-12-01,29.581121,37.97494,38.049,22.958454,0.0,30.334084,0.0,41.27012,38.161907,42.50499,49.90403,40.360703
squeezed_Quảng Bình,2017-01-01,38.049,20.027027,0.0,28.89538,0.0,30.806463,38.161907,45.904568,49.90403,45.551357,56.56543,43.679684
squeezed_Quảng Bình,2017-02-01,0.0,35.043236,0.0,44.114994,38.161907,48.03939,49.90403,49.834167,56.56543,48.447998,0.0,47.039967
squeezed_Quảng Bình,2017-03-01,0.0,17.167818,38.161907,13.297535,49.90403,35.874363,56.56543,19.169014,0.0,21.012598,0.0,28.057388
squeezed_Quảng Bình,2017-04-01,38.161907,10.3707905,49.90403,17.38533,56.56543,37.39023,0.0,13.430532,0.0,10.728242,0.0,10.881099
squeezed_Quảng Bình,2017-05-01,49.90403,36.288998,56.56543,32.79188,0.0,26.510313,0.0,28.269188,0.0,29.4204,0.0,32.272358
squeezed_Quảng Bình,2017-06-01,56.56543,39.305088,0.0,39.85976,0.0,42.0165,0.0,36.211277,0.0,41.313423,0.0,41.35387
squeezed_Quảng Bình,2017-07-01,0.0,43.401314,0.0,48.959694,0.0,43.743168,0.0,42.246784,0.0,38.99068,0.0,31.997175
squeezed_Quảng Bình,2017-08-01,0.0,21.178394,0.0,17.649326,0.0,16.960825,0.0,15.126389,0.0,12.261653,0.0,9.768332
squeezed_Quảng Bình,2017-09-01,0.0,2.1410248,0.0,5.692088,0.0,6.375048,0.0,15.1227455,0.0,3.1264763,0.0,17.978966
squeezed_Quảng Bình,2017-10-01,0.0,3.2414849,0.0,1.6160998,0.0,-1.7594023,0.0,9.27833,0.0,33.32447,0.0,37.095272
squeezed_Quảng Bình,2017-11-01,0.0,2.540858,0.0,-0.38589185,0.0,-3.0368218,0.0,35.650265,0.0,45.723824,0.0,17.99654
squeezed_Quảng Bình,2017-12-01,0.0,18.461908,0.0,2.7601538,0.0,49.006893,0.0,46.149746,0.0,26.06157,0.0,19.639511
squeezed_Quảng Nam,2016-01-01,68.36056,81.192665,71.38536,82.96109,76.35948,83.98052,88.66035,83.47101,90.87854,84.78487,87.04712,88.13157
squeezed_Quảng Nam,2016-02-01,71.38536,73.44947,76.35948,82.67918,88.66035,84.227165,90.87854,81.70105,87.04712,82.3034,91.55071,76.02271
squeezed_Quảng Nam,2016-03-01,76.35948,80.94054,88.66035,84.85135,90.87854,83.399605,87.04712,96.92977,91.55071,76.63738,65.671844,76.35507
squeezed_Quảng Nam,2016-04-01,88.66035,85.14889,90.87854,84.18381,87.04712,83.199066,91.55071,96.88955,65.671844,71.13635,64.19305,71.18551
squeezed_Quảng Nam,2016-05-01,90.87854,83.94044,87.04712,89.95818,91.55071,81.028595,65.671844,98.568504,64.19305,74.4834,68.42777,72.728065
squeezed_Quảng Nam,2016-06-01,87.04712,86.529305,91.55071,81.03928,65.671844,81.249084,64.19305,84.12579,68.42777,71.053986,1.7476642,69.76665
squeezed_Quảng Nam,2016-07-01,91.55071,78.78254,65.671844,81.14244,64.19305,72.25792,68.42777,72.843765,1.7476642,71.62621,71.260025,66.91212
squeezed_Quảng Nam,2016-08-01,65.671844,83.1236,64.19305,75.20059,68.42777,75.691216,1.7476642,69.0334,71.260025,71.07287,68.29367,67.4112
squeezed_Quảng Nam,2016-09-01,64.19305,70.35648,68.42777,69.20375,1.7476642,69.47519,71.260025,53.609486,68.29367,62.957188,71.05778,65.73362
squeezed_Quảng Nam,2016-10-01,68.42777,61.41333,1.7476642,64.23681,71.260025,61.057507,68.29367,63.656128,71.05778,73.378006,67.08016,70.70674
squeezed_Quảng Nam,2016-11-01,1.7476642,65.233665,71.260025,66.22408,68.29367,66.70548,71.05778,71.71364,67.08016,76.74564,74.56348,75.020035
squeezed_Quảng Nam,2016-12-01,71.260025,46.297955,68.29367,20.77389,71.05778,17.799105,67.08016,36.438168,74.56348,36.455574,62.1587,40.67273
squeezed_Quảng Nam,2017-01-01,68.29367,65.496635,71.05778,63.62645,67.08016,58.48327,74.56348,77.73406,62.1587,65.4996,65.529564,59.92003
squeezed_Quảng Nam,2017-02-01,71.05778,70.41014,67.08016,82.79284,74.56348,80.98109,62.1587,71.59483,65.529564,72.62616,62.226116,70.50129
squeezed_Quảng Nam,2017-03-01,67.08016,85.05655,74.56348,70.8171,62.1587,71.9033,65.529564,84.439156,62.226116,64.14282,64.922806,70.50418
squeezed_Quảng Nam,2017-04-01,74.56348,72.64478,62.1587,71.78683,65.529564,66.07569,62.226116,81.99421,64.922806,77.114174,56.96757,59.115112
squeezed_Quảng Nam,2017-05-01,62.1587,74.19301,65.529564,71.18986,62.226116,82.51397,64.922806,88.48586,56.96757,62.341446,55.82148,59.30597
squeezed_Quảng Nam,2017-06-01,65.529564,77.061905,62.226116,62.248753,64.922806,62.245598,56.96757,61.491096,55.82148,58.048855,64.65314,69.21278
squeezed_Quảng Nam,2017-07-01,62.226116,62.485134,64.922806,64.777016,56.96757,59.326107,55.82148,55.71054,64.65314,70.775,48.094982,59.377403
squeezed_Quảng Nam,2017-08-01,64.922806,60.576298,56.96757,61.947113,55.82148,58.238174,64.65314,59.952934,48.094982,54.463924,52.3209,58.603947
squeezed_Quảng Nam,2017-09-01,56.96757,59.632656,55.82148,59.591125,64.65314,63.24594,48.094982,49.940456,52.3209,59.402817,58.35793,64.56366
squeezed_Quảng Nam,2017-10-01,55.82148,80.88948,64.65314,56.620155,48.094982,50.576733,52.3209,54.849525,58.35793,64.02656,58.827477,63.21413
squeezed_Quảng Nam,2017-11-01,64.65314,64.84159,48.094982,52.438705,52.3209,67.08142,58.35793,59.860542,58.827477,56.334827,60.37027,58.250328
squeezed_Quảng Nam,2017-12-01,48.094982,50.124084,52.3209,44.984886,58.35793,56.24987,58.827477,60.983307,60.37027,63.460903,57.351757,62.147717
squeezed_Quảng Ngãi,2016-01-01,49.70036,49.7414,47.54295,50.35445,53.53576,48.527515,49.061127,51.760498,49.620457,48.938046,51.538155,48.79415
squeezed_Quảng Ngãi,2016-02-01,47.54295,51.048237,53.53576,53.85776,49.061127,53.814114,49.620457,51.83157,51.538155,54.65836,58.96924,50.96202
squeezed_Quảng Ngãi,2016-03-01,53.53576,52.493835,49.061127,53.093914,49.620457,52.63468,51.538155,50.520287,58.96924,47.859566,50.819016,48.72746
squeezed_Quảng Ngãi,2016-04-01,49.061127,55.869003,49.620457,55.08063,51.538155,55.3701,58.96924,54.602688,50.819016,54.215363,61.60607,45.266808
squeezed_Quảng Ngãi,2016-05-01,49.620457,52.43885,51.538155,52.551086,58.96924,48.209343,50.819016,51.470997,61.60607,44.199043,47.063522,48.91206
squeezed_Quảng Ngãi,2016-06-01,51.538155,52.330185,58.96924,44.11713,50.819016,45.353165,61.60607,43.313946,47.063522,43.86372,40.671196,41.903526
squeezed_Quảng Ngãi,2016-07-01,58.96924,48.154526,50.819016,48.89601,61.60607,47.870605,47.063522,43.08248,40.671196,43.580704,53.462444,38.74156
squeezed_Quảng Ngãi,2016-08-01,50.819016,52.99714,61.60607,48.920383,47.063522,47.272484,40.671196,46.62846,53.462444,42.08731,50.207504,40.56718
squeezed_Quảng Ngãi,2016-09-01,61.60607,48.550335,47.063522,45.323357,40.671196,47.0464,53.462444,38.916145,50.207504,39.622147,52.89283,44.54853
squeezed_Quảng Ngãi,2016-10-01,47.063522,52.378014,40.671196,50.7717,53.462444,46.928326,50.207504,46.175064,52.89283,51.125904,0.0,49.65324
squeezed_Quảng Ngãi,2016-11-01,40.671196,46.85413,53.462444,44.769238,50.207504,46.482937,52.89283,47.794254,0.0,46.81687,52.567337,47.38591
squeezed_Quảng Ngãi,2016-12-01,53.462444,38.56919,50.207504,37.18157,52.89283,45.44157,0.0,40.82135,52.567337,47.410603,61.437057,45.28897
squeezed_Quảng Ngãi,2017-01-01,50.207504,48.87424,52.89283,50.48525,0.0,48.308308,52.567337,53.509922,61.437057,51.833866,0.0,48.300285
squeezed_Quảng Ngãi,2017-02-01,52.89283,56.09432,0.0,49.90936,52.567337,54.236534,61.437057,54.805267,0.0,49.93461,0.0,50.62844
squeezed_Quảng Ngãi,2017-03-01,0.0,50.6051,52.567337,55.362465,61.437057,53.87417,0.0,51.155357,0.0,50.309357,71.44601,49.351875
squeezed_Quảng Ngãi,2017-04-01,52.567337,22.826986,61.437057,18.260395,0.0,22.58155,0.0,21.556564,71.44601,31.393324,47.847668,27.03581
squeezed_Quảng Ngãi,2017-05-01,61.437057,40.80406,0.0,45.00953,0.0,45.46749,71.44601,41.604008,47.847668,36.75228,49.800636,32.96844
squeezed_Quảng Ngãi,2017-06-01,0.0,51.833843,0.0,51.651947,71.44601,54.51935,47.847668,43.685238,49.800636,46.482246,34.909267,44.22098
squeezed_Quảng Ngãi,2017-07-01,0.0,19.720118,71.44601,18.120647,47.847668,18.910479,49.800636,19.806936,34.909267,24.8538,47.54165,19.037865
squeezed_Quảng Ngãi,2017-08-01,71.44601,11.242159,47.847668,18.952074,49.800636,20.316584,34.909267,14.815319,47.54165,17.662401,40.065014,11.640381
squeezed_Quảng Ngãi,2017-09-01,47.847668,53.74238,49.800636,45.732723,34.909267,45.714417,47.54165,31.558842,40.065014,34.502098,53.718002,38.12799
squeezed_Quảng Ngãi,2017-10-01,49.800636,44.860683,34.909267,42.86384,47.54165,37.70347,40.065014,35.8718,53.718002,33.78056,59.406746,46.578754
squeezed_Quảng Ngãi,2017-11-01,34.909267,44.273804,47.54165,41.70893,40.065014,38.866383,53.718002,40.900013,59.406746,58.547382,54.44941,56.065037
squeezed_Quảng Ngãi,2017-12-01,47.54165,35.490013,40.065014,29.380556,53.718002,37.409355,59.406746,57.63542,54.44941,44.57335,50.629826,47.893295
squeezed_Quảng Ninh,2016-01-01,14.698677,19.791245,25.804344,24.99503,19.761555,19.586357,17.393435,25.920547,17.148457,29.677729,17.066797,44.93712
squeezed_Quảng Ninh,2016-02-01,25.804344,17.930061,19.761555,26.163767,17.393435,32.044098,17.148457,30.084204,17.066797,32.658283,21.721378,29.251514
squeezed_Quảng Ninh,2016-03-01,19.761555,29.389791,17.393435,31.687613,17.148457,31.28917,17.066797,50.11418,21.721378,32.177067,18.128368,24.779446
squeezed_Quảng Ninh,2016-04-01,17.393435,26.274555,17.148457,23.057543,17.066797,22.793247,21.721378,23.32744,18.128368,22.033695,16.74016,22.14524
squeezed_Quảng Ninh,2016-05-01,17.148457,20.229813,17.066797,19.843075,21.721378,16.765778,18.128368,19.702175,16.74016,19.193928,16.495182,20.151133
squeezed_Quảng Ninh,2016-06-01,17.066797,19.516417,21.721378,16.776667,18.128368,17.49695,16.74016,17.25141,16.495182,17.408375,0.24497795,20.654583
squeezed_Quảng Ninh,2016-07-01,21.721378,16.940645,18.128368,15.422367,16.74016,16.163986,16.495182,16.27317,0.24497795,16.663963,15.250545,20.278439
squeezed_Quảng Ninh,2016-08-01,18.128368,17.862457,16.74016,20.860947,16.495182,15.320806,0.24497795,15.420936,15.250545,16.830835,14.550264,15.826236
squeezed_Quảng Ninh,2016-09-01,16.74016,18.184475,16.495182,16.50114,0.24497795,13.083842,15.250545,14.773683,14.550264,14.490528,17.81824,17.772778
squeezed_Quảng Ninh,2016-10-01,16.495182,17.540514,0.24497795,17.937151,15.250545,19.671684,14.550264,16.859219,17.81824,19.105394,13.538749,15.668672
squeezed_Quảng Ninh,2016-11-01,0.24497795,16.211187,15.250545,16.499893,14.550264,18.213469,17.81824,18.858217,13.538749,20.689112,14.628074,19.976149
squeezed_Quảng Ninh,2016-12-01,15.250545,23.063946,14.550264,5.9084,17.81824,5.160516,13.538749,1.3558456,14.628074,3.5543787,17.740429,17.584349
squeezed_Quảng Ninh,2017-01-01,14.550264,11.23876,17.81824,20.804726,13.538749,16.509733,14.628074,14.574952,17.740429,26.44707,22.253345,20.848064
squeezed_Quảng Ninh,2017-02-01,17.81824,18.167334,13.538749,22.363256,14.628074,23.473726,17.740429,27.473057,22.253345,27.777597,17.584812,23.449924
squeezed_Quảng Ninh,2017-03-01,13.538749,21.04301,14.628074,19.359718,17.740429,27.336163,22.253345,24.665346,17.584812,19.847221,18.674137,20.259695
squeezed_Quảng Ninh,2017-04-01,14.628074,17.07022,17.740429,21.606028,22.253345,21.006924,17.584812,17.721273,18.674137,17.911766,16.962341,19.664064
squeezed_Quảng Ninh,2017-05-01,17.740429,18.254208,22.253345,18.01213,17.584812,14.164082,18.674137,17.561478,16.962341,15.668446,15.250545,17.725069
squeezed_Quảng Ninh,2017-06-01,22.253345,18.228243,17.584812,15.005793,18.674137,16.625534,16.962341,16.235699,15.250545,14.868758,12.838469,26.85909
squeezed_Quảng Ninh,2017-07-01,17.584812,17.040838,18.674137,20.6307,16.962341,16.499327,15.250545,19.011768,12.838469,37.25035,0.0,26.465076
squeezed_Quảng Ninh,2017-08-01,18.674137,17.82608,16.962341,14.432046,15.250545,15.078086,12.838469,39.111416,0.0,19.69573,16.949152,21.71321
squeezed_Quảng Ninh,2017-09-01,16.962341,16.067268,15.250545,16.674948,12.838469,52.128803,0.0,19.00556,16.949152,20.742804,18.329626,24.29969
squeezed_Quảng Ninh,2017-10-01,15.250545,17.176184,12.838469,43.80645,0.0,18.279861,16.949152,21.810366,18.329626,27.014116,23.0079,27.127262
squeezed_Quảng Ninh,2017-11-01,12.838469,31.013016,0.0,16.875605,16.949152,23.711481,18.329626,25.846891,23.0079,25.979368,24.234987,27.042835
squeezed_Quảng Ninh,2017-12-01,0.0,24.016432,16.949152,24.59402,18.329626,27.8948,23.0079,27.736061,24.234987,29.482927,22.54774,29.146646
squeezed_Quảng Trị,2016-01-01,28.869286,41.758564,39.133923,42.91359,39.294308,48.701538,35.926224,50.63728,42.181236,53.917515,42.822773,64.77325
squeezed_Quảng Trị,2016-02-01,39.133923,37.9776,39.294308,38.71069,35.926224,46.040173,42.181236,59.400364,42.822773,52.32955,33.680836,47.15281
squeezed_Quảng Trị,2016-03-01,39.294308,39.86098,35.926224,48.560215,42.181236,55.531704,42.822773,43.14047,33.680836,45.03555,30.31275,76.47672
squeezed_Quảng Trị,2016-04-01,35.926224,45.49456,42.181236,41.066463,42.822773,41.780045,33.680836,43.27997,30.31275,52.41041,30.793905,49.09653
squeezed_Quảng Trị,2016-05-01,42.181236,41.822952,42.822773,41.49134,33.680836,38.890224,30.31275,40.457504,30.793905,39.079212,30.793905,55.23631
squeezed_Quảng Trị,2016-06-01,42.822773,39.231556,33.680836,39.18537,30.31275,39.981808,30.793905,36.191254,30.793905,38.17082,5.6134725,39.49898
squeezed_Quảng Trị,2016-07-01,33.680836,38.865833,30.31275,39.922615,30.793905,39.080544,30.793905,34.436836,5.6134725,40.309742,24.464342,38.615116
squeezed_Quảng Trị,2016-08-01,30.31275,37.505615,30.793905,36.823914,30.793905,34.30636,5.6134725,33.990623,24.464342,37.912937,17.908539,36.17389
squeezed_Quảng Trị,2016-09-01,30.793905,31.700264,30.793905,32.1501,5.6134725,32.6003,24.464342,29.791441,17.908539,34.406025,25.263832,38.9438
squeezed_Quảng Trị,2016-10-01,30.793905,31.771864,5.6134725,30.917225,24.464342,31.17196,17.908539,33.936234,25.263832,40.8319,24.784138,42.946136
squeezed_Quảng Trị,2016-11-01,5.6134725,30.619814,24.464342,30.290226,17.908539,34.083393,25.263832,37.698555,24.784138,46.187912,39.494724,44.970215
squeezed_Quảng Trị,2016-12-01,24.464342,27.092148,17.908539,16.389418,25.263832,17.516111,24.784138,33.901062,39.494724,30.477903,38.695236,34.649815
squeezed_Quảng Trị,2017-01-01,17.908539,27.798174,25.263832,33.77121,24.784138,38.212395,39.494724,42.373566,38.695236,44.197723,27.182604,44.26579
squeezed_Quảng Trị,2017-02-01,25.263832,34.232597,24.784138,28.352352,39.494724,33.292065,38.695236,36.75839,27.182604,40.487778,28.941477,42.659866
squeezed_Quảng Trị,2017-03-01,24.784138,31.628662,39.494724,32.715958,38.695236,36.235546,27.182604,38.12189,28.941477,36.26858,64.43876,58.21438
squeezed_Quảng Trị,2017-04-01,39.494724,31.937809,38.695236,32.274662,27.182604,30.765112,28.941477,47.723396,64.43876,32.53088,31.180044,35.5278
squeezed_Quảng Trị,2017-05-01,38.695236,38.702015,27.182604,35.76051,28.941477,37.642563,64.43876,33.203747,31.180044,37.95228,26.06332,39.69669
squeezed_Quảng Trị,2017-06-01,27.182604,38.512817,28.941477,37.522285,64.43876,37.5041,31.180044,35.719433,26.06332,39.237144,22.865366,45.438526
squeezed_Quảng Trị,2017-07-01,28.941477,33.816334,64.43876,29.907522,31.180044,27.681643,26.06332,33.634212,22.865366,56.930294,19.374306,35.918827
squeezed_Quảng Trị,2017-08-01,64.43876,30.46924,31.180044,29.076326,26.06332,33.028275,22.865366,53.341217,19.374306,29.569553,18.739082,35.464222
squeezed_Quảng Trị,2017-09-01,31.180044,45.28627,26.06332,48.237404,22.865366,63.214375,19.374306,33.763725,18.739082,39.523746,26.996983,52.699345
squeezed_Quảng Trị,2017-10-01,26.06332,39.059032,22.865366,51.83859,19.374306,31.566156,18.739082,35.49042,26.996983,43.620594,28.108624,47.126102
squeezed_Quảng Trị,2017-11-01,22.865366,38.367115,19.374306,25.903374,18.739082,24.374874,26.996983,35.201023,28.108624,43.52584,27.314594,48.22489
squeezed_Quảng Trị,2017-12-01,19.374306,25.392126,18.739082,20.747663,26.996983,29.363821,28.108624,38.839493,27.314594,45.756344,35.572495,44.47154
squeezed_Sóc Trăng,2016-01-01,36.95238,39.16638,39.771427,39.230865,45.104763,38.10826,42.514286,40.326347,42.514286,41.21151,50.819046,34.45819
squeezed_Sóc Trăng,2016-02-01,39.771427,36.860283,45.104763,38.610558,42.514286,40.417416,42.514286,41.15489,50.819046,40.240364,41.75238,34.889774
squeezed_Sóc Trăng,2016-03-01,45.104763,37.190292,42.514286,40.007164,42.514286,37.916348,50.819046,39.6942,41.75238,34.125454,37.942856,34.81261
squeezed_Sóc Trăng,2016-04-01,42.514286,45.87468,42.514286,43.77874,50.819046,44.14059,41.75238,39.48389,37.942856,33.1477,36.342857,32.53721
squeezed_Sóc Trăng,2016-05-01,42.514286,41.39116,50.819046,43.63416,41.75238,36.63043,37.942856,33.12375,36.342857,31.74649,39.314285,30.403149
squeezed_Sóc Trăng,2016-06-01,50.819046,38.591316,41.75238,37.102406,37.942856,35.80088,36.342857,30.610552,39.314285,31.32983,39.314285,38.228054
squeezed_Sóc Trăng,2016-07-01,41.75238,45.11369,37.942856,39.159187,36.342857,37.128044,39.314285,32.551407,39.314285,35.22575,29.138964,35.697327
squeezed_Sóc Trăng,2016-08-01,37.942856,39.026466,36.342857,37.406,39.314285,34.331066,39.314285,34.086613,29.138964,35.507076,43.010754,34.770546
squeezed_Sóc Trăng,2016-09-01,36.342857,35.202312,39.314285,31.258272,39.314285,32.321198,29.138964,34.688206,43.010754,37.00631,37.018795,36.78717
squeezed_Sóc Trăng,2016-10-01,39.314285,32.887802,39.314285,32.81151,29.138964,33.002254,43.010754,38.070213,37.018795,40.45499,34.802593,38.61407
squeezed_Sóc Trăng,2016-11-01,39.314285,36.247215,29.138964,31.348324,43.010754,37.178806,37.018795,38.341164,34.802593,38.975624,31.519331,40.58373
squeezed_Sóc Trăng,2016-12-01,29.138964,37.60273,43.010754,36.909958,37.018795,39.30922,34.802593,39.004555,31.519331,41.798294,38.003777,40.142635
squeezed_Sóc Trăng,2017-01-01,43.010754,36.850082,37.018795,33.978775,34.802593,34.200424,31.519331,36.649002,38.003777,38.927227,30.698515,32.915737
squeezed_Sóc Trăng,2017-02-01,37.018795,38.64886,34.802593,39.293148,31.519331,43.490826,38.003777,40.430016,30.698515,37.352863,32.422226,38.13508
squeezed_Sóc Trăng,2017-03-01,34.802593,36.159042,31.519331,40.04029,38.003777,39.43141,30.698515,38.477524,32.422226,36.50782,29.795616,32.661884
squeezed_Sóc Trăng,2017-04-01,31.519331,36.26728,38.003777,39.103962,30.698515,36.928234,32.422226,37.231705,29.795616,29.29548,34.063858,28.444525
squeezed_Sóc Trăng,2017-05-01,38.003777,35.13787,30.698515,34.160618,32.422226,29.200876,29.795616,29.853987,34.063858,25.953701,34.802593,22.422747
squeezed_Sóc Trăng,2017-06-01,30.698515,32.691364,32.422226,31.327757,29.795616,30.247726,34.063858,24.436724,34.802593,22.797287,32.422226,25.841148
squeezed_Sóc Trăng,2017-07-01,32.422226,29.491602,29.795616,30.022623,34.063858,26.707626,34.802593,23.59655,32.422226,22.670506,28.044342,23.642063
squeezed_Sóc Trăng,2017-08-01,29.795616,31.375507,34.063858,28.667442,34.802593,27.039131,32.422226,23.699383,28.044342,22.165558,33.090668,25.026997
squeezed_Sóc Trăng,2017-09-01,34.063858,29.709433,34.802593,27.049046,32.422226,28.12839,28.044342,24.935402,33.090668,24.270582,35.572468,26.590328
squeezed_Sóc Trăng,2017-10-01,34.802593,32.738533,32.422226,31.302765,28.044342,29.55249,33.090668,30.992384,35.572468,30.845978,29.533422,30.048315
squeezed_Sóc Trăng,2017-11-01,32.422226,31.963043,28.044342,34.19605,33.090668,31.588604,35.572468,31.349611,29.533422,33.992058,33.173393,36.01772
squeezed_Sóc Trăng,2017-12-01,28.044342,33.989235,33.090668,30.324228,35.572468,29.396294,29.533422,32.12849,33.173393,35.400303,26.472534,33.146408
squeezed_Sơn La,2016-01-01,62.66556,69.682106,75.08278,78.74894,85.927155,86.40373,91.47351,87.135925,85.76159,86.339554,70.03311,95.47792
squeezed_Sơn La,2016-02-01,75.08278,73.94865,85.927155,82.991615,91.47351,84.63627,85.76159,99.62632,70.03311,86.54612,79.718544,82.40573
squeezed_Sơn La,2016-03-01,85.927155,84.324295,91.47351,89.67342,85.76159,88.16917,70.03311,96.44069,79.718544,82.48143,81.62251,85.57811
squeezed_Sơn La,2016-04-01,91.47351,85.83718,85.76159,92.14205,70.03311,86.12593,79.718544,85.81675,81.62251,77.48975,75.248344,78.02862
squeezed_Sơn La,2016-05-01,85.76159,90.82609,70.03311,91.91044,79.718544,90.152336,81.62251,83.75557,75.248344,75.52681,73.50993,72.78388
squeezed_Sơn La,2016-06-01,70.03311,80.76183,79.718544,82.400635,81.62251,78.8054,75.248344,76.05839,73.50993,69.11764,3.3112583,69.4738
squeezed_Sơn La,2016-07-01,79.718544,74.34014,81.62251,81.57984,75.248344,69.5911,73.50993,67.58005,3.3112583,63.58852,83.319595,62.194073
squeezed_Sơn La,2016-08-01,81.62251,75.269775,75.248344,72.530914,73.50993,68.270386,3.3112583,66.62015,83.319595,68.702446,94.362946,62.031948
squeezed_Sơn La,2016-09-01,75.248344,74.96028,73.50993,70.74598,3.3112583,68.0957,83.319595,59.581425,94.362946,63.377472,0.0,68.02754
squeezed_Sơn La,2016-10-01,73.50993,71.83168,3.3112583,71.27953,83.319595,65.52296,94.362946,68.90492,0.0,72.135925,57.19466,74.08886
squeezed_Sơn La,2016-11-01,3.3112583,72.20504,83.319595,72.332924,94.362946,63.269703,0.0,66.81147,57.19466,74.91712,76.80897,73.64081
squeezed_Sơn La,2016-12-01,83.319595,43.58148,94.362946,21.738132,0.0,24.389643,57.19466,45.884274,76.80897,33.2411,70.95764,53.29131
squeezed_Sơn La,2017-01-01,94.362946,69.24812,0.0,63.22623,57.19466,69.86505,76.80897,76.10099,70.95764,68.18281,58.01879,62.601147
squeezed_Sơn La,2017-02-01,0.0,93.79079,57.19466,90.41947,76.80897,96.312386,70.95764,104.35012,58.01879,95.70388,62.88116,88.0191
squeezed_Sơn La,2017-03-01,57.19466,40.11114,76.80897,33.34113,70.95764,25.315977,58.01879,34.050842,62.88116,24.595514,66.589745,22.652517
squeezed_Sơn La,2017-04-01,76.80897,57.5711,70.95764,57.63371,58.01879,57.38696,62.88116,51.290554,66.589745,48.52249,63.293224,47.25104
squeezed_Sơn La,2017-05-01,70.95764,78.94245,58.01879,67.44622,62.88116,69.568214,66.589745,62.79697,63.293224,53.83032,53.898136,54.60051
squeezed_Sơn La,2017-06-01,58.01879,67.32861,62.88116,65.020744,66.589745,65.25187,63.293224,58.387905,53.898136,53.411617,50.27196,63.95034
squeezed_Sơn La,2017-07-01,62.88116,60.916878,66.589745,60.541096,63.293224,56.05194,53.898136,55.042324,50.27196,69.69118,56.605305,59.652855
squeezed_Sơn La,2017-08-01,66.589745,57.603836,63.293224,57.037727,53.898136,59.221817,50.27196,62.049625,56.605305,56.15058,58.06504,54.625553
squeezed_Sơn La,2017-09-01,63.293224,57.868412,53.898136,58.442207,50.27196,59.233044,56.605305,51.669678,58.06504,56.889305,0.0,69.24916
squeezed_Sơn La,2017-10-01,53.898136,57.810654,50.27196,60.720146,56.605305,57.10633,58.06504,59.783066,0.0,72.10191,68.28319,72.48538
squeezed_Sơn La,2017-11-01,50.27196,57.350998,56.605305,55.435265,58.06504,63.452778,0.0,73.934784,68.28319,66.961685,71.36485,73.93847
squeezed_Sơn La,2017-12-01,56.605305,50.537796,58.06504,64.39867,0.0,74.540306,68.28319,69.41914,71.36485,73.549065,70.71608,66.66484
squeezed_TT Huế,2016-01-01,57.92312,59.431347,62.532616,62.655613,65.92451,66.138336,69.75126,69.417854,74.5347,66.80282,58.70586,65.275185
squeezed_TT Huế,2016-02-01,62.532616,60.492607,65.92451,66.565216,69.75126,66.8867,74.5347,79.392914,58.70586,72.49728,64.01113,67.83885
squeezed_TT Huế,2016-03-01,65.92451,63.81442,69.75126,67.97219,74.5347,73.93025,58.70586,60.914528,64.01113,63.632183,59.314663,65.13821
squeezed_TT Huế,2016-04-01,69.75126,78.9294,74.5347,67.97438,58.70586,67.49044,64.01113,64.232346,59.314663,58.399918,63.92416,61.92373
squeezed_TT Huế,2016-05-01,74.5347,67.15338,58.70586,68.4027,64.01113,69.80972,59.314663,64.72807,63.92416,62.926067,64.44599,62.199375
squeezed_TT Huế,2016-06-01,58.70586,74.59101,64.01113,69.05626,59.314663,68.33431,63.92416,63.621258,64.44599,62.359554,14.959124,73.626526
squeezed_TT Huế,2016-07-01,64.01113,60.61642,59.314663,58.68736,63.92416,72.31895,64.44599,61.75825,14.959124,64.60763,42.99448,57.989773
squeezed_TT Huế,2016-08-01,59.314663,59.06087,63.92416,59.205612,64.44599,59.967186,14.959124,56.952675,42.99448,55.737457,44.59676,51.80675
squeezed_TT Huế,2016-09-01,63.92416,57.726345,64.44599,54.670246,14.959124,56.99334,42.99448,44.73959,44.59676,51.91358,55.1896,59.318253
squeezed_TT Huế,2016-10-01,64.44599,57.618267,14.959124,56.009186,42.99448,54.934757,44.59676,53.79184,55.1896,62.173534,47.80132,64.29998
squeezed_TT Huế,2016-11-01,14.959124,57.484108,42.99448,53.608814,44.59676,54.35777,55.1896,57.562447,47.80132,59.635174,57.05893,60.11255
squeezed_TT Huế,2016-12-01,42.99448,39.219643,44.59676,30.077372,55.1896,29.934465,47.80132,39.575626,57.05893,45.62244,53.67634,42.675278
squeezed_TT Huế,2017-01-01,44.59676,40.173656,55.1896,42.676308,47.80132,45.319077,57.05893,50.82922,53.67634,47.923126,53.409294,55.953644
squeezed_TT Huế,2017-02-01,55.1896,43.399403,47.80132,47.99259,57.05893,51.454227,53.67634,47.16262,53.409294,58.65779,55.1896,54.72416
squeezed_TT Huế,2017-03-01,47.80132,51.531048,57.05893,56.768574,53.67634,56.304962,53.409294,54.26165,55.1896,53.403988,45.75396,50.731537
squeezed_TT Huế,2017-04-01,57.05893,55.14868,53.67634,54.40859,53.409294,51.77798,55.1896,51.556976,45.75396,46.533165,47.178207,45.082363
squeezed_TT Huế,2017-05-01,53.67634,55.188316,53.409294,53.868286,55.1896,49.037437,45.75396,50.08432,47.178207,51.226826,49.670643,47.5623
squeezed_TT Huế,2017-06-01,53.409294,52.282272,55.1896,50.181194,45.75396,60.954937,47.178207,50.87487,49.670643,47.753693,46.37707,51.728584
squeezed_TT Huế,2017-07-01,55.1896,48.7558,45.75396,51.348476,47.178207,51.05678,49.670643,49.35822,46.37707,46.158127,40.07464,37.782627
squeezed_TT Huế,2017-08-01,45.75396,54.39254,47.178207,51.698696,49.670643,45.27946,46.37707,46.655613,40.07464,43.514477,33.4992,42.41742
squeezed_TT Huế,2017-09-01,47.178207,49.008102,49.670643,42.874096,46.37707,43.614803,40.07464,38.061375,33.4992,39.809074,44.784077,48.01672
squeezed_TT Huế,2017-10-01,49.670643,47.11296,46.37707,39.570793,40.07464,36.67634,33.4992,31.455322,44.784077,36.57447,50.026657,46.877342
squeezed_TT Huế,2017-11-01,46.37707,86.39349,40.07464,39.647076,33.4992,57.858604,44.784077,46.52663,50.026657,34.9887,56.335526,53.89392
squeezed_TT Huế,2017-12-01,40.07464,38.581573,33.4992,29.768362,44.784077,46.63456,50.026657,39.843884,56.335526,54.759228,51.448376,39.501873
squeezed_Thanh Hóa,2016-01-01,32.96205,35.267036,31.063118,36.9448,31.148146,38.933697,36.306435,42.899963,36.249752,45.475903,35.286114,43.507587
squeezed_Thanh Hóa,2016-02-01,31.063118,39.765266,31.148146,42.661064,36.306435,47.433525,36.249752,49.08048,35.286114,54.00405,31.034777,43.864506
squeezed_Thanh Hóa,2016-03-01,31.148146,38.98583,36.306435,41.887764,36.249752,45.34841,35.286114,54.50756,31.034777,40.330364,36.703228,38.167667
squeezed_Thanh Hóa,2016-04-01,36.306435,38.61306,36.249752,38.146553,35.286114,43.3898,31.034777,34.850998,36.703228,36.030037,32.281834,35.390713
squeezed_Thanh Hóa,2016-05-01,36.249752,37.297573,35.286114,38.365932,31.034777,36.269726,36.703228,33.184605,32.281834,32.331486,32.621944,37.4412
squeezed_Thanh Hóa,2016-06-01,35.286114,35.270622,31.034777,34.117725,36.703228,37.732456,32.281834,31.649792,32.621944,33.88405,35.116062,34.14633
squeezed_Thanh Hóa,2016-07-01,31.034777,33.232014,36.703228,35.718758,32.281834,34.4949,32.621944,35.747486,35.116062,29.95823,30.829426,33.444794
squeezed_Thanh Hóa,2016-08-01,36.703228,32.545357,32.281834,33.13841,32.621944,30.99705,35.116062,29.77461,30.829426,29.8307,28.109999,27.591003
squeezed_Thanh Hóa,2016-09-01,32.281834,33.433784,32.621944,35.201916,35.116062,33.18669,30.829426,26.6385,28.109999,23.962547,32.54988,36.177094
squeezed_Thanh Hóa,2016-10-01,32.621944,32.194115,35.116062,31.308386,30.829426,30.842577,28.109999,28.746462,32.54988,34.083607,31.883898,32.204903
squeezed_Thanh Hóa,2016-11-01,35.116062,32.22457,30.829426,28.572552,28.109999,27.29258,32.54988,32.956852,31.883898,35.519238,30.635181,38.288036
squeezed_Thanh Hóa,2016-12-01,30.829426,30.677444,28.109999,31.158802,32.54988,39.898636,31.883898,37.708893,30.635181,33.185795,37.988735,43.476063
squeezed_Thanh Hóa,2017-01-01,28.109999,33.47574,32.54988,36.508083,31.883898,39.9522,30.635181,38.841766,37.988735,39.198936,34.270332,40.630688
squeezed_Thanh Hóa,2017-02-01,32.54988,39.37964,31.883898,39.70128,30.635181,41.043102,37.988735,40.766487,34.270332,43.262085,35.491302,38.513657
squeezed_Thanh Hóa,2017-03-01,31.883898,39.8634,30.635181,37.59576,37.988735,42.194595,34.270332,39.958145,35.491302,36.371777,35.630047,37.42893
squeezed_Thanh Hóa,2017-04-01,30.635181,35.844852,37.988735,39.201633,34.270332,40.750065,35.491302,35.701134,35.630047,33.787827,37.406,34.354343
squeezed_Thanh Hóa,2017-05-01,37.988735,36.34421,34.270332,35.76599,35.491302,33.165524,35.630047,32.365116,37.406,30.838078,32.355633,31.878933
squeezed_Thanh Hóa,2017-06-01,34.270332,34.7896,35.491302,33.081448,35.630047,35.899174,37.406,34.365215,32.355633,29.662909,33.27136,34.412186
squeezed_Thanh Hóa,2017-07-01,35.491302,32.96508,35.630047,34.806984,37.406,31.167034,32.355633,29.744108,33.27136,29.664583,26.767273,31.06139
squeezed_Thanh Hóa,2017-08-01,35.630047,33.73834,37.406,33.740826,32.355633,32.879555,33.27136,29.16205,26.767273,27.616432,28.83265,32.265858
squeezed_Thanh Hóa,2017-09-01,37.406,32.17961,32.355633,33.489613,33.27136,33.53366,26.767273,28.162132,28.83265,29.489277,27.868807,36.64371
squeezed_Thanh Hóa,2017-10-01,32.355633,33.37174,33.27136,35.15672,26.767273,30.83839,28.83265,34.320538,27.868807,36.265118,28.364498,45.004612
squeezed_Thanh Hóa,2017-11-01,33.27136,32.33019,26.767273,33.20315,28.83265,34.048965,27.868807,39.514057,28.364498,42.866943,33.376476,41.837612
squeezed_Thanh Hóa,2017-12-01,26.767273,32.377094,28.83265,33.96682,27.868807,43.473213,28.364498,46.36508,33.376476,42.637737,35.276623,50.034996
squeezed_Thái Bình,2016-01-01,300.1676,290.61618,310.83798,315.27948,317.26257,313.28943,314.41342,329.17212,323.01675,365.6165,322.40222,369.30594
squeezed_Thái Bình,2016-02-01,310.83798,333.01343,317.26257,310.24426,314.41342,332.6411,323.01675,349.47498,322.40222,399.79022,322.34637,351.6514
squeezed_Thái Bình,2016-03-01,317.26257,303.54794,314.41342,331.48346,323.01675,373.59732,322.40222,393.80997,322.34637,375.69467,338.26816,327.91376
squeezed_Thái Bình,2016-04-01,314.41342,334.01495,323.01675,356.5516,322.40222,345.4558,322.34637,347.27142,338.26816,345.27505,266.87152,311.0222
squeezed_Thái Bình,2016-05-01,323.01675,356.73276,322.40222,347.9589,322.34637,340.07095,338.26816,339.5746,266.87152,335.17966,187.7095,374.51385
squeezed_Thái Bình,2016-06-01,322.40222,349.61853,322.34637,336.5674,338.26816,320.58295,266.87152,327.78476,187.7095,385.12308,153.07263,292.10797
squeezed_Thái Bình,2016-07-01,322.34637,326.2963,338.26816,325.84872,266.87152,319.3919,187.7095,329.51364,153.07263,306.82513,252.74904,275.76358
squeezed_Thái Bình,2016-08-01,338.26816,334.23294,266.87152,304.6004,187.7095,307.36792,153.07263,312.1377,252.74904,291.60406,270.67874,276.65173
squeezed_Thái Bình,2016-09-01,266.87152,325.64093,187.7095,299.35953,153.07263,295.9447,252.74904,287.67535,270.67874,276.75806,299.71292,279.29172
squeezed_Thái Bình,2016-10-01,187.7095,291.53284,153.07263,265.91278,252.74904,279.818,270.67874,267.9457,299.71292,283.45038,288.06674,285.4691
squeezed_Thái Bình,2016-11-01,153.07263,218.11658,252.74904,248.72807,270.67874,264.79202,299.71292,248.0753,288.06674,260.01318,295.27112,257.3717
squeezed_Thái Bình,2016-12-01,252.74904,182.22302,270.67874,215.62999,299.71292,257.74774,288.06674,228.7162,295.27112,242.09674,0.0,220.76256
squeezed_Thái Bình,2017-01-01,270.67874,229.8278,299.71292,250.00879,288.06674,269.96655,295.27112,244.17648,0.0,226.24379,289.42093,238.40382
squeezed_Thái Bình,2017-02-01,299.71292,282.02686,288.06674,326.38144,295.27112,273.83047,0.0,261.4289,289.42093,286.48132,0.0,263.06277
squeezed_Thái Bình,2017-03-01,288.06674,476.5307,295.27112,314.30743,0.0,286.195,289.42093,267.92923,0.0,275.58884,286.11667,259.74707
squeezed_Thái Bình,2017-04-01,295.27112,321.73355,0.0,289.2153,289.42093,281.55807,0.0,264.19595,286.11667,255.12743,262.60767,258.11746
squeezed_Thái Bình,2017-05-01,0.0,311.2906,289.42093,314.1825,0.0,290.3693,286.11667,258.80197,262.60767,253.16713,269.5412,248.97493
squeezed_Thái Bình,2017-06-01,289.42093,110.26383,0.0,111.86826,286.11667,101.17408,262.60767,101.87226,269.5412,107.94965,264.7202,78.757805
squeezed_Thái Bình,2017-07-01,0.0,235.54967,286.11667,212.09744,262.60767,183.2856,269.5412,181.5381,264.7202,207.07506,243.40651,159.38979
squeezed_Thái Bình,2017-08-01,286.11667,89.08141,262.60767,75.95986,269.5412,55.845222,264.7202,72.7097,243.40651,64.219734,0.0,84.18538
squeezed_Thái Bình,2017-09-01,262.60767,191.9108,269.5412,206.58867,264.7202,145.14967,243.40651,148.53032,0.0,156.28046,252.41357,146.40216
squeezed_Thái Bình,2017-10-01,269.5412,196.01277,264.7202,189.12224,243.40651,194.9375,0.0,210.13918,252.41357,227.25433,240.81764,209.63614
squeezed_Thái Bình,2017-11-01,264.7202,250.74365,243.40651,242.40031,0.0,225.1327,252.41357,224.91245,240.81764,246.22586,252.4675,230.21252
squeezed_Thái Bình,2017-12-01,243.40651,207.38292,0.0,220.46646,252.41357,272.05084,240.81764,267.05392,252.4675,282.96158,271.12885,293.72406
squeezed_Thái Nguyên,2016-01-01,25.745478,28.577757,28.434088,31.564075,30.470915,29.403305,32.915104,33.049137,29.737658,40.708256,25.745478,34.9544
squeezed_Thái Nguyên,2016-02-01,28.434088,31.056217,30.470915,33.966217,32.915104,35.44083,29.737658,40.046524,25.745478,40.278835,31.041225,33.86387
squeezed_Thái Nguyên,2016-03-01,30.470915,35.150436,32.915104,36.85927,29.737658,36.561256,25.745478,45.941105,31.041225,30.377686,32.426266,26.295929
squeezed_Thái Nguyên,2016-04-01,32.915104,34.27277,29.737658,34.24632,25.745478,30.380781,31.041225,26.770308,32.426266,28.681458,30.063549,25.904896
squeezed_Thái Nguyên,2016-05-01,29.737658,34.571033,25.745478,31.324512,31.041225,28.36818,32.426266,27.111591,30.063549,26.5082,31.530064,26.373167
squeezed_Thái Nguyên,2016-06-01,25.745478,29.88147,31.041225,26.91862,32.426266,28.396399,30.063549,25.601435,31.530064,27.51991,10.347075,23.862413
squeezed_Thái Nguyên,2016-07-01,31.041225,25.273441,32.426266,27.061457,30.063549,22.14802,31.530064,24.709314,10.347075,22.824148,20.69899,19.679361
squeezed_Thái Nguyên,2016-08-01,32.426266,28.474588,30.063549,28.90753,31.530064,27.476892,10.347075,22.964378,20.69899,23.075941,26.192183,19.265387
squeezed_Thái Nguyên,2016-09-01,30.063549,32.750362,31.530064,30.433268,10.347075,27.433624,20.69899,22.34935,26.192183,18.120653,26.669851,25.128822
squeezed_Thái Nguyên,2016-10-01,31.530064,29.121506,10.347075,27.698402,20.69899,28.085741,26.192183,21.990993,26.669851,29.001762,25.47568,23.187906
squeezed_Thái Nguyên,2016-11-01,10.347075,28.98572,20.69899,32.241814,26.192183,24.588339,26.669851,24.693289,25.47568,29.986214,27.22713,30.055403
squeezed_Thái Nguyên,2016-12-01,20.69899,26.379017,26.192183,6.19866,26.669851,16.46119,25.47568,10.681727,27.22713,17.520733,23.326168,28.428732
squeezed_Thái Nguyên,2017-01-01,26.192183,16.841246,26.669851,13.702454,25.47568,13.532046,27.22713,27.569105,23.326168,23.521582,24.99801,30.432621
squeezed_Thái Nguyên,2017-02-01,26.669851,27.324492,25.47568,29.965534,27.22713,30.544975,23.326168,32.67623,24.99801,29.664928,22.131996,27.424974
squeezed_Thái Nguyên,2017-03-01,25.47568,31.033142,27.22713,27.189081,23.326168,29.562155,24.99801,32.758213,22.131996,27.126251,21.495104,27.135088
squeezed_Thái Nguyên,2017-04-01,27.22713,29.935312,23.326168,29.094418,24.99801,29.024551,22.131996,23.43976,21.495104,24.96617,20.062098,24.138008
squeezed_Thái Nguyên,2017-05-01,23.326168,34.03246,24.99801,26.73648,22.131996,22.932835,21.495104,24.645105,20.062098,23.001049,17.03686,22.681105
squeezed_Thái Nguyên,2017-06-01,24.99801,23.22261,22.131996,22.545576,21.495104,22.941128,20.062098,19.285997,17.03686,21.471983,17.196083,23.174927
squeezed_Thái Nguyên,2017-07-01,22.131996,24.763668,21.495104,23.873161,20.062098,18.895468,17.03686,21.197643,17.196083,18.6169,15.546482,21.922474
squeezed_Thái Nguyên,2017-08-01,21.495104,21.7996,20.062098,22.121305,17.03686,20.355701,17.196083,15.619471,15.546482,19.72493,15.153894,23.909706
squeezed_Thái Nguyên,2017-09-01,20.062098,20.253983,17.03686,20.594618,17.196083,17.049088,15.546482,18.233603,15.153894,22.810934,36.275127,26.024496
squeezed_Thái Nguyên,2017-10-01,17.03686,17.802235,17.196083,17.969791,15.546482,16.635557,15.153894,26.241022,36.275127,26.87895,20.964195,28.653685
squeezed_Thái Nguyên,2017-11-01,17.196083,16.071323,15.546482,18.45296,15.153894,26.028866,36.275127,24.943443,20.964195,27.566551,19.315327,27.406984
squeezed_Thái Nguyên,2017-12-01,15.546482,23.774275,15.153894,24.510418,36.275127,28.940474,20.964195,28.627808,19.315327,30.359602,15.782035,32.682423
squeezed_Tiền Giang,2016-01-01,20.055166,21.807144,27.00839,29.021263,25.744167,31.398788,24.939663,32.2291,26.376278,32.95922,27.180784,26.717253
squeezed_Tiền Giang,2016-02-01,27.00839,23.84296,25.744167,36.571667,24.939663,31.007666,26.376278,32.894463,27.180784,35.975254,24.824734,30.000853
squeezed_Tiền Giang,2016-03-01,25.744167,34.481606,24.939663,30.96273,26.376278,37.965202,27.180784,35.330944,24.824734,32.579655,23.388117,31.355057
squeezed_Tiền Giang,2016-04-01,24.939663,33.556454,26.376278,32.35871,27.180784,28.343815,24.824734,29.502184,23.388117,27.156368,22.238823,24.166527
squeezed_Tiền Giang,2016-05-01,26.376278,29.559444,27.180784,29.694878,24.824734,26.558704,23.388117,26.715694,22.238823,23.436802,23.732904,22.048552
squeezed_Tiền Giang,2016-06-01,27.180784,27.94226,24.824734,26.06487,23.388117,21.861973,22.238823,21.289228,23.732904,23.164253,0.22985864,24.319805
squeezed_Tiền Giang,2016-07-01,24.824734,29.054518,23.388117,26.17891,22.238823,19.341288,23.732904,20.995031,0.22985864,22.815968,14.841877,25.770105
squeezed_Tiền Giang,2016-08-01,23.388117,24.787043,22.238823,21.352335,23.732904,20.06876,0.22985864,33.179993,14.841877,23.553612,18.60943,25.740278
squeezed_Tiền Giang,2016-09-01,22.238823,20.26839,23.732904,20.3335,0.22985864,25.341028,14.841877,18.218122,18.60943,21.679886,19.351524,34.211533
squeezed_Tiền Giang,2016-10-01,23.732904,19.395483,0.22985864,22.77099,14.841877,23.07071,18.60943,29.462576,19.351524,29.871603,17.467747,31.300766
squeezed_Tiền Giang,2016-11-01,0.22985864,23.44433,14.841877,24.240551,18.60943,25.334692,19.351524,30.21751,17.467747,31.466972,19.865282,29.198853
squeezed_Tiền Giang,2016-12-01,14.841877,34.893616,18.60943,15.057915,19.351524,32.74294,17.467747,27.838999,19.865282,30.998154,25.63078,31.323902
squeezed_Tiền Giang,2017-01-01,18.60943,15.18198,19.351524,29.582415,17.467747,27.32889,19.865282,29.079147,25.63078,29.291567,21.577806,24.245834
squeezed_Tiền Giang,2017-02-01,19.351524,55.89064,17.467747,25.061834,19.865282,26.734858,25.63078,28.180746,21.577806,26.939222,21.121132,26.153048
squeezed_Tiền Giang,2017-03-01,17.467747,22.8244,19.865282,26.178452,25.63078,24.60006,21.577806,31.249687,21.121132,31.498848,19.351524,26.474493
squeezed_Tiền Giang,2017-04-01,19.865282,22.211214,25.63078,22.708784,21.577806,25.398382,21.121132,22.703213,19.351524,25.26726,20.835712,20.344963
squeezed_Tiền Giang,2017-05-01,25.63078,24.121187,21.577806,20.178396,21.121132,17.354395,19.351524,18.652287,20.835712,18.654827,17.924421,23.964638
squeezed_Tiền Giang,2017-06-01,21.577806,25.400751,21.121132,21.625555,19.351524,18.36637,20.835712,21.330202,17.924421,19.642881,14.670625,27.394688
squeezed_Tiền Giang,2017-07-01,21.121132,20.886778,19.351524,19.483318,20.835712,28.157824,17.924421,20.215998,14.670625,41.898136,19.21437,29.027025
squeezed_Tiền Giang,2017-08-01,19.351524,19.842422,20.835712,17.593166,17.924421,15.609385,14.670625,37.013245,19.21437,22.941328,18.077425,25.68094
squeezed_Tiền Giang,2017-09-01,20.835712,17.253452,17.924421,19.680374,14.670625,53.46886,19.21437,23.586216,18.077425,21.183296,21.033484,25.418102
squeezed_Tiền Giang,2017-10-01,17.924421,16.94943,14.670625,46.69135,19.21437,21.993944,18.077425,25.715237,21.033484,27.682161,28.878405,30.25185
squeezed_Tiền Giang,2017-11-01,14.670625,32.84089,19.21437,24.622961,18.077425,20.449217,21.033484,23.17666,28.878405,24.091425,26.149736,28.541485
squeezed_Tiền Giang,2017-12-01,19.21437,25.812372,18.077425,21.491837,21.033484,23.605867,28.878405,27.163967,26.149736,30.07477,27.684612,27.94298
squeezed_Trà Vinh,2016-01-01,8.073042,7.921015,7.8808265,21.733667,11.148486,51.04761,16.722729,25.921757,20.567036,31.581387,16.914946,27.09227
squeezed_Trà Vinh,2016-02-01,7.8808265,10.367518,11.148486,48.24249,16.722729,24.344477,20.567036,33.26143,16.914946,23.163618,12.782316,22.388617
squeezed_Trà Vinh,2016-03-01,11.148486,30.390028,16.722729,26.319698,20.567036,27.338787,16.914946,26.398401,12.782316,20.62131,10.956271,49.705273
squeezed_Trà Vinh,2016-04-01,16.722729,18.395735,20.567036,19.594595,16.914946,19.883968,12.782316,20.212664,10.956271,18.860928,10.667948,17.082926
squeezed_Trà Vinh,2016-05-01,20.567036,21.526096,16.914946,17.067522,12.782316,14.57776,10.956271,15.467678,10.667948,12.895683,6.2469964,27.141155
squeezed_Trà Vinh,2016-06-01,16.914946,17.876278,12.782316,20.095776,10.956271,12.797285,10.667948,15.965978,6.2469964,36.437065,6.2469964,33.668922
squeezed_Trà Vinh,2016-07-01,12.782316,16.539274,10.956271,12.837299,10.667948,12.417685,6.2469964,38.528507,6.2469964,45.414433,8.431704,32.20752
squeezed_Trà Vinh,2016-08-01,10.956271,12.147193,10.667948,10.181421,6.2469964,42.308266,6.2469964,38.66765,8.431704,42.20114,20.930464,34.309204
squeezed_Trà Vinh,2016-09-01,10.667948,13.210885,6.2469964,37.088814,6.2469964,42.56927,8.431704,40.820194,20.930464,44.023647,20.632874,41.399574
squeezed_Trà Vinh,2016-10-01,6.2469964,30.128593,6.2469964,40.954338,8.431704,48.51558,20.930464,49.267635,20.632874,53.33378,11.605991,35.751186
squeezed_Trà Vinh,2016-11-01,6.2469964,28.490326,8.431704,41.08026,20.930464,50.96591,20.632874,45.242725,11.605991,34.652576,19.144926,29.788208
squeezed_Trà Vinh,2016-12-01,8.431704,52.81228,20.930464,43.373535,20.632874,55.27121,11.605991,34.13015,19.144926,34.1069,14.978673,32.85058
squeezed_Trà Vinh,2017-01-01,20.930464,27.633413,20.632874,51.18733,11.605991,28.98788,19.144926,33.905178,14.978673,29.699253,28.271006,24.472553
squeezed_Trà Vinh,2017-02-01,20.632874,39.323215,11.605991,25.696983,19.144926,26.343939,14.978673,28.033438,28.271006,27.95867,29.461363,27.43107
squeezed_Trà Vinh,2017-03-01,11.605991,22.78711,19.144926,24.983465,14.978673,24.806822,28.271006,27.652296,29.461363,27.301163,25.5927,27.439737
squeezed_Trà Vinh,2017-04-01,19.144926,18.862144,14.978673,20.36635,28.271006,21.905504,29.461363,18.661343,25.5927,21.211615,13.887511,19.94411
squeezed_Trà Vinh,2017-05-01,14.978673,21.392187,28.271006,22.935349,29.461363,15.883743,25.5927,20.03074,13.887511,19.482496,9.820455,28.982517
squeezed_Trà Vinh,2017-06-01,28.271006,18.353176,29.461363,22.596876,25.5927,17.42692,13.887511,18.74165,9.820455,40.03347,14.185101,34.49651
squeezed_Trà Vinh,2017-07-01,29.461363,32.252632,25.5927,22.684544,13.887511,20.12652,9.820455,46.673496,14.185101,45.33015,11.994449,39.78114
squeezed_Trà Vinh,2017-08-01,25.5927,28.675116,13.887511,27.764866,9.820455,48.611374,14.185101,48.1835,11.994449,46.71192,17.248217,33.268726
squeezed_Trà Vinh,2017-09-01,13.887511,25.983047,9.820455,49.704098,14.185101,52.135548,11.994449,46.435863,17.248217,27.856432,17.545599,31.962297
squeezed_Trà Vinh,2017-10-01,9.820455,30.567192,14.185101,48.446484,11.994449,55.89008,17.248217,30.526701,17.545599,33.789192,18.437748,27.500345
squeezed_Trà Vinh,2017-11-01,14.185101,30.151527,11.994449,44.131718,17.248217,18.736883,17.545599,24.9342,18.437748,27.934069,20.717684,28.279568
squeezed_Trà Vinh,2017-12-01,11.994449,39.406906,17.248217,16.164558,17.545599,18.303318,18.437748,27.305433,20.717684,31.076744,20.12292,28.31816
squeezed_Tuyên Quang,2016-01-01,38.33616,39.53618,38.466553,43.576298,38.205765,46.799572,35.597862,47.563892,32.337986,54.267914,31.164429,53.029583
squeezed_Tuyên Quang,2016-02-01,38.466553,44.21026,38.205765,48.43489,35.597862,53.850834,32.337986,55.190388,31.164429,58.20325,38.988132,49.175724
squeezed_Tuyên Quang,2016-03-01,38.205765,45.635643,35.597862,47.12355,32.337986,42.3785,31.164429,64.51432,38.988132,45.860275,37.553787,46.323467
squeezed_Tuyên Quang,2016-04-01,35.597862,44.554695,32.337986,41.738308,31.164429,41.579727,38.988132,41.528984,37.553787,40.025402,38.59695,39.61822
squeezed_Tuyên Quang,2016-05-01,32.337986,38.6903,31.164429,37.99568,38.988132,34.466812,37.553787,36.889503,38.59695,35.300945,33.51154,36.79658
squeezed_Tuyên Quang,2016-06-01,31.164429,32.04972,38.988132,33.343132,37.553787,33.43832,38.59695,33.310123,33.51154,36.518208,20.080845,31.579617
squeezed_Tuyên Quang,2016-07-01,38.988132,29.357704,37.553787,32.990105,38.59695,31.230595,33.51154,33.6972,20.080845,31.624067,0.0,26.89775
squeezed_Tuyên Quang,2016-08-01,37.553787,32.08666,38.59695,34.292435,33.51154,33.94873,20.080845,29.453505,0.0,29.338667,0.0,35.038963
squeezed_Tuyên Quang,2016-09-01,38.59695,36.275223,33.51154,36.150433,20.080845,34.113407,0.0,27.723331,0.0,31.086218,0.0,36.02067
squeezed_Tuyên Quang,2016-10-01,33.51154,34.343033,20.080845,35.817364,0.0,35.852642,0.0,37.51917,0.0,34.880955,0.0,41.79766
squeezed_Tuyên Quang,2016-11-01,20.080845,38.52844,0.0,22.274275,0.0,31.937294,0.0,34.281513,0.0,41.26788,0.0,37.664124
squeezed_Tuyên Quang,2016-12-01,0.0,18.526075,0.0,21.56227,0.0,31.458822,0.0,36.55808,0.0,31.332108,0.0,27.19551
squeezed_Tuyên Quang,2017-01-01,0.0,4.2696705,0.0,1.2041479,0.0,4.2602377,0.0,9.6961975,0.0,8.038882,0.0,20.321888
squeezed_Tuyên Quang,2017-02-01,0.0,7.0147834,0.0,7.103677,0.0,35.758293,0.0,8.028846,0.0,16.027939,0.0,9.7706785
squeezed_Tuyên Quang,2017-03-01,0.0,6.396696,0.0,7.3568344,0.0,4.5879154,0.0,6.01383,0.0,6.8527513,0.0,5.572805
squeezed_Tuyên Quang,2017-04-01,0.0,5.7153344,0.0,-0.6945056,0.0,4.0416927,0.0,3.5267556,0.0,0.19037877,0.0,5.976917
squeezed_Tuyên Quang,2017-05-01,0.0,5.893734,0.0,-2.1611052,0.0,2.2934475,0.0,-0.8290712,0.0,1.1629679,0.0,3.0826426
squeezed_Tuyên Quang,2017-06-01,0.0,4.656259,0.0,-1.8349854,0.0,2.2232983,0.0,0.05886247,0.0,1.1622971,0.0,21.517862
squeezed_Tuyên Quang,2017-07-01,0.0,4.478276,0.0,0.14190243,0.0,3.4386284,0.0,2.17054,0.0,0.070006326,32.763718,41.966084
squeezed_Tuyên Quang,2017-08-01,0.0,4.496732,0.0,-0.108254105,0.0,2.8208232,0.0,0.9868576,32.763718,36.730022,40.60131,52.168373
squeezed_Tuyên Quang,2017-09-01,0.0,4.0639024,0.0,0.4093787,0.0,4.560033,32.763718,39.087593,40.60131,48.499706,43.04253,61.291832
squeezed_Tuyên Quang,2017-10-01,0.0,4.211164,0.0,2.358314,32.763718,45.107155,40.60131,59.884445,43.04253,56.95985,36.746758,62.879448
squeezed_Tuyên Quang,2017-11-01,0.0,5.476734,32.763718,43.86468,40.60131,57.676632,43.04253,65.402626,36.746758,53.62743,36.10433,63.492336
squeezed_Tuyên Quang,2017-12-01,32.763718,48.56231,40.60131,51.321117,43.04253,74.72291,36.746758,62.43496,36.10433,63.538544,37.517666,79.22724
squeezed_Tây Ninh,2016-01-01,12.602789,18.967216,15.4629965,24.389702,10.636396,24.681223,9.116911,24.40729,13.764748,26.773188,11.887737,23.358232
squeezed_Tây Ninh,2016-02-01,15.4629965,17.697954,10.636396,22.067966,9.116911,26.182545,13.764748,25.662401,11.887737,26.001019,12.334644,23.531103
squeezed_Tây Ninh,2016-03-01,10.636396,20.903276,9.116911,19.893549,13.764748,24.042294,11.887737,23.199812,12.334644,21.60297,8.223096,20.557396
squeezed_Tây Ninh,2016-04-01,9.116911,15.811427,13.764748,19.443756,11.887737,21.186775,12.334644,19.50903,8.223096,19.99472,8.044333,18.512228
squeezed_Tây Ninh,2016-05-01,13.764748,15.2339,11.887737,18.088844,12.334644,16.42606,8.223096,17.814808,8.044333,15.981863,11.887737,18.728523
squeezed_Tây Ninh,2016-06-01,11.887737,13.794024,12.334644,18.185047,8.223096,13.683529,8.044333,11.938772,11.887737,16.848001,0.6256704,16.385221
squeezed_Tây Ninh,2016-07-01,12.334644,12.880914,8.223096,13.234829,8.044333,12.481966,11.887737,15.922576,0.6256704,16.141893,4.691165,24.283997
squeezed_Tây Ninh,2016-08-01,8.223096,12.166487,8.044333,13.116141,11.887737,14.45267,0.6256704,16.194029,4.691165,16.176935,2.9536965,18.217482
squeezed_Tây Ninh,2016-09-01,8.044333,11.750184,11.887737,7.400456,0.6256704,22.21809,4.691165,29.164204,2.9536965,18.444695,4.7780385,23.311728
squeezed_Tây Ninh,2016-10-01,11.887737,11.74157,0.6256704,15.463237,4.691165,24.854723,2.9536965,18.641787,4.7780385,25.201939,9.469203,25.765623
squeezed_Tây Ninh,2016-11-01,0.6256704,14.664909,4.691165,18.064816,2.9536965,20.562635,4.7780385,23.231474,9.469203,26.835503,7.2104945,32.936
squeezed_Tây Ninh,2016-12-01,4.691165,37.85419,2.9536965,14.920081,4.7780385,28.667383,9.469203,33.277676,7.2104945,51.80143,7.9923553,34.07046
squeezed_Tây Ninh,2017-01-01,2.9536965,14.994007,4.7780385,16.290344,9.469203,30.940538,7.2104945,46.308075,7.9923553,29.808561,9.469203,34.60847
squeezed_Tây Ninh,2017-02-01,4.7780385,7.0612006,9.469203,18.38302,7.2104945,50.29843,7.9923553,23.287226,9.469203,42.472893,5.8205194,24.452856
squeezed_Tây Ninh,2017-03-01,9.469203,14.364814,7.2104945,39.55657,7.9923553,9.619113,9.469203,21.437284,5.8205194,22.709814,5.8205194,39.68358
squeezed_Tây Ninh,2017-04-01,7.2104945,32.734333,7.9923553,12.471927,9.469203,14.487691,5.8205194,18.176027,5.8205194,37.146523,8.513596,40.70838
squeezed_Tây Ninh,2017-05-01,7.9923553,7.8867793,9.469203,6.322569,5.8205194,12.274223,5.8205194,35.637066,8.513596,40.632496,9.64295,33.40942
squeezed_Tây Ninh,2017-06-01,9.469203,10.901092,5.8205194,10.722696,5.8205194,42.906185,8.513596,31.801508,9.64295,17.129711,5.2992787,36.07076
squeezed_Tây Ninh,2017-07-01,5.8205194,11.714819,5.8205194,41.4553,8.513596,44.722126,9.64295,16.356962,5.2992787,36.173206,9.993969,41.729225
squeezed_Tây Ninh,2017-08-01,5.8205194,28.753036,8.513596,40.52568,9.64295,9.139871,5.2992787,41.18829,9.993969,41.94489,8.443181,34.337708
squeezed_Tây Ninh,2017-09-01,8.513596,28.566895,9.64295,8.443178,5.2992787,40.2627,9.993969,46.0411,8.443181,42.981358,6.633928,41.02117
squeezed_Tây Ninh,2017-10-01,9.64295,19.465317,5.2992787,43.083096,9.993969,49.266365,8.443181,49.42183,6.633928,52.844822,6.8923926,34.93006
squeezed_Tây Ninh,2017-11-01,5.2992787,30.208933,9.993969,41.6676,8.443181,48.22058,6.633928,46.473263,6.8923926,32.57999,5.9446883,40.032036
squeezed_Tây Ninh,2017-12-01,9.993969,45.23359,8.443181,40.940742,6.633928,46.891384,6.8923926,30.039331,5.9446883,54.254345,5.1692944,43.35743
squeezed_Vĩnh Phúc,2016-01-01,42.307693,46.03082,40.52533,45.22899,42.213882,47.025173,41.557224,50.485806,38.649155,52.095356,40.900562,56.045166
squeezed_Vĩnh Phúc,2016-02-01,40.52533,46.330353,42.213882,50.060867,41.557224,64.04454,38.649155,56.397797,40.900562,61.160763,40.43152,54.433537
squeezed_Vĩnh Phúc,2016-03-01,42.213882,47.52012,41.557224,45.988564,38.649155,50.021023,40.900562,59.730137,40.43152,46.6961,38.555347,46.733105
squeezed_Vĩnh Phúc,2016-04-01,41.557224,47.754906,38.649155,45.39748,40.900562,43.30558,40.43152,40.17446,38.555347,43.50992,38.086304,40.854595
squeezed_Vĩnh Phúc,2016-05-01,38.649155,47.21598,40.900562,41.854027,40.43152,37.57099,38.555347,38.631348,38.086304,39.128647,36.679176,39.72551
squeezed_Vĩnh Phúc,2016-06-01,40.900562,39.403984,40.43152,35.1932,38.555347,37.543446,38.086304,37.30844,36.679176,39.01447,9.756098,42.240513
squeezed_Vĩnh Phúc,2016-07-01,40.43152,39.02633,38.555347,38.675716,38.086304,38.8285,36.679176,37.483845,9.756098,40.15405,29.20488,41.209183
squeezed_Vĩnh Phúc,2016-08-01,38.555347,37.794804,38.086304,36.775883,36.679176,35.89063,9.756098,35.87713,29.20488,35.621696,25.37619,39.22862
squeezed_Vĩnh Phúc,2016-09-01,38.086304,36.86828,36.679176,35.71592,9.756098,34.908928,29.20488,32.890663,25.37619,35.319355,0.0,38.01819
squeezed_Vĩnh Phúc,2016-10-01,36.679176,36.56303,9.756098,37.047077,29.20488,35.785595,25.37619,38.056404,0.0,36.369747,31.163744,39.257732
squeezed_Vĩnh Phúc,2016-11-01,9.756098,35.39375,29.20488,35.70702,25.37619,32.027355,0.0,38.456566,31.163744,39.06151,29.471996,41.998318
squeezed_Vĩnh Phúc,2016-12-01,29.20488,26.877573,25.37619,14.4599,0.0,22.408428,31.163744,27.038935,29.471996,27.195173,28.937761,36.906967
squeezed_Vĩnh Phúc,2017-01-01,25.37619,29.923216,0.0,27.848087,31.163744,29.999949,29.471996,33.874157,28.937761,36.016853,33.300686,36.22969
squeezed_Vĩnh Phúc,2017-02-01,0.0,30.227814,31.163744,35.848576,29.471996,32.904694,28.937761,35.914852,33.300686,39.200268,0.0,34.625763
squeezed_Vĩnh Phúc,2017-03-01,31.163744,12.261936,29.471996,8.052862,28.937761,16.718426,33.300686,12.392155,0.0,9.891612,37.57457,15.03903
squeezed_Vĩnh Phúc,2017-04-01,29.471996,31.137981,28.937761,31.565447,33.300686,42.32067,0.0,27.375252,37.57457,27.684998,35.25955,25.778381
squeezed_Vĩnh Phúc,2017-05-01,28.937761,56.720585,33.300686,34.353237,0.0,32.928383,37.57457,28.16391,35.25955,27.843159,26.355623,27.981564
squeezed_Vĩnh Phúc,2017-06-01,33.300686,32.730145,0.0,28.910164,37.57457,28.336826,35.25955,25.751068,26.355623,28.677729,0.0,26.2795
squeezed_Vĩnh Phúc,2017-07-01,0.0,31.658339,37.57457,31.392998,35.25955,28.78742,26.355623,26.601164,0.0,29.282318,0.0,27.544867
squeezed_Vĩnh Phúc,2017-08-01,37.57457,6.981662,35.25955,4.6475554,26.355623,7.115327,0.0,4.6561165,0.0,7.5216303,0.0,16.37154
squeezed_Vĩnh Phúc,2017-09-01,35.25955,27.802647,26.355623,28.793053,0.0,28.609844,0.0,22.307743,0.0,25.952477,0.0,36.085117
squeezed_Vĩnh Phúc,2017-10-01,26.355623,31.548607,0.0,30.632969,0.0,31.384863,0.0,35.81052,0.0,52.6461,0.0,44.342514
squeezed_Vĩnh Phúc,2017-11-01,0.0,27.139412,0.0,27.173326,0.0,27.172735,0.0,53.844883,0.0,37.802563,0.0,37.744316
squeezed_Vĩnh Phúc,2017-12-01,0.0,25.339548,0.0,12.063268,0.0,53.22618,0.0,22.923998,0.0,27.009367,0.0,19.150202
squeezed_Yên Bái,2016-01-01,11.12361,20.837694,29.99625,27.832636,22.997126,23.760653,26.496689,29.866247,22.747156,39.43834,19.247595,43.742958
squeezed_Yên Bái,2016-02-01,29.99625,20.791576,22.997126,28.074884,26.496689,33.140015,22.747156,33.28785,19.247595,40.311577,26.746656,35.211548
squeezed_Yên Bái,2016-03-01,22.997126,35.00917,26.496689,38.095028,22.747156,41.55191,19.247595,49.10362,26.746656,37.70264,18.497688,37.76391
squeezed_Yên Bái,2016-04-01,26.496689,27.92037,22.747156,27.501808,19.247595,28.784546,26.746656,26.953764,18.497688,28.631273,19.247595,26.702166
squeezed_Yên Bái,2016-05-01,22.747156,30.225338,19.247595,26.214466,26.746656,20.035278,18.497688,26.88563,19.247595,23.094074,18.497688,24.147747
squeezed_Yên Bái,2016-06-01,19.247595,23.04989,26.746656,23.298279,18.497688,23.145578,19.247595,20.195164,18.497688,22.057495,2.2497187,22.039948
squeezed_Yên Bái,2016-07-01,26.746656,20.219805,18.497688,19.284346,19.247595,19.069029,18.497688,19.374882,2.2497187,20.01167,14.121144,22.17681
squeezed_Yên Bái,2016-08-01,18.497688,25.107592,19.247595,24.820719,18.497688,21.803156,2.2497187,20.66193,14.121144,21.305613,20.4385,19.300978
squeezed_Yên Bái,2016-09-01,19.247595,18.917515,18.497688,18.932545,2.2497187,16.237635,14.121144,14.347639,20.4385,15.063794,24.03072,25.175499
squeezed_Yên Bái,2016-10-01,18.497688,17.68154,2.2497187,19.983873,14.121144,17.8039,20.4385,19.999817,24.03072,24.533817,22.915892,29.835577
squeezed_Yên Bái,2016-11-01,2.2497187,17.92019,14.121144,20.085415,20.4385,23.693842,24.03072,21.266243,22.915892,21.24328,20.810108,25.792778
squeezed_Yên Bái,2016-12-01,14.121144,23.223797,20.4385,8.863701,24.03072,11.661669,22.915892,16.351591,20.810108,19.824354,22.420414,21.943844
squeezed_Yên Bái,2017-01-01,20.4385,18.341629,24.03072,15.231866,22.915892,13.225382,20.810108,20.371353,22.420414,24.15395,25.145546,28.060444
squeezed_Yên Bái,2017-02-01,24.03072,22.7646,22.915892,27.72939,20.810108,31.412928,22.420414,29.285688,25.145546,35.106888,18.952063,33.18383
squeezed_Yên Bái,2017-03-01,22.915892,28.325043,20.810108,27.754957,22.420414,25.54877,25.145546,33.171894,18.952063,28.305992,16.10306,27.014761
squeezed_Yên Bái,2017-04-01,20.810108,26.3745,22.420414,24.050987,25.145546,24.628757,18.952063,22.497076,16.10306,22.242344,9.414097,24.684307
squeezed_Yên Bái,2017-05-01,22.420414,22.459957,25.145546,24.09564,18.952063,18.482204,16.10306,21.015076,9.414097,20.13779,11.89149,24.179777
squeezed_Yên Bái,2017-06-01,25.145546,22.809677,18.952063,22.85307,16.10306,19.523325,9.414097,20.004791,11.89149,21.616209,11.643751,30.688574
squeezed_Yên Bái,2017-07-01,18.952063,25.708874,16.10306,23.220455,9.414097,19.295763,11.89149,25.862095,11.643751,43.62922,18.904984,28.576317
squeezed_Yên Bái,2017-08-01,16.10306,19.552513,9.414097,18.800087,11.89149,21.942774,11.643751,38.412907,18.904984,26.826202,14.117358,27.218037
squeezed_Yên Bái,2017-09-01,9.414097,17.981153,11.89149,18.321316,11.643751,46.907978,18.904984,17.149406,14.117358,20.24804,17.18635,26.697227
squeezed_Yên Bái,2017-10-01,11.89149,12.893214,11.643751,39.635204,18.904984,18.809448,14.117358,22.390244,17.18635,28.773184,14.485637,26.777023
squeezed_Yên Bái,2017-11-01,11.643751,28.457056,18.904984,16.443398,14.117358,23.254347,17.18635,28.174334,14.485637,27.749815,18.413946,32.29007
squeezed_Yên Bái,2017-12-01,18.904984,23.465754,14.117358,24.536945,17.18635,29.703596,14.485637,32.273838,18.413946,34.485626,16.449791,35.939346
squeezed_Điện Biên,2016-01-01,170.97237,166.48915,278.4356,175.4763,222.82024,176.78813,202.72694,163.14226,201.82993,195.85803,155.00539,191.31332
squeezed_Điện Biên,2016-02-01,278.4356,168.9681,222.82024,190.70721,202.72694,180.44586,201.82993,210.00066,155.00539,204.20961,148.54683,198.90024
squeezed_Điện Biên,2016-03-01,222.82024,227.58812,202.72694,229.96913,201.82993,237.32666,155.00539,237.04971,148.54683,220.09593,151.9555,202.34285
squeezed_Điện Biên,2016-04-01,202.72694,230.1543,201.82993,234.35889,155.00539,244.98268,148.54683,231.02995,151.9555,210.02188,141.19124,204.27153
squeezed_Điện Biên,2016-05-01,201.82993,218.55879,155.00539,220.80696,148.54683,226.23842,151.9555,197.02483,141.19124,198.63861,161.10513,194.79459
squeezed_Điện Biên,2016-06-01,155.00539,211.84563,148.54683,202.18283,151.9555,205.45247,141.19124,184.24687,161.10513,170.83395,1.435235,179.31706
squeezed_Điện Biên,2016-07-01,148.54683,177.23027,151.9555,166.14142,141.19124,174.22322,161.10513,161.13661,1.435235,151.46214,152.05385,161.3674
squeezed_Điện Biên,2016-08-01,151.9555,155.29953,141.19124,149.4316,161.10513,142.36485,1.435235,150.2526,152.05385,151.88522,0.0,128.11562
squeezed_Điện Biên,2016-09-01,141.19124,143.55606,161.10513,148.07858,1.435235,138.53226,152.05385,137.21255,0.0,133.47948,0.0,154.9719
squeezed_Điện Biên,2016-10-01,161.10513,145.68738,1.435235,139.15596,152.05385,146.88336,0.0,121.74749,0.0,154.22174,136.52054,153.94254
squeezed_Điện Biên,2016-11-01,1.435235,149.77199,152.05385,152.84404,0.0,146.31601,0.0,161.16121,136.52054,155.82585,147.39386,167.72324
squeezed_Điện Biên,2016-12-01,152.05385,80.09328,0.0,42.103558,0.0,75.8112,136.52054,50.377068,147.39386,67.84609,157.4042,90.505554
squeezed_Điện Biên,2017-01-01,0.0,121.51951,0.0,136.42888,136.52054,121.25657,147.39386,135.80084,157.4042,146.68849,0.0,140.44348
squeezed_Điện Biên,2017-02-01,0.0,65.59322,136.52054,56.562412,147.39386,49.02751,157.4042,65.98314,0.0,58.468285,137.3835,59.102104
squeezed_Điện Biên,2017-03-01,136.52054,10.438232,147.39386,11.541323,157.4042,9.938852,0.0,10.467226,137.3835,10.18821,181.04936,4.411365
squeezed_Điện Biên,2017-04-01,147.39386,119.25532,157.4042,119.608635,0.0,101.170815,137.3835,100.201675,181.04936,99.12665,0.0,89.34086
squeezed_Điện Biên,2017-05-01,157.4042,129.5086,0.0,126.67592,137.3835,115.112724,181.04936,103.18987,0.0,108.38581,132.03314,98.73523
squeezed_Điện Biên,2017-06-01,0.0,137.4249,137.3835,125.02688,181.04936,110.25442,0.0,103.76163,132.03314,110.995224,0.0,92.786224
squeezed_Điện Biên,2017-07-01,137.3835,62.48326,181.04936,46.2542,0.0,42.111866,132.03314,49.284782,0.0,72.99971,0.0,52.68423
squeezed_Điện Biên,2017-08-01,181.04936,111.28131,0.0,105.59949,132.03314,99.526344,0.0,89.73109,0.0,90.449905,159.18713,100.23722
squeezed_Điện Biên,2017-09-01,0.0,133.70679,132.03314,131.94629,0.0,138.77257,0.0,97.456085,159.18713,139.2564,0.0,153.91075
squeezed_Điện Biên,2017-10-01,132.03314,69.790016,0.0,63.53742,0.0,55.927734,159.18713,72.71616,0.0,98.55488,0.0,70.55938
squeezed_Điện Biên,2017-11-01,0.0,108.71272,0.0,103.02137,159.18713,111.90466,0.0,116.55821,0.0,127.46498,0.0,125.69094
squeezed_Điện Biên,2017-12-01,0.0,64.64267,159.18713,65.87161,0.0,93.198746,0.0,64.06995,0.0,64.37163,0.0,74.99632
squeezed_Đà Nẵng,2016-01-01,17.683043,24.635286,13.190595,32.349075,22.653412,29.800457,21.601988,32.743134,25.903269,30.238924,22.940165,31.387577
squeezed_Đà Nẵng,2016-02-01,13.190595,24.175411,22.653412,32.929802,21.601988,41.262432,25.903269,25.586224,22.940165,32.631325,40.90996,42.108543
squeezed_Đà Nẵng,2016-03-01,22.653412,24.43506,21.601988,28.082094,25.903269,28.149345,22.940165,42.75629,40.90996,28.11864,25.616516,52.723484
squeezed_Đà Nẵng,2016-04-01,21.601988,30.059044,25.903269,29.921837,22.940165,44.110104,40.90996,51.304523,25.616516,52.2544,28.675205,63.250305
squeezed_Đà Nẵng,2016-05-01,25.903269,36.850445,22.940165,32.13715,40.90996,35.11512,25.616516,58.159847,28.675205,57.111,23.704836,50.638542
squeezed_Đà Nẵng,2016-06-01,22.940165,32.030144,40.90996,39.59034,25.616516,35.821266,28.675205,76.811966,23.704836,62.12513,23.704836,36.856342
squeezed_Đà Nẵng,2016-07-01,40.90996,26.803576,25.616516,65.76624,28.675205,33.037235,23.704836,31.01283,23.704836,49.61773,46.27437,26.976004
squeezed_Đà Nẵng,2016-08-01,25.616516,40.726753,28.675205,47.618073,23.704836,41.739204,23.704836,28.723204,46.27437,32.502247,24.594645,26.730793
squeezed_Đà Nẵng,2016-09-01,28.675205,37.824562,23.704836,41.556293,23.704836,33.086735,46.27437,22.246264,24.594645,23.808186,63.03516,27.0393
squeezed_Đà Nẵng,2016-10-01,23.704836,44.986214,23.704836,35.178516,46.27437,30.161488,24.594645,26.195887,63.03516,30.939262,32.610676,31.182447
squeezed_Đà Nẵng,2016-11-01,23.704836,40.13397,46.27437,36.58048,24.594645,22.07256,63.03516,26.502789,32.610676,30.200064,96.19238,29.739038
squeezed_Đà Nẵng,2016-12-01,46.27437,49.174793,24.594645,23.623552,63.03516,23.828712,32.610676,28.906836,96.19238,30.825693,24.685736,31.00182
squeezed_Đà Nẵng,2017-01-01,24.594645,37.50588,63.03516,45.358665,32.610676,39.975296,96.19238,42.812977,24.685736,43.29197,33.70377,45.95828
squeezed_Đà Nẵng,2017-02-01,63.03516,40.83027,32.610676,45.55876,96.19238,35.084236,24.685736,54.662083,33.70377,46.724525,0.0,48.51569
squeezed_Đà Nẵng,2017-03-01,32.610676,56.12141,96.19238,56.482903,24.685736,53.389202,33.70377,51.79764,0.0,90.25458,0.0,72.28528
squeezed_Đà Nẵng,2017-04-01,96.19238,48.292297,24.685736,48.87023,33.70377,38.408733,0.0,67.990005,0.0,63.02178,0.0,57.38784
squeezed_Đà Nẵng,2017-05-01,24.685736,94.50836,33.70377,76.69759,0.0,76.40001,0.0,100.26601,0.0,87.46206,0.0,70.89203
squeezed_Đà Nẵng,2017-06-01,33.70377,70.39693,0.0,79.98297,0.0,71.17886,0.0,69.034386,0.0,86.75807,0.0,64.72527
squeezed_Đà Nẵng,2017-07-01,0.0,39.80179,0.0,52.495556,0.0,57.523277,0.0,46.47776,0.0,73.329346,25.215363,46.94692
squeezed_Đà Nẵng,2017-08-01,0.0,31.22215,0.0,63.579384,0.0,35.486095,0.0,42.256844,25.215363,51.569305,25.035894,34.483566
squeezed_Đà Nẵng,2017-09-01,0.0,17.601595,0.0,42.704464,0.0,24.326384,25.215363,31.367386,25.035894,38.314598,30.68916,26.815857
squeezed_Đà Nẵng,2017-10-01,0.0,33.710987,0.0,51.173286,25.215363,12.97725,25.035894,17.848484,30.68916,27.535244,26.292175,19.083544
squeezed_Đà Nẵng,2017-11-01,0.0,39.65587,25.215363,31.406815,25.035894,17.310774,30.68916,16.93701,26.292175,22.80099,28.4458,34.720665
squeezed_Đà Nẵng,2017-12-01,25.215363,44.360523,25.035894,24.318132,30.68916,14.709618,26.292175,18.022907,28.4458,33.90875,0.0,35.72018
squeezed_Đắk Lắk,2016-01-01,49.239796,59.23183,53.13417,63.941616,56.12163,66.57266,61.082954,65.454735,70.04535,69.528046,58.57562,69.599495
squeezed_Đắk Lắk,2016-02-01,53.13417,61.51167,56.12163,60.55022,61.082954,60.62123,70.04535,63.75333,58.57562,63.366432,64.23046,60.01887
squeezed_Đắk Lắk,2016-03-01,56.12163,55.88702,61.082954,57.033585,70.04535,66.31238,58.57562,65.22863,64.23046,54.873215,55.801548,57.85999
squeezed_Đắk Lắk,2016-04-01,61.082954,62.875164,70.04535,60.151924,58.57562,63.819168,64.23046,55.31733,55.801548,52.154964,47.63937,48.8086
squeezed_Đắk Lắk,2016-05-01,70.04535,63.321148,58.57562,57.485863,64.23046,52.210693,55.801548,55.32518,47.63937,50.81103,40.91758,52.472336
squeezed_Đắk Lắk,2016-06-01,58.57562,65.470634,64.23046,60.748966,55.801548,55.423054,47.63937,53.5464,40.91758,55.384933,13.016805,54.489685
squeezed_Đắk Lắk,2016-07-01,64.23046,58.30074,55.801548,53.105373,47.63937,50.983055,40.91758,52.562233,13.016805,53.73683,39.074745,52.222095
squeezed_Đắk Lắk,2016-08-01,55.801548,55.27812,47.63937,54.269978,40.91758,55.262947,13.016805,53.51688,39.074745,55.334236,38.047886,56.716827
squeezed_Đắk Lắk,2016-09-01,47.63937,52.529873,40.91758,54.411526,13.016805,57.172165,39.074745,52.807957,38.047886,55.982216,61.50354,57.275745
squeezed_Đắk Lắk,2016-10-01,40.91758,52.175594,13.016805,62.22534,39.074745,73.69162,38.047886,63.818157,61.50354,59.141167,57.990597,58.82755
squeezed_Đắk Lắk,2016-11-01,13.016805,65.15908,39.074745,65.51959,38.047886,64.77229,61.50354,60.814205,57.990597,56.195354,69.664375,61.004967
squeezed_Đắk Lắk,2016-12-01,39.074745,38.0182,38.047886,36.827007,61.50354,41.01312,57.990597,40.402813,69.664375,49.837463,73.60969,63.326824
squeezed_Đắk Lắk,2017-01-01,38.047886,35.85355,61.50354,41.44851,57.990597,47.270954,69.664375,54.424202,73.60969,65.7005,63.7194,70.65751
squeezed_Đắk Lắk,2017-02-01,61.50354,47.567097,57.990597,42.83748,69.664375,43.96086,73.60969,54.661877,63.7194,62.839077,53.396748,72.98619
squeezed_Đắk Lắk,2017-03-01,57.990597,53.201847,69.664375,57.94274,73.60969,61.52177,63.7194,62.092403,53.396748,68.44161,45.506134,61.815052
squeezed_Đắk Lắk,2017-04-01,69.664375,59.3218,73.60969,61.367508,63.7194,62.82397,53.396748,59.511772,45.506134,57.429375,57.774414,53.6471
squeezed_Đắk Lắk,2017-05-01,73.60969,68.44253,63.7194,71.27711,53.396748,63.61997,45.506134,56.76951,57.774414,75.2387,50.37021,66.55722
squeezed_Đắk Lắk,2017-06-01,63.7194,70.919876,53.396748,66.67492,45.506134,60.302437,57.774414,63.62341,50.37021,82.461815,34.913258,53.986965
squeezed_Đắk Lắk,2017-07-01,53.396748,56.582947,45.506134,55.803703,57.774414,51.657936,50.37021,98.86455,34.913258,50.274784,81.33226,48.52746
squeezed_Đắk Lắk,2017-08-01,45.506134,53.71413,57.774414,57.015865,50.37021,62.10262,34.913258,46.266994,81.33226,46.320873,183.29305,45.592716
squeezed_Đắk Lắk,2017-09-01,57.774414,53.45826,50.37021,44.523067,34.913258,48.792236,81.33226,40.014565,183.29305,49.229286,65.10878,48.887157
squeezed_Đắk Lắk,2017-10-01,50.37021,46.181835,34.913258,49.99505,81.33226,44.945786,183.29305,47.620857,65.10878,55.157814,44.695137,54.9184
squeezed_Đắk Lắk,2017-11-01,34.913258,47.621464,81.33226,47.13039,183.29305,48.556545,65.10878,50.503326,44.695137,49.521156,62.95998,53.779755
squeezed_Đắk Lắk,2017-12-01,81.33226,38.56544,183.29305,41.980606,65.10878,44.544685,44.695137,45.859215,62.95998,48.12973,59.14585,53.391006
squeezed_Đắk Nông,2016-01-01,16.187645,9.624567,23.785927,14.229996,19.160885,25.247044,17.509085,29.246521,18.830524,32.262665,15.692104,29.47349
squeezed_Đắk Nông,2016-02-01,23.785927,26.2515,19.160885,22.261353,17.509085,23.73108,18.830524,33.18912,15.692104,36.58816,7.5982823,25.577694
squeezed_Đắk Nông,2016-03-01,19.160885,29.535107,17.509085,23.52094,18.830524,28.784845,15.692104,36.66497,7.5982823,26.520197,6.2768416,23.2586
squeezed_Đắk Nông,2016-04-01,17.509085,13.32868,18.830524,19.587072,15.692104,18.527338,7.5982823,18.19689,6.2768416,20.830341,8.589362,17.04334
squeezed_Đắk Nông,2016-05-01,18.830524,20.853363,15.692104,16.900925,7.5982823,15.558777,6.2768416,15.39184,8.589362,15.792024,25.768087,14.66637
squeezed_Đắk Nông,2016-06-01,15.692104,19.764051,7.5982823,14.700369,6.2768416,13.268669,8.589362,11.806617,25.768087,19.369673,0.0,17.936615
squeezed_Đắk Nông,2016-07-01,7.5982823,15.241126,6.2768416,16.257437,8.589362,14.79481,25.768087,15.529757,0.0,18.13084,11.572161,28.629637
squeezed_Đắk Nông,2016-08-01,6.2768416,13.042904,8.589362,11.829721,25.768087,15.562374,0.0,19.416904,11.572161,38.74368,21.987104,25.48472
squeezed_Đắk Nông,2016-09-01,8.589362,10.930284,25.768087,12.533479,0.0,11.354605,11.572161,47.639885,21.987104,22.058674,20.333939,27.173409
squeezed_Đắk Nông,2016-10-01,25.768087,13.379875,0.0,16.336906,11.572161,60.713333,21.987104,26.916357,20.333939,29.834549,14.713176,34.062145
squeezed_Đắk Nông,2016-11-01,0.0,32.017914,11.572161,53.865654,21.987104,28.847351,20.333939,21.445812,14.713176,38.61321,22.979004,39.893837
squeezed_Đắk Nông,2016-12-01,11.572161,50.454575,21.987104,10.647143,20.333939,18.223959,14.713176,11.595157,22.979004,38.28798,21.325838,44.739952
squeezed_Đắk Nông,2017-01-01,21.987104,13.503426,20.333939,20.691805,14.713176,24.36532,22.979004,24.102987,21.325838,42.49222,15.043809,34.12839
squeezed_Đắk Nông,2017-02-01,20.333939,22.65568,14.713176,25.158506,22.979004,26.003956,21.325838,26.31134,15.043809,36.444336,12.398744,39.136906
squeezed_Đắk Nông,2017-03-01,14.713176,23.859869,22.979004,24.669823,21.325838,33.8316,15.043809,16.829008,12.398744,48.882427,12.06811,29.919554
squeezed_Đắk Nông,2017-04-01,22.979004,21.66101,21.325838,36.772755,15.043809,25.388168,12.398744,36.022434,12.06811,40.19643,15.043809,29.014374
squeezed_Đắk Nông,2017-05-01,21.325838,37.19086,15.043809,32.452744,12.398744,50.503147,12.06811,33.5196,15.043809,42.625225,17.35824,21.111872
squeezed_Đắk Nông,2017-06-01,15.043809,32.275776,12.398744,57.60473,12.06811,44.088577,15.043809,33.530094,17.35824,21.15494,16.36634,38.334255
squeezed_Đắk Nông,2017-07-01,12.398744,52.658943,12.06811,44.21514,15.043809,47.60483,17.35824,13.358445,16.36634,43.487213,17.54956,24.76919
squeezed_Đắk Nông,2017-08-01,12.06811,26.996939,15.043809,42.52656,17.35824,10.820834,16.36634,39.817387,17.54956,23.751162,15.112123,19.913315
squeezed_Đắk Nông,2017-09-01,15.043809,29.262001,17.35824,19.832325,16.36634,48.687737,17.54956,16.052444,15.112123,17.45234,20.79948,22.129454
squeezed_Đắk Nông,2017-10-01,17.35824,18.363094,16.36634,46.9569,17.54956,19.92173,15.112123,16.176903,20.79948,22.294703,20.79948,24.225319
squeezed_Đắk Nông,2017-11-01,16.36634,68.62084,17.54956,14.909065,15.112123,14.985576,20.79948,13.108388,20.79948,26.676666,11.862204,20.575481
squeezed_Đắk Nông,2017-12-01,17.54956,20.487885,15.112123,17.451145,20.79948,25.003027,20.79948,14.175116,11.862204,24.451183,16.737082,21.686766
squeezed_Đồng Tháp,2016-01-01,76.2757,75.356636,72.0678,78.27917,71.949265,80.80436,81.906006,79.73049,69.34155,77.79222,82.261604,76.079124
squeezed_Đồng Tháp,2016-02-01,72.0678,84.26022,71.949265,77.124886,81.906006,78.34849,69.34155,79.4309,82.261604,76.143555,65.48924,74.829285
squeezed_Đồng Tháp,2016-03-01,71.949265,81.418015,81.906006,78.1783,69.34155,74.55478,82.261604,74.17116,65.48924,73.00635,59.50335,70.31129
squeezed_Đồng Tháp,2016-04-01,81.906006,79.554344,69.34155,76.94156,82.261604,73.44625,65.48924,71.363976,59.50335,66.29705,62.111065,66.03882
squeezed_Đồng Tháp,2016-05-01,69.34155,83.31855,82.261604,72.54312,65.48924,71.04873,59.50335,69.523544,62.111065,65.87258,49.961475,63.748623
squeezed_Đồng Tháp,2016-06-01,82.261604,71.53182,65.48924,68.34275,59.50335,63.431923,62.111065,63.511726,49.961475,60.87509,10.075268,64.63727
squeezed_Đồng Tháp,2016-07-01,65.48924,73.93999,59.50335,67.688675,62.111065,64.62678,49.961475,62.80831,10.075268,64.48087,63.503876,66.152145
squeezed_Đồng Tháp,2016-08-01,59.50335,65.199585,62.111065,58.831894,49.961475,60.20625,10.075268,62.410286,63.503876,62.334568,66.4186,63.468224
squeezed_Đồng Tháp,2016-09-01,62.111065,58.396225,49.961475,55.966045,10.075268,59.845512,63.503876,55.520203,66.4186,60.65591,70.75969,66.86763
squeezed_Đồng Tháp,2016-10-01,49.961475,57.442627,10.075268,60.130436,63.503876,61.82778,66.4186,66.17048,70.75969,70.474434,68.15504,88.6787
squeezed_Đồng Tháp,2016-11-01,10.075268,65.21432,63.503876,62.249565,66.4186,62.57472,70.75969,63.882816,68.15504,64.079636,70.94574,67.581215
squeezed_Đồng Tháp,2016-12-01,63.503876,43.31493,66.4186,39.127758,70.75969,42.746017,68.15504,61.493458,70.94574,53.92363,67.72093,57.26468
squeezed_Đồng Tháp,2017-01-01,66.4186,53.919807,70.75969,61.251263,68.15504,58.829517,70.94574,63.592384,67.72093,62.437374,63.56589,65.47517
squeezed_Đồng Tháp,2017-02-01,70.75969,59.72764,68.15504,62.770058,70.94574,64.10458,67.72093,62.496544,63.56589,61.755634,59.34884,64.64791
squeezed_Đồng Tháp,2017-03-01,68.15504,66.26664,70.94574,69.15004,67.72093,71.52214,63.56589,67.87817,59.34884,66.36766,63.379845,61.5187
squeezed_Đồng Tháp,2017-04-01,70.94574,68.71155,67.72093,70.82561,63.56589,64.622185,59.34884,64.11103,63.379845,57.410385,56.248062,55.02836
squeezed_Đồng Tháp,2017-05-01,67.72093,70.34704,63.56589,69.75727,59.34884,65.61889,63.379845,57.284683,56.248062,54.12642,65.30232,54.444202
squeezed_Đồng Tháp,2017-06-01,63.56589,65.10151,59.34884,61.68463,63.379845,59.315384,56.248062,53.92766,65.30232,54.74127,46.511627,64.08866
squeezed_Đồng Tháp,2017-07-01,59.34884,59.200035,63.379845,56.814205,56.248062,55.10952,65.30232,52.988785,46.511627,59.61153,69.173775,58.59185
squeezed_Đồng Tháp,2017-08-01,63.379845,56.497257,56.248062,56.237103,65.30232,53.189526,46.511627,58.072365,69.173775,56.358944,73.59442,58.077274
squeezed_Đồng Tháp,2017-09-01,56.248062,57.142292,65.30232,57.71577,46.511627,61.225727,69.173775,53.85756,73.59442,60.009426,60.20796,58.846825
squeezed_Đồng Tháp,2017-10-01,65.30232,54.846966,46.511627,54.743458,69.173775,53.670155,73.59442,58.237934,60.20796,60.93416,56.596725,60.21718
squeezed_Đồng Tháp,2017-11-01,46.511627,61.86986,69.173775,59.215843,73.59442,57.62058,60.20796,58.131287,56.596725,63.75065,55.600525,59.260094
squeezed_Đồng Tháp,2017-12-01,69.173775,49.285408,73.59442,53.104935,60.20796,56.289505,56.596725,57.132793,55.600525,55.323875,51.615715,57.937702
