model,wilcoxon_stat,p_value
Naive,219584.5,2.3106476535403933e-23
Prophet,203684.0,6.140282416491634e-30
XGBoost,256371.0,2.0600868314851407e-11
HistGB,263143.0,1.0466992103819737e-09
LSTM,170135.0,5.293369798923644e-42
