model,wilcoxon_stat,p_value
Naive,284854.5,1.0755541385900982e-27
Prophet,267693.0,6.083593713991556e-34
XGBoost,290670.0,9.96892275945083e-26
HistGB,257166.0,4.209863393159617e-38
LightGBM,294848.0,2.3171605842415423e-24
LSTM,204478.0,6.797852894566367e-58
