model,wilcoxon_stat,p_value
Naive,163007.0,3.523090878802485e-05
Prophet,226647.0,1.0252727168960562e-20
XGBoost,319794.0,0.2773196857888277
HistGB,301276.5,0.0064133668565823
LSTM,289022.0,0.0063252834988776
