province,date,actual_t+1,pred_t+1,actual_t+2,pred_t+2,actual_t+3,pred_t+3,actual_t+4,pred_t+4,actual_t+5,pred_t+5,actual_t+6,pred_t+6
squeezed_An Giang,2016-01-01,8.148525,8.008708,8.843002,4.2265844,8.148525,1.7704204,8.8893,1.7533962,8.565211,1.8411237,17.408213,2.9006152
squeezed_An Giang,2016-02-01,8.843002,6.211567,8.148525,0.5209181,8.8893,2.4786716,8.565211,1.1960319,17.408213,2.3133538,18.565674,6.3705654
squeezed_An Giang,2016-03-01,8.148525,4.3438,8.8893,2.2760534,8.565211,1.4046605,17.408213,1.6166192,18.565674,6.9978857,12.037595,6.4854274
squeezed_An Giang,2016-04-01,8.8893,5.7605753,8.565211,3.8588407,17.408213,2.0903456,18.565674,7.1746845,12.037595,7.933862,19.723135,10.660644
squeezed_An Giang,2016-05-01,8.565211,15.868685,17.408213,4.457063,18.565674,10.72333,12.037595,8.122754,19.723135,11.981524,10.602343,6.891015
squeezed_An Giang,2016-06-01,17.408213,8.461384,18.565674,10.679272,12.037595,8.146173,19.723135,14.704468,10.602343,6.897037,0.0,9.470255
squeezed_An Giang,2016-07-01,18.565674,14.636526,12.037595,12.007369,19.723135,10.07967,10.602343,8.439564,0.0,10.707332,10.541398,7.711542
squeezed_An Giang,2016-08-01,12.037595,11.506653,19.723135,11.398922,10.602343,6.931291,0.0,11.463606,10.541398,8.323053,17.807798,6.969137
squeezed_An Giang,2016-09-01,19.723135,17.008438,10.602343,16.335274,0.0,14.178071,10.541398,11.765169,17.807798,7.8010287,11.053117,9.795697
squeezed_An Giang,2016-10-01,10.602343,13.469657,0.0,15.681273,10.541398,12.783629,17.807798,13.740199,11.053117,10.157342,14.993348,8.244244
squeezed_An Giang,2016-11-01,0.0,16.802212,10.541398,10.9210825,17.807798,14.097742,11.053117,9.066532,14.993348,11.708474,17.449596,4.7924447
squeezed_An Giang,2016-12-01,10.541398,7.9271245,17.807798,6.6091394,11.053117,15.836735,14.993348,6.2309265,17.449596,5.3370357,12.332412,64.0895
squeezed_An Giang,2017-01-01,17.807798,9.301557,11.053117,7.4072227,14.993348,10.449325,17.449596,11.440242,12.332412,24.499702,41.44919,8.898599
squeezed_An Giang,2017-02-01,11.053117,8.252767,14.993348,34.785164,17.449596,7.6382294,12.332412,8.745472,41.44919,7.4540925,40.22106,11.72538
squeezed_An Giang,2017-03-01,14.993348,12.460525,17.449596,8.672162,12.332412,8.177632,41.44919,8.861768,40.22106,12.8290205,41.090984,12.107987
squeezed_An Giang,2017-04-01,17.449596,13.05668,12.332412,10.688845,41.44919,11.219777,40.22106,14.454419,41.090984,12.126249,40.47692,23.596601
squeezed_An Giang,2017-05-01,12.332412,19.131811,41.44919,13.449006,40.22106,15.220475,41.090984,17.517696,40.47692,18.83646,35.206223,15.489774
squeezed_An Giang,2017-06-01,41.44919,13.3213625,40.22106,14.3355,41.090984,17.266445,40.47692,24.459139,35.206223,17.208027,39.709343,12.105586
squeezed_An Giang,2017-07-01,40.22106,23.48253,41.090984,28.697226,40.47692,22.589207,35.206223,27.575554,39.709343,21.770594,38.011395,19.619701
squeezed_An Giang,2017-08-01,41.090984,29.803429,40.47692,37.65333,35.206223,25.16087,39.709343,31.286318,38.011395,20.992,41.42931,22.784098
squeezed_An Giang,2017-09-01,40.47692,38.471996,35.206223,34.56659,39.709343,25.611101,38.011395,29.7922,41.42931,32.697815,41.58467,28.304888
squeezed_An Giang,2017-10-01,35.206223,42.244537,39.709343,32.607563,38.011395,27.195103,41.42931,40.386402,41.58467,34.84223,27.964785,25.578548
squeezed_An Giang,2017-11-01,39.709343,43.240818,38.011395,29.274143,41.42931,29.295242,41.58467,34.317467,27.964785,25.010462,29.207664,26.19122
squeezed_An Giang,2017-12-01,38.011395,30.7262,41.42931,31.54974,41.58467,36.21934,27.964785,28.665382,29.207664,33.964954,29.052305,32.18777
squeezed_BR Vũng Tàu,2016-01-01,11.355311,6.314257,18.498169,8.185936,16.575092,8.122981,11.263737,3.812537,4.85348,10.75786,4.2124543,12.436082
squeezed_BR Vũng Tàu,2016-02-01,18.498169,4.7998643,16.575092,10.089381,11.263737,9.681638,4.85348,4.518166,4.2124543,10.690713,19.322344,19.339695
squeezed_BR Vũng Tàu,2016-03-01,16.575092,11.333594,11.263737,9.271388,4.85348,10.369255,4.2124543,9.940269,19.322344,11.735992,17.124542,9.457473
squeezed_BR Vũng Tàu,2016-04-01,11.263737,12.621058,4.85348,11.664832,4.2124543,11.866597,19.322344,10.316339,17.124542,11.564882,10.897436,9.880431
squeezed_BR Vũng Tàu,2016-05-01,4.85348,14.7075,4.2124543,14.051547,19.322344,19.450254,17.124542,16.695673,10.897436,14.663709,2.4725275,12.965322
squeezed_BR Vũng Tàu,2016-06-01,4.2124543,15.067252,19.322344,16.81509,17.124542,17.175594,10.897436,16.036364,2.4725275,10.360675,2.4725275,11.731927
squeezed_BR Vũng Tàu,2016-07-01,19.322344,12.984723,17.124542,9.4314785,10.897436,12.468991,2.4725275,9.410155,2.4725275,8.430929,5.322924,4.262522
squeezed_BR Vũng Tàu,2016-08-01,17.124542,11.618069,10.897436,13.202291,2.4725275,10.682499,2.4725275,8.550002,5.322924,3.808377,3.548616,9.219474
squeezed_BR Vũng Tàu,2016-09-01,10.897436,8.419139,2.4725275,9.6051855,2.4725275,3.9714346,5.322924,1.7796117,3.548616,6.945602,10.290986,10.916798
squeezed_BR Vũng Tàu,2016-10-01,2.4725275,10.872923,2.4725275,3.6795576,5.322924,8.080778,3.548616,8.212414,10.290986,6.174545,3.6373315,5.6955495
squeezed_BR Vũng Tàu,2016-11-01,2.4725275,11.091515,5.322924,5.835945,3.548616,9.209499,10.290986,9.893686,3.6373315,5.910181,2.838893,7.9233093
squeezed_BR Vũng Tàu,2016-12-01,5.322924,3.2947958,3.548616,6.198571,10.290986,8.002309,3.6373315,3.6196623,2.838893,8.560993,3.3711853,8.644493
squeezed_BR Vũng Tàu,2017-01-01,3.548616,7.882373,10.290986,5.9172535,3.6373315,15.987047,2.838893,10.078808,3.3711853,9.334266,5.056778,8.236378
squeezed_BR Vũng Tàu,2017-02-01,10.290986,8.725798,3.6373315,9.035854,2.838893,10.434044,3.3711853,6.157665,5.056778,9.670402,4.790632,17.107546
squeezed_BR Vũng Tàu,2017-03-01,3.6373315,10.768544,2.838893,7.8458767,3.3711853,9.662249,5.056778,8.727888,4.790632,15.088465,0.5322924,9.456465
squeezed_BR Vũng Tàu,2017-04-01,2.838893,10.225011,3.3711853,7.3104424,5.056778,12.672612,4.790632,10.112141,0.5322924,10.426998,3.1050391,11.871968
squeezed_BR Vũng Tàu,2017-05-01,3.3711853,9.997328,5.056778,11.663192,4.790632,12.874217,0.5322924,14.74002,3.1050391,17.641981,5.500355,11.959777
squeezed_BR Vũng Tàu,2017-06-01,5.056778,12.238245,4.790632,11.009986,0.5322924,14.488519,3.1050391,17.67025,5.500355,12.016998,2.661462,12.401851
squeezed_BR Vũng Tàu,2017-07-01,4.790632,12.278439,0.5322924,15.385495,3.1050391,16.072662,5.500355,14.305171,2.661462,11.836596,2.7233593,11.103799
squeezed_BR Vũng Tàu,2017-08-01,0.5322924,13.407852,3.1050391,11.526479,5.500355,12.902223,2.661462,13.173909,2.7233593,9.098778,2.3719583,5.6237226
squeezed_BR Vũng Tàu,2017-09-01,3.1050391,12.213796,5.500355,12.033777,2.661462,9.4790325,2.7233593,8.514308,2.3719583,4.7852807,2.3719583,6.003536
squeezed_BR Vũng Tàu,2017-10-01,5.500355,11.735614,2.661462,7.7572727,2.7233593,8.099634,2.3719583,8.138067,2.3719583,4.3625693,2.4598086,3.51582
squeezed_BR Vũng Tàu,2017-11-01,2.661462,8.775409,2.7233593,5.377742,2.3719583,5.745095,2.3719583,2.2732217,2.4598086,4.3486786,2.284108,8.888963
squeezed_BR Vũng Tàu,2017-12-01,2.7233593,3.8781135,2.3719583,2.0614018,2.3719583,7.6017137,2.4598086,3.3162115,2.284108,8.3942,0.3514012,14.153626
squeezed_Bình Phước,2016-01-01,10.1421995,30.252794,15.683814,21.030172,19.44793,27.318794,18.716019,22.649504,19.552488,32.519737,24.466751,36.079323
squeezed_Bình Phước,2016-02-01,15.683814,20.040298,19.44793,31.953194,18.716019,27.507837,19.552488,27.638182,24.466751,57.485588,18.820578,40.635807
squeezed_Bình Phước,2016-03-01,19.44793,17.65239,18.716019,22.279158,19.552488,28.298256,24.466751,29.51122,18.820578,35.0531,11.710582,86.540535
squeezed_Bình Phước,2016-04-01,18.716019,19.350931,19.552488,20.714512,24.466751,22.99676,18.820578,32.637188,11.710582,24.354456,10.560435,34.343185
squeezed_Bình Phước,2016-05-01,19.552488,18.393469,24.466751,24.46313,18.820578,30.091764,11.710582,34.826363,10.560435,56.78099,11.81514,25.960752
squeezed_Bình Phước,2016-06-01,24.466751,23.440054,18.820578,31.944921,11.710582,23.773277,10.560435,30.939533,11.81514,24.382584,0.0,24.0721
squeezed_Bình Phước,2016-07-01,18.820578,38.55965,11.710582,19.313381,10.560435,28.820889,11.81514,20.790777,0.0,25.162144,2.5704298,9.0803
squeezed_Bình Phước,2016-08-01,11.710582,20.795633,10.560435,25.059158,11.81514,22.508749,0.0,18.872446,2.5704298,12.827478,9.767633,12.157809
squeezed_Bình Phước,2016-09-01,10.560435,26.843029,11.81514,20.216625,0.0,22.699589,2.5704298,10.898398,9.767633,10.143016,14.702858,7.251108
squeezed_Bình Phước,2016-10-01,11.81514,16.347178,0.0,14.649009,2.5704298,16.93086,9.767633,7.6903534,14.702858,8.581373,11.412708,5.0679555
squeezed_Bình Phước,2016-11-01,0.0,14.698744,2.5704298,3.4427238,9.767633,7.0364475,14.702858,3.1288073,11.412708,7.4513364,13.777504,11.499709
squeezed_Bình Phước,2016-12-01,2.5704298,4.085478,9.767633,0.44236338,14.702858,3.0939746,11.412708,8.123519,13.777504,11.726817,9.664816,20.002136
squeezed_Bình Phước,2017-01-01,9.767633,6.1016235,14.702858,16.149742,11.412708,3.290276,13.777504,15.81409,9.664816,48.13235,13.983138,15.899334
squeezed_Bình Phước,2017-02-01,14.702858,2.6231403,11.412708,9.66045,13.777504,7.2381954,9.664816,32.95018,13.983138,53.508682,9.356364,13.409911
squeezed_Bình Phước,2017-03-01,11.412708,7.548233,13.777504,14.1865835,9.664816,14.345938,13.983138,60.28634,9.356364,74.33355,15.114127,19.392529
squeezed_Bình Phước,2017-04-01,13.777504,13.635142,9.664816,13.848346,13.983138,17.866003,9.356364,29.683825,15.114127,39.17857,15.319761,99.22443
squeezed_Bình Phước,2017-05-01,9.664816,13.340193,13.983138,13.515609,9.356364,14.711151,15.114127,24.504198,15.319761,87.26317,19.123997,19.745966
squeezed_Bình Phước,2017-06-01,13.983138,23.912455,9.356364,11.423757,15.114127,23.569494,15.319761,27.419376,19.123997,18.11168,10.590171,15.784596
squeezed_Bình Phước,2017-07-01,9.356364,19.12568,15.114127,16.00354,15.319761,20.27619,19.123997,20.6626,10.590171,15.515747,8.731851,7.2989874
squeezed_Bình Phước,2017-08-01,15.114127,14.444621,15.319761,18.926027,19.123997,16.15374,10.590171,15.006308,8.731851,10.849267,5.6858563,9.58386
squeezed_Bình Phước,2017-09-01,15.319761,18.534002,19.123997,13.979192,10.590171,11.925386,8.731851,8.799537,5.6858563,8.069207,10.051782,12.260282
squeezed_Bình Phước,2017-10-01,19.123997,16.238827,10.590171,10.729965,8.731851,9.037386,5.6858563,11.651454,10.051782,11.687049,12.793177,5.621364
squeezed_Bình Phước,2017-11-01,10.590171,12.208676,8.731851,10.121714,5.6858563,7.759634,10.051782,8.600015,12.793177,9.6815405,11.676312,10.052046
squeezed_Bình Phước,2017-12-01,8.731851,11.584039,5.6858563,14.097757,10.051782,12.007057,12.793177,6.25974,11.676312,15.82252,11.168647,11.287935
squeezed_Bình Thuận,2016-01-01,59.94929,66.04611,58.149998,60.644688,44.982414,52.78159,51.85246,53.429043,56.596058,53.74777,79.00548,55.709023
squeezed_Bình Thuận,2016-02-01,58.149998,59.28204,44.982414,49.019943,51.85246,48.59268,56.596058,51.72342,79.00548,62.92401,68.455055,62.463074
squeezed_Bình Thuận,2016-03-01,44.982414,55.2147,51.85246,47.82345,56.596058,56.682644,79.00548,52.840866,68.455055,67.64478,59.540363,59.086006
squeezed_Bình Thuận,2016-04-01,51.85246,49.76047,56.596058,56.68739,79.00548,57.006752,68.455055,62.31925,59.540363,51.676033,70.41793,54.21668
squeezed_Bình Thuận,2016-05-01,56.596058,55.538017,79.00548,51.82531,68.455055,54.987793,59.540363,53.97094,70.41793,52.50551,66.819336,51.523422
squeezed_Bình Thuận,2016-06-01,79.00548,49.906105,68.455055,51.638535,59.540363,48.813015,70.41793,54.54762,66.819336,55.29838,3.435021,50.16918
squeezed_Bình Thuận,2016-07-01,68.455055,54.424076,59.540363,57.4401,70.41793,58.74353,66.819336,52.53208,3.435021,54.47951,37.443672,47.193913
squeezed_Bình Thuận,2016-08-01,59.540363,58.63733,70.41793,59.63262,66.819336,59.238575,3.435021,52.21769,37.443672,47.21951,28.676771,51.4383
squeezed_Bình Thuận,2016-09-01,70.41793,59.680588,66.819336,50.89946,3.435021,51.695976,37.443672,45.117386,28.676771,53.093475,52.10979,53.107
squeezed_Bình Thuận,2016-10-01,66.819336,55.377766,3.435021,56.897083,37.443672,51.525257,28.676771,56.486084,52.10979,50.085354,60.303154,55.013298
squeezed_Bình Thuận,2016-11-01,3.435021,65.69424,37.443672,54.815876,28.676771,58.8925,52.10979,51.44579,60.303154,55.025272,45.39123,57.39162
squeezed_Bình Thuận,2016-12-01,37.443672,49.515713,28.676771,39.92136,52.10979,50.144882,60.303154,41.825,45.39123,47.291096,51.044655,48.37889
squeezed_Bình Thuận,2017-01-01,28.676771,40.96921,52.10979,40.282764,60.303154,44.41494,45.39123,42.789337,51.044655,44.605797,0.0,50.666924
squeezed_Bình Thuận,2017-02-01,52.10979,39.078888,60.303154,44.934498,45.39123,42.18643,51.044655,43.388847,0.0,43.93617,90.70053,51.08794
squeezed_Bình Thuận,2017-03-01,60.303154,41.81276,45.39123,41.795666,51.044655,46.317116,0.0,49.50237,90.70053,50.0523,112.167145,52.27966
squeezed_Bình Thuận,2017-04-01,45.39123,45.840744,51.044655,54.353477,0.0,53.967705,90.70053,48.092175,112.167145,51.017097,97.746826,54.1434
squeezed_Bình Thuận,2017-05-01,51.044655,48.85726,0.0,49.461685,90.70053,49.61205,112.167145,51.645756,97.746826,50.80905,118.476036,48.24121
squeezed_Bình Thuận,2017-06-01,0.0,49.68237,90.70053,51.011196,112.167145,49.523705,97.746826,48.990894,118.476036,44.616356,0.0,45.94551
squeezed_Bình Thuận,2017-07-01,90.70053,41.75492,112.167145,37.61799,97.746826,40.3783,118.476036,36.287296,0.0,38.182415,78.057526,35.30745
squeezed_Bình Thuận,2017-08-01,112.167145,55.2948,97.746826,69.18605,118.476036,43.445587,0.0,43.590694,78.057526,47.953857,50.435917,49.338543
squeezed_Bình Thuận,2017-09-01,97.746826,68.90301,118.476036,67.66367,0.0,58.333626,78.057526,47.231693,50.435917,48.33829,57.769085,56.81575
squeezed_Bình Thuận,2017-10-01,118.476036,74.05592,0.0,69.48333,78.057526,52.530914,50.435917,52.484383,57.769085,57.12836,53.450665,57.836784
squeezed_Bình Thuận,2017-11-01,0.0,88.85576,78.057526,71.53137,50.435917,64.73152,57.769085,65.43405,53.450665,62.32151,69.50216,67.6174
squeezed_Bình Thuận,2017-12-01,78.057526,59.50715,50.435917,46.796913,57.769085,61.024963,53.450665,61.39872,69.50216,62.078262,70.47991,63.984608
squeezed_Bình Định,2016-01-01,27.744982,32.91914,26.36757,26.883402,23.67834,24.532923,15.413879,24.038807,18.693428,27.285137,17.119244,26.319778
squeezed_Bình Định,2016-02-01,26.36757,27.331837,23.67834,21.963022,15.413879,22.533272,18.693428,24.736454,17.119244,27.306717,17.775154,21.722368
squeezed_Bình Định,2016-03-01,23.67834,22.217157,15.413879,20.50753,18.693428,28.055439,17.119244,22.658215,17.775154,22.97067,17.250427,21.621033
squeezed_Bình Định,2016-04-01,15.413879,23.04919,18.693428,21.649837,17.119244,23.831295,17.775154,13.910192,17.250427,19.100004,16.79129,24.415369
squeezed_Bình Định,2016-05-01,18.693428,19.121984,17.119244,17.02391,17.775154,23.295164,17.250427,38.37701,16.79129,22.029737,26.433163,26.525291
squeezed_Bình Định,2016-06-01,17.119244,13.649685,17.775154,14.216988,17.250427,19.103525,16.79129,18.62048,26.433163,27.269407,0.0,23.715994
squeezed_Bình Định,2016-07-01,17.775154,13.619905,17.250427,10.923557,16.79129,18.432238,26.433163,20.79404,0.0,21.036203,22.988506,16.239809
squeezed_Bình Định,2016-08-01,17.250427,15.980776,16.79129,15.465374,26.433163,22.587032,0.0,26.947031,22.988506,20.502804,26.95436,15.655132
squeezed_Bình Định,2016-09-01,16.79129,19.501223,26.433163,22.920364,0.0,25.854664,22.988506,16.658236,26.95436,18.129858,19.560396,18.419481
squeezed_Bình Định,2016-10-01,26.433163,23.963354,0.0,26.725327,22.988506,23.331085,26.95436,19.858662,19.560396,18.318855,12.771392,16.257858
squeezed_Bình Định,2016-11-01,0.0,24.254717,22.988506,20.941946,26.95436,18.257055,19.560396,25.17764,12.771392,23.4785,14.317403,19.586533
squeezed_Bình Định,2016-12-01,22.988506,31.559118,26.95436,19.286419,19.560396,26.197311,12.771392,31.20057,14.317403,25.659575,14.048532,13.151638
squeezed_Bình Định,2017-01-01,26.95436,23.895536,19.560396,21.818676,12.771392,28.839628,14.317403,24.107744,14.048532,14.20369,13.712442,23.787735
squeezed_Bình Định,2017-02-01,19.560396,25.449923,12.771392,25.710436,14.317403,22.347738,14.048532,23.413357,13.712442,28.687687,16.199503,21.093641
squeezed_Bình Định,2017-03-01,12.771392,19.094358,14.317403,15.62219,14.048532,14.530414,13.712442,12.763954,16.199503,21.88591,15.728977,18.315344
squeezed_Bình Định,2017-04-01,14.317403,19.695713,14.048532,13.486284,13.712442,17.23474,16.199503,5.6694903,15.728977,22.12234,15.124017,13.032063
squeezed_Bình Định,2017-05-01,14.048532,14.966133,13.712442,20.639069,16.199503,16.769352,15.728977,18.687754,15.124017,16.74728,17.81273,23.530159
squeezed_Bình Định,2017-06-01,13.712442,13.322768,16.199503,13.1304655,15.728977,21.621494,15.124017,13.715283,17.81273,37.192394,15.863413,22.888672
squeezed_Bình Định,2017-07-01,16.199503,16.372406,15.728977,25.751167,15.124017,16.946281,17.81273,27.910032,15.863413,24.92562,18.416454,24.309216
squeezed_Bình Định,2017-08-01,15.728977,37.192497,15.124017,16.86601,17.81273,21.531017,15.863413,30.089817,18.416454,24.942207,22.38204,15.993467
squeezed_Bình Định,2017-09-01,15.124017,29.935627,17.81273,24.861769,15.863413,22.93709,18.416454,12.80126,22.38204,15.539603,18.1476,32.757015
squeezed_Bình Định,2017-10-01,17.81273,28.096306,15.863413,29.952612,18.416454,20.203583,22.38204,19.777908,18.1476,19.802334,13.980373,19.481352
squeezed_Bình Định,2017-11-01,15.863413,37.923,18.416454,19.00117,22.38204,16.985615,18.1476,22.652897,13.980373,25.036758,10.48528,14.419535
squeezed_Bình Định,2017-12-01,18.416454,14.880354,22.38204,21.530521,18.1476,22.440561,13.980373,39.454403,10.48528,20.262194,12.232827,25.655857
squeezed_Bạc Liêu,2016-01-01,9.365831,25.36948,7.447529,28.309593,7.8988943,24.927313,11.622659,23.7715,9.0273075,26.024658,9.252991,30.335274
squeezed_Bạc Liêu,2016-02-01,7.447529,23.617819,7.8988943,26.059969,11.622659,27.586296,9.0273075,18.343325,9.252991,27.539116,6.7704806,44.466064
squeezed_Bạc Liêu,2016-03-01,7.8988943,23.713173,11.622659,16.86057,9.0273075,24.466162,9.252991,22.528278,6.7704806,27.975182,8.124577,31.125818
squeezed_Bạc Liêu,2016-04-01,11.622659,14.80529,9.0273075,13.950151,9.252991,19.96674,6.7704806,34.573814,8.124577,19.192083,5.6420674,19.332865
squeezed_Bạc Liêu,2016-05-01,9.0273075,14.641494,9.252991,18.948677,6.7704806,20.854548,8.124577,20.806248,5.6420674,21.988733,5.303543,19.101585
squeezed_Bạc Liêu,2016-06-01,9.252991,34.248653,6.7704806,21.224361,8.124577,17.597725,5.6420674,17.750942,5.303543,18.446342,5.303543,21.755806
squeezed_Bạc Liêu,2016-07-01,6.7704806,20.138723,8.124577,16.909348,5.6420674,14.82147,5.303543,13.481258,5.303543,18.472971,13.033307,15.909524
squeezed_Bạc Liêu,2016-08-01,8.124577,12.425448,5.6420674,11.991643,5.303543,11.616927,5.303543,13.156692,13.033307,8.725476,8.243288,12.168718
squeezed_Bạc Liêu,2016-09-01,5.6420674,10.60053,5.303543,12.634994,5.303543,12.602406,13.033307,8.026417,8.243288,10.365508,9.245851,13.824827
squeezed_Bạc Liêu,2016-10-01,5.303543,10.660463,5.303543,12.2682905,13.033307,8.310387,8.243288,13.049501,9.245851,10.057479,2.2279158,9.984755
squeezed_Bạc Liêu,2016-11-01,5.303543,9.04476,13.033307,5.305655,8.243288,10.74687,9.245851,14.6651535,2.2279158,10.08404,13.590286,12.837919
squeezed_Bạc Liêu,2016-12-01,13.033307,6.154758,8.243288,9.262853,9.245851,10.454172,2.2279158,10.223614,13.590286,11.255439,3.8988526,13.676475
squeezed_Bạc Liêu,2017-01-01,8.243288,9.18514,9.245851,16.139933,2.2279158,11.297124,13.590286,12.196567,3.8988526,18.41084,18.937284,16.02652
squeezed_Bạc Liêu,2017-02-01,9.245851,10.207954,2.2279158,11.603836,13.590286,14.856179,3.8988526,16.162333,18.937284,13.7136135,21.1652,18.535395
squeezed_Bạc Liêu,2017-03-01,2.2279158,11.070796,13.590286,13.307618,3.8988526,16.03469,18.937284,15.259146,21.1652,17.611664,22.613346,18.17125
squeezed_Bạc Liêu,2017-04-01,13.590286,14.113352,3.8988526,12.495646,18.937284,16.52606,21.1652,20.339277,22.613346,13.984597,5.235602,22.176867
squeezed_Bạc Liêu,2017-05-01,3.8988526,14.252757,18.937284,20.575653,21.1652,18.032187,22.613346,19.565155,5.235602,21.325056,7.6863093,20.773829
squeezed_Bạc Liêu,2017-06-01,18.937284,16.555695,21.1652,17.192472,22.613346,20.692844,5.235602,21.60418,7.6863093,20.070911,11.139579,18.193478
squeezed_Bạc Liêu,2017-07-01,21.1652,17.065752,22.613346,26.354824,5.235602,22.07798,7.6863093,20.663658,11.139579,17.605883,23.698782,16.528126
squeezed_Bạc Liêu,2017-08-01,22.613346,19.90572,5.235602,24.480318,7.6863093,20.686502,11.139579,20.231306,23.698782,14.983454,12.070875,14.985205
squeezed_Bạc Liêu,2017-09-01,5.235602,24.110992,7.6863093,24.034277,11.139579,18.404163,23.698782,17.259155,12.070875,13.817583,6.866002,21.045279
squeezed_Bạc Liêu,2017-10-01,7.6863093,23.243752,11.139579,15.319341,23.698782,16.349146,12.070875,19.33409,6.866002,15.404671,8.970099,13.046845
squeezed_Bạc Liêu,2017-11-01,11.139579,14.405984,23.698782,12.92932,12.070875,14.79322,6.866002,18.791157,8.970099,13.965153,21.594685,14.045603
squeezed_Bạc Liêu,2017-12-01,23.698782,9.386652,12.070875,10.936967,6.866002,14.183248,8.970099,12.004734,21.594685,14.251757,16.389812,18.841473
squeezed_Bắc Giang,2016-01-01,44.76351,54.366695,57.372105,58.379475,62.80164,58.519005,48.44353,72.114555,39.21332,63.45126,39.032337,44.982536
squeezed_Bắc Giang,2016-02-01,57.372105,55.21444,62.80164,62.599773,48.44353,73.89043,39.21332,50.662006,39.032337,47.669575,49.89141,53.27212
squeezed_Bắc Giang,2016-03-01,62.80164,56.815292,48.44353,53.074783,39.21332,50.610825,39.032337,51.955265,49.89141,52.57302,54.53668,47.06864
squeezed_Bắc Giang,2016-04-01,48.44353,68.79727,39.21332,119.96731,39.032337,56.294262,49.89141,52.00143,54.53668,56.23817,46.030407,71.32895
squeezed_Bắc Giang,2016-05-01,39.21332,103.61956,39.032337,57.462635,49.89141,66.030205,54.53668,52.235657,46.030407,63.824345,46.81467,51.292076
squeezed_Bắc Giang,2016-06-01,39.032337,41.418728,49.89141,55.556286,54.53668,38.14575,46.030407,59.199135,46.81467,54.051144,10.97973,70.547386
squeezed_Bắc Giang,2016-07-01,49.89141,49.827114,54.53668,44.6936,46.030407,58.943794,46.81467,53.000553,10.97973,50.078876,29.134039,81.75654
squeezed_Bắc Giang,2016-08-01,54.53668,47.369576,46.030407,59.463974,46.81467,52.679585,10.97973,49.86091,29.134039,77.49935,36.906956,40.209587
squeezed_Bắc Giang,2016-09-01,46.030407,58.30228,46.81467,47.97689,10.97973,49.272076,29.134039,57.710785,36.906956,35.69062,39.21004,48.963005
squeezed_Bắc Giang,2016-10-01,46.81467,40.624874,10.97973,43.02273,29.134039,76.00449,36.906956,45.637733,39.21004,41.688698,58.90143,49.895893
squeezed_Bắc Giang,2016-11-01,10.97973,42.19313,29.134039,61.54872,36.906956,40.519592,39.21004,42.316555,58.90143,55.770138,42.319206,88.927155
squeezed_Bắc Giang,2016-12-01,29.134039,51.093323,36.906956,28.87947,39.21004,46.132553,58.90143,53.33776,42.319206,64.5553,34.60387,54.761543
squeezed_Bắc Giang,2017-01-01,36.906956,46.87195,39.21004,29.745686,58.90143,54.58567,42.319206,77.22384,34.60387,56.43675,32.99171,53.23993
squeezed_Bắc Giang,2017-02-01,39.21004,32.408703,58.90143,48.087563,42.319206,73.95702,34.60387,52.331547,32.99171,47.76662,40.131275,57.27964
squeezed_Bắc Giang,2017-03-01,58.90143,48.166847,42.319206,52.21474,34.60387,56.853703,32.99171,56.986073,40.131275,57.024418,49.286045,60.148052
squeezed_Bắc Giang,2017-04-01,42.319206,46.61148,34.60387,51.024727,32.99171,47.906765,40.131275,58.388706,49.286045,61.365932,51.646706,56.36683
squeezed_Bắc Giang,2017-05-01,34.60387,42.51935,32.99171,41.909462,40.131275,52.32924,49.286045,58.87532,51.646706,54.45866,48.825424,44.226353
squeezed_Bắc Giang,2017-06-01,32.99171,34.754818,40.131275,52.81367,49.286045,56.618896,51.646706,56.330856,48.825424,39.24058,53.14371,40.8307
squeezed_Bắc Giang,2017-07-01,40.131275,47.91062,49.286045,53.411343,51.646706,45.941936,48.825424,42.261494,53.14371,40.780163,29.254572,29.533222
squeezed_Bắc Giang,2017-08-01,49.286045,51.735012,51.646706,55.052135,48.825424,33.747307,53.14371,42.681526,29.254572,33.075138,35.049225,32.10574
squeezed_Bắc Giang,2017-09-01,51.646706,48.138733,48.825424,40.14796,53.14371,44.037987,29.254572,33.441753,35.049225,35.646187,34.767933,37.899624
squeezed_Bắc Giang,2017-10-01,48.825424,37.687847,53.14371,40.000446,29.254572,34.685024,35.049225,38.428703,34.767933,42.51339,34.88045,41.076817
squeezed_Bắc Giang,2017-11-01,53.14371,41.1005,29.254572,34.52134,35.049225,34.889496,34.767933,41.492134,34.88045,48.382133,28.579466,45.032978
squeezed_Bắc Giang,2017-12-01,29.254572,57.783146,35.049225,37.469814,34.767933,41.717422,34.88045,47.574524,28.579466,45.134796,23.178621,41.821457
squeezed_Bắc Kạn,2016-01-01,176.48903,276.1223,286.5204,296.58395,342.31976,325.18158,280.56427,325.0584,294.67084,311.09174,232.91536,322.06787
squeezed_Bắc Kạn,2016-02-01,286.5204,268.25986,342.31976,269.20724,280.56427,329.54083,294.67084,338.74002,232.91536,285.69263,199.05956,396.8418
squeezed_Bắc Kạn,2016-03-01,342.31976,307.013,280.56427,304.06992,294.67084,316.43192,232.91536,281.0179,199.05956,327.98218,285.57993,401.87766
squeezed_Bắc Kạn,2016-04-01,280.56427,305.93176,294.67084,323.71582,232.91536,294.07855,199.05956,329.3558,285.57993,380.26764,284.95297,438.14706
squeezed_Bắc Kạn,2016-05-01,294.67084,325.72855,232.91536,356.61752,199.05956,350.092,285.57993,385.29352,284.95297,423.79706,268.65204,340.041
squeezed_Bắc Kạn,2016-06-01,232.91536,301.19183,199.05956,346.67044,285.57993,424.2248,284.95297,403.44974,268.65204,344.09335,174.92163,293.88196
squeezed_Bắc Kạn,2016-07-01,199.05956,307.0669,285.57993,385.28848,284.95297,444.2669,268.65204,320.11035,174.92163,310.44534,205.55017,266.37573
squeezed_Bắc Kạn,2016-08-01,285.57993,322.43094,284.95297,383.29443,268.65204,331.54822,174.92163,284.11877,205.55017,244.47615,262.98807,234.19106
squeezed_Bắc Kạn,2016-09-01,284.95297,390.0317,268.65204,328.6728,174.92163,296.71057,205.55017,219.38678,262.98807,237.92912,320.10327,249.42407
squeezed_Bắc Kạn,2016-10-01,268.65204,286.2318,174.92163,271.73325,205.55017,244.38988,262.98807,243.67346,320.10327,276.34464,271.05518,302.2395
squeezed_Bắc Kạn,2016-11-01,174.92163,274.57922,205.55017,255.08977,262.98807,216.3413,320.10327,266.66766,271.05518,313.95792,231.68764,273.2029
squeezed_Bắc Kạn,2016-12-01,205.55017,199.4118,262.98807,191.91911,320.10327,271.11234,271.05518,297.10397,231.68764,279.80295,254.92094,315.06805
squeezed_Bắc Kạn,2017-01-01,262.98807,213.26505,320.10327,268.62457,271.05518,283.0587,231.68764,300.64474,254.92094,325.59344,348.8222,297.31052
squeezed_Bắc Kạn,2017-02-01,320.10327,268.0736,271.05518,320.0171,231.68764,409.10156,254.92094,284.7017,348.8222,271.40045,402.71054,292.01007
squeezed_Bắc Kạn,2017-03-01,271.05518,375.64178,231.68764,375.95715,254.92094,324.7263,348.8222,278.9068,402.71054,333.0884,506.9377,368.81238
squeezed_Bắc Kạn,2017-04-01,231.68764,357.3824,254.92094,309.3418,348.8222,264.44797,402.71054,311.83588,506.9377,350.6667,412.71378,287.496
squeezed_Bắc Kạn,2017-05-01,254.92094,290.09924,348.8222,259.5833,402.71054,309.88965,506.9377,329.636,412.71378,307.98373,371.73282,279.66257
squeezed_Bắc Kạn,2017-06-01,348.8222,273.40356,402.71054,363.22986,506.9377,350.24176,412.71378,343.9542,371.73282,271.3281,0.0,239.04996
squeezed_Bắc Kạn,2017-07-01,402.71054,344.7694,506.9377,364.06418,412.71378,331.39325,371.73282,262.4947,0.0,258.7497,279.48718,243.13678
squeezed_Bắc Kạn,2017-08-01,506.9377,375.68314,412.71378,349.865,371.73282,278.80762,0.0,273.2337,279.48718,275.10812,206.73077,271.70004
squeezed_Bắc Kạn,2017-09-01,412.71378,391.60834,371.73282,332.54785,0.0,314.7669,279.48718,282.54874,206.73077,282.31818,275.32053,307.67133
squeezed_Bắc Kạn,2017-10-01,371.73282,344.77048,0.0,306.20392,279.48718,283.52838,206.73077,286.43146,275.32053,324.629,278.20514,307.76892
squeezed_Bắc Kạn,2017-11-01,0.0,346.02048,279.48718,316.48206,206.73077,307.21356,275.32053,325.57443,278.20514,342.6198,225.32051,315.40036
squeezed_Bắc Kạn,2017-12-01,279.48718,269.87915,206.73077,256.24423,275.32053,333.98734,278.20514,324.3921,225.32051,317.48764,195.1923,304.2121
squeezed_Cao Bằng,2016-01-01,306.15326,336.63873,331.25708,354.13214,296.33823,372.76105,341.26086,344.85144,307.66327,351.68533,267.0819,322.0572
squeezed_Cao Bằng,2016-02-01,331.25708,341.60406,296.33823,342.99725,341.26086,323.11096,307.66327,351.314,267.0819,328.92697,346.92337,341.06436
squeezed_Cao Bằng,2016-03-01,296.33823,354.35333,341.26086,330.07016,307.66327,380.6516,267.0819,316.76602,346.92337,349.90436,389.20346,420.40048
squeezed_Cao Bằng,2016-04-01,341.26086,313.61868,307.66327,310.51376,267.0819,312.0171,346.92337,357.42758,389.20346,424.13782,283.31445,500.51306
squeezed_Cao Bằng,2016-05-01,307.66327,327.3962,267.0819,325.2188,346.92337,350.73895,389.20346,414.0603,283.31445,441.29996,322.3858,407.5717
squeezed_Cao Bằng,2016-06-01,267.0819,311.85812,346.92337,339.68832,389.20346,415.7823,283.31445,468.00867,322.3858,407.50458,451.67987,376.77118
squeezed_Cao Bằng,2016-07-01,346.92337,318.712,389.20346,361.7047,283.31445,419.99014,322.3858,376.6914,451.67987,392.33856,271.08664,320.7067
squeezed_Cao Bằng,2016-08-01,389.20346,393.10754,283.31445,456.7367,322.3858,408.13095,451.67987,366.61844,271.08664,334.3653,379.3693,290.76758
squeezed_Cao Bằng,2016-09-01,283.31445,412.6619,322.3858,420.6154,451.67987,379.9511,271.08664,309.94205,379.3693,288.71912,350.87387,294.144
squeezed_Cao Bằng,2016-10-01,322.3858,321.1366,451.67987,327.93298,271.08664,306.21725,379.3693,274.4996,350.87387,280.5739,309.46048,293.9448
squeezed_Cao Bằng,2016-11-01,451.67987,343.64963,271.08664,268.7194,379.3693,281.20508,350.87387,293.1777,309.46048,316.05054,0.0,309.15607
squeezed_Cao Bằng,2016-12-01,271.08664,307.65997,379.3693,280.73813,350.87387,313.85892,309.46048,313.08023,0.0,298.79733,208.20668,310.3748
squeezed_Cao Bằng,2017-01-01,379.3693,284.5824,350.87387,298.57648,309.46048,336.51422,0.0,314.54446,208.20668,347.03662,268.61703,316.38605
squeezed_Cao Bằng,2017-02-01,350.87387,339.5075,309.46048,332.60626,0.0,349.6039,208.20668,319.87198,268.61703,335.36182,369.3009,426.00174
squeezed_Cao Bằng,2017-03-01,309.46048,349.18552,0.0,344.58307,208.20668,333.34143,268.61703,351.26035,369.3009,414.8203,348.40427,425.39008
squeezed_Cao Bằng,2017-04-01,0.0,330.24094,208.20668,322.58176,268.61703,317.15964,369.3009,416.3838,348.40427,418.8841,0.0,389.97995
squeezed_Cao Bằng,2017-05-01,208.20668,345.10974,268.61703,284.27222,369.3009,404.603,348.40427,400.39316,0.0,361.9111,295.78268,361.44772
squeezed_Cao Bằng,2017-06-01,268.61703,252.86035,369.3009,321.12006,348.40427,351.079,0.0,331.86847,295.78268,304.46848,293.1231,298.8673
squeezed_Cao Bằng,2017-07-01,369.3009,340.92892,348.40427,358.81134,0.0,321.43094,295.78268,265.6175,293.1231,276.42484,264.9896,264.22754
squeezed_Cao Bằng,2017-08-01,348.40427,370.3213,0.0,320.79523,295.78268,280.91537,293.1231,280.03925,264.9896,263.99854,228.6741,257.96872
squeezed_Cao Bằng,2017-09-01,0.0,319.25613,295.78268,315.62302,293.1231,269.16162,264.9896,267.39258,228.6741,276.71533,0.0,272.21542
squeezed_Cao Bằng,2017-10-01,295.78268,243.50871,293.1231,233.45908,264.9896,262.18723,228.6741,263.6832,0.0,251.10738,238.13127,255.9351
squeezed_Cao Bằng,2017-11-01,293.1231,281.85614,264.9896,235.58707,228.6741,230.33304,0.0,257.50696,238.13127,229.94987,255.72159,211.99196
squeezed_Cao Bằng,2017-12-01,264.9896,248.35925,228.6741,250.45116,0.0,235.0958,238.13127,236.84074,255.72159,226.86801,193.30434,229.66127
squeezed_Cà Mau,2016-01-01,7.279568,6.733511,8.17929,2.655764,5.725503,3.439078,6.1344676,7.5539126,5.8890886,11.193735,8.261083,10.5644
squeezed_Cà Mau,2016-02-01,8.17929,6.958275,5.725503,4.282099,6.1344676,9.768907,5.8890886,9.904096,8.261083,10.320339,7.443154,10.897694
squeezed_Cà Mau,2016-03-01,5.725503,6.6538777,6.1344676,8.093004,5.8890886,10.088991,8.261083,9.218397,7.443154,10.604396,8.015704,18.04554
squeezed_Cà Mau,2016-04-01,6.1344676,8.94203,5.8890886,9.185924,8.261083,32.723866,7.443154,12.491525,8.015704,13.714323,6.1344676,15.52113
squeezed_Cà Mau,2016-05-01,5.8890886,13.567277,8.261083,15.099502,7.443154,12.946867,8.015704,18.772455,6.1344676,15.839982,5.8890886,12.330292
squeezed_Cà Mau,2016-06-01,8.261083,18.400589,7.443154,15.126902,8.015704,19.556782,6.1344676,16.23915,5.8890886,13.416567,5.8890886,13.78557
squeezed_Cà Mau,2016-07-01,7.443154,15.083793,8.015704,19.885141,6.1344676,13.62469,5.8890886,10.922588,5.8890886,13.748347,4.0935674,11.056097
squeezed_Cà Mau,2016-08-01,8.015704,17.228556,6.1344676,14.063783,5.8890886,10.166574,5.8890886,14.60734,4.0935674,11.940577,2.3391812,12.354951
squeezed_Cà Mau,2016-09-01,6.1344676,10.806779,5.8890886,10.185136,5.8890886,9.574785,4.0935674,10.319286,2.3391812,12.661575,3.8429406,11.541619
squeezed_Cà Mau,2016-10-01,5.8890886,50.07489,5.8890886,9.538484,4.0935674,6.7738547,2.3391812,12.435911,3.8429406,6.5776386,0.0,4.191567
squeezed_Cà Mau,2016-11-01,5.8890886,10.797204,4.0935674,11.008378,2.3391812,16.917877,3.8429406,9.641599,0.0,5.93733,0.5012531,7.645569
squeezed_Cà Mau,2016-12-01,4.0935674,2.3091342,2.3391812,14.552596,3.8429406,8.236636,0.0,2.6856112,0.5012531,7.23318,0.41771093,10.750613
squeezed_Cà Mau,2017-01-01,2.3391812,8.9917,3.8429406,7.608617,0.0,8.538888,0.5012531,3.7768183,0.41771093,9.897738,0.41771093,14.854751
squeezed_Cà Mau,2017-02-01,3.8429406,6.9934707,0.0,4.1298394,0.5012531,20.594967,0.41771093,8.1151495,0.41771093,10.386915,1.336675,7.2477226
squeezed_Cà Mau,2017-03-01,0.0,8.92884,0.5012531,9.734858,0.41771093,29.919493,0.41771093,11.342306,1.336675,9.628971,0.9189641,11.806091
squeezed_Cà Mau,2017-04-01,0.5012531,13.752608,0.41771093,14.196378,0.41771093,16.890545,1.336675,10.92169,0.9189641,12.25321,0.7518797,19.898857
squeezed_Cà Mau,2017-05-01,0.41771093,14.462801,0.41771093,12.754211,1.336675,14.034538,0.9189641,18.177492,0.7518797,17.047512,0.5012531,15.93109
squeezed_Cà Mau,2017-06-01,0.41771093,12.499269,1.336675,17.586758,0.9189641,12.356707,0.7518797,20.137684,0.5012531,14.852811,0.5012531,15.00149
squeezed_Cà Mau,2017-07-01,1.336675,15.222708,0.9189641,10.678384,0.7518797,17.443201,0.5012531,15.880979,0.5012531,12.24949,0.5854801,15.803756
squeezed_Cà Mau,2017-08-01,0.9189641,10.499242,0.7518797,22.406963,0.5012531,11.507133,0.5012531,14.974525,0.5854801,13.913537,0.16728003,10.080482
squeezed_Cà Mau,2017-09-01,0.7518797,13.61297,0.5012531,10.562678,0.5012531,9.14624,0.5854801,13.887549,0.16728003,10.000817,0.0,13.588345
squeezed_Cà Mau,2017-10-01,0.5012531,8.7472,0.5012531,9.547503,0.5854801,5.921424,0.16728003,12.06587,0.0,10.223283,0.08364002,9.276272
squeezed_Cà Mau,2017-11-01,0.5012531,9.708256,0.5854801,9.775203,0.16728003,7.505351,0.0,11.767051,0.08364002,7.5130644,0.16728003,12.5446415
squeezed_Cà Mau,2017-12-01,0.5854801,5.13674,0.16728003,5.146152,0.0,21.6453,0.08364002,9.205271,0.16728003,11.740483,0.08364002,12.311591
squeezed_Cần Thơ,2016-01-01,0.0,4.3604226,0.0,0.79915315,0.0,-0.24852608,0.0,-3.9028277,0.0,0.79019594,0.0,6.0055475
squeezed_Cần Thơ,2016-02-01,0.0,1.4919422,0.0,-0.428678,0.0,1.1065811,0.0,-4.0103183,0.0,5.6491175,0.0,3.6534452
squeezed_Cần Thơ,2016-03-01,0.0,0.43147784,0.0,1.5394735,0.0,0.91681904,0.0,50.328552,0.0,6.550804,0.0,4.5181675
squeezed_Cần Thơ,2016-04-01,0.0,3.8390918,0.0,2.5445623,0.0,2.812486,0.0,74.85327,0.0,4.7698965,0.0,5.932941
squeezed_Cần Thơ,2016-05-01,0.0,3.9579773,0.0,6.4682827,0.0,7.7071815,0.0,7.9750657,0.0,8.067713,0.0,5.254564
squeezed_Cần Thơ,2016-06-01,0.0,6.446308,0.0,8.469628,0.0,10.349688,0.0,8.276603,0.0,6.8711324,0.0,5.172265
squeezed_Cần Thơ,2016-07-01,0.0,13.049114,0.0,10.790725,0.0,8.526886,0.0,5.096482,0.0,5.612084,0.0,1.5732596
squeezed_Cần Thơ,2016-08-01,0.0,11.087014,0.0,9.397926,0.0,4.849138,0.0,3.4504714,0.0,3.9372017,0.0,-8.069652
squeezed_Cần Thơ,2016-09-01,0.0,7.2228055,0.0,5.4734306,0.0,3.3215294,0.0,0.0033169203,0.0,0.42088684,0.0,-6.500953
squeezed_Cần Thơ,2016-10-01,0.0,3.0000854,0.0,3.8345177,0.0,1.9323791,0.0,1.2213709,0.0,-0.56850314,0.0,0.9039736
squeezed_Cần Thơ,2016-11-01,0.0,3.736685,0.0,0.3173913,0.0,2.3749278,0.0,-1.9028882,0.0,2.7337792,0.0,-2.331219
squeezed_Cần Thơ,2016-12-01,0.0,1.2399008,0.0,1.0325282,0.0,-0.3031796,0.0,-0.9816285,0.0,1.5954548,0.0,-1.711686
squeezed_Cần Thơ,2017-01-01,0.0,1.3619871,0.0,-2.4884434,0.0,7.005986,0.0,-2.392993,0.0,5.0337214,0.0,0.9801595
squeezed_Cần Thơ,2017-02-01,0.0,0.084874034,0.0,4.8808246,0.0,3.8414752,0.0,-1.7457263,0.0,3.3054557,0.0,3.88341
squeezed_Cần Thơ,2017-03-01,0.0,4.434911,0.0,3.5028017,0.0,5.3884144,0.0,2.8833685,0.0,6.0877867,0.0,6.311755
squeezed_Cần Thơ,2017-04-01,0.0,6.4013324,0.0,8.967449,0.0,7.313908,0.0,8.065002,0.0,7.245901,0.0,9.139784
squeezed_Cần Thơ,2017-05-01,0.0,9.113484,0.0,7.9701385,0.0,8.583721,0.0,12.729285,0.0,10.708385,0.0,10.874357
squeezed_Cần Thơ,2017-06-01,0.0,6.229314,0.0,6.6624694,0.0,11.6702175,0.0,12.673887,0.0,11.430994,0.0,8.71451
squeezed_Cần Thơ,2017-07-01,0.0,20.971394,0.0,10.687314,0.0,12.219717,0.0,11.605554,0.0,9.243502,1.4661562,7.4440084
squeezed_Cần Thơ,2017-08-01,0.0,11.573169,0.0,17.15702,0.0,10.863009,0.0,10.168863,1.4661562,7.3280225,0.0,5.30982
squeezed_Cần Thơ,2017-09-01,0.0,10.053043,0.0,8.90614,0.0,4.8179383,1.4661562,15.516958,0.0,4.137752,0.81453127,10.174428
squeezed_Cần Thơ,2017-10-01,0.0,10.316458,0.0,7.1967497,1.4661562,11.913118,0.0,5.795377,0.81453127,5.804111,0.9774375,1.4287522
squeezed_Cần Thơ,2017-11-01,0.0,5.613805,1.4661562,6.698814,0.0,3.6172605,0.81453127,4.36307,0.9774375,1.6544834,2.1177812,19.667091
squeezed_Cần Thơ,2017-12-01,1.4661562,9.00001,0.0,5.4604716,0.81453127,5.104407,0.9774375,2.0017078,2.1177812,8.372779,1.0588906,5.9730687
squeezed_Gia Lai,2016-01-01,72.46172,69.30212,68.651665,64.05776,49.813026,65.982346,56.445354,69.56309,84.73859,70.188286,69.075005,73.56695
squeezed_Gia Lai,2016-02-01,68.651665,68.61902,49.813026,71.74993,56.445354,69.622536,84.73859,67.53949,69.075005,82.052086,66.67607,81.353485
squeezed_Gia Lai,2016-03-01,49.813026,67.35246,56.445354,59.972343,84.73859,64.618004,69.075005,72.32577,66.67607,90.24677,87.77252,87.743706
squeezed_Gia Lai,2016-04-01,56.445354,49.323715,84.73859,62.347218,69.075005,66.95998,66.67607,86.264885,87.77252,83.112,176.46228,81.12893
squeezed_Gia Lai,2016-05-01,84.73859,59.57308,69.075005,62.549885,66.67607,81.3572,87.77252,96.95451,176.46228,91.109184,175.05115,79.9846
squeezed_Gia Lai,2016-06-01,69.075005,76.09685,66.67607,83.773155,87.77252,88.13459,176.46228,89.72999,175.05115,78.55426,28.293234,74.48025
squeezed_Gia Lai,2016-07-01,66.67607,79.0437,87.77252,84.5657,176.46228,98.86584,175.05115,79.60391,28.293234,72.31663,40.5065,62.316605
squeezed_Gia Lai,2016-08-01,87.77252,77.901634,176.46228,83.63556,175.05115,74.70974,28.293234,70.34101,40.5065,62.354084,54.87099,56.005997
squeezed_Gia Lai,2016-09-01,176.46228,88.48678,175.05115,81.65977,28.293234,69.57839,40.5065,59.917618,54.87099,54.180275,93.33515,60.152275
squeezed_Gia Lai,2016-10-01,175.05115,117.34801,28.293234,105.97061,40.5065,83.70727,54.87099,76.58617,93.33515,68.168144,71.48206,74.20756
squeezed_Gia Lai,2016-11-01,28.293234,129.65842,40.5065,105.243225,54.87099,79.384544,93.33515,87.185936,71.48206,88.92747,68.758934,87.73848
squeezed_Gia Lai,2016-12-01,40.5065,79.040665,54.87099,53.939285,93.33515,74.788666,71.48206,73.952774,68.758934,68.82676,0.0,72.98983
squeezed_Gia Lai,2017-01-01,54.87099,56.664673,93.33515,53.462494,71.48206,65.66478,68.758934,67.43922,0.0,71.18177,85.57424,73.36028
squeezed_Gia Lai,2017-02-01,93.33515,61.842026,71.48206,54.03792,68.758934,57.42346,0.0,66.19578,85.57424,83.58676,11.981755,73.414764
squeezed_Gia Lai,2017-03-01,71.48206,67.8949,68.758934,70.769035,0.0,72.60391,85.57424,76.3903,11.981755,94.28483,12.3902235,96.90081
squeezed_Gia Lai,2017-04-01,68.758934,69.212234,0.0,68.8531,85.57424,77.25768,11.981755,92.35909,12.3902235,106.01869,24.371979,101.851395
squeezed_Gia Lai,2017-05-01,0.0,70.97343,85.57424,80.26117,11.981755,90.778915,12.3902235,105.26012,24.371979,119.23976,74.817894,108.72429
squeezed_Gia Lai,2017-06-01,85.57424,69.2962,11.981755,63.663906,12.3902235,82.309494,24.371979,104.834114,74.817894,91.797844,61.61073,75.04627
squeezed_Gia Lai,2017-07-01,11.981755,77.0896,12.3902235,83.37004,24.371979,106.47408,74.817894,100.459,61.61073,78.31545,70.00067,70.493904
squeezed_Gia Lai,2017-08-01,12.3902235,81.648,24.371979,93.30381,74.817894,96.60192,61.61073,67.41916,70.00067,52.90691,64.05028,52.552235
squeezed_Gia Lai,2017-09-01,24.371979,93.38512,74.817894,70.62759,61.61073,51.082203,70.00067,42.085426,64.05028,33.085712,59.16962,40.298965
squeezed_Gia Lai,2017-10-01,74.817894,61.755917,61.61073,38.383858,70.00067,36.446793,64.05028,36.00678,59.16962,33.592705,72.74186,48.263924
squeezed_Gia Lai,2017-11-01,61.61073,42.775803,70.00067,45.531128,64.05028,49.863422,59.16962,36.709152,72.74186,41.832523,57.23073,38.858227
squeezed_Gia Lai,2017-12-01,70.00067,48.568356,64.05028,50.209656,59.16962,42.39676,72.74186,41.589058,57.23073,43.899292,73.87845,47.203
squeezed_Hà Giang,2016-01-01,139.56622,188.26012,199.36282,200.45639,173.018,202.88356,194.584,197.77701,184.16861,189.03346,147.0408,189.21555
squeezed_Hà Giang,2016-02-01,199.36282,174.35387,173.018,190.28491,194.584,191.67946,184.16861,167.47874,147.0408,182.3065,182.08553,205.55188
squeezed_Hà Giang,2016-03-01,173.018,191.7432,194.584,184.62688,184.16861,179.91641,147.0408,194.38412,182.08553,208.53717,210.26836,192.85124
squeezed_Hà Giang,2016-04-01,194.584,199.89426,184.16861,171.1264,147.0408,185.17043,182.08553,200.22147,210.26836,197.05162,177.06163,255.14757
squeezed_Hà Giang,2016-05-01,184.16861,188.48979,147.0408,192.56786,182.08553,206.29369,210.26836,194.65285,177.06163,216.47858,182.57567,205.80867
squeezed_Hà Giang,2016-06-01,147.0408,191.49428,182.08553,210.10338,210.26836,208.30646,177.06163,210.63824,182.57567,212.69853,114.079155,209.87305
squeezed_Hà Giang,2016-07-01,182.08553,177.65396,210.26836,202.28435,177.06163,201.64287,182.57567,203.30084,114.079155,224.6882,112.15065,162.72693
squeezed_Hà Giang,2016-08-01,210.26836,191.34837,177.06163,202.64223,182.57567,205.98306,114.079155,225.17972,112.15065,170.84416,122.70601,187.29715
squeezed_Hà Giang,2016-09-01,177.06163,215.08449,182.57567,202.97607,114.079155,225.86105,112.15065,165.3253,122.70601,181.96626,139.85846,185.56993
squeezed_Hà Giang,2016-10-01,182.57567,196.08527,114.079155,206.87819,112.15065,164.78511,122.70601,170.46869,139.85846,186.01865,145.01619,178.06789
squeezed_Hà Giang,2016-11-01,114.079155,240.03328,112.15065,165.20576,122.70601,167.7363,139.85846,187.4215,145.01619,192.20595,0.0,225.41086
squeezed_Hà Giang,2016-12-01,112.15065,131.20103,122.70601,144.2253,139.85846,168.71216,145.01619,175.9888,0.0,191.29282,164.92743,189.15407
squeezed_Hà Giang,2017-01-01,122.70601,150.83755,139.85846,176.87311,145.01619,171.23521,0.0,184.75864,164.92743,178.88579,161.44896,170.50468
squeezed_Hà Giang,2017-02-01,139.85846,159.3173,145.01619,179.88179,0.0,204.12338,164.92743,170.0065,161.44896,166.94383,199.71213,167.04578
squeezed_Hà Giang,2017-03-01,145.01619,163.4931,0.0,171.99826,164.92743,182.05046,161.44896,165.43718,199.71213,178.59181,200.55176,182.47417
squeezed_Hà Giang,2017-04-01,0.0,164.13127,164.92743,161.63373,161.44896,163.03557,199.71213,171.34364,200.55176,170.114,212.0667,163.99342
squeezed_Hà Giang,2017-05-01,164.92743,133.42664,161.44896,135.78368,199.71213,150.98468,200.55176,154.26718,212.0667,157.58842,216.50475,135.80493
squeezed_Hà Giang,2017-06-01,161.44896,140.37813,199.71213,161.18315,200.55176,154.66354,212.0667,149.92314,216.50475,138.93785,166.48674,137.58398
squeezed_Hà Giang,2017-07-01,199.71213,169.3681,200.55176,173.43837,212.0667,178.76115,216.50475,151.7849,166.48674,137.66405,133.01831,126.67946
squeezed_Hà Giang,2017-08-01,200.55176,179.97859,212.0667,159.8998,216.50475,144.39023,166.48674,130.28903,133.01831,115.54869,138.45245,118.30176
squeezed_Hà Giang,2017-09-01,212.0667,178.83836,216.50475,151.2211,166.48674,140.55292,133.01831,133.02106,138.45245,130.89609,162.55168,145.97034
squeezed_Hà Giang,2017-10-01,216.50475,168.24165,166.48674,158.49843,133.01831,143.74095,138.45245,148.59694,162.55168,154.73463,186.06024,154.30972
squeezed_Hà Giang,2017-11-01,166.48674,164.42564,133.01831,152.36377,138.45245,149.092,162.55168,161.7924,186.06024,178.4073,156.2906,163.8992
squeezed_Hà Giang,2017-12-01,133.01831,171.26125,138.45245,138.4369,162.55168,170.17787,186.06024,170.29033,156.2906,165.77118,163.85115,177.27055
squeezed_Hà Nội,2016-01-01,25.653622,27.014235,29.174171,33.711575,26.267672,33.27283,21.450794,26.36709,22.242235,41.54699,19.37667,17.833319
squeezed_Hà Nội,2016-02-01,29.174171,30.99901,26.267672,33.158386,21.450794,30.792059,22.242235,18.664879,19.37667,22.262482,17.220676,25.396303
squeezed_Hà Nội,2016-03-01,26.267672,31.571068,21.450794,25.648773,22.242235,68.61329,19.37667,21.550535,17.220676,26.290222,16.96141,21.348263
squeezed_Hà Nội,2016-04-01,21.450794,45.30362,22.242235,85.926155,19.37667,24.264507,17.220676,26.222122,16.96141,21.925486,18.025763,56.023712
squeezed_Hà Nội,2016-05-01,22.242235,75.04986,19.37667,9.634289,17.220676,28.335772,16.96141,27.071918,18.025763,87.74567,16.101742,13.939715
squeezed_Hà Nội,2016-06-01,19.37667,16.435188,17.220676,17.044752,16.96141,17.175516,18.025763,20.189558,16.101742,20.952705,3.3977404,50.024292
squeezed_Hà Nội,2016-07-01,17.220676,21.407782,16.96141,15.808515,18.025763,34.095066,16.101742,17.407057,3.3977404,42.01814,14.492004,6.5873256
squeezed_Hà Nội,2016-08-01,16.96141,30.22083,18.025763,29.66911,16.101742,16.04506,3.3977404,18.776224,14.492004,10.277756,16.532768,27.174503
squeezed_Hà Nội,2016-09-01,18.025763,31.617382,16.101742,20.555105,3.3977404,17.9559,14.492004,1.7267834,16.532768,17.165085,19.490583,16.421873
squeezed_Hà Nội,2016-10-01,16.101742,9.535331,3.3977404,14.077988,14.492004,6.4915714,16.532768,24.68947,19.490583,13.834455,20.91137,16.395103
squeezed_Hà Nội,2016-11-01,3.3977404,18.182007,14.492004,-2.1296782,16.532768,14.8692665,19.490583,13.013278,20.91137,24.893196,21.66051,67.982666
squeezed_Hà Nội,2016-12-01,14.492004,10.306428,16.532768,7.163631,19.490583,25.82807,20.91137,21.790428,21.66051,47.818398,18.302292,26.260527
squeezed_Hà Nội,2017-01-01,16.532768,23.544092,19.490583,19.131102,20.91137,30.399918,21.66051,59.540802,18.302292,27.017052,23.50753,32.853508
squeezed_Hà Nội,2017-02-01,19.490583,21.387072,20.91137,21.97641,21.66051,60.397358,18.302292,19.92204,23.50753,24.555801,22.383818,29.789486
squeezed_Hà Nội,2017-03-01,20.91137,27.348528,21.66051,81.196915,18.302292,24.786655,23.50753,64.44485,22.383818,33.48847,14.182015,31.092262
squeezed_Hà Nội,2017-04-01,21.66051,73.28705,18.302292,80.223625,23.50753,24.903603,22.383818,35.865067,14.182015,32.130802,20.381804,28.019125
squeezed_Hà Nội,2017-05-01,18.302292,25.199045,23.50753,24.03169,22.383818,35.472504,14.182015,32.24456,20.381804,37.44082,16.041952,55.98918
squeezed_Hà Nội,2017-06-01,23.50753,22.113907,22.383818,28.283438,14.182015,22.332407,20.381804,17.65537,16.041952,21.313759,17.75981,13.303288
squeezed_Hà Nội,2017-07-01,22.383818,25.897558,14.182015,27.863012,20.381804,22.820953,16.041952,18.144938,17.75981,16.490746,14.707183,8.699606
squeezed_Hà Nội,2017-08-01,14.182015,42.156902,20.381804,22.817432,16.041952,14.73491,17.75981,19.731314,14.707183,8.124095,0.0,9.852409
squeezed_Hà Nội,2017-09-01,20.381804,24.53953,16.041952,15.829301,17.75981,18.35959,14.707183,2.637099,0.0,6.7293477,16.476088,12.542726
squeezed_Hà Nội,2017-10-01,16.041952,14.214235,17.75981,12.600068,14.707183,8.987016,0.0,11.541017,16.476088,15.069918,0.0,19.643711
squeezed_Hà Nội,2017-11-01,17.75981,19.592436,14.707183,3.1213408,0.0,10.254355,16.476088,16.3319,0.0,21.10444,11.219913,12.927852
squeezed_Hà Nội,2017-12-01,14.707183,5.789623,0.0,5.7845354,16.476088,16.931913,0.0,18.324366,11.219913,16.169146,15.869606,45.46841
squeezed_Hà Tĩnh,2016-01-01,238.96739,240.76613,231.15181,251.51823,314.9917,244.53381,245.83563,244.68146,251.04602,207.11894,200.83682,178.55402
squeezed_Hà Tĩnh,2016-02-01,231.15181,328.81375,314.9917,262.98746,245.83563,217.52756,251.04602,219.9983,200.83682,216.01949,214.5733,219.68282
squeezed_Hà Tĩnh,2016-03-01,314.9917,248.45488,245.83563,203.83679,251.04602,275.7283,200.83682,191.2894,214.5733,228.40866,215.4417,225.19229
squeezed_Hà Tĩnh,2016-04-01,245.83563,266.65488,251.04602,214.31085,200.83682,196.28549,214.5733,222.03836,215.4417,221.32727,264.5457,228.94205
squeezed_Hà Tĩnh,2016-05-01,251.04602,253.06033,200.83682,211.37355,214.5733,222.5072,215.4417,217.41835,264.5457,280.3163,184.10042,244.67754
squeezed_Hà Tĩnh,2016-06-01,200.83682,263.63904,214.5733,237.90927,215.4417,227.87698,264.5457,221.2186,184.10042,328.67404,120.23368,253.37717
squeezed_Hà Tĩnh,2016-07-01,214.5733,211.40697,215.4417,212.5791,264.5457,220.27907,184.10042,219.15594,120.23368,265.873,185.68513,206.7093
squeezed_Hà Tĩnh,2016-08-01,215.4417,216.89876,264.5457,222.94826,184.10042,220.49867,120.23368,222.27524,185.68513,217.9459,205.14833,223.32024
squeezed_Hà Tĩnh,2016-09-01,264.5457,229.94484,184.10042,233.43227,120.23368,216.57727,185.68513,202.73781,205.14833,227.35904,307.95795,257.80557
squeezed_Hà Tĩnh,2016-10-01,184.10042,250.87398,120.23368,253.12686,185.68513,225.58206,205.14833,234.49464,307.95795,261.74414,260.71262,255.19547
squeezed_Hà Tĩnh,2016-11-01,120.23368,214.88634,185.68513,203.49788,205.14833,222.122,307.95795,250.60051,260.71262,252.67154,216.44954,270.5529
squeezed_Hà Tĩnh,2016-12-01,185.68513,174.42696,205.14833,185.34648,307.95795,231.40814,260.71262,252.78818,216.44954,223.04405,223.59128,222.94516
squeezed_Hà Tĩnh,2017-01-01,205.14833,221.78658,307.95795,265.64545,260.71262,249.75552,216.44954,237.06244,223.59128,225.47417,204.99136,206.18283
squeezed_Hà Tĩnh,2017-02-01,307.95795,240.52913,260.71262,243.83363,216.44954,258.94482,223.59128,207.22127,204.99136,192.27965,203.10783,205.80171
squeezed_Hà Tĩnh,2017-03-01,260.71262,300.47336,216.44954,258.0331,223.59128,220.68755,204.99136,211.97792,203.10783,213.38393,226.18114,218.63678
squeezed_Hà Tĩnh,2017-04-01,216.44954,244.61978,223.59128,213.38773,204.99136,197.67438,203.10783,217.3733,226.18114,228.69061,212.91791,227.19678
squeezed_Hà Tĩnh,2017-05-01,223.59128,205.72064,204.99136,205.68893,203.10783,206.42339,226.18114,220.9207,212.91791,233.54295,167.5561,207.66896
squeezed_Hà Tĩnh,2017-06-01,204.99136,204.87978,203.10783,217.68083,226.18114,223.84793,212.91791,230.12836,167.5561,210.82628,163.31816,202.76234
squeezed_Hà Tĩnh,2017-07-01,203.10783,207.62865,226.18114,226.86781,212.91791,236.07344,167.5561,212.74448,163.31816,205.967,144.631,182.87123
squeezed_Hà Tĩnh,2017-08-01,226.18114,219.09334,212.91791,233.45308,167.5561,203.02838,163.31816,201.54192,144.631,198.93364,177.89926,207.44608
squeezed_Hà Tĩnh,2017-09-01,212.91791,222.69247,167.5561,216.89917,163.31816,213.0659,144.631,193.01741,177.89926,224.86264,198.12573,264.47928
squeezed_Hà Tĩnh,2017-10-01,167.5561,209.12004,163.31816,210.62349,144.631,182.42499,177.89926,225.04312,198.12573,271.62473,177.04022,264.79904
squeezed_Hà Tĩnh,2017-11-01,163.31816,196.24953,144.631,188.18782,177.89926,229.5231,198.12573,306.0296,177.04022,241.91618,152.44046,260.81036
squeezed_Hà Tĩnh,2017-12-01,144.631,172.68622,177.89926,215.98044,198.12573,271.36884,177.04022,249.17929,152.44046,213.16382,136.0406,212.67336
squeezed_Hòa Bình,2016-01-01,75.78491,88.663376,126.669075,90.10205,130.87935,94.120804,136.65343,93.89556,105.978584,88.04992,98.039215,84.84447
squeezed_Hòa Bình,2016-02-01,126.669075,79.59379,130.87935,102.476364,136.65343,88.52084,105.978584,79.37176,98.039215,85.529396,95.63335,98.992615
squeezed_Hòa Bình,2016-03-01,130.87935,108.96482,136.65343,98.693436,105.978584,99.92326,98.039215,102.32042,95.63335,101.02217,119.93263,103.6762
squeezed_Hòa Bình,2016-04-01,136.65343,104.19852,105.978584,102.038345,98.039215,99.08096,95.63335,112.80763,119.93263,115.652626,103.091545,137.59944
squeezed_Hòa Bình,2016-05-01,105.978584,132.79837,98.039215,106.24063,95.63335,108.011955,119.93263,133.80563,103.091545,117.50263,102.24949,103.11776
squeezed_Hòa Bình,2016-06-01,98.039215,101.445,95.63335,97.51091,119.93263,119.4462,103.091545,119.32471,102.24949,100.66895,16.841093,97.272964
squeezed_Hòa Bình,2016-07-01,95.63335,126.138855,119.93263,111.43919,103.091545,127.76539,102.24949,90.723854,16.841093,90.734985,54.43787,86.03706
squeezed_Hòa Bình,2016-08-01,119.93263,108.391594,103.091545,111.23372,102.24949,92.53536,16.841093,91.78984,54.43787,86.51488,0.0,86.70927
squeezed_Hòa Bình,2016-09-01,103.091545,125.204506,102.24949,103.60173,16.841093,91.735085,54.43787,83.92434,0.0,87.20556,124.73373,100.7331
squeezed_Hòa Bình,2016-10-01,102.24949,97.0979,16.841093,100.00551,54.43787,83.99502,0.0,104.76919,124.73373,104.015915,139.1716,108.15885
squeezed_Hòa Bình,2016-11-01,16.841093,90.43153,54.43787,79.89902,0.0,88.73483,124.73373,103.82094,139.1716,116.27917,125.2071,157.35995
squeezed_Hòa Bình,2016-12-01,54.43787,65.91214,0.0,70.00223,124.73373,96.15801,139.1716,100.435524,125.2071,115.9095,90.76923,91.40346
squeezed_Hòa Bình,2017-01-01,0.0,71.088425,124.73373,79.00081,139.1716,91.24519,125.2071,116.04543,90.76923,104.235634,92.30769,94.55234
squeezed_Hòa Bình,2017-02-01,124.73373,82.34717,139.1716,91.44548,125.2071,126.058556,90.76923,108.22239,92.30769,88.35819,129.46745,86.46631
squeezed_Hòa Bình,2017-03-01,139.1716,103.405396,125.2071,115.483345,90.76923,100.41087,92.30769,87.62761,129.46745,91.06178,144.49704,85.79231
squeezed_Hòa Bình,2017-04-01,125.2071,114.135,90.76923,124.852806,92.30769,96.74176,129.46745,106.933266,144.49704,105.544655,108.63905,89.3245
squeezed_Hòa Bình,2017-05-01,90.76923,110.28058,92.30769,107.53331,129.46745,112.36803,144.49704,113.53332,108.63905,99.60245,0.0,112.11361
squeezed_Hòa Bình,2017-06-01,92.30769,96.8984,129.46745,101.76993,144.49704,101.24375,108.63905,95.126175,0.0,80.35776,66.50887,80.54924
squeezed_Hòa Bình,2017-07-01,129.46745,105.54542,144.49704,114.11079,108.63905,91.62392,0.0,88.105774,66.50887,89.99205,66.43932,71.20143
squeezed_Hòa Bình,2017-08-01,144.49704,111.971054,108.63905,103.808586,0.0,88.75304,66.50887,101.526695,66.43932,88.6533,62.20602,87.88174
squeezed_Hòa Bình,2017-09-01,108.63905,127.07459,0.0,107.41789,66.50887,97.17344,66.43932,86.79959,62.20602,91.42731,87.605835,100.862915
squeezed_Hòa Bình,2017-10-01,0.0,97.659164,66.50887,92.49062,66.43932,81.49791,62.20602,96.61363,87.605835,104.153305,0.0,111.14987
squeezed_Hòa Bình,2017-11-01,66.50887,74.76501,66.43932,54.258102,62.20602,82.539986,87.605835,100.44551,0.0,105.98912,77.610535,96.79948
squeezed_Hòa Bình,2017-12-01,66.43932,56.1468,62.20602,76.656296,87.605835,95.50982,0.0,93.323616,77.610535,103.26261,0.0,98.22289
squeezed_Hưng Yên,2016-01-01,117.24492,103.07965,111.60485,114.28719,117.50128,123.34342,115.877625,116.519966,108.69937,122.30151,85.711845,100.72251
squeezed_Hưng Yên,2016-02-01,111.60485,118.03373,117.50128,124.927635,115.877625,110.97081,108.69937,110.08623,85.711845,104.99403,105.87933,105.04426
squeezed_Hưng Yên,2016-03-01,117.50128,123.11943,115.877625,107.76526,108.69937,117.3229,85.711845,108.443214,105.87933,107.70846,110.66484,97.665665
squeezed_Hưng Yên,2016-04-01,115.877625,119.152245,108.69937,137.36214,85.711845,122.41239,105.87933,114.91542,110.66484,106.71492,94.94103,110.896515
squeezed_Hưng Yên,2016-05-01,108.69937,151.27708,85.711845,99.59125,105.87933,110.15759,110.66484,118.25213,94.94103,102.417366,108.87028,101.39289
squeezed_Hưng Yên,2016-06-01,85.711845,100.600266,105.87933,97.60437,110.66484,101.687584,94.94103,108.36235,108.87028,93.37904,94.85558,104.99348
squeezed_Hưng Yên,2016-07-01,105.87933,145.02716,110.66484,93.52813,94.94103,110.82111,108.87028,90.63964,94.85558,99.813095,84.96094,89.29345
squeezed_Hưng Yên,2016-08-01,110.66484,93.86951,94.94103,110.09821,108.87028,105.353676,94.85558,116.757355,84.96094,91.14729,85.367836,98.6506
squeezed_Hưng Yên,2016-09-01,94.94103,117.00021,108.87028,114.540726,94.85558,100.42074,84.96094,89.74693,85.367836,94.7437,111.73502,109.998314
squeezed_Hưng Yên,2016-10-01,108.87028,99.77932,94.85558,99.25136,84.96094,92.865,85.367836,100.65575,111.73502,103.160416,103.84115,104.61164
squeezed_Hưng Yên,2016-11-01,94.85558,104.41271,84.96094,82.64929,85.367836,94.95799,111.73502,107.07544,103.84115,109.27773,95.54037,126.71446
squeezed_Hưng Yên,2016-12-01,84.96094,102.10091,85.367836,93.49885,111.73502,109.991585,103.84115,127.02787,95.54037,119.4938,104.08529,108.58754
squeezed_Hưng Yên,2017-01-01,85.367836,110.92362,111.73502,101.69678,103.84115,132.72163,95.54037,125.17526,104.08529,110.68791,86.751305,110.07123
squeezed_Hưng Yên,2017-02-01,111.73502,96.87937,103.84115,112.36974,95.54037,123.85038,104.08529,100.13229,86.751305,131.80644,108.23568,101.48052
squeezed_Hưng Yên,2017-03-01,103.84115,113.98169,95.54037,130.21223,104.08529,108.37915,86.751305,146.69005,108.23568,113.15037,104.00391,107.35286
squeezed_Hưng Yên,2017-04-01,95.54037,112.17597,104.08529,160.07314,86.751305,111.04495,108.23568,115.00973,104.00391,112.96437,100.504555,106.63725
squeezed_Hưng Yên,2017-05-01,104.08529,105.14663,86.751305,106.96634,108.23568,103.38021,104.00391,110.62913,100.504555,97.89896,96.92383,89.95453
squeezed_Hưng Yên,2017-06-01,86.751305,104.580536,108.23568,114.64382,104.00391,110.55678,100.504555,102.14703,96.92383,113.87247,107.25912,86.92743
squeezed_Hưng Yên,2017-07-01,108.23568,106.8685,104.00391,101.48897,100.504555,89.70031,96.92383,96.97899,107.25912,170.90334,105.60206,85.48779
squeezed_Hưng Yên,2017-08-01,104.00391,108.26766,100.504555,98.2655,96.92383,103.3918,107.25912,97.67553,105.60206,84.60719,91.35544,86.520164
squeezed_Hưng Yên,2017-09-01,100.504555,96.49278,96.92383,98.91502,107.25912,83.94559,105.60206,86.809975,91.35544,87.025055,118.07791,100.579765
squeezed_Hưng Yên,2017-10-01,96.92383,95.32241,107.25912,89.96384,105.60206,83.8,91.35544,90.85144,118.07791,96.850296,93.609146,95.01927
squeezed_Hưng Yên,2017-11-01,107.25912,95.527145,105.60206,87.60331,91.35544,83.45553,118.07791,102.542015,93.609146,103.2116,95.701866,87.382706
squeezed_Hưng Yên,2017-12-01,105.60206,90.55058,91.35544,91.231026,118.07791,99.67805,93.609146,98.93137,95.701866,88.50365,93.367676,96.05061
squeezed_Hải Dương,2016-01-01,121.51417,129.24557,126.04995,148.12009,116.19442,139.2783,117.034386,133.89595,108.80278,191.70175,109.194756,127.18294
squeezed_Hải Dương,2016-02-01,126.04995,153.52022,116.19442,145.7551,117.034386,125.93794,108.80278,132.12018,109.194756,129.33832,106.2269,134.00056
squeezed_Hải Dương,2016-03-01,116.19442,140.90556,117.034386,133.91367,108.80278,194.25974,109.194756,121.70986,106.2269,130.08162,108.130806,132.84001
squeezed_Hải Dương,2016-04-01,117.034386,134.20682,108.80278,174.17332,109.194756,122.79655,106.2269,118.65297,108.130806,127.02098,104.155,183.57411
squeezed_Hải Dương,2016-05-01,108.80278,200.5483,109.194756,114.92411,106.2269,124.53342,108.130806,121.25831,104.155,138.35869,100.40318,116.56466
squeezed_Hải Dương,2016-06-01,109.194756,114.49733,106.2269,121.4195,108.130806,118.1682,104.155,148.06749,100.40318,120.04751,43.789898,122.96802
squeezed_Hải Dương,2016-07-01,106.2269,119.46117,108.130806,136.16356,104.155,129.40454,100.40318,116.524414,43.789898,115.5238,69.058685,103.29228
squeezed_Hải Dương,2016-08-01,108.130806,116.59774,104.155,130.33337,100.40318,120.823456,43.789898,116.382675,69.058685,101.43079,0.0,111.54927
squeezed_Hải Dương,2016-09-01,104.155,126.31137,100.40318,117.826225,43.789898,110.49903,69.058685,99.63018,0.0,110.19058,0.0,129.78809
squeezed_Hải Dương,2016-10-01,100.40318,96.387115,43.789898,104.88248,69.058685,98.20887,0.0,114.26816,0.0,100.43852,74.08408,110.50587
squeezed_Hải Dương,2016-11-01,43.789898,101.50909,69.058685,97.90317,0.0,102.413704,0.0,103.20366,74.08408,111.52905,0.0,147.84131
squeezed_Hải Dương,2016-12-01,69.058685,81.12741,0.0,77.8918,0.0,94.37357,74.08408,106.678795,0.0,133.57274,0.0,186.21745
squeezed_Hải Dương,2017-01-01,0.0,95.25222,0.0,104.17415,74.08408,102.54675,0.0,159.43947,0.0,107.97693,76.353615,101.88413
squeezed_Hải Dương,2017-02-01,0.0,88.296936,74.08408,87.039566,0.0,142.31566,0.0,154.59586,76.353615,123.20455,87.917435,89.69133
squeezed_Hải Dương,2017-03-01,74.08408,81.926315,0.0,109.37509,0.0,93.449356,76.353615,79.19435,87.917435,89.0343,0.0,75.62298
squeezed_Hải Dương,2017-04-01,0.0,102.298225,0.0,138.82272,76.353615,83.1039,87.917435,82.0217,0.0,71.886185,80.67654,94.26831
squeezed_Hải Dương,2017-05-01,0.0,100.92306,76.353615,90.41223,87.917435,69.701515,0.0,65.198494,80.67654,77.05822,75.21885,50.210094
squeezed_Hải Dương,2017-06-01,76.353615,56.81869,87.917435,55.107277,0.0,49.34899,80.67654,45.64442,75.21885,33.282993,83.86469,41.77241
squeezed_Hải Dương,2017-07-01,87.917435,57.793114,0.0,84.38897,80.67654,50.28833,75.21885,37.58534,83.86469,38.366604,72.00298,28.405704
squeezed_Hải Dương,2017-08-01,0.0,79.30909,80.67654,80.38166,75.21885,48.109413,83.86469,42.24976,72.00298,52.08903,70.61831,36.70826
squeezed_Hải Dương,2017-09-01,80.67654,65.35376,75.21885,32.75628,83.86469,39.594105,72.00298,25.551882,70.61831,31.775057,0.0,39.636505
squeezed_Hải Dương,2017-10-01,75.21885,46.04915,83.86469,49.43014,72.00298,45.61265,70.61831,43.043274,0.0,50.272003,68.27502,51.618137
squeezed_Hải Dương,2017-11-01,83.86469,55.92819,72.00298,50.578392,70.61831,50.31232,0.0,51.348454,68.27502,53.663265,68.1685,55.934242
squeezed_Hải Dương,2017-12-01,72.00298,59.21813,70.61831,50.940395,0.0,56.971878,68.27502,49.967556,68.1685,50.807217,0.0,55.829567
squeezed_Hải Phòng,2016-01-01,24.182148,33.426582,28.018982,41.309174,24.888933,43.320766,25.39378,50.6435,26.201534,32.16874,27.009289,28.603527
squeezed_Hải Phòng,2016-02-01,28.018982,38.702,24.888933,38.911133,25.39378,59.195503,26.201534,21.772085,27.009289,29.814487,28.877222,42.55603
squeezed_Hải Phòng,2016-03-01,24.888933,41.10964,25.39378,35.48322,26.201534,53.585262,27.009289,29.719147,28.877222,35.64689,31.9063,23.275644
squeezed_Hải Phòng,2016-04-01,25.39378,46.153797,26.201534,91.675705,27.009289,30.613613,28.877222,34.29264,31.9063,20.482485,18.527868,54.17186
squeezed_Hải Phòng,2016-05-01,26.201534,54.905598,27.009289,20.417307,28.877222,38.722504,31.9063,19.260355,18.527868,30.630116,17.417206,20.785929
squeezed_Hải Phòng,2016-06-01,27.009289,23.142801,28.877222,35.13735,31.9063,21.175516,18.527868,24.76525,17.417206,16.694616,22.718094,29.083576
squeezed_Hải Phòng,2016-07-01,28.877222,29.107462,31.9063,19.429388,18.527868,36.856243,17.417206,18.124184,22.718094,22.652998,0.0,91.929794
squeezed_Hải Phòng,2016-08-01,31.9063,18.269894,18.527868,25.75743,17.417206,20.74958,22.718094,37.240944,0.0,58.478745,0.0,23.747772
squeezed_Hải Phòng,2016-09-01,18.527868,39.393536,17.417206,19.801704,22.718094,22.617931,0.0,33.946064,0.0,18.219618,0.0,24.217623
squeezed_Hải Phòng,2016-10-01,17.417206,17.723618,22.718094,17.905323,0.0,37.48062,0.0,14.305,0.0,18.45867,0.0,29.777372
squeezed_Hải Phòng,2016-11-01,22.718094,22.976797,0.0,34.62449,0.0,12.7013235,0.0,19.821882,0.0,29.818727,0.0,61.365726
squeezed_Hải Phòng,2016-12-01,0.0,36.80749,0.0,12.122876,0.0,23.688574,0.0,31.994967,0.0,40.276188,0.0,58.79889
squeezed_Hải Phòng,2017-01-01,0.0,32.697113,0.0,16.8782,0.0,33.795006,0.0,57.60541,0.0,33.47558,0.0,27.645359
squeezed_Hải Phòng,2017-02-01,0.0,14.4137125,0.0,27.696564,0.0,56.761925,0.0,42.534176,0.0,28.2305,0.0,23.645933
squeezed_Hải Phòng,2017-03-01,0.0,20.370731,0.0,25.932764,0.0,27.695377,0.0,31.19223,0.0,28.606909,0.0,26.293768
squeezed_Hải Phòng,2017-04-01,0.0,31.07598,0.0,22.244219,0.0,16.088213,0.0,19.00502,0.0,20.30254,0.0,21.952555
squeezed_Hải Phòng,2017-05-01,0.0,19.551245,0.0,13.491737,0.0,8.024748,0.0,17.562428,0.0,18.389238,0.0,6.924573
squeezed_Hải Phòng,2017-06-01,0.0,24.382795,0.0,15.52688,0.0,3.182594,0.0,16.382881,0.0,4.6081696,0.0,15.660194
squeezed_Hải Phòng,2017-07-01,0.0,22.464281,0.0,31.182047,0.0,12.640772,0.0,7.683438,0.0,18.127462,0.0,8.050986
squeezed_Hải Phòng,2017-08-01,0.0,20.622255,0.0,10.972575,0.0,3.354174,0.0,16.691422,0.0,6.204144,0.0,4.4503064
squeezed_Hải Phòng,2017-09-01,0.0,28.19494,0.0,2.0926507,0.0,11.28661,0.0,3.5971353,0.0,2.4418168,0.0,8.813436
squeezed_Hải Phòng,2017-10-01,0.0,6.495313,0.0,6.8692317,0.0,3.2160323,0.0,5.698782,0.0,10.303312,0.0,12.956234
squeezed_Hải Phòng,2017-11-01,0.0,14.163564,0.0,0.9520505,0.0,8.132331,0.0,16.091154,0.0,22.433212,0.0,9.836243
squeezed_Hải Phòng,2017-12-01,0.0,8.001164,0.0,5.5647087,0.0,10.474251,0.0,25.005346,0.0,9.709203,0.0,6.610299
squeezed_Khánh Hòa,2016-01-01,91.20119,100.42595,100.67557,93.727455,118.14137,115.86212,111.13857,106.14134,105.042015,105.64949,125.14417,173.15904
squeezed_Khánh Hòa,2016-02-01,100.67557,93.02433,118.14137,116.19789,111.13857,102.59032,105.042015,156.11519,125.14417,180.28873,129.0987,153.93015
squeezed_Khánh Hòa,2016-03-01,118.14137,105.62207,111.13857,104.12007,105.042015,103.87663,125.14417,134.38483,129.0987,152.66719,104.05338,101.46131
squeezed_Khánh Hòa,2016-04-01,111.13857,108.48359,105.042015,110.61653,125.14417,105.489624,129.0987,165.13809,104.05338,120.44682,123.826004,108.84647
squeezed_Khánh Hòa,2016-05-01,105.042015,105.28206,125.14417,102.1373,129.0987,157.81146,104.05338,168.77547,123.826004,116.407745,133.95947,123.44442
squeezed_Khánh Hòa,2016-06-01,125.14417,108.95617,129.0987,173.25555,104.05338,117.53159,123.826004,114.678696,133.95947,122.77521,133.95947,112.29502
squeezed_Khánh Hòa,2016-07-01,129.0987,121.80699,104.05338,100.95684,123.826004,118.777695,133.95947,125.74846,133.95947,114.063995,116.41865,113.720764
squeezed_Khánh Hòa,2016-08-01,104.05338,129.33238,123.826004,123.8017,133.95947,129.10439,133.95947,111.96801,116.41865,105.86171,147.24986,97.36574
squeezed_Khánh Hòa,2016-09-01,123.826004,113.81507,133.95947,176.47363,133.95947,102.297905,116.41865,104.35616,147.24986,99.02923,0.0,107.295044
squeezed_Khánh Hòa,2016-10-01,133.95947,216.80823,133.95947,99.35021,116.41865,106.236565,147.24986,93.44342,0.0,99.270836,0.0,98.404465
squeezed_Khánh Hòa,2016-11-01,133.95947,115.39854,116.41865,95.860306,147.24986,102.35161,0.0,104.605545,0.0,107.346725,123.90035,105.052315
squeezed_Khánh Hòa,2016-12-01,116.41865,113.23159,147.24986,98.66625,0.0,108.024765,0.0,119.17786,123.90035,108.3951,0.0,109.02723
squeezed_Khánh Hòa,2017-01-01,147.24986,108.52535,0.0,106.3191,0.0,107.1871,123.90035,110.79537,0.0,109.17129,0.0,131.88089
squeezed_Khánh Hòa,2017-02-01,0.0,128.23093,0.0,129.47739,123.90035,119.94342,0.0,115.82153,0.0,123.457855,0.0,114.48453
squeezed_Khánh Hòa,2017-03-01,0.0,109.08413,123.90035,90.7998,0.0,107.42162,0.0,159.56853,0.0,105.593025,0.0,119.25342
squeezed_Khánh Hòa,2017-04-01,123.90035,86.78971,0.0,80.50587,0.0,86.62581,0.0,85.35352,0.0,112.70192,0.0,92.99298
squeezed_Khánh Hòa,2017-05-01,0.0,102.464,0.0,106.32813,0.0,105.190094,0.0,99.18319,0.0,105.39322,0.0,97.73798
squeezed_Khánh Hòa,2017-06-01,0.0,101.83275,0.0,78.50651,0.0,120.470894,0.0,88.42378,0.0,98.008156,0.0,97.29338
squeezed_Khánh Hòa,2017-07-01,0.0,70.515656,0.0,89.44462,0.0,78.25809,0.0,68.36581,0.0,79.29281,158.35034,71.666885
squeezed_Khánh Hòa,2017-08-01,0.0,68.0839,0.0,48.875862,0.0,64.4167,0.0,68.75084,158.35034,62.641632,130.25725,64.835045
squeezed_Khánh Hòa,2017-09-01,0.0,46.886623,0.0,50.70592,0.0,62.319485,158.35034,52.934273,130.25725,59.9924,130.17558,37.62139
squeezed_Khánh Hòa,2017-10-01,0.0,44.229782,0.0,71.62075,158.35034,48.076675,130.25725,63.877796,130.17558,30.272758,121.437325,45.461315
squeezed_Khánh Hòa,2017-11-01,0.0,43.36452,158.35034,38.051876,130.25725,58.171352,130.17558,25.645641,121.437325,39.02675,0.0,27.865437
squeezed_Khánh Hòa,2017-12-01,158.35034,38.00729,130.25725,51.925243,130.17558,22.29135,121.437325,43.406784,0.0,44.362343,135.48387,52.895065
squeezed_Kiên Giang,2016-01-01,11.087972,14.782977,6.922947,6.5937686,6.810379,9.485818,7.0355153,9.174044,14.74644,12.762325,11.425676,13.9369
squeezed_Kiên Giang,2016-02-01,6.922947,8.759209,6.810379,6.0011554,7.0355153,10.653626,14.74644,9.850945,11.425676,11.025515,16.603817,13.211473
squeezed_Kiên Giang,2016-03-01,6.810379,7.054003,7.0355153,6.904742,14.74644,14.410438,11.425676,6.559035,16.603817,10.181346,17.054089,15.908802
squeezed_Kiên Giang,2016-04-01,7.0355153,11.611773,14.74644,9.123134,11.425676,11.208417,16.603817,12.330056,17.054089,12.105456,9.399448,21.982464
squeezed_Kiên Giang,2016-05-01,14.74644,13.056842,11.425676,15.581694,16.603817,16.37896,17.054089,16.703085,9.399448,15.506929,13.451905,11.536316
squeezed_Kiên Giang,2016-06-01,11.425676,9.306964,16.603817,31.747074,17.054089,39.260452,9.399448,15.5921335,13.451905,10.781943,13.451905,11.177025
squeezed_Kiên Giang,2016-07-01,16.603817,40.114788,17.054089,15.359898,9.399448,11.053694,13.451905,7.3301635,13.451905,11.017447,10.391733,8.348361
squeezed_Kiên Giang,2016-08-01,17.054089,15.003247,9.399448,17.93437,13.451905,8.86645,13.451905,16.957754,10.391733,8.534093,7.9981318,8.671062
squeezed_Kiên Giang,2016-09-01,9.399448,20.79664,13.451905,15.243346,13.451905,13.044466,10.391733,8.4124365,7.9981318,8.908241,8.348415,10.300772
squeezed_Kiên Giang,2016-10-01,13.451905,14.1120825,13.451905,16.072168,10.391733,10.637151,7.9981318,11.13276,8.348415,7.9311113,7.8229904,6.5682464
squeezed_Kiên Giang,2016-11-01,13.451905,15.110108,10.391733,14.704154,7.9981318,11.404365,8.348415,11.604902,7.8229904,9.315718,8.348415,9.615015
squeezed_Kiên Giang,2016-12-01,10.391733,9.886533,7.9981318,9.133065,8.348415,19.776896,7.8229904,7.599773,8.348415,10.918368,11.325822,13.034804
squeezed_Kiên Giang,2017-01-01,7.9981318,10.936782,8.348415,10.125353,7.8229904,10.713897,8.348415,10.3297,11.325822,25.392212,15.120556,10.2060995
squeezed_Kiên Giang,2017-02-01,8.348415,12.666884,7.8229904,10.084662,8.348415,15.649122,11.325822,17.471386,15.120556,36.686924,13.135618,14.213359
squeezed_Kiên Giang,2017-03-01,7.8229904,13.020737,8.348415,27.32327,11.325822,15.5431595,15.120556,15.915982,13.135618,21.937819,14.770272,13.972602
squeezed_Kiên Giang,2017-04-01,8.348415,12.824409,11.325822,14.36029,15.120556,11.953308,13.135618,17.335222,14.770272,15.988646,10.742017,13.999219
squeezed_Kiên Giang,2017-05-01,11.325822,14.132408,15.120556,11.787296,13.135618,13.321315,14.770272,15.057258,10.742017,15.543095,11.267441,11.710807
squeezed_Kiên Giang,2017-06-01,15.120556,12.67207,13.135618,15.925288,14.770272,14.311878,10.742017,16.520603,11.267441,6.6759195,13.427521,11.141759
squeezed_Kiên Giang,2017-07-01,13.135618,13.827541,14.770272,20.955572,10.742017,15.02508,11.267441,12.4267235,13.427521,9.337999,8.497759,12.108134
squeezed_Kiên Giang,2017-08-01,14.770272,15.267823,10.742017,22.605433,11.267441,11.682223,13.427521,13.719431,8.497759,12.9180155,6.3442173,12.3137665
squeezed_Kiên Giang,2017-09-01,10.742017,17.980957,11.267441,11.822984,13.427521,15.022572,8.497759,12.3137665,6.3442173,12.4520445,9.370816,15.907804
squeezed_Kiên Giang,2017-10-01,11.267441,17.250782,13.427521,17.68714,8.497759,14.73672,6.3442173,17.39527,9.370816,18.453234,5.9367905,13.091085
squeezed_Kiên Giang,2017-11-01,13.427521,16.405169,8.497759,17.432325,6.3442173,16.02432,9.370816,19.969448,5.9367905,11.867577,4.830918,16.254488
squeezed_Kiên Giang,2017-12-01,8.497759,13.723059,6.3442173,13.124722,9.370816,26.618368,5.9367905,17.90951,4.830918,13.861273,3.8996565,18.270002
squeezed_Kon Tum,2016-01-01,184.52147,235.82678,242.6152,258.08713,156.36078,247.23994,193.974,271.4904,172.90273,257.9943,169.75188,275.68475
squeezed_Kon Tum,2016-02-01,242.6152,226.08748,156.36078,235.12915,193.974,242.56749,172.90273,257.22653,169.75188,266.57275,207.75896,284.49365
squeezed_Kon Tum,2016-03-01,156.36078,229.83203,193.974,219.60887,172.90273,265.74142,169.75188,282.26315,207.75896,289.02835,244.7814,305.34024
squeezed_Kon Tum,2016-04-01,193.974,201.8201,172.90273,231.4171,169.75188,255.088,207.75896,288.45755,244.7814,281.6971,218.39307,281.7014
squeezed_Kon Tum,2016-05-01,172.90273,217.17018,169.75188,247.82549,207.75896,287.8202,244.7814,292.2496,218.39307,267.62537,220.16542,250.05232
squeezed_Kon Tum,2016-06-01,169.75188,232.66013,207.75896,270.32187,244.7814,292.084,218.39307,271.6297,220.16542,252.5764,56.32139,218.50964
squeezed_Kon Tum,2016-07-01,207.75896,231.78705,244.7814,259.10117,218.39307,270.6326,220.16542,247.50586,56.32139,222.09026,153.6243,187.78096
squeezed_Kon Tum,2016-08-01,244.7814,245.51576,218.39307,250.51605,220.16542,246.36858,56.32139,222.60887,153.6243,193.09892,130.16728,186.93333
squeezed_Kon Tum,2016-09-01,218.39307,251.75029,220.16542,238.59665,56.32139,224.27165,153.6243,199.22447,130.16728,189.59138,146.89482,216.64702
squeezed_Kon Tum,2016-10-01,220.16542,210.29573,56.32139,213.80435,153.6243,196.24693,130.16728,192.3843,146.89482,220.89552,149.39435,177.0455
squeezed_Kon Tum,2016-11-01,56.32139,208.9139,153.6243,173.02214,130.16728,187.34644,146.89482,218.5204,149.39435,182.15904,133.2436,186.70975
squeezed_Kon Tum,2016-12-01,153.6243,156.66632,130.16728,166.67056,146.89482,219.94383,149.39435,187.2955,133.2436,169.13936,166.31416,200.9487
squeezed_Kon Tum,2017-01-01,130.16728,171.81836,146.89482,191.63036,149.39435,169.42183,133.2436,188.40088,166.31416,190.27332,171.3132,209.63226
squeezed_Kon Tum,2017-02-01,146.89482,153.00713,149.39435,155.80424,133.2436,166.99393,166.31416,200.3515,171.3132,199.81273,172.46683,241.66133
squeezed_Kon Tum,2017-03-01,149.39435,148.12862,133.2436,171.71008,166.31416,186.64584,171.3132,201.67523,172.46683,231.68144,230.91713,239.38603
squeezed_Kon Tum,2017-04-01,133.2436,171.4266,166.31416,161.74902,171.3132,204.44612,172.46683,293.82474,230.91713,250.699,218.6118,219.15158
squeezed_Kon Tum,2017-05-01,166.31416,173.61375,171.3132,185.13712,172.46683,248.41888,230.91713,245.56277,218.6118,199.56674,181.50356,196.45834
squeezed_Kon Tum,2017-06-01,171.3132,189.70723,172.46683,209.15858,230.91713,219.8298,218.6118,206.54785,181.50356,199.74947,181.69583,151.43217
squeezed_Kon Tum,2017-07-01,172.46683,212.36337,230.91713,223.76196,218.6118,216.97456,181.50356,213.51144,181.69583,177.90106,0.0,155.0356
squeezed_Kon Tum,2017-08-01,230.91713,182.94391,218.6118,218.75667,181.50356,208.28839,181.69583,167.06628,0.0,164.08008,0.0,153.82964
squeezed_Kon Tum,2017-09-01,218.6118,224.8811,181.50356,196.79706,181.69583,181.34578,0.0,154.50758,0.0,154.01317,0.0,159.6114
squeezed_Kon Tum,2017-10-01,181.50356,192.10222,181.69583,171.89244,0.0,179.6665,0.0,164.14845,0.0,184.63269,0.0,154.49742
squeezed_Kon Tum,2017-11-01,181.69583,186.23047,0.0,141.59183,0.0,152.50453,0.0,176.18571,0.0,189.72833,0.0,162.77133
squeezed_Kon Tum,2017-12-01,0.0,153.14381,0.0,147.37608,0.0,195.37729,0.0,187.68004,0.0,177.86546,0.0,192.48726
squeezed_Lai Châu,2016-01-01,278.89908,300.10736,342.66055,321.0076,309.63303,309.01273,234.86238,311.49582,254.81651,338.71915,231.42201,329.54895
squeezed_Lai Châu,2016-02-01,342.66055,298.11877,309.63303,291.3814,234.86238,327.71423,254.81651,319.99384,231.42201,329.05338,303.66974,385.3755
squeezed_Lai Châu,2016-03-01,309.63303,329.2358,234.86238,317.42142,254.81651,299.03522,231.42201,362.61096,303.66974,403.31436,291.97247,485.19403
squeezed_Lai Châu,2016-04-01,234.86238,308.90063,254.81651,303.21466,231.42201,340.25024,303.66974,401.73083,291.97247,463.47235,263.76147,416.69815
squeezed_Lai Châu,2016-05-01,254.81651,277.14343,231.42201,299.20264,303.66974,409.84445,291.97247,431.39267,263.76147,413.95267,285.09174,365.9329
squeezed_Lai Châu,2016-06-01,231.42201,299.90466,303.66974,390.2585,291.97247,465.35483,263.76147,406.8473,285.09174,377.96454,229.12843,352.20047
squeezed_Lai Châu,2016-07-01,303.66974,370.6889,291.97247,388.03223,263.76147,417.78015,285.09174,366.37402,229.12843,348.01822,157.25534,273.78558
squeezed_Lai Châu,2016-08-01,291.97247,386.33777,263.76147,390.74924,285.09174,358.04147,229.12843,346.62848,157.25534,283.68332,0.0,241.07895
squeezed_Lai Châu,2016-09-01,263.76147,344.77576,285.09174,318.67316,229.12843,313.095,157.25534,275.15543,0.0,252.37494,247.01912,264.77243
squeezed_Lai Châu,2016-10-01,285.09174,309.23703,229.12843,295.9799,157.25534,264.28784,0.0,242.33801,247.01912,257.69672,182.67717,252.068
squeezed_Lai Châu,2016-11-01,229.12843,296.95227,157.25534,258.39493,0.0,249.56075,247.01912,262.66946,182.67717,268.31732,197.97525,247.0232
squeezed_Lai Châu,2016-12-01,157.25534,233.30058,0.0,229.49242,247.01912,287.17392,182.67717,253.72954,197.97525,255.60812,205.39932,262.18958
squeezed_Lai Châu,2017-01-01,0.0,220.93115,247.01912,248.58408,182.67717,269.35596,197.97525,257.74588,205.39932,252.00233,263.44208,241.90591
squeezed_Lai Châu,2017-02-01,247.01912,243.2435,182.67717,227.63162,197.97525,253.7555,205.39932,285.28473,263.44208,221.9354,0.0,258.95258
squeezed_Lai Châu,2017-03-01,182.67717,247.56992,197.97525,214.20084,205.39932,235.41722,263.44208,229.8769,0.0,286.01617,383.57706,295.9374
squeezed_Lai Châu,2017-04-01,197.97525,215.2838,205.39932,241.28587,263.44208,250.88474,0.0,269.8188,383.57706,292.92523,266.3667,281.2373
squeezed_Lai Châu,2017-05-01,205.39932,229.62923,263.44208,199.53397,0.0,268.32718,383.57706,256.59927,266.3667,296.64236,257.5928,259.25668
squeezed_Lai Châu,2017-06-01,263.44208,212.82817,0.0,265.9496,383.57706,287.89044,266.3667,304.8049,257.5928,268.33606,217.09787,221.45187
squeezed_Lai Châu,2017-07-01,0.0,278.4937,383.57706,302.41003,266.3667,306.22015,257.5928,282.64926,217.09787,231.93974,216.5858,199.3709
squeezed_Lai Châu,2017-08-01,383.57706,443.65924,266.3667,252.86783,257.5928,235.97563,217.09787,212.13976,216.5858,188.34358,203.573,152.30365
squeezed_Lai Châu,2017-09-01,266.3667,326.4937,257.5928,295.6741,217.09787,234.27766,216.5858,176.59254,203.573,169.06659,189.01633,216.19249
squeezed_Lai Châu,2017-10-01,257.5928,273.9792,217.09787,220.30255,216.5858,191.17235,203.573,164.90768,189.01633,237.237,166.07852,194.5117
squeezed_Lai Châu,2017-11-01,217.09787,233.86736,216.5858,182.32736,203.573,185.13768,189.01633,236.45953,166.07852,205.04912,184.1641,192.79228
squeezed_Lai Châu,2017-12-01,216.5858,166.78824,203.573,184.1184,189.01633,235.89185,166.07852,187.99428,184.1641,196.50739,147.77238,354.22482
squeezed_Long An,2016-01-01,140.21199,138.86594,172.01128,141.5233,148.66496,128.66739,132.29572,126.856636,132.29572,129.48694,135.65007,129.86072
squeezed_Long An,2016-02-01,172.01128,141.65121,148.66496,129.77362,132.29572,117.91738,132.29572,126.38042,135.65007,127.12024,131.69194,130.83562
squeezed_Long An,2016-03-01,148.66496,142.4202,132.29572,131.40608,132.29572,140.86655,135.65007,141.31862,131.69194,137.94385,161.27734,149.03886
squeezed_Long An,2016-04-01,132.29572,131.36015,132.29572,133.4105,135.65007,138.68665,131.69194,142.13486,161.27734,150.97519,178.51872,151.52263
squeezed_Long An,2016-05-01,132.29572,129.3182,135.65007,141.42839,131.69194,138.75656,161.27734,151.50545,178.51872,222.28644,155.7762,150.04012
squeezed_Long An,2016-06-01,135.65007,129.848,131.69194,143.83157,161.27734,141.4777,178.51872,182.51126,155.7762,146.00749,67.690865,153.94984
squeezed_Long An,2016-07-01,131.69194,132.9393,161.27734,139.33348,178.51872,141.09537,155.7762,143.50607,67.690865,146.75931,135.35463,134.38515
squeezed_Long An,2016-08-01,161.27734,140.51045,178.51872,136.00421,155.7762,143.06361,67.690865,145.30536,135.35463,138.66838,144.73921,136.00072
squeezed_Long An,2016-09-01,178.51872,151.99263,155.7762,151.01953,67.690865,150.7925,135.35463,144.81827,144.73921,132.07414,167.0577,144.40631
squeezed_Long An,2016-10-01,155.7762,163.91823,67.690865,141.59541,135.35463,145.47685,144.73921,142.0811,167.0577,142.27711,121.51838,145.96896
squeezed_Long An,2016-11-01,67.690865,153.40773,135.35463,140.94296,144.73921,139.71959,167.0577,150.56598,121.51838,144.63625,120.97696,136.83838
squeezed_Long An,2016-12-01,135.35463,113.87395,144.73921,124.17877,167.0577,143.4207,121.51838,140.74362,120.97696,133.82794,137.27968,129.39833
squeezed_Long An,2017-01-01,144.73921,122.88309,167.0577,130.13437,121.51838,128.49367,120.97696,121.5416,137.27968,128.62614,108.644646,137.43677
squeezed_Long An,2017-02-01,167.0577,138.02225,121.51838,126.71939,120.97696,129.05664,137.27968,129.51459,108.644646,133.5446,110.20875,145.87967
squeezed_Long An,2017-03-01,121.51838,143.53928,120.97696,136.93974,137.27968,141.44833,108.644646,149.97656,110.20875,148.42012,121.93948,164.92273
squeezed_Long An,2017-04-01,120.97696,123.144005,137.27968,134.70206,108.644646,134.83717,110.20875,149.06953,121.93948,146.58289,121.75901,152.98567
squeezed_Long An,2017-05-01,137.27968,125.40229,108.644646,129.9639,110.20875,135.99454,121.93948,137.82162,121.75901,143.34999,136.79842,139.71953
squeezed_Long An,2017-06-01,108.644646,134.08557,110.20875,158.53282,121.93948,144.35954,121.75901,153.3949,136.79842,144.44093,124.34579,137.26715
squeezed_Long An,2017-07-01,110.20875,135.44592,121.93948,132.43793,121.75901,142.60715,136.79842,131.46759,124.34579,141.02092,119.12562,128.96365
squeezed_Long An,2017-08-01,121.93948,116.2813,121.75901,142.39096,136.79842,126.101944,124.34579,122.83072,119.12562,121.6852,108.463875,118.40196
squeezed_Long An,2017-09-01,121.75901,132.79224,136.79842,126.10215,124.34579,127.65103,119.12562,122.45216,108.463875,114.71342,109.65513,125.554695
squeezed_Long An,2017-10-01,136.79842,127.00058,124.34579,120.65366,119.12562,114.1711,108.463875,119.683525,109.65513,120.59273,108.046936,117.78377
squeezed_Long An,2017-11-01,124.34579,131.92192,119.12562,125.82788,108.463875,114.571144,109.65513,127.2333,108.046936,122.03843,97.74257,116.10455
squeezed_Long An,2017-12-01,119.12562,114.4747,108.463875,118.16491,109.65513,129.23036,108.046936,124.02332,97.74257,119.71996,89.0464,114.59956
squeezed_Lào Cai,2016-01-01,263.3348,324.28873,246.9677,306.99927,290.51587,317.56064,279.4096,388.04507,287.3009,376.20215,246.9677,397.7448
squeezed_Lào Cai,2016-02-01,246.9677,279.31882,290.51587,325.65097,279.4096,369.75485,287.3009,373.47125,246.9677,373.2012,172.00058,370.2714
squeezed_Lào Cai,2016-03-01,290.51587,293.22375,279.4096,317.32184,287.3009,345.85284,246.9677,384.50916,172.00058,352.9278,226.07043,388.33105
squeezed_Lào Cai,2016-04-01,279.4096,345.25928,287.3009,331.0097,246.9677,382.2643,172.00058,344.13678,226.07043,392.55606,287.7393,412.9464
squeezed_Lào Cai,2016-05-01,287.3009,353.36377,246.9677,338.76138,172.00058,390.12784,226.07043,340.8771,287.7393,409.12103,269.03406,411.51794
squeezed_Lào Cai,2016-06-01,246.9677,334.63763,172.00058,346.28705,226.07043,378.88892,287.7393,391.54727,269.03406,410.11777,238.63803,334.67316
squeezed_Lào Cai,2016-07-01,172.00058,436.15164,226.07043,351.00787,287.7393,401.19226,269.03406,379.67178,238.63803,343.68402,161.30399,296.19965
squeezed_Lào Cai,2016-08-01,226.07043,298.67322,287.7393,353.1335,269.03406,358.15887,238.63803,319.25522,161.30399,280.51147,0.0,233.90096
squeezed_Lào Cai,2016-09-01,287.7393,296.72968,269.03406,321.8555,238.63803,297.42596,161.30399,283.1598,0.0,224.0482,0.0,251.92924
squeezed_Lào Cai,2016-10-01,269.03406,280.99466,238.63803,332.3805,161.30399,286.89447,0.0,253.05765,0.0,258.8505,0.0,286.06943
squeezed_Lào Cai,2016-11-01,238.63803,285.058,161.30399,298.9573,0.0,238.16467,0.0,251.11382,0.0,298.4593,165.53767,304.03165
squeezed_Lào Cai,2016-12-01,161.30399,262.6503,0.0,246.15472,0.0,249.34451,0.0,301.5409,165.53767,277.77893,146.62715,276.81882
squeezed_Lào Cai,2017-01-01,0.0,220.58391,0.0,240.41655,0.0,295.38885,165.53767,261.94217,146.62715,264.44357,147.89726,285.07724
squeezed_Lào Cai,2017-02-01,0.0,201.31007,0.0,254.55914,165.53767,251.25145,146.62715,289.33212,147.89726,254.12411,172.59384,233.68674
squeezed_Lào Cai,2017-03-01,0.0,217.7974,165.53767,222.14836,146.62715,208.83525,147.89726,311.58163,172.59384,242.41354,206.1812,203.7058
squeezed_Lào Cai,2017-04-01,165.53767,162.03014,146.62715,186.91302,147.89726,285.24298,172.59384,276.11127,206.1812,238.60063,229.04318,291.65927
squeezed_Lào Cai,2017-05-01,146.62715,198.62184,147.89726,218.48457,172.59384,241.6437,206.1812,191.10374,229.04318,244.6066,180.21451,260.87
squeezed_Lào Cai,2017-06-01,147.89726,223.6697,172.59384,227.55522,206.1812,183.937,229.04318,202.7556,180.21451,233.2829,0.0,231.72304
squeezed_Lào Cai,2017-07-01,172.59384,284.698,206.1812,229.44952,229.04318,216.47427,180.21451,249.71457,0.0,233.08763,148.30743,181.21347
squeezed_Lào Cai,2017-08-01,206.1812,196.6698,229.04318,261.09207,180.21451,228.68909,0.0,255.70944,148.30743,219.30966,142.48058,161.54744
squeezed_Lào Cai,2017-09-01,229.04318,205.6933,180.21451,241.43903,0.0,198.72348,148.30743,196.40968,142.48058,132.85143,130.5494,139.1495
squeezed_Lào Cai,2017-10-01,180.21451,222.7124,0.0,258.2543,148.30743,231.052,142.48058,168.69731,130.5494,161.54938,145.67148,197.05942
squeezed_Lào Cai,2017-11-01,0.0,200.79095,148.30743,227.03029,142.48058,137.43611,130.5494,209.98337,145.67148,203.71382,158.85127,200.34668
squeezed_Lào Cai,2017-12-01,148.30743,162.87424,142.48058,140.38892,130.5494,178.28365,145.67148,217.06628,158.85127,176.77843,123.05772,214.90883
squeezed_Lâm Đồng,2016-01-01,37.49418,36.346058,54.494644,43.161057,58.764168,39.824593,69.39916,41.46052,50.14749,40.31133,45.334576,49.367874
squeezed_Lâm Đồng,2016-02-01,54.494644,40.078743,58.764168,39.420208,69.39916,43.543095,50.14749,42.126186,45.334576,44.879578,45.800343,47.482307
squeezed_Lâm Đồng,2016-03-01,58.764168,59.05406,69.39916,42.808105,50.14749,45.064613,45.334576,40.035423,45.800343,46.19189,51.544792,55.949688
squeezed_Lâm Đồng,2016-04-01,69.39916,41.142662,50.14749,47.56899,45.334576,48.300377,45.800343,62.40071,51.544792,60.280605,102.23568,60.206676
squeezed_Lâm Đồng,2016-05-01,50.14749,56.5889,45.334576,62.4236,45.800343,64.89356,51.544792,58.02603,102.23568,64.68285,104.02112,68.108536
squeezed_Lâm Đồng,2016-06-01,45.334576,53.047104,45.800343,61.81203,51.544792,58.712585,102.23568,62.897552,104.02112,60.453068,104.02112,51.12602
squeezed_Lâm Đồng,2016-07-01,45.800343,57.205967,51.544792,55.173367,102.23568,57.329224,104.02112,62.107967,104.02112,53.697212,73.59713,39.024933
squeezed_Lâm Đồng,2016-08-01,51.544792,51.090992,102.23568,52.51452,104.02112,54.666183,104.02112,49.098038,73.59713,43.054184,83.196754,34.269287
squeezed_Lâm Đồng,2016-09-01,102.23568,53.775,104.02112,43.54694,104.02112,41.494083,73.59713,35.81038,83.196754,38.612785,116.834465,40.278633
squeezed_Lâm Đồng,2016-10-01,104.02112,60.575333,104.02112,66.236404,73.59713,47.22809,83.196754,43.455475,116.834465,46.625107,53.38328,46.158104
squeezed_Lâm Đồng,2016-11-01,104.02112,77.25319,73.59713,62.161716,83.196754,55.609535,116.834465,53.743298,53.38328,54.56536,76.953094,54.059322
squeezed_Lâm Đồng,2016-12-01,73.59713,67.41238,83.196754,59.20495,116.834465,65.64485,53.38328,60.6254,76.953094,66.03847,93.654884,62.188244
squeezed_Lâm Đồng,2017-01-01,83.196754,65.840996,116.834465,64.83733,53.38328,71.650635,76.953094,72.44646,93.654884,67.5132,128.69742,70.41997
squeezed_Lâm Đồng,2017-02-01,116.834465,83.116196,53.38328,62.252296,76.953094,77.40166,93.654884,70.50647,128.69742,66.31558,97.869354,73.793106
squeezed_Lâm Đồng,2017-03-01,53.38328,81.875,76.953094,79.097,93.654884,78.481895,128.69742,79.56827,97.869354,72.0014,132.7558,93.736115
squeezed_Lâm Đồng,2017-04-01,76.953094,73.239815,93.654884,61.09062,128.69742,73.322815,97.869354,81.36264,132.7558,87.62967,147.19426,87.33546
squeezed_Lâm Đồng,2017-05-01,93.654884,65.77707,128.69742,81.79928,97.869354,74.35784,132.7558,88.89058,147.19426,91.30046,92.17201,88.29006
squeezed_Lâm Đồng,2017-06-01,128.69742,83.211395,97.869354,95.53346,132.7558,92.91213,147.19426,90.56237,92.17201,87.77953,80.855385,85.34416
squeezed_Lâm Đồng,2017-07-01,97.869354,98.30172,132.7558,104.45187,147.19426,104.6418,92.17201,99.94605,80.855385,85.380135,14.945021,82.65537
squeezed_Lâm Đồng,2017-08-01,132.7558,96.76501,147.19426,102.96585,92.17201,93.4513,80.855385,90.16648,14.945021,80.226524,67.52362,83.409386
squeezed_Lâm Đồng,2017-09-01,147.19426,115.061676,92.17201,104.3848,80.855385,98.06072,14.945021,85.05775,67.52362,82.97954,100.66595,94.14377
squeezed_Lâm Đồng,2017-10-01,92.17201,121.59367,80.855385,107.03104,14.945021,88.4633,67.52362,90.04828,100.66595,98.676704,78.442,102.65079
squeezed_Lâm Đồng,2017-11-01,80.855385,102.35295,14.945021,85.42338,67.52362,80.41185,100.66595,91.53312,78.442,93.71189,81.77172,87.05016
squeezed_Lâm Đồng,2017-12-01,14.945021,82.74841,67.52362,77.66675,100.66595,89.7467,78.442,82.962875,81.77172,81.94627,76.66099,82.59066
squeezed_Lạng Sơn,2016-01-01,106.803696,154.18982,171.84857,175.20497,161.96175,184.0161,167.29544,186.75912,100.819565,189.90599,100.039024,163.05402
squeezed_Lạng Sơn,2016-02-01,171.84857,201.13731,161.96175,175.11996,167.29544,194.73904,100.819565,160.0812,100.039024,152.16974,155.19708,172.71875
squeezed_Lạng Sơn,2016-03-01,161.96175,185.5897,167.29544,178.79968,100.819565,189.5048,100.039024,176.58586,155.19708,182.56297,166.90517,191.99692
squeezed_Lạng Sơn,2016-04-01,167.29544,185.7743,100.819565,204.37544,100.039024,167.91599,155.19708,183.47943,166.90517,187.03513,156.75816,245.32108
squeezed_Lạng Sơn,2016-05-01,100.819565,208.33517,100.039024,166.22523,155.19708,178.35587,166.90517,188.36409,156.75816,180.50961,116.69051,170.19847
squeezed_Lạng Sơn,2016-06-01,100.039024,150.11525,155.19708,155.99727,166.90517,173.82808,156.75816,164.00911,116.69051,160.17186,12.878886,152.69302
squeezed_Lạng Sơn,2016-07-01,155.19708,151.97038,166.90517,168.4723,156.75816,169.29045,116.69051,139.65767,12.878886,139.42229,80.0052,126.59412
squeezed_Lạng Sơn,2016-08-01,166.90517,180.31735,156.75816,198.49796,116.69051,144.14459,12.878886,137.0353,80.0052,161.81766,132.0411,131.38275
squeezed_Lạng Sơn,2016-09-01,156.75816,179.27005,116.69051,165.69717,12.878886,146.14972,80.0052,137.09927,132.0411,121.02779,116.9507,146.77141
squeezed_Lạng Sơn,2016-10-01,116.69051,149.65404,12.878886,135.97946,80.0052,136.0674,132.0411,137.92271,116.9507,137.01373,135.03317,143.71602
squeezed_Lạng Sơn,2016-11-01,12.878886,136.03807,80.0052,110.83725,132.0411,125.90273,116.9507,130.16812,135.03317,147.08159,156.10771,155.88799
squeezed_Lạng Sơn,2016-12-01,80.0052,112.6366,132.0411,96.80623,116.9507,128.2189,135.03317,128.78505,156.10771,142.69101,143.6191,143.38832
squeezed_Lạng Sơn,2017-01-01,132.0411,99.42163,116.9507,100.76806,135.03317,134.21811,156.10771,140.7522,143.6191,156.55144,150.90413,124.04492
squeezed_Lạng Sơn,2017-02-01,116.9507,123.485146,135.03317,132.75269,156.10771,159.15445,143.6191,118.46555,150.90413,123.49838,154.80682,134.90427
squeezed_Lạng Sơn,2017-03-01,135.03317,126.17682,156.10771,131.0241,143.6191,124.13769,150.90413,126.17533,154.80682,148.97437,172.10875,145.04318
squeezed_Lạng Sơn,2017-04-01,156.10771,135.44922,143.6191,127.43827,150.90413,128.94408,154.80682,151.84352,172.10875,141.25319,151.68466,143.16957
squeezed_Lạng Sơn,2017-05-01,143.6191,133.5783,150.90413,133.49864,154.80682,143.72989,172.10875,152.91586,151.68466,143.53947,120.98348,124.20563
squeezed_Lạng Sơn,2017-06-01,150.90413,137.06378,154.80682,148.84981,172.10875,153.15958,151.68466,144.27115,120.98348,126.29062,135.29335,132.40175
squeezed_Lạng Sơn,2017-07-01,154.80682,156.40268,172.10875,165.08415,151.68466,147.66678,120.98348,131.08461,135.29335,121.75294,109.5502,102.85564
squeezed_Lạng Sơn,2017-08-01,172.10875,152.27347,151.68466,152.37999,120.98348,128.85126,135.29335,126.02297,109.5502,103.364136,111.48344,114.75836
squeezed_Lạng Sơn,2017-09-01,151.68466,151.17474,120.98348,134.4317,135.29335,131.16907,109.5502,114.58855,111.48344,115.65354,144.09073,137.55888
squeezed_Lạng Sơn,2017-10-01,120.98348,135.98557,135.29335,127.29444,109.5502,107.09931,111.48344,118.69766,144.09073,137.60184,117.28316,143.0476
squeezed_Lạng Sơn,2017-11-01,135.29335,124.21718,109.5502,109.970314,111.48344,112.73666,144.09073,128.36115,117.28316,142.11055,120.50522,142.01683
squeezed_Lạng Sơn,2017-12-01,109.5502,105.67547,111.48344,117.09667,144.09073,127.07603,117.28316,134.01706,120.50522,131.81682,100.14177,143.07704
squeezed_Nam Định,2016-01-01,62.236855,54.083126,68.71424,71.606064,60.131706,60.06366,49.0122,71.65022,51.495197,78.7913,48.202526,49.610615
squeezed_Nam Định,2016-02-01,68.71424,69.43184,60.131706,72.41369,49.0122,57.4373,51.495197,54.415657,48.202526,58.3926,51.33326,61.95741
squeezed_Nam Định,2016-03-01,60.131706,75.96459,49.0122,84.57797,51.495197,86.68834,48.202526,56.294785,51.33326,60.17643,49.821873,54.2318
squeezed_Nam Định,2016-04-01,49.0122,78.73893,51.495197,110.69818,48.202526,55.30591,51.33326,53.796616,49.821873,57.261486,55.00378,85.299675
squeezed_Nam Định,2016-05-01,51.495197,86.52087,48.202526,44.622425,51.33326,56.269455,49.821873,50.549133,55.00378,64.1206,53.654324,48.93631
squeezed_Nam Định,2016-06-01,48.202526,47.192917,51.33326,55.14664,49.821873,47.028957,55.00378,61.259117,53.654324,49.22102,53.2225,57.936398
squeezed_Nam Định,2016-07-01,51.33326,91.70483,49.821873,49.24232,55.00378,67.94395,53.654324,45.94657,53.2225,52.388416,48.98781,46.75254
squeezed_Nam Định,2016-08-01,49.821873,48.31714,55.00378,55.324665,53.654324,46.571556,53.2225,50.34244,48.98781,44.306393,53.40566,42.81005
squeezed_Nam Định,2016-09-01,55.00378,59.058247,53.654324,49.430565,53.2225,49.11276,48.98781,41.90923,53.40566,43.111458,57.26429,55.619556
squeezed_Nam Định,2016-10-01,53.654324,38.899754,53.2225,46.26548,48.98781,43.904255,53.40566,42.86,57.26429,51.834156,51.448383,59.36198
squeezed_Nam Định,2016-11-01,53.2225,45.018597,48.98781,43.06484,53.40566,40.38212,57.26429,46.57511,51.448383,65.036156,57.82351,89.458405
squeezed_Nam Định,2016-12-01,48.98781,40.96627,53.40566,43.061596,57.26429,54.176422,51.448383,56.384354,57.82351,70.82964,0.0,61.919907
squeezed_Nam Định,2017-01-01,53.40566,50.77216,57.26429,52.041447,51.448383,70.31626,57.82351,72.425224,0.0,87.422775,38.3626,69.0181
squeezed_Nam Định,2017-02-01,57.26429,51.020794,51.448383,63.416523,57.82351,59.94491,0.0,54.656296,38.3626,61.304,56.369534,61.046047
squeezed_Nam Định,2017-03-01,51.448383,68.84758,57.82351,63.572914,0.0,62.722004,38.3626,72.88082,56.369534,69.14912,56.76099,61.70707
squeezed_Nam Định,2017-04-01,57.82351,55.213673,0.0,72.69783,38.3626,58.671745,56.369534,55.21001,56.76099,59.232765,61.626217,59.27401
squeezed_Nam Định,2017-05-01,0.0,54.63684,38.3626,51.81701,56.369534,58.219727,56.76099,58.703087,61.626217,54.666367,61.17884,45.37689
squeezed_Nam Định,2017-06-01,38.3626,42.23821,56.369534,45.977272,56.76099,51.125565,61.626217,41.958214,61.17884,36.09092,53.12605,43.637688
squeezed_Nam Định,2017-07-01,56.369534,40.840122,56.76099,52.64983,61.626217,45.327866,61.17884,45.18755,53.12605,40.289986,0.0,46.41898
squeezed_Nam Định,2017-08-01,56.76099,52.76756,61.626217,54.88377,61.17884,43.66095,53.12605,48.41489,0.0,49.390045,0.0,43.751015
squeezed_Nam Định,2017-09-01,61.626217,49.612583,61.17884,44.82539,53.12605,45.147278,0.0,41.08889,0.0,44.440617,0.0,52.583427
squeezed_Nam Định,2017-10-01,61.17884,45.026367,53.12605,49.984283,0.0,44.992725,0.0,44.915844,0.0,51.94833,0.0,55.95351
squeezed_Nam Định,2017-11-01,53.12605,50.69318,0.0,53.071167,0.0,46.613853,0.0,54.44193,0.0,61.585827,0.0,53.543537
squeezed_Nam Định,2017-12-01,0.0,44.830334,0.0,45.909863,0.0,53.30902,0.0,55.933163,0.0,54.51045,0.0,58.181435
squeezed_Nghệ An,2016-01-01,123.909195,154.09303,167.76686,164.50113,140.07407,172.29855,136.66077,163.57594,125.48704,135.39839,96.5706,127.46808
squeezed_Nghệ An,2016-02-01,167.76686,148.95692,140.07407,165.2057,136.66077,154.51836,125.48704,143.1059,96.5706,130.60489,119.01465,138.25938
squeezed_Nghệ An,2016-03-01,140.07407,167.6708,136.66077,152.21866,125.48704,139.5156,96.5706,150.86082,119.01465,144.98679,143.55176,144.82463
squeezed_Nghệ An,2016-04-01,136.66077,160.93686,125.48704,123.74294,96.5706,130.48001,119.01465,133.12369,143.55176,140.07236,145.58043,197.59859
squeezed_Nghệ An,2016-05-01,125.48704,128.96666,96.5706,121.25902,119.01465,133.11293,143.55176,146.48866,145.58043,147.98175,126.71068,185.2482
squeezed_Nghệ An,2016-06-01,96.5706,119.95565,119.01465,135.17392,143.55176,134.64716,145.58043,160.37541,126.71068,217.30295,3.6709065,234.40752
squeezed_Nghệ An,2016-07-01,119.01465,123.468544,143.55176,133.14697,145.58043,148.01294,126.71068,126.97331,3.6709065,228.74857,80.974525,125.104866
squeezed_Nghệ An,2016-08-01,143.55176,146.74077,145.58043,142.95538,126.71068,126.02472,3.6709065,123.16699,80.974525,117.91225,87.81224,119.79409
squeezed_Nghệ An,2016-09-01,145.58043,151.99774,126.71068,137.4445,3.6709065,139.71037,80.974525,118.08449,87.81224,120.43985,98.90042,126.8804
squeezed_Nghệ An,2016-10-01,126.71068,141.63184,3.6709065,132.23174,80.974525,129.89658,87.81224,126.81264,98.90042,125.19585,86.39542,127.19549
squeezed_Nghệ An,2016-11-01,3.6709065,133.6094,80.974525,109.25082,87.81224,127.02808,98.90042,129.97177,86.39542,132.6975,111.74423,170.39528
squeezed_Nghệ An,2016-12-01,80.974525,101.94035,87.81224,93.63132,98.90042,124.492386,86.39542,114.70846,111.74423,120.391754,104.22891,101.96991
squeezed_Nghệ An,2017-01-01,87.81224,99.73448,98.90042,128.07504,86.39542,123.8138,111.74423,125.2229,104.22891,110.14923,91.5391,103.33593
squeezed_Nghệ An,2017-02-01,98.90042,122.74662,86.39542,124.50255,111.74423,122.352745,104.22891,98.58924,91.5391,93.16596,0.0,108.41455
squeezed_Nghệ An,2017-03-01,86.39542,113.04159,111.74423,109.456566,104.22891,104.4781,91.5391,96.3008,0.0,117.552635,111.68263,99.098076
squeezed_Nghệ An,2017-04-01,111.74423,100.51123,104.22891,81.888016,91.5391,94.25991,0.0,99.64388,111.68263,112.13667,104.25971,103.15173
squeezed_Nghệ An,2017-05-01,104.22891,98.074776,91.5391,93.73676,0.0,117.68569,111.68263,111.170906,104.25971,108.24195,97.4836,124.51652
squeezed_Nghệ An,2017-06-01,91.5391,97.43393,0.0,116.49567,111.68263,122.56918,104.25971,116.85613,97.4836,168.39581,98.86962,96.43132
squeezed_Nghệ An,2017-07-01,0.0,122.1569,111.68263,134.08104,104.25971,122.385315,97.4836,105.75942,98.86962,98.326,90.052864,77.43544
squeezed_Nghệ An,2017-08-01,111.68263,123.23076,104.25971,103.624794,97.4836,89.0307,98.86962,94.21865,90.052864,70.60476,69.87908,68.66547
squeezed_Nghệ An,2017-09-01,104.25971,100.5095,97.4836,102.244156,98.86962,90.24263,90.052864,68.86348,69.87908,77.46181,91.663124,96.12657
squeezed_Nghệ An,2017-10-01,97.4836,94.829834,98.86962,87.26012,90.052864,71.00846,69.87908,81.22665,91.663124,90.507614,90.052864,94.76778
squeezed_Nghệ An,2017-11-01,98.86962,92.91536,90.052864,72.800896,69.87908,81.36492,91.663124,89.65485,90.052864,92.67004,83.49031,87.345055
squeezed_Nghệ An,2017-12-01,90.052864,75.19118,69.87908,87.01611,91.663124,95.26948,90.052864,89.51182,83.49031,87.087555,63.681107,82.67693
squeezed_Ninh Bình,2016-01-01,142.3775,157.18665,132.82971,165.10022,155.17784,159.79123,130.62637,154.28853,116.462074,186.7779,115.0981,138.08229
squeezed_Ninh Bình,2016-02-01,132.82971,175.37105,155.17784,154.83487,130.62637,158.6387,116.462074,138.6995,115.0981,141.18471,115.93747,158.59447
squeezed_Ninh Bình,2016-03-01,155.17784,145.95518,130.62637,135.35492,116.462074,160.21983,115.0981,143.37312,115.93747,162.41843,138.60036,161.74539
squeezed_Ninh Bình,2016-04-01,130.62637,164.31477,116.462074,185.54765,115.0981,147.93143,115.93747,157.6837,138.60036,146.12665,128.10828,184.1357
squeezed_Ninh Bình,2016-05-01,116.462074,176.59035,115.0981,138.05197,115.93747,148.8771,138.60036,153.402,128.10828,163.1837,127.05907,151.85963
squeezed_Ninh Bình,2016-06-01,115.0981,120.8906,115.93747,130.9446,138.60036,126.78056,128.10828,148.77713,127.05907,139.16727,20.564474,175.47154
squeezed_Ninh Bình,2016-07-01,115.93747,133.58194,138.60036,138.32333,128.10828,156.40034,127.05907,128.50336,20.564474,159.12581,108.1417,123.51904
squeezed_Ninh Bình,2016-08-01,138.60036,130.86432,128.10828,141.67421,127.05907,134.00542,20.564474,134.65224,108.1417,123.84838,121.60762,121.27373
squeezed_Ninh Bình,2016-09-01,128.10828,172.51724,127.05907,145.20728,20.564474,124.99308,108.1417,113.66257,121.60762,117.11273,124.92231,130.94615
squeezed_Ninh Bình,2016-10-01,127.05907,122.75907,20.564474,118.52757,108.1417,119.7448,121.60762,119.2091,124.92231,119.64073,121.711205,129.83308
squeezed_Ninh Bình,2016-11-01,20.564474,113.59866,108.1417,116.482796,121.60762,114.322784,124.92231,113.51777,121.711205,131.60788,120.05386,160.96335
squeezed_Ninh Bình,2016-12-01,108.1417,97.00142,121.60762,98.481964,124.92231,120.7822,121.711205,124.59208,120.05386,139.20839,109.695465,119.3981
squeezed_Ninh Bình,2017-01-01,121.60762,120.51686,124.92231,126.89018,121.711205,135.73546,120.05386,156.24962,109.695465,124.30015,117.8786,129.74606
squeezed_Ninh Bình,2017-02-01,124.92231,129.95245,121.711205,132.63164,120.05386,140.85117,109.695465,126.92229,117.8786,126.70327,113.11374,130.3778
squeezed_Ninh Bình,2017-03-01,121.711205,132.86427,120.05386,135.29008,109.695465,127.09653,117.8786,133.68155,113.11374,134.61581,110.93847,119.90534
squeezed_Ninh Bình,2017-04-01,120.05386,125.283394,109.695465,123.215904,117.8786,125.4186,113.11374,128.82806,110.93847,119.82012,108.76321,127.51041
squeezed_Ninh Bình,2017-05-01,109.695465,118.9556,117.8786,121.505806,113.11374,120.50747,110.93847,118.80731,108.76321,118.72559,75.098404,108.65657
squeezed_Ninh Bình,2017-06-01,117.8786,117.99029,113.11374,127.24811,110.93847,114.9318,108.76321,116.801895,75.098404,110.67933,118.189354,108.301926
squeezed_Ninh Bình,2017-07-01,113.11374,124.9419,110.93847,122.645775,108.76321,113.56279,75.098404,117.79834,118.189354,104.93315,99.6204,97.429375
squeezed_Ninh Bình,2017-08-01,110.93847,120.512184,108.76321,111.41917,75.098404,105.028755,118.189354,109.55157,99.6204,92.147255,105.468346,98.518715
squeezed_Ninh Bình,2017-09-01,108.76321,114.81077,75.098404,104.444534,118.189354,104.599625,99.6204,98.44943,105.468346,100.385544,87.411514,107.45155
squeezed_Ninh Bình,2017-10-01,75.098404,102.702934,118.189354,104.485344,99.6204,96.936226,105.468346,109.293015,87.411514,106.336464,93.054276,111.49872
squeezed_Ninh Bình,2017-11-01,118.189354,94.15259,99.6204,84.61781,105.468346,98.85451,87.411514,107.74925,93.054276,111.065994,98.90223,115.81492
squeezed_Ninh Bình,2017-12-01,99.6204,92.533646,105.468346,97.6749,87.411514,113.76767,93.054276,111.12619,98.90223,106.53021,86.38555,144.29979
squeezed_Ninh Thuận,2016-01-01,125.87296,207.92387,173.59494,231.51108,163.28566,260.7532,189.72398,253.58777,204.3565,258.16345,167.94147,299.93185
squeezed_Ninh Thuận,2016-02-01,173.59494,190.56725,163.28566,232.37029,189.72398,254.70592,204.3565,231.68205,167.94147,257.10352,141.00432,245.8956
squeezed_Ninh Thuận,2016-03-01,163.28566,217.40428,189.72398,237.67834,204.3565,232.0674,167.94147,265.61288,141.00432,242.15353,155.13802,248.86346
squeezed_Ninh Thuận,2016-04-01,189.72398,190.732,204.3565,207.03162,167.94147,224.68742,141.00432,263.2627,155.13802,266.9459,154.30663,290.96225
squeezed_Ninh Thuận,2016-05-01,204.3565,199.32614,167.94147,222.42104,141.00432,232.15497,155.13802,317.68488,154.30663,331.40683,170.93448,267.58292
squeezed_Ninh Thuận,2016-06-01,167.94147,209.89937,141.00432,233.86275,155.13802,248.51038,154.30663,285.7647,170.93448,330.84717,170.93448,259.0191
squeezed_Ninh Thuận,2016-07-01,141.00432,203.12947,155.13802,224.35753,154.30663,254.8198,170.93448,319.9811,170.93448,373.5489,123.33447,220.89139
squeezed_Ninh Thuận,2016-08-01,155.13802,193.00024,154.30663,217.56407,170.93448,233.27124,170.93448,260.39847,123.33447,307.78708,185.17253,177.78438
squeezed_Ninh Thuận,2016-09-01,154.30663,208.24127,170.93448,227.302,170.93448,204.62596,123.33447,178.76274,185.17253,175.86176,147.93304,189.92131
squeezed_Ninh Thuận,2016-10-01,170.93448,195.3787,170.93448,188.92813,123.33447,171.72823,185.17253,163.73631,147.93304,162.82387,120.43047,175.48781
squeezed_Ninh Thuận,2016-11-01,170.93448,172.05249,123.33447,162.86494,185.17253,175.04973,147.93304,179.0597,120.43047,173.1303,111.54766,187.57077
squeezed_Ninh Thuận,2016-12-01,123.33447,159.3791,185.17253,169.28642,147.93304,178.6225,120.43047,185.97726,111.54766,182.46951,122.65118,194.53236
squeezed_Ninh Thuận,2017-01-01,185.17253,165.05959,147.93304,165.6989,120.43047,169.45218,111.54766,188.4319,122.65118,189.27164,127.60506,259.11017
squeezed_Ninh Thuận,2017-02-01,147.93304,188.64183,120.43047,178.50357,111.54766,183.47571,122.65118,192.08083,127.60506,186.13562,151.17868,188.61578
squeezed_Ninh Thuận,2017-03-01,120.43047,168.40486,111.54766,198.69302,122.65118,188.43536,127.60506,211.08786,151.17868,211.82169,170.3109,269.09784
squeezed_Ninh Thuận,2017-04-01,111.54766,150.99104,122.65118,168.98958,127.60506,179.75812,151.17868,202.772,170.3109,176.31503,191.83464,271.1608
squeezed_Ninh Thuận,2017-05-01,122.65118,161.73538,127.60506,160.87917,151.17868,171.83144,170.3109,192.77011,191.83464,397.74753,217.97061,244.0791
squeezed_Ninh Thuận,2017-06-01,127.60506,139.61295,151.17868,138.87747,170.3109,194.48334,191.83464,186.47728,217.97061,170.25034,0.0,243.51321
squeezed_Ninh Thuận,2017-07-01,151.17868,138.2738,170.3109,173.73665,191.83464,171.15013,217.97061,169.07521,0.0,165.37386,181.18526,162.95271
squeezed_Ninh Thuận,2017-08-01,170.3109,153.31276,191.83464,162.6686,217.97061,173.09041,0.0,183.3065,181.18526,168.6077,116.14875,230.23795
squeezed_Ninh Thuận,2017-09-01,191.83464,170.89452,217.97061,170.75795,0.0,187.73914,181.18526,147.20085,116.14875,151.66653,227.20326,206.19328
squeezed_Ninh Thuận,2017-10-01,217.97061,181.92607,0.0,203.27162,181.18526,168.9974,116.14875,160.91719,227.20326,160.2924,134.82765,164.66394
squeezed_Ninh Thuận,2017-11-01,0.0,194.82745,181.18526,182.68387,116.14875,179.25497,227.20326,190.88033,134.82765,177.83533,130.58244,163.09265
squeezed_Ninh Thuận,2017-12-01,181.18526,210.44824,116.14875,168.46344,227.20326,164.35722,134.82765,159.58481,130.58244,161.70242,173.20428,150.28949
squeezed_Phú Thọ,2016-01-01,107.114426,99.36153,147.57184,122.365425,135.63002,121.02437,110.298904,113.12654,98.71897,124.39259,96.90961,93.41839
squeezed_Phú Thọ,2016-02-01,147.57184,113.026596,135.63002,118.90139,110.298904,110.0138,98.71897,103.47904,96.90961,96.396965,86.921906,102.23921
squeezed_Phú Thọ,2016-03-01,135.63002,222.08093,110.298904,108.132904,98.71897,111.6207,96.90961,97.909706,86.921906,108.02416,86.921906,101.63536
squeezed_Phú Thọ,2016-04-01,110.298904,109.96208,98.71897,157.82703,96.90961,100.83421,86.921906,112.46125,86.921906,101.22486,92.6395,129.31958
squeezed_Phú Thọ,2016-05-01,98.71897,145.98369,96.90961,92.28511,86.921906,106.89365,86.921906,114.71009,92.6395,112.11865,85.98104,95.446236
squeezed_Phú Thọ,2016-06-01,96.90961,94.67742,86.921906,99.66491,86.921906,100.2388,92.6395,128.7401,85.98104,97.38603,54.353333,100.810585
squeezed_Phú Thọ,2016-07-01,86.921906,102.68373,86.921906,114.914894,92.6395,116.75604,85.98104,95.18626,54.353333,107.64826,65.01223,88.235214
squeezed_Phú Thọ,2016-08-01,86.921906,102.95964,92.6395,97.31343,85.98104,96.9194,54.353333,102.12132,65.01223,88.34201,78.154495,94.27522
squeezed_Phú Thọ,2016-09-01,92.6395,107.47737,85.98104,89.47624,54.353333,99.933846,65.01223,83.67112,78.154495,92.81837,79.4827,103.80414
squeezed_Phú Thọ,2016-10-01,85.98104,90.003136,54.353333,103.6686,65.01223,84.4648,78.154495,90.919945,79.4827,109.160164,88.91996,104.85898
squeezed_Phú Thọ,2016-11-01,54.353333,105.87691,65.01223,80.52319,78.154495,99.137505,79.4827,100.27031,88.91996,106.70896,78.43411,151.66653
squeezed_Phú Thọ,2016-12-01,65.01223,77.94779,78.154495,81.590324,79.4827,97.399536,88.91996,90.74179,78.43411,116.50761,88.71024,97.87002
squeezed_Phú Thọ,2017-01-01,78.154495,95.49082,79.4827,108.73234,88.91996,98.51982,78.43411,124.2956,88.71024,101.835,68.71723,88.90561
squeezed_Phú Thọ,2017-02-01,79.4827,93.707245,88.91996,98.247734,78.43411,148.06526,88.71024,91.71196,68.71723,75.87283,80.6711,92.759094
squeezed_Phú Thọ,2017-03-01,88.91996,81.87638,78.43411,95.15322,88.71024,97.70451,68.71723,82.594635,80.6711,89.65253,90.94722,100.39691
squeezed_Phú Thọ,2017-04-01,78.43411,94.32946,88.71024,100.56753,68.71723,83.81376,80.6711,90.99663,90.94722,84.947296,92.485146,84.053246
squeezed_Phú Thọ,2017-05-01,88.71024,86.75632,68.71723,79.254906,80.6711,81.54798,90.94722,92.163704,92.485146,73.86585,80.181755,70.24743
squeezed_Phú Thọ,2017-06-01,68.71723,87.01909,80.6711,91.60826,90.94722,79.790565,92.485146,79.62677,80.181755,136.10323,74.16987,67.57223
squeezed_Phú Thọ,2017-07-01,80.6711,89.438416,90.94722,89.66824,92.485146,75.50869,80.181755,73.93556,74.16987,68.84865,66.22517,61.699146
squeezed_Phú Thọ,2017-08-01,90.94722,80.35898,92.485146,76.83021,80.181755,66.10856,74.16987,72.2669,66.22517,62.373478,49.875828,65.32717
squeezed_Phú Thọ,2017-09-01,92.485146,79.543335,80.181755,82.43712,74.16987,69.170395,66.22517,65.55935,49.875828,68.247055,63.948677,72.79299
squeezed_Phú Thọ,2017-10-01,80.181755,75.3577,74.16987,85.112686,66.22517,62.93545,49.875828,76.50825,63.948677,76.30062,62.63797,78.73542
squeezed_Phú Thọ,2017-11-01,74.16987,70.83449,66.22517,63.653458,49.875828,69.63764,63.948677,79.47323,62.63797,82.197105,57.80905,77.86218
squeezed_Phú Thọ,2017-12-01,66.22517,64.13389,49.875828,70.2958,63.948677,77.10427,62.63797,80.14611,57.80905,78.659195,56.56733,81.91737
squeezed_Phú Yên,2016-01-01,82.94418,88.66576,99.17723,84.67593,76.0507,90.35727,71.38092,81.291695,66.59995,85.72403,49.588615,80.67687
squeezed_Phú Yên,2016-02-01,99.17723,84.2318,76.0507,79.22973,71.38092,78.33838,66.59995,80.092896,49.588615,79.9796,45.919502,82.00536
squeezed_Phú Yên,2016-03-01,76.0507,83.85241,71.38092,85.842804,66.59995,83.30381,49.588615,77.02565,45.919502,88.49564,70.38026,89.448235
squeezed_Phú Yên,2016-04-01,71.38092,80.36005,66.59995,75.7697,49.588615,71.45996,45.919502,74.713554,70.38026,82.36741,82.0547,94.55005
squeezed_Phú Yên,2016-05-01,66.59995,75.98817,49.588615,75.74073,45.919502,73.74549,70.38026,74.62931,82.0547,104.54712,57.038025,128.28235
squeezed_Phú Yên,2016-06-01,49.588615,71.41394,45.919502,76.836365,70.38026,79.155876,82.0547,87.565704,57.038025,98.67081,57.038025,91.25389
squeezed_Phú Yên,2016-07-01,45.919502,58.719418,70.38026,62.51512,82.0547,71.04859,57.038025,90.09798,57.038025,92.419685,0.0,84.14063
squeezed_Phú Yên,2016-08-01,70.38026,62.124878,82.0547,63.269127,57.038025,86.72955,57.038025,95.35135,0.0,150.41232,41.95402,73.072914
squeezed_Phú Yên,2016-09-01,82.0547,68.05012,57.038025,83.824066,57.038025,120.83309,0.0,84.67571,41.95402,67.646614,45.747128,84.06812
squeezed_Phú Yên,2016-10-01,57.038025,86.030685,57.038025,94.567726,0.0,104.831696,41.95402,65.87463,45.747128,62.329067,39.54023,66.01039
squeezed_Phú Yên,2016-11-01,57.038025,93.483345,0.0,66.86319,41.95402,65.33829,45.747128,73.479195,39.54023,68.52806,0.0,62.350246
squeezed_Phú Yên,2016-12-01,0.0,71.925804,41.95402,58.990185,45.747128,68.5012,39.54023,75.64056,0.0,67.47611,28.62069,46.866196
squeezed_Phú Yên,2017-01-01,41.95402,58.862907,45.747128,58.576397,39.54023,59.1098,0.0,47.98024,28.62069,42.79573,40.0,51.247208
squeezed_Phú Yên,2017-02-01,45.747128,52.387863,39.54023,56.029438,0.0,48.499325,28.62069,45.57961,40.0,54.674805,0.0,53.64906
squeezed_Phú Yên,2017-03-01,39.54023,43.003902,0.0,46.263844,28.62069,43.87964,40.0,41.70322,0.0,53.598324,34.022987,59.882202
squeezed_Phú Yên,2017-04-01,0.0,40.706303,28.62069,42.982235,40.0,43.960697,0.0,45.19532,34.022987,57.091476,31.609196,48.415215
squeezed_Phú Yên,2017-05-01,28.62069,43.593285,40.0,35.64594,0.0,39.808712,34.022987,40.699226,31.609196,46.029465,47.12644,98.20636
squeezed_Phú Yên,2017-06-01,40.0,32.61489,0.0,30.14497,34.022987,55.801796,31.609196,36.37854,47.12644,131.26288,41.49425,52.119534
squeezed_Phú Yên,2017-07-01,0.0,31.630669,34.022987,45.153835,31.609196,36.90832,47.12644,98.832634,41.49425,54.247692,0.0,35.896976
squeezed_Phú Yên,2017-08-01,34.022987,45.80229,31.609196,32.239357,47.12644,60.28714,41.49425,46.159836,0.0,33.93732,34.53815,29.930866
squeezed_Phú Yên,2017-09-01,31.609196,33.73529,47.12644,119.158104,41.49425,36.363537,0.0,33.821552,34.53815,29.854609,39.013195,36.39361
squeezed_Phú Yên,2017-10-01,47.12644,139.58282,41.49425,40.35657,0.0,28.533192,34.53815,37.59538,39.013195,28.300512,0.0,32.63753
squeezed_Phú Yên,2017-11-01,41.49425,85.11537,0.0,34.025703,34.53815,33.482685,39.013195,37.621525,0.0,44.71609,30.407343,35.754845
squeezed_Phú Yên,2017-12-01,0.0,32.627098,34.53815,37.99766,39.013195,36.59183,0.0,49.85766,30.407343,43.80118,23.752151,51.63511
squeezed_Quảng Bình,2016-01-01,141.27834,178.12721,170.21762,185.5383,158.1406,181.21104,150.507,161.72269,139.68326,148.59232,115.871025,139.8512
squeezed_Quảng Bình,2016-02-01,170.21762,166.82951,158.1406,165.34761,150.507,155.7442,139.68326,138.26118,115.871025,150.44376,133.98656,149.58476
squeezed_Quảng Bình,2016-03-01,158.1406,177.89977,150.507,171.2754,139.68326,161.1449,115.871025,151.63132,133.98656,158.58807,154.8365,169.70934
squeezed_Quảng Bình,2016-04-01,150.507,155.86832,139.68326,159.11183,115.871025,148.76053,133.98656,151.42735,154.8365,165.16888,170.21762,212.91336
squeezed_Quảng Bình,2016-05-01,139.68326,175.39415,115.871025,145.85284,133.98656,147.41171,154.8365,161.74274,170.21762,348.3806,164.40697,204.163
squeezed_Quảng Bình,2016-06-01,115.871025,147.4264,133.98656,154.08664,154.8365,158.04442,170.21762,162.32175,164.40697,162.0263,65.853935,178.31085
squeezed_Quảng Bình,2016-07-01,133.98656,135.53455,154.8365,150.32689,170.21762,166.983,164.40697,145.82928,65.853935,176.37296,106.808174,129.27992
squeezed_Quảng Bình,2016-08-01,154.8365,148.63367,170.21762,149.31914,164.40697,166.6041,65.853935,149.12431,106.808174,140.71268,139.66354,138.65315
squeezed_Quảng Bình,2016-09-01,170.21762,154.85323,164.40697,165.2904,65.853935,142.22145,106.808174,149.80641,139.66354,141.28499,0.0,166.41063
squeezed_Quảng Bình,2016-10-01,164.40697,171.48433,65.853935,150.89507,106.808174,149.47768,139.66354,153.57515,0.0,161.6885,0.0,168.66565
squeezed_Quảng Bình,2016-11-01,65.853935,165.02553,106.808174,143.71376,139.66354,148.8872,0.0,183.80418,0.0,176.12794,108.614655,170.5008
squeezed_Quảng Bình,2016-12-01,106.808174,119.509766,139.66354,131.16113,0.0,158.90948,0.0,165.92738,108.614655,144.44626,104.88879,133.60777
squeezed_Quảng Bình,2017-01-01,139.66354,133.73738,0.0,174.41397,0.0,159.74045,108.614655,133.4291,104.88879,126.19432,126.227844,133.47052
squeezed_Quảng Bình,2017-02-01,0.0,164.31686,0.0,161.96016,108.614655,133.88678,104.88879,121.86528,126.227844,123.0273,0.0,130.08614
squeezed_Quảng Bình,2017-03-01,0.0,181.56836,108.614655,124.51128,104.88879,102.85959,126.227844,109.485245,0.0,116.42075,0.0,333.69064
squeezed_Quảng Bình,2017-04-01,108.614655,90.47826,104.88879,71.74938,126.227844,86.672455,0.0,96.59299,0.0,168.88423,0.0,120.40885
squeezed_Quảng Bình,2017-05-01,104.88879,87.80727,126.227844,119.90897,0.0,100.2067,0.0,112.15427,0.0,121.472694,0.0,114.67302
squeezed_Quảng Bình,2017-06-01,126.227844,104.67095,0.0,106.232635,0.0,118.81144,0.0,109.66291,0.0,112.3089,0.0,107.75694
squeezed_Quảng Bình,2017-07-01,0.0,115.3724,0.0,117.58018,0.0,134.83714,0.0,134.45229,0.0,111.80532,0.0,107.43357
squeezed_Quảng Bình,2017-08-01,0.0,121.22579,0.0,120.56296,0.0,113.79549,0.0,112.35515,0.0,95.16031,0.0,86.13646
squeezed_Quảng Bình,2017-09-01,0.0,95.47266,0.0,79.03339,0.0,82.17935,0.0,69.955376,0.0,71.29249,0.0,82.481094
squeezed_Quảng Bình,2017-10-01,0.0,73.614845,0.0,56.175278,0.0,61.68415,0.0,55.90419,0.0,72.51785,0.0,80.77866
squeezed_Quảng Bình,2017-11-01,0.0,50.5321,0.0,54.531563,0.0,57.65834,0.0,54.57619,0.0,64.869125,0.0,51.236973
squeezed_Quảng Bình,2017-12-01,0.0,37.558296,0.0,60.417503,0.0,52.58514,0.0,65.61385,0.0,49.902138,0.0,52.70704
squeezed_Quảng Nam,2016-01-01,187.73946,225.07202,208.91309,289.99817,172.68266,214.91599,159.3063,192.26794,157.62587,189.59537,168.04463,194.04692
squeezed_Quảng Nam,2016-02-01,208.91309,239.92586,172.68266,214.68376,159.3063,189.72603,157.62587,187.25986,168.04463,207.14984,196.545,206.09508
squeezed_Quảng Nam,2016-03-01,172.68266,214.42812,159.3063,199.49927,157.62587,180.5825,168.04463,207.97871,196.545,229.19107,164.21321,225.8507
squeezed_Quảng Nam,2016-04-01,159.3063,180.98578,157.62587,182.04169,168.04463,192.5475,196.545,200.50983,164.21321,207.97595,132.62082,214.48518
squeezed_Quảng Nam,2016-05-01,157.62587,173.74693,168.04463,180.62747,196.545,192.73582,164.21321,209.25453,132.62082,204.07642,133.36021,221.85684
squeezed_Quảng Nam,2016-06-01,168.04463,175.68939,196.545,198.22429,164.21321,203.02449,132.62082,200.24736,133.36021,217.64656,11.830342,260.90002
squeezed_Quảng Nam,2016-07-01,196.545,191.429,164.21321,213.84589,132.62082,206.65723,133.36021,209.92067,11.830342,252.8897,157.35185,180.88156
squeezed_Quảng Nam,2016-08-01,164.21321,213.02856,132.62082,211.53215,133.36021,200.5169,11.830342,188.85054,157.35185,191.17375,181.82431,191.30426
squeezed_Quảng Nam,2016-09-01,132.62082,193.82635,133.36021,200.84976,11.830342,182.63525,157.35185,179.05664,181.82431,184.86116,192.47624,208.27872
squeezed_Quảng Nam,2016-10-01,133.36021,169.97162,11.830342,178.79501,157.35185,178.09738,181.82431,175.71498,192.47624,200.5109,151.62138,182.96362
squeezed_Quảng Nam,2016-11-01,11.830342,170.33313,157.35185,178.1592,181.82431,163.79817,192.47624,187.39926,151.62138,174.51358,126.137665,173.3466
squeezed_Quảng Nam,2016-12-01,157.35185,153.46075,181.82431,156.42923,192.47624,182.47305,151.62138,162.6757,126.137665,152.39378,136.048,155.72807
squeezed_Quảng Nam,2017-01-01,181.82431,169.43459,192.47624,170.95476,151.62138,163.06631,126.137665,154.97765,136.048,148.67427,135.71092,161.2735
squeezed_Quảng Nam,2017-02-01,192.47624,176.35129,151.62138,167.58998,126.137665,169.87914,136.048,142.0421,135.71092,178.02841,145.95834,219.09389
squeezed_Quảng Nam,2017-03-01,151.62138,174.33624,126.137665,160.33737,136.048,149.16736,135.71092,159.79059,145.95834,170.76782,157.01477,155.95045
squeezed_Quảng Nam,2017-04-01,126.137665,154.81802,136.048,146.21257,135.71092,155.1422,145.95834,196.64911,157.01477,169.94553,156.34059,183.67899
squeezed_Quảng Nam,2017-05-01,136.048,134.10143,135.71092,159.00504,145.95834,151.36678,157.01477,155.5634,156.34059,195.6751,160.79013,145.06927
squeezed_Quảng Nam,2017-06-01,135.71092,151.55324,145.95834,150.34938,157.01477,145.64066,156.34059,138.29115,160.79013,153.03542,174.54324,200.21597
squeezed_Quảng Nam,2017-07-01,145.95834,155.04063,157.01477,157.7951,156.34059,147.72707,160.79013,149.8195,174.54324,157.29512,150.32198,153.5526
squeezed_Quảng Nam,2017-08-01,157.01477,150.17973,156.34059,175.50279,160.79013,158.99841,174.54324,158.12416,150.32198,145.68367,151.32814,157.55359
squeezed_Quảng Nam,2017-09-01,156.34059,177.99876,160.79013,157.56479,174.54324,172.16759,150.32198,162.55956,151.32814,160.7677,159.77998,182.54364
squeezed_Quảng Nam,2017-10-01,160.79013,176.2256,174.54324,172.11087,150.32198,151.20404,151.32814,187.43806,159.77998,178.12427,145.49236,168.85251
squeezed_Quảng Nam,2017-11-01,174.54324,265.34146,150.32198,158.69066,151.32814,174.50807,159.77998,194.35518,145.49236,176.03027,138.78455,179.1112
squeezed_Quảng Nam,2017-12-01,150.32198,161.3283,151.32814,173.00606,159.77998,195.37354,145.49236,188.49121,138.78455,178.22636,140.66273,209.24117
squeezed_Quảng Ngãi,2016-01-01,38.194168,42.873947,43.068317,35.206573,40.19177,43.301796,29.644426,47.14821,32.76069,41.575817,31.0827,43.847576
squeezed_Quảng Ngãi,2016-02-01,43.068317,45.003387,40.19177,42.8667,29.644426,39.039543,32.76069,40.07009,31.0827,47.31673,37.954456,41.90999
squeezed_Quảng Ngãi,2016-03-01,40.19177,41.477966,29.644426,44.163734,32.76069,44.47842,31.0827,77.7725,37.954456,57.001995,34.278866,44.54671
squeezed_Quảng Ngãi,2016-04-01,29.644426,41.72647,32.76069,47.68924,31.0827,36.619915,37.954456,40.556225,34.278866,45.630867,38.353973,52.004528
squeezed_Quảng Ngãi,2016-05-01,32.76069,36.075752,31.0827,34.229584,37.954456,37.02915,34.278866,35.26454,38.353973,42.13527,34.35877,64.49025
squeezed_Quảng Ngãi,2016-06-01,31.0827,37.055107,37.954456,37.88231,34.278866,43.666237,38.353973,40.711624,34.35877,72.58549,26.368359,40.907146
squeezed_Quảng Ngãi,2016-07-01,37.954456,33.85224,34.278866,35.89324,38.353973,40.38379,34.35877,57.00188,26.368359,40.61336,40.035805,35.35322
squeezed_Quảng Ngãi,2016-08-01,34.278866,43.250237,38.353973,37.46976,34.35877,47.446064,26.368359,42.378117,40.035805,42.855453,54.113434,37.063004
squeezed_Quảng Ngãi,2016-09-01,38.353973,42.41228,34.35877,48.2929,26.368359,41.15348,40.035805,38.190903,54.113434,39.442413,48.580032,54.618313
squeezed_Quảng Ngãi,2016-10-01,34.35877,47.47306,26.368359,43.24594,40.035805,38.1097,54.113434,41.671917,48.580032,36.11101,0.0,45.186733
squeezed_Quảng Ngãi,2016-11-01,26.368359,43.320995,40.035805,40.536602,54.113434,34.772312,48.580032,40.856613,0.0,46.25422,37.757343,38.04243
squeezed_Quảng Ngãi,2016-12-01,40.035805,47.57693,54.113434,35.427876,48.580032,43.765194,0.0,44.466343,37.757343,36.92346,45.731956,29.676779
squeezed_Quảng Ngãi,2017-01-01,54.113434,40.561745,48.580032,43.499485,0.0,41.666267,37.757343,39.26687,45.731956,28.35593,0.0,36.781418
squeezed_Quảng Ngãi,2017-02-01,48.580032,49.67528,0.0,55.582314,37.757343,47.65966,45.731956,30.687443,0.0,54.89563,0.0,44.84035
squeezed_Quảng Ngãi,2017-03-01,0.0,48.358604,37.757343,42.694225,45.731956,36.87346,0.0,42.136208,0.0,44.701298,64.61063,41.94001
squeezed_Quảng Ngãi,2017-04-01,37.757343,39.434746,45.731956,26.74107,0.0,37.380608,0.0,25.07978,64.61063,38.664467,22.052242,40.68704
squeezed_Quảng Ngãi,2017-05-01,45.731956,35.729057,0.0,34.908077,0.0,26.744352,64.61063,32.546276,22.052242,47.56892,33.607292,49.602207
squeezed_Quảng Ngãi,2017-06-01,0.0,34.81203,0.0,35.37035,64.61063,68.42754,22.052242,31.918913,33.607292,49.658337,29.864105,51.74067
squeezed_Quảng Ngãi,2017-07-01,0.0,33.214844,64.61063,43.827103,22.052242,40.32415,33.607292,44.150246,29.864105,44.965027,32.669647,39.749245
squeezed_Quảng Ngãi,2017-08-01,64.61063,28.433722,22.052242,31.435606,33.607292,49.334282,29.864105,37.75262,32.669647,26.557896,26.493296,30.127815
squeezed_Quảng Ngãi,2017-09-01,22.052242,40.294655,33.607292,114.3346,29.864105,52.07979,32.669647,23.743086,26.493296,31.593853,33.40106,38.073647
squeezed_Quảng Ngãi,2017-10-01,33.607292,153.9549,29.864105,42.692837,32.669647,35.363018,26.493296,33.90841,33.40106,32.209564,32.100773,44.54072
squeezed_Quảng Ngãi,2017-11-01,29.864105,74.74893,32.669647,30.67106,26.493296,35.106308,33.40106,43.178356,32.100773,42.79876,30.150345,43.87811
squeezed_Quảng Ngãi,2017-12-01,32.669647,29.915094,26.493296,30.932276,33.40106,35.73281,32.100773,42.810135,30.150345,41.331768,36.5705,45.757175
squeezed_Quảng Ninh,2016-01-01,14.617018,18.176851,166.9933,26.595222,36.09342,27.159645,22.78295,28.241983,18.618324,33.4679,21.394741,19.974905
squeezed_Quảng Ninh,2016-02-01,166.9933,19.926579,36.09342,35.360634,22.78295,24.908384,18.618324,16.579264,21.394741,65.37194,27.029234,21.925676
squeezed_Quảng Ninh,2016-03-01,36.09342,95.3538,22.78295,107.56765,18.618324,71.99793,21.394741,77.42888,27.029234,54.81883,28.172464,47.128433
squeezed_Quảng Ninh,2016-04-01,22.78295,65.12042,18.618324,55.56351,21.394741,60.013893,27.029234,54.443954,28.172464,61.092106,22.374653,59.69109
squeezed_Quảng Ninh,2016-05-01,18.618324,52.95246,21.394741,33.768246,27.029234,42.36972,28.172464,44.434273,22.374653,59.343,15.351952,38.732185
squeezed_Quảng Ninh,2016-06-01,21.394741,33.11258,27.029234,39.54594,28.172464,30.544785,22.374653,36.955837,15.351952,34.47727,0.4899559,51.13728
squeezed_Quảng Ninh,2016-07-01,27.029234,37.652817,28.172464,33.504013,22.374653,47.121376,15.351952,24.819613,0.4899559,49.80327,19.296608,141.86868
squeezed_Quảng Ninh,2016-08-01,28.172464,34.140705,22.374653,39.898357,15.351952,29.282616,0.4899559,40.896717,19.296608,134.19366,16.651104,33.754593
squeezed_Quảng Ninh,2016-09-01,22.374653,53.24592,15.351952,24.948914,0.4899559,33.121403,19.296608,50.142372,16.651104,29.079266,33.84687,46.3434
squeezed_Quảng Ninh,2016-10-01,15.351952,19.708277,0.4899559,24.98135,19.296608,57.53728,16.651104,23.960228,33.84687,47.32296,45.98506,42.832222
squeezed_Quảng Ninh,2016-11-01,0.4899559,29.108763,19.296608,33.948322,16.651104,15.519145,33.84687,43.687714,45.98506,47.845,29.411764,83.261955
squeezed_Quảng Ninh,2016-12-01,19.296608,103.69722,16.651104,18.361732,33.84687,51.456963,45.98506,42.342266,29.411764,49.768543,28.633677,41.039543
squeezed_Quảng Ninh,2017-01-01,16.651104,30.221697,33.84687,47.15991,45.98506,45.33424,29.411764,71.57522,28.633677,33.89315,36.10333,32.763393
squeezed_Quảng Ninh,2017-02-01,33.84687,46.009598,45.98506,28.518476,29.411764,34.791054,28.633677,28.568382,36.10333,29.41994,29.489574,26.23029
squeezed_Quảng Ninh,2017-03-01,45.98506,32.39223,29.411764,33.225315,28.633677,28.20335,36.10333,36.487015,29.489574,34.65527,24.354187,26.336714
squeezed_Quảng Ninh,2017-04-01,29.411764,30.820694,28.633677,43.35434,36.10333,29.763605,29.489574,40.04496,24.354187,32.17715,26.065983,35.406006
squeezed_Quảng Ninh,2017-05-01,28.633677,36.934143,36.10333,32.700348,29.489574,34.873703,24.354187,38.853535,26.065983,31.164776,22.798008,21.698284
squeezed_Quảng Ninh,2017-06-01,36.10333,29.348183,29.489574,38.281837,24.354187,37.664383,26.065983,36.12004,22.798008,18.343426,23.731714,30.368265
squeezed_Quảng Ninh,2017-07-01,29.489574,38.744663,24.354187,42.810097,26.065983,35.096493,22.798008,29.725962,23.731714,31.099852,0.0,24.671648
squeezed_Quảng Ninh,2017-08-01,24.354187,36.996197,26.065983,37.45797,22.798008,22.605526,23.731714,33.052906,0.0,22.321215,49.236904,18.858225
squeezed_Quảng Ninh,2017-09-01,26.065983,32.335255,22.798008,25.581419,23.731714,29.089842,0.0,16.235489,49.236904,13.479674,36.88933,21.994081
squeezed_Quảng Ninh,2017-10-01,22.798008,27.316706,23.731714,26.411795,0.0,17.548597,49.236904,19.145704,36.88933,23.864635,39.4202,25.83684
squeezed_Quảng Ninh,2017-11-01,23.731714,23.56086,0.0,15.5667715,49.236904,20.345486,36.88933,21.79349,39.4202,24.69135,31.98098,25.57708
squeezed_Quảng Ninh,2017-12-01,0.0,16.99153,49.236904,15.362331,36.88933,26.996044,39.4202,18.15011,31.98098,18.82801,28.529795,21.82844
squeezed_Quảng Trị,2016-01-01,228.8693,244.53802,291.74017,252.03802,283.40015,239.65298,230.15236,209.1021,204.65117,200.56017,187.1692,194.44868
squeezed_Quảng Trị,2016-02-01,291.74017,234.23697,283.40015,231.72925,230.15236,197.51387,204.65117,192.11082,187.1692,214.64064,185.0842,217.74345
squeezed_Quảng Trị,2016-03-01,283.40015,255.46465,230.15236,218.99051,204.65117,195.83736,187.1692,209.86736,185.0842,249.67392,236.56776,379.04883
squeezed_Quảng Trị,2016-04-01,230.15236,229.97754,204.65117,243.19391,187.1692,208.07875,185.0842,239.00354,236.56776,339.15903,259.82358,325.6145
squeezed_Quảng Trị,2016-05-01,204.65117,213.76157,187.1692,229.06662,185.0842,241.10068,236.56776,313.7431,259.82358,317.78934,238.332,309.59317
squeezed_Quảng Trị,2016-06-01,187.1692,241.70119,185.0842,248.37857,236.56776,290.1306,259.82358,327.00702,238.332,246.8285,57.4178,252.77124
squeezed_Quảng Trị,2016-07-01,185.0842,227.34552,236.56776,248.52802,259.82358,250.92638,238.332,243.94763,57.4178,249.19737,205.9482,219.07837
squeezed_Quảng Trị,2016-08-01,236.56776,237.06879,259.82358,253.58192,238.332,247.24623,57.4178,242.88754,205.9482,217.0298,197.63351,235.84311
squeezed_Quảng Trị,2016-09-01,259.82358,250.89383,238.332,250.54828,57.4178,246.54027,205.9482,231.90698,197.63351,266.76947,235.84906,257.06854
squeezed_Quảng Trị,2016-10-01,238.332,247.75461,57.4178,252.9845,205.9482,237.60466,197.63351,240.64098,235.84906,255.50041,239.6866,253.71544
squeezed_Quảng Trị,2016-11-01,57.4178,249.33855,205.9482,233.0797,197.63351,240.0072,235.84906,279.4275,239.6866,252.63649,182.60313,228.36183
squeezed_Quảng Trị,2016-12-01,205.9482,192.87608,197.63351,217.27058,235.84906,252.86949,239.6866,246.02066,182.60313,198.64597,181.80365,230.69357
squeezed_Quảng Trị,2017-01-01,197.63351,228.42374,235.84906,248.81245,239.6866,248.6258,182.60313,218.5663,181.80365,212.06546,153.98145,198.6809
squeezed_Quảng Trị,2017-02-01,235.84906,244.84622,239.6866,222.93835,182.60313,209.62117,181.80365,193.7367,153.98145,208.28078,170.61081,201.97487
squeezed_Quảng Trị,2017-03-01,239.6866,236.38594,182.60313,215.35408,181.80365,191.85417,153.98145,202.02658,170.61081,205.09344,194.27567,366.01465
squeezed_Quảng Trị,2017-04-01,182.60313,222.41148,181.80365,198.73764,153.98145,203.91687,170.61081,218.66968,194.27567,326.7916,214.26288,251.42007
squeezed_Quảng Trị,2017-05-01,181.80365,194.1112,153.98145,198.95639,170.61081,217.91913,194.27567,250.553,214.26288,251.33354,224.01663,242.05156
squeezed_Quảng Trị,2017-06-01,153.98145,199.96057,170.61081,220.82137,194.27567,247.55354,214.26288,250.35918,224.01663,238.97446,235.36937,218.94118
squeezed_Quảng Trị,2017-07-01,170.61081,193.01018,194.27567,239.82071,214.26288,245.27892,224.01663,257.15067,235.36937,214.77863,198.82484,208.2175
squeezed_Quảng Trị,2017-08-01,194.27567,214.85423,214.26288,240.71791,224.01663,232.28615,235.36937,215.1627,198.82484,194.98941,158.80579,204.58398
squeezed_Quảng Trị,2017-09-01,214.26288,224.26996,224.01663,219.61455,235.36937,216.10716,198.82484,196.60197,158.80579,208.94998,181.51501,247.4004
squeezed_Quảng Trị,2017-10-01,224.01663,223.30759,235.36937,227.62248,198.82484,201.50246,158.80579,220.69722,181.51501,251.75746,193.42545,243.39633
squeezed_Quảng Trị,2017-11-01,235.36937,215.29073,198.82484,218.17831,158.80579,233.95143,181.51501,258.3037,193.42545,228.4655,145.6249,220.1325
squeezed_Quảng Trị,2017-12-01,198.82484,204.41757,158.80579,222.87932,181.51501,258.3489,193.42545,249.0844,145.6249,216.35661,145.7837,206.38812
squeezed_Sóc Trăng,2016-01-01,16.457144,14.053734,19.27619,17.807606,19.809525,15.873553,17.066668,9.712634,21.409523,14.072622,23.619047,17.489408
squeezed_Sóc Trăng,2016-02-01,19.27619,14.393712,19.809525,14.817712,17.066668,15.596834,21.409523,12.960544,23.619047,17.906744,21.180952,20.861334
squeezed_Sóc Trăng,2016-03-01,19.809525,17.16579,17.066668,16.658998,21.409523,11.200943,23.619047,27.518469,21.180952,21.028711,20.952381,21.219925
squeezed_Sóc Trăng,2016-04-01,17.066668,25.569395,21.409523,15.453578,23.619047,17.62827,21.180952,58.159115,20.952381,24.547789,22.323809,23.108728
squeezed_Sóc Trăng,2016-05-01,21.409523,15.981784,23.619047,20.410845,21.180952,25.508833,20.952381,25.267914,22.323809,24.154488,24.304762,19.769493
squeezed_Sóc Trăng,2016-06-01,23.619047,20.48681,21.180952,24.51299,20.952381,24.042152,22.323809,27.351866,24.304762,24.137388,24.304762,21.09282
squeezed_Sóc Trăng,2016-07-01,21.180952,23.159433,20.952381,27.486366,22.323809,21.238262,24.304762,22.662392,24.304762,22.73248,13.625544,11.048132
squeezed_Sóc Trăng,2016-08-01,20.952381,22.00466,22.323809,26.609413,24.304762,16.900816,24.304762,18.716932,13.625544,16.325087,12.148075,12.887037
squeezed_Sóc Trăng,2016-09-01,22.323809,20.311495,24.304762,18.143803,24.304762,18.290674,13.625544,14.207761,12.148075,11.338792,16.252155,8.385145
squeezed_Sóc Trăng,2016-10-01,24.304762,17.617071,24.304762,17.372654,13.625544,15.104502,12.148075,12.496542,16.252155,10.739415,17.647541,4.8696475
squeezed_Sóc Trăng,2016-11-01,24.304762,16.830345,13.625544,19.467417,12.148075,14.093397,16.252155,14.0280905,17.647541,10.416384,16.744644,12.898518
squeezed_Sóc Trăng,2016-12-01,13.625544,15.497584,12.148075,17.325777,16.252155,14.772132,17.647541,14.514235,16.744644,15.107805,17.729624,14.114037
squeezed_Sóc Trăng,2017-01-01,12.148075,15.217622,16.252155,12.360745,17.647541,12.246009,16.744644,13.771001,17.729624,20.224142,19.371256,14.958618
squeezed_Sóc Trăng,2017-02-01,16.252155,12.167148,17.647541,11.843563,16.744644,20.21633,17.729624,16.702795,19.371256,18.820757,20.274153,15.4978285
squeezed_Sóc Trăng,2017-03-01,17.647541,14.707961,16.744644,16.681133,17.729624,17.721022,19.371256,17.709974,20.274153,19.88193,17.237133,18.60876
squeezed_Sóc Trăng,2017-04-01,16.744644,15.194233,17.729624,17.582504,19.371256,15.020605,20.274153,19.771698,17.237133,20.129751,20.930805,23.42517
squeezed_Sóc Trăng,2017-05-01,17.729624,21.058403,19.371256,20.976328,20.274153,18.594769,17.237133,23.253983,20.930805,24.784203,17.072971,25.293375
squeezed_Sóc Trăng,2017-06-01,19.371256,18.146807,20.274153,18.260502,17.237133,22.891872,20.930805,24.383518,17.072971,25.37476,17.56546,22.728506
squeezed_Sóc Trăng,2017-07-01,20.274153,20.360685,17.237133,24.302074,20.930805,25.102386,17.072971,23.723873,17.56546,24.977753,17.703508,17.121195
squeezed_Sóc Trăng,2017-08-01,17.237133,22.970295,20.930805,23.566135,17.072971,25.456873,17.56546,22.017235,17.703508,19.196234,17.207148,16.8327
squeezed_Sóc Trăng,2017-09-01,20.930805,21.725327,17.072971,20.04033,17.56546,21.523932,17.703508,9.541942,17.207148,16.469408,14.063534,18.959429
squeezed_Sóc Trăng,2017-10-01,17.072971,19.30273,17.56546,20.277737,17.703508,11.834313,17.207148,19.019806,14.063534,15.3630495,10.340834,15.012579
squeezed_Sóc Trăng,2017-11-01,17.56546,21.384933,17.703508,9.712619,17.207148,16.785341,14.063534,14.889218,10.340834,12.025697,14.394441,11.798052
squeezed_Sóc Trăng,2017-12-01,17.703508,11.5575,17.207148,15.052003,14.063534,15.165686,10.340834,11.271986,14.394441,13.248723,12.326274,15.52581
squeezed_Sơn La,2016-01-01,144.95033,181.76865,175.24834,173.66118,213.49338,176.99112,207.53311,197.64854,171.93709,173.45038,151.49007,169.77298
squeezed_Sơn La,2016-02-01,175.24834,163.62581,213.49338,169.92078,207.53311,192.90993,171.93709,160.11765,151.49007,170.16805,150.16556,208.90993
squeezed_Sơn La,2016-03-01,213.49338,165.42097,207.53311,172.68779,171.93709,170.26065,151.49007,185.83194,150.16556,210.01428,202.40067,226.71417
squeezed_Sơn La,2016-04-01,207.53311,189.81914,171.93709,205.93861,151.49007,188.0846,150.16556,215.79192,202.40067,270.1027,180.71191,232.4525
squeezed_Sơn La,2016-05-01,171.93709,208.61218,151.49007,219.07657,150.16556,221.95534,202.40067,250.29665,180.71191,241.12666,163.82451,223.19331
squeezed_Sơn La,2016-06-01,151.49007,176.62396,150.16556,230.78925,202.40067,261.6331,180.71191,251.07541,163.82451,211.15915,7.781457,197.68222
squeezed_Sơn La,2016-07-01,150.16556,209.74918,202.40067,241.01845,180.71191,230.53082,163.82451,204.70808,7.781457,208.6152,108.78523,176.58789
squeezed_Sơn La,2016-08-01,202.40067,214.96423,180.71191,247.42516,163.82451,204.35388,7.781457,190.92923,108.78523,176.58124,122.87786,155.9644
squeezed_Sơn La,2016-09-01,180.71191,226.43457,163.82451,203.20033,7.781457,198.80109,108.78523,162.9405,122.87786,154.994,0.0,183.20143
squeezed_Sơn La,2016-10-01,163.82451,198.68619,7.781457,172.27477,108.78523,154.29657,122.87786,153.83083,0.0,166.60187,123.86682,183.86307
squeezed_Sơn La,2016-11-01,7.781457,177.5784,108.78523,154.90515,122.87786,149.51382,0.0,161.27785,123.86682,195.4798,118.26273,192.05446
squeezed_Sơn La,2016-12-01,108.78523,142.25685,122.87786,130.85342,0.0,159.16545,123.86682,160.81386,118.26273,180.6412,112.49382,162.00221
squeezed_Sơn La,2017-01-01,122.87786,129.75009,0.0,145.46837,123.86682,157.69214,118.26273,155.40483,112.49382,164.501,139.03082,155.02065
squeezed_Sơn La,2017-02-01,0.0,137.9032,123.86682,149.9781,118.26273,157.8885,112.49382,143.31941,139.03082,155.97583,202.81853,152.58197
squeezed_Sơn La,2017-03-01,123.86682,131.07365,118.26273,117.92338,112.49382,129.08832,139.03082,143.24615,202.81853,152.8457,216.00461,158.17041
squeezed_Sơn La,2017-04-01,118.26273,116.746765,112.49382,134.79433,139.03082,127.90798,202.81853,144.20483,216.00461,152.06863,179.08357,156.43802
squeezed_Sơn La,2017-05-01,112.49382,131.09422,139.03082,161.52502,202.81853,140.74562,216.00461,150.43599,179.08357,153.0387,159.22202,133.038
squeezed_Sơn La,2017-06-01,139.03082,133.44788,202.81853,143.15274,216.00461,148.6497,179.08357,152.52951,159.22202,139.44272,142.57458,122.064575
squeezed_Sơn La,2017-07-01,202.81853,148.8812,216.00461,151.99373,179.08357,154.12608,159.22202,144.32356,142.57458,129.62178,156.84048,106.10671
squeezed_Sơn La,2017-08-01,216.00461,182.75708,179.08357,165.91512,159.22202,150.2116,142.57458,124.976906,156.84048,115.83023,106.15522,100.829636
squeezed_Sơn La,2017-09-01,179.08357,176.78825,159.22202,161.5681,142.57458,132.84833,156.84048,120.00593,106.15522,112.48313,0.0,119.29089
squeezed_Sơn La,2017-10-01,159.22202,170.75952,142.57458,130.14182,156.84048,135.71342,106.15522,136.15796,0.0,127.56749,104.046715,138.93903
squeezed_Sơn La,2017-11-01,142.57458,136.93706,156.84048,128.297,106.15522,128.82541,0.0,140.6181,104.046715,136.57726,94.23405,146.6995
squeezed_Sơn La,2017-12-01,156.84048,123.86856,106.15522,124.80785,0.0,120.63014,104.046715,138.00917,94.23405,135.13318,86.77317,140.9286
squeezed_TT Huế,2016-01-01,146.19934,152.68929,197.5126,214.98413,150.46095,147.28061,130.80536,137.43657,121.32545,126.667435,104.88781,123.18618
squeezed_TT Huế,2016-02-01,197.5126,177.13617,150.46095,141.96536,130.80536,135.41298,121.32545,125.72935,104.88781,130.48509,119.58601,127.55142
squeezed_TT Huế,2016-03-01,150.46095,164.94653,130.80536,148.41095,121.32545,131.30229,104.88781,128.14076,119.58601,140.5606,132.37085,140.62453
squeezed_TT Huế,2016-04-01,130.80536,146.04047,121.32545,135.7259,104.88781,141.1432,119.58601,158.34012,132.37085,141.00183,112.01948,212.92667
squeezed_TT Huế,2016-05-01,121.32545,141.11566,104.88781,129.49376,119.58601,141.00827,132.37085,149.46545,112.01948,249.52066,112.280396,150.32478
squeezed_TT Huế,2016-06-01,104.88781,130.82503,119.58601,151.82338,132.37085,139.23404,112.01948,137.48198,112.280396,157.96516,47.312576,212.84305
squeezed_TT Huế,2016-07-01,119.58601,145.4726,132.37085,127.31903,112.01948,131.68878,112.280396,140.85614,47.312576,156.8321,69.43208,119.547134
squeezed_TT Huế,2016-08-01,132.37085,138.45032,112.01948,138.20619,112.280396,139.40959,47.312576,139.52315,69.43208,116.59329,115.63112,124.21266
squeezed_TT Huế,2016-09-01,112.01948,133.36209,112.280396,133.74432,47.312576,130.35571,69.43208,120.85463,115.63112,127.26354,140.02136,138.50606
squeezed_TT Huế,2016-10-01,112.280396,133.34369,47.312576,127.72928,69.43208,124.76493,115.63112,127.7418,140.02136,134.3549,111.00231,136.6855
squeezed_TT Huế,2016-11-01,47.312576,124.73993,69.43208,130.28235,115.63112,123.803764,140.02136,139.69025,111.00231,145.64932,102.9019,117.65898
squeezed_TT Huế,2016-12-01,69.43208,114.69472,115.63112,114.37653,140.02136,139.50069,111.00231,139.54428,102.9019,120.29222,92.66512,97.37521
squeezed_TT Huế,2017-01-01,115.63112,113.52918,140.02136,135.67743,111.00231,121.572,102.9019,114.99051,92.66512,107.789085,101.92274,99.4255
squeezed_TT Huế,2017-02-01,140.02136,152.33253,111.00231,126.56331,102.9019,123.22935,92.66512,104.009766,101.92274,119.38859,132.63307,146.39258
squeezed_TT Huế,2017-03-01,111.00231,134.14766,102.9019,111.42366,92.66512,100.302376,101.92274,111.39887,132.63307,109.69141,126.04593,98.930214
squeezed_TT Huế,2017-04-01,102.9019,114.74986,92.66512,99.52005,101.92274,104.23723,132.63307,145.25676,126.04593,110.62195,136.46074,119.04216
squeezed_TT Huế,2017-05-01,92.66512,100.10868,101.92274,112.880974,132.63307,104.514046,126.04593,110.82552,136.46074,104.00226,127.64821,102.7982
squeezed_TT Huế,2017-06-01,101.92274,104.684944,132.63307,102.12722,126.04593,106.96919,136.46074,99.55038,127.64821,107.6668,136.99484,142.77414
squeezed_TT Huế,2017-07-01,132.63307,103.943825,126.04593,113.49839,136.46074,112.23291,127.64821,106.39532,136.99484,201.50746,117.202774,92.569725
squeezed_TT Huế,2017-08-01,126.04593,125.19885,136.46074,137.38902,127.64821,114.89547,136.99484,157.73323,117.202774,92.43384,95.34388,105.36661
squeezed_TT Huế,2017-09-01,136.46074,126.625916,127.64821,110.65864,136.99484,221.5419,117.202774,95.43081,95.34388,108.64737,117.735916,119.30476
squeezed_TT Huế,2017-10-01,127.64821,132.25159,136.99484,173.87459,117.202774,99.896286,95.34388,126.5316,117.735916,119.94729,92.14501,129.47697
squeezed_TT Huế,2017-11-01,136.99484,173.26447,117.202774,101.37512,95.34388,125.341774,117.735916,128.43202,92.14501,118.83823,90.36787,129.89607
squeezed_TT Huế,2017-12-01,117.202774,109.6028,95.34388,134.78554,117.735916,138.2698,92.14501,129.27806,90.36787,131.88036,72.24098,106.27307
squeezed_Thanh Hóa,2016-01-01,198.90599,208.86609,209.93112,210.59538,229.74237,221.30548,219.22739,217.20264,228.26857,200.63597,193.66267,173.78316
squeezed_Thanh Hóa,2016-02-01,209.93112,213.1891,229.74237,221.8218,219.22739,206.0758,228.26857,203.48271,193.66267,191.7549,192.21721,192.0703
squeezed_Thanh Hóa,2016-03-01,229.74237,229.28345,219.22739,217.71661,228.26857,208.90204,193.66267,191.0584,192.21721,202.6994,194.73967,173.09409
squeezed_Thanh Hóa,2016-04-01,219.22739,218.5687,228.26857,215.71466,193.66267,190.27055,192.21721,222.81305,194.73967,210.84862,195.2215,241.54681
squeezed_Thanh Hóa,2016-05-01,228.26857,218.34082,193.66267,197.71144,192.21721,202.36687,194.73967,198.53598,195.2215,209.64479,193.69101,191.79224
squeezed_Thanh Hóa,2016-06-01,193.66267,198.25749,192.21721,217.2824,194.73967,195.75497,195.2215,239.1344,193.69101,194.13443,169.77014,185.27771
squeezed_Thanh Hóa,2016-07-01,192.21721,196.91841,194.73967,193.10011,195.2215,211.95091,193.69101,199.79134,169.77014,218.65846,176.40204,174.13316
squeezed_Thanh Hóa,2016-08-01,194.73967,197.99837,195.2215,196.63785,193.69101,190.6678,169.77014,190.11963,176.40204,173.68922,189.13895,185.48026
squeezed_Thanh Hóa,2016-09-01,195.2215,230.57373,193.69101,192.87251,169.77014,187.63832,176.40204,166.9536,189.13895,178.8562,204.0403,198.42256
squeezed_Thanh Hóa,2016-10-01,193.69101,191.32524,169.77014,187.66278,176.40204,169.53459,189.13895,178.12105,204.0403,196.9606,203.56856,235.87328
squeezed_Thanh Hóa,2016-11-01,169.77014,191.04225,176.40204,167.70312,189.13895,175.87863,204.0403,211.51372,203.56856,207.79858,197.87996,243.07257
squeezed_Thanh Hóa,2016-12-01,176.40204,164.10042,189.13895,165.77957,204.0403,204.68826,203.56856,205.45596,197.87996,226.89015,204.0403,237.63588
squeezed_Thanh Hóa,2017-01-01,189.13895,184.68134,204.0403,204.79733,203.56856,218.79378,197.87996,240.38521,204.0403,202.62668,189.0557,181.06252
squeezed_Thanh Hóa,2017-02-01,204.0403,203.94627,203.56856,212.53075,197.87996,216.78506,204.0403,212.28369,189.0557,187.99211,195.38252,196.43669
squeezed_Thanh Hóa,2017-03-01,203.56856,216.54066,197.87996,210.5823,204.0403,207.31361,189.0557,183.40906,195.38252,207.01419,226.48944,190.24419
squeezed_Thanh Hóa,2017-04-01,197.87996,199.30786,204.0403,191.59283,189.0557,178.80092,195.38252,199.30006,226.48944,204.82405,219.49663,188.596
squeezed_Thanh Hóa,2017-05-01,204.0403,190.25883,189.0557,185.39365,195.38252,202.08237,226.48944,203.51967,219.49663,189.93803,191.80287,178.47456
squeezed_Thanh Hóa,2017-06-01,189.0557,180.96118,195.38252,197.33919,226.48944,209.72758,219.49663,197.50256,191.80287,189.22539,219.44113,177.79044
squeezed_Thanh Hóa,2017-07-01,195.38252,190.04672,226.48944,209.23772,219.49663,200.14473,191.80287,194.32452,219.44113,182.92903,200.17624,162.31065
squeezed_Thanh Hóa,2017-08-01,226.48944,197.18698,219.49663,190.59604,191.80287,177.4481,219.44113,189.61913,200.17624,170.87247,177.07158,172.57959
squeezed_Thanh Hóa,2017-09-01,219.49663,200.0682,191.80287,193.95543,219.44113,189.62901,200.17624,178.18953,177.07158,177.24075,201.4981,179.01413
squeezed_Thanh Hóa,2017-10-01,191.80287,197.86069,219.44113,190.93855,200.17624,176.6127,177.07158,185.43988,201.4981,194.22409,198.96455,182.02992
squeezed_Thanh Hóa,2017-11-01,219.44113,191.01637,200.17624,163.56093,177.07158,172.49733,201.4981,198.86479,198.96455,194.93222,177.56726,181.18071
squeezed_Thanh Hóa,2017-12-01,200.17624,176.40625,177.07158,191.76202,201.4981,212.73233,198.96455,207.69267,177.56726,189.15459,173.95973,189.8697
squeezed_Thái Bình,2016-01-01,210.72626,202.97006,233.07263,238.68925,229.3296,212.67622,210.05586,210.86693,204.58101,244.20187,208.32402,200.68709
squeezed_Thái Bình,2016-02-01,233.07263,217.84482,229.3296,220.68373,210.05586,219.36949,204.58101,245.95543,208.32402,207.92882,203.40782,209.02856
squeezed_Thái Bình,2016-03-01,229.3296,240.35347,210.05586,236.33272,204.58101,332.37857,208.32402,206.58563,203.40782,204.61307,219.3296,203.85919
squeezed_Thái Bình,2016-04-01,210.05586,242.35258,204.58101,258.70078,208.32402,203.2259,203.40782,201.52713,219.3296,211.0787,162.56984,268.3605
squeezed_Thái Bình,2016-05-01,204.58101,238.66759,208.32402,220.58513,203.40782,209.0685,219.3296,210.66673,162.56984,250.56758,147.43016,209.43713
squeezed_Thái Bình,2016-06-01,208.32402,194.62091,203.40782,197.40607,219.3296,204.73213,162.56984,227.72035,147.43016,218.53749,107.65363,217.56279
squeezed_Thái Bình,2016-07-01,203.40782,209.1594,219.3296,215.92496,162.56984,229.64015,147.43016,222.48479,107.65363,209.40663,179.51357,198.41397
squeezed_Thái Bình,2016-08-01,219.3296,209.9171,162.56984,222.22754,147.43016,221.04623,107.65363,211.4797,179.51357,211.54907,195.92654,203.58073
squeezed_Thái Bình,2016-09-01,162.56984,226.85199,147.43016,215.52771,107.65363,199.60205,179.51357,191.41742,195.92654,208.88162,219.3814,228.85516
squeezed_Thái Bình,2016-10-01,147.43016,185.62762,107.65363,199.54329,179.51357,179.44327,195.92654,197.24092,219.3814,200.17184,197.17242,197.85963
squeezed_Thái Bình,2016-11-01,107.65363,187.08759,179.51357,172.45096,195.92654,178.08012,219.3814,207.09903,197.17242,198.60922,215.75212,230.98495
squeezed_Thái Bình,2016-12-01,179.51357,154.53957,195.92654,168.43372,219.3814,193.18184,197.17242,188.88982,215.75212,202.4763,0.0,184.03983
squeezed_Thái Bình,2017-01-01,195.92654,192.96083,219.3814,188.10204,197.17242,210.70454,215.75212,216.08522,0.0,206.99689,199.88083,221.20149
squeezed_Thái Bình,2017-02-01,219.3814,196.58783,197.17242,203.03732,215.75212,203.40929,0.0,193.78157,199.88083,237.13202,0.0,216.05093
squeezed_Thái Bình,2017-03-01,197.17242,219.5589,215.75212,218.87254,0.0,213.31796,199.88083,250.16216,0.0,220.04105,200.15167,204.86319
squeezed_Thái Bình,2017-04-01,215.75212,207.78386,0.0,201.00613,199.88083,210.67159,0.0,214.35802,200.15167,214.31715,212.66454,203.1862
squeezed_Thái Bình,2017-05-01,0.0,204.61101,199.88083,208.60931,0.0,218.55656,200.15167,211.10878,212.66454,199.09401,209.46861,173.60626
squeezed_Thái Bình,2017-06-01,199.88083,175.79688,0.0,184.07335,200.15167,181.11707,212.66454,170.77315,209.46861,159.87715,205.08098,154.62271
squeezed_Thái Bình,2017-07-01,0.0,184.34492,200.15167,192.64317,212.66454,190.88432,209.46861,159.6696,205.08098,162.09164,202.84775,171.8693
squeezed_Thái Bình,2017-08-01,200.15167,154.61449,212.66454,156.28848,209.46861,145.39305,205.08098,138.62698,202.84775,141.94485,0.0,156.94373
squeezed_Thái Bình,2017-09-01,212.66454,167.56717,209.46861,133.75978,205.08098,140.89299,202.84775,127.35324,0.0,153.50998,212.82562,168.35617
squeezed_Thái Bình,2017-10-01,209.46861,161.97638,205.08098,142.6196,202.84775,143.6044,0.0,147.504,212.82562,191.24603,199.18019,170.94066
squeezed_Thái Bình,2017-11-01,205.08098,206.05856,202.84775,155.0378,0.0,156.60895,212.82562,182.68964,199.18019,176.11812,194.59576,174.96727
squeezed_Thái Bình,2017-12-01,202.84775,157.58522,0.0,168.74939,212.82562,185.85794,199.18019,172.75081,194.59576,194.65776,191.5215,163.40346
squeezed_Thái Nguyên,2016-01-01,42.12156,43.979603,67.13378,51.641613,60.45299,50.73991,52.71305,57.741234,62.57129,53.413322,46.684048,43.275494
squeezed_Thái Nguyên,2016-02-01,67.13378,45.64934,60.45299,56.359894,52.71305,57.12545,62.57129,45.607388,46.684048,43.18774,66.319046,50.87843
squeezed_Thái Nguyên,2016-03-01,60.45299,62.336452,52.71305,63.29604,62.57129,57.305542,46.684048,47.99338,66.319046,57.454563,67.05231,50.811302
squeezed_Thái Nguyên,2016-04-01,52.71305,55.35669,62.57129,59.86463,46.684048,48.393276,66.319046,50.24711,67.05231,54.70892,53.038944,119.556854
squeezed_Thái Nguyên,2016-05-01,62.57129,60.396023,46.684048,37.89871,66.319046,52.443928,67.05231,54.054287,53.038944,67.711296,47.25436,50.078106
squeezed_Thái Nguyên,2016-06-01,46.684048,46.27965,66.319046,54.739395,67.05231,45.94417,53.038944,63.507835,47.25436,56.64704,26.8861,56.582016
squeezed_Thái Nguyên,2016-07-01,66.319046,51.70727,67.05231,44.480797,53.038944,60.93315,47.25436,50.496174,26.8861,65.41963,35.188282,83.42328
squeezed_Thái Nguyên,2016-08-01,67.05231,52.865883,53.038944,67.957054,47.25436,59.609333,26.8861,50.46474,35.188282,79.439354,45.37855,46.372982
squeezed_Thái Nguyên,2016-09-01,53.038944,80.67698,47.25436,58.83699,26.8861,57.465027,35.188282,62.220337,45.37855,40.7698,56.36494,53.101017
squeezed_Thái Nguyên,2016-10-01,47.25436,54.39986,26.8861,49.07506,35.188282,81.205376,45.37855,56.401546,56.36494,51.617634,43.786324,48.310806
squeezed_Thái Nguyên,2016-11-01,26.8861,42.90991,35.188282,55.840824,45.37855,45.560204,56.36494,49.843475,43.786324,59.35048,45.85622,87.54053
squeezed_Thái Nguyên,2016-12-01,35.188282,51.54863,45.37855,28.971249,56.36494,51.407314,43.786324,51.705555,45.85622,56.62859,43.308655,63.32547
squeezed_Thái Nguyên,2017-01-01,45.37855,49.72403,56.36494,42.16853,43.786324,65.81028,45.85622,74.730934,43.308655,82.33727,41.318367,64.39694
squeezed_Thái Nguyên,2017-02-01,56.36494,41.893433,43.786324,61.836533,45.85622,76.856064,43.308655,52.21594,41.318367,58.058296,39.168858,59.751373
squeezed_Thái Nguyên,2017-03-01,43.786324,59.09002,45.85622,60.664265,43.308655,65.73008,41.318367,103.418106,39.168858,65.70864,49.43874,64.59108
squeezed_Thái Nguyên,2017-04-01,45.85622,47.79333,43.308655,60.128304,41.318367,54.765064,39.168858,60.497593,49.43874,61.294025,56.84261,58.476677
squeezed_Thái Nguyên,2017-05-01,43.308655,46.931778,41.318367,54.70645,39.168858,57.05674,49.43874,62.53775,56.84261,56.588272,47.92612,43.656982
squeezed_Thái Nguyên,2017-06-01,41.318367,46.16964,39.168858,62.216244,49.43874,53.17919,56.84261,50.83683,47.92612,47.368008,49.91641,48.518837
squeezed_Thái Nguyên,2017-07-01,39.168858,51.624374,49.43874,54.767662,56.84261,56.15894,47.92612,49.29261,49.91641,48.509235,45.775753,35.913387
squeezed_Thái Nguyên,2017-08-01,49.43874,50.289833,56.84261,50.75621,47.92612,40.91962,49.91641,43.618378,45.775753,33.55871,35.17588,33.684326
squeezed_Thái Nguyên,2017-09-01,56.84261,51.437195,47.92612,42.407528,49.91641,43.903423,45.775753,37.350136,35.17588,37.14365,99.089195,43.18145
squeezed_Thái Nguyên,2017-10-01,47.92612,41.515175,49.91641,41.680805,45.775753,44.59994,35.17588,42.825546,99.089195,48.26814,48.2098,48.802612
squeezed_Thái Nguyên,2017-11-01,49.91641,43.984726,45.775753,36.478714,35.17588,38.039692,99.089195,47.103275,48.2098,53.48253,50.722363,47.662518
squeezed_Thái Nguyên,2017-12-01,45.775753,61.31699,35.17588,38.82665,99.089195,43.818798,48.2098,52.39211,50.722363,46.590202,35.80402,48.78959
squeezed_Tiền Giang,2016-01-01,0.05746466,6.3583274,0.0,4.8743553,0.0,2.8731883,0.0,4.2959933,0.0,4.6744847,0.0,8.363899
squeezed_Tiền Giang,2016-02-01,0.0,6.400628,0.0,5.080975,0.0,1.7335013,0.0,3.1551778,0.0,9.763689,0.0,7.5131702
squeezed_Tiền Giang,2016-03-01,0.0,3.385619,0.0,4.8266315,0.0,6.1195846,0.0,7.7348065,0.0,8.328572,0.0,10.814423
squeezed_Tiền Giang,2016-04-01,0.0,1.46121,0.0,5.6422453,0.0,4.549091,0.0,7.092203,0.0,12.849109,0.0,18.044794
squeezed_Tiền Giang,2016-05-01,0.0,12.008501,0.0,6.777196,0.0,12.007924,0.0,15.730724,0.0,10.154664,2.6433744,11.411131
squeezed_Tiền Giang,2016-06-01,0.0,6.4064174,0.0,9.332253,0.0,9.769644,0.0,12.548459,2.6433744,10.830691,0.0,10.363932
squeezed_Tiền Giang,2016-07-01,0.0,10.599854,0.0,19.482607,0.0,9.578136,2.6433744,12.113127,0.0,12.75327,0.0,5.8340755
squeezed_Tiền Giang,2016-08-01,0.0,11.687094,0.0,9.814282,2.6433744,8.892075,0.0,9.818885,0.0,7.300481,0.0,4.734798
squeezed_Tiền Giang,2016-09-01,0.0,6.935368,2.6433744,8.623284,0.0,8.594617,0.0,6.709232,0.0,4.083748,0.0,6.707317
squeezed_Tiền Giang,2016-10-01,2.6433744,57.4251,0.0,8.242011,0.0,5.104155,0.0,7.0428615,0.0,2.826147,0.0,-0.8805288
squeezed_Tiền Giang,2016-11-01,0.0,10.912489,0.0,6.7873955,0.0,10.092639,0.0,3.6340487,0.0,2.4070928,0.0,3.5489156
squeezed_Tiền Giang,2016-12-01,0.0,5.6307197,0.0,5.66242,0.0,1.0489877,0.0,-1.7374011,0.0,5.8367896,0.0,13.825692
squeezed_Tiền Giang,2017-01-01,0.0,1.5386792,0.0,1.5655663,0.0,3.5754821,0.0,3.854914,0.0,4.977306,0.057084143,4.48095
squeezed_Tiền Giang,2017-02-01,0.0,6.0874505,0.0,2.866434,0.0,6.737691,0.0,3.3482666,0.057084143,5.6618233,0.0,3.8321395
squeezed_Tiền Giang,2017-03-01,0.0,5.9534283,0.0,6.6381288,0.0,5.5011587,0.057084143,16.86905,0.0,2.1480768,0.0,10.644106
squeezed_Tiền Giang,2017-04-01,0.0,8.257037,0.0,7.3302407,0.057084143,4.33746,0.0,1.7033979,0.0,10.84651,0.0,10.23382
squeezed_Tiền Giang,2017-05-01,0.0,9.193371,0.057084143,8.864474,0.0,6.611153,0.0,16.428942,0.0,10.323771,0.0,13.603778
squeezed_Tiền Giang,2017-06-01,0.057084143,7.08586,0.0,9.0164175,0.0,14.756379,0.0,11.972667,0.0,12.833622,0.0,11.426226
squeezed_Tiền Giang,2017-07-01,0.0,9.149507,0.0,14.799542,0.0,12.633698,0.0,14.281088,0.0,11.153253,0.0,9.496903
squeezed_Tiền Giang,2017-08-01,0.0,12.2932415,0.0,11.004973,0.0,12.262827,0.0,13.299901,0.0,10.503001,0.0,6.546211
squeezed_Tiền Giang,2017-09-01,0.0,7.026362,0.0,9.77667,0.0,5.985813,0.0,9.147341,0.0,3.954333,0.0,12.734325
squeezed_Tiền Giang,2017-10-01,0.0,10.317066,0.0,8.222554,0.0,4.0481763,0.0,9.443559,0.0,10.073914,0.0,6.628012
squeezed_Tiền Giang,2017-11-01,0.0,7.1760464,0.0,4.5881805,0.0,4.2859316,0.0,9.813725,0.0,7.332891,0.0,7.9315004
squeezed_Tiền Giang,2017-12-01,0.0,2.423658,0.0,3.434997,0.0,10.21925,0.0,9.334817,0.0,8.6553545,0.0,8.95836
squeezed_Trà Vinh,2016-01-01,0.19221528,5.553136,0.0,5.6393285,0.0,3.5346863,0.4805382,1.1458886,0.9610764,6.293041,1.2493993,10.643832
squeezed_Trà Vinh,2016-02-01,0.0,6.0695453,0.0,14.292325,0.4805382,2.6269093,0.9610764,2.0727742,1.2493993,10.865375,0.0,10.895139
squeezed_Trà Vinh,2016-03-01,0.0,4.937844,0.4805382,3.6616397,0.9610764,1.7212442,1.2493993,6.767515,0.0,10.855511,0.28832293,9.091286
squeezed_Trà Vinh,2016-04-01,0.4805382,5.2472925,0.9610764,4.087895,1.2493993,7.329353,0.0,9.395022,0.28832293,11.954642,0.0,10.157562
squeezed_Trà Vinh,2016-05-01,0.9610764,6.850697,1.2493993,12.785256,0.0,13.021903,0.28832293,12.7336235,0.0,14.422631,0.0,11.208831
squeezed_Trà Vinh,2016-06-01,1.2493993,5.356089,0.0,14.2011385,0.28832293,12.960111,0.0,14.610124,0.0,9.126919,0.0,10.253006
squeezed_Trà Vinh,2016-07-01,0.0,11.437101,0.28832293,8.830974,0.0,10.8184,0.0,9.384851,0.0,9.349991,0.09919651,5.7456293
squeezed_Trà Vinh,2016-08-01,0.28832293,14.811801,0.0,7.794008,0.0,4.7390537,0.0,8.662966,0.09919651,5.3172927,0.09919651,1.6257628
squeezed_Trà Vinh,2016-09-01,0.0,4.7508845,0.0,3.1742702,0.0,6.43513,0.09919651,5.27639,0.09919651,2.179099,0.0,4.601337
squeezed_Trà Vinh,2016-10-01,0.0,4.4244213,0.0,4.7088094,0.09919651,7.819273,0.09919651,1.7067306,0.0,2.4919386,0.09919651,-2.8878021
squeezed_Trà Vinh,2016-11-01,0.0,4.3634715,0.09919651,7.5064754,0.09919651,4.492169,0.0,3.394704,0.09919651,1.9901708,0.0,3.4723773
squeezed_Trà Vinh,2016-12-01,0.09919651,4.4559484,0.09919651,1.6323742,0.0,1.9824826,0.09919651,-2.6080453,0.0,4.6235886,0.0,4.3044214
squeezed_Trà Vinh,2017-01-01,0.09919651,4.5908875,0.0,1.0145439,0.09919651,4.86985,0.0,3.288891,0.0,6.3864403,0.0,4.118522
squeezed_Trà Vinh,2017-02-01,0.0,5.412069,0.09919651,3.1278386,0.0,6.935893,0.0,2.4401662,0.0,44.45699,0.19839302,5.713958
squeezed_Trà Vinh,2017-03-01,0.09919651,6.0005326,0.0,5.52138,0.0,7.7882605,0.0,15.098993,0.19839302,5.443653,0.0,8.603316
squeezed_Trà Vinh,2017-04-01,0.0,5.1774673,0.0,9.361283,0.0,10.805029,0.19839302,3.584883,0.0,7.908763,0.0,19.266659
squeezed_Trà Vinh,2017-05-01,0.0,10.919631,0.0,10.448392,0.19839302,7.6976237,0.0,12.514267,0.0,20.844536,0.0,13.337741
squeezed_Trà Vinh,2017-06-01,0.0,7.0519648,0.19839302,8.748946,0.0,13.532748,0.0,19.748657,0.0,12.91743,0.0,9.259596
squeezed_Trà Vinh,2017-07-01,0.19839302,46.835842,0.0,10.4964485,0.0,19.906902,0.0,12.215968,0.0,10.084661,0.09912768,6.0258102
squeezed_Trà Vinh,2017-08-01,0.0,10.294836,0.0,17.547194,0.0,10.572548,0.0,9.774424,0.09912768,8.132746,0.29738304,6.908818
squeezed_Trà Vinh,2017-09-01,0.0,15.221471,0.0,8.506649,0.0,6.4377775,0.09912768,6.8516226,0.29738304,5.377991,0.39651072,10.368452
squeezed_Trà Vinh,2017-10-01,0.0,9.46387,0.0,5.760661,0.09912768,3.3473644,0.29738304,10.088886,0.39651072,8.904526,1.5860429,5.4785223
squeezed_Trà Vinh,2017-11-01,0.0,5.313902,0.09912768,2.5644832,0.29738304,2.1082828,0.39651072,4.0332003,1.5860429,2.009974,2.5773196,4.107776
squeezed_Trà Vinh,2017-12-01,0.09912768,1.9803592,0.29738304,1.7889287,0.39651072,4.1190023,1.5860429,0.46633562,2.5773196,3.953025,3.1720858,5.2207694
squeezed_Tuyên Quang,2016-01-01,121.91942,159.68936,189.33368,182.03134,132.7422,185.96063,138.08841,180.22089,134.17656,183.88286,115.269264,164.4349
squeezed_Tuyên Quang,2016-02-01,189.33368,153.42322,132.7422,180.86128,138.08841,161.88263,134.17656,155.22935,115.269264,158.9039,140.9571,182.56111
squeezed_Tuyên Quang,2016-03-01,132.7422,187.10533,138.08841,164.40189,134.17656,174.9866,115.269264,174.6793,140.9571,189.70952,185.9434,192.96669
squeezed_Tuyên Quang,2016-04-01,138.08841,168.5762,134.17656,170.7203,115.269264,164.3582,140.9571,178.17422,185.9434,192.57487,148.38962,194.64404
squeezed_Tuyên Quang,2016-05-01,134.17656,208.64192,115.269264,165.86162,140.9571,182.26082,185.9434,185.25095,148.38962,179.90077,149.95436,167.83913
squeezed_Tuyên Quang,2016-06-01,115.269264,148.1934,140.9571,168.67873,185.9434,166.23724,148.38962,172.91022,149.95436,174.65454,107.44556,163.09528
squeezed_Tuyên Quang,2016-07-01,140.9571,155.44336,185.9434,170.99652,148.38962,170.96564,149.95436,171.29085,107.44556,163.61322,0.0,136.36063
squeezed_Tuyên Quang,2016-08-01,185.9434,160.0242,148.38962,158.9154,149.95436,161.07472,107.44556,154.3973,0.0,134.49947,0.0,137.85254
squeezed_Tuyên Quang,2016-09-01,148.38962,191.18066,149.95436,165.01727,107.44556,191.6873,0.0,140.75285,0.0,137.63388,0.0,153.98436
squeezed_Tuyên Quang,2016-10-01,149.95436,146.75682,107.44556,144.40509,0.0,125.50303,0.0,137.42542,0.0,145.91429,0.0,152.34926
squeezed_Tuyên Quang,2016-11-01,107.44556,160.19223,0.0,138.36618,0.0,141.5521,0.0,145.89883,0.0,157.67906,0.0,178.88652
squeezed_Tuyên Quang,2016-12-01,0.0,121.875145,0.0,128.70331,0.0,142.88312,0.0,144.95142,0.0,163.92456,0.0,149.98697
squeezed_Tuyên Quang,2017-01-01,0.0,127.828224,0.0,130.5917,0.0,140.38736,0.0,172.65738,0.0,145.04646,0.0,136.92961
squeezed_Tuyên Quang,2017-02-01,0.0,108.20004,0.0,116.30668,0.0,154.17828,0.0,110.03008,0.0,124.35817,0.0,133.7445
squeezed_Tuyên Quang,2017-03-01,0.0,99.58352,0.0,117.22774,0.0,112.67459,0.0,121.716324,0.0,142.02373,0.0,132.50172
squeezed_Tuyên Quang,2017-04-01,0.0,84.77803,0.0,87.630356,0.0,97.41039,0.0,101.22553,0.0,105.12186,0.0,100.55986
squeezed_Tuyên Quang,2017-05-01,0.0,89.75608,0.0,80.7671,0.0,87.7448,0.0,100.79831,0.0,93.75451,0.0,66.594185
squeezed_Tuyên Quang,2017-06-01,0.0,60.83191,0.0,94.88424,0.0,100.44032,0.0,89.40085,0.0,61.82611,0.0,50.39421
squeezed_Tuyên Quang,2017-07-01,0.0,63.075233,0.0,91.96526,0.0,87.744736,0.0,66.882164,0.0,42.449455,116.92149,31.549213
squeezed_Tuyên Quang,2017-08-01,0.0,155.2483,0.0,67.29074,0.0,74.49861,0.0,48.77651,116.92149,25.36624,144.28883,12.259908
squeezed_Tuyên Quang,2017-09-01,0.0,75.67511,0.0,50.925083,0.0,46.86584,116.92149,22.50135,144.28883,10.218631,119.10574,15.444389
squeezed_Tuyên Quang,2017-10-01,0.0,57.553234,0.0,21.518753,116.92149,28.32597,144.28883,16.091513,119.10574,12.124159,137.09366,18.806568
squeezed_Tuyên Quang,2017-11-01,0.0,30.431961,116.92149,7.245822,144.28883,20.620672,119.10574,13.18313,137.09366,21.312592,131.18335,12.327476
squeezed_Tuyên Quang,2017-12-01,116.92149,8.761203,144.28883,13.08127,119.10574,29.667082,137.09366,16.145882,131.18335,34.869522,145.4452,17.809597
squeezed_Tây Ninh,2016-01-01,4.647837,9.452394,4.2009296,6.7281213,5.362889,4.2631655,7.418663,2.233004,3.7540221,9.161574,6.882374,8.871565
squeezed_Tây Ninh,2016-02-01,4.2009296,6.014434,5.362889,5.126573,7.418663,8.257782,3.7540221,6.584268,6.882374,11.214366,4.9159813,13.370062
squeezed_Tây Ninh,2016-03-01,5.362889,5.5959177,7.418663,6.5953035,3.7540221,11.729595,6.882374,10.493389,4.9159813,16.345333,2.6814444,16.154514
squeezed_Tây Ninh,2016-04-01,7.418663,7.763844,3.7540221,9.362571,6.882374,11.6304865,4.9159813,16.102304,2.6814444,16.703608,2.9495888,17.2268
squeezed_Tây Ninh,2016-05-01,3.7540221,12.402233,6.882374,12.850965,4.9159813,16.07674,2.6814444,24.344467,2.9495888,22.733057,3.3071148,16.20242
squeezed_Tây Ninh,2016-06-01,6.882374,11.389754,4.9159813,15.860581,2.6814444,17.159622,2.9495888,20.402521,3.3071148,16.118223,1.4301037,13.203478
squeezed_Tây Ninh,2016-07-01,4.9159813,19.47883,2.6814444,14.023981,2.9495888,22.587624,3.3071148,13.575524,1.4301037,13.094893,3.1274433,8.153804
squeezed_Tây Ninh,2016-08-01,2.6814444,19.39164,2.9495888,18.656313,3.3071148,10.254941,1.4301037,9.525468,3.1274433,8.961633,2.432456,4.707891
squeezed_Tây Ninh,2016-09-01,2.9495888,16.409292,3.3071148,6.174268,1.4301037,8.426294,3.1274433,7.0053854,2.432456,6.1638036,3.1274433,8.918914
squeezed_Tây Ninh,2016-10-01,3.3071148,7.8299413,1.4301037,3.407921,3.1274433,7.2168775,2.432456,3.031621,3.1274433,5.0930085,5.0386586,2.5654528
squeezed_Tây Ninh,2016-11-01,1.4301037,12.006572,3.1274433,3.7075574,2.432456,4.2809863,3.1274433,3.6501894,5.0386586,4.0654364,3.7355573,-0.049998783
squeezed_Tây Ninh,2016-12-01,3.1274433,4.7145133,2.432456,2.4417477,3.1274433,5.5920496,5.0386586,0.90708053,3.7355573,9.679538,6.168013,13.679622
squeezed_Tây Ninh,2017-01-01,2.432456,7.591835,3.1274433,3.9309711,5.0386586,3.9307396,3.7355573,6.3984995,6.168013,79.82507,6.4286337,12.867777
squeezed_Tây Ninh,2017-02-01,3.1274433,4.4668126,5.0386586,4.199945,3.7355573,7.911859,6.168013,16.816046,6.4286337,8.842,8.3398485,16.83252
squeezed_Tây Ninh,2017-03-01,5.0386586,8.318921,3.7355573,8.340207,6.168013,8.457623,6.4286337,11.189479,8.3398485,14.167713,10.164191,16.592634
squeezed_Tây Ninh,2017-04-01,3.7355573,9.421101,6.168013,9.209664,6.4286337,12.39726,8.3398485,18.411512,10.164191,19.903896,8.86109,23.432375
squeezed_Tây Ninh,2017-05-01,6.168013,12.722829,6.4286337,10.998937,8.3398485,12.9242735,10.164191,19.198832,8.86109,17.289303,6.7761273,16.787169
squeezed_Tây Ninh,2017-06-01,6.4286337,12.964594,8.3398485,6.880644,10.164191,16.793327,8.86109,20.116564,6.7761273,14.67842,5.5598993,9.322371
squeezed_Tây Ninh,2017-07-01,8.3398485,14.92975,10.164191,12.394368,8.86109,21.402334,6.7761273,16.187393,5.5598993,9.606834,7.6677866,6.821418
squeezed_Tây Ninh,2017-08-01,10.164191,14.088406,8.86109,18.437634,6.7761273,14.142166,5.5598993,11.008097,7.6677866,10.667378,5.772379,6.301417
squeezed_Tây Ninh,2017-09-01,8.86109,17.557943,6.7761273,15.666552,5.5598993,7.5945935,7.6677866,13.850932,5.772379,7.162282,6.461618,10.9899435
squeezed_Tây Ninh,2017-10-01,6.7761273,14.647895,5.5598993,4.9962792,7.6677866,4.746098,5.772379,10.668515,6.461618,8.992369,6.461618,3.3584342
squeezed_Tây Ninh,2017-11-01,5.5598993,7.935294,7.6677866,6.516475,5.772379,4.4982667,6.461618,10.13599,6.461618,6.5778666,5.9446883,9.383637
squeezed_Tây Ninh,2017-12-01,7.6677866,6.0464787,5.772379,3.6056185,6.461618,11.090832,6.461618,6.915163,5.9446883,13.149071,8.012406,7.276536
squeezed_Vĩnh Phúc,2016-01-01,109.193245,127.32811,154.5028,126.95982,106.94184,135.7084,112.945595,125.2141,102.2514,152.29941,105.34709,116.0912
squeezed_Vĩnh Phúc,2016-02-01,154.5028,124.48204,106.94184,143.61513,112.945595,131.97849,102.2514,116.8527,105.34709,119.06884,114.35272,126.9798
squeezed_Vĩnh Phúc,2016-03-01,106.94184,144.3803,112.945595,130.9699,102.2514,167.14453,105.34709,121.25127,114.35272,127.33706,109.756096,129.46568
squeezed_Vĩnh Phúc,2016-04-01,112.945595,110.07164,102.2514,163.24924,105.34709,115.60581,114.35272,124.44735,109.756096,117.823586,117.16698,230.72104
squeezed_Vĩnh Phúc,2016-05-01,102.2514,155.76973,105.34709,111.63198,114.35272,122.8149,109.756096,122.41469,117.16698,215.02531,98.9681,112.79072
squeezed_Vĩnh Phúc,2016-06-01,105.34709,99.553665,114.35272,107.25273,109.756096,107.840096,117.16698,117.16766,98.9681,111.12296,28.611631,125.98848
squeezed_Vĩnh Phúc,2016-07-01,114.35272,113.57672,109.756096,120.14459,117.16698,124.286224,98.9681,113.18998,28.611631,113.9872,86.36809,106.57748
squeezed_Vĩnh Phúc,2016-08-01,109.756096,127.940254,117.16698,131.7535,98.9681,110.77568,28.611631,116.348495,86.36809,103.34541,81.738045,103.236465
squeezed_Vĩnh Phúc,2016-09-01,117.16698,121.86241,98.9681,117.37273,28.611631,109.31124,86.36809,107.522125,81.738045,102.77852,0.0,105.17835
squeezed_Vĩnh Phúc,2016-10-01,98.9681,104.274956,28.611631,107.53974,86.36809,108.70865,81.738045,105.28501,0.0,106.67954,96.51856,110.301445
squeezed_Vĩnh Phúc,2016-11-01,28.611631,104.93081,86.36809,97.179214,81.738045,108.592125,0.0,104.97387,96.51856,115.89118,75.23818,140.64427
squeezed_Vĩnh Phúc,2016-12-01,86.36809,83.54055,81.738045,84.94382,0.0,103.657646,96.51856,102.56535,75.23818,121.6096,80.22438,106.765465
squeezed_Vĩnh Phúc,2017-01-01,81.738045,96.848885,0.0,106.91069,96.51856,105.60175,75.23818,115.90674,80.22438,103.016106,76.39569,108.80102
squeezed_Vĩnh Phúc,2017-02-01,0.0,96.922615,96.51856,106.581635,75.23818,119.49441,80.22438,91.9422,76.39569,99.51767,0.0,107.03443
squeezed_Vĩnh Phúc,2017-03-01,96.51856,95.7725,75.23818,87.69058,80.22438,93.72006,76.39569,130.38397,0.0,104.29685,77.64224,88.37921
squeezed_Vĩnh Phúc,2017-04-01,75.23818,83.52221,80.22438,126.42845,76.39569,95.63519,0.0,95.08185,77.64224,84.82122,86.813286,88.84035
squeezed_Vĩnh Phúc,2017-05-01,80.22438,91.63333,76.39569,102.823166,0.0,95.593895,77.64224,79.04382,86.813286,77.38551,77.82032,103.87623
squeezed_Vĩnh Phúc,2017-06-01,76.39569,103.47555,0.0,86.72108,77.64224,82.90143,86.813286,74.74245,77.82032,126.2549,0.0,67.81117
squeezed_Vĩnh Phúc,2017-07-01,0.0,85.402626,77.64224,90.095215,86.813286,90.54332,77.82032,75.44755,0.0,70.51988,0.0,62.282593
squeezed_Vĩnh Phúc,2017-08-01,77.64224,88.44778,86.813286,70.911224,77.82032,63.366463,0.0,63.69973,0.0,58.5295,0.0,51.40535
squeezed_Vĩnh Phúc,2017-09-01,86.813286,60.694492,77.82032,66.19757,0.0,55.11404,0.0,41.66279,0.0,46.66102,0.0,62.78772
squeezed_Vĩnh Phúc,2017-10-01,77.82032,87.48041,0.0,65.80094,0.0,65.4782,0.0,57.786945,0.0,57.53101,0.0,67.55484
squeezed_Vĩnh Phúc,2017-11-01,0.0,73.29604,0.0,61.6204,0.0,58.46272,0.0,63.878765,0.0,68.68963,0.0,81.90532
squeezed_Vĩnh Phúc,2017-12-01,0.0,54.523563,0.0,49.261513,0.0,57.44363,0.0,81.729324,0.0,61.47317,0.0,87.56513
squeezed_Yên Bái,2016-01-01,45.869267,80.13479,118.23522,84.6848,131.60855,77.2925,67.866516,102.621994,50.993626,76.67213,55.868015,74.80039
squeezed_Yên Bái,2016-02-01,118.23522,73.55726,131.60855,80.6712,67.866516,69.47391,50.993626,69.9068,55.868015,76.899536,101.86227,83.62482
squeezed_Yên Bái,2016-03-01,131.60855,90.87262,67.866516,92.71709,50.993626,84.6576,55.868015,95.60101,101.86227,93.91931,128.109,110.19451
squeezed_Yên Bái,2016-04-01,67.866516,97.712715,50.993626,90.73127,55.868015,93.58575,101.86227,105.829155,128.109,107.34045,94.363205,110.28603
squeezed_Yên Bái,2016-05-01,50.993626,79.4098,55.868015,93.590576,101.86227,98.0049,128.109,102.73302,94.363205,96.53561,81.6148,82.46843
squeezed_Yên Bái,2016-06-01,55.868015,79.732635,101.86227,83.228096,128.109,94.839,94.363205,91.039566,81.6148,82.89648,3.624547,103.9246
squeezed_Yên Bái,2016-07-01,101.86227,76.76685,128.109,89.64046,94.363205,91.58272,81.6148,79.55689,3.624547,89.01451,48.804657,99.63055
squeezed_Yên Bái,2016-08-01,128.109,101.147995,94.363205,138.69533,81.6148,88.57259,3.624547,90.921425,48.804657,112.39394,88.6907,76.07684
squeezed_Yên Bái,2016-09-01,94.363205,108.62756,81.6148,90.32606,3.624547,95.61598,48.804657,86.54565,88.6907,71.01515,108.50985,89.11933
squeezed_Yên Bái,2016-10-01,81.6148,88.93757,3.624547,87.59868,48.804657,87.22943,88.6907,81.34707,108.50985,94.172226,118.54329,95.271416
squeezed_Yên Bái,2016-11-01,3.624547,82.25802,48.804657,108.304085,88.6907,78.70001,108.50985,92.23222,118.54329,93.30651,77.79016,99.2139
squeezed_Yên Bái,2016-12-01,48.804657,85.06838,88.6907,53.528866,108.50985,85.33468,118.54329,94.09493,77.79016,72.83447,63.04967,81.10902
squeezed_Yên Bái,2017-01-01,88.6907,59.790623,108.50985,80.735596,118.54329,89.783646,77.79016,83.51049,63.04967,85.54356,57.599407,71.6205
squeezed_Yên Bái,2017-02-01,108.50985,86.49874,118.54329,96.04418,77.79016,87.10892,63.04967,79.03305,57.599407,79.31341,80.63917,89.564705
squeezed_Yên Bái,2017-03-01,118.54329,101.84031,77.79016,98.71635,63.04967,94.810875,57.599407,90.00974,80.63917,97.64708,91.78744,93.68502
squeezed_Yên Bái,2017-04-01,77.79016,94.76589,63.04967,96.966125,57.599407,98.83566,80.63917,108.6414,91.78744,104.56238,85.09847,96.568634
squeezed_Yên Bái,2017-05-01,63.04967,85.07111,57.599407,88.707146,80.63917,104.57812,91.78744,105.054054,85.09847,94.59294,68.62381,78.04566
squeezed_Yên Bái,2017-06-01,57.599407,78.51491,80.63917,90.853905,91.78744,98.63474,85.09847,99.23044,68.62381,79.59173,70.85346,71.19621
squeezed_Yên Bái,2017-07-01,80.63917,88.193756,91.78744,85.22561,85.09847,87.811584,68.62381,86.33519,70.85346,70.96428,47.753498,70.06781
squeezed_Yên Bái,2017-08-01,91.78744,82.014435,85.09847,88.16349,68.62381,79.9035,70.85346,80.40944,47.753498,69.27868,34.495457,72.95856
squeezed_Yên Bái,2017-09-01,85.09847,88.459015,68.62381,89.79903,70.85346,77.24046,47.753498,75.636795,34.495457,72.99094,47.38522,89.03083
squeezed_Yên Bái,2017-10-01,68.62381,77.21683,70.85346,74.03276,47.753498,70.395065,34.495457,81.85919,47.38522,82.627365,41.00172,87.980576
squeezed_Yên Bái,2017-11-01,70.85346,70.326614,47.753498,57.49014,34.495457,70.230644,47.38522,91.108284,41.00172,89.724976,38.178246,82.10938
squeezed_Yên Bái,2017-12-01,47.753498,66.764694,34.495457,65.405975,47.38522,89.85208,41.00172,93.87845,38.178246,77.344185,30.812668,72.42967
squeezed_Điện Biên,2016-01-01,189.80983,207.86705,229.6376,207.43924,214.02942,205.24646,222.10262,215.95175,183.17188,199.00404,177.96915,197.9489
squeezed_Điện Biên,2016-02-01,229.6376,199.80557,214.02942,197.46948,222.10262,216.6224,183.17188,206.6222,177.96915,199.3087,228.74059,223.35071
squeezed_Điện Biên,2016-03-01,214.02942,203.26387,222.10262,202.68341,183.17188,204.98436,177.96915,206.62843,228.74059,222.60811,205.77682,251.82779
squeezed_Điện Biên,2016-04-01,222.10262,195.79793,183.17188,199.58131,177.96915,198.3152,228.74059,227.65965,205.77682,268.5971,188.0158,281.81802
squeezed_Điện Biên,2016-05-01,183.17188,213.06265,177.96915,215.94725,228.74059,235.94363,205.77682,275.04205,188.0158,288.68472,232.68748,275.80984
squeezed_Điện Biên,2016-06-01,177.96915,209.61765,228.74059,237.65251,205.77682,270.7974,188.0158,282.5239,232.68748,268.98795,0.0,250.98856
squeezed_Điện Biên,2016-07-01,228.74059,221.79912,205.77682,259.96326,188.0158,287.301,232.68748,274.26874,0.0,279.43118,117.535385,253.65782
squeezed_Điện Biên,2016-08-01,205.77682,266.40216,188.0158,282.9431,232.68748,271.95978,0.0,252.31953,117.535385,222.81331,0.0,195.95857
squeezed_Điện Biên,2016-09-01,188.0158,258.43384,232.68748,241.68327,0.0,235.68753,117.535385,204.68307,0.0,191.97678,0.0,205.63315
squeezed_Điện Biên,2016-10-01,232.68748,216.91943,0.0,209.87181,117.535385,192.8762,0.0,194.68817,0.0,197.35283,163.96272,206.19272
squeezed_Điện Biên,2016-11-01,0.0,228.95306,117.535385,196.46997,0.0,186.40979,0.0,219.67238,163.96272,219.11339,181.91232,213.30768
squeezed_Điện Biên,2016-12-01,117.535385,168.24438,0.0,158.25603,0.0,208.93106,163.96272,212.8805,181.91232,193.67493,179.32344,204.7747
squeezed_Điện Biên,2017-01-01,0.0,161.12675,0.0,204.17659,163.96272,188.90637,181.91232,182.7768,179.32344,177.80663,0.0,212.1598
squeezed_Điện Biên,2017-02-01,0.0,171.15407,163.96272,166.14828,181.91232,183.62157,179.32344,216.30495,0.0,205.37569,205.38489,216.70087
squeezed_Điện Biên,2017-03-01,163.96272,140.5363,181.91232,119.567055,179.32344,168.41347,0.0,192.67567,205.38489,198.18405,283.05142,179.78659
squeezed_Điện Biên,2017-04-01,181.91232,153.32127,179.32344,156.93433,0.0,172.34517,205.38489,207.84425,283.05142,195.15381,0.0,179.91858
squeezed_Điện Biên,2017-05-01,179.32344,190.75276,0.0,182.3574,205.38489,192.05902,283.05142,188.94518,0.0,189.17546,202.10562,169.75613
squeezed_Điện Biên,2017-06-01,0.0,195.85141,205.38489,206.23836,283.05142,186.55708,0.0,194.61096,202.10562,179.09523,0.0,135.74168
squeezed_Điện Biên,2017-07-01,205.38489,245.99805,283.05142,166.42488,0.0,182.60872,202.10562,160.89952,0.0,133.78996,0.0,104.51657
squeezed_Điện Biên,2017-08-01,283.05142,187.16443,0.0,181.9156,202.10562,161.49663,0.0,125.18861,0.0,111.4818,159.35648,102.99788
squeezed_Điện Biên,2017-09-01,0.0,222.99321,202.10562,191.5612,0.0,126.867,0.0,124.90095,159.35648,117.39977,0.0,119.359215
squeezed_Điện Biên,2017-10-01,202.10562,139.11795,0.0,116.16014,0.0,119.0337,159.35648,92.34278,0.0,130.98523,0.0,144.36218
squeezed_Điện Biên,2017-11-01,0.0,141.22594,0.0,111.274536,159.35648,121.92094,0.0,153.87753,0.0,148.37927,0.0,159.64276
squeezed_Điện Biên,2017-12-01,0.0,115.99291,159.35648,83.95365,0.0,147.56535,0.0,128.66194,0.0,153.02646,0.0,150.52402
squeezed_Đà Nẵng,2016-01-01,49.034603,47.78616,43.681896,49.91957,52.857964,44.944633,29.05754,41.797855,53.71822,44.634136,33.35882,48.935497
squeezed_Đà Nẵng,2016-02-01,43.681896,51.73664,52.857964,48.488346,29.05754,40.371193,53.71822,44.691994,33.35882,55.82414,51.424202,42.15145
squeezed_Đà Nẵng,2016-03-01,52.857964,44.917458,29.05754,38.369965,53.71822,43.593906,33.35882,44.80447,51.424202,54.076553,48.174347,51.094475
squeezed_Đà Nẵng,2016-04-01,29.05754,29.512108,53.71822,42.052616,33.35882,64.672,51.424202,36.428173,48.174347,48.327724,35.270504,57.494778
squeezed_Đà Nẵng,2016-05-01,53.71822,32.87892,33.35882,39.310444,51.424202,33.23924,48.174347,37.109394,35.270504,57.918644,35.844006,63.52965
squeezed_Đà Nẵng,2016-06-01,33.35882,55.10292,51.424202,52.064278,48.174347,54.565075,35.270504,46.85493,35.844006,68.62826,35.844006,91.21903
squeezed_Đà Nẵng,2016-07-01,51.424202,39.341488,48.174347,42.46289,35.270504,50.376648,35.844006,63.778976,35.844006,99.06606,83.07524,65.87947
squeezed_Đà Nẵng,2016-08-01,48.174347,42.49822,35.270504,51.445892,35.844006,53.822704,35.844006,50.05705,83.07524,49.51823,27.23629,54.512535
squeezed_Đà Nẵng,2016-09-01,35.270504,69.7515,35.844006,60.563934,35.844006,69.90643,83.07524,46.152943,27.23629,44.2615,59.027145,55.725845
squeezed_Đà Nẵng,2016-10-01,35.844006,60.965324,35.844006,53.944447,83.07524,57.513702,27.23629,51.59167,59.027145,57.679478,38.167244,53.21982
squeezed_Đà Nẵng,2016-11-01,35.844006,71.838936,83.07524,56.190258,27.23629,49.045998,59.027145,49.370625,38.167244,59.760593,49.18929,51.777515
squeezed_Đà Nẵng,2016-12-01,83.07524,116.99526,27.23629,45.288624,59.027145,67.47539,38.167244,44.320213,49.18929,57.35093,16.760794,45.543076
squeezed_Đà Nẵng,2017-01-01,27.23629,59.62014,59.027145,68.00422,38.167244,58.049458,49.18929,50.148304,16.760794,45.860733,19.402441,45.49594
squeezed_Đà Nẵng,2017-02-01,59.027145,51.404037,38.167244,43.934147,49.18929,45.74192,16.760794,30.964779,19.402441,42.708202,0.0,47.939465
squeezed_Đà Nẵng,2017-03-01,38.167244,29.146244,49.18929,41.642273,16.760794,36.57933,19.402441,29.951899,0.0,43.17923,0.0,45.217995
squeezed_Đà Nẵng,2017-04-01,49.18929,37.044853,16.760794,36.620975,19.402441,40.93909,0.0,34.326115,0.0,75.750465,0.0,49.348396
squeezed_Đà Nẵng,2017-05-01,16.760794,42.201473,19.402441,45.86229,0.0,38.693623,0.0,38.80713,0.0,48.277294,0.0,77.19553
squeezed_Đà Nẵng,2017-06-01,19.402441,36.9784,0.0,31.723225,0.0,48.573013,0.0,36.86738,0.0,102.54217,0.0,48.134575
squeezed_Đà Nẵng,2017-07-01,0.0,32.98892,0.0,36.220085,0.0,78.87483,0.0,103.63891,0.0,65.41562,25.125628,44.52794
squeezed_Đà Nẵng,2017-08-01,0.0,34.2591,0.0,36.993816,0.0,48.76159,0.0,44.927395,25.125628,35.37972,23.241205,43.74844
squeezed_Đà Nẵng,2017-09-01,0.0,35.967888,0.0,27.029552,0.0,44.02939,25.125628,17.191925,23.241205,35.16984,25.753769,41.30343
squeezed_Đà Nẵng,2017-10-01,0.0,22.252218,0.0,37.119316,25.125628,21.876633,23.241205,25.766947,25.753769,25.517956,21.805456,26.046919
squeezed_Đà Nẵng,2017-11-01,0.0,48.585945,25.125628,10.796283,23.241205,27.108185,25.753769,21.336721,21.805456,33.486454,24.676956,22.30366
squeezed_Đà Nẵng,2017-12-01,25.125628,0.37401256,23.241205,19.359869,25.753769,22.62771,21.805456,20.110256,24.676956,21.797468,0.0,16.92098
squeezed_Đắk Lắk,2016-01-01,54.681248,89.388336,64.81728,70.50856,66.364365,67.14202,68.49827,74.72399,61.349693,82.746635,52.28061,82.96264
squeezed_Đắk Lắk,2016-02-01,64.81728,68.10068,66.364365,64.52697,68.49827,61.11954,61.349693,75.03455,52.28061,83.70835,84.82262,84.90731
squeezed_Đắk Lắk,2016-03-01,66.364365,63.257774,68.49827,58.49622,61.349693,64.7462,52.28061,76.34322,84.82262,96.314644,83.32889,93.73302
squeezed_Đắk Lắk,2016-04-01,68.49827,50.19206,61.349693,59.419773,52.28061,72.79098,84.82262,83.465324,83.32889,87.501526,88.71699,82.38268
squeezed_Đắk Lắk,2016-05-01,61.349693,70.02223,52.28061,66.62034,84.82262,92.76189,83.32889,96.91882,88.71699,85.48954,61.136303,77.634605
squeezed_Đắk Lắk,2016-06-01,52.28061,74.77135,84.82262,82.62379,83.32889,88.99138,88.71699,84.5892,61.136303,75.692245,7.3086157,66.34859
squeezed_Đắk Lắk,2016-07-01,84.82262,70.596634,83.32889,76.460014,88.71699,75.76265,61.136303,70.34767,7.3086157,64.13881,48.640762,53.44594
squeezed_Đắk Lắk,2016-08-01,83.32889,80.00069,88.71699,80.61805,61.136303,76.0054,7.3086157,62.868187,48.640762,55.07894,51.88348,51.629692
squeezed_Đắk Lắk,2016-09-01,88.71699,87.48597,61.136303,88.46908,7.3086157,66.46994,48.640762,54.962646,51.88348,52.040573,67.61066,57.38301
squeezed_Đắk Lắk,2016-10-01,61.136303,88.288734,7.3086157,74.06438,48.640762,68.1087,51.88348,57.783615,67.61066,57.264168,46.641087,56.85008
squeezed_Đắk Lắk,2016-11-01,7.3086157,69.54366,48.640762,59.61718,51.88348,53.563663,67.61066,66.802216,46.641087,61.66303,54.801926,55.79837
squeezed_Đắk Lắk,2016-12-01,48.640762,54.33095,51.88348,33.85164,67.61066,49.353584,46.641087,55.37661,54.801926,54.857903,63.935577,51.17159
squeezed_Đắk Lắk,2017-01-01,51.88348,40.398567,67.61066,37.975906,46.641087,51.1348,54.801926,35.672832,63.935577,43.80058,64.746254,52.402035
squeezed_Đắk Lắk,2017-02-01,67.61066,47.976517,46.641087,44.77114,54.801926,45.701794,63.935577,41.45339,64.746254,52.247612,80.3113,64.55362
squeezed_Đắk Lắk,2017-03-01,46.641087,43.91733,54.801926,53.102474,63.935577,56.207222,64.746254,55.088985,80.3113,56.59493,82.74334,68.70954
squeezed_Đắk Lắk,2017-04-01,54.801926,47.48876,63.935577,48.29965,64.746254,51.79596,80.3113,67.73493,82.74334,74.93804,83.06761,68.19669
squeezed_Đắk Lắk,2017-05-01,63.935577,49.297745,64.746254,57.408623,80.3113,57.274464,82.74334,70.95137,83.06761,70.96164,84.68897,75.39787
squeezed_Đắk Lắk,2017-06-01,64.746254,63.667496,80.3113,67.30594,82.74334,67.777145,83.06761,73.85878,84.68897,65.48442,62.260174,59.055008
squeezed_Đắk Lắk,2017-07-01,80.3113,67.92329,82.74334,69.20302,83.06761,67.58462,84.68897,61.604065,62.260174,58.04881,115.713135,49.66016
squeezed_Đắk Lắk,2017-08-01,82.74334,66.10617,83.06761,72.821335,84.68897,68.12651,62.260174,58.590824,115.713135,51.25522,160.24712,51.249874
squeezed_Đắk Lắk,2017-09-01,83.06761,76.81359,84.68897,77.16429,62.260174,63.028576,115.713135,49.656193,160.24712,49.409935,48.401825,56.897617
squeezed_Đắk Lắk,2017-10-01,84.68897,81.22189,62.260174,67.0772,115.713135,56.68562,160.24712,55.67558,48.401825,51.671844,48.939026,59.19075
squeezed_Đắk Lắk,2017-11-01,62.260174,74.144585,115.713135,58.011242,160.24712,61.479218,48.401825,61.432716,48.939026,64.48314,58.82353,61.046684
squeezed_Đắk Lắk,2017-12-01,115.713135,59.967194,160.24712,56.97342,48.401825,63.379734,48.939026,64.095055,58.82353,64.30851,62.906258,66.37766
squeezed_Đắk Nông,2016-01-01,12.553683,26.225435,11.067063,14.587514,8.589362,18.610186,11.727783,18.75509,13.709944,37.847176,18.830524,22.995428
squeezed_Đắk Nông,2016-02-01,11.067063,17.192629,8.589362,23.01897,11.727783,12.233359,13.709944,27.881098,18.830524,23.631777,18.995705,27.50254
squeezed_Đắk Nông,2016-03-01,8.589362,15.760116,11.727783,9.690813,13.709944,17.382772,18.830524,19.624205,18.995705,28.824972,15.031384,30.028711
squeezed_Đắk Nông,2016-04-01,11.727783,77.79176,13.709944,14.821356,18.830524,20.309858,18.995705,26.154024,15.031384,36.960224,14.040304,40.86889
squeezed_Đắk Nông,2016-05-01,13.709944,93.169106,18.830524,28.723808,18.995705,26.166563,15.031384,44.838947,14.040304,39.47882,15.196565,47.910942
squeezed_Đắk Nông,2016-06-01,18.830524,34.013752,18.995705,28.913591,15.031384,27.977995,14.040304,42.919144,15.196565,64.47516,1.1562604,44.02895
squeezed_Đắk Nông,2016-07-01,18.995705,28.838715,15.031384,38.160553,14.040304,39.17113,15.196565,48.567005,1.1562604,24.748152,3.8022814,17.379631
squeezed_Đắk Nông,2016-08-01,15.031384,30.58803,14.040304,44.766876,15.196565,37.60227,1.1562604,29.792925,3.8022814,19.588467,10.0843115,12.807469
squeezed_Đắk Nông,2016-09-01,14.040304,62.828278,15.196565,43.235294,1.1562604,29.795807,3.8022814,11.459012,10.0843115,13.260439,9.588362,24.438906
squeezed_Đắk Nông,2016-10-01,15.196565,45.753838,1.1562604,30.233906,3.8022814,19.425226,10.0843115,6.4096417,9.588362,20.331108,6.1167135,18.640797
squeezed_Đắk Nông,2016-11-01,1.1562604,21.111624,3.8022814,13.171399,10.0843115,7.197992,9.588362,18.34964,6.1167135,20.779877,7.439246,15.966581
squeezed_Đắk Nông,2016-12-01,3.8022814,9.8580675,10.0843115,7.215227,9.588362,31.755459,6.1167135,17.15157,7.439246,22.56102,11.572161,20.702702
squeezed_Đắk Nông,2017-01-01,10.0843115,17.046936,9.588362,12.100255,6.1167135,34.360764,7.439246,16.839043,11.572161,23.720266,8.265829,29.259968
squeezed_Đắk Nông,2017-02-01,9.588362,20.289349,6.1167135,8.635303,7.439246,22.934048,11.572161,22.327452,8.265829,23.74634,9.092412,30.146801
squeezed_Đắk Nông,2017-03-01,6.1167135,12.953742,7.439246,10.138412,11.572161,22.625898,8.265829,24.90166,9.092412,27.428644,7.935196,34.04257
squeezed_Đắk Nông,2017-04-01,7.439246,11.004416,11.572161,35.04493,8.265829,23.147438,9.092412,36.965538,7.935196,24.18531,5.7860804,43.239532
squeezed_Đắk Nông,2017-05-01,11.572161,74.004105,8.265829,23.39944,9.092412,30.20215,7.935196,38.06438,5.7860804,38.425373,6.77798,40.656544
squeezed_Đắk Nông,2017-06-01,8.265829,28.820374,9.092412,32.16746,7.935196,33.24251,5.7860804,49.31118,6.77798,25.934813,4.1329145,31.517235
squeezed_Đắk Nông,2017-07-01,9.092412,331.64688,7.935196,32.153183,5.7860804,43.24858,6.77798,36.39442,4.1329145,31.025375,5.524862,20.711138
squeezed_Đắk Nông,2017-08-01,7.935196,40.46188,5.7860804,38.149277,6.77798,33.26848,4.1329145,31.264727,5.524862,20.45958,5.19987,14.301708
squeezed_Đắk Nông,2017-09-01,5.7860804,21.47529,6.77798,29.280966,4.1329145,24.500887,5.524862,18.027727,5.19987,15.524965,6.987325,27.572563
squeezed_Đắk Nông,2017-10-01,6.77798,20.06628,4.1329145,17.437914,5.524862,14.129432,5.19987,22.778976,6.987325,28.746264,5.3623657,16.005713
squeezed_Đắk Nông,2017-11-01,4.1329145,13.98256,5.524862,7.423821,5.19987,12.784677,6.987325,24.671217,5.3623657,10.92571,5.687358,22.000591
squeezed_Đắk Nông,2017-12-01,5.524862,7.4023933,5.19987,7.110066,6.987325,26.871521,5.3623657,18.100193,5.687358,25.914268,6.8248296,19.33077
squeezed_Đồng Tháp,2016-01-01,143.30588,196.35088,182.12529,201.60721,199.8459,177.86147,198.77911,197.5045,172.05002,184.15575,204.64647,175.52164
squeezed_Đồng Tháp,2016-02-01,182.12529,186.21568,199.8459,174.44102,198.77911,174.83981,172.05002,173.95164,204.64647,173.70438,165.0566,174.20529
squeezed_Đồng Tháp,2016-03-01,199.8459,199.71245,198.77911,187.07434,172.05002,176.80043,204.64647,174.99193,165.0566,183.02196,159.12997,185.62971
squeezed_Đồng Tháp,2016-04-01,198.77911,190.50174,172.05002,171.50856,204.64647,176.72255,165.0566,175.26222,159.12997,212.67268,213.24008,191.76776
squeezed_Đồng Tháp,2016-05-01,172.05002,188.24695,204.64647,181.5376,165.0566,204.6746,159.12997,217.74118,213.24008,199.21196,191.19302,191.73332
squeezed_Đồng Tháp,2016-06-01,204.64647,181.43135,165.0566,188.08798,159.12997,191.81075,213.24008,219.24782,191.19302,188.59459,55.769573,192.73561
squeezed_Đồng Tháp,2016-07-01,165.0566,203.21167,159.12997,201.17189,213.24008,200.47379,191.19302,193.75691,55.769573,201.81253,118.387596,178.89966
squeezed_Đồng Tháp,2016-08-01,159.12997,179.01747,213.24008,191.146,191.19302,187.71016,55.769573,185.45226,118.387596,169.44708,172.46512,174.40784
squeezed_Đồng Tháp,2016-09-01,213.24008,173.84836,191.19302,169.04262,55.769573,176.97662,118.387596,170.20616,172.46512,166.45717,149.95349,168.60269
squeezed_Đồng Tháp,2016-10-01,191.19302,190.14427,55.769573,188.84454,118.387596,174.86975,172.46512,177.12697,149.95349,175.7879,147.65892,188.2717
squeezed_Đồng Tháp,2016-11-01,55.769573,188.73413,118.387596,176.95078,172.46512,175.81087,149.95349,171.20895,147.65892,188.03726,155.41086,178.14615
squeezed_Đồng Tháp,2016-12-01,118.387596,146.04388,172.46512,153.75374,149.95349,157.77582,147.65892,172.4562,155.41086,162.95006,300.46512,164.38948
squeezed_Đồng Tháp,2017-01-01,172.46512,136.81969,149.95349,156.83263,147.65892,183.52438,155.41086,148.03035,300.46512,157.17397,215.56589,175.43341
squeezed_Đồng Tháp,2017-02-01,149.95349,161.61125,147.65892,160.64137,155.41086,166.54657,300.46512,163.23824,215.56589,173.77573,174.69768,174.5605
squeezed_Đồng Tháp,2017-03-01,147.65892,158.57907,155.41086,157.05011,300.46512,162.81903,215.56589,161.58034,174.69768,168.25424,228.71318,178.48593
squeezed_Đồng Tháp,2017-04-01,155.41086,155.71529,300.46512,159.55786,215.56589,170.75854,174.69768,164.32417,228.71318,165.62163,240.93024,182.82979
squeezed_Đồng Tháp,2017-05-01,300.46512,157.64944,215.56589,160.53792,174.69768,166.68753,228.71318,173.69414,240.93024,174.82483,171.28682,163.26201
squeezed_Đồng Tháp,2017-06-01,215.56589,209.95615,174.69768,200.30023,228.71318,198.20592,240.93024,191.13629,171.28682,188.61539,171.969,174.40237
squeezed_Đồng Tháp,2017-07-01,174.69768,215.88281,228.71318,206.9829,240.93024,231.00853,171.28682,202.90796,171.969,188.23053,168.23361,167.86884
squeezed_Đồng Tháp,2017-08-01,228.71318,182.12152,240.93024,198.94783,171.28682,184.8831,171.969,166.29243,168.23361,161.64822,157.83575,165.65865
squeezed_Đồng Tháp,2017-09-01,240.93024,198.58632,171.28682,192.6579,171.969,175.64322,168.23361,169.04498,157.83575,170.80476,225.63976,172.19923
squeezed_Đồng Tháp,2017-10-01,171.28682,213.12363,171.969,193.07993,168.23361,181.9868,157.83575,187.33511,225.63976,175.49799,161.82056,178.4152
squeezed_Đồng Tháp,2017-11-01,171.969,170.17923,168.23361,160.2769,157.83575,171.9808,225.63976,182.83131,161.82056,178.12987,177.32396,194.41718
squeezed_Đồng Tháp,2017-12-01,168.23361,161.84154,157.83575,166.87393,225.63976,182.8917,161.82056,176.00568,177.32396,187.80731,145.32097,218.22873
