province,date,actual_t+1,pred_t+1,actual_t+2,pred_t+2,actual_t+3,pred_t+3,actual_t+4,pred_t+4,actual_t+5,pred_t+5,actual_t+6,pred_t+6
squeezed_An Giang,2017-12-01,38.011395,8.345532,41.42931,8.242892,41.58467,8.126248,27.964785,8.30623,29.207664,8.233488,29.052305,7.8795047
squeezed_BR Vũng Tàu,2016-01-01,11.355311,12.698162,18.498169,12.571113,16.575092,12.453604,11.263737,12.642006,4.85348,12.572441,4.2124543,12.173072
squeezed_BR Vũng Tàu,2016-02-01,18.498169,17.905457,16.575092,17.760351,11.263737,17.619741,4.85348,17.841808,4.2124543,17.72497,19.322344,17.297396
squeezed_BR Vũng Tàu,2016-03-01,16.575092,19.937778,11.263737,19.781649,4.85348,19.648073,4.2124543,19.8852,19.322344,19.696527,17.124542,19.328661
squeezed_BR Vũng Tàu,2016-04-01,11.263737,21.275202,4.85348,21.117422,4.2124543,20.974226,19.322344,21.234808,17.124542,20.988203,10.897436,20.64731
squeezed_BR Vũng Tàu,2016-05-01,4.85348,20.181938,4.2124543,20.040958,19.322344,19.902567,17.124542,20.166994,10.897436,19.90365,2.4725275,19.594627
squeezed_BR Vũng Tàu,2016-06-01,4.2124543,18.928316,19.322344,18.801067,17.124542,18.67308,10.897436,18.92253,2.4725275,18.671598,2.4725275,18.371214
squeezed_BR Vũng Tàu,2016-07-01,19.322344,18.299526,17.124542,18.161842,10.897436,18.018866,2.4725275,18.282377,2.4725275,18.050505,5.322924,17.717756
squeezed_BR Vũng Tàu,2016-08-01,17.124542,17.377789,10.897436,17.236912,2.4725275,17.090454,2.4725275,17.356157,5.322924,17.155085,3.548616,16.797333
squeezed_BR Vũng Tàu,2016-09-01,10.897436,16.932426,2.4725275,16.783583,2.4725275,16.650812,5.322924,16.896044,3.548616,16.734913,10.290986,16.359108
squeezed_BR Vũng Tàu,2016-10-01,2.4725275,16.56935,2.4725275,16.430445,5.322924,16.306149,3.548616,16.531435,10.290986,16.40217,3.6373315,16.027681
squeezed_BR Vũng Tàu,2016-11-01,2.4725275,16.768358,5.322924,16.642326,3.548616,16.512281,10.290986,16.734781,3.6373315,16.621225,2.838893,16.249073
squeezed_BR Vũng Tàu,2016-12-01,5.322924,16.464981,3.548616,16.336012,10.290986,16.215395,3.6373315,16.440481,2.838893,16.329018,3.3711853,15.973143
squeezed_BR Vũng Tàu,2017-01-01,3.548616,15.1237755,10.290986,14.9948635,3.6373315,14.879165,2.838893,15.109208,3.3711853,14.996691,5.056778,14.658989
squeezed_BR Vũng Tàu,2017-02-01,10.290986,14.14963,3.6373315,14.032152,2.838893,13.931347,3.3711853,14.138288,5.056778,14.03063,4.790632,13.736913
squeezed_BR Vũng Tàu,2017-03-01,3.6373315,13.512644,2.838893,13.399128,3.3711853,13.304282,5.056778,13.496115,4.790632,13.395821,0.5322924,13.129624
squeezed_BR Vũng Tàu,2017-04-01,2.838893,12.388752,3.3711853,12.287635,5.056778,12.20016,4.790632,12.383488,0.5322924,12.271961,3.1050391,12.023455
squeezed_BR Vũng Tàu,2017-05-01,3.3711853,10.877528,5.056778,10.773898,4.790632,10.705757,0.5322924,10.869637,3.1050391,10.764954,5.500355,10.517565
squeezed_BR Vũng Tàu,2017-06-01,5.056778,9.656387,4.790632,9.544705,0.5322924,9.4861145,3.1050391,9.641583,5.500355,9.54586,2.661462,9.285629
squeezed_BR Vũng Tàu,2017-07-01,4.790632,9.008127,0.5322924,8.886461,3.1050391,8.837143,5.500355,8.981955,2.661462,8.8976,2.7233593,8.6178255
squeezed_BR Vũng Tàu,2017-08-01,0.5322924,9.216455,3.1050391,9.091823,5.500355,9.030879,2.661462,9.180657,2.7233593,9.1006775,2.3719583,8.790304
squeezed_BR Vũng Tàu,2017-09-01,3.1050391,10.525875,5.500355,10.397651,2.661462,10.312558,2.7233593,10.476137,2.3719583,10.4163475,2.3719583,10.055111
squeezed_BR Vũng Tàu,2017-10-01,5.500355,12.430191,2.661462,12.31735,2.7233593,12.219204,2.3719583,12.372379,2.3719583,12.347118,2.4598086,11.945415
squeezed_BR Vũng Tàu,2017-11-01,2.661462,12.422289,2.7233593,12.309853,2.3719583,12.190615,2.3719583,12.371963,2.4598086,12.341034,2.284108,11.959401
squeezed_BR Vũng Tàu,2017-12-01,2.7233593,12.480457,2.3719583,12.358219,2.3719583,12.238651,2.4598086,12.441476,2.284108,12.400112,0.3514012,12.036374
squeezed_Bình Phước,2016-01-01,10.1421995,16.931185,15.683814,16.789225,19.44793,16.672707,18.716019,16.871473,19.552488,16.789076,24.466751,16.419327
squeezed_Bình Phước,2016-02-01,15.683814,19.677229,19.44793,19.522146,18.716019,19.387016,19.552488,19.616587,24.466751,19.478477,18.820578,19.127668
squeezed_Bình Phước,2016-03-01,19.44793,21.01296,18.716019,20.861902,19.552488,20.724594,24.466751,20.968767,18.820578,20.786509,11.710582,20.467354
squeezed_Bình Phước,2016-04-01,18.716019,25.872324,19.552488,25.715763,24.466751,25.579,18.820578,25.82583,11.710582,25.602411,10.560435,25.266617
squeezed_Bình Phước,2016-05-01,19.552488,27.944887,24.466751,27.77177,18.820578,27.63241,11.710582,27.889828,10.560435,27.642584,11.81514,27.330954
squeezed_Bình Phước,2016-06-01,24.466751,26.741964,18.820578,26.565397,11.710582,26.426033,10.560435,26.686476,11.81514,26.43541,0.0,26.162949
squeezed_Bình Phước,2016-07-01,18.820578,24.388739,11.710582,24.224762,10.560435,24.078875,11.81514,24.343367,0.0,24.091799,2.5704298,23.833683
squeezed_Bình Phước,2016-08-01,11.710582,21.899857,10.560435,21.748896,11.81514,21.593645,0.0,21.863945,2.5704298,21.603119,9.767633,21.357151
squeezed_Bình Phước,2016-09-01,10.560435,20.087906,11.81514,19.946829,0.0,19.7908,2.5704298,20.062952,9.767633,19.783478,14.702858,19.547184
squeezed_Bình Phước,2016-10-01,11.81514,17.331034,0.0,17.21016,2.5704298,17.050285,9.767633,17.328182,14.702858,17.048685,11.412708,16.822983
squeezed_Bình Phước,2016-11-01,0.0,16.052567,2.5704298,15.942721,9.767633,15.78509,14.702858,16.058004,11.412708,15.793829,13.777504,15.566844
squeezed_Bình Phước,2016-12-01,2.5704298,16.823456,9.767633,16.716454,14.702858,16.563787,11.412708,16.836855,13.777504,16.584639,9.664816,16.336082
squeezed_Bình Phước,2017-01-01,9.767633,19.497477,14.702858,19.391678,11.412708,19.230257,13.777504,19.507414,9.664816,19.276388,13.983138,19.003452
squeezed_Bình Phước,2017-02-01,14.702858,22.602116,11.412708,22.494526,13.777504,22.34982,9.664816,22.615864,13.983138,22.393938,9.356364,22.116001
squeezed_Bình Phước,2017-03-01,11.412708,26.844826,13.777504,26.722868,9.664816,26.615402,13.983138,26.858873,9.356364,26.639986,15.114127,26.338797
squeezed_Bình Phước,2017-04-01,13.777504,29.29861,9.664816,29.163944,13.983138,29.04931,9.356364,29.302319,15.114127,29.063267,15.319761,28.763187
squeezed_Bình Phước,2017-05-01,9.664816,32.555553,13.983138,32.392532,9.356364,32.275936,15.114127,32.53596,15.319761,32.27735,19.123997,31.989023
squeezed_Bình Phước,2017-06-01,13.983138,33.913876,9.356364,33.74739,15.114127,33.618927,15.319761,33.889412,19.123997,33.609543,10.590171,33.348656
squeezed_Bình Phước,2017-07-01,9.356364,34.519913,15.114127,34.3502,15.319761,34.229824,19.123997,34.492134,10.590171,34.217976,8.731851,33.973175
squeezed_Bình Phước,2017-08-01,15.114127,35.859783,15.319761,35.686848,19.123997,35.560238,10.590171,35.844337,8.731851,35.56715,5.6858563,35.308613
squeezed_Bình Phước,2017-09-01,15.319761,34.262253,19.123997,34.07757,10.590171,33.96551,8.731851,34.249012,5.6858563,33.947693,10.051782,33.699066
squeezed_Bình Phước,2017-10-01,19.123997,32.540684,10.590171,32.35975,8.731851,32.246487,5.6858563,32.532867,10.051782,32.213837,12.793177,31.979225
squeezed_Bình Phước,2017-11-01,10.590171,30.832691,8.731851,30.683943,5.6858563,30.547052,10.051782,30.852808,12.793177,30.508373,11.676312,30.288933
squeezed_Bình Phước,2017-12-01,8.731851,29.556812,5.6858563,29.440956,10.051782,29.297335,12.793177,29.602558,11.676312,29.242344,11.168647,29.034573
squeezed_Bình Thuận,2016-01-01,59.94929,39.19355,58.149998,39.056084,44.982414,38.883793,51.85246,39.183395,56.596058,38.80792,79.00548,38.51464
squeezed_Bình Thuận,2016-02-01,58.149998,48.00699,44.982414,47.738117,51.85246,47.596916,56.596058,47.901283,79.00548,47.49141,68.455055,47.12342
squeezed_Bình Thuận,2016-03-01,44.982414,52.89933,51.85246,52.545177,56.596058,52.42322,79.00548,52.75562,68.455055,52.32196,59.540363,51.912277
squeezed_Bình Thuận,2016-04-01,51.85246,53.02539,56.596058,52.63285,79.00548,52.514885,68.455055,52.86116,59.540363,52.413147,70.41793,52.00657
squeezed_Bình Thuận,2016-05-01,56.596058,54.72952,79.00548,54.30334,68.455055,54.20475,59.540363,54.54854,70.41793,54.095997,66.819336,53.68186
squeezed_Bình Thuận,2016-06-01,79.00548,54.579056,68.455055,54.152626,59.540363,54.045067,70.41793,54.405094,66.819336,53.9581,3.435021,53.53225
squeezed_Bình Thuận,2016-07-01,68.455055,55.527187,59.540363,55.14373,70.41793,55.01052,66.819336,55.38097,3.435021,54.959785,37.443672,54.47052
squeezed_Bình Thuận,2016-08-01,59.540363,59.612144,70.41793,59.307163,66.819336,59.103756,3.435021,59.515705,37.443672,59.1576,28.676771,58.58873
squeezed_Bình Thuận,2016-09-01,70.41793,64.80268,66.819336,64.531876,3.435021,64.283134,37.443672,64.7105,28.676771,64.42051,52.10979,63.794388
squeezed_Bình Thuận,2016-10-01,66.819336,67.63727,3.435021,67.3697,37.443672,67.08736,28.676771,67.52459,52.10979,67.276596,60.303154,66.62929
squeezed_Bình Thuận,2016-11-01,3.435021,63.0011,37.443672,62.753166,28.676771,62.43667,52.10979,62.89631,60.303154,62.624622,45.39123,62.051353
squeezed_Bình Thuận,2016-12-01,37.443672,58.678,28.676771,58.44673,52.10979,58.134518,60.303154,58.567856,45.39123,58.301857,51.044655,57.762016
squeezed_Bình Thuận,2017-01-01,28.676771,51.724,52.10979,51.48088,60.303154,51.212955,45.39123,51.636,51.044655,51.312138,0.0,50.83394
squeezed_Bình Thuận,2017-02-01,52.10979,46.109512,60.303154,45.836838,45.39123,45.640694,51.044655,46.037697,0.0,45.660538,90.70053,45.27204
squeezed_Bình Thuận,2017-03-01,60.303154,42.32066,45.39123,42.038784,51.044655,41.868546,0.0,42.27661,90.70053,41.87428,112.167145,41.53678
squeezed_Bình Thuận,2017-04-01,45.39123,41.18004,51.044655,40.885746,0.0,40.709282,90.70053,41.130627,112.167145,40.709988,97.746826,40.401207
squeezed_Bình Thuận,2017-05-01,51.044655,39.651775,0.0,39.363518,90.70053,39.164078,112.167145,39.603493,97.746826,39.1726,118.476036,38.874054
squeezed_Bình Thuận,2017-06-01,0.0,36.122643,90.70053,35.905025,112.167145,35.699238,97.746826,36.12976,118.476036,35.70907,0.0,35.42157
squeezed_Bình Thuận,2017-07-01,90.70053,29.978434,112.167145,29.83043,97.746826,29.63488,118.476036,30.023195,0.0,29.657969,78.057526,29.370779
squeezed_Bình Thuận,2017-08-01,112.167145,25.833939,97.746826,25.725094,118.476036,25.546791,0.0,25.893606,78.057526,25.614553,50.435917,25.316072
squeezed_Bình Thuận,2017-09-01,97.746826,28.796637,118.476036,28.698246,0.0,28.535517,78.057526,28.84159,50.435917,28.621944,57.769085,28.28004
squeezed_Bình Thuận,2017-10-01,118.476036,34.081036,0.0,33.990818,78.057526,33.81157,50.435917,34.094578,57.769085,33.91927,53.450665,33.528564
squeezed_Bình Thuận,2017-11-01,0.0,41.88648,78.057526,41.81675,50.435917,41.600784,57.769085,41.865955,53.450665,41.711124,69.50216,41.27294
squeezed_Bình Thuận,2017-12-01,78.057526,45.852783,50.435917,45.76898,57.769085,45.531555,53.450665,45.783897,69.50216,45.63089,70.47991,45.162476
squeezed_Bình Định,2016-01-01,27.744982,35.090054,26.36757,34.97975,23.67834,34.711876,15.413879,35.09111,18.693428,34.76676,17.119244,34.45809
squeezed_Bình Định,2016-02-01,26.36757,33.095924,23.67834,32.95589,15.413879,32.699787,18.693428,33.120068,17.119244,32.739895,17.775154,32.458572
squeezed_Bình Định,2016-03-01,23.67834,30.796434,15.413879,30.633396,18.693428,30.414316,17.119244,30.809778,17.775154,30.433283,17.250427,30.182158
squeezed_Bình Định,2016-04-01,15.413879,28.563303,18.693428,28.40724,17.119244,28.215286,17.775154,28.587936,17.250427,28.225595,16.79129,27.995844
squeezed_Bình Định,2016-05-01,18.693428,27.101488,17.119244,26.956757,17.775154,26.782309,17.250427,27.139078,16.79129,26.796513,26.433163,26.550463
squeezed_Bình Định,2016-06-01,17.119244,26.06982,17.775154,25.893887,17.250427,25.74402,16.79129,26.068153,26.433163,25.792122,0.0,25.521963
squeezed_Bình Định,2016-07-01,17.775154,28.350302,17.250427,28.152403,16.79129,28.016665,26.433163,28.331148,0.0,28.062931,22.988506,27.76145
squeezed_Bình Định,2016-08-01,17.250427,34.34656,16.79129,34.1497,26.433163,33.974777,0.0,34.3286,22.988506,34.013847,26.95436,33.660286
squeezed_Bình Định,2016-09-01,16.79129,42.005344,26.433163,41.824783,0.0,41.62949,22.988506,41.998238,26.95436,41.674408,19.560396,41.276352
squeezed_Bình Định,2016-10-01,26.433163,45.541466,0.0,45.36268,22.988506,45.115284,26.95436,45.530502,19.560396,45.1982,12.771392,44.785225
squeezed_Bình Định,2016-11-01,0.0,43.88482,22.988506,43.64552,26.95436,43.401558,19.560396,43.83411,12.771392,43.480698,14.317403,43.09855
squeezed_Bình Định,2016-12-01,22.988506,40.176407,26.95436,39.923996,19.560396,39.70798,12.771392,40.121735,14.317403,39.74844,14.048532,39.431923
squeezed_Bình Định,2017-01-01,26.95436,35.500687,19.560396,35.293644,12.771392,35.088413,14.317403,35.499683,14.048532,35.106636,13.712442,34.846054
squeezed_Bình Định,2017-02-01,19.560396,32.381306,12.771392,32.190887,14.317403,32.00606,14.048532,32.39609,13.712442,32.00476,16.199503,31.768492
squeezed_Bình Định,2017-03-01,12.771392,30.774372,14.317403,30.595245,14.048532,30.401367,13.712442,30.79587,16.199503,30.401136,15.728977,30.170689
squeezed_Bình Định,2017-04-01,14.317403,29.806711,14.048532,29.609451,13.712442,29.417997,16.199503,29.788103,15.728977,29.427757,15.124017,29.187227
squeezed_Bình Định,2017-05-01,14.048532,32.80154,13.712442,32.577873,16.199503,32.387695,15.728977,32.764957,15.124017,32.429996,17.81273,32.14834
squeezed_Bình Định,2017-06-01,13.712442,33.404232,16.199503,33.170288,15.728977,33.01807,15.124017,33.368694,17.81273,33.058414,15.863413,32.789528
squeezed_Bình Định,2017-07-01,16.199503,35.237854,15.728977,35.00032,15.124017,34.882355,17.81273,35.214115,15.863413,34.91438,18.416454,34.632626
squeezed_Bình Định,2017-08-01,15.728977,37.548603,15.124017,37.303856,17.81273,37.150433,15.863413,37.51639,18.416454,37.181133,22.38204,36.885452
squeezed_Bình Định,2017-09-01,15.124017,39.663177,17.81273,39.409817,15.863413,39.20382,18.416454,39.616104,22.38204,39.25464,18.1476,38.943817
squeezed_Bình Định,2017-10-01,17.81273,41.243557,15.863413,41.00752,18.416454,40.758972,22.38204,41.222,18.1476,40.863495,13.980373,40.53485
squeezed_Bình Định,2017-11-01,15.863413,41.80149,18.416454,41.532406,22.38204,41.30965,18.1476,41.753445,13.980373,41.418976,10.48528,41.08999
squeezed_Bình Định,2017-12-01,18.416454,41.662743,22.38204,41.37773,18.1476,41.19241,13.980373,41.581703,10.48528,41.276688,12.232827,40.968742
squeezed_Bạc Liêu,2016-01-01,9.365831,43.29826,7.447529,43.057026,7.8988943,42.857063,11.622659,43.26715,9.0273075,42.921585,9.252991,42.619064
squeezed_Bạc Liêu,2016-02-01,7.447529,41.88046,7.8988943,41.62146,11.622659,41.414345,9.0273075,41.83075,9.252991,41.474228,6.7704806,41.168274
squeezed_Bạc Liêu,2016-03-01,7.8988943,41.615467,11.622659,41.40007,9.0273075,41.211227,9.252991,41.59947,6.7704806,41.241035,8.124577,40.95472
squeezed_Bạc Liêu,2016-04-01,11.622659,41.359177,9.0273075,41.112377,9.252991,40.931015,6.7704806,41.331184,8.124577,40.94603,5.6420674,40.651405
squeezed_Bạc Liêu,2016-05-01,9.0273075,42.288563,9.252991,42.019657,6.7704806,41.84282,8.124577,42.24101,5.6420674,41.844105,5.303543,41.539024
squeezed_Bạc Liêu,2016-06-01,9.252991,42.261738,6.7704806,41.991615,8.124577,41.833687,5.6420674,42.208885,5.303543,41.78692,5.303543,41.48957
squeezed_Bạc Liêu,2016-07-01,6.7704806,39.68075,8.124577,39.440857,5.6420674,39.274437,5.303543,39.643997,5.303543,39.21395,13.033307,38.94664
squeezed_Bạc Liêu,2016-08-01,8.124577,37.09806,5.6420674,36.88567,5.303543,36.711487,5.303543,37.07778,13.033307,36.63637,8.243288,36.38479
squeezed_Bạc Liêu,2016-09-01,5.6420674,35.39942,5.303543,35.205536,5.303543,35.0109,13.033307,35.391838,8.243288,34.930042,9.245851,34.680954
squeezed_Bạc Liêu,2016-10-01,5.303543,31.429714,5.303543,31.28477,13.033307,31.078257,8.243288,31.464994,9.245851,31.005148,2.2279158,30.785414
squeezed_Bạc Liêu,2016-11-01,5.303543,29.053598,13.033307,28.925024,8.243288,28.714039,9.245851,29.101622,2.2279158,28.640533,13.590286,28.420603
squeezed_Bạc Liêu,2016-12-01,13.033307,27.415459,8.243288,27.311544,9.245851,27.095243,2.2279158,27.482155,13.590286,27.032642,3.8988526,26.821386
squeezed_Bạc Liêu,2017-01-01,8.243288,29.891932,9.245851,29.795546,2.2279158,29.551977,13.590286,29.949953,3.8988526,29.532143,18.937284,29.262566
squeezed_Bạc Liêu,2017-02-01,9.245851,31.108782,2.2279158,31.006357,13.590286,30.786129,3.8988526,31.172028,18.937284,30.779785,21.1652,30.516638
squeezed_Bạc Liêu,2017-03-01,2.2279158,35.118187,13.590286,34.964615,3.8988526,34.755302,18.937284,35.141838,21.1652,34.7532,22.613346,34.467796
squeezed_Bạc Liêu,2017-04-01,13.590286,35.76048,3.8988526,35.588028,18.937284,35.389214,21.1652,35.77337,22.613346,35.391487,5.235602,35.121162
squeezed_Bạc Liêu,2017-05-01,3.8988526,35.975895,18.937284,35.762825,21.1652,35.59123,22.613346,35.95346,5.235602,35.588577,7.6863093,35.3265
squeezed_Bạc Liêu,2017-06-01,18.937284,36.18355,21.1652,35.963512,22.613346,35.808247,5.235602,36.154213,7.6863093,35.77279,11.139579,35.50897
squeezed_Bạc Liêu,2017-07-01,21.1652,32.94282,22.613346,32.76359,5.235602,32.616783,7.6863093,32.941113,11.139579,32.582615,23.698782,32.34256
squeezed_Bạc Liêu,2017-08-01,22.613346,30.212078,5.235602,30.066822,7.6863093,29.911554,11.139579,30.233047,23.698782,29.889376,12.070875,29.6583
squeezed_Bạc Liêu,2017-09-01,5.235602,28.726315,7.6863093,28.580875,11.139579,28.429747,23.698782,28.733425,12.070875,28.39886,6.866002,28.160192
squeezed_Bạc Liêu,2017-10-01,7.6863093,27.91651,11.139579,27.788446,23.698782,27.632166,12.070875,27.932484,6.866002,27.600523,8.970099,27.357605
squeezed_Bạc Liêu,2017-11-01,11.139579,26.619099,23.698782,26.508451,12.070875,26.346846,6.866002,26.659958,8.970099,26.319698,21.594685,26.085913
squeezed_Bạc Liêu,2017-12-01,23.698782,26.5843,12.070875,26.49444,6.866002,26.320501,8.970099,26.638397,21.594685,26.302748,16.389812,26.056086
squeezed_Bắc Giang,2016-01-01,44.76351,40.149143,57.372105,39.98126,62.80164,39.76778,48.44353,40.119038,39.21332,39.78765,39.032337,39.43557
squeezed_Bắc Giang,2016-02-01,57.372105,49.44034,62.80164,49.23003,48.44353,48.953636,39.21332,49.428413,39.032337,49.07848,49.89141,48.65377
squeezed_Bắc Giang,2016-03-01,62.80164,51.519295,48.44353,51.25194,39.21332,50.912033,39.032337,51.462967,49.89141,51.140415,54.53668,50.717484
squeezed_Bắc Giang,2016-04-01,48.44353,54.25416,39.21332,53.938477,39.032337,53.551575,49.89141,54.119766,54.53668,53.809597,46.030407,53.421997
squeezed_Bắc Giang,2016-05-01,39.21332,56.07611,39.032337,55.7395,49.89141,55.340664,54.53668,55.90995,46.030407,55.633583,46.81467,55.23011
squeezed_Bắc Giang,2016-06-01,39.032337,56.4783,49.89141,56.158646,54.53668,55.759747,46.030407,56.298656,46.81467,56.050552,10.97973,55.6382
squeezed_Bắc Giang,2016-07-01,49.89141,55.9111,54.53668,55.607662,46.030407,55.207256,46.81467,55.717274,10.97973,55.469067,29.134039,55.061966
squeezed_Bắc Giang,2016-08-01,54.53668,55.842403,46.030407,55.507866,46.81467,55.13545,10.97973,55.642754,29.134039,55.389122,36.906956,54.95881
squeezed_Bắc Giang,2016-09-01,46.030407,54.097473,46.81467,53.747936,10.97973,53.366436,29.134039,53.916046,36.906956,53.627857,39.21004,53.204597
squeezed_Bắc Giang,2016-10-01,46.81467,51.467426,10.97973,51.117634,29.134039,50.75959,36.906956,51.321205,39.21004,51.01678,58.90143,50.616135
squeezed_Bắc Giang,2016-11-01,10.97973,51.927284,29.134039,51.626514,36.906956,51.26859,39.21004,51.83448,58.90143,51.574955,42.319206,51.14707
squeezed_Bắc Giang,2016-12-01,29.134039,49.44042,36.906956,49.241043,39.21004,48.88709,58.90143,49.42524,42.319206,49.228767,34.60387,48.832947
squeezed_Bắc Giang,2017-01-01,36.906956,52.90064,39.21004,52.6824,58.90143,52.343307,42.319206,52.867355,34.60387,52.73216,32.99171,52.268845
squeezed_Bắc Giang,2017-02-01,39.21004,59.698067,58.90143,59.461514,42.319206,59.148594,34.60387,59.634403,32.99171,59.531147,40.131275,58.999016
squeezed_Bắc Giang,2017-03-01,58.90143,66.99378,42.319206,66.64275,34.60387,66.39259,32.99171,66.82218,40.131275,66.773186,49.286045,66.154236
squeezed_Bắc Giang,2017-04-01,42.319206,76.920425,34.60387,76.52319,32.99171,76.3605,40.131275,76.69464,49.286045,76.73947,51.646706,75.97366
squeezed_Bắc Giang,2017-05-01,34.60387,87.03555,32.99171,86.63358,40.131275,86.57119,49.286045,86.80206,51.646706,86.91506,48.825424,86.03244
squeezed_Bắc Giang,2017-06-01,32.99171,95.804214,40.131275,95.40432,49.286045,95.43159,51.646706,95.57979,48.825424,95.73964,53.14371,94.7733
squeezed_Bắc Giang,2017-07-01,40.131275,94.90645,49.286045,94.46593,51.646706,94.4265,48.825424,94.62197,53.14371,94.751205,29.254572,93.75288
squeezed_Bắc Giang,2017-08-01,49.286045,88.407906,51.646706,87.92826,48.825424,87.8027,53.14371,88.07977,29.254572,88.14806,35.049225,87.191956
squeezed_Bắc Giang,2017-09-01,51.646706,82.417625,48.825424,81.91173,53.14371,81.71139,29.254572,82.03683,35.049225,82.09089,34.767933,81.167
squeezed_Bắc Giang,2017-10-01,48.825424,77.45959,53.14371,76.94017,29.254572,76.69044,35.049225,77.07702,34.767933,77.095314,34.88045,76.23882
squeezed_Bắc Giang,2017-11-01,53.14371,76.080505,29.254572,75.593414,35.049225,75.30988,34.767933,75.71757,34.88045,75.72986,28.579466,74.91064
squeezed_Bắc Giang,2017-12-01,29.254572,73.450615,35.049225,73.01628,34.767933,72.6804,34.88045,73.13477,28.579466,73.13614,23.178621,72.362144
squeezed_Bắc Kạn,2016-01-01,176.48903,113.866844,286.5204,113.314995,342.31976,113.42598,280.56427,113.47062,294.67084,113.494026,232.91536,112.52044
squeezed_Bắc Kạn,2016-02-01,286.5204,143.83047,342.31976,143.34341,280.56427,143.61485,294.67084,143.32661,232.91536,143.34094,199.05956,142.3564
squeezed_Bắc Kạn,2016-03-01,342.31976,170.35443,280.56427,169.96948,294.67084,170.20395,232.91536,169.80582,199.05956,169.71254,285.57993,168.59926
squeezed_Bắc Kạn,2016-04-01,280.56427,186.31631,294.67084,186.10944,232.91536,186.16824,199.05956,185.85025,285.57993,185.63829,284.95297,184.4404
squeezed_Bắc Kạn,2016-05-01,294.67084,198.07114,232.91536,198.01309,199.05956,197.91783,285.57993,197.70105,284.95297,197.42755,268.65204,196.19536
squeezed_Bắc Kạn,2016-06-01,232.91536,210.21912,199.05956,210.23468,285.57993,210.10324,284.95297,209.9379,268.65204,209.61128,174.92163,208.41553
squeezed_Bắc Kạn,2016-07-01,199.05956,222.90073,285.57993,222.87834,284.95297,222.84492,268.65204,222.6215,174.92163,222.29993,205.55017,221.16255
squeezed_Bắc Kạn,2016-08-01,285.57993,231.04178,284.95297,230.884,268.65204,230.98892,174.92163,230.55971,205.55017,230.39035,262.98807,229.22372
squeezed_Bắc Kạn,2016-09-01,284.95297,239.17659,268.65204,238.94936,174.92163,239.14401,205.55017,238.56288,262.98807,238.54695,320.10327,237.23494
squeezed_Bắc Kạn,2016-10-01,268.65204,249.01242,174.92163,248.78494,205.55017,249.03511,262.98807,248.42467,320.10327,248.44962,271.05518,247.0292
squeezed_Bắc Kạn,2016-11-01,174.92163,257.60236,205.55017,257.4075,262.98807,257.68387,320.10327,257.09747,271.05518,257.0923,231.68764,255.67897
squeezed_Bắc Kạn,2016-12-01,205.55017,261.16092,262.98807,260.99796,320.10327,261.26608,271.05518,260.69775,231.68764,260.68396,254.92094,259.29068
squeezed_Bắc Kạn,2017-01-01,262.98807,262.04745,320.10327,261.8939,271.05518,262.159,231.68764,261.59567,254.92094,261.57965,348.8222,260.1932
squeezed_Bắc Kạn,2017-02-01,320.10327,262.4828,271.05518,262.32907,231.68764,262.5966,254.92094,262.0307,348.8222,262.0156,402.71054,260.63324
squeezed_Bắc Kạn,2017-03-01,271.05518,262.5782,231.68764,262.42383,254.92094,262.69226,348.8222,262.1251,402.71054,262.11047,506.9377,260.729
squeezed_Bắc Kạn,2017-04-01,231.68764,262.59116,254.92094,262.4367,348.8222,262.70526,402.71054,262.13788,506.9377,262.1234,412.71378,260.74197
squeezed_Bắc Kạn,2017-05-01,254.92094,262.59378,348.8222,262.43927,402.71054,262.7079,506.9377,262.14044,412.71378,262.126,371.73282,260.74463
squeezed_Bắc Kạn,2017-06-01,348.8222,262.59436,402.71054,262.43985,506.9377,262.7085,412.71378,262.14096,371.73282,262.1266,0.0,260.74518
squeezed_Bắc Kạn,2017-07-01,402.71054,262.59344,506.9377,262.43896,412.71378,262.70752,371.73282,262.14008,0.0,262.1257,279.48718,260.74432
squeezed_Bắc Kạn,2017-08-01,506.9377,262.59042,412.71378,262.43585,371.73282,262.70435,0.0,262.13696,279.48718,262.12256,206.73077,260.74118
squeezed_Bắc Kạn,2017-09-01,412.71378,262.58905,371.73282,262.43445,0.0,262.70297,279.48718,262.13553,206.73077,262.12122,275.32053,260.73984
squeezed_Bắc Kạn,2017-10-01,371.73282,262.59122,0.0,262.43665,279.48718,262.7052,206.73077,262.13776,275.32053,262.12338,278.20514,260.74203
squeezed_Bắc Kạn,2017-11-01,0.0,262.59204,279.48718,262.43756,206.73077,262.7061,275.32053,262.13864,278.20514,262.1243,225.32051,260.7429
squeezed_Bắc Kạn,2017-12-01,279.48718,262.5913,206.73077,262.43677,275.32053,262.70532,278.20514,262.13785,225.32051,262.12354,195.1923,260.74216
squeezed_Cao Bằng,2016-01-01,306.15326,262.5935,331.25708,262.43893,296.33823,262.70758,341.26086,262.14017,307.66327,262.12567,267.0819,260.74432
squeezed_Cao Bằng,2016-02-01,331.25708,262.59338,296.33823,262.43887,341.26086,262.70743,307.66327,262.14,267.0819,262.1256,346.92337,260.74423
squeezed_Cao Bằng,2016-03-01,296.33823,262.59464,341.26086,262.44012,307.66327,262.70877,267.0819,262.14133,346.92337,262.12692,389.20346,260.74548
squeezed_Cao Bằng,2016-04-01,341.26086,262.59488,307.66327,262.44043,267.0819,262.70905,346.92337,262.1416,389.20346,262.1272,283.31445,260.7458
squeezed_Cao Bằng,2016-05-01,307.66327,262.59512,267.0819,262.44067,346.92337,262.7093,389.20346,262.1418,283.31445,262.1274,322.3858,260.74606
squeezed_Cao Bằng,2016-06-01,267.0819,262.59506,346.92337,262.44058,389.20346,262.70923,283.31445,262.1417,322.3858,262.12732,451.67987,260.74597
squeezed_Cao Bằng,2016-07-01,346.92337,262.59488,389.20346,262.4404,283.31445,262.709,322.3858,262.14154,451.67987,262.1271,271.08664,260.74576
squeezed_Cao Bằng,2016-08-01,389.20346,262.59402,283.31445,262.4395,322.3858,262.7081,451.67987,262.14066,271.08664,262.12625,379.3693,260.74484
squeezed_Cao Bằng,2016-09-01,283.31445,262.5936,322.3858,262.43915,451.67987,262.70767,271.08664,262.1402,379.3693,262.12582,350.87387,260.74445
squeezed_Cao Bằng,2016-10-01,322.3858,262.59244,451.67987,262.43796,271.08664,262.70648,379.3693,262.13904,350.87387,262.12463,309.46048,260.74326
squeezed_Cao Bằng,2016-11-01,451.67987,262.59256,271.08664,262.43805,379.3693,262.70663,350.87387,262.13916,309.46048,262.12476,0.0,260.74338
squeezed_Cao Bằng,2016-12-01,271.08664,262.592,379.3693,262.43744,350.87387,262.706,309.46048,262.13858,0.0,262.12418,208.20668,260.74283
squeezed_Cao Bằng,2017-01-01,379.3693,262.59174,350.87387,262.43723,309.46048,262.70572,0.0,262.1383,208.20668,262.12393,268.61703,260.74258
squeezed_Cao Bằng,2017-02-01,350.87387,262.59308,309.46048,262.43857,0.0,262.70712,208.20668,262.1397,268.61703,262.1253,369.3009,260.74393
squeezed_Cao Bằng,2017-03-01,309.46048,262.5944,0.0,262.43994,208.20668,262.7085,268.61703,262.14105,369.3009,262.12665,348.40427,260.7453
squeezed_Cao Bằng,2017-04-01,0.0,262.59457,208.20668,262.44012,268.61703,262.7087,369.3009,262.14124,348.40427,262.12686,0.0,260.74545
squeezed_Cao Bằng,2017-05-01,208.20668,262.59473,268.61703,262.44022,369.3009,262.70883,348.40427,262.14136,0.0,262.12695,295.78268,260.74557
squeezed_Cao Bằng,2017-06-01,268.61703,262.59412,369.3009,262.43964,348.40427,262.70816,0.0,262.14075,295.78268,262.1263,293.1231,260.74493
squeezed_Cao Bằng,2017-07-01,369.3009,262.59195,348.40427,262.43735,0.0,262.70593,295.78268,262.13852,293.1231,262.1241,264.9896,260.7427
squeezed_Cao Bằng,2017-08-01,348.40427,262.5844,0.0,262.4298,295.78268,262.69824,293.1231,262.13083,264.9896,262.11655,228.6741,260.73517
squeezed_Cao Bằng,2017-09-01,0.0,262.58182,295.78268,262.4272,293.1231,262.69565,264.9896,262.12814,228.6741,262.11392,0.0,260.73257
squeezed_Cao Bằng,2017-10-01,295.78268,262.57104,293.1231,262.41623,264.9896,262.6846,228.6741,262.11707,0.0,262.10306,238.13127,260.72177
squeezed_Cao Bằng,2017-11-01,293.1231,262.54868,264.9896,262.39355,228.6741,262.66168,0.0,262.09418,238.13127,262.08035,255.72159,260.6992
squeezed_Cao Bằng,2017-12-01,264.9896,262.32715,228.6741,262.16794,0.0,262.43637,238.13127,261.87143,255.72159,261.85468,193.30434,260.47513
squeezed_Cà Mau,2016-01-01,7.279568,86.57206,8.17929,86.1854,5.725503,85.60064,6.1344676,86.31854,5.8890886,85.45305,8.261083,84.50125
squeezed_Cà Mau,2016-02-01,8.17929,45.187878,5.725503,45.140846,6.1344676,44.662807,5.8890886,45.32581,8.261083,44.653732,7.443154,44.464928
squeezed_Cà Mau,2016-03-01,5.725503,38.38929,6.1344676,38.22391,5.8890886,37.973633,8.261083,38.44091,7.443154,38.034767,8.015704,37.772705
squeezed_Cà Mau,2016-04-01,6.1344676,33.492844,5.8890886,33.333958,8.261083,33.123398,7.443154,33.505802,8.015704,33.15529,6.1344676,32.857918
squeezed_Cà Mau,2016-05-01,5.8890886,31.408232,8.261083,31.257513,7.443154,31.03213,8.015704,31.401361,6.1344676,31.062233,5.8890886,30.758255
squeezed_Cà Mau,2016-06-01,8.261083,27.94644,7.443154,27.830711,8.015704,27.60958,6.1344676,27.959875,5.8890886,27.61315,5.8890886,27.326647
squeezed_Cà Mau,2016-07-01,7.443154,25.03783,8.015704,24.948296,6.1344676,24.711071,5.8890886,25.060747,5.8890886,24.717966,4.0935674,24.430696
squeezed_Cà Mau,2016-08-01,8.015704,20.813862,6.1344676,20.727167,5.8890886,20.496204,5.8890886,20.839775,4.0935674,20.530085,2.3391812,20.233608
squeezed_Cà Mau,2016-09-01,6.1344676,17.671692,5.8890886,17.57157,5.8890886,17.380568,4.0935674,17.677835,2.3391812,17.438736,3.8429406,17.117268
squeezed_Cà Mau,2016-10-01,5.8890886,15.764059,5.8890886,15.64063,4.0935674,15.455363,2.3391812,15.747767,3.8429406,15.534109,0.0,15.188502
squeezed_Cà Mau,2016-11-01,5.8890886,13.686136,4.0935674,13.555178,2.3391812,13.389212,3.8429406,13.654181,0.0,13.476381,0.5012531,13.127289
squeezed_Cà Mau,2016-12-01,4.0935674,11.394482,2.3391812,11.266271,3.8429406,11.1176405,0.0,11.3578205,0.5012531,11.221603,0.41771093,10.881481
squeezed_Cà Mau,2017-01-01,2.3391812,12.113146,3.8429406,11.990717,0.0,11.840152,0.5012531,12.076088,0.41771093,11.948093,0.41771093,11.588939
squeezed_Cà Mau,2017-02-01,3.8429406,14.196955,0.0,14.078984,0.5012531,13.932557,0.41771093,14.163559,0.41771093,14.038805,1.336675,13.71438
squeezed_Cà Mau,2017-03-01,0.0,15.619989,0.5012531,15.520745,0.41771093,15.376903,0.41771093,15.607491,1.336675,15.464846,0.9189641,15.189038
squeezed_Cà Mau,2017-04-01,0.5012531,17.427242,0.41771093,17.325382,0.41771093,17.182615,1.336675,17.408556,0.9189641,17.24471,0.7518797,16.982265
squeezed_Cà Mau,2017-05-01,0.41771093,18.401838,0.41771093,18.299461,1.336675,18.181013,0.9189641,18.38281,0.7518797,18.213501,0.5012531,17.943089
squeezed_Cà Mau,2017-06-01,0.41771093,18.033094,1.336675,17.92361,0.9189641,17.797562,0.7518797,17.99596,0.5012531,17.834288,0.5012531,17.548573
squeezed_Cà Mau,2017-07-01,1.336675,16.296625,0.9189641,16.169256,0.7518797,16.048515,0.5012531,16.242926,0.5012531,16.09862,0.5854801,15.792274
squeezed_Cà Mau,2017-08-01,0.9189641,14.618902,0.7518797,14.484131,0.5012531,14.369036,0.5012531,14.560959,0.5854801,14.443628,0.16728003,14.122092
squeezed_Cà Mau,2017-09-01,0.7518797,13.767258,0.5012531,13.619055,0.5012531,13.517705,0.5854801,13.703749,0.16728003,13.594357,0.0,13.259053
squeezed_Cà Mau,2017-10-01,0.5012531,13.58061,0.5012531,13.424268,0.5854801,13.322965,0.16728003,13.508872,0.0,13.404957,0.08364002,13.061015
squeezed_Cà Mau,2017-11-01,0.5012531,13.082153,0.5854801,12.928973,0.16728003,12.820417,0.0,13.011904,0.08364002,12.909588,0.16728003,12.568249
squeezed_Cà Mau,2017-12-01,0.5854801,11.908806,0.16728003,11.769185,0.0,11.653557,0.08364002,11.852038,0.16728003,11.764146,0.08364002,11.420746
squeezed_Cần Thơ,2016-01-01,0.0,13.084736,0.0,12.946496,0.0,12.842715,0.0,13.039754,0.0,12.937889,0.0,12.594494
squeezed_Cần Thơ,2016-02-01,0.0,13.769234,0.0,13.645356,0.0,13.55757,0.0,13.73985,0.0,13.61624,0.0,13.311342
squeezed_Cần Thơ,2016-03-01,0.0,13.891691,0.0,13.7788925,0.0,13.702737,0.0,13.870569,0.0,13.735779,0.0,13.454563
squeezed_Cần Thơ,2016-04-01,0.0,13.064749,0.0,12.957652,0.0,12.887738,0.0,13.0468235,0.0,12.909908,0.0,12.636668
squeezed_Cần Thơ,2016-05-01,0.0,11.65845,0.0,11.554213,0.0,11.493544,0.0,11.642939,0.0,11.51795,0.0,11.244337
squeezed_Cần Thơ,2016-06-01,0.0,9.860848,0.0,9.753049,0.0,9.693939,0.0,9.842579,0.0,9.734953,0.0,9.452912
squeezed_Cần Thơ,2016-07-01,0.0,8.036322,0.0,7.9308634,0.0,7.871394,0.0,8.020903,0.0,7.9247966,0.0,7.637513
squeezed_Cần Thơ,2016-08-01,0.0,6.801052,0.0,6.698086,0.0,6.6370077,0.0,6.78619,0.0,6.697577,0.0,6.404749
squeezed_Cần Thơ,2016-09-01,0.0,6.1092305,0.0,6.003826,0.0,5.9367733,0.0,6.0842743,0.0,6.004279,0.0,5.6981654
squeezed_Cần Thơ,2016-10-01,0.0,5.5323305,0.0,5.4242616,0.0,5.3478775,0.0,5.506832,0.0,5.4265304,0.0,5.1106133
squeezed_Cần Thơ,2016-11-01,0.0,5.326782,0.0,5.2168384,0.0,5.1282997,0.0,5.3048544,0.0,5.222093,0.0,4.9045353
squeezed_Cần Thơ,2016-12-01,0.0,5.646019,0.0,5.529616,0.0,5.4478583,0.0,5.6258197,0.0,5.548465,0.0,5.2335134
squeezed_Cần Thơ,2017-01-01,0.0,5.5167027,0.0,5.3906145,0.0,5.3209424,0.0,5.4985623,0.0,5.4135857,0.0,5.1133337
squeezed_Cần Thơ,2017-02-01,0.0,4.933959,0.0,4.8079796,0.0,4.753585,0.0,4.9228187,0.0,4.83888,0.0,4.556782
squeezed_Cần Thơ,2017-03-01,0.0,3.6903505,0.0,3.5779715,0.0,3.5353725,0.0,3.691497,0.0,3.6174338,0.0,3.364525
squeezed_Cần Thơ,2017-04-01,0.0,2.6634495,0.0,2.5631902,0.0,2.5274916,0.0,2.6725729,0.0,2.6132033,0.0,2.3721008
squeezed_Cần Thơ,2017-05-01,0.0,2.4247422,0.0,2.3339067,0.0,2.3039293,0.0,2.4376583,0.0,2.3916078,0.0,2.1430879
squeezed_Cần Thơ,2017-06-01,0.0,1.4216623,0.0,1.3350973,0.0,1.3092198,0.0,1.4365556,0.0,1.4013026,0.0,1.1578491
squeezed_Cần Thơ,2017-07-01,0.0,0.4780159,0.0,0.4025519,0.0,0.37602162,0.0,0.49536347,0.0,0.47370934,1.4661562,0.23104167
squeezed_Cần Thơ,2017-08-01,0.0,0.08693361,0.0,0.01883912,0.0,-0.015717268,0.0,0.1032958,1.4661562,0.08003092,0.0,-0.16818595
squeezed_Cần Thơ,2017-09-01,0.0,0.36940622,0.0,0.2993033,0.0,0.25960636,1.4661562,0.377388,0.0,0.35911608,0.81453127,0.09692812
squeezed_Cần Thơ,2017-10-01,0.0,0.15123439,0.0,0.091923,1.4661562,0.028123617,0.0,0.1639533,0.81453127,0.14517403,0.9774375,-0.13665318
squeezed_Cần Thơ,2017-11-01,0.0,1.1599846,1.4661562,1.0932162,0.0,1.0296144,0.81453127,1.1709118,0.9774375,1.1498003,2.1177812,0.8571737
squeezed_Cần Thơ,2017-12-01,1.4661562,1.2193716,0.0,1.1414857,0.81453127,1.0780559,0.9774375,1.2278109,2.1177812,1.2027731,1.0588906,0.90292645
squeezed_Gia Lai,2016-01-01,72.46172,6.5799093,68.651665,6.484271,49.813026,6.419691,56.445354,6.574896,84.73859,6.530631,69.075005,6.1668806
squeezed_Gia Lai,2016-02-01,68.651665,10.409191,49.813026,10.286546,56.445354,10.217816,84.73859,10.395565,69.075005,10.303112,66.67607,9.951565
squeezed_Gia Lai,2016-03-01,49.813026,13.02833,56.445354,12.890753,84.73859,12.8091345,69.075005,13.012243,66.67607,12.872459,87.77252,12.525977
squeezed_Gia Lai,2016-04-01,56.445354,20.121765,84.73859,19.990576,69.075005,19.867426,66.67607,20.091318,87.77252,19.902813,176.46228,19.499985
squeezed_Gia Lai,2016-05-01,84.73859,35.75212,69.075005,35.61685,66.67607,35.451233,87.77252,35.6845,176.46228,35.439365,175.05115,34.941315
squeezed_Gia Lai,2016-06-01,69.075005,53.66423,66.67607,53.473244,87.77252,53.275513,176.46228,53.552784,175.05115,53.22662,28.293234,52.641685
squeezed_Gia Lai,2016-07-01,66.67607,61.273174,87.77252,61.02291,176.46228,60.791313,175.05115,61.14231,28.293234,60.765278,40.5065,60.16432
squeezed_Gia Lai,2016-08-01,87.77252,61.73395,176.46228,61.447315,175.05115,61.191746,28.293234,61.59463,40.5065,61.20421,54.87099,60.627014
squeezed_Gia Lai,2016-09-01,176.46228,56.51139,175.05115,56.21915,28.293234,55.910374,40.5065,56.379093,54.87099,55.990875,93.33515,55.50972
squeezed_Gia Lai,2016-10-01,175.05115,48.44644,28.293234,48.198574,40.5065,47.87132,54.87099,48.36573,93.33515,47.983795,71.48206,47.600044
squeezed_Gia Lai,2016-11-01,28.293234,41.8196,40.5065,41.653294,54.87099,41.36021,93.33515,41.82438,71.48206,41.458866,68.758934,41.139732
squeezed_Gia Lai,2016-12-01,40.5065,37.52691,54.87099,37.424835,93.33515,37.170433,71.48206,37.59281,68.758934,37.26133,0.0,36.98001
squeezed_Gia Lai,2017-01-01,54.87099,34.427727,93.33515,34.372837,71.48206,34.13863,68.758934,34.522915,0.0,34.233593,85.57424,33.970337
squeezed_Gia Lai,2017-02-01,93.33515,34.34618,71.48206,34.272873,68.758934,34.037323,0.0,34.41112,85.57424,34.148174,11.981755,33.876053
squeezed_Gia Lai,2017-03-01,71.48206,37.224174,68.758934,37.089676,0.0,36.88348,85.57424,37.25747,11.981755,36.991867,12.3902235,36.686417
squeezed_Gia Lai,2017-04-01,68.758934,47.195427,0.0,46.977932,85.57424,46.780968,11.981755,47.173454,12.3902235,46.90235,24.371979,46.48172
squeezed_Gia Lai,2017-05-01,0.0,63.12912,85.57424,62.84881,11.981755,62.64659,12.3902235,63.065876,24.371979,62.802116,74.817894,62.179245
squeezed_Gia Lai,2017-06-01,85.57424,72.772194,11.981755,72.429825,12.3902235,72.2279,24.371979,72.64361,74.817894,72.38139,61.61073,71.70402
squeezed_Gia Lai,2017-07-01,11.981755,75.362274,12.3902235,74.94466,24.371979,74.7336,74.817894,75.14794,61.61073,74.905235,70.00067,74.2415
squeezed_Gia Lai,2017-08-01,12.3902235,73.7664,24.371979,73.30473,74.817894,73.07759,61.61073,73.50485,70.00067,73.2689,64.05028,72.65003
squeezed_Gia Lai,2017-09-01,24.371979,66.824646,74.817894,66.37103,61.61073,66.106155,70.00067,66.561775,64.05028,66.3216,59.16962,65.792076
squeezed_Gia Lai,2017-10-01,74.817894,56.581123,61.61073,56.20309,70.00067,55.935154,64.05028,56.409237,59.16962,56.132965,72.74186,55.699585
squeezed_Gia Lai,2017-11-01,61.61073,46.65003,70.00067,46.41473,64.05028,46.163654,59.16962,46.6157,72.74186,46.33763,57.23073,45.987915
squeezed_Gia Lai,2017-12-01,70.00067,40.694447,64.05028,40.550014,59.16962,40.333344,72.74186,40.75336,57.23073,40.508354,73.87845,40.2051
squeezed_Hà Giang,2016-01-01,139.56622,82.89174,199.36282,82.62643,173.018,82.30234,194.584,82.6596,184.16861,82.47116,147.0408,81.785446
squeezed_Hà Giang,2016-02-01,199.36282,105.09946,173.018,104.66857,194.584,104.40817,184.16861,104.73869,147.0408,104.43775,182.08553,103.594444
squeezed_Hà Giang,2016-03-01,173.018,109.36212,194.584,108.90422,184.16861,108.69089,147.0408,108.99592,182.08553,108.67526,210.26836,107.83279
squeezed_Hà Giang,2016-04-01,194.584,109.652214,184.16861,109.1806,147.0408,108.94792,182.08553,109.28725,210.26836,108.947,177.06163,108.091156
squeezed_Hà Giang,2016-05-01,184.16861,110.26848,147.0408,109.79622,182.08553,109.53343,210.26836,109.917015,177.06163,109.537315,182.57567,108.69943
squeezed_Hà Giang,2016-06-01,147.0408,114.95608,182.08553,114.55295,210.26836,114.25588,177.06163,114.603,182.57567,114.22622,114.079155,113.418686
squeezed_Hà Giang,2016-07-01,182.08553,114.777855,210.26836,114.40147,177.06163,114.028564,182.57567,114.42065,114.079155,114.030396,112.15065,113.207306
squeezed_Hà Giang,2016-08-01,210.26836,111.800125,177.06163,111.467255,182.57567,111.031815,114.079155,111.48688,112.15065,111.08122,122.70601,110.278915
squeezed_Hà Giang,2016-09-01,177.06163,114.67525,182.57567,114.38311,114.079155,113.9608,112.15065,114.42136,122.70601,114.0111,139.85846,113.1709
squeezed_Hà Giang,2016-10-01,182.57567,117.50368,114.079155,117.21416,112.15065,116.833145,122.70601,117.24282,139.85846,116.893654,145.01619,115.999275
squeezed_Hà Giang,2016-11-01,114.079155,126.231094,112.15065,125.880455,122.70601,125.58365,139.85846,125.86103,145.01619,125.58268,0.0,124.63342
squeezed_Hà Giang,2016-12-01,112.15065,141.79816,122.70601,141.42856,139.85846,141.16547,145.01619,141.33678,0.0,141.11284,164.92743,140.0729
squeezed_Hà Giang,2017-01-01,122.70601,151.67067,139.85846,151.21806,145.01619,151.00183,0.0,151.06714,164.92743,150.89172,161.44896,149.79745
squeezed_Hà Giang,2017-02-01,139.85846,149.82475,145.01619,149.245,0.0,149.04329,164.92743,149.0791,161.44896,148.89807,199.71213,147.79898
squeezed_Hà Giang,2017-03-01,145.01619,148.915,0.0,148.31923,164.92743,148.11266,161.44896,148.11232,199.71213,147.99469,200.55176,146.90175
squeezed_Hà Giang,2017-04-01,0.0,150.67784,164.92743,150.15767,161.44896,149.90828,199.71213,149.914,200.55176,149.81584,212.0667,148.71985
squeezed_Hà Giang,2017-05-01,164.92743,153.87265,161.44896,153.41243,199.71213,153.12354,200.55176,153.1109,212.0667,153.04843,216.50475,151.93242
squeezed_Hà Giang,2017-06-01,161.44896,155.7573,199.71213,155.35036,200.55176,154.97792,212.0667,154.97581,216.50475,154.91493,166.48674,153.78511
squeezed_Hà Giang,2017-07-01,199.71213,151.40874,200.55176,151.02171,212.0667,150.5736,216.50475,150.6457,166.48674,150.5346,133.01831,149.44408
squeezed_Hà Giang,2017-08-01,200.55176,146.39786,212.0667,145.99951,216.50475,145.47256,166.48674,145.68831,133.01831,145.45615,138.45245,144.37303
squeezed_Hà Giang,2017-09-01,212.0667,144.46767,216.50475,144.0891,166.48674,143.5283,133.01831,143.83722,138.45245,143.53737,162.55168,142.46193
squeezed_Hà Giang,2017-10-01,216.50475,143.99176,166.48674,143.61374,133.01831,143.06366,138.45245,143.37654,162.55168,143.08101,186.06024,142.02304
squeezed_Hà Giang,2017-11-01,166.48674,144.18098,133.01831,143.71214,138.45245,143.21222,162.55168,143.45694,186.06024,143.24026,156.2906,142.20364
squeezed_Hà Giang,2017-12-01,133.01831,139.22806,138.45245,138.65839,162.55168,138.15997,186.06024,138.4752,156.2906,138.17421,163.85115,137.17683
squeezed_Hà Nội,2016-01-01,25.653622,114.205536,29.174171,113.6102,26.267672,113.03534,21.450794,113.562416,22.242235,113.04799,19.37667,112.22284
squeezed_Hà Nội,2016-02-01,29.174171,92.66321,26.267672,92.24297,21.450794,91.57392,22.242235,92.33351,19.37667,91.56665,17.220676,90.94951
squeezed_Hà Nội,2016-03-01,26.267672,75.5621,21.450794,75.36104,22.242235,74.582596,19.37667,75.49499,17.220676,74.602486,16.96141,74.17584
squeezed_Hà Nội,2016-04-01,21.450794,61.49825,22.242235,61.49329,19.37667,60.656376,17.220676,61.61117,16.96141,60.73935,18.025763,60.477486
squeezed_Hà Nội,2016-05-01,22.242235,49.170296,19.37667,49.22508,17.220676,48.43211,16.96141,49.354115,18.025763,48.615387,16.101742,48.42404
squeezed_Hà Nội,2016-06-01,19.37667,42.3231,17.220676,42.39394,16.96141,41.659485,18.025763,42.531147,16.101742,41.907337,3.3977404,41.713036
squeezed_Hà Nội,2016-07-01,17.220676,39.02535,16.96141,39.10045,18.025763,38.430187,16.101742,39.24183,3.3977404,38.69563,14.492004,38.49366
squeezed_Hà Nội,2016-08-01,16.96141,36.47266,18.025763,36.54088,16.101742,35.948048,3.3977404,36.685905,14.492004,36.22786,16.532768,36.00847
squeezed_Hà Nội,2016-09-01,18.025763,35.56225,16.101742,35.613365,3.3977404,35.082066,14.492004,35.76426,16.532768,35.371502,19.490583,35.12995
squeezed_Hà Nội,2016-10-01,16.101742,34.448994,3.3977404,34.498734,14.492004,34.032383,16.532768,34.644627,19.490583,34.336445,20.91137,34.064804
squeezed_Hà Nội,2016-11-01,3.3977404,33.791153,14.492004,33.869835,16.532768,33.465782,19.490583,33.989765,20.91137,33.774254,21.66051,33.477364
squeezed_Hà Nội,2016-12-01,14.492004,36.679558,16.532768,36.783424,19.490583,36.47759,20.91137,36.86254,21.66051,36.760235,18.302292,36.424118
squeezed_Hà Nội,2017-01-01,16.532768,47.17865,19.490583,47.32736,20.91137,47.11735,21.66051,47.336407,18.302292,47.36401,23.50753,46.995186
squeezed_Hà Nội,2017-02-01,19.490583,57.99453,20.91137,58.15523,21.66051,57.97042,18.302292,58.07825,23.50753,58.168175,22.383818,57.74385
squeezed_Hà Nội,2017-03-01,20.91137,64.42686,21.66051,64.56173,18.302292,64.34496,23.50753,64.43388,22.383818,64.50086,14.182015,64.02695
squeezed_Hà Nội,2017-04-01,21.66051,56.409973,18.302292,56.49403,23.50753,56.23545,22.383818,56.44706,14.182015,56.40437,20.381804,55.932976
squeezed_Hà Nội,2017-05-01,18.302292,46.92117,23.50753,46.999714,22.383818,46.711887,14.182015,47.02714,20.381804,46.920948,16.041952,46.514023
squeezed_Hà Nội,2017-06-01,23.50753,44.480473,22.383818,44.57635,14.182015,44.279434,20.381804,44.626213,16.041952,44.50793,17.75981,44.116608
squeezed_Hà Nội,2017-07-01,22.383818,41.690197,14.182015,41.77688,20.381804,41.489174,16.041952,41.847008,17.75981,41.72672,14.707183,41.366707
squeezed_Hà Nội,2017-08-01,14.182015,39.435246,20.381804,39.505028,16.041952,39.243454,17.75981,39.58546,14.707183,39.492374,0.0,39.158028
squeezed_Hà Nội,2017-09-01,20.381804,39.73605,16.041952,39.78422,17.75981,39.565575,14.707183,39.869816,0.0,39.812817,16.476088,39.482994
squeezed_Hà Nội,2017-10-01,16.041952,38.068394,17.75981,38.091934,14.707183,37.88669,0.0,38.210228,16.476088,38.122574,0.0,37.778305
squeezed_Hà Nội,2017-11-01,17.75981,32.853027,14.707183,32.88766,0.0,32.707863,16.476088,32.9993,0.0,32.89811,11.219913,32.55838
squeezed_Hà Nội,2017-12-01,14.707183,37.142815,0.0,37.195183,16.476088,37.040997,0.0,37.250195,11.219913,37.257126,15.869606,36.952805
squeezed_Hà Tĩnh,2016-01-01,238.96739,102.85606,231.15181,102.89644,314.9917,102.76472,245.83563,102.76149,251.04602,102.94178,200.83682,102.178894
squeezed_Hà Tĩnh,2016-02-01,231.15181,156.90674,314.9917,156.72505,245.83563,156.56491,251.04602,156.42207,200.83682,156.48769,214.5733,155.3092
squeezed_Hà Tĩnh,2016-03-01,314.9917,164.32205,245.83563,163.78546,251.04602,163.64139,200.83682,163.48108,214.5733,163.42029,215.4417,162.19048
squeezed_Hà Tĩnh,2016-04-01,245.83563,155.94379,251.04602,155.25758,200.83682,155.00635,214.5733,154.94986,215.4417,154.79024,264.5457,153.69485
squeezed_Hà Tĩnh,2016-05-01,251.04602,152.77582,200.83682,152.1395,214.5733,151.77374,215.4417,151.80284,264.5457,151.56764,184.10042,150.53806
squeezed_Hà Tĩnh,2016-06-01,200.83682,156.14618,214.5733,155.62956,215.4417,155.2164,264.5457,155.1744,184.10042,154.99869,120.23368,153.99025
squeezed_Hà Tĩnh,2016-07-01,214.5733,167.63882,215.4417,167.26454,264.5457,166.89436,184.10042,166.69344,120.23368,166.60939,185.68513,165.54066
squeezed_Hà Tĩnh,2016-08-01,215.4417,173.35309,264.5457,173.0989,184.10042,172.74365,120.23368,172.54195,185.68513,172.41829,205.14833,171.32515
squeezed_Hà Tĩnh,2016-09-01,264.5457,182.38615,184.10042,182.2349,120.23368,181.89764,185.68513,181.68346,205.14833,181.53024,307.95795,180.39516
squeezed_Hà Tĩnh,2016-10-01,184.10042,192.61308,120.23368,192.48672,185.68513,192.20781,205.14833,191.86006,307.95795,191.82465,260.71262,190.6571
squeezed_Hà Tĩnh,2016-11-01,120.23368,213.66708,185.68513,213.506,205.14833,213.39987,307.95795,212.82413,260.71262,212.95201,216.44954,211.67409
squeezed_Hà Tĩnh,2016-12-01,185.68513,229.7199,205.14833,229.48392,307.95795,229.55319,260.71262,228.82904,216.44954,229.03917,223.59128,227.62437
squeezed_Hà Tĩnh,2017-01-01,205.14833,224.02666,307.95795,223.78596,260.71262,223.76353,216.44954,223.08145,223.59128,223.38322,204.99136,221.75772
squeezed_Hà Tĩnh,2017-02-01,307.95795,210.27892,260.71262,209.97173,216.44954,209.81366,223.59128,209.30008,204.99136,209.52266,203.10783,207.85616
squeezed_Hà Tĩnh,2017-03-01,260.71262,198.54329,216.44954,198.08577,223.59128,197.92764,204.99136,197.50134,203.10783,197.58429,226.18114,196.12155
squeezed_Hà Tĩnh,2017-04-01,216.44954,192.54211,223.59128,192.03877,204.99136,191.87225,203.10783,191.40498,226.18114,191.49887,212.91791,190.23816
squeezed_Hà Tĩnh,2017-05-01,223.59128,189.23619,204.99136,188.70122,203.10783,188.52934,226.18114,187.95734,212.91791,188.16158,167.5561,187.01678
squeezed_Hà Tĩnh,2017-06-01,204.99136,194.12294,203.10783,193.60678,226.18114,193.52406,212.91791,192.91753,167.5561,193.10098,163.31816,191.926
squeezed_Hà Tĩnh,2017-07-01,203.10783,200.58487,226.18114,200.13826,212.91791,200.13792,167.5561,199.5521,163.31816,199.65135,144.631,198.447
squeezed_Hà Tĩnh,2017-08-01,226.18114,203.63629,212.91791,203.2769,167.5561,203.27675,163.31816,202.73415,144.631,202.77414,177.89926,201.5853
squeezed_Hà Tĩnh,2017-09-01,212.91791,204.83177,167.5561,204.57079,163.31816,204.5132,144.631,204.02267,177.89926,204.0267,198.12573,202.86884
squeezed_Hà Tĩnh,2017-10-01,167.5561,204.62393,163.31816,204.42902,144.631,204.28705,177.89926,203.8298,198.12573,203.82216,177.04022,202.70082
squeezed_Hà Tĩnh,2017-11-01,163.31816,218.05592,144.631,217.88556,177.89926,217.88695,198.12573,217.42831,177.04022,217.35013,152.44046,216.21982
squeezed_Hà Tĩnh,2017-12-01,144.631,235.53384,177.89926,235.30484,198.12573,235.50682,177.04022,234.99826,152.44046,234.86774,136.0406,233.76268
squeezed_Hòa Bình,2016-01-01,75.78491,222.4445,126.669075,222.2387,130.87935,222.24475,136.65343,221.71318,105.978584,221.76868,98.039215,220.42392
squeezed_Hòa Bình,2016-02-01,126.669075,206.45602,130.87935,206.09016,136.65343,206.0282,105.978584,205.5094,98.039215,205.60695,95.63335,204.27792
squeezed_Hòa Bình,2016-03-01,130.87935,191.713,136.65343,191.17975,105.978584,191.02983,98.039215,190.46896,95.63335,190.64134,119.93263,189.48453
squeezed_Hòa Bình,2016-04-01,136.65343,174.09563,105.978584,173.49533,98.039215,173.21118,95.63335,172.85272,119.93263,172.84694,103.091545,171.7718
squeezed_Hòa Bình,2016-05-01,105.978584,141.92842,98.039215,141.28677,95.63335,140.93117,119.93263,140.99094,103.091545,140.68242,102.24949,139.67714
squeezed_Hòa Bình,2016-06-01,98.039215,115.80189,95.63335,115.215866,119.93263,114.678635,103.091545,115.183975,102.24949,114.55699,16.841093,113.78586
squeezed_Hòa Bình,2016-07-01,95.63335,94.844795,119.93263,94.369576,103.091545,93.69195,102.24949,94.504776,16.841093,93.679245,54.43787,93.12
squeezed_Hòa Bình,2016-08-01,119.93263,83.754776,103.091545,83.36062,102.24949,82.65861,16.841093,83.54189,54.43787,82.6748,0.0,82.2393
squeezed_Hòa Bình,2016-09-01,103.091545,81.249016,102.24949,80.902374,16.841093,80.171486,54.43787,81.07818,0.0,80.253716,124.73373,79.80825
squeezed_Hòa Bình,2016-10-01,102.24949,77.534,16.841093,77.128395,54.43787,76.47244,0.0,77.33958,124.73373,76.61265,139.1716,76.1661
squeezed_Hòa Bình,2016-11-01,16.841093,76.690605,54.43787,76.21512,0.0,75.61876,124.73373,76.44246,139.1716,75.83923,125.2071,75.36255
squeezed_Hòa Bình,2016-12-01,54.43787,81.73488,0.0,81.22194,124.73373,80.67086,139.1716,81.46931,125.2071,80.96682,90.76923,80.42113
squeezed_Hòa Bình,2017-01-01,0.0,85.902596,124.73373,85.36443,139.1716,84.89641,125.2071,85.59478,90.76923,85.25144,92.30769,84.59341
squeezed_Hòa Bình,2017-02-01,124.73373,89.00871,139.1716,88.49086,125.2071,88.10815,90.76923,88.6642,92.30769,88.5007,129.46745,87.74999
squeezed_Hòa Bình,2017-03-01,139.1716,90.67663,125.2071,90.173294,90.76923,89.83038,92.30769,90.2919,129.46745,90.256065,144.49704,89.435234
squeezed_Hòa Bình,2017-04-01,125.2071,92.19171,90.76923,91.68846,92.30769,91.4267,129.46745,91.78328,144.49704,91.83996,108.63905,90.955
squeezed_Hòa Bình,2017-05-01,90.76923,89.70076,92.30769,89.192085,129.46745,88.86724,144.49704,89.2932,108.63905,89.31221,0.0,88.40268
squeezed_Hòa Bình,2017-06-01,92.30769,87.02401,129.46745,86.52958,144.49704,86.13974,108.63905,86.6426,0.0,86.59451,66.50887,85.701584
squeezed_Hòa Bình,2017-07-01,129.46745,81.04301,144.49704,80.565445,108.63905,80.11433,0.0,80.68519,66.50887,80.55384,66.43932,79.74749
squeezed_Hòa Bình,2017-08-01,144.49704,74.55725,108.63905,74.05862,0.0,73.63609,66.50887,74.22844,66.43932,74.02048,62.20602,73.317696
squeezed_Hòa Bình,2017-09-01,108.63905,71.5278,0.0,71.00341,66.50887,70.67052,66.43932,71.226074,62.20602,71.007126,87.605835,70.33086
squeezed_Hòa Bình,2017-10-01,0.0,72.5269,66.50887,72.02287,66.43932,71.68532,62.20602,72.2621,87.605835,72.04094,0.0,71.34917
squeezed_Hòa Bình,2017-11-01,66.50887,82.44697,66.43932,81.9418,62.20602,81.70515,87.605835,82.18231,0.0,82.03316,77.610535,81.233826
squeezed_Hòa Bình,2017-12-01,66.43932,87.683586,62.20602,87.18639,87.605835,87.06817,0.0,87.41849,77.610535,87.33585,0.0,86.485146
squeezed_Hưng Yên,2016-01-01,117.24492,94.59522,111.60485,94.043106,117.50128,94.1024,115.877625,94.30569,108.69937,94.27597,85.711845,93.37095
squeezed_Hưng Yên,2016-02-01,111.60485,96.67364,117.50128,96.07693,115.877625,96.20539,108.69937,96.36347,85.711845,96.35631,105.87933,95.41014
squeezed_Hưng Yên,2016-03-01,117.50128,94.711044,115.877625,94.08093,108.69937,94.15732,85.711845,94.32997,105.87933,94.37447,110.66484,93.39213
squeezed_Hưng Yên,2016-04-01,115.877625,89.86036,108.69937,89.21125,85.711845,89.16039,105.87933,89.45196,110.66484,89.43095,94.94103,88.48644
squeezed_Hưng Yên,2016-05-01,108.69937,85.28824,85.711845,84.66708,105.87933,84.49257,110.66484,84.86376,94.94103,84.7854,108.87028,83.938774
squeezed_Hưng Yên,2016-06-01,85.711845,80.75196,105.87933,80.18913,110.66484,79.94885,94.94103,80.3607,108.87028,80.246414,94.85558,79.464165
squeezed_Hưng Yên,2016-07-01,105.87933,75.93375,110.66484,75.42546,94.94103,75.125656,108.87028,75.571884,94.85558,75.399254,84.96094,74.71067
squeezed_Hưng Yên,2016-08-01,110.66484,71.69473,94.94103,71.18624,108.87028,70.89425,94.85558,71.392044,84.96094,71.15687,85.367836,70.48966
squeezed_Hưng Yên,2016-09-01,94.94103,75.01164,108.87028,74.5246,94.85558,74.27927,84.96094,74.736374,85.367836,74.5484,111.73502,73.80524
squeezed_Hưng Yên,2016-10-01,108.87028,83.06955,94.85558,82.6298,84.96094,82.449776,85.367836,82.8229,111.73502,82.7132,103.84115,81.8627
squeezed_Hưng Yên,2016-11-01,94.85558,91.38393,84.96094,90.93817,85.367836,90.78065,111.73502,91.12081,103.84115,91.047035,95.54037,90.12552
squeezed_Hưng Yên,2016-12-01,84.96094,89.76587,85.367836,89.32393,111.73502,89.16797,103.84115,89.523056,95.54037,89.44504,104.08529,88.53784
squeezed_Hưng Yên,2017-01-01,85.367836,97.85996,111.73502,97.315796,103.84115,97.350235,95.54037,97.58212,104.08529,97.47103,86.751305,96.50934
squeezed_Hưng Yên,2017-02-01,111.73502,95.53518,103.84115,94.94557,95.54037,94.98274,104.08529,95.21531,86.751305,95.1252,108.23568,94.17797
squeezed_Hưng Yên,2017-03-01,103.84115,91.7395,95.54037,91.08289,104.08529,91.07045,86.751305,91.36868,108.23568,91.29795,104.00391,90.32774
squeezed_Hưng Yên,2017-04-01,95.54037,89.98792,104.08529,89.31562,86.751305,89.27544,108.23568,89.606476,104.00391,89.5489,100.504555,88.55629
squeezed_Hưng Yên,2017-05-01,104.08529,89.31567,86.751305,88.64726,108.23568,88.610985,104.00391,88.94166,100.504555,88.88181,96.92383,87.89035
squeezed_Hưng Yên,2017-06-01,86.751305,90.66878,108.23568,90.04335,104.00391,89.97874,100.504555,90.304306,96.92383,90.26404,107.25912,89.263435
squeezed_Hưng Yên,2017-07-01,108.23568,87.43141,104.00391,86.847694,100.504555,86.698875,96.92383,87.05457,107.25912,87.02016,105.60206,86.047195
squeezed_Hưng Yên,2017-08-01,104.00391,84.24351,100.504555,83.69838,96.92383,83.51488,107.25912,83.884636,105.60206,83.826385,91.35544,82.89016
squeezed_Hưng Yên,2017-09-01,100.504555,86.74246,96.92383,86.22208,107.25912,86.06046,105.60206,86.41231,91.35544,86.330925,118.07791,85.404854
squeezed_Hưng Yên,2017-10-01,96.92383,93.97278,107.25912,93.52758,105.60206,93.40616,91.35544,93.707924,118.07791,93.6549,93.609146,92.697586
squeezed_Hưng Yên,2017-11-01,107.25912,104.61071,105.60206,104.22485,91.35544,104.13681,118.07791,104.32249,93.609146,104.34578,95.701866,103.377365
squeezed_Hưng Yên,2017-12-01,105.60206,96.888756,91.35544,96.38994,118.07791,96.274025,93.609146,96.51015,95.701866,96.51789,93.367676,95.541534
squeezed_Hải Dương,2016-01-01,121.51417,93.67622,126.04995,93.178055,116.19442,93.044525,117.034386,93.3439,108.80278,93.28384,109.194756,92.28596
squeezed_Hải Dương,2016-02-01,126.04995,91.93802,116.19442,91.38997,117.034386,91.23816,108.80278,91.61442,109.194756,91.543686,106.2269,90.51864
squeezed_Hải Dương,2016-03-01,116.19442,89.73889,117.034386,89.13152,108.80278,89.05293,109.194756,89.41071,106.2269,89.36177,108.130806,88.34954
squeezed_Hải Dương,2016-04-01,117.034386,87.6437,108.80278,87.03539,109.194756,86.96203,106.2269,87.32509,108.130806,87.26191,104.155,86.29648
squeezed_Hải Dương,2016-05-01,108.80278,85.14907,109.194756,84.56817,106.2269,84.4534,108.130806,84.86837,104.155,84.77577,100.40318,83.885544
squeezed_Hải Dương,2016-06-01,109.194756,88.27369,106.2269,87.758156,108.130806,87.6532,104.155,88.08699,100.40318,87.96967,43.789898,87.08901
squeezed_Hải Dương,2016-07-01,106.2269,92.3866,108.130806,91.93704,104.155,91.85359,100.40318,92.29136,43.789898,92.160736,69.058685,91.25362
squeezed_Hải Dương,2016-08-01,108.130806,95.019714,104.155,94.65203,100.40318,94.53938,43.789898,95.0058,69.058685,94.86494,0.0,93.95861
squeezed_Hải Dương,2016-09-01,104.155,100.2232,100.40318,99.90555,43.789898,99.77916,69.058685,100.18432,0.0,100.083664,0.0,99.15045
squeezed_Hải Dương,2016-10-01,100.40318,102.64055,43.789898,102.36933,69.058685,102.12164,0.0,102.52575,0.0,102.44981,74.08408,101.522865
squeezed_Hải Dương,2016-11-01,43.789898,105.33038,69.058685,105.06779,0.0,104.68187,0.0,105.15717,74.08408,104.998856,0.0,104.10253
squeezed_Hải Dương,2016-12-01,69.058685,104.28408,0.0,103.99058,0.0,103.586334,74.08408,104.00884,0.0,103.95106,0.0,103.03179
squeezed_Hải Dương,2017-01-01,0.0,96.399994,0.0,95.97494,74.08408,95.70223,0.0,96.02195,0.0,96.16878,76.353615,95.11056
squeezed_Hải Dương,2017-02-01,0.0,88.56675,74.08408,88.10789,0.0,87.82281,0.0,88.22952,76.353615,88.29076,87.917435,87.281586
squeezed_Hải Dương,2017-03-01,74.08408,87.86107,0.0,87.3633,0.0,87.05168,76.353615,87.545815,87.917435,87.53835,0.0,86.53633
squeezed_Hải Dương,2017-04-01,0.0,92.54193,0.0,92.080696,76.353615,91.770615,87.917435,92.27177,0.0,92.2313,80.67654,91.24258
squeezed_Hải Dương,2017-05-01,0.0,97.3908,76.353615,96.965416,87.917435,96.63076,0.0,97.13524,80.67654,97.093445,75.21885,96.11074
squeezed_Hải Dương,2017-06-01,76.353615,105.03628,87.917435,104.66531,0.0,104.32814,80.67654,104.80172,75.21885,104.77622,83.86469,103.776344
squeezed_Hải Dương,2017-07-01,87.917435,106.2338,0.0,105.88188,80.67654,105.44799,75.21885,105.93099,83.86469,105.9222,72.00298,104.92762
squeezed_Hải Dương,2017-08-01,0.0,106.49653,80.67654,106.123566,75.21885,105.623436,83.86469,106.10589,72.00298,106.05905,70.61831,105.09688
squeezed_Hải Dương,2017-09-01,80.67654,106.68605,75.21885,106.30217,83.86469,105.761894,72.00298,106.23368,70.61831,106.11335,0.0,105.210884
squeezed_Hải Dương,2017-10-01,75.21885,103.977036,83.86469,103.59611,72.00298,103.03812,70.61831,103.52193,0.0,103.309784,68.27502,102.50364
squeezed_Hải Dương,2017-11-01,83.86469,100.73539,72.00298,100.37754,70.61831,99.84363,0.0,100.32231,68.27502,100.15787,68.1685,99.31959
squeezed_Hải Dương,2017-12-01,72.00298,94.79344,70.61831,94.41569,0.0,93.907585,68.27502,94.42728,68.1685,94.15661,0.0,93.34827
squeezed_Hải Phòng,2016-01-01,24.182148,77.93677,28.018982,77.51978,24.888933,77.02003,25.39378,77.6179,26.201534,77.34423,27.009289,76.65944
squeezed_Hải Phòng,2016-02-01,28.018982,67.912476,24.888933,67.50554,25.39378,66.99014,26.201534,67.68268,27.009289,67.335144,28.877222,66.77615
squeezed_Hải Phòng,2016-03-01,24.888933,65.45782,25.39378,65.074295,26.201534,64.53914,27.009289,65.27462,28.877222,64.91169,31.9063,64.38276
squeezed_Hải Phòng,2016-04-01,25.39378,59.79552,26.201534,59.448593,27.009289,58.976925,28.877222,59.648575,31.9063,59.267307,18.527868,58.836365
squeezed_Hải Phòng,2016-05-01,26.201534,54.4322,27.009289,54.17031,28.877222,53.75155,31.9063,54.39788,18.527868,53.99993,17.417206,53.61222
squeezed_Hải Phòng,2016-06-01,27.009289,47.922146,28.877222,47.745323,31.9063,47.381565,18.527868,47.973072,17.417206,47.593403,22.718094,47.25425
squeezed_Hải Phòng,2016-07-01,28.877222,43.691113,31.9063,43.540455,18.527868,43.198494,17.417206,43.76693,22.718094,43.425743,0.0,43.106262
squeezed_Hải Phòng,2016-08-01,31.9063,40.16434,18.527868,40.047306,17.417206,39.733566,22.718094,40.252934,0.0,39.97061,0.0,39.671402
squeezed_Hải Phòng,2016-09-01,18.527868,37.12373,17.417206,37.055683,22.718094,36.744175,0.0,37.25433,0.0,37.004707,0.0,36.70957
squeezed_Hải Phòng,2016-10-01,17.417206,34.82624,22.718094,34.76695,0.0,34.487408,0.0,34.96616,0.0,34.783947,0.0,34.496235
squeezed_Hải Phòng,2016-11-01,22.718094,31.719246,0.0,31.70811,0.0,31.426872,0.0,31.882298,0.0,31.731525,0.0,31.486908
squeezed_Hải Phòng,2016-12-01,0.0,33.090343,0.0,33.099064,0.0,32.847965,0.0,33.23009,0.0,33.132076,0.0,32.884586
squeezed_Hải Phòng,2017-01-01,0.0,37.684307,0.0,37.658684,0.0,37.44683,0.0,37.807922,0.0,37.706215,0.0,37.448654
squeezed_Hải Phòng,2017-02-01,0.0,40.97847,0.0,40.916817,0.0,40.74714,0.0,41.074673,0.0,41.005943,0.0,40.734642
squeezed_Hải Phòng,2017-03-01,0.0,44.59312,0.0,44.492203,0.0,44.347244,0.0,44.624992,0.0,44.61988,0.0,44.340813
squeezed_Hải Phòng,2017-04-01,0.0,44.786617,0.0,44.677853,0.0,44.537537,0.0,44.795097,0.0,44.807354,0.0,44.5532
squeezed_Hải Phòng,2017-05-01,0.0,44.55401,0.0,44.45102,0.0,44.292458,0.0,44.58225,0.0,44.546543,0.0,44.32183
squeezed_Hải Phòng,2017-06-01,0.0,44.07537,0.0,44.00424,0.0,43.825848,0.0,44.131966,0.0,44.064278,0.0,43.835762
squeezed_Hải Phòng,2017-07-01,0.0,42.819916,0.0,42.739624,0.0,42.566635,0.0,42.875916,0.0,42.786175,0.0,42.565956
squeezed_Hải Phòng,2017-08-01,0.0,42.014275,0.0,41.90309,0.0,41.75627,0.0,42.046883,0.0,41.974133,0.0,41.750114
squeezed_Hải Phòng,2017-09-01,0.0,39.970215,0.0,39.875504,0.0,39.716537,0.0,40.02719,0.0,39.929485,0.0,39.711205
squeezed_Hải Phòng,2017-10-01,0.0,41.49666,0.0,41.36553,0.0,41.231556,0.0,41.519398,0.0,41.47209,0.0,41.235916
squeezed_Hải Phòng,2017-11-01,0.0,41.006424,0.0,40.89365,0.0,40.749317,0.0,41.05094,0.0,41.0108,0.0,40.772507
squeezed_Hải Phòng,2017-12-01,0.0,41.918644,0.0,41.812004,0.0,41.65373,0.0,41.9611,0.0,41.90155,0.0,41.64984
squeezed_Khánh Hòa,2016-01-01,91.20119,61.34133,100.67557,61.202232,118.14137,61.001896,111.13857,61.26279,105.042015,61.19291,125.14417,60.825363
squeezed_Khánh Hòa,2016-02-01,100.67557,74.89813,118.14137,74.77805,111.13857,74.37572,105.042015,74.71103,125.14417,74.61368,129.0987,74.03564
squeezed_Khánh Hòa,2016-03-01,118.14137,88.42291,111.13857,88.215385,105.042015,87.797264,125.14417,88.054405,129.0987,88.00966,104.05338,87.264626
squeezed_Khánh Hòa,2016-04-01,111.13857,102.17862,105.042015,101.87637,125.14417,101.47766,129.0987,101.65894,104.05338,101.63417,123.826004,100.7955
squeezed_Khánh Hòa,2016-05-01,105.042015,115.827034,125.14417,115.44739,129.0987,115.06639,104.05338,115.17919,123.826004,115.13624,133.95947,114.21613
squeezed_Khánh Hòa,2016-06-01,125.14417,129.98347,129.0987,129.47217,104.05338,129.13399,123.826004,129.15376,133.95947,129.0976,133.95947,128.07657
squeezed_Khánh Hòa,2016-07-01,129.0987,138.83017,104.05338,138.16943,123.826004,137.8935,133.95947,137.83702,133.95947,137.77318,116.41865,136.69835
squeezed_Khánh Hòa,2016-08-01,104.05338,142.4204,123.826004,141.67032,133.95947,141.42653,133.95947,141.30792,116.41865,141.2528,147.24986,140.15955
squeezed_Khánh Hòa,2016-09-01,123.826004,146.61378,133.95947,145.81267,133.95947,145.60345,116.41865,145.43982,147.24986,145.37814,0.0,144.26985
squeezed_Khánh Hòa,2016-10-01,133.95947,147.03427,133.95947,146.22723,116.41865,146.00725,147.24986,145.83519,0.0,145.78534,0.0,144.68584
squeezed_Khánh Hòa,2016-11-01,133.95947,147.28596,116.41865,146.4236,147.24986,146.21455,0.0,146.02821,0.0,145.98364,123.90035,144.89154
squeezed_Khánh Hòa,2016-12-01,116.41865,145.90627,147.24986,145.01927,0.0,144.78667,0.0,144.61346,123.90035,144.583,0.0,143.4906
squeezed_Khánh Hòa,2017-01-01,147.24986,143.61823,0.0,142.75446,0.0,142.47302,123.90035,142.351,0.0,142.30093,0.0,141.2198
squeezed_Khánh Hòa,2017-02-01,0.0,143.41946,0.0,142.54704,123.90035,142.26123,0.0,142.14195,0.0,142.09268,0.0,141.04155
squeezed_Khánh Hòa,2017-03-01,0.0,133.30975,123.90035,132.46439,0.0,132.08682,0.0,132.14035,0.0,132.00879,0.0,131.02426
squeezed_Khánh Hòa,2017-04-01,123.90035,123.81907,0.0,123.07097,0.0,122.60686,0.0,122.859856,0.0,122.56346,0.0,121.61393
squeezed_Khánh Hòa,2017-05-01,0.0,112.81106,0.0,112.21602,0.0,111.67449,0.0,112.08036,0.0,111.67471,0.0,110.80656
squeezed_Khánh Hòa,2017-06-01,0.0,109.86269,0.0,109.310005,0.0,108.77282,0.0,109.20757,0.0,108.77776,0.0,107.92434
squeezed_Khánh Hòa,2017-07-01,0.0,96.74048,0.0,96.32641,0.0,95.79871,0.0,96.33046,0.0,95.818214,158.35034,95.04221
squeezed_Khánh Hòa,2017-08-01,0.0,83.17654,0.0,82.81576,0.0,82.27172,0.0,82.94846,158.35034,82.29713,130.25725,81.72273
squeezed_Khánh Hòa,2017-09-01,0.0,78.68124,0.0,78.327225,0.0,77.81234,158.35034,78.534874,130.25725,77.872055,130.17558,77.32577
squeezed_Khánh Hòa,2017-10-01,0.0,75.65768,0.0,75.26086,158.35034,74.7575,130.25725,75.50229,130.17558,74.919266,121.437325,74.33669
squeezed_Khánh Hòa,2017-11-01,0.0,66.68582,158.35034,66.28999,130.25725,65.75473,130.17558,66.53901,121.437325,66.01767,0.0,65.5062
squeezed_Khánh Hòa,2017-12-01,158.35034,62.75388,130.25725,62.344208,130.17558,61.82394,121.437325,62.603527,0.0,62.123547,135.48387,61.631035
squeezed_Kiên Giang,2016-01-01,11.087972,57.027504,6.922947,56.645714,6.810379,56.160347,7.0355153,56.922222,14.74644,56.410263,11.425676,55.974426
squeezed_Kiên Giang,2016-02-01,6.922947,53.517036,6.810379,53.14351,7.0355153,52.67595,14.74644,53.407097,11.425676,52.913803,16.603817,52.504425
squeezed_Kiên Giang,2016-03-01,6.810379,48.258286,7.0355153,47.931705,14.74644,47.512215,11.425676,48.1764,16.603817,47.706406,17.054089,47.317757
squeezed_Kiên Giang,2016-04-01,7.0355153,43.999817,14.74644,43.732292,11.425676,43.413773,16.603817,43.98255,17.054089,43.507538,9.399448,43.177666
squeezed_Kiên Giang,2016-05-01,14.74644,39.62034,11.425676,39.39458,16.603817,39.160694,17.054089,39.632877,9.399448,39.197132,13.451905,38.91857
squeezed_Kiên Giang,2016-06-01,11.425676,35.54826,16.603817,35.366096,17.054089,35.153507,9.399448,35.588284,13.451905,35.166306,13.451905,34.929684
squeezed_Kiên Giang,2016-07-01,16.603817,31.624517,17.054089,31.47822,9.399448,31.275679,13.451905,31.67626,13.451905,31.278625,10.391733,31.053112
squeezed_Kiên Giang,2016-08-01,17.054089,27.327065,9.399448,27.212,13.451905,27.018415,13.451905,27.383259,10.391733,27.014267,7.9981318,26.77869
squeezed_Kiên Giang,2016-09-01,9.399448,21.871807,13.451905,21.782148,13.451905,21.591467,10.391733,21.928017,7.9981318,21.602182,8.348415,21.343674
squeezed_Kiên Giang,2016-10-01,13.451905,17.129337,13.451905,17.052986,10.391733,16.879793,7.9981318,17.173847,8.348415,16.925745,7.8229904,16.634819
squeezed_Kiên Giang,2016-11-01,13.451905,15.639435,10.391733,15.567313,7.9981318,15.39132,8.348415,15.671929,7.8229904,15.472822,8.348415,15.141319
squeezed_Kiên Giang,2016-12-01,10.391733,11.74963,7.9981318,11.672332,8.348415,11.506419,7.8229904,11.769306,8.348415,11.631748,11.325822,11.290579
squeezed_Kiên Giang,2017-01-01,7.9981318,9.310537,8.348415,9.233849,7.8229904,9.079511,8.348415,9.322902,11.325822,9.22714,15.120556,8.89054
squeezed_Kiên Giang,2017-02-01,8.348415,9.1648655,7.8229904,9.073573,8.348415,8.9369335,11.325822,9.150448,15.120556,9.07781,13.135618,8.754462
squeezed_Kiên Giang,2017-03-01,7.8229904,8.267187,8.348415,8.158776,11.325822,8.052194,15.120556,8.240695,13.135618,8.163938,14.770272,7.86413
squeezed_Kiên Giang,2017-04-01,8.348415,8.516728,11.325822,8.414665,15.120556,8.316084,13.135618,8.489336,14.770272,8.403889,10.742017,8.11366
squeezed_Kiên Giang,2017-05-01,11.325822,8.38973,15.120556,8.28368,13.135618,8.20088,14.770272,8.359148,10.742017,8.270485,11.267441,7.9870944
squeezed_Kiên Giang,2017-06-01,15.120556,7.198249,13.135618,7.0895452,14.770272,7.0017543,10.742017,7.1651945,11.267441,7.0735426,13.427521,6.8013835
squeezed_Kiên Giang,2017-07-01,13.135618,6.8663282,14.770272,6.7665954,10.742017,6.6786604,11.267441,6.8370576,13.427521,6.7517524,8.497759,6.477416
squeezed_Kiên Giang,2017-08-01,14.770272,6.8582716,10.742017,6.766295,11.267441,6.665437,13.427521,6.8334913,8.497759,6.7450967,6.3442173,6.46209
squeezed_Kiên Giang,2017-09-01,10.742017,6.6724195,11.267441,6.580786,13.427521,6.469507,8.497759,6.6422334,6.3442173,6.563981,9.370816,6.2694016
squeezed_Kiên Giang,2017-10-01,11.267441,6.8885756,13.427521,6.7960286,8.497759,6.656997,6.3442173,6.844667,9.370816,6.788021,5.9367905,6.439312
squeezed_Kiên Giang,2017-11-01,13.427521,6.4622297,8.497759,6.3695574,6.3442173,6.2250576,9.370816,6.4181013,5.9367905,6.379711,4.830918,6.010724
squeezed_Kiên Giang,2017-12-01,8.497759,5.9522,6.3442173,5.8599296,9.370816,5.7203135,5.9367905,5.9130645,4.830918,5.8823276,3.8996565,5.511883
squeezed_Kon Tum,2016-01-01,184.52147,109.29964,242.6152,109.05158,156.36078,109.07038,193.974,108.96941,172.90273,108.91068,169.75188,108.06581
squeezed_Kon Tum,2016-02-01,242.6152,158.22954,156.36078,157.73412,193.974,157.63579,172.90273,157.50143,169.75188,157.35194,207.75896,156.01082
squeezed_Kon Tum,2016-03-01,156.36078,165.3898,193.974,164.69199,172.90273,164.58571,169.75188,164.44038,207.75896,164.22278,244.7814,162.99397
squeezed_Kon Tum,2016-04-01,193.974,176.66327,172.90273,175.99329,169.75188,175.82652,207.75896,175.64034,244.7814,175.41806,218.39307,174.25458
squeezed_Kon Tum,2016-05-01,172.90273,185.914,169.75188,185.3772,207.75896,185.14531,244.7814,184.96594,218.39307,184.73991,220.16542,183.58556
squeezed_Kon Tum,2016-06-01,169.75188,198.23409,207.75896,197.8783,244.7814,197.63727,218.39307,197.42139,220.16542,197.246,56.32139,196.0618
squeezed_Kon Tum,2016-07-01,207.75896,205.66852,244.7814,205.40512,218.39307,205.21327,220.16542,204.95082,56.32139,204.81909,153.6243,203.6247
squeezed_Kon Tum,2016-08-01,244.7814,201.67674,218.39307,201.3637,220.16542,201.12646,56.32139,200.88153,153.6243,200.75081,130.16728,199.56595
squeezed_Kon Tum,2016-09-01,218.39307,198.73332,220.16542,198.38232,56.32139,198.14317,153.6243,197.90453,130.16728,197.76514,146.89482,196.61853
squeezed_Kon Tum,2016-10-01,220.16542,197.20445,56.32139,196.82466,153.6243,196.57681,130.16728,196.37048,146.89482,196.19806,149.39435,195.07224
squeezed_Kon Tum,2016-11-01,56.32139,204.65852,153.6243,204.29602,130.16728,204.09305,146.89482,203.85117,149.39435,203.71112,133.2436,202.55939
squeezed_Kon Tum,2016-12-01,153.6243,216.99825,130.16728,216.71182,146.89482,216.54587,149.39435,216.17719,133.2436,216.17046,166.31416,214.90456
squeezed_Kon Tum,2017-01-01,130.16728,216.19948,146.89482,215.94511,149.39435,215.68013,133.2436,215.29323,166.31416,215.38512,171.3132,213.98216
squeezed_Kon Tum,2017-02-01,146.89482,211.09195,149.39435,210.80498,133.2436,210.51248,166.31416,210.18285,171.3132,210.20532,172.46683,208.78389
squeezed_Kon Tum,2017-03-01,149.39435,213.35252,133.2436,213.0925,166.31416,212.83682,171.3132,212.50636,172.46683,212.47939,230.91713,211.1139
squeezed_Kon Tum,2017-04-01,133.2436,228.78134,166.31416,228.59988,171.3132,228.49222,172.46683,228.03896,230.91713,228.07498,218.6118,226.6991
squeezed_Kon Tum,2017-05-01,166.31416,252.18706,171.3132,252.02917,172.46683,252.17918,230.91713,251.62727,218.6118,251.64565,181.50356,250.25513
squeezed_Kon Tum,2017-06-01,171.3132,259.31604,172.46683,259.15857,230.91713,259.38736,218.6118,258.83408,181.50356,258.8206,181.69583,257.43268
squeezed_Kon Tum,2017-07-01,172.46683,260.14386,230.91713,259.97226,218.6118,260.22067,181.50356,259.66534,181.69583,259.63947,0.0,258.25476
squeezed_Kon Tum,2017-08-01,230.91713,255.25778,218.6118,255.03711,181.50356,255.24878,181.69583,254.7146,0.0,254.67653,0.0,253.28674
squeezed_Kon Tum,2017-09-01,218.6118,235.14038,181.50356,234.69876,181.69583,234.78098,0.0,234.32237,0.0,234.35791,0.0,232.89526
squeezed_Kon Tum,2017-10-01,181.50356,188.72136,181.69583,188.08871,0.0,187.82744,0.0,187.61311,0.0,187.5879,0.0,186.19464
squeezed_Kon Tum,2017-11-01,181.69583,163.68437,0.0,162.9723,0.0,162.73575,0.0,162.6506,0.0,162.4158,0.0,161.35765
squeezed_Kon Tum,2017-12-01,0.0,166.36385,0.0,165.62741,0.0,165.39319,0.0,165.32884,0.0,165.06561,0.0,164.10513
squeezed_Lai Châu,2016-01-01,278.89908,214.28926,342.66055,214.02008,309.63303,213.87498,234.86238,213.55882,254.81651,213.44547,231.42201,212.20776
squeezed_Lai Châu,2016-02-01,342.66055,245.02164,309.63303,244.91438,234.86238,244.996,254.81651,244.53616,231.42201,244.50232,303.66974,243.13728
squeezed_Lai Châu,2016-03-01,309.63303,256.55957,234.86238,256.43335,254.81651,256.64362,231.42201,256.10593,303.66974,256.10303,291.97247,254.70589
squeezed_Lai Châu,2016-04-01,234.86238,261.15738,254.81651,261.01056,231.42201,261.2653,303.66974,260.70648,291.97247,260.69376,263.76147,259.30817
squeezed_Lai Châu,2016-05-01,254.81651,262.4609,231.42201,262.30704,303.66974,262.5744,291.97247,262.00745,263.76147,261.99356,285.09174,260.61148
squeezed_Lai Châu,2016-06-01,231.42201,262.57898,303.66974,262.42453,291.97247,262.69305,263.76147,262.12558,285.09174,262.1113,229.12843,260.72974
squeezed_Lai Châu,2016-07-01,303.66974,262.5901,291.97247,262.4356,263.76147,262.70416,285.09174,262.13672,229.12843,262.12234,157.25534,260.74094
squeezed_Lai Châu,2016-08-01,291.97247,262.58966,263.76147,262.43515,285.09174,262.70367,229.12843,262.1362,157.25534,262.12192,0.0,260.7405
squeezed_Lai Châu,2016-09-01,263.76147,262.57687,285.09174,262.4221,229.12843,262.6905,157.25534,262.12305,0.0,262.10883,247.01912,260.72754
squeezed_Lai Châu,2016-10-01,285.09174,262.56253,229.12843,262.40756,157.25534,262.67572,0.0,262.10825,247.01912,262.09433,182.67717,260.71304
squeezed_Lai Châu,2016-11-01,229.12843,262.55576,157.25534,262.4006,0.0,262.66885,247.01912,262.10135,182.67717,262.08737,197.97525,260.70615
squeezed_Lai Châu,2016-12-01,157.25534,262.5076,0.0,262.3518,247.01912,262.61996,182.67717,262.0527,197.97525,262.03848,205.39932,260.6572
squeezed_Lai Châu,2017-01-01,0.0,262.54834,247.01912,262.39322,182.67717,262.66187,197.97525,262.09457,205.39932,262.08002,263.44208,260.69864
squeezed_Lai Châu,2017-02-01,247.01912,262.57263,182.67717,262.41794,197.97525,262.6865,205.39932,262.11914,263.44208,262.10474,0.0,260.72333
squeezed_Lai Châu,2017-03-01,182.67717,262.58035,197.97525,262.42578,205.39932,262.69434,263.44208,262.12686,0.0,262.11252,383.57706,260.73123
squeezed_Lai Châu,2017-04-01,197.97525,262.58554,205.39932,262.4309,263.44208,262.69946,0.0,262.13202,383.57706,262.1176,266.3667,260.73633
squeezed_Lai Châu,2017-05-01,205.39932,262.58316,263.44208,262.4285,0.0,262.697,383.57706,262.12955,266.3667,262.11526,257.5928,260.7339
squeezed_Lai Châu,2017-06-01,263.44208,262.5839,0.0,262.42926,383.57706,262.69772,266.3667,262.13025,257.5928,262.11594,217.09787,260.73456
squeezed_Lai Châu,2017-07-01,0.0,262.56628,383.57706,262.41125,266.3667,262.6795,257.5928,262.11215,217.09787,262.0979,216.5858,260.7166
squeezed_Lai Châu,2017-08-01,383.57706,262.237,266.3667,262.07175,257.5928,262.34473,217.09787,261.77744,216.5858,261.7569,203.573,260.37704
squeezed_Lai Châu,2017-09-01,266.3667,253.83983,257.5928,253.59956,217.09787,253.80827,216.5858,253.2719,203.573,253.21538,189.01633,251.85794
squeezed_Lai Châu,2017-10-01,257.5928,227.7885,217.09787,227.31711,216.5858,227.35295,203.573,226.90073,189.01633,226.90257,166.07852,225.47469
squeezed_Lai Châu,2017-11-01,217.09787,184.44595,216.5858,183.80959,203.573,183.52051,189.01633,183.28775,166.07852,183.21347,184.1641,181.85153
squeezed_Lai Châu,2017-12-01,216.5858,168.92163,203.573,168.23117,189.01633,167.9403,166.07852,167.78741,184.1641,167.65953,147.77238,166.57758
squeezed_Long An,2016-01-01,140.21199,115.20489,172.01128,114.67472,148.66496,114.15184,132.29572,114.67405,132.29572,114.11924,135.65007,113.13378
squeezed_Long An,2016-02-01,172.01128,97.42393,148.66496,97.06479,132.29572,96.47165,132.29572,97.19204,135.65007,96.4319,131.69194,95.720375
squeezed_Long An,2016-03-01,148.66496,94.31401,132.29572,93.942055,132.29572,93.3476,135.65007,94.098236,131.69194,93.29498,161.27734,92.66312
squeezed_Long An,2016-04-01,132.29572,99.90664,132.29572,99.54271,135.65007,98.95485,131.69194,99.67717,161.27734,98.87654,178.51872,98.203606
squeezed_Long An,2016-05-01,132.29572,103.228096,135.65007,102.89841,131.69194,102.32199,161.27734,103.004135,178.51872,102.23754,155.7762,101.51301
squeezed_Long An,2016-06-01,135.65007,99.425095,131.69194,99.10226,161.27734,98.52229,178.51872,99.220245,155.7762,98.44816,67.690865,97.76067
squeezed_Long An,2016-07-01,131.69194,92.32669,161.27734,91.972435,178.51872,91.38784,155.7762,92.13123,67.690865,91.34061,135.35463,90.736565
squeezed_Long An,2016-08-01,161.27734,85.042755,178.51872,84.654274,155.7762,84.03019,67.690865,84.85623,135.35463,84.040016,144.73921,83.532616
squeezed_Long An,2016-09-01,178.51872,76.982346,155.7762,76.54934,67.690865,75.920746,135.35463,76.8042,144.73921,76.022064,167.0577,75.57997
squeezed_Long An,2016-10-01,155.7762,67.00712,67.690865,66.55734,135.35463,65.95658,144.73921,66.84804,167.0577,66.191605,121.51838,65.75048
squeezed_Long An,2016-11-01,67.690865,59.557705,135.35463,59.122368,144.73921,58.54874,167.0577,59.419033,121.51838,58.847694,120.97696,58.422012
squeezed_Long An,2016-12-01,135.35463,56.347908,144.73921,55.966934,167.0577,55.385597,121.51838,56.25095,120.97696,55.711063,137.27968,55.296204
squeezed_Long An,2017-01-01,144.73921,51.945557,167.0577,51.595364,121.51838,51.0477,120.97696,51.846874,137.27968,51.356064,108.644646,50.956833
squeezed_Long An,2017-02-01,167.0577,52.20361,121.51838,51.89675,120.97696,51.43146,137.27968,52.122276,108.644646,51.674732,110.20875,51.257446
squeezed_Long An,2017-03-01,121.51838,58.444878,120.97696,58.119347,137.27968,57.753796,108.644646,58.33101,110.20875,57.9436,121.93948,57.444
squeezed_Long An,2017-04-01,120.97696,72.79475,137.27968,72.429245,108.644646,72.09047,110.20875,72.60039,121.93948,72.26178,121.75901,71.64566
squeezed_Long An,2017-05-01,137.27968,81.82602,108.644646,81.418106,110.20875,81.09167,121.93948,81.56917,121.75901,81.23912,136.79842,80.58078
squeezed_Long An,2017-06-01,108.644646,93.31665,110.20875,92.91402,121.93948,92.58442,121.75901,93.037384,136.79842,92.67756,124.34579,91.98823
squeezed_Long An,2017-07-01,110.20875,100.24639,121.93948,99.82978,121.75901,99.47807,136.79842,99.92575,124.34579,99.53229,119.12562,98.82806
squeezed_Long An,2017-08-01,121.93948,103.173775,121.75901,102.74903,136.79842,102.35597,124.34579,102.815765,119.12562,102.37961,108.463875,101.672165
squeezed_Long An,2017-09-01,121.75901,102.00204,136.79842,101.58706,124.34579,101.10579,119.12562,101.61841,108.463875,101.107475,109.65513,100.44522
squeezed_Long An,2017-10-01,136.79842,102.14388,124.34579,101.71236,119.12562,101.20296,108.463875,101.71625,109.65513,101.24344,108.046936,100.57748
squeezed_Long An,2017-11-01,124.34579,109.6441,119.12562,109.16283,108.463875,108.645546,109.65513,109.116554,108.046936,108.67546,97.74257,107.933105
squeezed_Long An,2017-12-01,119.12562,107.29878,108.463875,106.83597,109.65513,106.299866,108.046936,106.770935,97.74257,106.318436,89.0464,105.60294
squeezed_Lào Cai,2016-01-01,263.3348,172.47621,246.9677,171.92506,290.51587,171.71371,279.4096,171.73659,287.3009,171.47412,246.9677,170.21762
squeezed_Lào Cai,2016-02-01,246.9677,224.99678,290.51587,224.63869,279.4096,224.73428,287.3009,224.30974,246.9677,224.32391,172.00058,222.8656
squeezed_Lào Cai,2016-03-01,290.51587,254.57002,279.4096,254.36777,287.3009,254.6033,246.9677,254.05206,172.00058,254.06439,226.07043,252.65407
squeezed_Lào Cai,2016-04-01,279.4096,261.18896,287.3009,261.02603,246.9677,261.2885,172.00058,260.7246,226.07043,260.71463,287.7393,259.32776
squeezed_Lào Cai,2016-05-01,287.3009,262.35486,246.9677,262.1989,172.00058,262.46646,226.07043,261.89993,287.7393,261.88596,269.03406,260.50363
squeezed_Lào Cai,2016-06-01,246.9677,262.55188,172.00058,262.3971,226.07043,262.6655,287.7393,262.09836,269.03406,262.08383,238.63803,260.7023
squeezed_Lào Cai,2016-07-01,172.00058,262.58527,226.07043,262.4307,287.7393,262.69925,269.03406,262.13187,238.63803,262.11746,161.30399,260.73602
squeezed_Lào Cai,2016-08-01,226.07043,262.5884,287.7393,262.43384,269.03406,262.70236,238.63803,262.13492,161.30399,262.12064,0.0,260.73923
squeezed_Lào Cai,2016-09-01,287.7393,262.58395,269.03406,262.4293,238.63803,262.69794,161.30399,262.13043,0.0,262.11612,0.0,260.7348
squeezed_Lào Cai,2016-10-01,269.03406,262.58167,238.63803,262.42703,161.30399,262.69565,0.0,262.12808,0.0,262.1139,0.0,260.73254
squeezed_Lào Cai,2016-11-01,238.63803,262.58017,161.30399,262.42548,0.0,262.69406,0.0,262.1265,0.0,262.1123,165.53767,260.73102
squeezed_Lào Cai,2016-12-01,161.30399,262.57007,0.0,262.41525,0.0,262.68384,0.0,262.11624,165.53767,262.1021,146.62715,260.7208
squeezed_Lào Cai,2017-01-01,0.0,262.55362,0.0,262.3985,0.0,262.6671,165.53767,262.09952,146.62715,262.08548,147.89726,260.70425
squeezed_Lào Cai,2017-02-01,0.0,262.55112,0.0,262.39603,165.53767,262.6646,146.62715,262.09717,147.89726,262.08292,172.59384,260.70175
squeezed_Lào Cai,2017-03-01,0.0,262.53098,165.53767,262.37567,146.62715,262.6442,147.89726,262.077,172.59384,262.06265,206.1812,260.68146
squeezed_Lào Cai,2017-04-01,165.53767,262.4756,146.62715,262.31973,147.89726,262.5878,172.59384,262.02203,206.1812,262.00705,229.04318,260.6261
squeezed_Lào Cai,2017-05-01,146.62715,262.45865,147.89726,262.3027,172.59384,262.57047,206.1812,262.00534,229.04318,261.99057,180.21451,260.61
squeezed_Lào Cai,2017-06-01,147.89726,262.47336,172.59384,262.3178,206.1812,262.5857,229.04318,262.02036,180.21451,262.00546,0.0,260.62485
squeezed_Lào Cai,2017-07-01,172.59384,262.3264,206.1812,262.16983,229.04318,262.43634,180.21451,261.87308,0.0,261.85788,148.30743,260.47824
squeezed_Lào Cai,2017-08-01,206.1812,261.34082,229.04318,261.18347,180.21451,261.43542,0.0,260.87985,148.30743,260.86728,142.48058,259.48956
squeezed_Lào Cai,2017-09-01,229.04318,259.38452,180.21451,259.2248,0.0,259.45306,148.30743,258.90515,142.48058,258.91226,130.5494,257.5131
squeezed_Lào Cai,2017-10-01,180.21451,255.27855,0.0,255.10452,148.30743,255.29208,142.48058,254.75258,130.5494,254.81874,145.67148,253.34697
squeezed_Lào Cai,2017-11-01,0.0,241.24287,148.30743,240.95439,142.48058,241.0371,130.5494,240.49837,145.67148,240.73119,158.85127,239.11522
squeezed_Lào Cai,2017-12-01,148.30743,189.02116,142.48058,188.42459,130.5494,188.19205,145.67148,187.85895,158.85127,188.05661,123.05772,186.54958
squeezed_Lâm Đồng,2016-01-01,37.49418,135.03543,54.494644,134.32498,58.764168,133.92291,69.39916,134.12073,50.14749,133.8351,45.334576,132.83461
squeezed_Lâm Đồng,2016-02-01,54.494644,116.23918,58.764168,115.69915,69.39916,115.14138,50.14749,115.587265,45.334576,115.160034,45.800343,114.23357
squeezed_Lâm Đồng,2016-03-01,58.764168,117.44966,69.39916,117.002495,50.14749,116.43809,45.334576,116.88592,45.800343,116.47454,51.544792,115.524345
squeezed_Lâm Đồng,2016-04-01,69.39916,122.78012,50.14749,122.39095,45.334576,121.82943,45.800343,122.24659,51.544792,121.87617,102.23568,120.86074
squeezed_Lâm Đồng,2016-05-01,50.14749,117.19854,45.334576,116.75098,45.800343,116.18387,51.544792,116.65547,102.23568,116.234276,104.02112,115.17715
squeezed_Lâm Đồng,2016-06-01,45.334576,97.02642,45.800343,96.63046,51.544792,96.05928,102.23568,96.67476,104.02112,96.067505,104.02112,95.22241
squeezed_Lâm Đồng,2016-07-01,45.800343,74.760185,51.544792,74.510086,102.23568,73.90595,104.02112,74.64951,104.02112,73.89838,73.59713,73.368286
squeezed_Lâm Đồng,2016-08-01,51.544792,54.216705,102.23568,54.129513,104.02112,53.497303,104.02112,54.29313,73.59713,53.54889,83.196754,53.26676
squeezed_Lâm Đồng,2016-09-01,102.23568,38.520977,104.02112,38.4892,104.02112,38.00295,73.59713,38.67233,83.196754,38.166576,116.834465,37.93895
squeezed_Lâm Đồng,2016-10-01,104.02112,28.78776,104.02112,28.777496,73.59713,28.464558,83.196754,28.971653,116.834465,28.639128,53.38328,28.418657
squeezed_Lâm Đồng,2016-11-01,104.02112,21.82384,73.59713,21.821577,83.196754,21.607807,116.834465,21.988731,53.38328,21.745064,76.953094,21.508055
squeezed_Lâm Đồng,2016-12-01,73.59713,20.64326,83.196754,20.640257,116.834465,20.459528,53.38328,20.788385,76.953094,20.589811,93.654884,20.32022
squeezed_Lâm Đồng,2017-01-01,83.196754,31.660244,116.834465,31.675617,53.38328,31.527348,76.953094,31.803768,93.654884,31.69303,128.69742,31.378546
squeezed_Lâm Đồng,2017-02-01,116.834465,57.362236,53.38328,57.39866,76.953094,57.23886,93.654884,57.419235,128.69742,57.412395,97.869354,57.035866
squeezed_Lâm Đồng,2017-03-01,53.38328,87.63974,76.953094,87.66318,93.654884,87.463715,128.69742,87.5673,97.869354,87.59963,132.7558,87.05621
squeezed_Lâm Đồng,2017-04-01,76.953094,102.84896,93.654884,102.831436,128.69742,102.62114,97.869354,102.68556,132.7558,102.776825,147.19426,102.05216
squeezed_Lâm Đồng,2017-05-01,93.654884,113.14737,128.69742,113.09539,97.869354,112.81893,132.7558,112.878365,147.19426,112.96373,92.17201,112.15367
squeezed_Lâm Đồng,2017-06-01,128.69742,121.34957,97.869354,121.2066,132.7558,120.85689,147.19426,120.95696,92.17201,120.94649,80.855385,120.10039
squeezed_Lâm Đồng,2017-07-01,97.869354,120.72115,132.7558,120.479904,147.19426,120.07308,92.17201,120.28674,80.855385,120.12584,14.945021,119.26705
squeezed_Lâm Đồng,2017-08-01,132.7558,110.523186,147.19426,110.15247,92.17201,109.69948,80.855385,110.09195,14.945021,109.731186,67.52362,108.905556
squeezed_Lâm Đồng,2017-09-01,147.19426,94.148705,92.17201,93.717445,80.855385,93.20029,14.945021,93.74432,67.52362,93.27923,100.66595,92.6554
squeezed_Lâm Đồng,2017-10-01,92.17201,80.329575,80.855385,79.843094,14.945021,79.288345,67.52362,79.96326,100.66595,79.46917,78.442,78.9647
squeezed_Lâm Đồng,2017-11-01,80.855385,69.53188,14.945021,69.0761,67.52362,68.52122,100.66595,69.222595,78.442,68.80518,81.77172,68.34565
squeezed_Lâm Đồng,2017-12-01,14.945021,58.95236,67.52362,58.63854,100.66595,58.1459,78.442,58.785393,81.77172,58.43196,76.66099,58.059372
squeezed_Lạng Sơn,2016-01-01,106.803696,80.2972,171.84857,79.96521,161.96175,79.56496,167.29544,80.062675,100.819565,79.92124,100.039024,79.32366
squeezed_Lạng Sơn,2016-02-01,171.84857,94.93688,161.96175,94.53054,167.29544,94.37493,100.819565,94.61504,100.039024,94.6842,155.19708,93.95585
squeezed_Lạng Sơn,2016-03-01,161.96175,103.15625,167.29544,102.69748,100.819565,102.71367,100.039024,102.77818,155.19708,102.95418,166.90517,102.12645
squeezed_Lạng Sơn,2016-04-01,167.29544,102.316124,100.819565,101.86901,100.039024,101.83818,155.19708,101.88884,166.90517,102.15982,156.75816,101.286224
squeezed_Lạng Sơn,2016-05-01,100.819565,103.14294,100.039024,102.70714,155.19708,102.65996,166.90517,102.70636,156.75816,102.98625,116.69051,102.10247
squeezed_Lạng Sơn,2016-06-01,100.039024,105.62767,155.19708,105.22792,166.90517,105.166306,156.75816,105.20592,116.69051,105.45704,12.878886,104.58318
squeezed_Lạng Sơn,2016-07-01,155.19708,105.97162,166.90517,105.639404,156.75816,105.51862,116.69051,105.59123,12.878886,105.80184,80.0052,104.94801
squeezed_Lạng Sơn,2016-08-01,166.90517,101.72437,156.75816,101.40133,116.69051,101.18242,12.878886,101.387314,80.0052,101.48458,132.0411,100.636734
squeezed_Lạng Sơn,2016-09-01,156.75816,99.31593,116.69051,98.98827,12.878886,98.70052,80.0052,99.037636,132.0411,98.98732,116.9507,98.12205
squeezed_Lạng Sơn,2016-10-01,116.69051,101.37646,12.878886,101.07353,80.0052,100.76198,132.0411,101.1557,116.9507,100.98356,135.03317,100.13493
squeezed_Lạng Sơn,2016-11-01,12.878886,116.11349,80.0052,115.80908,132.0411,115.60109,116.9507,115.86144,135.03317,115.67556,156.10771,114.79715
squeezed_Lạng Sơn,2016-12-01,80.0052,126.97763,132.0411,126.62367,116.9507,126.417786,135.03317,126.609604,156.10771,126.37062,143.6191,125.47618
squeezed_Lạng Sơn,2017-01-01,132.0411,126.994415,116.9507,126.62643,135.03317,126.402596,156.10771,126.616,143.6191,126.35909,150.90413,125.45053
squeezed_Lạng Sơn,2017-02-01,116.9507,135.35748,135.03317,135.01335,156.10771,134.83516,143.6191,134.94041,150.90413,134.75053,154.80682,133.79861
squeezed_Lạng Sơn,2017-03-01,135.03317,147.12486,156.10771,146.74779,143.6191,146.65907,150.90413,146.63821,154.80682,146.5081,172.10875,145.4635
squeezed_Lạng Sơn,2017-04-01,156.10771,154.85078,143.6191,154.43652,150.90413,154.3604,154.80682,154.30353,172.10875,154.18736,151.68466,153.04906
squeezed_Lạng Sơn,2017-05-01,143.6191,156.92992,150.90413,156.50606,154.80682,156.3868,172.10875,156.3326,151.68466,156.23004,120.98348,155.05075
squeezed_Lạng Sơn,2017-06-01,150.90413,155.0095,154.80682,154.63637,172.10875,154.36191,151.68466,154.36562,120.98348,154.26706,135.29335,153.11342
squeezed_Lạng Sơn,2017-07-01,154.80682,151.60742,172.10875,151.26631,151.68466,150.85513,120.98348,150.9187,135.29335,150.81685,109.5502,149.69102
squeezed_Lạng Sơn,2017-08-01,172.10875,142.83522,151.68466,142.43672,120.98348,141.92596,135.29335,142.16518,109.5502,141.93584,111.48344,140.82425
squeezed_Lạng Sơn,2017-09-01,151.68466,129.48724,120.98348,129.13196,135.29335,128.46017,109.5502,128.93933,111.48344,128.58359,144.09073,127.5726
squeezed_Lạng Sơn,2017-10-01,120.98348,121.0926,135.29335,120.7811,109.5502,120.02969,111.48344,120.61373,144.09073,120.22979,117.28316,119.299515
squeezed_Lạng Sơn,2017-11-01,135.29335,126.60474,109.5502,126.25577,111.48344,125.63687,144.09073,126.11284,117.28316,125.78816,120.50522,124.827545
squeezed_Lạng Sơn,2017-12-01,109.5502,129.67653,111.48344,129.22023,144.09073,128.69435,117.28316,129.09918,120.50522,128.79462,100.14177,127.82688
squeezed_Nam Định,2016-01-01,62.236855,120.6305,68.71424,120.11091,60.131706,119.611,49.0122,119.96803,51.495197,119.66334,48.202526,118.72093
squeezed_Nam Định,2016-02-01,68.71424,118.84305,60.131706,118.34062,49.0122,117.82074,51.495197,118.24396,48.202526,117.85703,51.33326,116.89091
squeezed_Nam Định,2016-03-01,60.131706,113.91083,49.0122,113.38064,51.495197,112.84131,48.202526,113.364716,51.33326,112.91189,49.821873,111.98652
squeezed_Nam Định,2016-04-01,49.0122,102.77269,51.495197,102.228806,48.202526,101.585175,51.33326,102.28618,49.821873,101.745445,55.00378,101.0087
squeezed_Nam Định,2016-05-01,51.495197,92.78116,48.202526,92.26006,51.33326,91.543625,49.821873,92.36252,55.00378,91.75833,53.654324,91.202286
squeezed_Nam Định,2016-06-01,48.202526,84.43929,51.33326,83.97185,49.821873,83.273506,55.00378,84.08192,53.654324,83.51888,53.2225,83.022995
squeezed_Nam Định,2016-07-01,51.33326,77.35427,49.821873,76.92809,55.00378,76.28411,53.654324,77.038,53.2225,76.565,48.98781,76.047
squeezed_Nam Định,2016-08-01,49.821873,72.36686,55.00378,71.93845,53.654324,71.330894,53.2225,72.08851,48.98781,71.65722,53.40566,71.10624
squeezed_Nam Định,2016-09-01,55.00378,69.2992,53.654324,68.86607,53.2225,68.2614,48.98781,69.05112,53.40566,68.65283,57.26429,68.0728
squeezed_Nam Định,2016-10-01,53.654324,65.53812,53.2225,65.12005,48.98781,64.48519,53.40566,65.32648,57.26429,64.96669,51.448383,64.37788
squeezed_Nam Định,2016-11-01,53.2225,63.380703,48.98781,63.022545,53.40566,62.360783,57.26429,63.23812,51.448383,62.930294,57.82351,62.302414
squeezed_Nam Định,2016-12-01,48.98781,60.375656,53.40566,60.05134,57.26429,59.504322,51.448383,60.292343,57.82351,60.050705,0.0,59.43315
squeezed_Nam Định,2017-01-01,53.40566,69.57464,57.26429,69.15923,51.448383,68.729004,57.82351,69.39309,0.0,69.219246,38.3626,68.50393
squeezed_Nam Định,2017-02-01,57.26429,69.76308,51.448383,69.3953,57.82351,68.96913,0.0,69.59403,38.3626,69.42508,56.369534,68.74423
squeezed_Nam Định,2017-03-01,51.448383,69.66181,57.82351,69.30037,0.0,68.87583,38.3626,69.487686,56.369534,69.2966,56.76099,68.693504
squeezed_Nam Định,2017-04-01,57.82351,68.44263,0.0,68.07444,38.3626,67.58754,56.369534,68.244865,56.76099,67.99427,61.626217,67.44183
squeezed_Nam Định,2017-05-01,0.0,66.63698,38.3626,66.214165,56.369534,65.70575,56.76099,66.3793,61.626217,66.13284,61.17884,65.60764
squeezed_Nam Định,2017-06-01,38.3626,65.49792,56.369534,65.08865,56.76099,64.58367,61.626217,65.24421,61.17884,65.02225,53.12605,64.484024
squeezed_Nam Định,2017-07-01,56.369534,62.430527,56.76099,62.05852,61.626217,61.577736,61.17884,62.190834,53.12605,61.963623,0.0,61.485565
squeezed_Nam Định,2017-08-01,56.76099,60.990948,61.626217,60.600697,61.17884,60.176888,53.12605,60.756767,0.0,60.529457,0.0,60.053635
squeezed_Nam Định,2017-09-01,61.626217,60.07739,61.17884,59.662468,53.12605,59.28759,0.0,59.832985,0.0,59.60005,0.0,59.141823
squeezed_Nam Định,2017-10-01,61.17884,59.417213,53.12605,59.003647,0.0,58.63947,0.0,59.19048,0.0,58.974506,0.0,58.516014
squeezed_Nam Định,2017-11-01,53.12605,58.389515,0.0,58.063206,0.0,57.701534,0.0,58.263943,0.0,58.064056,0.0,57.58703
squeezed_Nam Định,2017-12-01,0.0,55.839615,0.0,55.601948,0.0,55.228184,0.0,55.77635,0.0,55.610847,0.0,55.17038
squeezed_Nghệ An,2016-01-01,123.909195,69.98303,167.76686,69.72555,140.07407,69.45102,136.66077,69.90016,125.48704,69.836464,96.5706,69.219734
squeezed_Nghệ An,2016-02-01,167.76686,94.565094,140.07407,94.26809,136.66077,94.10643,125.48704,94.38272,96.5706,94.42243,119.01465,93.57772
squeezed_Nghệ An,2016-03-01,140.07407,114.789215,136.66077,114.43285,125.48704,114.36726,96.5706,114.48122,119.01465,114.60377,143.55176,113.568855
squeezed_Nghệ An,2016-04-01,136.66077,138.44783,125.48704,138.10442,96.5706,138.11832,119.01465,138.05705,143.55176,138.1871,145.58043,137.01128
squeezed_Nghệ An,2016-05-01,125.48704,154.8733,96.5706,154.48598,119.01465,154.51125,143.55176,154.33284,145.58043,154.44089,126.71068,153.1811
squeezed_Nghệ An,2016-06-01,96.5706,162.3791,119.01465,162.02748,143.55176,161.93497,145.58043,161.79384,126.71068,161.67471,3.6709065,160.48132
squeezed_Nghệ An,2016-07-01,119.01465,163.41176,143.55176,162.98126,145.58043,162.77045,126.71068,162.73077,3.6709065,162.41493,80.974525,161.26385
squeezed_Nghệ An,2016-08-01,143.55176,156.14111,145.58043,155.63617,126.71068,155.30084,3.6709065,155.39902,80.974525,154.9812,87.81224,153.88647
squeezed_Nghệ An,2016-09-01,145.58043,155.04594,126.71068,154.52357,3.6709065,154.17291,80.974525,154.29996,87.81224,153.85965,98.90042,152.75638
squeezed_Nghệ An,2016-10-01,126.71068,153.76108,3.6709065,153.24864,80.974525,152.89273,87.81224,153.03865,98.90042,152.59903,86.39542,151.48549
squeezed_Nghệ An,2016-11-01,3.6709065,151.79015,80.974525,151.28682,87.81224,150.88391,98.90042,151.10085,86.39542,150.64812,111.74423,149.53008
squeezed_Nghệ An,2016-12-01,80.974525,150.87045,87.81224,150.40045,98.90042,149.97081,86.39542,150.22214,111.74423,149.77707,104.22891,148.66492
squeezed_Nghệ An,2017-01-01,87.81224,157.45078,98.90042,156.97041,86.39542,156.62056,111.74423,156.81537,104.22891,156.36342,91.5391,155.21947
squeezed_Nghệ An,2017-02-01,98.90042,158.42482,86.39542,157.91333,111.74423,157.57335,104.22891,157.74745,91.5391,157.3261,0.0,156.16338
squeezed_Nghệ An,2017-03-01,86.39542,162.5232,111.74423,161.94284,104.22891,161.6783,91.5391,161.72388,0.0,161.38348,111.68263,160.19829
squeezed_Nghệ An,2017-04-01,111.74423,168.20688,104.22891,167.56696,91.5391,167.3738,0.0,167.29083,111.68263,166.99716,104.25971,165.79277
squeezed_Nghệ An,2017-05-01,104.22891,166.68217,91.5391,166.05035,0.0,165.81587,111.68263,165.78514,104.25971,165.43767,97.4836,164.23589
squeezed_Nghệ An,2017-06-01,91.5391,159.80127,0.0,159.22624,111.68263,158.93245,104.25971,159.01038,97.4836,158.65526,98.86962,157.4536
squeezed_Nghệ An,2017-07-01,0.0,164.47336,111.68263,163.94452,104.25971,163.70085,97.4836,163.68239,98.86962,163.39218,90.052864,162.17912
squeezed_Nghệ An,2017-08-01,111.68263,160.70685,104.25971,160.17653,97.4836,159.88756,98.86962,159.89388,90.052864,159.59865,69.87908,158.43582
squeezed_Nghệ An,2017-09-01,104.25971,155.28204,97.4836,154.77068,98.86962,154.38841,90.052864,154.47447,69.87908,154.15182,91.663124,153.02365
squeezed_Nghệ An,2017-10-01,97.4836,145.5808,98.86962,145.0735,90.052864,144.55775,69.87908,144.79602,91.663124,144.45062,90.052864,143.31105
squeezed_Nghệ An,2017-11-01,98.86962,137.87115,90.052864,137.43132,69.87908,136.80978,91.663124,137.17471,90.052864,136.8137,83.49031,135.71252
squeezed_Nghệ An,2017-12-01,90.052864,143.9315,69.87908,143.46242,91.663124,142.89124,90.052864,143.1941,83.49031,142.81842,63.681107,141.7358
squeezed_Ninh Bình,2016-01-01,142.3775,146.39035,132.82971,145.80354,155.17784,145.39243,130.62637,145.6101,116.462074,145.28355,115.0981,144.12201
squeezed_Ninh Bình,2016-02-01,132.82971,144.4523,155.17784,143.88838,130.62637,143.4789,116.462074,143.69946,115.0981,143.417,115.93747,142.24246
squeezed_Ninh Bình,2016-03-01,155.17784,143.11868,130.62637,142.68022,116.462074,142.25146,115.0981,142.41615,115.93747,142.22633,138.60036,141.11525
squeezed_Ninh Bình,2016-04-01,130.62637,137.65437,116.462074,137.2968,115.0981,136.79631,115.93747,137.0014,138.60036,136.80411,128.10828,135.76796
squeezed_Ninh Bình,2016-05-01,116.462074,131.4513,115.0981,131.04018,115.93747,130.48486,138.60036,130.82275,128.10828,130.5295,127.05907,129.47568
squeezed_Ninh Bình,2016-06-01,115.0981,119.95125,115.93747,119.52198,138.60036,118.896286,128.10828,119.41238,127.05907,119.04263,20.564474,118.058716
squeezed_Ninh Bình,2016-07-01,115.93747,114.439964,138.60036,114.0336,128.10828,113.42302,127.05907,113.981964,20.564474,113.52481,108.1417,112.62936
squeezed_Ninh Bình,2016-08-01,138.60036,110.898506,128.10828,110.50159,127.05907,109.893105,20.564474,110.4903,108.1417,109.9649,121.60762,109.11674
squeezed_Ninh Bình,2016-09-01,128.10828,111.45185,127.05907,111.081345,20.564474,110.46186,108.1417,111.06977,121.60762,110.54616,124.92231,109.692215
squeezed_Ninh Bình,2016-10-01,127.05907,107.42379,20.564474,107.02121,108.1417,106.4419,121.60762,107.05744,124.92231,106.55936,121.711205,105.76544
squeezed_Ninh Bình,2016-11-01,20.564474,106.52458,108.1417,106.0781,121.60762,105.54345,124.92231,106.14944,121.711205,105.663345,120.05386,104.9213
squeezed_Ninh Bình,2016-12-01,108.1417,111.00849,121.60762,110.55808,124.92231,110.09097,121.711205,110.62194,120.05386,110.18782,109.695465,109.42208
squeezed_Ninh Bình,2017-01-01,121.60762,107.13117,124.92231,106.58325,121.711205,106.22102,120.05386,106.72612,109.695465,106.2992,117.8786,105.54688
squeezed_Ninh Bình,2017-02-01,124.92231,99.28971,121.711205,98.703285,120.05386,98.34214,109.695465,98.878654,117.8786,98.50228,113.11374,97.77244
squeezed_Ninh Bình,2017-03-01,121.711205,95.24256,120.05386,94.62536,109.695465,94.260635,117.8786,94.8239,113.11374,94.534,110.93847,93.76386
squeezed_Ninh Bình,2017-04-01,120.05386,91.967125,109.695465,91.34028,117.8786,90.932236,113.11374,91.535805,110.93847,91.31846,108.76321,90.485275
squeezed_Ninh Bình,2017-05-01,109.695465,89.83879,117.8786,89.254616,113.11374,88.85394,110.93847,89.43685,108.76321,89.29176,75.098404,88.3859
squeezed_Ninh Bình,2017-06-01,117.8786,89.91234,113.11374,89.35194,110.93847,89.06049,108.76321,89.54035,75.098404,89.455574,118.189354,88.51239
squeezed_Ninh Bình,2017-07-01,113.11374,91.00972,110.93847,90.473175,108.76321,90.225685,75.098404,90.64111,118.189354,90.58896,99.6204,89.6504
squeezed_Ninh Bình,2017-08-01,110.93847,90.41401,108.76321,89.914604,75.098404,89.60963,118.189354,90.0795,99.6204,89.97496,105.468346,89.050575
squeezed_Ninh Bình,2017-09-01,108.76321,92.20364,75.098404,91.783714,118.189354,91.381035,99.6204,91.92887,105.468346,91.79826,87.411514,90.85934
squeezed_Ninh Bình,2017-10-01,75.098404,95.63737,118.189354,95.28344,99.6204,94.89773,105.468346,95.42288,87.411514,95.30389,93.054276,94.35388
squeezed_Ninh Bình,2017-11-01,118.189354,107.78115,99.6204,107.4344,105.468346,107.13481,87.411514,107.50968,93.054276,107.42827,98.90223,106.48058
squeezed_Ninh Bình,2017-12-01,99.6204,103.619705,105.468346,103.0807,87.411514,102.95314,93.054276,103.2068,98.90223,103.11826,86.38555,102.20473
squeezed_Ninh Thuận,2016-01-01,125.87296,102.683876,173.59494,102.19934,163.28566,102.1146,189.72398,102.29744,204.3565,102.24617,167.94147,101.330124
squeezed_Ninh Thuận,2016-02-01,173.59494,106.36731,163.28566,105.79121,189.72398,105.82177,204.3565,105.9085,167.94147,105.8049,141.00432,104.89587
squeezed_Ninh Thuận,2016-03-01,163.28566,109.75391,189.72398,109.09777,204.3565,109.155624,167.94147,109.25042,141.00432,109.0041,155.13802,108.112076
squeezed_Ninh Thuận,2016-04-01,189.72398,109.67522,204.3565,109.04454,167.94147,109.047104,141.00432,109.184875,155.13802,108.87832,154.30663,108.00692
squeezed_Ninh Thuận,2016-05-01,204.3565,111.64773,167.94147,111.05137,141.00432,111.024734,155.13802,111.175385,154.30663,110.83782,170.93448,109.97895
squeezed_Ninh Thuận,2016-06-01,167.94147,115.785095,141.00432,115.25234,155.13802,115.21392,154.30663,115.33515,170.93448,115.0185,170.93448,114.12861
squeezed_Ninh Thuận,2016-07-01,141.00432,120.89097,155.13802,120.40913,154.30663,120.345085,170.93448,120.4458,170.93448,120.16198,123.33447,119.23852
squeezed_Ninh Thuận,2016-08-01,155.13802,126.783485,154.30663,126.308975,170.93448,126.22375,170.93448,126.30611,123.33447,126.02558,185.17253,125.06917
squeezed_Ninh Thuận,2016-09-01,154.30663,134.17715,170.93448,133.722,170.93448,133.6141,123.33447,133.66997,185.17253,133.36813,147.93304,132.38206
squeezed_Ninh Thuận,2016-10-01,170.93448,137.29245,170.93448,136.81238,123.33447,136.6158,185.17253,136.71568,147.93304,136.40192,120.43047,135.43637
squeezed_Ninh Thuận,2016-11-01,170.93448,136.17955,123.33447,135.69243,185.17253,135.40054,147.93304,135.55568,120.43047,135.25891,111.54766,134.32076
squeezed_Ninh Thuận,2016-12-01,123.33447,141.22997,185.17253,140.74431,147.93304,140.4247,120.43047,140.5803,111.54766,140.27577,122.65118,139.31258
squeezed_Ninh Thuận,2017-01-01,185.17253,145.18501,147.93304,144.66446,120.43047,144.31828,111.54766,144.47453,122.65118,144.17444,127.60506,143.15996
squeezed_Ninh Thuận,2017-02-01,147.93304,149.1838,120.43047,148.5334,111.54766,148.20609,122.65118,148.28949,127.60506,148.03494,151.17868,146.98022
squeezed_Ninh Thuận,2017-03-01,120.43047,144.13414,111.54766,143.41891,122.65118,143.0446,127.60506,143.21555,151.17868,142.86336,170.3109,141.8516
squeezed_Ninh Thuận,2017-04-01,111.54766,147.27003,122.65118,146.52768,127.60506,146.17996,151.17868,146.31505,170.3109,145.9526,191.83464,144.9381
squeezed_Ninh Thuận,2017-05-01,122.65118,148.24829,127.60506,147.51778,151.17868,147.15286,170.3109,147.28838,191.83464,146.91711,217.97061,145.90883
squeezed_Ninh Thuận,2017-06-01,127.60506,151.44711,151.17868,150.75995,170.3109,150.37418,191.83464,150.50714,217.97061,150.12778,0.0,149.10751
squeezed_Ninh Thuận,2017-07-01,151.17868,159.57626,170.3109,159.00786,191.83464,158.61499,217.97061,158.70235,0.0,158.35371,181.18526,157.29732
squeezed_Ninh Thuận,2017-08-01,170.3109,168.11507,191.83464,167.62389,217.97061,167.29584,0.0,167.24911,181.18526,167.01352,116.14875,165.93929
squeezed_Ninh Thuận,2017-09-01,191.83464,175.51471,217.97061,175.06468,0.0,174.7869,181.18526,174.56921,116.14875,174.49103,227.20326,173.38504
squeezed_Ninh Thuận,2017-10-01,217.97061,182.47197,0.0,182.1923,181.18526,181.89377,116.14875,181.55408,227.20326,181.6248,134.82765,180.51395
squeezed_Ninh Thuận,2017-11-01,0.0,186.9608,181.18526,186.69324,116.14875,186.39957,227.20326,186.03276,134.82765,186.12921,130.58244,185.00522
squeezed_Ninh Thuận,2017-12-01,181.18526,178.09538,116.14875,177.56517,227.20326,177.30078,134.82765,177.04346,130.58244,177.0163,173.20428,175.8719
squeezed_Phú Thọ,2016-01-01,107.114426,172.94556,147.57184,172.26753,135.63002,172.02243,110.298904,171.7201,98.71897,171.71346,96.90961,170.60733
squeezed_Phú Thọ,2016-02-01,147.57184,166.62523,135.63002,165.80504,110.298904,165.58571,98.71897,165.28775,96.90961,165.27565,86.921906,164.1755
squeezed_Phú Thọ,2016-03-01,135.63002,159.07164,110.298904,158.1728,98.71897,157.96213,96.90961,157.73889,86.921906,157.72293,86.921906,156.56862
squeezed_Phú Thọ,2016-04-01,110.298904,147.64282,98.71897,146.79529,96.90961,146.45279,86.921906,146.48187,86.921906,146.3028,92.6395,145.1694
squeezed_Phú Thọ,2016-05-01,98.71897,141.6622,96.90961,140.91006,86.921906,140.4934,86.921906,140.65094,92.6395,140.36084,85.98104,139.26067
squeezed_Phú Thọ,2016-06-01,96.90961,137.28423,86.921906,136.60626,86.921906,136.14055,92.6395,136.40532,85.98104,136.07524,54.353333,134.93849
squeezed_Phú Thọ,2016-07-01,86.921906,132.53339,86.921906,131.92734,92.6395,131.41452,85.98104,131.76741,54.353333,131.4256,65.01223,130.25925
squeezed_Phú Thọ,2016-08-01,86.921906,129.58144,92.6395,129.02411,85.98104,128.48466,54.353333,128.87135,65.01223,128.5082,78.154495,127.36995
squeezed_Phú Thọ,2016-09-01,92.6395,150.78543,85.98104,150.07579,54.353333,149.69574,65.01223,149.75179,78.154495,149.48161,79.4827,148.3535
squeezed_Phú Thọ,2016-10-01,85.98104,140.68631,54.353333,140.0062,65.01223,139.57251,78.154495,139.74261,79.4827,139.48868,88.91996,138.38292
squeezed_Phú Thọ,2016-11-01,54.353333,124.411316,65.01223,123.82068,78.154495,123.275215,79.4827,123.66273,88.91996,123.371185,78.43411,122.28368
squeezed_Phú Thọ,2016-12-01,65.01223,111.30163,78.154495,110.78461,79.4827,110.14712,88.91996,110.69199,78.43411,110.30902,88.71024,109.33336
squeezed_Phú Thọ,2017-01-01,78.154495,98.499794,79.4827,98.01666,88.91996,97.36276,78.43411,98.03773,88.71024,97.532875,68.71723,96.679726
squeezed_Phú Thọ,2017-02-01,79.4827,86.0443,88.91996,85.5944,78.43411,84.94876,88.71024,85.724365,68.71723,85.09628,80.6711,84.48386
squeezed_Phú Thọ,2017-03-01,88.91996,78.61739,78.43411,78.172516,88.71024,77.539474,68.71723,78.3516,80.6711,77.78692,90.94722,77.23335
squeezed_Phú Thọ,2017-04-01,78.43411,74.37266,88.71024,73.891685,68.71723,73.263985,80.6711,74.089134,90.94722,73.63573,92.485146,73.067245
squeezed_Phú Thọ,2017-05-01,88.71024,73.033134,68.71723,72.55676,80.6711,71.9101,90.94722,72.74076,92.485146,72.374916,80.181755,71.76212
squeezed_Phú Thọ,2017-06-01,68.71723,73.77025,80.6711,73.32551,90.94722,72.6936,92.485146,73.496025,80.181755,73.21584,74.16987,72.528175
squeezed_Phú Thọ,2017-07-01,80.6711,71.94881,90.94722,71.53197,92.485146,70.931076,80.181755,71.677055,74.16987,71.397606,66.22517,70.72799
squeezed_Phú Thọ,2017-08-01,90.94722,70.92069,92.485146,70.47645,80.181755,69.90995,74.16987,70.65987,66.22517,70.38077,49.875828,69.69897
squeezed_Phú Thọ,2017-09-01,92.485146,70.56515,80.181755,70.09463,74.16987,69.599266,66.22517,70.30457,49.875828,70.05747,63.948677,69.350525
squeezed_Phú Thọ,2017-10-01,80.181755,72.399506,74.16987,71.88356,66.22517,71.55002,49.875828,72.11868,63.948677,71.96042,62.63797,71.203224
squeezed_Phú Thọ,2017-11-01,74.16987,74.3261,66.22517,73.865685,49.875828,73.60556,63.948677,74.0915,62.63797,73.994736,57.80905,73.20328
squeezed_Phú Thọ,2017-12-01,66.22517,71.030914,49.875828,70.6261,63.948677,70.32428,62.63797,70.804184,57.80905,70.71056,56.56733,69.98683
squeezed_Phú Yên,2016-01-01,82.94418,62.808037,99.17723,62.3858,76.0507,62.04141,71.38092,62.58838,66.59995,62.28975,49.588615,61.799118
squeezed_Phú Yên,2016-02-01,99.17723,53.947926,76.0507,53.5806,71.38092,53.2274,66.59995,53.812176,49.588615,53.355465,45.919502,52.989998
squeezed_Phú Yên,2016-03-01,76.0507,45.63795,71.38092,45.362255,66.59995,45.023872,49.588615,45.586628,45.919502,45.07762,70.38026,44.798164
squeezed_Phú Yên,2016-04-01,71.38092,39.20842,66.59995,38.98078,49.588615,38.689117,45.919502,39.199055,70.38026,38.704086,82.0547,38.462326
squeezed_Phú Yên,2016-05-01,66.59995,34.42018,49.588615,34.22277,45.919502,33.94988,70.38026,34.437897,82.0547,33.979015,57.038025,33.740078
squeezed_Phú Yên,2016-06-01,49.588615,32.623283,45.919502,32.44728,70.38026,32.209446,82.0547,32.657024,57.038025,32.245647,57.038025,32.003616
squeezed_Phú Yên,2016-07-01,45.919502,35.40287,70.38026,35.194706,82.0547,35.012215,57.038025,35.429585,57.038025,35.051678,0.0,34.767372
squeezed_Phú Yên,2016-08-01,70.38026,39.576828,82.0547,39.359562,57.038025,39.190018,57.038025,39.594482,0.0,39.21803,41.95402,38.887825
squeezed_Phú Yên,2016-09-01,82.0547,45.696312,57.038025,45.46845,57.038025,45.28702,0.0,45.696762,41.95402,45.33072,45.747128,44.921806
squeezed_Phú Yên,2016-10-01,57.038025,54.94444,57.038025,54.7027,0.0,54.51123,41.95402,54.904285,45.747128,54.61423,39.54023,54.101715
squeezed_Phú Yên,2016-11-01,57.038025,58.244446,0.0,57.90706,41.95402,57.65863,45.747128,58.11109,39.54023,57.800224,0.0,57.29167
squeezed_Phú Yên,2016-12-01,0.0,58.436523,41.95402,58.03258,45.747128,57.776485,39.54023,58.258713,0.0,57.907196,28.62069,57.43403
squeezed_Phú Yên,2017-01-01,41.95402,56.93059,45.747128,56.566525,39.54023,56.259228,0.0,56.78706,28.62069,56.39392,40.0,55.952614
squeezed_Phú Yên,2017-02-01,45.747128,52.96788,39.54023,52.635265,0.0,52.33557,28.62069,52.865612,40.0,52.426464,0.0,52.035103
squeezed_Phú Yên,2017-03-01,39.54023,47.11947,0.0,46.811916,28.62069,46.517735,40.0,47.053364,0.0,46.566753,34.022987,46.236343
squeezed_Phú Yên,2017-04-01,0.0,44.792027,28.62069,44.42912,40.0,44.1697,0.0,44.68692,34.022987,44.206963,31.609196,43.858505
squeezed_Phú Yên,2017-05-01,28.62069,43.499104,40.0,43.129078,0.0,42.841187,34.022987,43.39126,31.609196,42.942413,47.12644,42.59796
squeezed_Phú Yên,2017-06-01,40.0,44.99947,0.0,44.64829,34.022987,44.38972,31.609196,44.89422,47.12644,44.49943,41.49425,44.152885
squeezed_Phú Yên,2017-07-01,0.0,49.179333,34.022987,48.836628,31.609196,48.59684,47.12644,49.07849,41.49425,48.691696,0.0,48.32891
squeezed_Phú Yên,2017-08-01,34.022987,54.71864,31.609196,54.34764,47.12644,54.09336,41.49425,54.63147,0.0,54.212215,34.53815,53.77256
squeezed_Phú Yên,2017-09-01,31.609196,55.94421,47.12644,55.556465,41.49425,55.268345,0.0,55.84804,34.53815,55.432697,39.013195,54.947845
squeezed_Phú Yên,2017-10-01,47.12644,57.754402,41.49425,57.331512,0.0,57.02464,34.53815,57.626637,39.013195,57.245926,0.0,56.734375
squeezed_Phú Yên,2017-11-01,41.49425,61.320442,0.0,60.86361,34.53815,60.507523,39.013195,61.145752,0.0,60.77976,30.407343,60.270195
squeezed_Phú Yên,2017-12-01,0.0,60.089863,34.53815,59.673683,39.013195,59.335224,0.0,59.932335,30.407343,59.562614,23.752151,59.09703
squeezed_Quảng Bình,2016-01-01,141.27834,66.38103,170.21762,65.90155,158.1406,65.64612,150.507,66.21875,139.68326,65.86118,115.871025,65.333885
squeezed_Quảng Bình,2016-02-01,170.21762,78.934074,158.1406,78.3959,150.507,78.30845,139.68326,78.71908,115.871025,78.40547,133.98656,77.77836
squeezed_Quảng Bình,2016-03-01,158.1406,85.383965,150.507,84.86137,139.68326,84.81953,115.871025,85.12378,133.98656,84.89885,154.8365,84.23518
squeezed_Quảng Bình,2016-04-01,150.507,95.22873,139.68326,94.77994,115.871025,94.82918,133.98656,94.946526,154.8365,94.8388,170.21762,94.17207
squeezed_Quảng Bình,2016-05-01,139.68326,105.923485,115.871025,105.530014,133.98656,105.63746,154.8365,105.621826,170.21762,105.55701,164.40697,104.88671
squeezed_Quảng Bình,2016-06-01,115.871025,117.835556,133.98656,117.4881,154.8365,117.649826,170.21762,117.5317,164.40697,117.443275,65.853935,116.72885
squeezed_Quảng Bình,2016-07-01,133.98656,133.40186,154.8365,133.1131,170.21762,133.32289,164.40697,133.13715,65.853935,133.0159,106.808174,132.20168
squeezed_Quảng Bình,2016-08-01,154.8365,149.54425,170.21762,149.35295,164.40697,149.5072,65.853935,149.2956,106.808174,149.16632,139.66354,148.28534
squeezed_Quảng Bình,2016-09-01,170.21762,163.00761,164.40697,162.85732,65.853935,162.90398,106.808174,162.59547,139.66354,162.52086,0.0,161.57271
squeezed_Quảng Bình,2016-10-01,164.40697,158.25777,65.853935,158.06668,106.808174,158.01595,139.66354,157.7305,0.0,157.66667,0.0,156.71191
squeezed_Quảng Bình,2016-11-01,65.853935,163.52426,106.808174,163.33734,139.66354,163.28397,0.0,162.96806,0.0,162.93195,108.614655,161.94629
squeezed_Quảng Bình,2016-12-01,106.808174,167.03459,139.66354,166.80675,0.0,166.76326,0.0,166.45168,108.614655,166.41478,104.88879,165.39613
squeezed_Quảng Bình,2017-01-01,139.66354,152.40182,0.0,151.96936,0.0,151.75406,108.614655,151.6859,104.88879,151.49306,126.227844,150.49693
squeezed_Quảng Bình,2017-02-01,0.0,143.68402,0.0,143.11555,108.614655,142.81618,104.88879,142.85794,126.227844,142.60019,0.0,141.63226
squeezed_Quảng Bình,2017-03-01,0.0,122.82994,108.614655,122.24257,104.88879,121.84574,126.227844,122.22046,0.0,121.79226,0.0,120.88901
squeezed_Quảng Bình,2017-04-01,108.614655,111.91098,104.88879,111.371475,126.227844,110.89844,0.0,111.431046,0.0,110.89441,0.0,110.1237
squeezed_Quảng Bình,2017-05-01,104.88879,107.52783,126.227844,107.01225,0.0,106.54858,0.0,107.11423,0.0,106.54121,0.0,105.883194
squeezed_Quảng Bình,2017-06-01,126.227844,112.41238,0.0,112.066574,0.0,111.622925,0.0,112.08296,0.0,111.60162,0.0,110.90234
squeezed_Quảng Bình,2017-07-01,0.0,117.55411,0.0,117.28962,0.0,116.90216,0.0,117.22823,0.0,116.877754,0.0,116.13142
squeezed_Quảng Bình,2017-08-01,0.0,125.79145,0.0,125.56165,0.0,125.24322,0.0,125.42858,0.0,125.184715,0.0,124.39676
squeezed_Quảng Bình,2017-09-01,0.0,133.71071,0.0,133.50078,0.0,133.19608,0.0,133.27957,0.0,133.08473,0.0,132.2499
squeezed_Quảng Bình,2017-10-01,0.0,137.74088,0.0,137.46605,0.0,137.10298,0.0,137.1966,0.0,137.00282,0.0,136.1118
squeezed_Quảng Bình,2017-11-01,0.0,133.99242,0.0,133.6281,0.0,133.1594,0.0,133.41664,0.0,133.11751,0.0,132.18605
squeezed_Quảng Bình,2017-12-01,0.0,128.13802,0.0,127.73062,0.0,127.27626,0.0,127.6538,0.0,127.25392,0.0,126.350945
squeezed_Quảng Nam,2016-01-01,187.73946,124.994896,208.91309,124.627686,172.68266,124.17264,159.3063,124.55487,157.62587,124.17279,168.04463,123.28679
squeezed_Quảng Nam,2016-02-01,208.91309,125.540054,172.68266,125.1448,159.3063,124.78247,157.62587,125.083725,168.04463,124.72349,196.545,123.82971
squeezed_Quảng Nam,2016-03-01,172.68266,127.17781,159.3063,126.79505,157.62587,126.43154,168.04463,126.71192,196.545,126.36835,164.21321,125.47802
squeezed_Quảng Nam,2016-04-01,159.3063,137.09764,157.62587,136.74715,168.04463,136.46689,196.545,136.57805,164.21321,136.34746,132.62082,135.39479
squeezed_Quảng Nam,2016-05-01,157.62587,148.45932,168.04463,148.09134,196.545,147.87209,164.21321,147.83305,132.62082,147.69756,133.36021,146.65448
squeezed_Quảng Nam,2016-06-01,168.04463,158.41162,196.545,157.9835,164.21321,157.83582,132.62082,157.66492,133.36021,157.57521,11.830342,156.45142
squeezed_Quảng Nam,2016-07-01,196.545,164.51427,164.21321,164.05098,132.62082,163.94536,133.36021,163.6787,11.830342,163.60486,157.35185,162.45982
squeezed_Quảng Nam,2016-08-01,164.21321,165.66823,132.62082,165.20654,133.36021,165.09676,11.830342,164.77528,157.35185,164.72757,181.82431,163.61574
squeezed_Quảng Nam,2016-09-01,132.62082,169.58972,133.36021,169.24086,11.830342,169.06078,157.35185,168.77083,181.82431,168.68864,192.47624,167.564
squeezed_Quảng Nam,2016-10-01,133.36021,171.86235,11.830342,171.6166,157.35185,171.34651,181.82431,171.1529,192.47624,170.98578,151.62138,169.85759
squeezed_Quảng Nam,2016-11-01,11.830342,169.66023,157.35185,169.40239,181.82431,169.05167,192.47624,168.9743,151.62138,168.72197,126.137665,167.6105
squeezed_Quảng Nam,2016-12-01,157.35185,163.72858,181.82431,163.36255,192.47624,163.00316,151.62138,162.94098,126.137665,162.7088,136.048,161.62973
squeezed_Quảng Nam,2017-01-01,181.82431,151.34154,192.47624,150.88466,151.62138,150.43883,126.137665,150.48555,136.048,150.28505,135.71092,149.24194
squeezed_Quảng Nam,2017-02-01,192.47624,126.25229,151.62138,125.72424,126.137665,125.17435,136.048,125.528595,135.71092,125.22378,145.95834,124.27904
squeezed_Quảng Nam,2017-03-01,151.62138,110.97935,126.137665,110.44179,136.048,109.84241,135.71092,110.38422,145.95834,109.89039,157.01477,109.144516
squeezed_Quảng Nam,2017-04-01,126.137665,104.21924,136.048,103.6569,135.71092,103.02845,145.95834,103.69352,157.01477,103.04657,156.34059,102.42767
squeezed_Quảng Nam,2017-05-01,136.048,109.90325,135.71092,109.408806,145.95834,108.840645,157.01477,109.43152,156.34059,108.81519,160.79013,108.09628
squeezed_Quảng Nam,2017-06-01,135.71092,112.23443,145.95834,111.765625,157.01477,111.25324,156.34059,111.78121,160.79013,111.22037,174.54324,110.45078
squeezed_Quảng Nam,2017-07-01,145.95834,110.47228,157.01477,109.987015,156.34059,109.54107,160.79013,110.05492,174.54324,109.50579,150.32198,108.73479
squeezed_Quảng Nam,2017-08-01,157.01477,108.85427,156.34059,108.358444,160.79013,107.937035,174.54324,108.468445,150.32198,107.926,151.32814,107.16046
squeezed_Quảng Nam,2017-09-01,156.34059,103.20047,160.79013,102.69974,174.54324,102.29489,150.32198,102.83596,151.32814,102.36417,159.77998,101.59969
squeezed_Quảng Nam,2017-10-01,160.79013,105.51945,174.54324,105.03777,150.32198,104.65996,151.32814,105.17485,159.77998,104.7103,145.49236,103.939606
squeezed_Quảng Nam,2017-11-01,174.54324,99.793365,150.32198,99.29049,151.32814,98.87769,159.77998,99.43486,145.49236,99.04549,138.78455,98.28757
squeezed_Quảng Nam,2017-12-01,150.32198,95.3785,151.32814,94.81831,159.77998,94.4333,145.49236,94.998276,138.78455,94.75776,140.66273,93.910835
squeezed_Quảng Ngãi,2016-01-01,38.194168,85.73946,43.068317,85.14938,40.19177,84.689384,29.644426,85.2725,32.76069,85.16623,31.0827,84.33224
squeezed_Quảng Ngãi,2016-02-01,43.068317,85.66456,40.19177,85.05165,29.644426,84.63832,32.76069,85.16202,31.0827,85.099724,37.954456,84.26689
squeezed_Quảng Ngãi,2016-03-01,40.19177,85.12385,29.644426,84.48616,32.76069,84.12809,31.0827,84.61412,37.954456,84.53468,34.278866,83.73056
squeezed_Quảng Ngãi,2016-04-01,29.644426,84.31914,32.76069,83.620735,31.0827,83.27575,37.954456,83.79217,34.278866,83.58909,38.353973,82.88873
squeezed_Quảng Ngãi,2016-05-01,32.76069,79.1874,31.0827,78.51579,37.954456,78.11023,34.278866,78.710236,38.353973,78.37536,34.35877,77.83481
squeezed_Quảng Ngãi,2016-06-01,31.0827,76.5024,37.954456,75.87878,34.278866,75.45395,38.353973,76.1039,34.35877,75.73115,26.368359,75.20475
squeezed_Quảng Ngãi,2016-07-01,37.954456,72.99915,34.278866,72.41657,38.353973,72.03101,34.35877,72.663765,26.368359,72.32996,40.035805,71.754135
squeezed_Quảng Ngãi,2016-08-01,34.278866,69.11838,38.353973,68.53114,34.35877,68.20559,26.368359,68.81976,40.035805,68.4867,54.113434,67.91048
squeezed_Quảng Ngãi,2016-09-01,38.353973,67.81688,34.35877,67.27396,26.368359,66.908066,40.035805,67.56395,54.113434,67.25172,48.580032,66.62433
squeezed_Quảng Ngãi,2016-10-01,34.35877,66.94113,26.368359,66.43342,40.035805,66.01216,54.113434,66.70931,48.580032,66.38954,0.0,65.76819
squeezed_Quảng Ngãi,2016-11-01,26.368359,66.66484,40.035805,66.1741,54.113434,65.71168,48.580032,66.442154,0.0,66.13651,37.757343,65.518105
squeezed_Quảng Ngãi,2016-12-01,40.035805,66.451416,54.113434,65.993256,48.580032,65.498405,0.0,66.24977,37.757343,65.94892,45.731956,65.347
squeezed_Quảng Ngãi,2017-01-01,54.113434,62.86074,48.580032,62.507954,0.0,61.998993,37.757343,62.71955,45.731956,62.383366,0.0,61.870193
squeezed_Quảng Ngãi,2017-02-01,48.580032,60.159794,0.0,59.875652,37.757343,59.453808,45.731956,60.053402,0.0,59.70161,0.0,59.271576
squeezed_Quảng Ngãi,2017-03-01,0.0,52.516323,37.757343,52.29415,45.731956,51.944958,0.0,52.483593,0.0,52.09814,64.61063,51.778862
squeezed_Quảng Ngãi,2017-04-01,37.757343,45.589508,45.731956,45.36874,0.0,45.075256,0.0,45.560932,64.61063,45.152897,22.052242,44.90528
squeezed_Quảng Ngãi,2017-05-01,45.731956,43.481384,0.0,43.26983,0.0,42.99985,64.61063,43.455063,22.052242,43.086372,33.607292,42.843925
squeezed_Quảng Ngãi,2017-06-01,0.0,44.94974,0.0,44.717705,64.61063,44.47597,22.052242,44.899216,33.607292,44.57188,29.864105,44.31817
squeezed_Quảng Ngãi,2017-07-01,0.0,45.738186,64.61063,45.49228,22.052242,45.248608,33.607292,45.66838,29.864105,45.351696,32.669647,45.08709
squeezed_Quảng Ngãi,2017-08-01,64.61063,46.510387,22.052242,46.281357,33.607292,46.011066,29.864105,46.45498,32.669647,46.131638,26.493296,45.86139
squeezed_Quảng Ngãi,2017-09-01,22.052242,51.056473,33.607292,50.74621,29.864105,50.54063,32.669647,50.95444,26.493296,50.653812,33.40106,50.330887
squeezed_Quảng Ngãi,2017-10-01,33.607292,57.710197,29.864105,57.393627,32.669647,57.171696,26.493296,57.60853,33.40106,57.376038,32.100773,56.934326
squeezed_Quảng Ngãi,2017-11-01,29.864105,59.53466,32.669647,59.20437,26.493296,58.899845,33.40106,59.397552,32.100773,59.18967,30.150345,58.74179
squeezed_Quảng Ngãi,2017-12-01,32.669647,60.550762,26.493296,60.204075,33.40106,59.891582,32.100773,60.384415,30.150345,60.195023,36.5705,59.744186
squeezed_Quảng Ninh,2016-01-01,14.617018,62.51812,166.9933,62.213676,36.09342,61.891266,22.78295,62.33687,18.618324,62.113453,21.394741,61.735596
squeezed_Quảng Ninh,2016-02-01,166.9933,55.10224,36.09342,54.836174,22.78295,54.57308,18.618324,54.97862,21.394741,54.726665,27.029234,54.43872
squeezed_Quảng Ninh,2016-03-01,36.09342,48.997517,22.78295,48.759163,18.618324,48.544685,21.394741,48.9248,27.029234,48.69199,28.172464,48.43718
squeezed_Quảng Ninh,2016-04-01,22.78295,41.013363,18.618324,40.84387,21.394741,40.692474,27.029234,41.039646,28.172464,40.831516,22.374653,40.617798
squeezed_Quảng Ninh,2016-05-01,18.618324,35.160137,21.394741,35.024345,27.029234,34.890484,28.172464,35.224644,22.374653,35.01999,15.351952,34.828934
squeezed_Quảng Ninh,2016-06-01,21.394741,32.054737,27.029234,31.91236,28.172464,31.796778,22.374653,32.106487,15.351952,31.917938,0.4899559,31.7274
squeezed_Quảng Ninh,2016-07-01,27.029234,30.795094,28.172464,30.660513,22.374653,30.557606,15.351952,30.85636,0.4899559,30.668009,19.296608,30.480648
squeezed_Quảng Ninh,2016-08-01,28.172464,28.086924,22.374653,27.961601,15.351952,27.869123,0.4899559,28.150763,19.296608,27.979593,16.651104,27.784601
squeezed_Quảng Ninh,2016-09-01,22.374653,24.349525,15.351952,24.251202,0.4899559,24.169846,19.296608,24.430374,16.651104,24.275324,33.84687,24.066362
squeezed_Quảng Ninh,2016-10-01,15.351952,24.927967,0.4899559,24.810171,19.296608,24.750332,16.651104,24.972218,33.84687,24.85741,45.98506,24.60532
squeezed_Quảng Ninh,2016-11-01,0.4899559,23.713821,19.296608,23.58429,16.651104,23.524689,33.84687,23.744818,45.98506,23.63006,29.411764,23.365541
squeezed_Quảng Ninh,2016-12-01,19.296608,26.235806,16.651104,26.068829,33.84687,25.993599,45.98506,26.22638,29.411764,26.129393,28.633677,25.84728
squeezed_Quảng Ninh,2017-01-01,16.651104,28.820267,33.84687,28.652435,45.98506,28.576761,29.411764,28.83085,28.633677,28.713774,36.10333,28.463436
squeezed_Quảng Ninh,2017-02-01,33.84687,34.157936,45.98506,33.988647,29.411764,33.8991,28.633677,34.17972,36.10333,34.046864,29.489574,33.791485
squeezed_Quảng Ninh,2017-03-01,45.98506,37.454384,29.411764,37.288635,28.633677,37.188885,36.10333,37.502533,29.489574,37.37089,24.354187,37.113617
squeezed_Quảng Ninh,2017-04-01,29.411764,37.33817,28.633677,37.200794,36.10333,37.0917,29.489574,37.40074,24.354187,37.27961,26.065983,37.04122
squeezed_Quảng Ninh,2017-05-01,28.633677,37.64998,36.10333,37.527348,29.489574,37.40642,24.354187,37.710583,26.065983,37.567627,22.798008,37.332108
squeezed_Quảng Ninh,2017-06-01,36.10333,36.641567,29.489574,36.521057,24.354187,36.40136,26.065983,36.69665,22.798008,36.541645,23.731714,36.320946
squeezed_Quảng Ninh,2017-07-01,29.489574,35.077366,24.354187,34.970238,26.065983,34.851833,22.798008,35.136086,23.731714,34.974705,0.0,34.76545
squeezed_Quảng Ninh,2017-08-01,24.354187,31.156935,26.065983,31.048698,22.798008,30.945955,23.731714,31.20955,0.0,31.055298,49.236904,30.850138
squeezed_Quảng Ninh,2017-09-01,26.065983,26.352732,22.798008,26.261509,23.731714,26.164227,0.0,26.406681,49.236904,26.25389,36.88933,26.035597
squeezed_Quảng Ninh,2017-10-01,22.798008,26.148436,23.731714,26.063124,0.0,25.965694,49.236904,26.182426,36.88933,26.066076,39.4202,25.810692
squeezed_Quảng Ninh,2017-11-01,23.731714,26.06832,0.0,25.967602,49.236904,25.8688,36.88933,26.101791,39.4202,26.00783,31.98098,25.714289
squeezed_Quảng Ninh,2017-12-01,0.0,28.443823,49.236904,28.305738,36.88933,28.182478,39.4202,28.432663,31.98098,28.331442,28.529795,28.047277
squeezed_Quảng Trị,2016-01-01,228.8693,59.937126,291.74017,59.590427,283.40015,59.546383,230.15236,59.71298,204.65117,59.637306,187.1692,59.17737
squeezed_Quảng Trị,2016-02-01,291.74017,75.96979,283.40015,75.54553,230.15236,75.40249,204.65117,75.68109,187.1692,75.55069,185.0842,75.05051
squeezed_Quảng Trị,2016-03-01,283.40015,87.95426,230.15236,87.55723,204.65117,87.45483,187.1692,87.64522,185.0842,87.66971,236.56776,87.04438
squeezed_Quảng Trị,2016-04-01,230.15236,99.66531,204.65117,99.28249,187.1692,99.30448,185.0842,99.357155,236.56776,99.4519,259.82358,98.72345
squeezed_Quảng Trị,2016-05-01,204.65117,112.61817,187.1692,112.22614,185.0842,112.32306,236.56776,112.260025,259.82358,112.291084,238.332,111.562935
squeezed_Quảng Trị,2016-06-01,187.1692,130.30342,185.0842,129.94455,236.56776,130.05884,259.82358,129.87573,238.332,129.81334,57.4178,129.06229
squeezed_Quảng Trị,2016-07-01,185.0842,157.29834,236.56776,157.0167,259.82358,157.12323,238.332,156.8263,57.4178,156.71417,205.9482,155.84473
squeezed_Quảng Trị,2016-08-01,236.56776,180.20415,259.82358,180.05544,238.332,180.06453,57.4178,179.79176,205.9482,179.65613,197.63351,178.64073
squeezed_Quảng Trị,2016-09-01,259.82358,201.20781,238.332,201.17346,57.4178,201.03592,205.9482,200.81288,197.63351,200.71101,235.84906,199.44682
squeezed_Quảng Trị,2016-10-01,238.332,216.13301,57.4178,216.10709,205.9482,215.9449,197.63351,215.66997,235.84906,215.61346,239.6866,214.16353
squeezed_Quảng Trị,2016-11-01,57.4178,232.91953,205.9482,232.75664,197.63351,232.7922,235.84906,232.28487,239.6866,232.33304,182.60313,230.81525
squeezed_Quảng Trị,2016-12-01,205.9482,220.29013,197.63351,220.02121,235.84906,219.97223,239.6866,219.31725,182.60313,219.60332,181.80365,217.95499
squeezed_Quảng Trị,2017-01-01,197.63351,189.5918,235.84906,189.17741,239.6866,188.8646,182.60313,188.46646,181.80365,188.6069,153.98145,187.15523
squeezed_Quảng Trị,2017-02-01,235.84906,173.27267,239.6866,172.74275,182.60313,172.38231,181.80365,172.16637,153.98145,172.10344,170.61081,170.96616
squeezed_Quảng Trị,2017-03-01,239.6866,170.49367,182.60313,170.03542,181.80365,169.65782,153.98145,169.41586,170.61081,169.38214,194.27567,168.36925
squeezed_Quảng Trị,2017-04-01,182.60313,173.5147,181.80365,173.08237,153.98145,172.7202,170.61081,172.44698,194.27567,172.42606,214.26288,171.40692
squeezed_Quảng Trị,2017-05-01,181.80365,179.89162,153.98145,179.45308,170.61081,179.16772,194.27567,178.88693,214.26288,178.81567,224.01663,177.72554
squeezed_Quảng Trị,2017-06-01,153.98145,191.44887,170.61081,191.04901,194.27567,190.89426,214.26288,190.63188,224.01663,190.41792,235.36937,189.3076
squeezed_Quảng Trị,2017-07-01,170.61081,204.55489,194.27567,204.23676,214.26288,204.13174,224.01663,203.92021,235.36937,203.5752,198.82484,202.54074
squeezed_Quảng Trị,2017-08-01,194.27567,217.85335,214.26288,217.65579,224.01663,217.5932,235.36937,217.44838,198.82484,217.04889,158.80579,216.00943
squeezed_Quảng Trị,2017-09-01,214.26288,235.39497,224.01663,235.26187,235.36937,235.33571,198.82484,235.06248,158.80579,234.76953,181.51501,233.61281
squeezed_Quảng Trị,2017-10-01,224.01663,251.431,235.36937,251.23479,198.82484,251.47174,158.80579,250.95454,181.51501,250.86494,193.42545,249.5554
squeezed_Quảng Trị,2017-11-01,235.36937,254.0934,198.82484,253.83434,158.80579,254.10184,181.51501,253.49332,193.42545,253.50145,145.6249,252.10576
squeezed_Quảng Trị,2017-12-01,198.82484,236.30159,158.80579,235.796,181.51501,235.94926,193.42545,235.18652,145.6249,235.42957,145.7837,233.9571
squeezed_Sóc Trăng,2016-01-01,16.457144,94.76207,19.27619,94.28019,19.809525,93.796295,17.066668,94.38778,21.409523,93.570816,23.619047,92.79784
squeezed_Sóc Trăng,2016-02-01,19.27619,69.95865,19.809525,69.79084,17.066668,69.10277,21.409523,69.93654,23.619047,69.12105,21.180952,68.80628
squeezed_Sóc Trăng,2016-03-01,19.809525,64.2274,17.066668,63.979725,21.409523,63.408627,23.619047,64.19706,21.180952,63.484642,20.952381,63.13778
squeezed_Sóc Trăng,2016-04-01,17.066668,60.68012,21.409523,60.39277,23.619047,59.91281,21.180952,60.640766,20.952381,60.046043,22.323809,59.67508
squeezed_Sóc Trăng,2016-05-01,21.409523,57.238644,23.619047,56.947018,21.180952,56.529484,20.952381,57.204056,22.323809,56.661728,24.304762,56.318504
squeezed_Sóc Trăng,2016-06-01,23.619047,51.444427,21.180952,51.187454,20.952381,50.843014,22.323809,51.440533,24.304762,50.931595,24.304762,50.628235
squeezed_Sóc Trăng,2016-07-01,21.180952,45.046623,20.952381,44.841312,22.323809,44.532093,24.304762,45.071346,24.304762,44.58045,13.625544,44.312225
squeezed_Sóc Trăng,2016-08-01,20.952381,38.3031,22.323809,38.145233,24.304762,37.874405,24.304762,38.34254,13.625544,37.88921,12.148075,37.652313
squeezed_Sóc Trăng,2016-09-01,22.323809,32.700043,24.304762,32.56791,24.304762,32.33153,13.625544,32.745903,12.148075,32.310978,16.252155,32.0834
squeezed_Sóc Trăng,2016-10-01,24.304762,28.7548,24.304762,28.654984,13.625544,28.4109,12.148075,28.819807,16.252155,28.37697,17.647541,28.156656
squeezed_Sóc Trăng,2016-11-01,24.304762,26.266535,13.625544,26.191011,12.148075,25.937925,16.252155,26.34551,17.647541,25.899513,16.744644,25.676764
squeezed_Sóc Trăng,2016-12-01,13.625544,24.775167,12.148075,24.71943,16.252155,24.47817,17.647541,24.875935,16.744644,24.457098,17.729624,24.228312
squeezed_Sóc Trăng,2017-01-01,12.148075,26.541697,16.252155,26.490654,17.647541,26.257488,16.744644,26.6472,17.729624,26.253637,19.371256,26.00064
squeezed_Sóc Trăng,2017-02-01,16.252155,27.667385,17.647541,27.602173,16.744644,27.364513,17.729624,27.74013,19.371256,27.380672,20.274153,27.11293
squeezed_Sóc Trăng,2017-03-01,17.647541,27.538712,16.744644,27.455458,17.729624,27.249037,19.371256,27.590942,20.274153,27.266262,17.237133,27.015377
squeezed_Sóc Trăng,2017-04-01,16.744644,30.89748,17.729624,30.768969,19.371256,30.593334,20.274153,30.915806,17.237133,30.591454,20.930805,30.323627
squeezed_Sóc Trăng,2017-05-01,17.729624,36.43721,19.371256,36.268566,20.274153,36.138298,17.237133,36.439754,20.930805,36.0935,17.072971,35.79177
squeezed_Sóc Trăng,2017-06-01,19.371256,37.353348,20.274153,37.180386,17.237133,37.053158,20.930805,37.35668,17.072971,37.01113,17.56546,36.727592
squeezed_Sóc Trăng,2017-07-01,20.274153,37.190765,17.237133,37.01681,20.930805,36.895035,17.072971,37.193657,17.56546,36.867985,17.703508,36.589394
squeezed_Sóc Trăng,2017-08-01,17.237133,37.941063,20.930805,37.768303,17.072971,37.644123,17.56546,37.949257,17.703508,37.6602,17.207148,37.384163
squeezed_Sóc Trăng,2017-09-01,20.930805,36.01289,17.072971,35.84197,17.56546,35.731182,17.703508,36.018604,17.207148,35.76283,14.063534,35.505356
squeezed_Sóc Trăng,2017-10-01,17.072971,32.23791,17.56546,32.08259,17.703508,31.98714,17.207148,32.25328,14.063534,32.02083,10.340834,31.781359
squeezed_Sóc Trăng,2017-11-01,17.56546,25.787617,17.703508,25.659931,17.207148,25.580889,14.063534,25.814835,10.340834,25.606571,14.394441,25.391817
squeezed_Sóc Trăng,2017-12-01,17.703508,21.067173,17.207148,20.96823,14.063534,20.8916,10.340834,21.109142,14.394441,20.929956,12.326274,20.709633
squeezed_Sơn La,2016-01-01,144.95033,66.916336,175.24834,66.74597,213.49338,66.540215,207.53311,66.743546,171.93709,66.6002,151.49007,65.9513
squeezed_Sơn La,2016-02-01,175.24834,117.38231,213.49338,117.04004,207.53311,116.743324,171.93709,116.942314,151.49007,116.687965,150.16556,115.687416
squeezed_Sơn La,2016-03-01,213.49338,132.83026,207.53311,132.30511,171.93709,131.93475,151.49007,132.25343,150.16556,131.85182,202.40067,130.75748
squeezed_Sơn La,2016-04-01,207.53311,136.97368,171.93709,136.4081,151.49007,135.99194,150.16556,136.35085,202.40067,135.90569,180.71191,134.80595
squeezed_Sơn La,2016-05-01,171.93709,142.62352,151.49007,142.0922,150.16556,141.64787,202.40067,141.99953,180.71191,141.53246,163.82451,140.42519
squeezed_Sơn La,2016-06-01,151.49007,154.49515,150.16556,154.04248,202.40067,153.60738,180.71191,153.869,163.82451,153.39763,7.781457,152.24141
squeezed_Sơn La,2016-07-01,150.16556,158.43707,202.40067,158.02083,180.71191,157.58054,163.82451,157.82295,7.781457,157.32243,108.78523,156.17545
squeezed_Sơn La,2016-08-01,202.40067,159.02791,180.71191,158.613,163.82451,158.176,7.781457,158.40294,108.78523,157.91733,122.87786,156.75859
squeezed_Sơn La,2016-09-01,180.71191,163.48192,163.82451,163.04506,7.781457,162.65227,108.78523,162.77426,122.87786,162.37202,0.0,161.20769
squeezed_Sơn La,2016-10-01,163.82451,170.80898,7.781457,170.31235,108.78523,170.0161,122.87786,169.94467,0.0,169.71187,123.86682,168.551
squeezed_Sơn La,2016-11-01,7.781457,170.5111,108.78523,169.93767,122.87786,169.68152,0.0,169.55144,123.86682,169.3947,118.26273,168.20985
squeezed_Sơn La,2016-12-01,108.78523,160.8375,122.87786,160.20854,0.0,159.9476,123.86682,159.8906,118.26273,159.72763,112.49382,158.56995
squeezed_Sơn La,2017-01-01,122.87786,161.12276,0.0,160.52444,123.86682,160.2267,118.26273,160.20287,112.49382,160.02245,139.03082,158.86534
squeezed_Sơn La,2017-02-01,0.0,161.0582,123.86682,160.50027,118.26273,160.18071,112.49382,160.1927,139.03082,160.03755,202.81853,158.8448
squeezed_Sơn La,2017-03-01,123.86682,164.14427,118.26273,163.6386,112.49382,163.33997,139.03082,163.2973,202.81853,163.21884,216.00461,161.99309
squeezed_Sơn La,2017-04-01,118.26273,176.79816,112.49382,176.43956,139.03082,176.20985,202.81853,175.9763,216.00461,176.0018,179.08357,174.78284
squeezed_Sơn La,2017-05-01,112.49382,193.3258,139.03082,193.07529,202.81853,192.96468,216.00461,192.56015,179.08357,192.5969,159.22202,191.36848
squeezed_Sơn La,2017-06-01,139.03082,200.37256,202.81853,200.16919,216.00461,200.034,179.08357,199.63821,159.22202,199.631,142.57458,198.40222
squeezed_Sơn La,2017-07-01,202.81853,195.753,216.00461,195.45454,179.08357,195.23032,159.22202,194.93428,142.57458,194.81761,156.84048,193.6017
squeezed_Sơn La,2017-08-01,216.00461,184.89859,179.08357,184.41357,159.22202,184.13664,142.57458,183.90427,156.84048,183.73795,106.15522,182.55275
squeezed_Sơn La,2017-09-01,179.08357,179.42499,159.22202,178.8843,142.57458,178.61249,156.84048,178.40971,106.15522,178.26027,0.0,177.09575
squeezed_Sơn La,2017-10-01,159.22202,174.93385,142.57458,174.36443,156.84048,174.08717,106.15522,173.93134,0.0,173.78896,104.046715,172.63742
squeezed_Sơn La,2017-11-01,142.57458,172.46777,156.84048,171.87384,106.15522,171.597,0.0,171.4769,104.046715,171.33073,94.23405,170.19128
squeezed_Sơn La,2017-12-01,156.84048,164.77617,106.15522,164.1642,0.0,163.86928,104.046715,163.8055,94.23405,163.66508,86.77317,162.5653
squeezed_TT Huế,2016-01-01,146.19934,124.65991,197.5126,124.01718,150.46095,123.5285,130.80536,123.807594,121.32545,123.54966,104.88781,122.52111
squeezed_TT Huế,2016-02-01,197.5126,92.29157,150.46095,91.83226,130.80536,91.11118,121.32545,91.82537,104.88781,91.22914,119.58601,90.547905
squeezed_TT Huế,2016-03-01,150.46095,75.451294,130.80536,75.078255,121.32545,74.34373,104.88781,75.16376,119.58601,74.50931,132.37085,74.05957
squeezed_TT Huế,2016-04-01,130.80536,75.75135,121.32545,75.34948,104.88781,74.624695,119.58601,75.45351,132.37085,74.83047,112.01948,74.371765
squeezed_TT Huế,2016-05-01,121.32545,72.46444,104.88781,72.05726,119.58601,71.309525,132.37085,72.16929,112.01948,71.53187,112.280396,71.12266
squeezed_TT Huế,2016-06-01,104.88781,70.3538,119.58601,69.89977,132.37085,69.208755,112.01948,70.058876,112.280396,69.449234,47.312576,69.08571
squeezed_TT Huế,2016-07-01,119.58601,72.48122,132.37085,72.00495,112.01948,71.35819,112.280396,72.177315,47.312576,71.64343,69.43208,71.22801
squeezed_TT Huế,2016-08-01,132.37085,73.76868,112.01948,73.299835,112.280396,72.66404,47.312576,73.48208,69.43208,73.01772,115.63112,72.51702
squeezed_TT Huế,2016-09-01,112.01948,78.40858,112.280396,77.96113,47.312576,77.36981,69.43208,78.13396,115.63112,77.79422,140.02136,77.1231
squeezed_TT Huế,2016-10-01,112.280396,85.0755,47.312576,84.637566,69.43208,84.11769,115.63112,84.78353,140.02136,84.595474,111.00231,83.75737
squeezed_TT Huế,2016-11-01,47.312576,87.76379,69.43208,87.31667,115.63112,86.83218,140.02136,87.44714,111.00231,87.34022,102.9019,86.42713
squeezed_TT Huế,2016-12-01,69.43208,88.956696,115.63112,88.5246,140.02136,88.042816,111.00231,88.63341,102.9019,88.58435,92.66512,87.632835
squeezed_TT Huế,2017-01-01,115.63112,88.93633,140.02136,88.472115,111.00231,88.04753,102.9019,88.60031,92.66512,88.5682,101.92274,87.61345
squeezed_TT Huế,2017-02-01,140.02136,86.45062,111.00231,85.97091,102.9019,85.71741,92.66512,86.118126,101.92274,86.11162,132.63307,85.175674
squeezed_TT Huế,2017-03-01,111.00231,84.7581,102.9019,84.20019,92.66512,83.99046,101.92274,84.380585,132.63307,84.315895,126.04593,83.41395
squeezed_TT Huế,2017-04-01,102.9019,81.92164,92.66512,81.33858,101.92274,81.09743,132.63307,81.52724,126.04593,81.39692,136.46074,80.55836
squeezed_TT Huế,2017-05-01,92.66512,81.94512,101.92274,81.294586,132.63307,81.08691,126.04593,81.49847,136.46074,81.361275,127.64821,80.549385
squeezed_TT Huế,2017-06-01,101.92274,83.08368,132.63307,82.41417,126.04593,82.22559,136.46074,82.62071,127.64821,82.48328,136.99484,81.69009
squeezed_TT Huế,2017-07-01,132.63307,80.40103,126.04593,79.72781,136.46074,79.49632,127.64821,79.94292,136.99484,79.755615,117.202774,79.01862
squeezed_TT Huế,2017-08-01,126.04593,81.97164,136.46074,81.30718,127.64821,81.09213,136.99484,81.54769,117.202774,81.37418,95.34388,80.59699
squeezed_TT Huế,2017-09-01,136.46074,83.3033,127.64821,82.68579,136.99484,82.46454,117.202774,82.922554,95.34388,82.81322,117.735916,81.95107
squeezed_TT Huế,2017-10-01,127.64821,87.76019,136.99484,87.155,117.202774,87.01362,95.34388,87.38741,117.735916,87.338524,92.14501,86.43977
squeezed_TT Huế,2017-11-01,136.99484,84.40075,117.202774,83.823006,95.34388,83.616196,117.735916,84.01,92.14501,83.981674,90.36787,83.097084
squeezed_TT Huế,2017-12-01,117.202774,83.60775,95.34388,83.0383,117.735916,82.76422,92.14501,83.18568,90.36787,83.16712,72.24098,82.27264
squeezed_Thanh Hóa,2016-01-01,198.90599,98.29506,209.93112,97.69182,229.74237,97.63974,219.22739,97.94301,228.26857,97.85598,193.66267,96.92574
squeezed_Thanh Hóa,2016-02-01,209.93112,111.83459,229.74237,111.350365,219.22739,111.31924,228.26857,111.551506,193.66267,111.46928,192.21721,110.4878
squeezed_Thanh Hóa,2016-03-01,229.74237,135.47293,219.22739,135.18051,228.26857,135.12721,193.66267,135.24768,192.21721,135.13583,194.73967,134.0271
squeezed_Thanh Hóa,2016-04-01,219.22739,159.56636,228.26857,159.43678,193.66267,159.35295,192.21721,159.38582,194.73967,159.14648,195.2215,157.95876
squeezed_Thanh Hóa,2016-05-01,228.26857,180.30971,193.66267,180.24669,192.21721,180.15814,194.73967,180.03621,195.2215,179.8009,193.69101,178.5708
squeezed_Thanh Hóa,2016-06-01,193.66267,197.35085,192.21721,197.25615,194.73967,197.24164,195.2215,196.8929,193.69101,196.79086,169.77014,195.54454
squeezed_Thanh Hóa,2016-07-01,192.21721,208.65834,194.73967,208.54263,195.2215,208.57045,193.69101,208.09052,169.77014,208.09099,176.40204,206.82202
squeezed_Thanh Hóa,2016-08-01,194.73967,211.30714,195.2215,211.16006,193.69101,211.18399,169.77014,210.69202,176.40204,210.70828,189.13895,209.42018
squeezed_Thanh Hóa,2016-09-01,195.2215,212.03848,193.69101,211.84903,169.77014,211.8494,176.40204,211.41258,189.13895,211.38097,204.0403,210.07845
squeezed_Thanh Hóa,2016-10-01,193.69101,212.92871,169.77014,212.71718,176.40204,212.69217,189.13895,212.31204,204.0403,212.23837,203.56856,210.9351
squeezed_Thanh Hóa,2016-11-01,169.77014,211.62929,176.40204,211.35435,189.13895,211.2783,204.0403,210.98903,203.56856,210.86317,197.87996,209.54517
squeezed_Thanh Hóa,2016-12-01,176.40204,209.34753,189.13895,209.0335,204.0403,208.93414,203.56856,208.66884,197.87996,208.54433,204.0403,207.2206
squeezed_Thanh Hóa,2017-01-01,189.13895,210.26149,204.0403,209.9772,203.56856,209.90015,197.87996,209.62047,204.0403,209.49551,189.0557,208.17146
squeezed_Thanh Hóa,2017-02-01,204.0403,210.74297,203.56856,210.46014,197.87996,210.38019,204.0403,210.14122,189.0557,209.96404,195.38252,208.6488
squeezed_Thanh Hóa,2017-03-01,203.56856,212.11378,197.87996,211.86325,204.0403,211.79141,189.0557,211.54767,195.38252,211.37123,226.48944,210.07776
squeezed_Thanh Hóa,2017-04-01,197.87996,207.41939,204.0403,207.1019,189.0557,207.05763,195.38252,206.79369,226.48944,206.5988,219.49663,205.31052
squeezed_Thanh Hóa,2017-05-01,204.0403,206.53468,189.0557,206.2,195.38252,206.1667,226.48944,205.90097,219.49663,205.6943,191.80287,204.406
squeezed_Thanh Hóa,2017-06-01,189.0557,207.62944,195.38252,207.30057,226.48944,207.27264,219.49663,207.02103,191.80287,206.79382,219.44113,205.50807
squeezed_Thanh Hóa,2017-07-01,195.38252,216.11206,226.48944,215.93817,219.49663,215.90224,191.80287,215.62067,219.44113,215.4699,200.17624,214.19388
squeezed_Thanh Hóa,2017-08-01,226.48944,219.88078,219.49663,219.75725,191.80287,219.70207,219.44113,219.46378,200.17624,219.29271,177.07158,218.02405
squeezed_Thanh Hóa,2017-09-01,219.49663,213.50316,191.80287,213.26926,219.44113,213.21011,200.17624,212.9877,177.07158,212.78304,201.4981,211.50485
squeezed_Thanh Hóa,2017-10-01,191.80287,199.33186,219.44113,198.85242,200.17624,198.81923,177.07158,198.62749,201.4981,198.33531,198.96455,197.09177
squeezed_Thanh Hóa,2017-11-01,219.44113,189.82281,200.17624,189.24132,177.07158,189.17188,201.4981,188.99182,198.96455,188.70229,177.56726,187.49551
squeezed_Thanh Hóa,2017-12-01,200.17624,212.41455,177.07158,212.17293,201.4981,212.11339,198.96455,211.92403,177.56726,211.77681,173.95973,210.44847
squeezed_Thái Bình,2016-01-01,210.72626,217.70645,233.07263,217.55101,229.3296,217.50789,210.05586,217.26915,204.58101,217.17476,208.32402,215.80983
squeezed_Thái Bình,2016-02-01,233.07263,224.96631,229.3296,224.94757,210.05586,224.88171,204.58101,224.64574,208.32402,224.58098,203.40782,223.18752
squeezed_Thái Bình,2016-03-01,229.3296,235.30516,210.05586,235.3641,204.58101,235.29901,208.32402,235.07773,203.40782,234.99608,219.3296,233.60805
squeezed_Thái Bình,2016-04-01,210.05586,239.5052,204.58101,239.51698,208.32402,239.49841,203.40782,239.22577,219.3296,239.1399,162.56984,237.78902
squeezed_Thái Bình,2016-05-01,204.58101,242.41753,208.32402,242.40985,203.40782,242.37553,219.3296,242.05461,162.56984,242.03947,147.43016,240.56194
squeezed_Thái Bình,2016-06-01,208.32402,242.06346,203.40782,242.05565,219.3296,242.04736,162.56984,241.80444,147.43016,241.66684,107.65363,240.30214
squeezed_Thái Bình,2016-07-01,203.40782,252.77475,219.3296,252.68863,162.56984,252.7925,147.43016,252.3507,107.65363,252.3653,179.51357,250.8834
squeezed_Thái Bình,2016-08-01,219.3296,254.1138,162.56984,254.00867,147.43016,254.13124,107.65363,253.67136,179.51357,253.69952,195.92654,252.1879
squeezed_Thái Bình,2016-09-01,162.56984,257.5111,147.43016,257.38904,107.65363,257.59604,179.51357,257.1187,195.92654,257.06537,219.3814,255.69067
squeezed_Thái Bình,2016-10-01,147.43016,258.44907,107.65363,258.30673,179.51357,258.55792,195.92654,258.08575,219.3814,257.965,197.17242,256.6862
squeezed_Thái Bình,2016-11-01,107.65363,260.44684,179.51357,260.29507,195.92654,260.55618,219.3814,260.03738,197.17242,259.9682,215.75212,258.63718
squeezed_Thái Bình,2016-12-01,179.51357,256.94855,195.92654,256.79324,219.3814,257.06732,197.17242,256.64026,215.75212,256.42654,0.0,255.26472
squeezed_Thái Bình,2017-01-01,195.92654,258.4606,219.3814,258.29477,197.17242,258.56216,215.75212,258.0667,0.0,257.96426,199.88083,256.67014
squeezed_Thái Bình,2017-02-01,219.3814,256.171,197.17242,255.9665,215.75212,256.2163,0.0,255.64539,199.88083,255.66728,0.0,254.23817
squeezed_Thái Bình,2017-03-01,197.17242,254.68286,215.75212,254.45879,0.0,254.69441,199.88083,254.09734,0.0,254.15286,200.15167,252.687
squeezed_Thái Bình,2017-04-01,215.75212,251.53976,0.0,251.2802,199.88083,251.48836,0.0,250.9065,200.15167,250.95868,212.66454,249.45476
squeezed_Thái Bình,2017-05-01,0.0,250.64629,199.88083,250.36693,0.0,250.55429,200.15167,250.01334,212.66454,250.0381,209.46861,248.50497
squeezed_Thái Bình,2017-06-01,199.88083,232.6698,0.0,232.36743,200.15167,232.38744,212.66454,232.0233,209.46861,231.96121,205.08098,230.30159
squeezed_Thái Bình,2017-07-01,0.0,209.39015,200.15167,209.0189,212.66454,208.96375,209.46861,208.89719,205.08098,208.50034,202.84775,207.16733
squeezed_Thái Bình,2017-08-01,200.15167,195.70032,212.66454,195.21841,209.46861,195.0485,205.08098,194.98422,202.84775,194.59602,0.0,193.39917
squeezed_Thái Bình,2017-09-01,212.66454,185.9426,209.46861,185.40947,205.08098,185.15927,202.84775,185.07063,0.0,184.75461,212.82562,183.61952
squeezed_Thái Bình,2017-10-01,209.46861,180.5416,205.08098,179.99295,202.84775,179.71252,0.0,179.60251,212.82562,179.35764,199.18019,178.19954
squeezed_Thái Bình,2017-11-01,205.08098,175.00974,202.84775,174.43965,0.0,174.15337,212.82562,174.04504,199.18019,173.8442,194.59576,172.67291
squeezed_Thái Bình,2017-12-01,202.84775,166.74779,0.0,166.15208,212.82562,165.87486,199.18019,165.77214,194.59576,165.60866,191.5215,164.45598
squeezed_Thái Nguyên,2016-01-01,42.12156,119.83359,67.13378,119.196846,60.45299,118.890205,52.71305,118.939156,62.57129,118.72738,46.684048,117.75688
squeezed_Thái Nguyên,2016-02-01,67.13378,81.61907,60.45299,81.1976,52.71305,80.629906,62.57129,81.325584,46.684048,80.624794,66.319046,79.95301
squeezed_Thái Nguyên,2016-03-01,60.45299,71.361786,52.71305,71.04736,62.57129,70.35558,46.684048,71.21489,66.319046,70.43992,67.05231,70.00788
squeezed_Thái Nguyên,2016-04-01,52.71305,64.07792,62.57129,63.797462,46.684048,63.139698,66.319046,63.994125,67.05231,63.29736,53.038944,62.921234
squeezed_Thái Nguyên,2016-05-01,62.57129,60.16003,46.684048,59.85207,66.319046,59.17336,67.05231,60.068645,53.038944,59.402027,47.25436,59.026054
squeezed_Thái Nguyên,2016-06-01,46.684048,56.54004,66.319046,56.25069,67.05231,55.57778,53.038944,56.46323,47.25436,55.866035,26.8861,55.50152
squeezed_Thái Nguyên,2016-07-01,66.319046,55.05054,67.05231,54.769863,53.038944,54.12861,47.25436,54.967968,26.8861,54.4437,35.188282,54.07647
squeezed_Thái Nguyên,2016-08-01,67.05231,54.66403,53.038944,54.398155,47.25436,53.756805,26.8861,54.58877,35.188282,54.098038,45.37855,53.697662
squeezed_Thái Nguyên,2016-09-01,53.038944,57.23944,47.25436,56.984318,26.8861,56.32353,35.188282,57.162983,45.37855,56.713917,56.36494,56.26586
squeezed_Thái Nguyên,2016-10-01,47.25436,58.723854,26.8861,58.44688,35.188282,57.80966,45.37855,58.62823,56.36494,58.215813,43.786324,57.736366
squeezed_Thái Nguyên,2016-11-01,26.8861,58.92694,35.188282,58.632446,45.37855,58.042973,56.36494,58.803596,43.786324,58.418118,45.85622,57.945946
squeezed_Thái Nguyên,2016-12-01,35.188282,60.13427,45.37855,59.83268,56.36494,59.268444,43.786324,59.990604,45.85622,59.64993,43.308655,59.194214
squeezed_Thái Nguyên,2017-01-01,45.37855,63.797832,56.36494,63.435364,43.786324,62.8966,45.85622,63.58368,43.308655,63.288227,41.318367,62.792267
squeezed_Thái Nguyên,2017-02-01,56.36494,66.29583,43.786324,65.86794,45.85622,65.39647,43.308655,66.05543,41.318367,65.76875,39.168858,65.233
squeezed_Thái Nguyên,2017-03-01,43.786324,65.947296,45.85622,65.54188,43.308655,65.1372,41.318367,65.73961,39.168858,65.45988,49.43874,64.92814
squeezed_Thái Nguyên,2017-04-01,45.85622,63.0432,43.308655,62.647854,41.318367,62.263977,39.168858,62.8468,49.43874,62.564102,56.84261,62.108826
squeezed_Thái Nguyên,2017-05-01,43.308655,59.17504,41.318367,58.773582,39.168858,58.424908,49.43874,58.96348,56.84261,58.73113,47.92612,58.325737
squeezed_Thái Nguyên,2017-06-01,41.318367,57.13158,39.168858,56.75341,49.43874,56.465027,56.84261,56.948704,47.92612,56.770798,49.91641,56.362244
squeezed_Thái Nguyên,2017-07-01,39.168858,54.136604,49.43874,53.80715,56.84261,53.564785,47.92612,53.9912,49.91641,53.81095,45.775753,53.42077
squeezed_Thái Nguyên,2017-08-01,49.43874,51.244358,56.84261,50.899895,47.92612,50.670284,49.91641,51.108044,45.775753,50.88654,35.17588,50.509804
squeezed_Thái Nguyên,2017-09-01,56.84261,49.63417,47.92612,49.30926,49.91641,49.07236,45.775753,49.527462,35.17588,49.295803,99.089195,48.91086
squeezed_Thái Nguyên,2017-10-01,47.92612,49.64326,49.91641,49.33946,45.775753,49.105476,35.17588,49.536903,99.089195,49.355286,48.2098,48.982925
squeezed_Thái Nguyên,2017-11-01,49.91641,54.12672,45.775753,53.89066,35.17588,53.65621,99.089195,54.034317,48.2098,53.923218,50.722363,53.51683
squeezed_Thái Nguyên,2017-12-01,45.775753,56.689106,35.17588,56.506172,99.089195,56.21884,48.2098,56.614346,50.722363,56.517986,35.80402,56.085144
squeezed_Tiền Giang,2016-01-01,0.05746466,42.65521,0.0,42.492287,0.0,42.267162,0.0,42.650265,0.0,42.39963,0.0,42.13865
squeezed_Tiền Giang,2016-02-01,0.0,32.424294,0.0,32.25216,0.0,32.072517,0.0,32.4086,0.0,32.144367,0.0,31.925747
squeezed_Tiền Giang,2016-03-01,0.0,25.51246,0.0,25.359686,0.0,25.228392,0.0,25.514347,0.0,25.28437,0.0,25.073082
squeezed_Tiền Giang,2016-04-01,0.0,19.796352,0.0,19.669813,0.0,19.517643,0.0,19.790218,0.0,19.591251,0.0,19.357912
squeezed_Tiền Giang,2016-05-01,0.0,17.595228,0.0,17.476376,0.0,17.301107,0.0,17.571745,0.0,17.387125,2.6433744,17.12646
squeezed_Tiền Giang,2016-06-01,0.0,17.284317,0.0,17.182743,0.0,17.02052,0.0,17.273859,2.6433744,17.08103,0.0,16.808552
squeezed_Tiền Giang,2016-07-01,0.0,14.976517,0.0,14.873653,0.0,14.711139,2.6433744,14.959435,0.0,14.784765,0.0,14.492345
squeezed_Tiền Giang,2016-08-01,0.0,13.29912,0.0,13.191375,2.6433744,13.032773,0.0,13.274002,0.0,13.110617,0.0,12.803303
squeezed_Tiền Giang,2016-09-01,0.0,11.448259,2.6433744,11.33972,0.0,11.188349,0.0,11.418706,0.0,11.278038,0.0,10.965788
squeezed_Tiền Giang,2016-10-01,2.6433744,10.779363,0.0,10.662953,0.0,10.524808,0.0,10.739092,0.0,10.622961,0.0,10.300417
squeezed_Tiền Giang,2016-11-01,0.0,9.837601,0.0,9.720895,0.0,9.59968,0.0,9.790114,0.0,9.697313,0.0,9.369667
squeezed_Tiền Giang,2016-12-01,0.0,8.505798,0.0,8.382454,0.0,8.271278,0.0,8.453406,0.0,8.365132,0.0,8.039766
squeezed_Tiền Giang,2017-01-01,0.0,7.6130705,0.0,7.482004,0.0,7.380292,0.0,7.55799,0.0,7.479043,0.057084143,7.146247
squeezed_Tiền Giang,2017-02-01,0.0,6.956601,0.0,6.821869,0.0,6.7107725,0.0,6.8946285,0.057084143,6.823148,0.0,6.503948
squeezed_Tiền Giang,2017-03-01,0.0,5.81676,0.0,5.6896834,0.0,5.58319,0.057084143,5.770627,0.0,5.696291,0.0,5.4165745
squeezed_Tiền Giang,2017-04-01,0.0,3.458135,0.0,3.337473,0.057084143,3.2320702,0.0,3.4226427,0.0,3.3591945,0.0,3.1057596
squeezed_Tiền Giang,2017-05-01,0.0,2.799223,0.057084143,2.6816106,0.0,2.5918572,0.0,2.770243,0.0,2.711855,0.0,2.472006
squeezed_Tiền Giang,2017-06-01,0.057084143,2.9151049,0.0,2.7934904,0.0,2.72181,0.0,2.8853166,0.0,2.8274343,0.0,2.590076
squeezed_Tiền Giang,2017-07-01,0.0,2.8749423,0.0,2.762672,0.0,2.699503,0.0,2.8467956,0.0,2.8010879,0.0,2.5656013
squeezed_Tiền Giang,2017-08-01,0.0,3.8605442,0.0,3.7605906,0.0,3.7009687,0.0,3.8428378,0.0,3.7834718,0.0,3.536546
squeezed_Tiền Giang,2017-09-01,0.0,6.488992,0.0,6.3945513,0.0,6.340272,0.0,6.4744473,0.0,6.414893,0.0,6.115141
squeezed_Tiền Giang,2017-10-01,0.0,9.683619,0.0,9.598873,0.0,9.536924,0.0,9.664386,0.0,9.61656,0.0,9.254684
squeezed_Tiền Giang,2017-11-01,0.0,6.9958925,0.0,6.918729,0.0,6.8242493,0.0,6.9662066,0.0,6.9468203,0.0,6.584591
squeezed_Tiền Giang,2017-12-01,0.0,5.2246804,0.0,5.1346216,0.0,5.0349326,0.0,5.186599,0.0,5.1659803,0.0,4.813089
squeezed_Trà Vinh,2016-01-01,0.19221528,6.0343304,0.0,5.9300184,0.0,5.8583174,0.4805382,6.004473,0.9610764,5.9779367,1.2493993,5.6480193
squeezed_Trà Vinh,2016-02-01,0.0,11.133795,0.0,11.012783,0.4805382,10.941389,0.9610764,11.102398,1.2493993,11.029609,0.0,10.69696
squeezed_Trà Vinh,2016-03-01,0.0,15.793482,0.4805382,15.65007,0.9610764,15.568579,1.2493993,15.749312,0.0,15.63439,0.28832293,15.305048
squeezed_Trà Vinh,2016-04-01,0.4805382,18.40817,0.9610764,18.256296,1.2493993,18.151043,0.0,18.35785,0.28832293,18.215736,0.0,17.895435
squeezed_Trà Vinh,2016-05-01,0.9610764,20.154327,1.2493993,19.992327,0.0,19.882732,0.28832293,20.098595,0.0,19.93661,0.0,19.629988
squeezed_Trà Vinh,2016-06-01,1.2493993,19.773075,0.0,19.606483,0.28832293,19.490631,0.0,19.71747,0.0,19.542116,0.0,19.249065
squeezed_Trà Vinh,2016-07-01,0.0,16.967457,0.28832293,16.80416,0.0,16.68293,0.0,16.914845,0.0,16.743507,0.09919651,16.455547
squeezed_Trà Vinh,2016-08-01,0.28832293,14.138622,0.0,13.97881,0.0,13.85888,0.0,14.087825,0.09919651,13.934256,0.09919651,13.645168
squeezed_Trà Vinh,2016-09-01,0.0,12.603888,0.0,12.448535,0.0,12.33446,0.09919651,12.552477,0.09919651,12.406334,0.0,12.106123
squeezed_Trà Vinh,2016-10-01,0.0,10.775852,0.0,10.62549,0.09919651,10.50752,0.09919651,10.732721,0.0,10.580827,0.09919651,10.27541
squeezed_Trà Vinh,2016-11-01,0.0,9.27887,0.09919651,9.136209,0.09919651,9.011585,0.0,9.243816,0.09919651,9.098814,0.0,8.791262
squeezed_Trà Vinh,2016-12-01,0.09919651,11.685137,0.09919651,11.546133,0.0,11.425437,0.09919651,11.651847,0.0,11.524231,0.0,11.201103
squeezed_Trà Vinh,2017-01-01,0.09919651,14.44529,0.0,14.304891,0.09919651,14.187699,0.0,14.409199,0.0,14.283861,0.0,13.952137
squeezed_Trà Vinh,2017-02-01,0.0,15.242628,0.09919651,15.09897,0.0,14.973325,0.0,15.203863,0.0,15.082193,0.19839302,14.773313
squeezed_Trà Vinh,2017-03-01,0.09919651,17.717987,0.0,17.595098,0.0,17.452799,0.0,17.682234,0.19839302,17.565868,0.0,17.284327
squeezed_Trà Vinh,2017-04-01,0.0,20.010345,0.0,19.880028,0.0,19.735191,0.19839302,19.968334,0.0,19.833958,0.0,19.564362
squeezed_Trà Vinh,2017-05-01,0.0,25.2795,0.0,25.135036,0.19839302,25.013405,0.0,25.220934,0.0,25.065302,0.0,24.80047
squeezed_Trà Vinh,2017-06-01,0.0,28.317669,0.19839302,28.183237,0.0,28.045519,0.0,28.25744,0.0,28.06562,0.0,27.810577
squeezed_Trà Vinh,2017-07-01,0.19839302,27.92961,0.0,27.781815,0.0,27.657522,0.0,27.879206,0.0,27.678452,0.09912768,27.427708
squeezed_Trà Vinh,2017-08-01,0.0,29.5409,0.0,29.40515,0.0,29.283897,0.0,29.50284,0.09912768,29.31634,0.29738304,29.048838
squeezed_Trà Vinh,2017-09-01,0.0,27.09046,0.0,26.949942,0.0,26.853535,0.09912768,27.06334,0.29738304,26.879353,0.39651072,26.618126
squeezed_Trà Vinh,2017-10-01,0.0,24.822565,0.0,24.672548,0.09912768,24.587282,0.29738304,24.786098,0.39651072,24.602438,1.5860429,24.331919
squeezed_Trà Vinh,2017-11-01,0.0,20.867514,0.09912768,20.726849,0.29738304,20.631706,0.39651072,20.848831,1.5860429,20.653254,2.5773196,20.382584
squeezed_Trà Vinh,2017-12-01,0.09912768,19.89427,0.29738304,19.76367,0.39651072,19.655342,1.5860429,19.879972,2.5773196,19.699875,3.1720858,19.414703
squeezed_Tuyên Quang,2016-01-01,121.91942,63.31967,189.33368,63.070446,132.7422,62.878395,138.08841,63.10413,134.17656,62.8267,115.269264,62.33159
squeezed_Tuyên Quang,2016-02-01,189.33368,92.15073,132.7422,91.67583,138.08841,91.50382,134.17656,91.808174,115.269264,91.36347,140.9571,90.759445
squeezed_Tuyên Quang,2016-03-01,132.7422,90.466385,138.08841,89.92182,134.17656,89.644424,115.269264,90.10834,140.9571,89.58994,185.9434,89.0533
squeezed_Tuyên Quang,2016-04-01,138.08841,84.60452,134.17656,84.053474,115.269264,83.68476,140.9571,84.24293,185.9434,83.71273,148.38962,83.247025
squeezed_Tuyên Quang,2016-05-01,134.17656,80.16463,115.269264,79.65437,140.9571,79.26011,185.9434,79.85276,148.38962,79.33856,149.95436,78.886246
squeezed_Tuyên Quang,2016-06-01,115.269264,79.929855,140.9571,79.47176,185.9434,79.12361,148.38962,79.65056,149.95436,79.24368,107.44556,78.71527
squeezed_Tuyên Quang,2016-07-01,140.9571,80.16839,185.9434,79.70638,148.38962,79.375824,149.95436,79.88188,107.44556,79.5523,0.0,78.948
squeezed_Tuyên Quang,2016-08-01,185.9434,74.869385,148.38962,74.39775,149.95436,74.01524,107.44556,74.59324,0.0,74.24883,0.0,73.67173
squeezed_Tuyên Quang,2016-09-01,148.38962,70.37751,149.95436,69.95202,107.44556,69.55651,0.0,70.170654,0.0,69.83298,0.0,69.2486
squeezed_Tuyên Quang,2016-10-01,149.95436,68.34791,107.44556,67.923096,0.0,67.53429,0.0,68.16029,0.0,67.83846,0.0,67.26074
squeezed_Tuyên Quang,2016-11-01,107.44556,73.85881,0.0,73.3216,0.0,72.99151,0.0,73.56614,0.0,73.26022,0.0,72.665596
squeezed_Tuyên Quang,2016-12-01,0.0,80.522934,0.0,79.914375,0.0,79.70921,0.0,80.18462,0.0,79.952965,0.0,79.25098
squeezed_Tuyên Quang,2017-01-01,0.0,92.98082,0.0,92.40269,0.0,92.37269,0.0,92.64739,0.0,92.53661,0.0,91.72185
squeezed_Tuyên Quang,2017-02-01,0.0,100.55808,0.0,100.02645,0.0,100.12472,0.0,100.20608,0.0,100.222015,0.0,99.38216
squeezed_Tuyên Quang,2017-03-01,0.0,104.46572,0.0,103.96461,0.0,104.11483,0.0,104.09349,0.0,104.20469,0.0,103.336685
squeezed_Tuyên Quang,2017-04-01,0.0,106.54502,0.0,106.054955,0.0,106.215294,0.0,106.15331,0.0,106.299805,0.0,105.425385
squeezed_Tuyên Quang,2017-05-01,0.0,106.621086,0.0,106.177986,0.0,106.2848,0.0,106.22511,0.0,106.36128,0.0,105.51271
squeezed_Tuyên Quang,2017-06-01,0.0,105.28239,0.0,104.86798,0.0,104.90417,0.0,104.89624,0.0,104.97854,0.0,104.16104
squeezed_Tuyên Quang,2017-07-01,0.0,98.94942,0.0,98.46615,0.0,98.39729,0.0,98.56717,0.0,98.49519,116.92149,97.71703
squeezed_Tuyên Quang,2017-08-01,0.0,90.643616,0.0,90.10299,0.0,89.895935,0.0,90.2357,116.92149,90.03375,144.28883,89.35027
squeezed_Tuyên Quang,2017-09-01,0.0,83.91524,0.0,83.34816,0.0,83.078514,116.92149,83.53134,144.28883,83.21768,119.10574,82.629234
squeezed_Tuyên Quang,2017-10-01,0.0,79.156525,0.0,78.561775,116.92149,78.26618,144.28883,78.78712,119.10574,78.40962,137.09366,77.86976
squeezed_Tuyên Quang,2017-11-01,0.0,78.872665,116.92149,78.254425,144.28883,77.96418,119.10574,78.52758,137.09366,78.137375,131.18335,77.569595
squeezed_Tuyên Quang,2017-12-01,116.92149,78.54545,144.28883,77.94329,119.10574,77.59062,137.09366,78.21247,131.18335,77.818954,145.4452,77.241585
squeezed_Tây Ninh,2016-01-01,4.647837,68.221634,4.2009296,67.69233,5.362889,67.37881,7.418663,67.961914,3.7540221,67.52461,6.882374,67.0542
squeezed_Tây Ninh,2016-02-01,4.2009296,54.895546,5.362889,54.523827,7.418663,54.21264,3.7540221,54.81855,6.882374,54.302975,4.9159813,53.949883
squeezed_Tây Ninh,2016-03-01,5.362889,42.731106,7.418663,42.48077,3.7540221,42.1802,6.882374,42.7239,4.9159813,42.230885,2.6814444,41.966743
squeezed_Tây Ninh,2016-04-01,7.418663,36.57612,3.7540221,36.364815,6.882374,36.105267,4.9159813,36.581448,2.6814444,36.134262,2.9495888,35.885834
squeezed_Tây Ninh,2016-05-01,3.7540221,33.582508,6.882374,33.388866,4.9159813,33.163807,2.6814444,33.58622,2.9495888,33.1756,3.3071148,32.925034
squeezed_Tây Ninh,2016-06-01,6.882374,30.649279,4.9159813,30.482454,2.6814444,30.285736,2.9495888,30.660427,3.3071148,30.280518,1.4301037,30.041506
squeezed_Tây Ninh,2016-07-01,4.9159813,28.827318,2.6814444,28.69073,2.9495888,28.49432,3.3071148,28.851095,1.4301037,28.480433,3.1274433,28.240566
squeezed_Tây Ninh,2016-08-01,2.6814444,26.927006,2.9495888,26.809195,3.3071148,26.609715,1.4301037,26.958796,3.1274433,26.588242,2.432456,26.34803
squeezed_Tây Ninh,2016-09-01,2.9495888,25.043194,3.3071148,24.932558,1.4301037,24.722609,3.1274433,25.076975,2.432456,24.694725,3.1274433,24.438824
squeezed_Tây Ninh,2016-10-01,3.3071148,21.932878,1.4301037,21.82076,3.1274433,21.600346,2.432456,21.961035,3.1274433,21.591703,5.0386586,21.32656
squeezed_Tây Ninh,2016-11-01,1.4301037,21.336208,3.1274433,21.23011,2.432456,21.008734,3.1274433,21.364347,5.0386586,21.003847,3.7355573,20.733524
squeezed_Tây Ninh,2016-12-01,3.1274433,20.636168,2.432456,20.527222,3.1274433,20.334324,5.0386586,20.660685,3.7355573,20.346943,6.168013,20.06617
squeezed_Tây Ninh,2017-01-01,2.432456,20.323101,3.1274433,20.212229,5.0386586,20.039839,3.7355573,20.329857,6.168013,20.086763,6.4286337,19.791521
squeezed_Tây Ninh,2017-02-01,3.1274433,21.5711,5.0386586,21.447123,3.7355573,21.296114,6.168013,21.560928,6.4286337,21.342243,8.3398485,21.046762
squeezed_Tây Ninh,2017-03-01,5.0386586,22.490587,3.7355573,22.37159,6.168013,22.234484,6.4286337,22.48971,8.3398485,22.265736,10.164191,21.97683
squeezed_Tây Ninh,2017-04-01,3.7355573,23.280384,6.168013,23.160757,6.4286337,23.023325,8.3398485,23.268879,10.164191,23.04232,8.86109,22.750702
squeezed_Tây Ninh,2017-05-01,6.168013,27.26182,6.4286337,27.115614,8.3398485,26.986504,10.164191,27.223522,8.86109,26.981161,6.7761273,26.683681
squeezed_Tây Ninh,2017-06-01,6.4286337,31.059155,8.3398485,30.903961,10.164191,30.766844,8.86109,31.020718,6.7761273,30.75132,5.5598993,30.461637
squeezed_Tây Ninh,2017-07-01,8.3398485,32.47902,10.164191,32.320583,8.86109,32.19809,6.7761273,32.44615,5.5598993,32.167603,7.6677866,31.892706
squeezed_Tây Ninh,2017-08-01,10.164191,33.347893,8.86109,33.19692,6.7761273,33.07612,5.5598993,33.340797,7.6677866,33.04124,5.772379,32.76365
squeezed_Tây Ninh,2017-09-01,8.86109,30.107428,6.7761273,29.958267,5.5598993,29.836903,7.6677866,30.106833,5.772379,29.801744,6.461618,29.55762
squeezed_Tây Ninh,2017-10-01,6.7761273,27.318876,5.5598993,27.182833,7.6677866,27.056726,5.772379,27.325172,6.461618,27.022593,6.461618,26.797869
squeezed_Tây Ninh,2017-11-01,5.5598993,24.926794,7.6677866,24.816805,5.772379,24.671856,6.461618,24.949938,6.461618,24.638988,5.9446883,24.41582
squeezed_Tây Ninh,2017-12-01,7.6677866,23.596348,5.772379,23.511755,6.461618,23.371065,6.461618,23.639153,5.9446883,23.340971,8.012406,23.112762
squeezed_Vĩnh Phúc,2016-01-01,109.193245,58.01231,154.5028,57.870697,106.94184,57.686897,112.945595,57.893314,102.2514,57.650257,105.34709,57.167206
squeezed_Vĩnh Phúc,2016-02-01,154.5028,89.79088,106.94184,89.39125,112.945595,89.32226,102.2514,89.49457,105.34709,89.21537,114.35272,88.56175
squeezed_Vĩnh Phúc,2016-03-01,106.94184,87.66717,112.945595,87.078224,102.2514,86.85924,105.34709,87.29241,114.35272,86.929184,109.756096,86.26166
squeezed_Vĩnh Phúc,2016-04-01,112.945595,81.27724,102.2514,80.692795,105.34709,80.321075,114.35272,80.900734,109.756096,80.50456,117.16698,79.930664
squeezed_Vĩnh Phúc,2016-05-01,102.2514,78.93959,105.34709,78.374664,114.35272,78.0015,109.756096,78.59397,117.16698,78.20649,98.9681,77.633766
squeezed_Vĩnh Phúc,2016-06-01,105.34709,78.53163,114.35272,78.03558,109.756096,77.699394,117.16698,78.238464,98.9681,77.92044,28.611631,77.265305
squeezed_Vĩnh Phúc,2016-07-01,114.35272,80.60566,109.756096,80.15837,117.16698,79.85412,98.9681,80.32848,28.611631,80.08597,86.36809,79.34175
squeezed_Vĩnh Phúc,2016-08-01,109.756096,79.86631,117.16698,79.45148,98.9681,79.14852,28.611631,79.617744,86.36809,79.39142,81.738045,78.613655
squeezed_Vĩnh Phúc,2016-09-01,117.16698,89.793625,98.9681,89.423134,28.611631,89.16013,86.36809,89.58043,81.738045,89.372696,0.0,88.52167
squeezed_Vĩnh Phúc,2016-10-01,98.9681,95.61779,28.611631,95.25144,86.36809,94.98499,81.738045,95.38488,0.0,95.18568,96.51856,94.30647
squeezed_Vĩnh Phúc,2016-11-01,28.611631,96.29974,86.36809,95.88678,81.738045,95.62375,0.0,96.0015,96.51856,95.82633,75.23818,94.95212
squeezed_Vĩnh Phúc,2016-12-01,86.36809,95.55055,81.738045,95.124596,0.0,94.838066,96.51856,95.232056,75.23818,95.046196,80.22438,94.157776
squeezed_Vĩnh Phúc,2017-01-01,81.738045,94.26119,0.0,93.77519,96.51856,93.50173,75.23818,93.91094,80.22438,93.70556,76.39569,92.78297
squeezed_Vĩnh Phúc,2017-02-01,0.0,94.93279,96.51856,94.40145,75.23818,94.18085,80.22438,94.560394,76.39569,94.36511,0.0,93.45576
squeezed_Vĩnh Phúc,2017-03-01,96.51856,93.13062,75.23818,92.53875,80.22438,92.3534,76.39569,92.73825,0.0,92.575325,77.64224,91.646484
squeezed_Vĩnh Phúc,2017-04-01,75.23818,92.42228,80.22438,91.80083,76.39569,91.632355,0.0,92.03056,77.64224,91.88169,86.813286,90.91698
squeezed_Vĩnh Phúc,2017-05-01,80.22438,93.383705,76.39569,92.77411,0.0,92.635315,77.64224,93.006645,86.813286,92.870995,77.82032,91.89221
squeezed_Vĩnh Phúc,2017-06-01,76.39569,94.70392,0.0,94.10699,77.64224,93.99649,86.813286,94.338554,77.82032,94.1902,0.0,93.25367
squeezed_Vĩnh Phúc,2017-07-01,0.0,92.646164,77.64224,92.06773,86.813286,91.92112,77.82032,92.2742,0.0,92.102394,0.0,91.22845
squeezed_Vĩnh Phúc,2017-08-01,77.64224,89.656906,86.813286,89.12977,77.82032,88.928764,0.0,89.30543,0.0,89.10975,0.0,88.27574
squeezed_Vĩnh Phúc,2017-09-01,86.813286,87.84116,77.82032,87.342026,0.0,87.12771,0.0,87.50687,0.0,87.30108,0.0,86.48313
squeezed_Vĩnh Phúc,2017-10-01,77.82032,83.268326,0.0,82.74083,0.0,82.505226,0.0,82.92929,0.0,82.70907,0.0,81.94904
squeezed_Vĩnh Phúc,2017-11-01,0.0,79.12484,0.0,78.54619,0.0,78.28452,0.0,78.76672,0.0,78.52369,0.0,77.828606
squeezed_Vĩnh Phúc,2017-12-01,0.0,75.02478,0.0,74.43739,0.0,74.125595,0.0,74.666695,0.0,74.429054,0.0,73.77363
squeezed_Yên Bái,2016-01-01,45.869267,77.008606,118.23522,76.348724,131.60855,76.09515,67.866516,76.61229,50.993626,76.32959,55.868015,75.68891
squeezed_Yên Bái,2016-02-01,118.23522,78.54081,131.60855,77.856064,67.866516,77.618904,50.993626,78.17063,55.868015,77.87927,101.86227,77.2161
squeezed_Yên Bái,2016-03-01,131.60855,75.91576,67.866516,75.23488,50.993626,74.939964,55.868015,75.518585,101.86227,75.25523,128.109,74.61073
squeezed_Yên Bái,2016-04-01,67.866516,73.590355,50.993626,72.96441,55.868015,72.61126,101.86227,73.190094,128.109,72.88775,94.363205,72.32567
squeezed_Yên Bái,2016-05-01,50.993626,71.37898,55.868015,70.82667,101.86227,70.43485,128.109,71.04438,94.363205,70.702446,81.6148,70.167564
squeezed_Yên Bái,2016-06-01,55.868015,67.8627,101.86227,67.38027,128.109,66.96072,94.363205,67.58379,81.6148,67.22883,3.624547,66.70834
squeezed_Yên Bái,2016-07-01,101.86227,64.490135,128.109,64.05527,94.363205,63.63344,81.6148,64.24484,3.624547,63.890198,48.804657,63.39167
squeezed_Yên Bái,2016-08-01,128.109,61.508038,94.363205,61.11525,81.6148,60.69315,3.624547,61.33106,48.804657,60.954185,88.6907,60.466087
squeezed_Yên Bái,2016-09-01,94.363205,60.461536,81.6148,60.080856,3.624547,59.695774,48.804657,60.313446,88.6907,59.9556,108.50985,59.44255
squeezed_Yên Bái,2016-10-01,81.6148,61.65993,3.624547,61.262577,48.804657,60.86273,88.6907,61.491737,108.50985,61.106556,118.54329,60.615112
squeezed_Yên Bái,2016-11-01,3.624547,66.447945,48.804657,66.00274,88.6907,65.61385,108.50985,66.22484,118.54329,65.86381,77.79016,65.35689
squeezed_Yên Bái,2016-12-01,48.804657,72.57223,88.6907,72.04862,108.50985,71.746025,118.54329,72.29047,77.79016,71.97964,63.04967,71.40587
squeezed_Yên Bái,2017-01-01,88.6907,79.43671,108.50985,78.89187,118.54329,78.689026,77.79016,79.117775,63.04967,78.90964,57.599407,78.25043
squeezed_Yên Bái,2017-02-01,108.50985,85.41964,118.54329,84.90513,77.79016,84.82184,63.04967,85.0654,57.599407,85.04625,80.63917,84.29336
squeezed_Yên Bái,2017-03-01,118.54329,88.81015,77.79016,88.30288,63.04967,88.3091,57.599407,88.42105,80.63917,88.56501,91.78744,87.738655
squeezed_Yên Bái,2017-04-01,77.79016,91.011314,63.04967,90.49018,57.599407,90.51401,80.63917,90.58625,91.78744,90.79058,85.09847,89.93342
squeezed_Yên Bái,2017-05-01,63.04967,93.538994,57.599407,93.030266,80.63917,93.087906,91.78744,93.116905,85.09847,93.35093,68.62381,92.47035
squeezed_Yên Bái,2017-06-01,57.599407,94.54027,80.63917,94.05598,91.78744,94.10055,85.09847,94.11753,68.62381,94.35641,70.85346,93.48858
squeezed_Yên Bái,2017-07-01,80.63917,91.65834,91.78744,91.16305,85.09847,91.13156,68.62381,91.23086,70.85346,91.39699,47.753498,90.55946
squeezed_Yên Bái,2017-08-01,91.78744,85.95786,85.09847,85.396965,68.62381,85.273605,70.85346,85.55676,47.753498,85.569275,34.495457,84.73263
squeezed_Yên Bái,2017-09-01,85.09847,82.00077,68.62381,81.436516,70.85346,81.2456,47.753498,81.63181,34.495457,81.575424,47.38522,80.741234
squeezed_Yên Bái,2017-10-01,68.62381,80.9578,70.85346,80.388695,47.753498,80.185905,34.495457,80.60725,47.38522,80.51948,41.00172,79.698555
squeezed_Yên Bái,2017-11-01,70.85346,88.86505,47.753498,88.27931,34.495457,88.16826,47.38522,88.513306,41.00172,88.460175,38.178246,87.56829
squeezed_Yên Bái,2017-12-01,47.753498,92.56669,34.495457,91.976585,47.38522,91.89648,41.00172,92.185875,38.178246,92.18509,30.812668,91.26261
squeezed_Điện Biên,2016-01-01,189.80983,96.891235,229.6376,96.40065,214.02942,96.430115,222.10262,96.6029,183.17188,96.65765,177.96915,95.7413
squeezed_Điện Biên,2016-02-01,229.6376,109.071625,214.02942,108.67332,222.10262,108.86445,183.17188,108.8394,177.96915,108.90617,228.74059,107.99635
squeezed_Điện Biên,2016-03-01,214.02942,128.17575,222.10262,127.815605,183.17188,128.08936,177.96915,127.90542,228.74059,127.847145,205.77682,126.92451
squeezed_Điện Biên,2016-04-01,222.10262,149.24924,183.17188,148.93282,177.96915,149.1805,228.74059,148.88142,205.77682,148.73637,188.0158,147.70984
squeezed_Điện Biên,2016-05-01,183.17188,169.47368,177.96915,169.21828,228.74059,169.3719,205.77682,169.01294,188.0158,168.81964,232.68748,167.68538
squeezed_Điện Biên,2016-06-01,177.96915,190.10298,228.74059,189.99611,205.77682,190.00012,188.0158,189.71661,232.68748,189.42865,0.0,188.20934
squeezed_Điện Biên,2016-07-01,228.74059,206.57318,205.77682,206.57054,188.0158,206.48322,232.68748,206.26085,0.0,205.9522,117.535385,204.71342
squeezed_Điện Biên,2016-08-01,205.77682,229.39432,188.0158,229.3896,232.68748,229.3532,0.0,229.09958,117.535385,228.85492,0.0,227.52599
squeezed_Điện Biên,2016-09-01,188.0158,248.96954,232.68748,248.88211,0.0,248.99557,117.535385,248.59367,0.0,248.46272,0.0,247.07034
squeezed_Điện Biên,2016-10-01,232.68748,257.86264,0.0,257.71478,117.535385,257.94308,0.0,257.40674,0.0,257.37408,163.96272,255.9781
squeezed_Điện Biên,2016-11-01,0.0,260.83118,117.535385,260.67102,0.0,260.93176,0.0,260.36374,163.96272,260.3522,181.91232,258.96063
squeezed_Điện Biên,2016-12-01,117.535385,261.50195,0.0,261.3471,0.0,261.60648,163.96272,261.04224,181.91232,261.03027,179.32344,259.6426
squeezed_Điện Biên,2017-01-01,0.0,261.68597,0.0,261.53503,163.96272,261.7936,181.91232,261.23157,179.32344,261.2174,0.0,259.83386
squeezed_Điện Biên,2017-02-01,0.0,262.327,163.96272,262.17386,181.91232,262.4401,179.32344,261.87466,0.0,261.85977,205.38489,260.47748
squeezed_Điện Biên,2017-03-01,163.96272,262.51315,181.91232,262.35876,179.32344,262.6269,0.0,262.05984,205.38489,262.04544,283.05142,260.66385
squeezed_Điện Biên,2017-04-01,181.91232,262.57504,179.32344,262.42047,0.0,262.68906,205.38489,262.12155,283.05142,262.1073,0.0,260.726
squeezed_Điện Biên,2017-05-01,179.32344,262.58432,0.0,262.42975,205.38489,262.69824,283.05142,262.1307,0.0,262.1165,202.10562,260.73517
squeezed_Điện Biên,2017-06-01,0.0,262.5799,205.38489,262.4252,283.05142,262.69373,0.0,262.12622,202.10562,262.11206,0.0,260.73074
squeezed_Điện Biên,2017-07-01,205.38489,262.51215,283.05142,262.35654,0.0,262.6242,202.10562,262.0564,0.0,262.0433,0.0,260.6625
squeezed_Điện Biên,2017-08-01,283.05142,258.85727,0.0,258.6949,202.10562,258.88455,0.0,258.328,0.0,258.3238,159.35648,256.97467
squeezed_Điện Biên,2017-09-01,0.0,237.91612,202.10562,237.53104,0.0,237.56108,0.0,236.99602,159.35648,237.07545,0.0,235.69289
squeezed_Điện Biên,2017-10-01,202.10562,183.3991,0.0,182.90208,0.0,182.60445,159.35648,182.29391,0.0,182.25783,0.0,181.0422
squeezed_Điện Biên,2017-11-01,0.0,143.7245,0.0,143.01515,159.35648,142.58447,0.0,142.7092,0.0,142.32788,0.0,141.45764
squeezed_Điện Biên,2017-12-01,0.0,111.05386,159.35648,110.643326,0.0,110.03845,0.0,110.66304,0.0,109.87681,0.0,109.132324
squeezed_Đà Nẵng,2016-01-01,49.034603,98.98365,43.681896,98.75721,52.857964,98.034355,29.05754,98.731636,53.71822,97.958984,33.35882,97.24268
squeezed_Đà Nẵng,2016-02-01,43.681896,91.853294,52.857964,91.64627,29.05754,90.88759,53.71822,91.60364,33.35882,90.863556,51.424202,90.21053
squeezed_Đà Nẵng,2016-03-01,52.857964,85.15445,29.05754,84.83326,53.71822,84.1235,33.35882,84.87604,51.424202,84.12722,48.174347,83.620575
squeezed_Đà Nẵng,2016-04-01,29.05754,81.68618,53.71822,81.26652,33.35882,80.572205,51.424202,81.39426,48.174347,80.64896,35.270504,80.200905
squeezed_Đà Nẵng,2016-05-01,53.71822,76.83597,33.35882,76.35304,51.424202,75.70365,48.174347,76.55965,35.270504,75.88032,35.844006,75.44338
squeezed_Đà Nẵng,2016-06-01,33.35882,71.08153,51.424202,70.62924,48.174347,69.98282,35.270504,70.8612,35.844006,70.27169,35.844006,69.827934
squeezed_Đà Nẵng,2016-07-01,51.424202,66.32388,48.174347,65.94831,35.270504,65.295395,35.844006,66.17924,35.844006,65.68921,83.07524,65.210976
squeezed_Đà Nẵng,2016-08-01,48.174347,65.19911,35.270504,64.91171,35.844006,64.260376,35.844006,65.11261,83.07524,64.742546,27.23629,64.17177
squeezed_Đà Nẵng,2016-09-01,35.270504,64.80469,35.844006,64.55009,35.844006,63.972004,83.07524,64.726555,27.23629,64.47317,59.027145,63.7977
squeezed_Đà Nẵng,2016-10-01,35.844006,66.848335,35.844006,66.567566,83.07524,66.07257,27.23629,66.73213,59.027145,66.55175,38.167244,65.82278
squeezed_Đà Nẵng,2016-11-01,35.844006,67.77329,83.07524,67.4196,27.23629,67.06614,59.027145,67.59398,38.167244,67.452484,49.18929,66.75354
squeezed_Đà Nẵng,2016-12-01,83.07524,70.173706,27.23629,69.79292,59.027145,69.54875,38.167244,69.91316,49.18929,69.86669,16.760794,69.23828
squeezed_Đà Nẵng,2017-01-01,27.23629,66.53899,59.027145,66.145325,38.167244,65.90633,49.18929,66.263725,16.760794,66.19,19.402441,65.6678
squeezed_Đà Nẵng,2017-02-01,59.027145,60.43233,38.167244,60.084324,49.18929,59.863506,16.760794,60.227024,19.402441,60.07362,0.0,59.67221
squeezed_Đà Nẵng,2017-03-01,38.167244,54.704987,49.18929,54.397694,16.760794,54.19326,19.402441,54.587326,0.0,54.373913,0.0,54.069305
squeezed_Đà Nẵng,2017-04-01,49.18929,50.889965,16.760794,50.607353,19.402441,50.409794,0.0,50.81761,0.0,50.560295,0.0,50.29373
squeezed_Đà Nẵng,2017-05-01,16.760794,46.168785,19.402441,45.89055,0.0,45.713478,0.0,46.10191,0.0,45.874485,0.0,45.623398
squeezed_Đà Nẵng,2017-06-01,19.402441,43.923523,0.0,43.673492,0.0,43.535126,0.0,43.89192,0.0,43.712597,0.0,43.46395
squeezed_Đà Nẵng,2017-07-01,0.0,42.562016,0.0,42.30546,0.0,42.21436,0.0,42.520885,0.0,42.387413,25.125628,42.1437
squeezed_Đà Nẵng,2017-08-01,0.0,42.385365,0.0,42.1252,0.0,42.031933,0.0,42.34281,25.125628,42.211403,23.241205,41.967964
squeezed_Đà Nẵng,2017-09-01,0.0,41.188908,0.0,40.97595,0.0,40.85881,25.125628,41.190083,23.241205,41.06607,25.753769,40.805794
squeezed_Đà Nẵng,2017-10-01,0.0,41.25295,0.0,41.03459,25.125628,40.903416,23.241205,41.23393,25.753769,41.125477,21.805456,40.84678
squeezed_Đà Nẵng,2017-11-01,0.0,40.819702,25.125628,40.58926,23.241205,40.457672,25.753769,40.774796,21.805456,40.66039,24.676956,40.39193
squeezed_Đà Nẵng,2017-12-01,25.125628,39.02693,23.241205,38.825115,25.753769,38.69469,21.805456,38.988644,24.676956,38.891026,0.0,38.630806
squeezed_Đắk Lắk,2016-01-01,54.681248,41.45767,64.81728,41.254444,66.364365,41.137085,68.49827,41.428986,61.349693,41.298943,52.28061,41.033104
squeezed_Đắk Lắk,2016-02-01,64.81728,42.695507,66.364365,42.496994,68.49827,42.33283,61.349693,42.655586,52.28061,42.489746,84.82262,42.161636
squeezed_Đắk Lắk,2016-03-01,66.364365,49.775314,68.49827,49.529224,61.349693,49.36675,52.28061,49.69176,84.82262,49.494804,83.32889,49.064705
squeezed_Đắk Lắk,2016-04-01,68.49827,60.96127,61.349693,60.651363,52.28061,60.477154,84.82262,60.810127,83.32889,60.585457,88.71699,60.0317
squeezed_Đắk Lắk,2016-05-01,61.349693,73.58244,52.28061,73.2044,84.82262,73.011154,83.32889,73.36505,88.71699,73.11323,61.136303,72.42736
squeezed_Đắk Lắk,2016-06-01,52.28061,82.17353,84.82262,81.716194,83.32889,81.51926,88.71699,81.8995,61.136303,81.62344,7.3086157,80.86191
squeezed_Đắk Lắk,2016-07-01,84.82262,83.26499,83.32889,82.77246,88.71699,82.56909,61.136303,82.9659,7.3086157,82.71286,48.640762,81.930595
squeezed_Đắk Lắk,2016-08-01,83.32889,80.83467,88.71699,80.32718,61.136303,80.11176,7.3086157,80.52796,48.640762,80.31645,51.88348,79.523445
squeezed_Đắk Lắk,2016-09-01,88.71699,77.15739,61.136303,76.6516,7.3086157,76.415054,48.640762,76.859215,51.88348,76.66007,67.61066,75.897644
squeezed_Đắk Lắk,2016-10-01,61.136303,72.868454,7.3086157,72.382904,48.640762,72.11001,51.88348,72.597046,67.61066,72.36871,46.641087,71.68312
squeezed_Đắk Lắk,2016-11-01,7.3086157,68.93564,48.640762,68.452225,51.88348,68.16231,67.61066,68.69358,46.641087,68.43019,54.801926,67.80652
squeezed_Đắk Lắk,2016-12-01,48.640762,64.791504,51.88348,64.32412,67.61066,64.02528,46.641087,64.59195,54.801926,64.289406,63.935577,63.725426
squeezed_Đắk Lắk,2017-01-01,51.88348,60.67382,67.61066,60.204865,46.641087,59.8875,54.801926,60.4701,63.935577,60.152725,64.746254,59.638016
squeezed_Đắk Lắk,2017-02-01,67.61066,61.90599,46.641087,61.46143,54.801926,61.14199,63.935577,61.719944,64.746254,61.392185,80.3113,60.856743
squeezed_Đắk Lắk,2017-03-01,46.641087,71.232376,54.801926,70.78506,63.935577,70.45681,64.746254,70.99677,80.3113,70.67938,82.74334,70.07622
squeezed_Đắk Lắk,2017-04-01,54.801926,77.67902,63.935577,77.233376,64.746254,76.899506,80.3113,77.403336,82.74334,77.13456,83.06761,76.45752
squeezed_Đắk Lắk,2017-05-01,63.935577,80.01756,64.746254,79.54318,80.3113,79.231995,82.74334,79.72414,83.06761,79.50341,84.68897,78.79304
squeezed_Đắk Lắk,2017-06-01,64.746254,73.65895,80.3113,73.16879,82.74334,72.83452,83.06761,73.35367,84.68897,73.16965,62.260174,72.485855
squeezed_Đắk Lắk,2017-07-01,80.3113,73.25924,82.74334,72.7544,83.06761,72.40676,84.68897,72.94321,62.260174,72.79275,115.713135,72.10119
squeezed_Đắk Lắk,2017-08-01,82.74334,71.61049,83.06761,71.11014,84.68897,70.76723,62.260174,71.29406,115.713135,71.159615,160.24712,70.488
squeezed_Đắk Lắk,2017-09-01,83.06761,67.013695,84.68897,66.53313,62.260174,66.19101,115.713135,66.72948,160.24712,66.58838,48.401825,65.965004
squeezed_Đắk Lắk,2017-10-01,84.68897,64.699524,62.260174,64.21148,115.713135,63.875744,160.24712,64.4366,48.401825,64.26333,48.939026,63.675606
squeezed_Đắk Lắk,2017-11-01,62.260174,63.427,115.713135,62.962044,160.24712,62.643917,48.401825,63.201195,48.939026,62.997143,58.82353,62.429443
squeezed_Đắk Lắk,2017-12-01,115.713135,60.70952,160.24712,60.274975,48.401825,59.98917,48.939026,60.52685,58.82353,60.324814,62.906258,59.771996
squeezed_Đắk Nông,2016-01-01,12.553683,59.928257,11.067063,59.475834,8.589362,59.17621,11.727783,59.722157,13.709944,59.42733,18.830524,58.920616
squeezed_Đắk Nông,2016-02-01,11.067063,55.6623,8.589362,55.27342,11.727783,54.905052,13.709944,55.487934,18.830524,55.111675,18.995705,54.7107
squeezed_Đắk Nông,2016-03-01,8.589362,48.89669,11.727783,48.64353,13.709944,48.253975,18.830524,48.791496,18.995705,48.39359,15.031384,48.125694
squeezed_Đắk Nông,2016-04-01,11.727783,41.95451,13.709944,41.774902,18.830524,41.44465,18.995705,41.903763,15.031384,41.518528,14.040304,41.31845
squeezed_Đắk Nông,2016-05-01,13.709944,38.061783,18.830524,37.919167,18.995705,37.66213,15.031384,38.008934,14.040304,37.69036,15.196565,37.508522
squeezed_Đắk Nông,2016-06-01,18.830524,36.133244,18.995705,36.011147,15.031384,35.76511,14.040304,36.08627,15.196565,35.78308,1.1562604,35.58082
squeezed_Đắk Nông,2016-07-01,18.995705,32.18678,15.031384,32.08613,14.040304,31.87736,15.196565,32.155903,1.1562604,31.887402,3.8022814,31.687605
squeezed_Đắk Nông,2016-08-01,15.031384,27.833313,14.040304,27.734398,15.196565,27.562206,1.1562604,27.796457,3.8022814,27.590183,10.0843115,27.380869
squeezed_Đắk Nông,2016-09-01,14.040304,24.304058,15.196565,24.204779,1.1562604,24.056372,3.8022814,24.2608,10.0843115,24.099491,9.588362,23.87402
squeezed_Đắk Nông,2016-10-01,15.196565,21.220394,1.1562604,21.119686,3.8022814,20.978981,10.0843115,21.168266,9.588362,21.037663,6.1167135,20.797674
squeezed_Đắk Nông,2016-11-01,1.1562604,18.06155,3.8022814,17.96158,10.0843115,17.831532,9.588362,18.033295,6.1167135,17.881104,7.439246,17.633877
squeezed_Đắk Nông,2016-12-01,3.8022814,15.26866,10.0843115,15.161904,9.588362,15.021556,6.1167135,15.237642,7.439246,15.088102,11.572161,14.825535
squeezed_Đắk Nông,2017-01-01,10.0843115,18.956947,9.588362,18.849092,6.1167135,18.722599,7.439246,18.89009,11.572161,18.7924,8.265829,18.50045
squeezed_Đắk Nông,2017-02-01,9.588362,30.552984,6.1167135,30.542719,7.439246,30.413082,11.572161,30.466288,8.265829,30.47151,9.092412,30.266415
squeezed_Đắk Nông,2017-03-01,6.1167135,38.006485,7.439246,38.007862,11.572161,37.867077,8.265829,37.8874,9.092412,37.890823,7.935196,37.77382
squeezed_Đắk Nông,2017-04-01,7.439246,37.53704,11.572161,37.54812,8.265829,37.398987,9.092412,37.430885,7.935196,37.430225,5.7860804,37.320107
squeezed_Đắk Nông,2017-05-01,11.572161,32.459007,8.265829,32.426716,9.092412,32.286495,7.935196,32.36984,5.7860804,32.33367,6.77798,32.200882
squeezed_Đắk Nông,2017-06-01,8.265829,32.62953,9.092412,32.58753,7.935196,32.445892,5.7860804,32.55881,6.77798,32.49318,4.1329145,32.33677
squeezed_Đắk Nông,2017-07-01,9.092412,32.407887,7.935196,32.339417,5.7860804,32.20932,6.77798,32.328415,4.1329145,32.274162,5.524862,32.0856
squeezed_Đắk Nông,2017-08-01,7.935196,32.657555,5.7860804,32.55886,6.77798,32.438026,4.1329145,32.56835,5.524862,32.51617,5.19987,32.29696
squeezed_Đắk Nông,2017-09-01,5.7860804,30.934383,6.77798,30.820303,4.1329145,30.704908,5.524862,30.846642,5.19987,30.770264,6.987325,30.537384
squeezed_Đắk Nông,2017-10-01,6.77798,29.558208,4.1329145,29.441944,5.524862,29.333572,5.19987,29.476606,6.987325,29.404644,5.3623657,29.158852
squeezed_Đắk Nông,2017-11-01,4.1329145,29.979904,5.524862,29.852768,5.19987,29.759148,6.987325,29.913706,5.3623657,29.811758,5.687358,29.566422
squeezed_Đắk Nông,2017-12-01,5.524862,31.74687,5.19987,31.627377,6.987325,31.534231,5.3623657,31.68785,5.687358,31.576326,6.8248296,31.34622
squeezed_Đồng Tháp,2016-01-01,143.30588,81.03684,182.12529,80.89664,199.8459,80.7712,198.77911,80.85058,172.05002,80.75076,204.64647,80.22301
squeezed_Đồng Tháp,2016-02-01,182.12529,126.16709,199.8459,125.82598,198.77911,125.614624,172.05002,125.65392,204.64647,125.48073,165.0566,124.576675
squeezed_Đồng Tháp,2016-03-01,199.8459,133.69814,198.77911,133.12634,172.05002,132.87697,204.64647,133.00584,165.0566,132.68536,159.12997,131.73938
squeezed_Đồng Tháp,2016-04-01,198.77911,125.32538,172.05002,124.753395,204.64647,124.40347,165.0566,124.70361,159.12997,124.27068,213.24008,123.38379
squeezed_Đồng Tháp,2016-05-01,172.05002,119.50584,204.64647,118.97807,165.0566,118.57434,159.12997,118.947975,213.24008,118.49014,191.19302,117.658745
squeezed_Đồng Tháp,2016-06-01,204.64647,117.023834,165.0566,116.51971,159.12997,116.09701,213.24008,116.496796,191.19302,116.02716,55.769573,115.23047
squeezed_Đồng Tháp,2016-07-01,165.0566,115.00826,159.12997,114.53358,213.24008,114.09886,191.19302,114.50354,55.769573,114.05109,118.387596,113.27051
squeezed_Đồng Tháp,2016-08-01,159.12997,113.33737,213.24008,112.88727,191.19302,112.41391,55.769573,112.830315,118.387596,112.42964,172.46512,111.64279
squeezed_Đồng Tháp,2016-09-01,213.24008,114.06579,191.19302,113.62116,55.769573,113.16131,118.387596,113.54692,172.46512,113.21685,149.95349,112.40029
squeezed_Đồng Tháp,2016-10-01,191.19302,115.21092,55.769573,114.810905,118.387596,114.323784,172.46512,114.73312,149.95349,114.39666,147.65892,113.58976
squeezed_Đồng Tháp,2016-11-01,55.769573,117.48665,118.387596,117.07444,172.46512,116.60178,149.95349,116.98344,147.65892,116.62412,155.41086,115.82779
squeezed_Đồng Tháp,2016-12-01,118.387596,121.994484,172.46512,121.52751,149.95349,121.104324,147.65892,121.3785,155.41086,121.09819,300.46512,120.259995
squeezed_Đồng Tháp,2017-01-01,172.46512,123.81601,149.95349,123.27432,147.65892,122.864,155.41086,123.112305,300.46512,122.851875,215.56589,121.98835
squeezed_Đồng Tháp,2017-02-01,149.95349,123.31208,147.65892,122.73325,155.41086,122.33022,300.46512,122.613754,215.56589,122.321526,174.69768,121.430695
squeezed_Đồng Tháp,2017-03-01,147.65892,121.46057,155.41086,120.90438,300.46512,120.48774,215.56589,120.83443,174.69768,120.4591,228.71318,119.58102
squeezed_Đồng Tháp,2017-04-01,155.41086,121.7059,300.46512,121.18103,215.56589,120.74971,174.69768,121.12102,228.71318,120.70175,240.93024,119.81233
squeezed_Đồng Tháp,2017-05-01,300.46512,120.86363,215.56589,120.36577,174.69768,119.89669,228.71318,120.29222,240.93024,119.873474,171.28682,118.96882
squeezed_Đồng Tháp,2017-06-01,215.56589,121.85147,174.69768,121.34893,228.71318,120.84791,240.93024,121.265045,171.28682,120.84294,171.969,119.9097
squeezed_Đồng Tháp,2017-07-01,174.69768,120.2394,228.71318,119.731834,240.93024,119.23621,171.28682,119.6563,171.969,119.25219,168.23361,118.32266
squeezed_Đồng Tháp,2017-08-01,228.71318,119.79558,240.93024,119.30507,171.28682,118.80084,171.969,119.21876,168.23361,118.83275,157.83575,117.91688
squeezed_Đồng Tháp,2017-09-01,240.93024,124.07983,171.28682,123.580894,171.969,123.07574,168.23361,123.45527,157.83575,123.10095,225.63976,122.155106
squeezed_Đồng Tháp,2017-10-01,171.28682,131.21133,171.969,130.69334,168.23361,130.21307,157.83575,130.47646,225.63976,130.22466,161.82056,129.25314
squeezed_Đồng Tháp,2017-11-01,171.969,145.36118,168.23361,144.82306,157.83575,144.42792,225.63976,144.54034,161.82056,144.38364,177.32396,143.36008
squeezed_Đồng Tháp,2017-12-01,168.23361,159.77417,157.83575,159.2912,225.63976,158.94554,161.82056,158.97101,177.32396,158.82054,145.32097,157.77011
