province,date,actual_t+1,pred_t+1,actual_t+2,pred_t+2,actual_t+3,pred_t+3,actual_t+4,pred_t+4,actual_t+5,pred_t+5,actual_t+6,pred_t+6
squeezed_An Giang,2016-01-01,8.148525,6.435483124218713,8.843002,6.435483124218713,8.148525,6.435483124218713,8.8893,6.435483124218713,8.565211,6.435483124218713,17.408213,6.435483124218713
squeezed_An Giang,2016-02-01,8.843002,8.148525394694198,8.148525,8.148525394694198,8.8893,8.148525394694198,8.565211,8.148525394694198,17.408213,8.148525394694198,18.565674,8.148525394694198
squeezed_An Giang,2016-03-01,8.148525,8.843001990832908,8.8893,8.843001990832908,8.565211,8.843001990832908,17.408213,8.843001990832908,18.565674,8.843001990832908,12.037595,8.843001990832908
squeezed_An Giang,2016-04-01,8.8893,8.148525394694198,8.565211,8.148525394694198,17.408213,8.148525394694198,18.565674,8.148525394694198,12.037595,8.148525394694198,19.723135,8.148525394694198
squeezed_An Giang,2016-05-01,8.565211,8.889300430575489,17.408213,8.889300430575489,18.565674,8.889300430575489,12.037595,8.889300430575489,19.723135,8.889300430575489,10.602343,8.889300430575489
squeezed_An Giang,2016-06-01,17.408213,8.565211352377425,18.565674,8.565211352377425,12.037595,8.565211352377425,19.723135,8.565211352377425,10.602343,8.565211352377425,0.0,8.565211352377425
squeezed_An Giang,2016-07-01,18.565674,17.40821334321033,12.037595,17.40821334321033,19.723135,17.40821334321033,10.602343,17.40821334321033,0.0,17.40821334321033,10.541398,17.40821334321033
squeezed_An Giang,2016-08-01,12.037595,18.56567433677485,19.723135,18.56567433677485,10.602343,18.56567433677485,0.0,18.56567433677485,10.541398,18.56567433677485,17.807798,18.56567433677485
squeezed_An Giang,2016-09-01,19.723135,12.03759433307098,10.602343,12.03759433307098,0.0,12.03759433307098,10.541398,12.03759433307098,17.807798,12.03759433307098,11.053117,12.03759433307098
squeezed_An Giang,2016-10-01,10.602343,19.72313533033937,0.0,19.72313533033937,10.541398,19.72313533033937,17.807798,19.72313533033937,11.053117,19.72313533033937,14.993348,19.72313533033937
squeezed_An Giang,2016-11-01,0.0,10.60234270105097,10.541398,10.60234270105097,17.807798,10.60234270105097,11.053117,10.60234270105097,14.993348,10.60234270105097,17.449596,10.60234270105097
squeezed_An Giang,2016-12-01,10.541398,0.0,17.807798,0.0,11.053117,0.0,14.993348,0.0,17.449596,0.0,12.332412,0.0
squeezed_An Giang,2017-01-01,17.807798,10.5413980145328,11.053117,10.5413980145328,14.993348,10.5413980145328,17.449596,10.5413980145328,12.332412,10.5413980145328,41.44919,10.5413980145328
squeezed_An Giang,2017-02-01,11.053117,17.80779858765735,14.993348,17.80779858765735,17.449596,17.80779858765735,12.332412,17.80779858765735,41.44919,17.80779858765735,40.22106,17.80779858765735
squeezed_An Giang,2017-03-01,14.993348,11.05311636475284,17.449596,11.05311636475284,12.332412,11.05311636475284,41.44919,11.05311636475284,40.22106,11.05311636475284,41.090984,11.05311636475284
squeezed_An Giang,2017-04-01,17.449596,14.99334766144714,12.332412,14.99334766144714,41.44919,14.99334766144714,40.22106,14.99334766144714,41.090984,14.99334766144714,40.47692,14.99334766144714
squeezed_An Giang,2017-05-01,12.332412,17.44959574250333,41.44919,17.44959574250333,40.22106,17.44959574250333,41.090984,17.44959574250333,40.47692,17.44959574250333,35.206223,17.44959574250333
squeezed_An Giang,2017-06-01,41.44919,12.33241224030294,40.22106,12.33241224030294,41.090984,12.33241224030294,40.47692,12.33241224030294,35.206223,12.33241224030294,39.709343,12.33241224030294
squeezed_An Giang,2017-07-01,40.22106,41.44918636782315,41.090984,41.44918636782315,40.47692,41.44918636782315,35.206223,41.44918636782315,39.709343,41.44918636782315,38.011395,41.44918636782315
squeezed_An Giang,2017-08-01,41.090984,40.22106232729505,40.47692,40.22106232729505,35.206223,40.22106232729505,39.709343,40.22106232729505,38.011395,40.22106232729505,41.42931,40.22106232729505
squeezed_An Giang,2017-09-01,40.47692,41.09098352266912,35.206223,41.09098352266912,39.709343,41.09098352266912,38.011395,41.09098352266912,41.42931,41.09098352266912,41.58467,41.09098352266912
squeezed_An Giang,2017-10-01,35.206223,40.47692150240508,39.709343,40.47692150240508,38.011395,40.47692150240508,41.42931,40.47692150240508,41.58467,40.47692150240508,27.964785,40.47692150240508
squeezed_An Giang,2017-11-01,39.709343,35.20622249513868,38.011395,35.20622249513868,41.42931,35.20622249513868,41.58467,35.20622249513868,27.964785,35.20622249513868,29.207664,35.20622249513868
squeezed_An Giang,2017-12-01,38.011395,39.70934397707502,41.42931,39.70934397707502,41.58467,39.70934397707502,27.964785,39.70934397707502,29.207664,39.70934397707502,29.052305,39.70934397707502
squeezed_BR Vũng Tàu,2016-01-01,11.355311,12.27106227106227,18.498169,12.27106227106227,16.575092,12.27106227106227,11.263737,12.27106227106227,4.85348,12.27106227106227,4.2124543,12.27106227106227
squeezed_BR Vũng Tàu,2016-02-01,18.498169,11.35531135531136,16.575092,11.35531135531136,11.263737,11.35531135531136,4.85348,11.35531135531136,4.2124543,11.35531135531136,19.322344,11.35531135531136
squeezed_BR Vũng Tàu,2016-03-01,16.575092,18.4981684981685,11.263737,18.4981684981685,4.85348,18.4981684981685,4.2124543,18.4981684981685,19.322344,18.4981684981685,17.124542,18.4981684981685
squeezed_BR Vũng Tàu,2016-04-01,11.263737,16.57509157509157,4.85348,16.57509157509157,4.2124543,16.57509157509157,19.322344,16.57509157509157,17.124542,16.57509157509157,10.897436,16.57509157509157
squeezed_BR Vũng Tàu,2016-05-01,4.85348,11.26373626373626,4.2124543,11.26373626373626,19.322344,11.26373626373626,17.124542,11.26373626373626,10.897436,11.26373626373626,2.4725275,11.26373626373626
squeezed_BR Vũng Tàu,2016-06-01,4.2124543,4.853479853479854,19.322344,4.853479853479854,17.124542,4.853479853479854,10.897436,4.853479853479854,2.4725275,4.853479853479854,2.4725275,4.853479853479854
squeezed_BR Vũng Tàu,2016-07-01,19.322344,4.212454212454213,17.124542,4.212454212454213,10.897436,4.212454212454213,2.4725275,4.212454212454213,2.4725275,4.212454212454213,5.322924,4.212454212454213
squeezed_BR Vũng Tàu,2016-08-01,17.124542,19.32234432234432,10.897436,19.32234432234432,2.4725275,19.32234432234432,2.4725275,19.32234432234432,5.322924,19.32234432234432,3.548616,19.32234432234432
squeezed_BR Vũng Tàu,2016-09-01,10.897436,17.12454212454212,2.4725275,17.12454212454212,2.4725275,17.12454212454212,5.322924,17.12454212454212,3.548616,17.12454212454212,10.290986,17.12454212454212
squeezed_BR Vũng Tàu,2016-10-01,2.4725275,10.8974358974359,2.4725275,10.8974358974359,5.322924,10.8974358974359,3.548616,10.8974358974359,10.290986,10.8974358974359,3.6373315,10.8974358974359
squeezed_BR Vũng Tàu,2016-11-01,2.4725275,2.472527472527473,5.322924,2.472527472527473,3.548616,2.472527472527473,10.290986,2.472527472527473,3.6373315,2.472527472527473,2.838893,2.472527472527473
squeezed_BR Vũng Tàu,2016-12-01,5.322924,2.472527472527473,3.548616,2.472527472527473,10.290986,2.472527472527473,3.6373315,2.472527472527473,2.838893,2.472527472527473,3.3711853,2.472527472527473
squeezed_BR Vũng Tàu,2017-01-01,3.548616,5.322924059616749,10.290986,5.322924059616749,3.6373315,5.322924059616749,2.838893,5.322924059616749,3.3711853,5.322924059616749,5.056778,5.322924059616749
squeezed_BR Vũng Tàu,2017-02-01,10.290986,3.5486160397445,3.6373315,3.5486160397445,2.838893,3.5486160397445,3.3711853,3.5486160397445,5.056778,3.5486160397445,4.790632,3.5486160397445
squeezed_BR Vũng Tàu,2017-03-01,3.6373315,10.29098651525905,2.838893,10.29098651525905,3.3711853,10.29098651525905,5.056778,10.29098651525905,4.790632,10.29098651525905,0.5322924,10.29098651525905
squeezed_BR Vũng Tàu,2017-04-01,2.838893,3.637331440738112,3.3711853,3.637331440738112,5.056778,3.637331440738112,4.790632,3.637331440738112,0.5322924,3.637331440738112,3.1050391,3.637331440738112
squeezed_BR Vũng Tàu,2017-05-01,3.3711853,2.838892831795599,5.056778,2.838892831795599,4.790632,2.838892831795599,0.5322924,2.838892831795599,3.1050391,2.838892831795599,5.500355,2.838892831795599
squeezed_BR Vũng Tàu,2017-06-01,5.056778,3.371185237757274,4.790632,3.371185237757274,0.5322924,3.371185237757274,3.1050391,3.371185237757274,5.500355,3.371185237757274,2.661462,3.371185237757274
squeezed_BR Vũng Tàu,2017-07-01,4.790632,5.056777856635912,0.5322924,5.056777856635912,3.1050391,5.056777856635912,5.500355,5.056777856635912,2.661462,5.056777856635912,2.7233593,5.056777856635912
squeezed_BR Vũng Tàu,2017-08-01,0.5322924,4.790631653655074,3.1050391,4.790631653655074,5.500355,4.790631653655074,2.661462,4.790631653655074,2.7233593,4.790631653655074,2.3719583,4.790631653655074
squeezed_BR Vũng Tàu,2017-09-01,3.1050391,0.5322924059616749,5.500355,0.5322924059616749,2.661462,0.5322924059616749,2.7233593,0.5322924059616749,2.3719583,0.5322924059616749,2.3719583,0.5322924059616749
squeezed_BR Vũng Tàu,2017-10-01,5.500355,3.105039034776437,2.661462,3.105039034776437,2.7233593,3.105039034776437,2.3719583,3.105039034776437,2.3719583,3.105039034776437,2.4598086,3.105039034776437
squeezed_BR Vũng Tàu,2017-11-01,2.661462,5.500354861603974,2.7233593,5.500354861603974,2.3719583,5.500354861603974,2.3719583,5.500354861603974,2.4598086,5.500354861603974,2.284108,5.500354861603974
squeezed_BR Vũng Tàu,2017-12-01,2.7233593,2.661462029808375,2.3719583,2.661462029808375,2.3719583,2.661462029808375,2.4598086,2.661462029808375,2.284108,2.661462029808375,0.3514012,2.661462029808375
squeezed_Bình Phước,2016-01-01,10.1421995,18.71601840234212,15.683814,18.71601840234212,19.44793,18.71601840234212,18.716019,18.71601840234212,19.552488,18.71601840234212,24.466751,18.71601840234212
squeezed_Bình Phước,2016-02-01,15.683814,10.14219991635299,19.44793,10.14219991635299,18.716019,10.14219991635299,19.552488,10.14219991635299,24.466751,10.14219991635299,18.820578,10.14219991635299
squeezed_Bình Phước,2016-03-01,19.44793,15.68381430363865,18.716019,15.68381430363865,19.552488,15.68381430363865,24.466751,15.68381430363865,18.820578,15.68381430363865,11.710582,15.68381430363865
squeezed_Bình Phước,2016-04-01,18.716019,19.44792973651192,19.552488,19.44792973651192,24.466751,19.44792973651192,18.820578,19.44792973651192,11.710582,19.44792973651192,10.560435,19.44792973651192
squeezed_Bình Phước,2016-05-01,19.552488,18.71601840234212,24.466751,18.71601840234212,18.820578,18.71601840234212,11.710582,18.71601840234212,10.560435,18.71601840234212,11.81514,18.71601840234212
squeezed_Bình Phước,2016-06-01,24.466751,19.55248849853618,18.820578,19.55248849853618,11.710582,19.55248849853618,10.560435,19.55248849853618,11.81514,19.55248849853618,0.0,19.55248849853618
squeezed_Bình Phước,2016-07-01,18.820578,24.46675031367629,11.710582,24.46675031367629,10.560435,24.46675031367629,11.81514,24.46675031367629,0.0,24.46675031367629,2.5704298,24.46675031367629
squeezed_Bình Phước,2016-08-01,11.710582,18.82057716436638,10.560435,18.82057716436638,11.81514,18.82057716436638,0.0,18.82057716436638,2.5704298,18.82057716436638,9.767633,18.82057716436638
squeezed_Bình Phước,2016-09-01,10.560435,11.71058134671686,11.81514,11.71058134671686,0.0,11.71058134671686,2.5704298,11.71058134671686,9.767633,11.71058134671686,14.702858,11.71058134671686
squeezed_Bình Phước,2016-10-01,11.81514,10.56043496445002,0.0,10.56043496445002,2.5704298,10.56043496445002,9.767633,10.56043496445002,14.702858,10.56043496445002,11.412708,10.56043496445002
squeezed_Bình Phước,2016-11-01,0.0,11.81514010874111,2.5704298,11.81514010874111,9.767633,11.81514010874111,14.702858,11.81514010874111,11.412708,11.81514010874111,13.777504,11.81514010874111
squeezed_Bình Phước,2016-12-01,2.5704298,0.0,9.767633,0.0,14.702858,0.0,11.412708,0.0,13.777504,0.0,9.664816,0.0
squeezed_Bình Phước,2017-01-01,9.767633,2.570429775858524,14.702858,2.570429775858524,11.412708,2.570429775858524,13.777504,2.570429775858524,9.664816,2.570429775858524,13.983138,2.570429775858524
squeezed_Bình Phước,2017-02-01,14.702858,9.767633148262389,11.412708,9.767633148262389,13.777504,9.767633148262389,9.664816,9.767633148262389,13.983138,9.767633148262389,9.356364,9.767633148262389
squeezed_Bình Phước,2017-03-01,11.412708,14.70285831791075,13.777504,14.70285831791075,9.664816,14.70285831791075,13.983138,14.70285831791075,9.356364,14.70285831791075,15.114127,14.70285831791075
squeezed_Bình Phước,2017-04-01,13.777504,11.41270820481184,9.664816,11.41270820481184,13.983138,11.41270820481184,9.356364,11.41270820481184,15.114127,11.41270820481184,15.319761,11.41270820481184
squeezed_Bình Phước,2017-05-01,9.664816,13.77750359860169,13.983138,13.77750359860169,9.356364,13.77750359860169,15.114127,13.77750359860169,15.319761,13.77750359860169,19.123997,13.77750359860169
squeezed_Bình Phước,2017-06-01,13.983138,9.664815957228049,9.356364,9.664815957228049,15.114127,9.664815957228049,15.319761,9.664815957228049,19.123997,9.664815957228049,10.590171,9.664815957228049
squeezed_Bình Phước,2017-07-01,9.356364,13.98313798067037,15.114127,13.98313798067037,15.319761,13.98313798067037,19.123997,13.98313798067037,10.590171,13.98313798067037,8.731851,13.98313798067037
squeezed_Bình Phước,2017-08-01,15.114127,9.356364384125024,15.319761,9.356364384125024,19.123997,9.356364384125024,10.590171,9.356364384125024,8.731851,9.356364384125024,5.6858563,9.356364384125024
squeezed_Bình Phước,2017-09-01,15.319761,15.11412708204812,19.123997,15.11412708204812,10.590171,15.11412708204812,8.731851,15.11412708204812,5.6858563,15.11412708204812,10.051782,15.11412708204812
squeezed_Bình Phước,2017-10-01,19.123997,15.3197614641168,10.590171,15.3197614641168,8.731851,15.3197614641168,5.6858563,15.3197614641168,10.051782,15.3197614641168,12.793177,15.3197614641168
squeezed_Bình Phước,2017-11-01,10.590171,19.12399753238742,8.731851,19.12399753238742,5.6858563,19.12399753238742,10.051782,19.12399753238742,12.793177,19.12399753238742,11.676312,19.12399753238742
squeezed_Bình Phước,2017-12-01,8.731851,10.59017067653712,5.6858563,10.59017067653712,10.051782,10.59017067653712,12.793177,10.59017067653712,11.676312,10.59017067653712,11.168647,10.59017067653712
squeezed_Bình Thuận,2016-01-01,59.94929,61.09429950110411,58.149998,61.09429950110411,44.982414,61.09429950110411,51.85246,61.09429950110411,56.596058,61.09429950110411,79.00548,61.09429950110411
squeezed_Bình Thuận,2016-02-01,58.149998,59.94929254927619,44.982414,59.94929254927619,51.85246,59.94929254927619,56.596058,59.94929254927619,79.00548,59.94929254927619,68.455055,59.94929254927619
squeezed_Bình Thuận,2016-03-01,44.982414,58.14999591068946,51.85246,58.14999591068946,56.596058,58.14999591068946,79.00548,58.14999591068946,68.455055,58.14999591068946,59.540363,58.14999591068946
squeezed_Bình Thuận,2016-04-01,51.85246,44.98241596466836,56.596058,44.98241596466836,79.00548,44.98241596466836,68.455055,44.98241596466836,59.540363,44.98241596466836,70.41793,44.98241596466836
squeezed_Bình Thuận,2016-05-01,56.596058,51.85245767563589,79.00548,51.85245767563589,68.455055,51.85245767563589,59.540363,51.85245767563589,70.41793,51.85245767563589,66.819336,51.85245767563589
squeezed_Bình Thuận,2016-06-01,79.00548,56.59605790463728,68.455055,56.59605790463728,59.540363,56.59605790463728,70.41793,56.59605790463728,66.819336,56.59605790463728,3.435021,56.59605790463728
squeezed_Bình Thuận,2016-07-01,68.455055,79.0054796761266,59.540363,79.0054796761266,70.41793,79.0054796761266,66.819336,79.0054796761266,3.435021,79.0054796761266,37.443672,79.0054796761266
squeezed_Bình Thuận,2016-08-01,59.540363,68.45505847714075,70.41793,68.45505847714075,66.819336,68.45505847714075,3.435021,68.45505847714075,37.443672,68.45505847714075,28.676771,68.45505847714075
squeezed_Bình Thuận,2016-09-01,70.41793,59.54036149505193,66.819336,59.54036149505193,3.435021,59.54036149505193,37.443672,59.54036149505193,28.676771,59.54036149505193,52.10979,59.54036149505193
squeezed_Bình Thuận,2016-10-01,66.819336,70.41792753741719,3.435021,70.41792753741719,37.443672,70.41792753741719,28.676771,70.41792753741719,52.10979,70.41792753741719,60.303154,70.41792753741719
squeezed_Bình Thuận,2016-11-01,3.435021,66.81933426024372,37.443672,66.81933426024372,28.676771,66.81933426024372,52.10979,66.81933426024372,60.303154,66.81933426024372,45.39123,66.81933426024372
squeezed_Bình Thuận,2016-12-01,37.443672,3.435020855483765,28.676771,3.435020855483765,52.10979,3.435020855483765,60.303154,3.435020855483765,45.39123,3.435020855483765,51.044655,3.435020855483765
squeezed_Bình Thuận,2017-01-01,28.676771,37.4436706267923,52.10979,37.4436706267923,60.303154,37.4436706267923,45.39123,37.4436706267923,51.044655,37.4436706267923,0.0,37.4436706267923
squeezed_Bình Thuận,2017-02-01,52.10979,28.67677181482999,60.303154,28.67677181482999,45.39123,28.67677181482999,51.044655,28.67677181482999,0.0,28.67677181482999,90.70053,28.67677181482999
squeezed_Bình Thuận,2017-03-01,60.303154,52.10979106923392,45.39123,52.10979106923392,51.044655,52.10979106923392,0.0,52.10979106923392,90.70053,52.10979106923392,112.167145,52.10979106923392
squeezed_Bình Thuận,2017-04-01,45.39123,60.30315444489963,51.044655,60.30315444489963,0.0,60.30315444489963,90.70053,60.30315444489963,112.167145,60.30315444489963,97.746826,60.30315444489963
squeezed_Bình Thuận,2017-05-01,51.044655,45.39123310118804,0.0,45.39123310118804,90.70053,45.39123310118804,112.167145,45.39123310118804,97.746826,45.39123310118804,118.476036,45.39123310118804
squeezed_Bình Thuận,2017-06-01,0.0,51.04465383039738,90.70053,51.04465383039738,112.167145,51.04465383039738,97.746826,51.04465383039738,118.476036,51.04465383039738,0.0,51.04465383039738
squeezed_Bình Thuận,2017-07-01,90.70053,0.0,112.167145,0.0,97.746826,0.0,118.476036,0.0,0.0,0.0,78.057526,0.0
squeezed_Bình Thuận,2017-08-01,112.167145,90.70053256861942,97.746826,90.70053256861942,118.476036,90.70053256861942,0.0,90.70053256861942,78.057526,90.70053256861942,50.435917,90.70053256861942
squeezed_Bình Thuận,2017-09-01,97.746826,112.1671446128636,118.476036,112.1671446128636,0.0,112.1671446128636,78.057526,112.1671446128636,50.435917,112.1671446128636,57.769085,112.1671446128636
squeezed_Bình Thuận,2017-10-01,118.476036,97.74682507169193,0.0,97.74682507169193,78.057526,97.74682507169193,50.435917,97.74682507169193,57.769085,97.74682507169193,53.450665,97.74682507169193
squeezed_Bình Thuận,2017-11-01,0.0,118.4760344121262,78.057526,118.4760344121262,50.435917,118.4760344121262,57.769085,118.4760344121262,53.450665,118.4760344121262,69.50216,118.4760344121262
squeezed_Bình Thuận,2017-12-01,78.057526,0.0,50.435917,0.0,57.769085,0.0,53.450665,0.0,69.50216,0.0,70.47991,0.0
squeezed_Bình Định,2016-01-01,27.744982,24.13747868293323,26.36757,24.13747868293323,23.67834,24.13747868293323,15.413879,24.13747868293323,18.693428,24.13747868293323,17.119244,24.13747868293323
squeezed_Bình Định,2016-02-01,26.36757,27.74498229043684,23.67834,27.74498229043684,15.413879,27.74498229043684,18.693428,27.74498229043684,17.119244,27.74498229043684,17.775154,27.74498229043684
squeezed_Bình Định,2016-03-01,23.67834,26.36757182211728,15.413879,26.36757182211728,18.693428,26.36757182211728,17.119244,26.36757182211728,17.775154,26.36757182211728,17.250427,26.36757182211728
squeezed_Bình Định,2016-04-01,15.413879,23.67834186016004,18.693428,23.67834186016004,17.119244,23.67834186016004,17.775154,23.67834186016004,17.250427,23.67834186016004,16.79129,23.67834186016004
squeezed_Bình Định,2016-05-01,18.693428,15.41387905024269,17.119244,15.41387905024269,17.775154,15.41387905024269,17.250427,15.41387905024269,16.79129,15.41387905024269,26.433163,15.41387905024269
squeezed_Bình Định,2016-06-01,17.119244,18.69342778433688,17.775154,18.69342778433688,17.250427,18.69342778433688,16.79129,18.69342778433688,26.433163,18.69342778433688,0.0,18.69342778433688
squeezed_Bình Định,2016-07-01,17.775154,17.11924439197167,17.250427,17.11924439197167,16.79129,17.11924439197167,26.433163,17.11924439197167,0.0,17.11924439197167,22.988506,17.11924439197167
squeezed_Bình Định,2016-08-01,17.250427,17.7751541387905,16.79129,17.7751541387905,26.433163,17.7751541387905,0.0,17.7751541387905,22.988506,17.7751541387905,26.95436,17.7751541387905
squeezed_Bình Định,2016-09-01,16.79129,17.25042634133543,26.433163,17.25042634133543,0.0,17.25042634133543,22.988506,17.25042634133543,26.95436,17.25042634133543,19.560396,17.25042634133543
squeezed_Bình Định,2016-10-01,26.433163,16.79128951856225,0.0,16.79128951856225,22.988506,16.79128951856225,26.95436,16.79128951856225,19.560396,16.79128951856225,12.771392,16.79128951856225
squeezed_Bình Định,2016-11-01,0.0,26.43316279679916,22.988506,26.43316279679916,26.95436,26.43316279679916,19.560396,26.43316279679916,12.771392,26.43316279679916,14.317403,26.43316279679916
squeezed_Bình Định,2016-12-01,22.988506,0.0,26.95436,0.0,19.560396,0.0,12.771392,0.0,14.317403,0.0,14.048532,0.0
squeezed_Bình Định,2017-01-01,26.95436,22.98850574712644,19.560396,22.98850574712644,12.771392,22.98850574712644,14.317403,22.98850574712644,14.048532,22.98850574712644,13.712442,22.98850574712644
squeezed_Bình Định,2017-02-01,19.560396,26.95435907777106,12.771392,26.95435907777106,14.317403,26.95435907777106,14.048532,26.95435907777106,13.712442,26.95435907777106,16.199503,26.95435907777106
squeezed_Bình Định,2017-03-01,12.771392,19.560395240976,14.317403,19.560395240976,14.048532,19.560395240976,13.712442,19.560395240976,16.199503,19.560395240976,15.728977,19.560395240976
squeezed_Bình Định,2017-04-01,14.317403,12.77139208173691,14.048532,12.77139208173691,13.712442,12.77139208173691,16.199503,12.77139208173691,15.728977,12.77139208173691,15.124017,12.77139208173691
squeezed_Bình Định,2017-05-01,14.048532,14.31740270215769,13.712442,14.31740270215769,16.199503,14.31740270215769,15.728977,14.31740270215769,15.124017,14.31740270215769,17.81273,14.31740270215769
squeezed_Bình Định,2017-06-01,13.712442,14.0485312899106,16.199503,14.0485312899106,15.728977,14.0485312899106,15.124017,14.0485312899106,17.81273,14.0485312899106,15.863413,14.0485312899106
squeezed_Bình Định,2017-07-01,16.199503,13.71244202460174,15.728977,13.71244202460174,15.124017,13.71244202460174,17.81273,13.71244202460174,15.863413,13.71244202460174,18.416454,13.71244202460174
squeezed_Bình Định,2017-08-01,15.728977,16.19950258788734,15.124017,16.19950258788734,17.81273,16.19950258788734,15.863413,16.19950258788734,18.416454,16.19950258788734,22.38204,16.19950258788734
squeezed_Bình Định,2017-09-01,15.124017,15.72897761645493,17.81273,15.72897761645493,15.863413,15.72897761645493,18.416454,15.72897761645493,22.38204,15.72897761645493,18.1476,15.72897761645493
squeezed_Bình Định,2017-10-01,17.81273,15.12401693889897,15.863413,15.12401693889897,18.416454,15.12401693889897,22.38204,15.12401693889897,18.1476,15.12401693889897,13.980373,15.12401693889897
squeezed_Bình Định,2017-11-01,15.863413,17.8127310613699,18.416454,17.8127310613699,22.38204,17.8127310613699,18.1476,17.8127310613699,13.980373,17.8127310613699,10.48528,17.8127310613699
squeezed_Bình Định,2017-12-01,18.416454,15.86341332257848,22.38204,15.86341332257848,18.1476,15.86341332257848,13.980373,15.86341332257848,10.48528,15.86341332257848,12.232827,15.86341332257848
squeezed_Bạc Liêu,2016-01-01,9.365831,20.64996614759648,7.447529,20.64996614759648,7.8988943,20.64996614759648,11.622659,20.64996614759648,9.0273075,20.64996614759648,9.252991,20.64996614759648
squeezed_Bạc Liêu,2016-02-01,7.447529,9.365831640713157,7.8988943,9.365831640713157,11.622659,9.365831640713157,9.0273075,9.365831640713157,9.252991,9.365831640713157,6.7704806,9.365831640713157
squeezed_Bạc Liêu,2016-03-01,7.8988943,7.447528774542993,11.622659,7.447528774542993,9.0273075,7.447528774542993,9.252991,7.447528774542993,6.7704806,7.447528774542993,8.124577,7.447528774542993
squeezed_Bạc Liêu,2016-04-01,11.622659,7.898894154818326,9.0273075,7.898894154818326,9.252991,7.898894154818326,6.7704806,7.898894154818326,8.124577,7.898894154818326,5.6420674,7.898894154818326
squeezed_Bạc Liêu,2016-05-01,9.0273075,11.62265854208982,9.252991,11.62265854208982,6.7704806,11.62265854208982,8.124577,11.62265854208982,5.6420674,11.62265854208982,5.303543,11.62265854208982
squeezed_Bạc Liêu,2016-06-01,9.252991,9.027307605506657,6.7704806,9.027307605506657,8.124577,9.027307605506657,5.6420674,9.027307605506657,5.303543,9.027307605506657,5.303543,9.027307605506657
squeezed_Bạc Liêu,2016-07-01,6.7704806,9.252990295644324,8.124577,9.252990295644324,5.6420674,9.252990295644324,5.303543,9.252990295644324,5.303543,9.252990295644324,13.033307,9.252990295644324
squeezed_Bạc Liêu,2016-08-01,8.124577,6.770480704129993,5.6420674,6.770480704129993,5.303543,6.770480704129993,5.303543,6.770480704129993,13.033307,6.770480704129993,8.243288,6.770480704129993
squeezed_Bạc Liêu,2016-09-01,5.6420674,8.12457684495599,5.303543,8.12457684495599,5.303543,8.12457684495599,13.033307,8.12457684495599,8.243288,8.12457684495599,9.245851,8.12457684495599
squeezed_Bạc Liêu,2016-10-01,5.303543,5.64206725344166,5.303543,5.64206725344166,13.033307,5.64206725344166,8.243288,5.64206725344166,9.245851,5.64206725344166,2.2279158,5.64206725344166
squeezed_Bạc Liêu,2016-11-01,5.303543,5.303543218235161,13.033307,5.303543218235161,8.243288,5.303543218235161,9.245851,5.303543218235161,2.2279158,5.303543218235161,13.590286,5.303543218235161
squeezed_Bạc Liêu,2016-12-01,13.033307,5.303543218235161,8.243288,5.303543218235161,9.245851,5.303543218235161,2.2279158,5.303543218235161,13.590286,5.303543218235161,3.8988526,5.303543218235161
squeezed_Bạc Liêu,2017-01-01,8.243288,13.03330734098251,9.245851,13.03330734098251,2.2279158,13.03330734098251,13.590286,13.03330734098251,3.8988526,13.03330734098251,18.937284,13.03330734098251
squeezed_Bạc Liêu,2017-02-01,9.245851,8.24328840369834,2.2279158,8.24328840369834,13.590286,8.24328840369834,3.8988526,8.24328840369834,18.937284,8.24328840369834,21.1652,8.24328840369834
squeezed_Bạc Liêu,2017-03-01,2.2279158,9.245850506850841,13.590286,9.245850506850841,3.8988526,9.245850506850841,18.937284,9.245850506850841,21.1652,9.245850506850841,22.613346,9.245850506850841
squeezed_Bạc Liêu,2017-04-01,13.590286,2.227915784783335,3.8988526,2.227915784783335,18.937284,2.227915784783335,21.1652,2.227915784783335,22.613346,2.227915784783335,5.235602,2.227915784783335
squeezed_Bạc Liêu,2017-05-01,3.8988526,13.59028628717834,18.937284,13.59028628717834,21.1652,13.59028628717834,22.613346,13.59028628717834,5.235602,13.59028628717834,7.6863093,13.59028628717834
squeezed_Bạc Liêu,2017-06-01,18.937284,3.898852623370836,21.1652,3.898852623370836,22.613346,3.898852623370836,5.235602,3.898852623370836,7.6863093,3.898852623370836,11.139579,3.898852623370836
squeezed_Bạc Liêu,2017-07-01,21.1652,18.93728417065835,22.613346,18.93728417065835,5.235602,18.93728417065835,7.6863093,18.93728417065835,11.139579,18.93728417065835,23.698782,18.93728417065835
squeezed_Bạc Liêu,2017-08-01,22.613346,21.16519995544168,5.235602,21.16519995544168,7.6863093,21.16519995544168,11.139579,21.16519995544168,23.698782,21.16519995544168,12.070875,21.16519995544168
squeezed_Bạc Liêu,2017-09-01,5.235602,22.61334521555085,7.6863093,22.61334521555085,11.139579,22.61334521555085,23.698782,22.61334521555085,12.070875,22.61334521555085,6.866002,22.61334521555085
squeezed_Bạc Liêu,2017-10-01,7.6863093,5.235602094240837,11.139579,5.235602094240837,23.698782,5.235602094240837,12.070875,5.235602094240837,6.866002,5.235602094240837,8.970099,5.235602094240837
squeezed_Bạc Liêu,2017-11-01,11.139579,7.686309457502507,23.698782,7.686309457502507,12.070875,7.686309457502507,6.866002,7.686309457502507,8.970099,7.686309457502507,21.594685,7.686309457502507
squeezed_Bạc Liêu,2017-12-01,23.698782,11.13957892391667,12.070875,11.13957892391667,6.866002,11.13957892391667,8.970099,11.13957892391667,21.594685,11.13957892391667,16.389812,11.13957892391667
squeezed_Bắc Giang,2016-01-01,44.76351,51.94256756756756,57.372105,51.94256756756756,62.80164,51.94256756756756,48.44353,51.94256756756756,39.21332,51.94256756756756,39.032337,51.94256756756756
squeezed_Bắc Giang,2016-02-01,57.372105,44.76351351351352,62.80164,44.76351351351352,48.44353,44.76351351351352,39.21332,44.76351351351352,39.032337,44.76351351351352,49.89141,44.76351351351352
squeezed_Bắc Giang,2016-03-01,62.80164,57.37210424710425,48.44353,57.37210424710425,39.21332,57.37210424710425,39.032337,57.37210424710425,49.89141,57.37210424710425,54.53668,57.37210424710425
squeezed_Bắc Giang,2016-04-01,48.44353,62.80164092664094,39.21332,62.80164092664094,39.032337,62.80164092664094,49.89141,62.80164092664094,54.53668,62.80164092664094,46.030407,62.80164092664094
squeezed_Bắc Giang,2016-05-01,39.21332,48.44353281853282,39.032337,48.44353281853282,49.89141,48.44353281853282,54.53668,48.44353281853282,46.030407,48.44353281853282,46.81467,48.44353281853282
squeezed_Bắc Giang,2016-06-01,39.032337,39.21332046332046,49.89141,39.21332046332046,54.53668,39.21332046332046,46.030407,39.21332046332046,46.81467,39.21332046332046,10.97973,39.21332046332046
squeezed_Bắc Giang,2016-07-01,49.89141,39.03233590733591,54.53668,39.03233590733591,46.030407,39.03233590733591,46.81467,39.03233590733591,10.97973,39.03233590733591,29.134039,39.03233590733591
squeezed_Bắc Giang,2016-08-01,54.53668,49.89140926640927,46.030407,49.89140926640927,46.81467,49.89140926640927,10.97973,49.89140926640927,29.134039,49.89140926640927,36.906956,49.89140926640927
squeezed_Bắc Giang,2016-09-01,46.030407,54.53667953667954,46.81467,54.53667953667954,10.97973,54.53667953667954,29.134039,54.53667953667954,36.906956,54.53667953667954,39.21004,54.53667953667954
squeezed_Bắc Giang,2016-10-01,46.81467,46.0304054054054,10.97973,46.0304054054054,29.134039,46.0304054054054,36.906956,46.0304054054054,39.21004,46.0304054054054,58.90143,46.0304054054054
squeezed_Bắc Giang,2016-11-01,10.97973,46.81467181467182,29.134039,46.81467181467182,36.906956,46.81467181467182,39.21004,46.81467181467182,58.90143,46.81467181467182,42.319206,46.81467181467182
squeezed_Bắc Giang,2016-12-01,29.134039,10.97972972972973,36.906956,10.97972972972973,39.21004,10.97972972972973,58.90143,10.97972972972973,42.319206,10.97972972972973,34.60387,10.97972972972973
squeezed_Bắc Giang,2017-01-01,36.906956,29.13403961308153,39.21004,29.13403961308153,58.90143,29.13403961308153,42.319206,29.13403961308153,34.60387,29.13403961308153,32.99171,29.13403961308153
squeezed_Bắc Giang,2017-02-01,39.21004,36.90695532012897,58.90143,36.90695532012897,42.319206,36.90695532012897,34.60387,36.90695532012897,32.99171,36.90695532012897,40.131275,36.90695532012897
squeezed_Bắc Giang,2017-03-01,58.90143,39.21004145555044,42.319206,39.21004145555044,34.60387,39.21004145555044,32.99171,39.21004145555044,40.131275,39.21004145555044,49.286045,39.21004145555044
squeezed_Bắc Giang,2017-04-01,42.319206,58.90142791340396,34.60387,58.90142791340396,32.99171,58.90142791340396,40.131275,58.90142791340396,49.286045,58.90142791340396,51.646706,58.90142791340396
squeezed_Bắc Giang,2017-05-01,34.60387,42.31920773836942,32.99171,42.31920773836942,40.131275,42.31920773836942,49.286045,42.31920773836942,51.646706,42.31920773836942,48.825424,42.31920773836942
squeezed_Bắc Giang,2017-06-01,32.99171,34.60386918470751,40.131275,34.60386918470751,49.286045,34.60386918470751,51.646706,34.60386918470751,48.825424,34.60386918470751,53.14371,34.60386918470751
squeezed_Bắc Giang,2017-07-01,40.131275,32.99170888991249,49.286045,32.99170888991249,51.646706,32.99170888991249,48.825424,32.99170888991249,53.14371,32.99170888991249,29.254572,32.99170888991249
squeezed_Bắc Giang,2017-08-01,49.286045,40.13127590971902,51.646706,40.13127590971902,48.825424,40.13127590971902,53.14371,40.13127590971902,29.254572,40.13127590971902,35.049225,40.13127590971902
squeezed_Bắc Giang,2017-09-01,51.646706,49.28604329801935,48.825424,49.28604329801935,53.14371,49.28604329801935,29.254572,49.28604329801935,35.049225,49.28604329801935,34.767933,49.28604329801935
squeezed_Bắc Giang,2017-10-01,48.825424,51.64670658682635,53.14371,51.64670658682635,29.254572,51.64670658682635,35.049225,51.64670658682635,34.767933,51.64670658682635,34.88045,51.64670658682635
squeezed_Bắc Giang,2017-11-01,53.14371,48.82542607093505,29.254572,48.82542607093505,35.049225,48.82542607093505,34.767933,48.82542607093505,34.88045,48.82542607093505,28.579466,48.82542607093505
squeezed_Bắc Giang,2017-12-01,29.254572,53.1437125748503,35.049225,53.1437125748503,34.767933,53.1437125748503,34.88045,53.1437125748503,28.579466,53.1437125748503,23.178621,53.1437125748503
squeezed_Bắc Kạn,2016-01-01,176.48903,232.9153605015674,286.5204,232.9153605015674,342.31976,232.9153605015674,280.56427,232.9153605015674,294.67084,232.9153605015674,232.91536,232.9153605015674
squeezed_Bắc Kạn,2016-02-01,286.5204,176.4890282131661,342.31976,176.4890282131661,280.56427,176.4890282131661,294.67084,176.4890282131661,232.91536,176.4890282131661,199.05956,176.4890282131661
squeezed_Bắc Kạn,2016-03-01,342.31976,286.5203761755486,280.56427,286.5203761755486,294.67084,286.5203761755486,232.91536,286.5203761755486,199.05956,286.5203761755486,285.57993,286.5203761755486
squeezed_Bắc Kạn,2016-04-01,280.56427,342.319749216301,294.67084,342.319749216301,232.91536,342.319749216301,199.05956,342.319749216301,285.57993,342.319749216301,284.95297,342.319749216301
squeezed_Bắc Kạn,2016-05-01,294.67084,280.564263322884,232.91536,280.564263322884,199.05956,280.564263322884,285.57993,280.564263322884,284.95297,280.564263322884,268.65204,280.564263322884
squeezed_Bắc Kạn,2016-06-01,232.91536,294.6708463949843,199.05956,294.6708463949843,285.57993,294.6708463949843,284.95297,294.6708463949843,268.65204,294.6708463949843,174.92163,294.6708463949843
squeezed_Bắc Kạn,2016-07-01,199.05956,232.9153605015674,285.57993,232.9153605015674,284.95297,232.9153605015674,268.65204,232.9153605015674,174.92163,232.9153605015674,205.55017,232.9153605015674
squeezed_Bắc Kạn,2016-08-01,285.57993,199.0595611285266,284.95297,199.0595611285266,268.65204,199.0595611285266,174.92163,199.0595611285266,205.55017,199.0595611285266,262.98807,199.0595611285266
squeezed_Bắc Kạn,2016-09-01,284.95297,285.5799373040752,268.65204,285.5799373040752,174.92163,285.5799373040752,205.55017,285.5799373040752,262.98807,285.5799373040752,320.10327,285.5799373040752
squeezed_Bắc Kạn,2016-10-01,268.65204,284.9529780564263,174.92163,284.9529780564263,205.55017,284.9529780564263,262.98807,284.9529780564263,320.10327,284.9529780564263,271.05518,284.9529780564263
squeezed_Bắc Kạn,2016-11-01,174.92163,268.6520376175549,205.55017,268.6520376175549,262.98807,268.6520376175549,320.10327,268.6520376175549,271.05518,268.6520376175549,231.68764,268.6520376175549
squeezed_Bắc Kạn,2016-12-01,205.55017,174.9216300940439,262.98807,174.9216300940439,320.10327,174.9216300940439,271.05518,174.9216300940439,231.68764,174.9216300940439,254.92094,174.9216300940439
squeezed_Bắc Kạn,2017-01-01,262.98807,205.5501774766054,320.10327,205.5501774766054,271.05518,205.5501774766054,231.68764,205.5501774766054,254.92094,205.5501774766054,348.8222,205.5501774766054
squeezed_Bắc Kạn,2017-02-01,320.10327,262.9880606647306,271.05518,262.9880606647306,231.68764,262.9880606647306,254.92094,262.9880606647306,348.8222,262.9880606647306,402.71054,262.9880606647306
squeezed_Bắc Kạn,2017-03-01,271.05518,320.1032591158439,231.68764,320.1032591158439,254.92094,320.1032591158439,348.8222,320.1032591158439,402.71054,320.1032591158439,506.9377,320.1032591158439
squeezed_Bắc Kạn,2017-04-01,231.68764,271.0551790900291,254.92094,271.0551790900291,348.8222,271.0551790900291,402.71054,271.0551790900291,506.9377,271.0551790900291,412.71378,271.0551790900291
squeezed_Bắc Kạn,2017-05-01,254.92094,231.6876411745725,348.8222,231.6876411745725,402.71054,231.6876411745725,506.9377,231.6876411745725,412.71378,231.6876411745725,371.73282,231.6876411745725
squeezed_Bắc Kạn,2017-06-01,348.8222,254.9209422394321,402.71054,254.9209422394321,506.9377,254.9209422394321,412.71378,254.9209422394321,371.73282,254.9209422394321,0.0,254.9209422394321
squeezed_Bắc Kạn,2017-07-01,402.71054,348.8222007099064,506.9377,348.8222007099064,412.71378,348.8222007099064,371.73282,348.8222007099064,0.0,348.8222007099064,279.48718,348.8222007099064
squeezed_Bắc Kạn,2017-08-01,506.9377,402.7105517909004,412.71378,402.7105517909004,371.73282,402.7105517909004,0.0,402.7105517909004,279.48718,402.7105517909004,206.73077,402.7105517909004
squeezed_Bắc Kạn,2017-09-01,412.71378,506.9377218457567,371.73282,506.9377218457567,0.0,506.9377218457567,279.48718,506.9377218457567,206.73077,506.9377218457567,275.32053,506.9377218457567
squeezed_Bắc Kạn,2017-10-01,371.73282,412.7137786382704,0.0,412.7137786382704,279.48718,412.7137786382704,206.73077,412.7137786382704,275.32053,412.7137786382704,278.20514,412.7137786382704
squeezed_Bắc Kạn,2017-11-01,0.0,371.7328170377542,279.48718,371.7328170377542,206.73077,371.7328170377542,275.32053,371.7328170377542,278.20514,371.7328170377542,225.32051,371.7328170377542
squeezed_Bắc Kạn,2017-12-01,279.48718,0.0,206.73077,0.0,275.32053,0.0,278.20514,0.0,225.32051,0.0,195.1923,0.0
squeezed_Cao Bằng,2016-01-01,306.15326,264.2506606266516,331.25708,264.2506606266516,296.33823,264.2506606266516,341.26086,264.2506606266516,307.66327,264.2506606266516,267.0819,264.2506606266516
squeezed_Cao Bằng,2016-02-01,331.25708,306.1532653831635,296.33823,306.1532653831635,341.26086,306.1532653831635,307.66327,306.1532653831635,267.0819,306.1532653831635,346.92337,306.1532653831635
squeezed_Cao Bằng,2016-03-01,296.33823,331.2570781426954,341.26086,331.2570781426954,307.66327,331.2570781426954,267.0819,331.2570781426954,346.92337,331.2570781426954,389.20346,331.2570781426954
squeezed_Cao Bằng,2016-04-01,341.26086,296.3382408456021,307.66327,296.3382408456021,267.0819,296.3382408456021,346.92337,296.3382408456021,389.20346,296.3382408456021,283.31445,296.3382408456021
squeezed_Cao Bằng,2016-05-01,307.66327,341.2608531521329,267.0819,341.2608531521329,346.92337,341.2608531521329,389.20346,341.2608531521329,283.31445,341.2608531521329,322.3858,341.2608531521329
squeezed_Cao Bằng,2016-06-01,267.0819,307.6632691581729,346.92337,307.6632691581729,389.20346,307.6632691581729,283.31445,307.6632691581729,322.3858,307.6632691581729,451.67987,307.6632691581729
squeezed_Cao Bằng,2016-07-01,346.92337,267.0819177047943,389.20346,267.0819177047943,283.31445,267.0819177047943,322.3858,267.0819177047943,451.67987,267.0819177047943,271.08664,267.0819177047943
squeezed_Cao Bằng,2016-08-01,389.20346,346.9233673084183,283.31445,346.9233673084183,322.3858,346.9233673084183,451.67987,346.9233673084183,271.08664,346.9233673084183,379.3693,346.9233673084183
squeezed_Cao Bằng,2016-09-01,283.31445,389.2034730086825,322.3858,389.2034730086825,451.67987,389.2034730086825,271.08664,389.2034730086825,379.3693,389.2034730086825,350.87387,389.2034730086825
squeezed_Cao Bằng,2016-10-01,322.3858,283.3144582861457,451.67987,283.3144582861457,271.08664,283.3144582861457,379.3693,283.3144582861457,350.87387,283.3144582861457,309.46048,283.3144582861457
squeezed_Cao Bằng,2016-11-01,451.67987,322.385805964515,271.08664,322.385805964515,379.3693,322.385805964515,350.87387,322.385805964515,309.46048,322.385805964515,0.0,322.385805964515
squeezed_Cao Bằng,2016-12-01,271.08664,451.6798791996981,379.3693,451.6798791996981,350.87387,451.6798791996981,309.46048,451.6798791996981,0.0,451.6798791996981,208.20668,451.6798791996981
squeezed_Cao Bằng,2017-01-01,379.3693,271.0866261398176,350.87387,271.0866261398176,309.46048,271.0866261398176,0.0,271.0866261398176,208.20668,271.0866261398176,268.61703,271.0866261398176
squeezed_Cao Bằng,2017-02-01,350.87387,379.3693009118541,309.46048,379.3693009118541,0.0,379.3693009118541,208.20668,379.3693009118541,268.61703,379.3693009118541,369.3009,379.3693009118541
squeezed_Cao Bằng,2017-03-01,309.46048,350.8738601823708,0.0,350.8738601823708,208.20668,350.8738601823708,268.61703,350.8738601823708,369.3009,350.8738601823708,348.40427,350.8738601823708
squeezed_Cao Bằng,2017-04-01,0.0,309.4604863221884,208.20668,309.4604863221884,268.61703,309.4604863221884,369.3009,309.4604863221884,348.40427,309.4604863221884,0.0,309.4604863221884
squeezed_Cao Bằng,2017-05-01,208.20668,0.0,268.61703,0.0,369.3009,0.0,348.40427,0.0,0.0,0.0,295.78268,0.0
squeezed_Cao Bằng,2017-06-01,268.61703,208.2066869300912,369.3009,208.2066869300912,348.40427,208.2066869300912,0.0,208.2066869300912,295.78268,208.2066869300912,293.1231,208.2066869300912
squeezed_Cao Bằng,2017-07-01,369.3009,268.6170212765957,348.40427,268.6170212765957,0.0,268.6170212765957,295.78268,268.6170212765957,293.1231,268.6170212765957,264.9896,268.6170212765957
squeezed_Cao Bằng,2017-08-01,348.40427,369.3009118541033,0.0,369.3009118541033,295.78268,369.3009118541033,293.1231,369.3009118541033,264.9896,369.3009118541033,228.6741,369.3009118541033
squeezed_Cao Bằng,2017-09-01,0.0,348.4042553191489,295.78268,348.4042553191489,293.1231,348.4042553191489,264.9896,348.4042553191489,228.6741,348.4042553191489,0.0,348.4042553191489
squeezed_Cao Bằng,2017-10-01,295.78268,0.0,293.1231,0.0,264.9896,0.0,228.6741,0.0,0.0,0.0,238.13127,0.0
squeezed_Cao Bằng,2017-11-01,293.1231,295.7826747720365,264.9896,295.7826747720365,228.6741,295.7826747720365,0.0,295.7826747720365,238.13127,295.7826747720365,255.72159,295.7826747720365
squeezed_Cao Bằng,2017-12-01,264.9896,293.1231003039514,228.6741,293.1231003039514,0.0,293.1231003039514,238.13127,293.1231003039514,255.72159,293.1231003039514,193.30434,293.1231003039514
squeezed_Cà Mau,2016-01-01,7.279568,5.234745624079831,8.17929,5.234745624079831,5.725503,5.234745624079831,6.1344676,5.234745624079831,5.8890886,5.234745624079831,8.261083,5.234745624079831
squeezed_Cà Mau,2016-02-01,8.17929,7.279568133486015,5.725503,7.279568133486015,6.1344676,7.279568133486015,5.8890886,7.279568133486015,8.261083,7.279568133486015,7.443154,7.279568133486015
squeezed_Cà Mau,2016-03-01,5.725503,8.179290037624735,6.1344676,8.179290037624735,5.8890886,8.179290037624735,8.261083,8.179290037624735,7.443154,8.179290037624735,8.015704,8.179290037624735
squeezed_Cà Mau,2016-04-01,6.1344676,5.725503026337314,5.8890886,5.725503026337314,8.261083,5.725503026337314,7.443154,5.725503026337314,8.015704,5.725503026337314,6.1344676,5.725503026337314
squeezed_Cà Mau,2016-05-01,5.8890886,6.134467528218551,8.261083,6.134467528218551,7.443154,6.134467528218551,8.015704,6.134467528218551,6.1344676,6.134467528218551,5.8890886,6.134467528218551
squeezed_Cà Mau,2016-06-01,8.261083,5.889088827089809,7.443154,5.889088827089809,8.015704,5.889088827089809,6.1344676,5.889088827089809,5.8890886,5.889088827089809,5.8890886,5.889088827089809
squeezed_Cà Mau,2016-07-01,7.443154,8.261082938000982,8.015704,8.261082938000982,6.1344676,8.261082938000982,5.8890886,8.261082938000982,5.8890886,8.261082938000982,4.0935674,8.261082938000982
squeezed_Cà Mau,2016-08-01,8.015704,7.443153934238508,6.1344676,7.443153934238508,5.8890886,7.443153934238508,5.8890886,7.443153934238508,4.0935674,7.443153934238508,2.3391812,7.443153934238508
squeezed_Cà Mau,2016-09-01,6.1344676,8.01570423687224,5.8890886,8.01570423687224,5.8890886,8.01570423687224,4.0935674,8.01570423687224,2.3391812,8.01570423687224,3.8429406,8.01570423687224
squeezed_Cà Mau,2016-10-01,5.8890886,6.134467528218551,5.8890886,6.134467528218551,4.0935674,6.134467528218551,2.3391812,6.134467528218551,3.8429406,6.134467528218551,0.0,6.134467528218551
squeezed_Cà Mau,2016-11-01,5.8890886,5.889088827089809,4.0935674,5.889088827089809,2.3391812,5.889088827089809,3.8429406,5.889088827089809,0.0,5.889088827089809,0.5012531,5.889088827089809
squeezed_Cà Mau,2016-12-01,4.0935674,5.889088827089809,2.3391812,5.889088827089809,3.8429406,5.889088827089809,0.0,5.889088827089809,0.5012531,5.889088827089809,0.41771093,5.889088827089809
squeezed_Cà Mau,2017-01-01,2.3391812,4.093567251461988,3.8429406,4.093567251461988,0.0,4.093567251461988,0.5012531,4.093567251461988,0.41771093,4.093567251461988,0.41771093,4.093567251461988
squeezed_Cà Mau,2017-02-01,3.8429406,2.339181286549707,0.0,2.339181286549707,0.5012531,2.339181286549707,0.41771093,2.339181286549707,0.41771093,2.339181286549707,1.336675,2.339181286549707
squeezed_Cà Mau,2017-03-01,0.0,3.842940685045948,0.5012531,3.842940685045948,0.41771093,3.842940685045948,0.41771093,3.842940685045948,1.336675,3.842940685045948,0.9189641,3.842940685045948
squeezed_Cà Mau,2017-04-01,0.5012531,0.0,0.41771093,0.0,0.41771093,0.0,1.336675,0.0,0.9189641,0.0,0.7518797,0.0
squeezed_Cà Mau,2017-05-01,0.41771093,0.5012531328320802,0.41771093,0.5012531328320802,1.336675,0.5012531328320802,0.9189641,0.5012531328320802,0.7518797,0.5012531328320802,0.5012531,0.5012531328320802
squeezed_Cà Mau,2017-06-01,0.41771093,0.4177109440267335,1.336675,0.4177109440267335,0.9189641,0.4177109440267335,0.7518797,0.4177109440267335,0.5012531,0.4177109440267335,0.5012531,0.4177109440267335
squeezed_Cà Mau,2017-07-01,1.336675,0.4177109440267335,0.9189641,0.4177109440267335,0.7518797,0.4177109440267335,0.5012531,0.4177109440267335,0.5012531,0.4177109440267335,0.5854801,0.4177109440267335
squeezed_Cà Mau,2017-08-01,0.9189641,1.336675020885547,0.7518797,1.336675020885547,0.5012531,1.336675020885547,0.5012531,1.336675020885547,0.5854801,1.336675020885547,0.16728003,1.336675020885547
squeezed_Cà Mau,2017-09-01,0.7518797,0.9189640768588136,0.5012531,0.9189640768588136,0.5012531,0.9189640768588136,0.5854801,0.9189640768588136,0.16728003,0.9189640768588136,0.0,0.9189640768588136
squeezed_Cà Mau,2017-10-01,0.5012531,0.7518796992481203,0.5012531,0.7518796992481203,0.5854801,0.7518796992481203,0.16728003,0.7518796992481203,0.0,0.7518796992481203,0.08364002,0.7518796992481203
squeezed_Cà Mau,2017-11-01,0.5012531,0.5012531328320802,0.5854801,0.5012531328320802,0.16728003,0.5012531328320802,0.0,0.5012531328320802,0.08364002,0.5012531328320802,0.16728003,0.5012531328320802
squeezed_Cà Mau,2017-12-01,0.5854801,0.5012531328320802,0.16728003,0.5012531328320802,0.0,0.5012531328320802,0.08364002,0.5012531328320802,0.16728003,0.5012531328320802,0.08364002,0.5012531328320802
squeezed_Cần Thơ,2016-01-01,0.0,0.0,0.0,0.0,0.0,0.0,0.0,0.0,0.0,0.0,0.0,0.0
squeezed_Cần Thơ,2016-02-01,0.0,0.0,0.0,0.0,0.0,0.0,0.0,0.0,0.0,0.0,0.0,0.0
squeezed_Cần Thơ,2016-03-01,0.0,0.0,0.0,0.0,0.0,0.0,0.0,0.0,0.0,0.0,0.0,0.0
squeezed_Cần Thơ,2016-04-01,0.0,0.0,0.0,0.0,0.0,0.0,0.0,0.0,0.0,0.0,0.0,0.0
squeezed_Cần Thơ,2016-05-01,0.0,0.0,0.0,0.0,0.0,0.0,0.0,0.0,0.0,0.0,0.0,0.0
squeezed_Cần Thơ,2016-06-01,0.0,0.0,0.0,0.0,0.0,0.0,0.0,0.0,0.0,0.0,0.0,0.0
squeezed_Cần Thơ,2016-07-01,0.0,0.0,0.0,0.0,0.0,0.0,0.0,0.0,0.0,0.0,0.0,0.0
squeezed_Cần Thơ,2016-08-01,0.0,0.0,0.0,0.0,0.0,0.0,0.0,0.0,0.0,0.0,0.0,0.0
squeezed_Cần Thơ,2016-09-01,0.0,0.0,0.0,0.0,0.0,0.0,0.0,0.0,0.0,0.0,0.0,0.0
squeezed_Cần Thơ,2016-10-01,0.0,0.0,0.0,0.0,0.0,0.0,0.0,0.0,0.0,0.0,0.0,0.0
squeezed_Cần Thơ,2016-11-01,0.0,0.0,0.0,0.0,0.0,0.0,0.0,0.0,0.0,0.0,0.0,0.0
squeezed_Cần Thơ,2016-12-01,0.0,0.0,0.0,0.0,0.0,0.0,0.0,0.0,0.0,0.0,0.0,0.0
squeezed_Cần Thơ,2017-01-01,0.0,0.0,0.0,0.0,0.0,0.0,0.0,0.0,0.0,0.0,0.0,0.0
squeezed_Cần Thơ,2017-02-01,0.0,0.0,0.0,0.0,0.0,0.0,0.0,0.0,0.0,0.0,0.0,0.0
squeezed_Cần Thơ,2017-03-01,0.0,0.0,0.0,0.0,0.0,0.0,0.0,0.0,0.0,0.0,0.0,0.0
squeezed_Cần Thơ,2017-04-01,0.0,0.0,0.0,0.0,0.0,0.0,0.0,0.0,0.0,0.0,0.0,0.0
squeezed_Cần Thơ,2017-05-01,0.0,0.0,0.0,0.0,0.0,0.0,0.0,0.0,0.0,0.0,0.0,0.0
squeezed_Cần Thơ,2017-06-01,0.0,0.0,0.0,0.0,0.0,0.0,0.0,0.0,0.0,0.0,0.0,0.0
squeezed_Cần Thơ,2017-07-01,0.0,0.0,0.0,0.0,0.0,0.0,0.0,0.0,0.0,0.0,1.4661562,0.0
squeezed_Cần Thơ,2017-08-01,0.0,0.0,0.0,0.0,0.0,0.0,0.0,0.0,1.4661562,0.0,0.0,0.0
squeezed_Cần Thơ,2017-09-01,0.0,0.0,0.0,0.0,0.0,0.0,1.4661562,0.0,0.0,0.0,0.81453127,0.0
squeezed_Cần Thơ,2017-10-01,0.0,0.0,0.0,0.0,1.4661562,0.0,0.0,0.0,0.81453127,0.0,0.9774375,0.0
squeezed_Cần Thơ,2017-11-01,0.0,0.0,1.4661562,0.0,0.0,0.0,0.81453127,0.0,0.9774375,0.0,2.1177812,0.0
squeezed_Cần Thơ,2017-12-01,1.4661562,0.0,0.0,0.0,0.81453127,0.0,0.9774375,0.0,2.1177812,0.0,1.0588906,0.0
squeezed_Gia Lai,2016-01-01,72.46172,79.09405207083891,68.651665,79.09405207083891,49.813026,79.09405207083891,56.445354,79.09405207083891,84.73859,79.09405207083891,69.075005,79.09405207083891
squeezed_Gia Lai,2016-02-01,68.651665,72.46172299442603,49.813026,72.46172299442603,56.445354,72.46172299442603,84.73859,72.46172299442603,69.075005,72.46172299442603,66.67607,72.46172299442603
squeezed_Gia Lai,2016-03-01,49.813026,68.65166161010372,56.445354,68.65166161010372,84.73859,68.65166161010372,69.075005,68.65166161010372,66.67607,68.65166161010372,87.77252,68.65166161010372
squeezed_Gia Lai,2016-04-01,56.445354,49.813024765399,84.73859,49.813024765399,69.075005,49.813024765399,66.67607,49.813024765399,87.77252,49.813024765399,176.46228,49.813024765399
squeezed_Gia Lai,2016-05-01,84.73859,56.44535384181189,69.075005,56.44535384181189,66.67607,56.44535384181189,87.77252,56.44535384181189,176.46228,56.44535384181189,175.05115,56.44535384181189
squeezed_Gia Lai,2016-06-01,69.075005,84.73858745502011,66.67607,84.73858745502011,87.77252,84.73858745502011,176.46228,84.73858745502011,175.05115,84.73858745502011,28.293234,84.73858745502011
squeezed_Gia Lai,2016-07-01,66.67607,69.07500176391731,87.77252,69.07500176391731,176.46228,69.07500176391731,175.05115,69.07500176391731,28.293234,69.07500176391731,40.5065,69.07500176391731
squeezed_Gia Lai,2016-08-01,87.77252,66.6760742256403,176.46228,66.6760742256403,175.05115,66.6760742256403,28.293234,66.6760742256403,40.5065,66.6760742256403,54.87099,66.6760742256403
squeezed_Gia Lai,2016-09-01,176.46228,87.7725252240175,175.05115,87.7725252240175,28.293234,87.7725252240175,40.5065,87.7725252240175,54.87099,87.7725252240175,93.33515,87.7725252240175
squeezed_Gia Lai,2016-10-01,175.05115,176.4622874479644,28.293234,176.4622874479644,40.5065,176.4622874479644,54.87099,176.4622874479644,93.33515,176.4622874479644,71.48206,176.4622874479644
squeezed_Gia Lai,2016-11-01,28.293234,175.0511536019191,40.5065,175.0511536019191,54.87099,175.0511536019191,93.33515,175.0511536019191,71.48206,175.0511536019191,68.758934,175.0511536019191
squeezed_Gia Lai,2016-12-01,40.5065,28.29323361320821,54.87099,28.29323361320821,93.33515,28.29323361320821,71.48206,28.29323361320821,68.758934,28.29323361320821,0.0,28.29323361320821
squeezed_Gia Lai,2017-01-01,54.87099,40.5065014636803,93.33515,40.5065014636803,71.48206,40.5065014636803,68.758934,40.5065014636803,0.0,40.5065014636803,85.57424,40.5065014636803
squeezed_Gia Lai,2017-02-01,93.33515,54.87099189869971,71.48206,54.87099189869971,68.758934,54.87099189869971,0.0,54.87099189869971,85.57424,54.87099189869971,11.981755,54.87099189869971
squeezed_Gia Lai,2017-03-01,71.48206,93.33514875076587,68.758934,93.33514875076587,0.0,93.33514875076587,85.57424,93.33514875076587,11.981755,93.33514875076587,12.3902235,93.33514875076587
squeezed_Gia Lai,2017-04-01,68.758934,71.48206140649465,0.0,71.48206140649465,85.57424,71.48206140649465,11.981755,71.48206140649465,12.3902235,71.48206140649465,24.371979,71.48206140649465
squeezed_Gia Lai,2017-05-01,0.0,68.75893525767582,85.57424,68.75893525767582,11.981755,68.75893525767582,12.3902235,68.75893525767582,24.371979,68.75893525767582,74.817894,68.75893525767582
squeezed_Gia Lai,2017-06-01,85.57424,0.0,11.981755,0.0,12.3902235,0.0,24.371979,0.0,74.817894,0.0,61.61073,0.0
squeezed_Gia Lai,2017-07-01,11.981755,85.57423922663216,12.3902235,85.57423922663216,24.371979,85.57423922663216,74.817894,85.57423922663216,61.61073,85.57423922663216,70.00067,85.57423922663216
squeezed_Gia Lai,2017-08-01,12.3902235,11.98175505480291,24.371979,11.98175505480291,74.817894,11.98175505480291,61.61073,11.98175505480291,70.00067,11.98175505480291,64.05028,11.98175505480291
squeezed_Gia Lai,2017-09-01,24.371979,12.39022397712574,74.817894,12.39022397712574,61.61073,12.39022397712574,70.00067,12.39022397712574,64.05028,12.39022397712574,59.16962,12.39022397712574
squeezed_Gia Lai,2017-10-01,74.817894,24.37197903192865,61.61073,24.37197903192865,70.00067,24.37197903192865,64.05028,24.37197903192865,59.16962,24.37197903192865,72.74186,24.37197903192865
squeezed_Gia Lai,2017-11-01,61.61073,74.81789093879773,70.00067,74.81789093879773,64.05028,74.81789093879773,59.16962,74.81789093879773,72.74186,74.81789093879773,57.23073,74.81789093879773
squeezed_Gia Lai,2017-12-01,70.00067,61.61072911702634,64.05028,61.61072911702634,59.16962,61.61072911702634,72.74186,61.61072911702634,57.23073,61.61072911702634,73.87845,61.61072911702634
squeezed_Hà Giang,2016-01-01,139.56622,189.3150349221909,199.36282,189.3150349221909,173.018,189.3150349221909,194.584,189.3150349221909,184.16861,189.3150349221909,147.0408,189.3150349221909
squeezed_Hà Giang,2016-02-01,199.36282,139.566229628722,173.018,139.566229628722,194.584,139.566229628722,184.16861,139.566229628722,147.0408,139.566229628722,182.08553,139.566229628722
squeezed_Hà Giang,2016-03-01,173.018,199.3628231834334,194.584,199.3628231834334,184.16861,199.3628231834334,147.0408,199.3628231834334,182.08553,199.3628231834334,210.26836,199.3628231834334
squeezed_Hà Giang,2016-04-01,194.584,173.0180124984683,184.16861,173.0180124984683,147.0408,173.0180124984683,182.08553,173.0180124984683,210.26836,173.0180124984683,177.06163,173.0180124984683
squeezed_Hà Giang,2016-05-01,184.16861,194.5839970591839,147.0408,194.5839970591839,182.08553,194.5839970591839,210.26836,194.5839970591839,177.06163,194.5839970591839,182.57567,194.5839970591839
squeezed_Hà Giang,2016-06-01,147.0408,184.1686067883838,182.08553,184.1686067883838,210.26836,184.1686067883838,177.06163,184.1686067883838,182.57567,184.1686067883838,114.079155,184.1686067883838
squeezed_Hà Giang,2016-07-01,182.08553,147.0408038230609,210.26836,147.0408038230609,177.06163,147.0408038230609,182.57567,147.0408038230609,114.079155,147.0408038230609,112.15065,147.0408038230609
squeezed_Hà Giang,2016-08-01,210.26836,182.0855287342237,177.06163,182.0855287342237,182.57567,182.0855287342237,114.079155,182.0855287342237,112.15065,182.0855287342237,122.70601,182.0855287342237
squeezed_Hà Giang,2016-09-01,177.06163,210.2683494669771,182.57567,210.2683494669771,114.079155,210.2683494669771,112.15065,210.2683494669771,122.70601,210.2683494669771,139.85846,210.2683494669771
squeezed_Hà Giang,2016-10-01,182.57567,177.0616346036025,114.079155,177.0616346036025,112.15065,177.0616346036025,122.70601,177.0616346036025,139.85846,177.0616346036025,145.01619,177.0616346036025
squeezed_Hà Giang,2016-11-01,114.079155,182.5756647469673,112.15065,182.5756647469673,122.70601,182.5756647469673,139.85846,182.5756647469673,145.01619,182.5756647469673,0.0,182.5756647469673
squeezed_Hà Giang,2016-12-01,112.15065,114.0791569660581,122.70601,114.0791569660581,139.85846,114.0791569660581,145.01619,114.0791569660581,0.0,114.0791569660581,164.92743,114.0791569660581
squeezed_Hà Giang,2017-01-01,122.70601,112.1506537123665,139.85846,112.1506537123665,145.01619,112.1506537123665,0.0,112.1506537123665,164.92743,112.1506537123665,161.44896,112.1506537123665
squeezed_Hà Giang,2017-02-01,139.85846,122.7060093558834,145.01619,122.7060093558834,0.0,122.7060093558834,164.92743,122.7060093558834,161.44896,122.7060093558834,199.71213,122.7060093558834
squeezed_Hà Giang,2017-03-01,145.01619,139.8584622765983,0.0,139.8584622765983,164.92743,139.8584622765983,161.44896,139.8584622765983,199.71213,139.8584622765983,200.55176,139.8584622765983
squeezed_Hà Giang,2017-04-01,0.0,145.0161928751349,164.92743,145.0161928751349,161.44896,145.0161928751349,199.71213,145.0161928751349,200.55176,145.0161928751349,212.0667,145.0161928751349
squeezed_Hà Giang,2017-05-01,164.92743,0.0,161.44896,0.0,199.71213,0.0,200.55176,0.0,212.0667,0.0,216.50475,0.0
squeezed_Hà Giang,2017-06-01,161.44896,164.9274319299508,199.71213,164.9274319299508,200.55176,164.9274319299508,212.0667,164.9274319299508,216.50475,164.9274319299508,166.48674,164.9274319299508
squeezed_Hà Giang,2017-07-01,199.71213,161.4489624565191,200.55176,161.4489624565191,212.0667,161.4489624565191,216.50475,161.4489624565191,166.48674,161.4489624565191,133.01831,161.4489624565191
squeezed_Hà Giang,2017-08-01,200.55176,199.7121266642677,212.0667,199.7121266642677,216.50475,199.7121266642677,166.48674,199.7121266642677,133.01831,199.7121266642677,138.45245,199.7121266642677
squeezed_Hà Giang,2017-09-01,212.0667,200.5517572268202,216.50475,200.5517572268202,166.48674,200.5517572268202,133.01831,200.5517572268202,138.45245,200.5517572268202,162.55168,200.5517572268202
squeezed_Hà Giang,2017-10-01,216.50475,212.0666906561113,166.48674,212.0666906561113,133.01831,212.0666906561113,138.45245,212.0666906561113,162.55168,212.0666906561113,186.06024,212.0666906561113
squeezed_Hà Giang,2017-11-01,166.48674,216.5047379153172,133.01831,216.5047379153172,138.45245,216.5047379153172,162.55168,216.5047379153172,186.06024,216.5047379153172,156.2906,216.5047379153172
squeezed_Hà Giang,2017-12-01,133.01831,166.486745831834,138.45245,166.486745831834,162.55168,166.486745831834,186.06024,166.486745831834,156.2906,166.486745831834,163.85115,166.486745831834
squeezed_Hà Nội,2016-01-01,25.653622,23.03367720102614,29.174171,23.03367720102614,26.267672,23.03367720102614,21.450794,23.03367720102614,22.242235,23.03367720102614,19.37667,23.03367720102614
squeezed_Hà Nội,2016-02-01,29.174171,25.65362152720921,26.267672,25.65362152720921,21.450794,25.65362152720921,22.242235,25.65362152720921,19.37667,25.65362152720921,17.220676,25.65362152720921
squeezed_Hà Nội,2016-03-01,26.267672,29.17417171551772,21.450794,29.17417171551772,22.242235,29.17417171551772,19.37667,29.17417171551772,17.220676,29.17417171551772,16.96141,29.17417171551772
squeezed_Hà Nội,2016-04-01,21.450794,26.26767097865837,22.242235,26.26767097865837,19.37667,26.26767097865837,17.220676,26.26767097865837,16.96141,26.26767097865837,18.025763,26.26767097865837
squeezed_Hà Nội,2016-05-01,22.242235,21.45079417062387,19.37667,21.45079417062387,17.220676,21.45079417062387,16.96141,21.45079417062387,18.025763,21.45079417062387,16.101742,21.45079417062387
squeezed_Hà Nội,2016-06-01,19.37667,22.24223568582501,17.220676,22.24223568582501,16.96141,22.24223568582501,18.025763,22.24223568582501,16.101742,22.24223568582501,3.3977404,22.24223568582501
squeezed_Hà Nội,2016-07-01,17.220676,19.37667157906228,16.96141,19.37667157906228,18.025763,19.37667157906228,16.101742,19.37667157906228,3.3977404,19.37667157906228,14.492004,19.37667157906228
squeezed_Hà Nội,2016-08-01,16.96141,17.22067572730746,18.025763,17.22067572730746,16.101742,17.22067572730746,3.3977404,17.22067572730746,14.492004,17.22067572730746,16.532768,17.22067572730746
squeezed_Hà Nội,2016-09-01,18.025763,16.96141040336226,16.101742,16.96141040336226,3.3977404,16.96141040336226,14.492004,16.96141040336226,16.532768,16.96141040336226,19.490583,16.96141040336226
squeezed_Hà Nội,2016-10-01,16.101742,18.02576278587413,3.3977404,18.02576278587413,14.492004,18.02576278587413,16.532768,18.02576278587413,19.490583,18.02576278587413,20.91137,18.02576278587413
squeezed_Hà Nội,2016-11-01,3.3977404,16.10174117133344,14.492004,16.10174117133344,16.532768,16.10174117133344,19.490583,16.10174117133344,20.91137,16.10174117133344,21.66051,16.10174117133344
squeezed_Hà Nội,2016-12-01,14.492004,3.397740298018667,16.532768,3.397740298018667,19.490583,3.397740298018667,20.91137,3.397740298018667,21.66051,3.397740298018667,18.302292,3.397740298018667
squeezed_Hà Nội,2017-01-01,16.532768,14.49200485650074,19.490583,14.49200485650074,20.91137,14.49200485650074,21.66051,14.49200485650074,18.302292,14.49200485650074,23.50753,14.49200485650074
squeezed_Hà Nội,2017-02-01,19.490583,16.53276846374415,20.91137,16.53276846374415,21.66051,16.53276846374415,18.302292,16.53276846374415,23.50753,16.53276846374415,22.383818,16.53276846374415
squeezed_Hà Nội,2017-03-01,20.91137,19.49058407171088,21.66051,19.49058407171088,18.302292,19.49058407171088,23.50753,19.49058407171088,22.383818,19.49058407171088,14.182015,19.49058407171088
squeezed_Hà Nội,2017-04-01,21.66051,20.9113688615639,18.302292,20.9113688615639,23.50753,20.9113688615639,22.383818,20.9113688615639,14.182015,20.9113688615639,20.381804,20.9113688615639
squeezed_Hà Nội,2017-05-01,18.302292,21.66050993257731,23.50753,21.66050993257731,22.383818,21.66050993257731,14.182015,21.66050993257731,20.381804,21.66050993257731,16.041952,21.66050993257731
squeezed_Hà Nội,2017-06-01,23.50753,18.30229133837927,22.383818,18.30229133837927,14.182015,18.30229133837927,20.381804,18.30229133837927,16.041952,18.30229133837927,17.75981,18.30229133837927
squeezed_Hà Nội,2017-07-01,22.383818,23.50753015938622,14.182015,23.50753015938622,20.381804,23.50753015938622,16.041952,23.50753015938622,17.75981,23.50753015938622,14.707183,23.50753015938622
squeezed_Hà Nội,2017-08-01,14.182015,22.38381855286611,20.381804,22.38381855286611,16.041952,22.38381855286611,17.75981,22.38381855286611,14.707183,22.38381855286611,0.0,22.38381855286611
squeezed_Hà Nội,2017-09-01,20.381804,14.18201544780553,16.041952,14.18201544780553,17.75981,14.18201544780553,14.707183,14.18201544780553,0.0,14.18201544780553,16.476088,14.18201544780553
squeezed_Hà Nội,2017-10-01,16.041952,20.38180362170959,17.75981,20.38180362170959,14.707183,20.38180362170959,0.0,20.38180362170959,16.476088,20.38180362170959,0.0,20.38180362170959
squeezed_Hà Nội,2017-11-01,17.75981,16.04195189997675,14.707183,16.04195189997675,0.0,16.04195189997675,16.476088,16.04195189997675,0.0,16.04195189997675,11.219913,16.04195189997675
squeezed_Hà Nội,2017-12-01,14.707183,17.75980987316267,0.0,17.75980987316267,16.476088,17.75980987316267,0.0,17.75980987316267,11.219913,17.75980987316267,15.869606,17.75980987316267
squeezed_Hà Tĩnh,2016-01-01,238.96739,215.6785347754006,231.15181,215.6785347754006,314.9917,215.6785347754006,245.83563,215.6785347754006,251.04602,215.6785347754006,200.83682,215.6785347754006
squeezed_Hà Tĩnh,2016-02-01,231.15181,238.9673955948527,314.9917,238.9673955948527,245.83563,238.9673955948527,251.04602,238.9673955948527,200.83682,238.9673955948527,214.5733,238.9673955948527
squeezed_Hà Tĩnh,2016-03-01,314.9917,231.1518117944265,245.83563,231.1518117944265,251.04602,231.1518117944265,200.83682,231.1518117944265,214.5733,231.1518117944265,215.4417,231.1518117944265
squeezed_Hà Tĩnh,2016-04-01,245.83563,314.9917107444541,251.04602,314.9917107444541,200.83682,314.9917107444541,214.5733,314.9917107444541,215.4417,314.9917107444541,264.5457,314.9917107444541
squeezed_Hà Tĩnh,2016-05-01,251.04602,245.8356359043183,200.83682,245.8356359043183,214.5733,245.8356359043183,215.4417,245.8356359043183,264.5457,245.8356359043183,184.10042,245.8356359043183
squeezed_Hà Tĩnh,2016-06-01,200.83682,251.0460251046025,214.5733,251.0460251046025,215.4417,251.0460251046025,264.5457,251.0460251046025,184.10042,251.0460251046025,120.23368,251.0460251046025
squeezed_Hà Tĩnh,2016-07-01,214.5733,200.836820083682,215.4417,200.836820083682,264.5457,200.836820083682,184.10042,200.836820083682,120.23368,200.836820083682,185.68513,200.836820083682
squeezed_Hà Tĩnh,2016-08-01,215.4417,214.5733007026131,264.5457,214.5733007026131,184.10042,214.5733007026131,120.23368,214.5733007026131,185.68513,214.5733007026131,205.14833,214.5733007026131
squeezed_Hà Tĩnh,2016-09-01,264.5457,215.4416989026604,184.10042,215.4416989026604,120.23368,215.4416989026604,185.68513,215.4416989026604,205.14833,215.4416989026604,307.95795,215.4416989026604
squeezed_Hà Tĩnh,2016-10-01,184.10042,264.5456698507934,120.23368,264.5456698507934,185.68513,264.5456698507934,205.14833,264.5456698507934,307.95795,264.5456698507934,260.71262,264.5456698507934
squeezed_Hà Tĩnh,2016-11-01,120.23368,184.1004184100418,185.68513,184.1004184100418,205.14833,184.1004184100418,307.95795,184.1004184100418,260.71262,184.1004184100418,216.44954,184.1004184100418
squeezed_Hà Tĩnh,2016-12-01,185.68513,120.2336780611037,205.14833,120.2336780611037,307.95795,120.2336780611037,260.71262,120.2336780611037,216.44954,120.2336780611037,223.59128,120.2336780611037
squeezed_Hà Tĩnh,2017-01-01,205.14833,185.6851357714644,307.95795,185.6851357714644,260.71262,185.6851357714644,216.44954,185.6851357714644,223.59128,185.6851357714644,204.99136,185.6851357714644
squeezed_Hà Tĩnh,2017-02-01,307.95795,205.1483283628943,260.71262,205.1483283628943,216.44954,205.1483283628943,223.59128,205.1483283628943,204.99136,205.1483283628943,203.10783,205.1483283628943
squeezed_Hà Tĩnh,2017-03-01,260.71262,307.9579343902056,216.44954,307.9579343902056,223.59128,307.9579343902056,204.99136,307.9579343902056,203.10783,307.9579343902056,226.18114,307.9579343902056
squeezed_Hà Tĩnh,2017-04-01,216.44954,260.7126039868152,223.59128,260.7126039868152,204.99136,260.7126039868152,203.10783,260.7126039868152,226.18114,260.7126039868152,212.91791,260.7126039868152
squeezed_Hà Tĩnh,2017-05-01,223.59128,216.4495369643698,204.99136,216.4495369643698,203.10783,216.4495369643698,226.18114,216.4495369643698,212.91791,216.4495369643698,167.5561,216.4495369643698
squeezed_Hà Tĩnh,2017-06-01,204.99136,223.59127295558,203.10783,223.59127295558,226.18114,223.59127295558,212.91791,223.59127295558,167.5561,223.59127295558,163.31816,223.59127295558
squeezed_Hà Tĩnh,2017-07-01,203.10783,204.9913671323183,226.18114,204.9913671323183,212.91791,204.9913671323183,167.5561,204.9913671323183,163.31816,204.9913671323183,144.631,204.9913671323183
squeezed_Hà Tĩnh,2017-08-01,226.18114,203.1078323654057,212.91791,203.1078323654057,167.5561,203.1078323654057,163.31816,203.1078323654057,144.631,203.1078323654057,177.89926,203.1078323654057
squeezed_Hà Tĩnh,2017-09-01,212.91791,226.1811332600847,167.5561,226.1811332600847,163.31816,226.1811332600847,144.631,226.1811332600847,177.89926,226.1811332600847,198.12573,226.1811332600847
squeezed_Hà Tĩnh,2017-10-01,167.5561,212.9179092764087,163.31816,212.9179092764087,144.631,212.9179092764087,177.89926,212.9179092764087,198.12573,212.9179092764087,177.04022,212.9179092764087
squeezed_Hà Tĩnh,2017-11-01,163.31816,167.5561136399309,144.631,167.5561136399309,177.89926,167.5561136399309,198.12573,167.5561136399309,177.04022,167.5561136399309,152.44046,167.5561136399309
squeezed_Hà Tĩnh,2017-12-01,144.631,163.3181604143776,177.89926,163.3181604143776,198.12573,163.3181604143776,177.04022,163.3181604143776,152.44046,163.3181604143776,136.0406,163.3181604143776
squeezed_Hòa Bình,2016-01-01,75.78491,81.1981234211476,126.669075,81.1981234211476,130.87935,81.1981234211476,136.65343,81.1981234211476,105.978584,81.1981234211476,98.039215,81.1981234211476
squeezed_Hòa Bình,2016-02-01,126.669075,75.7849151930711,130.87935,75.7849151930711,136.65343,75.7849151930711,105.978584,75.7849151930711,98.039215,75.7849151930711,95.63335,75.7849151930711
squeezed_Hòa Bình,2016-03-01,130.87935,126.6690725369903,136.65343,126.6690725369903,105.978584,126.6690725369903,98.039215,126.6690725369903,95.63335,126.6690725369903,119.93263,126.6690725369903
squeezed_Hòa Bình,2016-04-01,136.65343,130.879345603272,105.978584,130.879345603272,98.039215,130.879345603272,95.63335,130.879345603272,119.93263,130.879345603272,103.091545,130.879345603272
squeezed_Hòa Bình,2016-05-01,105.978584,136.6534343798869,98.039215,136.6534343798869,95.63335,136.6534343798869,119.93263,136.6534343798869,103.091545,136.6534343798869,102.24949,136.6534343798869
squeezed_Hòa Bình,2016-06-01,98.039215,105.9785877541201,95.63335,105.9785877541201,119.93263,105.9785877541201,103.091545,105.9785877541201,102.24949,105.9785877541201,16.841093,105.9785877541201
squeezed_Hòa Bình,2016-07-01,95.63335,98.03921568627452,119.93263,98.03921568627452,103.091545,98.03921568627452,102.24949,98.03921568627452,16.841093,98.03921568627452,54.43787,98.03921568627452
squeezed_Hòa Bình,2016-08-01,119.93263,95.63334536268495,103.091545,95.63334536268495,102.24949,95.63334536268495,16.841093,95.63334536268495,54.43787,95.63334536268495,0.0,95.63334536268495
squeezed_Hòa Bình,2016-09-01,103.091545,119.9326356309395,102.24949,119.9326356309395,16.841093,119.9326356309395,54.43787,119.9326356309395,0.0,119.9326356309395,124.73373,119.9326356309395
squeezed_Hòa Bình,2016-10-01,102.24949,103.0915433658126,16.841093,103.0915433658126,54.43787,103.0915433658126,0.0,103.0915433658126,124.73373,103.0915433658126,139.1716,103.0915433658126
squeezed_Hòa Bình,2016-11-01,16.841093,102.2494887525562,54.43787,102.2494887525562,0.0,102.2494887525562,124.73373,102.2494887525562,139.1716,102.2494887525562,125.2071,102.2494887525562
squeezed_Hòa Bình,2016-12-01,54.43787,16.84109226512691,0.0,16.84109226512691,124.73373,16.84109226512691,139.1716,16.84109226512691,125.2071,16.84109226512691,90.76923,16.84109226512691
squeezed_Hòa Bình,2017-01-01,0.0,54.4378698224852,124.73373,54.4378698224852,139.1716,54.4378698224852,125.2071,54.4378698224852,90.76923,54.4378698224852,92.30769,54.4378698224852
squeezed_Hòa Bình,2017-02-01,124.73373,0.0,139.1716,0.0,125.2071,0.0,90.76923,0.0,92.30769,0.0,129.46745,0.0
squeezed_Hòa Bình,2017-03-01,139.1716,124.7337278106509,125.2071,124.7337278106509,90.76923,124.7337278106509,92.30769,124.7337278106509,129.46745,124.7337278106509,144.49704,124.7337278106509
squeezed_Hòa Bình,2017-04-01,125.2071,139.1715976331361,90.76923,139.1715976331361,92.30769,139.1715976331361,129.46745,139.1715976331361,144.49704,139.1715976331361,108.63905,139.1715976331361
squeezed_Hòa Bình,2017-05-01,90.76923,125.207100591716,92.30769,125.207100591716,129.46745,125.207100591716,144.49704,125.207100591716,108.63905,125.207100591716,0.0,125.207100591716
squeezed_Hòa Bình,2017-06-01,92.30769,90.76923076923077,129.46745,90.76923076923077,144.49704,90.76923076923077,108.63905,90.76923076923077,0.0,90.76923076923077,66.50887,90.76923076923077
squeezed_Hòa Bình,2017-07-01,129.46745,92.3076923076923,144.49704,92.3076923076923,108.63905,92.3076923076923,0.0,92.3076923076923,66.50887,92.3076923076923,66.43932,92.3076923076923
squeezed_Hòa Bình,2017-08-01,144.49704,129.4674556213018,108.63905,129.4674556213018,0.0,129.4674556213018,66.50887,129.4674556213018,66.43932,129.4674556213018,62.20602,129.4674556213018
squeezed_Hòa Bình,2017-09-01,108.63905,144.4970414201183,0.0,144.4970414201183,66.50887,144.4970414201183,66.43932,144.4970414201183,62.20602,144.4970414201183,87.605835,144.4970414201183
squeezed_Hòa Bình,2017-10-01,0.0,108.6390532544379,66.50887,108.6390532544379,66.43932,108.6390532544379,62.20602,108.6390532544379,87.605835,108.6390532544379,0.0,108.6390532544379
squeezed_Hòa Bình,2017-11-01,66.50887,0.0,66.43932,0.0,62.20602,0.0,87.605835,0.0,0.0,0.0,77.610535,0.0
squeezed_Hòa Bình,2017-12-01,66.43932,66.50887573964496,62.20602,66.50887573964496,87.605835,66.50887573964496,0.0,66.50887573964496,77.610535,66.50887573964496,0.0,66.50887573964496
squeezed_Hưng Yên,2016-01-01,117.24492,100.837463681422,111.60485,100.837463681422,117.50128,100.837463681422,115.877625,100.837463681422,108.69937,100.837463681422,85.711845,100.837463681422
squeezed_Hưng Yên,2016-02-01,111.60485,117.2449153990771,117.50128,117.2449153990771,115.877625,117.2449153990771,108.69937,117.2449153990771,85.711845,117.2449153990771,105.87933,117.2449153990771
squeezed_Hưng Yên,2016-03-01,117.50128,111.6048538711331,115.877625,111.6048538711331,108.69937,111.6048538711331,85.711845,111.6048538711331,105.87933,111.6048538711331,110.66484,111.6048538711331
squeezed_Hưng Yên,2016-04-01,115.877625,117.5012818321654,108.69937,117.5012818321654,85.711845,117.5012818321654,105.87933,117.5012818321654,110.66484,117.5012818321654,94.94103,117.5012818321654
squeezed_Hưng Yên,2016-05-01,108.69937,115.8776277559391,85.711845,115.8776277559391,105.87933,115.8776277559391,110.66484,115.8776277559391,94.94103,115.8776277559391,108.87028,115.8776277559391
squeezed_Hưng Yên,2016-06-01,85.711845,108.699367629465,105.87933,108.699367629465,110.66484,108.699367629465,94.94103,108.699367629465,108.87028,108.699367629465,94.85558,108.699367629465
squeezed_Hưng Yên,2016-07-01,105.87933,85.71184412920869,110.66484,85.71184412920869,94.94103,85.71184412920869,108.87028,85.71184412920869,94.85558,85.71184412920869,84.96094,85.71184412920869
squeezed_Hưng Yên,2016-08-01,110.66484,105.8793368654931,94.94103,105.8793368654931,108.87028,105.8793368654931,94.85558,105.8793368654931,84.96094,105.8793368654931,85.367836,105.8793368654931
squeezed_Hưng Yên,2016-09-01,94.94103,110.6648436164758,108.87028,110.6648436164758,94.85558,110.6648436164758,84.96094,110.6648436164758,85.367836,110.6648436164758,111.73502,110.6648436164758
squeezed_Hưng Yên,2016-10-01,108.87028,94.94103572038968,94.85558,94.94103572038968,84.96094,94.94103572038968,85.367836,94.94103572038968,111.73502,94.94103572038968,103.84115,94.94103572038968
squeezed_Hưng Yên,2016-11-01,94.85558,108.8702785848573,84.96094,108.8702785848573,85.367836,108.8702785848573,111.73502,108.8702785848573,103.84115,108.8702785848573,95.54037,108.8702785848573
squeezed_Hưng Yên,2016-12-01,84.96094,94.85558024269355,85.367836,94.85558024269355,111.73502,94.85558024269355,103.84115,94.85558024269355,95.54037,94.85558024269355,104.08529,94.85558024269355
squeezed_Hưng Yên,2017-01-01,85.367836,84.9609375,111.73502,84.9609375,103.84115,84.9609375,95.54037,84.9609375,104.08529,84.9609375,86.751305,84.9609375
squeezed_Hưng Yên,2017-02-01,111.73502,85.36783854166667,103.84115,85.36783854166667,95.54037,85.36783854166667,104.08529,85.36783854166667,86.751305,85.36783854166667,108.23568,85.36783854166667
squeezed_Hưng Yên,2017-03-01,103.84115,111.7350260416667,95.54037,111.7350260416667,104.08529,111.7350260416667,86.751305,111.7350260416667,108.23568,111.7350260416667,104.00391,111.7350260416667
squeezed_Hưng Yên,2017-04-01,95.54037,103.8411458333333,104.08529,103.8411458333333,86.751305,103.8411458333333,108.23568,103.8411458333333,104.00391,103.8411458333333,100.504555,103.8411458333333
squeezed_Hưng Yên,2017-05-01,104.08529,95.54036458333334,86.751305,95.54036458333334,108.23568,95.54036458333334,104.00391,95.54036458333334,100.504555,95.54036458333334,96.92383,95.54036458333334
squeezed_Hưng Yên,2017-06-01,86.751305,104.0852864583333,108.23568,104.0852864583333,104.00391,104.0852864583333,100.504555,104.0852864583333,96.92383,104.0852864583333,107.25912,104.0852864583333
squeezed_Hưng Yên,2017-07-01,108.23568,86.75130208333334,104.00391,86.75130208333334,100.504555,86.75130208333334,96.92383,86.75130208333334,107.25912,86.75130208333334,105.60206,86.75130208333334
squeezed_Hưng Yên,2017-08-01,104.00391,108.2356770833333,100.504555,108.2356770833333,96.92383,108.2356770833333,107.25912,108.2356770833333,105.60206,108.2356770833333,91.35544,108.2356770833333
squeezed_Hưng Yên,2017-09-01,100.504555,104.00390625,96.92383,104.00390625,107.25912,104.00390625,105.60206,104.00390625,91.35544,104.00390625,118.07791,104.00390625
squeezed_Hưng Yên,2017-10-01,96.92383,100.5045572916667,107.25912,100.5045572916667,105.60206,100.5045572916667,91.35544,100.5045572916667,118.07791,100.5045572916667,93.609146,100.5045572916667
squeezed_Hưng Yên,2017-11-01,107.25912,96.923828125,105.60206,96.923828125,91.35544,96.923828125,118.07791,96.923828125,93.609146,96.923828125,95.701866,96.923828125
squeezed_Hưng Yên,2017-12-01,105.60206,107.2591145833333,91.35544,107.2591145833333,118.07791,107.2591145833333,93.609146,107.2591145833333,95.701866,107.2591145833333,93.367676,107.2591145833333
squeezed_Hải Dương,2016-01-01,121.51417,112.2186135065517,126.04995,112.2186135065517,116.19442,112.2186135065517,117.034386,112.2186135065517,108.80278,112.2186135065517,109.194756,112.2186135065517
squeezed_Hải Dương,2016-02-01,126.04995,121.5141673199686,116.19442,121.5141673199686,117.034386,121.5141673199686,108.80278,121.5141673199686,109.194756,121.5141673199686,106.2269,121.5141673199686
squeezed_Hải Dương,2016-03-01,116.19442,126.0499496024191,117.034386,126.0499496024191,108.80278,126.0499496024191,109.194756,126.0499496024191,106.2269,126.0499496024191,108.130806,126.0499496024191
squeezed_Hải Dương,2016-04-01,117.034386,116.194422667712,108.80278,116.194422667712,109.194756,116.194422667712,106.2269,116.194422667712,108.130806,116.194422667712,104.155,116.194422667712
squeezed_Hải Dương,2016-05-01,108.80278,117.0343823496472,109.194756,117.0343823496472,106.2269,117.0343823496472,108.130806,117.0343823496472,104.155,117.0343823496472,100.40318,117.0343823496472
squeezed_Hải Dương,2016-06-01,109.194756,108.8027774666816,106.2269,108.8027774666816,108.130806,108.8027774666816,104.155,108.8027774666816,100.40318,108.8027774666816,43.789898,108.8027774666816
squeezed_Hải Dương,2016-07-01,106.2269,109.1947586515847,108.130806,109.1947586515847,104.155,109.1947586515847,100.40318,109.1947586515847,43.789898,109.1947586515847,69.058685,109.1947586515847
squeezed_Hải Dương,2016-08-01,108.130806,106.2269011087468,104.155,106.2269011087468,100.40318,106.2269011087468,43.789898,106.2269011087468,69.058685,106.2269011087468,0.0,106.2269011087468
squeezed_Hải Dương,2016-09-01,104.155,108.1308097211334,100.40318,108.1308097211334,43.789898,108.1308097211334,69.058685,108.1308097211334,0.0,108.1308097211334,0.0,108.1308097211334
squeezed_Hải Dương,2016-10-01,100.40318,104.1550005599731,43.789898,104.1550005599731,69.058685,104.1550005599731,0.0,104.1550005599731,0.0,104.1550005599731,74.08408,104.1550005599731
squeezed_Hải Dương,2016-11-01,43.789898,100.4031806473289,69.058685,100.4031806473289,0.0,100.4031806473289,0.0,100.4031806473289,74.08408,100.4031806473289,0.0,100.4031806473289
squeezed_Hải Dương,2016-12-01,69.058685,43.78989808489192,0.0,43.78989808489192,0.0,43.78989808489192,74.08408,43.78989808489192,0.0,43.78989808489192,0.0,43.78989808489192
squeezed_Hải Dương,2017-01-01,0.0,69.05868367016103,0.0,69.05868367016103,74.08408,69.05868367016103,0.0,69.05868367016103,0.0,69.05868367016103,76.353615,69.05868367016103
squeezed_Hải Dương,2017-02-01,0.0,0.0,74.08408,0.0,0.0,0.0,0.0,0.0,76.353615,0.0,87.917435,0.0
squeezed_Hải Dương,2017-03-01,74.08408,0.0,0.0,0.0,0.0,0.0,76.353615,0.0,87.917435,0.0,0.0,0.0
squeezed_Hải Dương,2017-04-01,0.0,74.08408083864693,0.0,74.08408083864693,76.353615,74.08408083864693,87.917435,74.08408083864693,0.0,74.08408083864693,80.67654,74.08408083864693
squeezed_Hải Dương,2017-05-01,0.0,0.0,76.353615,0.0,87.917435,0.0,0.0,0.0,80.67654,0.0,75.21885,0.0
squeezed_Hải Dương,2017-06-01,76.353615,0.0,87.917435,0.0,0.0,0.0,80.67654,0.0,75.21885,0.0,83.86469,0.0
squeezed_Hải Dương,2017-07-01,87.917435,76.3536150437696,0.0,76.3536150437696,80.67654,76.3536150437696,75.21885,76.3536150437696,83.86469,76.3536150437696,72.00298,76.3536150437696
squeezed_Hải Dương,2017-08-01,0.0,87.9174321841565,80.67654,87.9174321841565,75.21885,87.9174321841565,83.86469,87.9174321841565,72.00298,87.9174321841565,70.61831,87.9174321841565
squeezed_Hải Dương,2017-09-01,80.67654,0.0,75.21885,0.0,83.86469,0.0,72.00298,0.0,70.61831,0.0,0.0,0.0
squeezed_Hải Dương,2017-10-01,75.21885,80.67653733924132,83.86469,80.67653733924132,72.00298,80.67653733924132,70.61831,80.67653733924132,0.0,80.67653733924132,68.27502,80.67653733924132
squeezed_Hải Dương,2017-11-01,83.86469,75.21884794120825,72.00298,75.21884794120825,70.61831,75.21884794120825,0.0,75.21884794120825,68.27502,75.21884794120825,68.1685,75.21884794120825
squeezed_Hải Dương,2017-12-01,72.00298,83.86469253215174,70.61831,83.86469253215174,0.0,83.86469253215174,68.27502,83.86469253215174,68.1685,83.86469253215174,0.0,83.86469253215174
squeezed_Hải Phòng,2016-01-01,24.182148,31.25,28.018982,31.25,24.888933,31.25,25.39378,31.25,26.201534,31.25,27.009289,31.25
squeezed_Hải Phòng,2016-02-01,28.018982,24.18214862681745,24.888933,24.18214862681745,25.39378,24.18214862681745,26.201534,24.18214862681745,27.009289,24.18214862681745,28.877222,24.18214862681745
squeezed_Hải Phòng,2016-03-01,24.888933,28.01898222940226,25.39378,28.01898222940226,26.201534,28.01898222940226,27.009289,28.01898222940226,28.877222,28.01898222940226,31.9063,28.01898222940226
squeezed_Hải Phòng,2016-04-01,25.39378,24.8889337641357,26.201534,24.8889337641357,27.009289,24.8889337641357,28.877222,24.8889337641357,31.9063,24.8889337641357,18.527868,24.8889337641357
squeezed_Hải Phòng,2016-05-01,26.201534,25.3937802907916,27.009289,25.3937802907916,28.877222,25.3937802907916,31.9063,25.3937802907916,18.527868,25.3937802907916,17.417206,25.3937802907916
squeezed_Hải Phòng,2016-06-01,27.009289,26.20153473344103,28.877222,26.20153473344103,31.9063,26.20153473344103,18.527868,26.20153473344103,17.417206,26.20153473344103,22.718094,26.20153473344103
squeezed_Hải Phòng,2016-07-01,28.877222,27.00928917609047,31.9063,27.00928917609047,18.527868,27.00928917609047,17.417206,27.00928917609047,22.718094,27.00928917609047,0.0,27.00928917609047
squeezed_Hải Phòng,2016-08-01,31.9063,28.87722132471729,18.527868,28.87722132471729,17.417206,28.87722132471729,22.718094,28.87722132471729,0.0,28.87722132471729,0.0,28.87722132471729
squeezed_Hải Phòng,2016-09-01,18.527868,31.90630048465267,17.417206,31.90630048465267,22.718094,31.90630048465267,0.0,31.90630048465267,0.0,31.90630048465267,0.0,31.90630048465267
squeezed_Hải Phòng,2016-10-01,17.417206,18.5278675282714,22.718094,18.5278675282714,0.0,18.5278675282714,0.0,18.5278675282714,0.0,18.5278675282714,0.0,18.5278675282714
squeezed_Hải Phòng,2016-11-01,22.718094,17.41720516962843,0.0,17.41720516962843,0.0,17.41720516962843,0.0,17.41720516962843,0.0,17.41720516962843,0.0,17.41720516962843
squeezed_Hải Phòng,2016-12-01,0.0,22.71809369951535,0.0,22.71809369951535,0.0,22.71809369951535,0.0,22.71809369951535,0.0,22.71809369951535,0.0,22.71809369951535
squeezed_Hải Phòng,2017-01-01,0.0,0.0,0.0,0.0,0.0,0.0,0.0,0.0,0.0,0.0,0.0,0.0
squeezed_Hải Phòng,2017-02-01,0.0,0.0,0.0,0.0,0.0,0.0,0.0,0.0,0.0,0.0,0.0,0.0
squeezed_Hải Phòng,2017-03-01,0.0,0.0,0.0,0.0,0.0,0.0,0.0,0.0,0.0,0.0,0.0,0.0
squeezed_Hải Phòng,2017-04-01,0.0,0.0,0.0,0.0,0.0,0.0,0.0,0.0,0.0,0.0,0.0,0.0
squeezed_Hải Phòng,2017-05-01,0.0,0.0,0.0,0.0,0.0,0.0,0.0,0.0,0.0,0.0,0.0,0.0
squeezed_Hải Phòng,2017-06-01,0.0,0.0,0.0,0.0,0.0,0.0,0.0,0.0,0.0,0.0,0.0,0.0
squeezed_Hải Phòng,2017-07-01,0.0,0.0,0.0,0.0,0.0,0.0,0.0,0.0,0.0,0.0,0.0,0.0
squeezed_Hải Phòng,2017-08-01,0.0,0.0,0.0,0.0,0.0,0.0,0.0,0.0,0.0,0.0,0.0,0.0
squeezed_Hải Phòng,2017-09-01,0.0,0.0,0.0,0.0,0.0,0.0,0.0,0.0,0.0,0.0,0.0,0.0
squeezed_Hải Phòng,2017-10-01,0.0,0.0,0.0,0.0,0.0,0.0,0.0,0.0,0.0,0.0,0.0,0.0
squeezed_Hải Phòng,2017-11-01,0.0,0.0,0.0,0.0,0.0,0.0,0.0,0.0,0.0,0.0,0.0,0.0
squeezed_Hải Phòng,2017-12-01,0.0,0.0,0.0,0.0,0.0,0.0,0.0,0.0,0.0,0.0,0.0,0.0
squeezed_Khánh Hòa,2016-01-01,91.20119,86.58757620695337,100.67557,86.58757620695337,118.14137,86.58757620695337,111.13857,86.58757620695337,105.042015,86.58757620695337,125.14417,86.58757620695337
squeezed_Khánh Hòa,2016-02-01,100.67557,91.2011863568957,118.14137,91.2011863568957,111.13857,91.2011863568957,105.042015,91.2011863568957,125.14417,91.2011863568957,129.0987,91.2011863568957
squeezed_Khánh Hòa,2016-03-01,118.14137,100.6755643433844,111.13857,100.6755643433844,105.042015,100.6755643433844,125.14417,100.6755643433844,129.0987,100.6755643433844,104.05338,100.6755643433844
squeezed_Khánh Hòa,2016-04-01,111.13857,118.1413741967375,105.042015,118.1413741967375,125.14417,118.1413741967375,129.0987,118.1413741967375,104.05338,118.1413741967375,123.826004,118.1413741967375
squeezed_Khánh Hòa,2016-05-01,105.042015,111.1385730762893,125.14417,111.1385730762893,129.0987,111.1385730762893,104.05338,111.1385730762893,123.826004,111.1385730762893,133.95947,111.1385730762893
squeezed_Khánh Hòa,2016-06-01,125.14417,105.0420168067227,129.0987,105.0420168067227,104.05338,105.0420168067227,123.826004,105.0420168067227,133.95947,105.0420168067227,133.95947,105.0420168067227
squeezed_Khánh Hòa,2016-07-01,129.0987,125.1441753171857,104.05338,125.1441753171857,123.826004,125.1441753171857,133.95947,125.1441753171857,133.95947,125.1441753171857,116.41865,125.1441753171857
squeezed_Khánh Hòa,2016-08-01,104.05338,129.0986983028506,123.826004,129.0986983028506,133.95947,129.0986983028506,133.95947,129.0986983028506,116.41865,129.0986983028506,147.24986,129.0986983028506
squeezed_Khánh Hòa,2016-09-01,123.826004,104.0533860603065,133.95947,104.0533860603065,133.95947,104.0533860603065,116.41865,104.0533860603065,147.24986,104.0533860603065,0.0,104.0533860603065
squeezed_Khánh Hòa,2016-10-01,133.95947,123.8260009886308,133.95947,123.8260009886308,116.41865,123.8260009886308,147.24986,123.8260009886308,0.0,123.8260009886308,0.0,123.8260009886308
squeezed_Khánh Hòa,2016-11-01,133.95947,133.9594661393969,116.41865,133.9594661393969,147.24986,133.9594661393969,0.0,133.9594661393969,0.0,133.9594661393969,123.90035,133.9594661393969
squeezed_Khánh Hòa,2016-12-01,116.41865,133.9594661393969,147.24986,133.9594661393969,0.0,133.9594661393969,0.0,133.9594661393969,123.90035,133.9594661393969,0.0,133.9594661393969
squeezed_Khánh Hòa,2017-01-01,147.24986,116.4186467154485,0.0,116.4186467154485,0.0,116.4186467154485,123.90035,116.4186467154485,0.0,116.4186467154485,0.0,116.4186467154485
squeezed_Khánh Hòa,2017-02-01,0.0,147.2498561210228,0.0,147.2498561210228,123.90035,147.2498561210228,0.0,147.2498561210228,0.0,147.2498561210228,0.0,147.2498561210228
squeezed_Khánh Hòa,2017-03-01,0.0,0.0,123.90035,0.0,0.0,0.0,0.0,0.0,0.0,0.0,0.0,0.0
squeezed_Khánh Hòa,2017-04-01,123.90035,0.0,0.0,0.0,0.0,0.0,0.0,0.0,0.0,0.0,0.0,0.0
squeezed_Khánh Hòa,2017-05-01,0.0,123.9003535312012,0.0,123.9003535312012,0.0,123.9003535312012,0.0,123.9003535312012,0.0,123.9003535312012,0.0,123.9003535312012
squeezed_Khánh Hòa,2017-06-01,0.0,0.0,0.0,0.0,0.0,0.0,0.0,0.0,0.0,0.0,0.0,0.0
squeezed_Khánh Hòa,2017-07-01,0.0,0.0,0.0,0.0,0.0,0.0,0.0,0.0,0.0,0.0,158.35034,0.0
squeezed_Khánh Hòa,2017-08-01,0.0,0.0,0.0,0.0,0.0,0.0,0.0,0.0,158.35034,0.0,130.25725,0.0
squeezed_Khánh Hòa,2017-09-01,0.0,0.0,0.0,0.0,0.0,0.0,158.35034,0.0,130.25725,0.0,130.17558,0.0
squeezed_Khánh Hòa,2017-10-01,0.0,0.0,0.0,0.0,158.35034,0.0,130.25725,0.0,130.17558,0.0,121.437325,0.0
squeezed_Khánh Hòa,2017-11-01,0.0,0.0,158.35034,0.0,130.25725,0.0,130.17558,0.0,121.437325,0.0,0.0,0.0
squeezed_Khánh Hòa,2017-12-01,158.35034,0.0,130.25725,0.0,130.17558,0.0,121.437325,0.0,0.0,0.0,135.48387,0.0
squeezed_Kiên Giang,2016-01-01,11.087972,6.303821691900715,6.922947,6.303821691900715,6.810379,6.303821691900715,7.0355153,6.303821691900715,14.74644,6.303821691900715,11.425676,6.303821691900715
squeezed_Kiên Giang,2016-02-01,6.922947,11.08797208307536,6.810379,11.08797208307536,7.0355153,11.08797208307536,14.74644,11.08797208307536,11.425676,11.08797208307536,16.603817,11.08797208307536
squeezed_Kiên Giang,2016-03-01,6.810379,6.922947036640964,7.0355153,6.922947036640964,14.74644,6.922947036640964,11.425676,6.922947036640964,16.603817,6.922947036640964,17.054089,6.922947036640964
squeezed_Kiên Giang,2016-04-01,7.0355153,6.810378792142736,14.74644,6.810378792142736,11.425676,6.810378792142736,16.603817,6.810378792142736,17.054089,6.810378792142736,9.399448,6.810378792142736
squeezed_Kiên Giang,2016-05-01,14.74644,7.03551528113919,11.425676,7.03551528113919,16.603817,7.03551528113919,17.054089,7.03551528113919,9.399448,7.03551528113919,13.451905,7.03551528113919
squeezed_Kiên Giang,2016-06-01,11.425676,14.74644002926774,16.603817,14.74644002926774,17.054089,14.74644002926774,9.399448,14.74644002926774,13.451905,14.74644002926774,13.451905,14.74644002926774
squeezed_Kiên Giang,2016-07-01,16.603817,11.42567681657004,17.054089,11.42567681657004,9.399448,11.42567681657004,13.451905,11.42567681657004,13.451905,11.42567681657004,10.391733,11.42567681657004
squeezed_Kiên Giang,2016-08-01,17.054089,16.60381606348849,9.399448,16.60381606348849,13.451905,16.60381606348849,13.451905,16.60381606348849,10.391733,16.60381606348849,7.9981318,16.60381606348849
squeezed_Kiên Giang,2016-09-01,9.399448,17.0540890414814,13.451905,17.0540890414814,13.451905,17.0540890414814,10.391733,17.0540890414814,7.9981318,17.0540890414814,8.348415,17.0540890414814
squeezed_Kiên Giang,2016-10-01,13.451905,9.39944841560196,13.451905,9.39944841560196,10.391733,9.39944841560196,7.9981318,9.39944841560196,8.348415,9.39944841560196,7.8229904,9.39944841560196
squeezed_Kiên Giang,2016-11-01,13.451905,13.45190521753813,10.391733,13.45190521753813,7.9981318,13.45190521753813,8.348415,13.45190521753813,7.8229904,13.45190521753813,8.348415,13.45190521753813
squeezed_Kiên Giang,2016-12-01,10.391733,13.45190521753813,7.9981318,13.45190521753813,8.348415,13.45190521753813,7.8229904,13.45190521753813,8.348415,13.45190521753813,11.325822,13.45190521753813
squeezed_Kiên Giang,2017-01-01,7.9981318,10.39173331776519,8.348415,10.39173331776519,7.8229904,10.39173331776519,8.348415,10.39173331776519,11.325822,10.39173331776519,15.120556,10.39173331776519
squeezed_Kiên Giang,2017-02-01,8.348415,7.998131823223773,7.8229904,7.998131823223773,8.348415,7.998131823223773,11.325822,7.998131823223773,15.120556,7.998131823223773,13.135618,7.998131823223773
squeezed_Kiên Giang,2017-03-01,7.8229904,8.34841496876642,8.348415,8.34841496876642,11.325822,8.34841496876642,15.120556,8.34841496876642,13.135618,8.34841496876642,14.770272,8.34841496876642
squeezed_Kiên Giang,2017-04-01,8.348415,7.822990250452448,11.325822,7.822990250452448,15.120556,7.822990250452448,13.135618,7.822990250452448,14.770272,7.822990250452448,10.742017,7.822990250452448
squeezed_Kiên Giang,2017-05-01,11.325822,8.34841496876642,15.120556,8.34841496876642,13.135618,8.34841496876642,14.770272,8.34841496876642,10.742017,8.34841496876642,11.267441,8.34841496876642
squeezed_Kiên Giang,2017-06-01,15.120556,11.32582170587892,13.135618,11.32582170587892,14.770272,11.32582170587892,10.742017,11.32582170587892,11.267441,11.32582170587892,13.427521,11.32582170587892
squeezed_Kiên Giang,2017-07-01,13.135618,15.12055578259093,14.770272,15.12055578259093,10.742017,15.12055578259093,11.267441,15.12055578259093,13.427521,15.12055578259093,8.497759,15.12055578259093
squeezed_Kiên Giang,2017-08-01,14.770272,13.13561795784926,10.742017,13.13561795784926,11.267441,13.13561795784926,13.427521,13.13561795784926,8.497759,13.13561795784926,6.3442173,13.13561795784926
squeezed_Kiên Giang,2017-09-01,10.742017,14.77027263704828,11.267441,14.77027263704828,13.427521,14.77027263704828,8.497759,14.77027263704828,6.3442173,14.77027263704828,9.370816,14.77027263704828
squeezed_Kiên Giang,2017-10-01,11.267441,10.74201646330784,13.427521,10.74201646330784,8.497759,10.74201646330784,6.3442173,10.74201646330784,9.370816,10.74201646330784,5.9367905,10.74201646330784
squeezed_Kiên Giang,2017-11-01,13.427521,11.26744118162181,8.497759,11.26744118162181,6.3442173,11.26744118162181,9.370816,11.26744118162181,5.9367905,11.26744118162181,4.830918,11.26744118162181
squeezed_Kiên Giang,2017-12-01,8.497759,13.4275205791348,6.3442173,13.4275205791348,9.370816,13.4275205791348,5.9367905,13.4275205791348,4.830918,13.4275205791348,3.8996565,13.4275205791348
squeezed_Kon Tum,2016-01-01,184.52147,178.8105553367467,242.6152,178.8105553367467,156.36078,178.8105553367467,193.974,178.8105553367467,172.90273,178.8105553367467,169.75188,178.8105553367467
squeezed_Kon Tum,2016-02-01,242.6152,184.5214651437574,156.36078,184.5214651437574,193.974,184.5214651437574,172.90273,184.5214651437574,169.75188,184.5214651437574,207.75896,184.5214651437574
squeezed_Kon Tum,2016-03-01,156.36078,242.6152028357621,193.974,242.6152028357621,172.90273,242.6152028357621,169.75188,242.6152028357621,207.75896,242.6152028357621,244.7814,242.6152028357621
squeezed_Kon Tum,2016-04-01,193.974,156.3607719574636,172.90273,156.3607719574636,169.75188,156.3607719574636,207.75896,156.3607719574636,244.7814,156.3607719574636,218.39307,156.3607719574636
squeezed_Kon Tum,2016-05-01,172.90273,193.9740055139819,169.75188,193.9740055139819,207.75896,193.9740055139819,244.7814,193.9740055139819,218.39307,193.9740055139819,220.16542,193.9740055139819
squeezed_Kon Tum,2016-06-01,169.75188,172.9027176053564,207.75896,172.9027176053564,244.7814,172.9027176053564,218.39307,172.9027176053564,220.16542,172.9027176053564,56.32139,172.9027176053564
squeezed_Kon Tum,2016-07-01,207.75896,169.7518708152816,244.7814,169.7518708152816,218.39307,169.7518708152816,220.16542,169.7518708152816,56.32139,169.7518708152816,153.6243,169.7518708152816
squeezed_Kon Tum,2016-08-01,244.7814,207.7589602205593,218.39307,207.7589602205593,220.16542,207.7589602205593,56.32139,207.7589602205593,153.6243,207.7589602205593,130.16728,207.7589602205593
squeezed_Kon Tum,2016-09-01,218.39307,244.7814100039385,220.16542,244.7814100039385,56.32139,244.7814100039385,153.6243,244.7814100039385,130.16728,244.7814100039385,146.89482,244.7814100039385
squeezed_Kon Tum,2016-10-01,220.16542,218.3930681370618,56.32139,218.3930681370618,153.6243,218.3930681370618,130.16728,218.3930681370618,146.89482,218.3930681370618,149.39435,218.3930681370618
squeezed_Kon Tum,2016-11-01,56.32139,220.1654194564789,153.6243,220.1654194564789,130.16728,220.1654194564789,146.89482,220.1654194564789,149.39435,220.1654194564789,133.2436,220.1654194564789
squeezed_Kon Tum,2016-12-01,153.6243,56.32138637258763,130.16728,56.32138637258763,146.89482,56.32138637258763,149.39435,56.32138637258763,133.2436,56.32138637258763,166.31416,56.32138637258763
squeezed_Kon Tum,2017-01-01,130.16728,153.6243030186502,146.89482,153.6243030186502,149.39435,153.6243030186502,133.2436,153.6243030186502,166.31416,153.6243030186502,171.3132,153.6243030186502
squeezed_Kon Tum,2017-02-01,146.89482,130.1672755239377,149.39435,130.1672755239377,133.2436,130.1672755239377,166.31416,130.1672755239377,171.3132,130.1672755239377,172.46683,130.1672755239377
squeezed_Kon Tum,2017-03-01,149.39435,146.8948279177081,133.2436,146.8948279177081,166.31416,146.8948279177081,171.3132,146.8948279177081,172.46683,146.8948279177081,230.91713,146.8948279177081
squeezed_Kon Tum,2017-04-01,133.2436,149.3943472409152,166.31416,149.3943472409152,171.3132,149.3943472409152,172.46683,149.3943472409152,230.91713,149.3943472409152,218.6118,149.3943472409152
squeezed_Kon Tum,2017-05-01,166.31416,133.2436069986541,171.3132,133.2436069986541,172.46683,133.2436069986541,230.91713,133.2436069986541,218.6118,133.2436069986541,181.50356,133.2436069986541
squeezed_Kon Tum,2017-06-01,171.3132,166.3141703518554,172.46683,166.3141703518554,230.91713,166.3141703518554,218.6118,166.3141703518554,181.50356,166.3141703518554,181.69583,166.3141703518554
squeezed_Kon Tum,2017-07-01,172.46683,171.3132089982696,230.91713,171.3132089982696,218.6118,171.3132089982696,181.50356,171.3132089982696,181.69583,171.3132089982696,0.0,171.3132089982696
squeezed_Kon Tum,2017-08-01,230.91713,172.4668333012882,218.6118,172.4668333012882,181.50356,172.4668333012882,181.69583,172.4668333012882,0.0,172.4668333012882,0.0,172.4668333012882
squeezed_Kon Tum,2017-09-01,218.6118,230.9171313208998,181.50356,230.9171313208998,181.69583,230.9171313208998,0.0,230.9171313208998,0.0,230.9171313208998,0.0,230.9171313208998
squeezed_Kon Tum,2017-10-01,181.50356,218.6118054220342,181.69583,218.6118054220342,0.0,218.6118054220342,0.0,218.6118054220342,0.0,218.6118054220342,0.0,218.6118054220342
squeezed_Kon Tum,2017-11-01,181.69583,181.5035570082676,0.0,181.5035570082676,0.0,181.5035570082676,0.0,181.5035570082676,0.0,181.5035570082676,0.0,181.5035570082676
squeezed_Kon Tum,2017-12-01,0.0,181.6958277254374,0.0,181.6958277254374,0.0,181.6958277254374,0.0,181.6958277254374,0.0,181.6958277254374,0.0,181.6958277254374
squeezed_Lai Châu,2016-01-01,278.89908,299.0825688073394,342.66055,299.0825688073394,309.63303,299.0825688073394,234.86238,299.0825688073394,254.81651,299.0825688073394,231.42201,299.0825688073394
squeezed_Lai Châu,2016-02-01,342.66055,278.8990825688073,309.63303,278.8990825688073,234.86238,278.8990825688073,254.81651,278.8990825688073,231.42201,278.8990825688073,303.66974,278.8990825688073
squeezed_Lai Châu,2016-03-01,309.63303,342.6605504587156,234.86238,342.6605504587156,254.81651,342.6605504587156,231.42201,342.6605504587156,303.66974,342.6605504587156,291.97247,342.6605504587156
squeezed_Lai Châu,2016-04-01,234.86238,309.6330275229358,254.81651,309.6330275229358,231.42201,309.6330275229358,303.66974,309.6330275229358,291.97247,309.6330275229358,263.76147,309.6330275229358
squeezed_Lai Châu,2016-05-01,254.81651,234.8623853211009,231.42201,234.8623853211009,303.66974,234.8623853211009,291.97247,234.8623853211009,263.76147,234.8623853211009,285.09174,234.8623853211009
squeezed_Lai Châu,2016-06-01,231.42201,254.8165137614679,303.66974,254.8165137614679,291.97247,254.8165137614679,263.76147,254.8165137614679,285.09174,254.8165137614679,229.12843,254.8165137614679
squeezed_Lai Châu,2016-07-01,303.66974,231.4220183486239,291.97247,231.4220183486239,263.76147,231.4220183486239,285.09174,231.4220183486239,229.12843,231.4220183486239,157.25534,231.4220183486239
squeezed_Lai Châu,2016-08-01,291.97247,303.6697247706422,263.76147,303.6697247706422,285.09174,303.6697247706422,229.12843,303.6697247706422,157.25534,303.6697247706422,0.0,303.6697247706422
squeezed_Lai Châu,2016-09-01,263.76147,291.9724770642202,285.09174,291.9724770642202,229.12843,291.9724770642202,157.25534,291.9724770642202,0.0,291.9724770642202,247.01912,291.9724770642202
squeezed_Lai Châu,2016-10-01,285.09174,263.7614678899083,229.12843,263.7614678899083,157.25534,263.7614678899083,0.0,263.7614678899083,247.01912,263.7614678899083,182.67717,263.7614678899083
squeezed_Lai Châu,2016-11-01,229.12843,285.0917431192661,157.25534,285.0917431192661,0.0,285.0917431192661,247.01912,285.0917431192661,182.67717,285.0917431192661,197.97525,285.0917431192661
squeezed_Lai Châu,2016-12-01,157.25534,229.1284403669725,0.0,229.1284403669725,247.01912,229.1284403669725,182.67717,229.1284403669725,197.97525,229.1284403669725,205.39932,229.1284403669725
squeezed_Lai Châu,2017-01-01,0.0,157.2553430821147,247.01912,157.2553430821147,182.67717,157.2553430821147,197.97525,157.2553430821147,205.39932,157.2553430821147,263.44208,157.2553430821147
squeezed_Lai Châu,2017-02-01,247.01912,0.0,182.67717,0.0,197.97525,0.0,205.39932,0.0,263.44208,0.0,0.0,0.0
squeezed_Lai Châu,2017-03-01,182.67717,247.0191226096738,197.97525,247.0191226096738,205.39932,247.0191226096738,263.44208,247.0191226096738,0.0,247.0191226096738,383.57706,247.0191226096738
squeezed_Lai Châu,2017-04-01,197.97525,182.6771653543307,205.39932,182.6771653543307,263.44208,182.6771653543307,0.0,182.6771653543307,383.57706,182.6771653543307,266.3667,182.6771653543307
squeezed_Lai Châu,2017-05-01,205.39932,197.9752530933633,263.44208,197.9752530933633,0.0,197.9752530933633,383.57706,197.9752530933633,266.3667,197.9752530933633,257.5928,197.9752530933633
squeezed_Lai Châu,2017-06-01,263.44208,205.3993250843645,0.0,205.3993250843645,383.57706,205.3993250843645,266.3667,205.3993250843645,257.5928,205.3993250843645,217.09787,205.3993250843645
squeezed_Lai Châu,2017-07-01,0.0,263.4420697412824,383.57706,263.4420697412824,266.3667,263.4420697412824,257.5928,263.4420697412824,217.09787,263.4420697412824,216.5858,263.4420697412824
squeezed_Lai Châu,2017-08-01,383.57706,0.0,266.3667,0.0,257.5928,0.0,217.09787,0.0,216.5858,0.0,203.573,0.0
squeezed_Lai Châu,2017-09-01,266.3667,383.5770528683914,257.5928,383.5770528683914,217.09787,383.5770528683914,216.5858,383.5770528683914,203.573,383.5770528683914,189.01633,383.5770528683914
squeezed_Lai Châu,2017-10-01,257.5928,266.3667041619798,217.09787,266.3667041619798,216.5858,266.3667041619798,203.573,266.3667041619798,189.01633,266.3667041619798,166.07852,266.3667041619798
squeezed_Lai Châu,2017-11-01,217.09787,257.5928008998875,216.5858,257.5928008998875,203.573,257.5928008998875,189.01633,257.5928008998875,166.07852,257.5928008998875,184.1641,257.5928008998875
squeezed_Lai Châu,2017-12-01,216.5858,217.0978627671541,203.573,217.0978627671541,189.01633,217.0978627671541,166.07852,217.0978627671541,184.1641,217.0978627671541,147.77238,217.0978627671541
squeezed_Long An,2016-01-01,140.21199,132.1615456863008,172.01128,132.1615456863008,148.66496,132.1615456863008,132.29572,132.1615456863008,132.29572,132.1615456863008,135.65007,132.1615456863008
squeezed_Long An,2016-02-01,172.01128,140.2119951697303,148.66496,140.2119951697303,132.29572,140.2119951697303,132.29572,140.2119951697303,135.65007,140.2119951697303,131.69194,140.2119951697303
squeezed_Long An,2016-03-01,148.66496,172.0112706292768,132.29572,172.0112706292768,132.29572,172.0112706292768,135.65007,172.0112706292768,131.69194,172.0112706292768,161.27734,172.0112706292768
squeezed_Long An,2016-04-01,132.29572,148.6649671273313,132.29572,148.6649671273313,135.65007,148.6649671273313,131.69194,148.6649671273313,161.27734,148.6649671273313,178.51872,148.6649671273313
squeezed_Long An,2016-05-01,132.29572,132.295719844358,135.65007,132.295719844358,131.69194,132.295719844358,161.27734,132.295719844358,178.51872,132.295719844358,155.7762,132.295719844358
squeezed_Long An,2016-06-01,135.65007,132.295719844358,131.69194,132.295719844358,161.27734,132.295719844358,178.51872,132.295719844358,155.7762,132.295719844358,67.690865,132.295719844358
squeezed_Long An,2016-07-01,131.69194,135.6500737957869,161.27734,135.6500737957869,178.51872,135.6500737957869,155.7762,135.6500737957869,67.690865,135.6500737957869,135.35463,135.6500737957869
squeezed_Long An,2016-08-01,161.27734,131.6919361331008,178.51872,131.6919361331008,155.7762,131.6919361331008,67.690865,131.6919361331008,135.35463,131.6919361331008,144.73921,131.6919361331008
squeezed_Long An,2016-09-01,178.51872,161.2773379847042,155.7762,161.2773379847042,67.690865,161.2773379847042,135.35463,161.2773379847042,144.73921,161.2773379847042,167.0577,161.2773379847042
squeezed_Long An,2016-10-01,155.7762,178.518717295049,67.690865,178.518717295049,135.35463,178.518717295049,144.73921,178.518717295049,167.0577,178.518717295049,121.51838,178.518717295049
squeezed_Long An,2016-11-01,67.690865,155.7761975043607,135.35463,155.7761975043607,144.73921,155.7761975043607,167.0577,155.7761975043607,121.51838,155.7761975043607,120.97696,155.7761975043607
squeezed_Long An,2016-12-01,135.35463,67.6908627398363,144.73921,67.6908627398363,167.0577,67.6908627398363,121.51838,67.6908627398363,120.97696,67.6908627398363,137.27968,67.6908627398363
squeezed_Long An,2017-01-01,144.73921,135.3546291283162,167.0577,135.3546291283162,121.51838,135.3546291283162,120.97696,135.3546291283162,137.27968,135.3546291283162,108.644646,135.3546291283162
squeezed_Long An,2017-02-01,167.0577,144.7392167478795,121.51838,144.7392167478795,120.97696,144.7392167478795,137.27968,144.7392167478795,108.644646,144.7392167478795,110.20875,144.7392167478795
squeezed_Long An,2017-03-01,121.51838,167.0576911508151,120.97696,167.0576911508151,137.27968,167.0576911508151,108.644646,167.0576911508151,110.20875,167.0576911508151,121.93948,167.0576911508151
squeezed_Long An,2017-04-01,120.97696,121.518378150755,137.27968,121.518378150755,108.644646,121.518378150755,110.20875,121.518378150755,121.93948,121.518378150755,121.75901,121.518378150755
squeezed_Long An,2017-05-01,137.27968,120.9769596342417,108.644646,120.9769596342417,110.20875,120.9769596342417,121.93948,120.9769596342417,121.75901,120.9769596342417,136.79842,120.9769596342417
squeezed_Long An,2017-06-01,108.644646,137.2796727425856,110.20875,137.2796727425856,121.93948,137.2796727425856,121.75901,137.2796727425856,136.79842,137.2796727425856,124.34579,137.2796727425856
squeezed_Long An,2017-07-01,110.20875,108.6446489803285,121.93948,108.6446489803285,121.75901,108.6446489803285,136.79842,108.6446489803285,124.34579,108.6446489803285,119.12562,108.6446489803285
squeezed_Long An,2017-08-01,121.93948,110.2087469169223,121.75901,110.2087469169223,136.79842,110.2087469169223,124.34579,110.2087469169223,119.12562,110.2087469169223,108.463875,110.2087469169223
squeezed_Long An,2017-09-01,121.75901,121.9394814413764,136.79842,121.9394814413764,124.34579,121.9394814413764,119.12562,121.9394814413764,108.463875,121.9394814413764,109.65513,121.9394814413764
squeezed_Long An,2017-10-01,136.79842,121.7590086025387,124.34579,121.7590086025387,119.12562,121.7590086025387,108.463875,121.7590086025387,109.65513,121.7590086025387,108.046936,121.7590086025387
squeezed_Long An,2017-11-01,124.34579,136.7984118390182,119.12562,136.7984118390182,108.463875,136.7984118390182,109.65513,136.7984118390182,108.046936,136.7984118390182,97.74257,136.7984118390182
squeezed_Long An,2017-12-01,119.12562,124.3457859592131,108.463875,124.3457859592131,109.65513,124.3457859592131,108.046936,124.3457859592131,97.74257,124.3457859592131,89.0464,124.3457859592131
squeezed_Lào Cai,2016-01-01,263.3348,313.020604997808,246.9677,313.020604997808,290.51587,313.020604997808,279.4096,313.020604997808,287.3009,313.020604997808,246.9677,313.020604997808
squeezed_Lào Cai,2016-02-01,246.9677,263.3347946806956,290.51587,263.3347946806956,279.4096,263.3347946806956,287.3009,263.3347946806956,246.9677,263.3347946806956,172.00058,263.3347946806956
squeezed_Lào Cai,2016-03-01,290.51587,246.9677042232939,279.4096,246.9677042232939,287.3009,246.9677042232939,246.9677,246.9677042232939,172.00058,246.9677042232939,226.07043,246.9677042232939
squeezed_Lào Cai,2016-04-01,279.4096,290.5158556188806,287.3009,290.5158556188806,246.9677,290.5158556188806,172.00058,290.5158556188806,226.07043,290.5158556188806,287.7393,290.5158556188806
squeezed_Lào Cai,2016-05-01,287.3009,279.4096156656437,246.9677,279.4096156656437,172.00058,279.4096156656437,226.07043,279.4096156656437,287.7393,279.4096156656437,269.03406,279.4096156656437
squeezed_Lào Cai,2016-06-01,246.9677,287.300891421891,172.00058,287.300891421891,226.07043,287.300891421891,287.7393,287.300891421891,269.03406,287.300891421891,238.63803,287.300891421891
squeezed_Lào Cai,2016-07-01,172.00058,246.9677042232939,226.07043,246.9677042232939,287.7393,246.9677042232939,269.03406,246.9677042232939,238.63803,246.9677042232939,161.30399,246.9677042232939
squeezed_Lào Cai,2016-08-01,226.07043,172.0005845389449,287.7393,172.0005845389449,269.03406,172.0005845389449,238.63803,172.0005845389449,161.30399,172.0005845389449,0.0,172.0005845389449
squeezed_Lào Cai,2016-09-01,287.7393,226.0704369428614,269.03406,226.0704369428614,238.63803,226.0704369428614,161.30399,226.0704369428614,0.0,226.0704369428614,0.0,226.0704369428614
squeezed_Lào Cai,2016-10-01,269.03406,287.7392956305714,238.63803,287.7392956305714,161.30399,287.7392956305714,0.0,287.7392956305714,0.0,287.7392956305714,0.0,287.7392956305714
squeezed_Lào Cai,2016-11-01,238.63803,269.0340493935408,161.30399,269.0340493935408,0.0,269.0340493935408,0.0,269.0340493935408,0.0,269.0340493935408,165.53767,269.0340493935408
squeezed_Lào Cai,2016-12-01,161.30399,238.6380242583662,0.0,238.6380242583662,0.0,238.6380242583662,0.0,238.6380242583662,165.53767,238.6380242583662,146.62715,238.6380242583662
squeezed_Lào Cai,2017-01-01,0.0,161.3039796782388,0.0,161.3039796782388,0.0,161.3039796782388,165.53767,161.3039796782388,146.62715,161.3039796782388,147.89726,161.3039796782388
squeezed_Lào Cai,2017-02-01,0.0,0.0,0.0,0.0,165.53767,0.0,146.62715,0.0,147.89726,0.0,172.59384,0.0
squeezed_Lào Cai,2017-03-01,0.0,0.0,165.53767,0.0,146.62715,0.0,147.89726,0.0,172.59384,0.0,206.1812,0.0
squeezed_Lào Cai,2017-04-01,165.53767,0.0,146.62715,0.0,147.89726,0.0,172.59384,0.0,206.1812,0.0,229.04318,0.0
squeezed_Lào Cai,2017-05-01,146.62715,165.5376799322608,147.89726,165.5376799322608,172.59384,165.5376799322608,206.1812,165.5376799322608,229.04318,165.5376799322608,180.21451,165.5376799322608
squeezed_Lào Cai,2017-06-01,147.89726,146.6271521309625,172.59384,146.6271521309625,206.1812,146.6271521309625,229.04318,146.6271521309625,180.21451,146.6271521309625,0.0,146.6271521309625
squeezed_Lào Cai,2017-07-01,172.59384,147.8972622071691,206.1812,147.8972622071691,229.04318,147.8972622071691,180.21451,147.8972622071691,0.0,147.8972622071691,148.30743,147.8972622071691
squeezed_Lào Cai,2017-08-01,206.1812,172.5938470222975,229.04318,172.5938470222975,180.21451,172.5938470222975,0.0,172.5938470222975,148.30743,172.5938470222975,142.48058,172.5938470222975
squeezed_Lào Cai,2017-09-01,229.04318,206.1812023708721,180.21451,206.1812023708721,0.0,206.1812023708721,148.30743,206.1812023708721,142.48058,206.1812023708721,130.5494,206.1812023708721
squeezed_Lào Cai,2017-10-01,180.21451,229.043183742591,0.0,229.043183742591,148.30743,229.043183742591,142.48058,229.043183742591,130.5494,229.043183742591,145.67148,229.043183742591
squeezed_Lào Cai,2017-11-01,0.0,180.2145074795371,148.30743,180.2145074795371,142.48058,180.2145074795371,130.5494,180.2145074795371,145.67148,180.2145074795371,158.85127,180.2145074795371
squeezed_Lào Cai,2017-12-01,148.30743,0.0,142.48058,0.0,130.5494,0.0,145.67148,0.0,158.85127,0.0,123.05772,0.0
squeezed_Lâm Đồng,2016-01-01,37.49418,45.72271386430678,54.494644,45.72271386430678,58.764168,45.72271386430678,69.39916,45.72271386430678,50.14749,45.72271386430678,45.334576,45.72271386430678
squeezed_Lâm Đồng,2016-02-01,54.494644,37.49417792268282,58.764168,37.49417792268282,69.39916,37.49417792268282,50.14749,37.49417792268282,45.334576,37.49417792268282,45.800343,37.49417792268282
squeezed_Lâm Đồng,2016-03-01,58.764168,54.49464368886818,69.39916,54.49464368886818,50.14749,54.49464368886818,45.334576,54.49464368886818,45.800343,54.49464368886818,51.544792,54.49464368886818
squeezed_Lâm Đồng,2016-04-01,69.39916,58.76416705480515,50.14749,58.76416705480515,45.334576,58.76416705480515,45.800343,58.76416705480515,51.544792,58.76416705480515,102.23568,58.76416705480515
squeezed_Lâm Đồng,2016-05-01,50.14749,69.39916162086632,45.334576,69.39916162086632,45.800343,69.39916162086632,51.544792,69.39916162086632,102.23568,69.39916162086632,104.02112,69.39916162086632
squeezed_Lâm Đồng,2016-06-01,45.334576,50.14749262536873,45.800343,50.14749262536873,51.544792,50.14749262536873,102.23568,50.14749262536873,104.02112,50.14749262536873,104.02112,50.14749262536873
squeezed_Lâm Đồng,2016-07-01,45.800343,45.33457537649433,51.544792,45.33457537649433,102.23568,45.33457537649433,104.02112,45.33457537649433,104.02112,45.33457537649433,73.59713,45.33457537649433
squeezed_Lâm Đồng,2016-08-01,51.544792,45.80034156186927,102.23568,45.80034156186927,104.02112,45.80034156186927,104.02112,45.80034156186927,73.59713,45.80034156186927,83.196754,45.80034156186927
squeezed_Lâm Đồng,2016-09-01,102.23568,51.54479118149355,104.02112,51.54479118149355,104.02112,51.54479118149355,73.59713,51.54479118149355,83.196754,51.54479118149355,116.834465,51.54479118149355
squeezed_Lâm Đồng,2016-10-01,104.02112,102.2356776897997,104.02112,102.2356776897997,73.59713,102.2356776897997,83.196754,102.2356776897997,116.834465,102.2356776897997,53.38328,102.2356776897997
squeezed_Lâm Đồng,2016-11-01,104.02112,104.021114733737,73.59713,104.021114733737,83.196754,104.021114733737,116.834465,104.021114733737,53.38328,104.021114733737,76.953094,104.021114733737
squeezed_Lâm Đồng,2016-12-01,73.59713,104.021114733737,83.196754,104.021114733737,116.834465,104.021114733737,53.38328,104.021114733737,76.953094,104.021114733737,93.654884,104.021114733737
squeezed_Lâm Đồng,2017-01-01,83.196754,73.59712791695934,116.834465,73.59712791695934,53.38328,73.59712791695934,76.953094,73.59712791695934,93.654884,73.59712791695934,128.69742,73.59712791695934
squeezed_Lâm Đồng,2017-02-01,116.834465,83.19675329743231,53.38328,83.19675329743231,76.953094,83.19675329743231,93.654884,83.19675329743231,128.69742,83.19675329743231,97.869354,83.19675329743231
squeezed_Lâm Đồng,2017-03-01,53.38328,116.834464996488,76.953094,116.834464996488,93.654884,116.834464996488,128.69742,116.834464996488,97.869354,116.834464996488,132.7558,116.834464996488
squeezed_Lâm Đồng,2017-04-01,76.953094,53.38328260360572,93.654884,53.38328260360572,128.69742,53.38328260360572,97.869354,53.38328260360572,132.7558,53.38328260360572,147.19426,53.38328260360572
squeezed_Lâm Đồng,2017-05-01,93.654884,76.95309451338484,128.69742,76.95309451338484,97.869354,76.95309451338484,132.7558,76.95309451338484,147.19426,76.95309451338484,92.17201,76.95309451338484
squeezed_Lâm Đồng,2017-06-01,128.69742,93.65488176071179,97.869354,93.65488176071179,132.7558,93.65488176071179,147.19426,93.65488176071179,92.17201,93.65488176071179,80.855385,93.65488176071179
squeezed_Lâm Đồng,2017-07-01,97.869354,128.6974166861781,132.7558,128.6974166861781,147.19426,128.6974166861781,92.17201,128.6974166861781,80.855385,128.6974166861781,14.945021,128.6974166861781
squeezed_Lâm Đồng,2017-08-01,132.7558,97.86935143994381,147.19426,97.86935143994381,92.17201,97.86935143994381,80.855385,97.86935143994381,14.945021,97.86935143994381,67.52362,97.86935143994381
squeezed_Lâm Đồng,2017-09-01,147.19426,132.7557948958089,92.17201,132.7557948958089,80.855385,132.7557948958089,14.945021,132.7557948958089,67.52362,132.7557948958089,100.66595,132.7557948958089
squeezed_Lâm Đồng,2017-10-01,92.17201,147.1942558339187,80.855385,147.1942558339187,14.945021,147.1942558339187,67.52362,147.1942558339187,100.66595,147.1942558339187,78.442,147.1942558339187
squeezed_Lâm Đồng,2017-11-01,80.855385,92.17201279950051,14.945021,92.17201279950051,67.52362,92.17201279950051,100.66595,92.17201279950051,78.442,92.17201279950051,81.77172,92.17201279950051
squeezed_Lâm Đồng,2017-12-01,14.945021,80.8553812534145,67.52362,80.8553812534145,100.66595,80.8553812534145,78.442,80.8553812534145,81.77172,80.8553812534145,76.66099,80.8553812534145
squeezed_Lạng Sơn,2016-01-01,106.803696,92.23364121243658,171.84857,92.23364121243658,161.96175,92.23364121243658,167.29544,92.23364121243658,100.819565,92.23364121243658,100.039024,92.23364121243658
squeezed_Lạng Sơn,2016-02-01,171.84857,106.803694549239,161.96175,106.803694549239,167.29544,106.803694549239,100.819565,106.803694549239,100.039024,106.803694549239,155.19708,106.803694549239
squeezed_Lạng Sơn,2016-03-01,161.96175,171.8485755171068,167.29544,171.8485755171068,100.819565,171.8485755171068,100.039024,171.8485755171068,155.19708,171.8485755171068,166.90517,171.8485755171068
squeezed_Lạng Sơn,2016-04-01,167.29544,161.9617536099909,100.819565,161.9617536099909,100.039024,161.9617536099909,155.19708,161.9617536099909,166.90517,161.9617536099909,156.75816,161.9617536099909
squeezed_Lạng Sơn,2016-05-01,100.819565,167.295433849356,100.039024,167.295433849356,155.19708,167.295433849356,166.90517,167.295433849356,156.75816,167.295433849356,116.69051,167.295433849356
squeezed_Lạng Sơn,2016-06-01,100.039024,100.8195655001951,155.19708,100.8195655001951,166.90517,100.8195655001951,156.75816,100.8195655001951,116.69051,100.8195655001951,12.878886,100.8195655001951
squeezed_Lạng Sơn,2016-07-01,155.19708,100.0390269285807,166.90517,100.0390269285807,156.75816,100.0390269285807,116.69051,100.0390269285807,12.878886,100.0390269285807,80.0052,100.0390269285807
squeezed_Lạng Sơn,2016-08-01,166.90517,155.1970859893326,156.75816,155.1970859893326,116.69051,155.1970859893326,12.878886,155.1970859893326,80.0052,155.1970859893326,132.0411,155.1970859893326
squeezed_Lạng Sơn,2016-09-01,156.75816,166.9051645635489,116.69051,166.9051645635489,12.878886,166.9051645635489,80.0052,166.9051645635489,132.0411,166.9051645635489,116.9507,166.9051645635489
squeezed_Lạng Sơn,2016-10-01,116.69051,156.7581631325615,12.878886,156.7581631325615,80.0052,156.7581631325615,132.0411,156.7581631325615,116.9507,156.7581631325615,135.03317,156.7581631325615
squeezed_Lạng Sơn,2016-11-01,12.878886,116.6905164563549,80.0052,116.6905164563549,132.0411,116.6905164563549,116.9507,116.6905164563549,135.03317,116.6905164563549,156.10771,116.6905164563549
squeezed_Lạng Sơn,2016-12-01,80.0052,12.87888643163783,132.0411,12.87888643163783,116.9507,12.87888643163783,135.03317,12.87888643163783,156.10771,12.87888643163783,143.6191,12.87888643163783
squeezed_Lạng Sơn,2017-01-01,132.0411,80.00520359047742,116.9507,80.00520359047742,135.03317,80.00520359047742,156.10771,80.00520359047742,143.6191,80.00520359047742,150.90413,80.00520359047742
squeezed_Lạng Sơn,2017-02-01,116.9507,132.0411083647717,135.03317,132.0411083647717,156.10771,132.0411083647717,143.6191,132.0411083647717,150.90413,132.0411083647717,154.80682,132.0411083647717
squeezed_Lạng Sơn,2017-03-01,135.03317,116.9506959802264,156.10771,116.9506959802264,143.6191,116.9506959802264,150.90413,116.9506959802264,154.80682,116.9506959802264,172.10875,116.9506959802264
squeezed_Lạng Sơn,2017-04-01,156.10771,135.0331728892936,143.6191,135.0331728892936,150.90413,135.0331728892936,154.80682,135.0331728892936,172.10875,135.0331728892936,151.68466,135.0331728892936
squeezed_Lạng Sơn,2017-05-01,143.6191,156.1077143228828,150.90413,156.1077143228828,154.80682,156.1077143228828,172.10875,156.1077143228828,151.68466,156.1077143228828,120.98348,156.1077143228828
squeezed_Lạng Sơn,2017-06-01,150.90413,143.6190971770522,154.80682,143.6190971770522,172.10875,143.6190971770522,151.68466,143.6190971770522,120.98348,143.6190971770522,135.29335,143.6190971770522
squeezed_Lạng Sơn,2017-07-01,154.80682,150.9041238454533,172.10875,150.9041238454533,151.68466,150.9041238454533,120.98348,150.9041238454533,135.29335,150.9041238454533,109.5502,150.9041238454533
squeezed_Lạng Sơn,2017-08-01,172.10875,154.8068167035254,151.68466,154.8068167035254,120.98348,154.8068167035254,135.29335,154.8068167035254,109.5502,154.8068167035254,111.48344,154.8068167035254
squeezed_Lạng Sơn,2017-09-01,151.68466,172.1087550409783,120.98348,172.1087550409783,135.29335,172.1087550409783,109.5502,172.1087550409783,111.48344,172.1087550409783,144.09073,172.1087550409783
squeezed_Lạng Sơn,2017-10-01,120.98348,151.6846624170678,135.29335,151.6846624170678,109.5502,151.6846624170678,111.48344,151.6846624170678,144.09073,151.6846624170678,117.28316,151.6846624170678
squeezed_Lạng Sơn,2017-11-01,135.29335,120.9834786002342,109.5502,120.9834786002342,111.48344,120.9834786002342,144.09073,120.9834786002342,117.28316,120.9834786002342,120.50522,120.9834786002342
squeezed_Lạng Sơn,2017-12-01,109.5502,135.2933524131651,111.48344,135.2933524131651,144.09073,135.2933524131651,117.28316,135.2933524131651,120.50522,135.2933524131651,100.14177,135.2933524131651
squeezed_Nam Định,2016-01-01,62.236855,64.0721148655943,68.71424,64.0721148655943,60.131706,64.0721148655943,49.0122,64.0721148655943,51.495197,64.0721148655943,48.202526,64.0721148655943
squeezed_Nam Định,2016-02-01,68.71424,62.23685631005075,60.131706,62.23685631005075,49.0122,62.23685631005075,51.495197,62.23685631005075,48.202526,62.23685631005075,51.33326,62.23685631005075
squeezed_Nam Định,2016-03-01,60.131706,68.71423944726331,49.0122,68.71423944726331,51.495197,68.71423944726331,48.202526,68.71423944726331,51.33326,68.71423944726331,49.821873,68.71423944726331
squeezed_Nam Định,2016-04-01,49.0122,60.13170679045666,51.495197,60.13170679045666,48.202526,60.13170679045666,51.33326,60.13170679045666,49.821873,60.13170679045666,55.00378,60.13170679045666
squeezed_Nam Định,2016-05-01,51.495197,49.01219907157508,48.202526,49.01219907157508,51.33326,49.01219907157508,49.821873,49.01219907157508,55.00378,49.01219907157508,53.654324,49.01219907157508
squeezed_Nam Định,2016-06-01,48.202526,51.4951959408399,51.33326,51.4951959408399,49.821873,51.4951959408399,55.00378,51.4951959408399,53.654324,51.4951959408399,53.2225,51.4951959408399
squeezed_Nam Định,2016-07-01,51.33326,48.20252617942351,49.821873,48.20252617942351,55.00378,48.20252617942351,53.654324,48.20252617942351,53.2225,48.20252617942351,48.98781,48.20252617942351
squeezed_Nam Định,2016-08-01,49.821873,51.33326136240959,55.00378,51.33326136240959,53.654324,51.33326136240959,53.2225,51.33326136240959,48.98781,51.33326136240959,53.40566,51.33326136240959
squeezed_Nam Định,2016-09-01,55.00378,49.82187196372666,53.654324,49.82187196372666,53.2225,49.82187196372666,48.98781,49.82187196372666,53.40566,49.82187196372666,57.26429,49.82187196372666
squeezed_Nam Định,2016-10-01,53.654324,55.00377847349671,53.2225,55.00377847349671,48.98781,55.00377847349671,53.40566,55.00377847349671,57.26429,55.00377847349671,51.448383,55.00377847349671
squeezed_Nam Định,2016-11-01,53.2225,53.6543236532441,48.98781,53.6543236532441,53.40566,53.6543236532441,57.26429,53.6543236532441,51.448383,53.6543236532441,57.82351,53.6543236532441
squeezed_Nam Định,2016-12-01,48.98781,53.22249811076325,53.40566,53.22249811076325,57.26429,53.22249811076325,51.448383,53.22249811076325,57.82351,53.22249811076325,0.0,53.22249811076325
squeezed_Nam Định,2017-01-01,53.40566,48.98780896991388,57.26429,48.98780896991388,51.448383,48.98780896991388,57.82351,48.98780896991388,0.0,48.98780896991388,38.3626,48.98780896991388
squeezed_Nam Định,2017-02-01,57.26429,53.40565932222346,51.448383,53.40565932222346,57.82351,53.40565932222346,0.0,53.40565932222346,38.3626,53.40565932222346,56.369534,53.40565932222346
squeezed_Nam Định,2017-03-01,51.448383,57.26428811094956,57.82351,57.26428811094956,0.0,57.26428811094956,38.3626,57.26428811094956,56.369534,57.26428811094956,56.76099,57.26428811094956
squeezed_Nam Định,2017-04-01,57.82351,51.44838384968124,0.0,51.44838384968124,38.3626,51.44838384968124,56.369534,51.44838384968124,56.76099,51.44838384968124,61.626217,51.44838384968124
squeezed_Nam Định,2017-05-01,0.0,57.82350967453305,38.3626,57.82350967453305,56.369534,57.82350967453305,56.76099,57.82350967453305,61.626217,57.82350967453305,61.17884,57.82350967453305
squeezed_Nam Định,2017-06-01,38.3626,0.0,56.369534,0.0,56.76099,0.0,61.626217,0.0,61.17884,0.0,53.12605,0.0
squeezed_Nam Định,2017-07-01,56.369534,38.36259926182753,56.76099,38.36259926182753,61.626217,38.36259926182753,61.17884,38.36259926182753,53.12605,38.36259926182753,0.0,38.36259926182753
squeezed_Nam Định,2017-08-01,56.76099,56.36953360921597,61.626217,56.36953360921597,61.17884,56.36953360921597,53.12605,56.36953360921597,0.0,56.36953360921597,0.0,56.36953360921597
squeezed_Nam Định,2017-09-01,61.626217,56.76098870372441,61.17884,56.76098870372441,53.12605,56.76098870372441,0.0,56.76098870372441,0.0,56.76098870372441,0.0,56.76098870372441
squeezed_Nam Định,2017-10-01,61.17884,61.62621630690079,53.12605,61.62621630690079,0.0,61.62621630690079,0.0,61.62621630690079,0.0,61.62621630690079,0.0,61.62621630690079
squeezed_Nam Định,2017-11-01,53.12605,61.17883905603399,0.0,61.17883905603399,0.0,61.17883905603399,0.0,61.17883905603399,0.0,61.17883905603399,0.0,61.17883905603399
squeezed_Nam Định,2017-12-01,0.0,53.12604854043171,0.0,53.12604854043171,0.0,53.12604854043171,0.0,53.12604854043171,0.0,53.12604854043171,0.0,53.12604854043171
squeezed_Nghệ An,2016-01-01,123.909195,111.5118338431815,167.76686,111.5118338431815,140.07407,111.5118338431815,136.66077,111.5118338431815,125.48704,111.5118338431815,96.5706,111.5118338431815
squeezed_Nghệ An,2016-02-01,167.76686,123.9091933666076,140.07407,123.9091933666076,136.66077,123.9091933666076,125.48704,123.9091933666076,96.5706,123.9091933666076,119.01465,123.9091933666076
squeezed_Nghệ An,2016-03-01,140.07407,167.7668652390919,136.66077,167.7668652390919,125.48704,167.7668652390919,96.5706,167.7668652390919,119.01465,167.7668652390919,143.55176,167.7668652390919
squeezed_Nghệ An,2016-04-01,136.66077,140.0740621478023,125.48704,140.0740621478023,96.5706,140.0740621478023,119.01465,140.0740621478023,143.55176,140.0740621478023,145.58043,140.0740621478023
squeezed_Nghệ An,2016-05-01,125.48704,136.6607631621317,96.5706,136.6607631621317,119.01465,136.6607631621317,143.55176,136.6607631621317,145.58043,136.6607631621317,126.71068,136.6607631621317
squeezed_Nghệ An,2016-06-01,96.5706,125.4870391241346,119.01465,125.4870391241346,143.55176,125.4870391241346,145.58043,125.4870391241346,126.71068,125.4870391241346,3.6709065,125.4870391241346
squeezed_Nghệ An,2016-07-01,119.01465,96.57060054741588,143.55176,96.57060054741588,145.58043,96.57060054741588,126.71068,96.57060054741588,3.6709065,96.57060054741588,80.974525,96.57060054741588
squeezed_Nghệ An,2016-08-01,143.55176,119.0146514248913,145.58043,119.0146514248913,126.71068,119.0146514248913,3.6709065,119.0146514248913,80.974525,119.0146514248913,87.81224,119.0146514248913
squeezed_Nghệ An,2016-09-01,145.58043,143.551763001127,126.71068,143.551763001127,3.6709065,143.551763001127,80.974525,143.551763001127,87.81224,143.551763001127,98.90042,143.551763001127
squeezed_Nghệ An,2016-10-01,126.71068,145.5804218322331,3.6709065,145.5804218322331,80.974525,145.5804218322331,87.81224,145.5804218322331,98.90042,145.5804218322331,86.39542,145.5804218322331
squeezed_Nghệ An,2016-11-01,3.6709065,126.7106746095637,80.974525,126.7106746095637,87.81224,126.7106746095637,98.90042,126.7106746095637,86.39542,126.7106746095637,111.74423,126.7106746095637
squeezed_Nghệ An,2016-12-01,80.974525,3.670906456287232,87.81224,3.670906456287232,98.90042,3.670906456287232,86.39542,3.670906456287232,111.74423,3.670906456287232,104.22891,3.670906456287232
squeezed_Nghệ An,2017-01-01,87.81224,80.97452798225892,98.90042,80.97452798225892,86.39542,80.97452798225892,111.74423,80.97452798225892,104.22891,80.97452798225892,91.5391,80.97452798225892
squeezed_Nghệ An,2017-02-01,98.90042,87.81224012073798,86.39542,87.81224012073798,111.74423,87.81224012073798,104.22891,87.81224012073798,91.5391,87.81224012073798,0.0,87.81224012073798
squeezed_Nghệ An,2017-03-01,86.39542,98.90042196692026,111.74423,98.90042196692026,104.22891,98.90042196692026,91.5391,98.90042196692026,0.0,98.90042196692026,111.68263,98.90042196692026
squeezed_Nghệ An,2017-04-01,111.74423,86.39541688483692,104.22891,86.39541688483692,91.5391,86.39541688483692,0.0,86.39541688483692,111.68263,86.39541688483692,104.25971,86.39541688483692
squeezed_Nghệ An,2017-05-01,104.22891,111.7442326054147,91.5391,111.7442326054147,0.0,111.7442326054147,111.68263,111.7442326054147,104.25971,111.7442326054147,97.4836,111.7442326054147
squeezed_Nghệ An,2017-06-01,91.5391,104.2289093541134,0.0,104.2289093541134,111.68263,104.2289093541134,104.25971,104.2289093541134,97.4836,104.2289093541134,98.86962,104.2289093541134
squeezed_Nghệ An,2017-07-01,0.0,91.53910124126035,111.68263,91.53910124126035,104.25971,91.53910124126035,97.4836,91.53910124126035,98.86962,91.53910124126035,90.052864,91.53910124126035
squeezed_Nghệ An,2017-08-01,111.68263,0.0,104.25971,0.0,97.4836,0.0,98.86962,0.0,90.052864,0.0,69.87908,0.0
squeezed_Nghệ An,2017-09-01,104.25971,111.6826315951582,97.4836,111.6826315951582,98.86962,111.6826315951582,90.052864,111.6826315951582,69.87908,111.6826315951582,91.663124,111.6826315951582
squeezed_Nghệ An,2017-10-01,97.4836,104.2597098592417,98.86962,104.2597098592417,90.052864,104.2597098592417,69.87908,104.2597098592417,91.663124,104.2597098592417,90.052864,104.2597098592417
squeezed_Nghệ An,2017-11-01,98.86962,97.4835987310192,90.052864,97.4835987310192,69.87908,97.4835987310192,91.663124,97.4835987310192,90.052864,97.4835987310192,83.49031,97.4835987310192
squeezed_Nghệ An,2017-12-01,90.052864,98.86962146179198,69.87908,98.86962146179198,91.663124,98.86962146179198,90.052864,98.86962146179198,83.49031,98.86962146179198,63.681107,98.86962146179198
squeezed_Ninh Bình,2016-01-01,142.3775,133.3543174902948,132.82971,133.3543174902948,155.17784,133.3543174902948,130.62637,133.3543174902948,116.462074,133.3543174902948,115.0981,133.3543174902948
squeezed_Ninh Bình,2016-02-01,132.82971,142.3775049837373,155.17784,142.3775049837373,130.62637,142.3775049837373,116.462074,142.3775049837373,115.0981,142.3775049837373,115.93747,142.3775049837373
squeezed_Ninh Bình,2016-03-01,155.17784,132.8297135662575,130.62637,132.8297135662575,116.462074,132.8297135662575,115.0981,132.8297135662575,115.93747,132.8297135662575,138.60036,132.8297135662575
squeezed_Ninh Bình,2016-04-01,130.62637,155.1778407302486,116.462074,155.1778407302486,115.0981,155.1778407302486,115.93747,155.1778407302486,138.60036,155.1778407302486,128.10828,155.1778407302486
squeezed_Ninh Bình,2016-05-01,116.462074,130.6263770853006,115.0981,130.6263770853006,115.93747,130.6263770853006,138.60036,130.6263770853006,128.10828,130.6263770853006,127.05907,130.6263770853006
squeezed_Ninh Bình,2016-06-01,115.0981,116.4620711362921,115.93747,116.4620711362921,138.60036,116.4620711362921,128.10828,116.4620711362921,127.05907,116.4620711362921,20.564474,116.4620711362921
squeezed_Ninh Bình,2016-07-01,115.93747,115.098100933795,138.60036,115.098100933795,128.10828,115.098100933795,127.05907,115.098100933795,20.564474,115.098100933795,108.1417,115.098100933795
squeezed_Ninh Bình,2016-08-01,138.60036,115.9374672122547,128.10828,115.9374672122547,127.05907,115.9374672122547,20.564474,115.9374672122547,108.1417,115.9374672122547,121.60762,115.9374672122547
squeezed_Ninh Bình,2016-09-01,128.10828,138.6003567306684,127.05907,138.6003567306684,20.564474,138.6003567306684,108.1417,138.6003567306684,121.60762,138.6003567306684,124.92231,138.6003567306684
squeezed_Ninh Bình,2016-10-01,127.05907,128.1082782499213,20.564474,128.1082782499213,108.1417,128.1082782499213,121.60762,128.1082782499213,124.92231,128.1082782499213,121.711205,128.1082782499213
squeezed_Ninh Bình,2016-11-01,20.564474,127.0590704018466,108.1417,127.0590704018466,121.60762,127.0590704018466,124.92231,127.0590704018466,121.711205,127.0590704018466,120.05386,127.0590704018466
squeezed_Ninh Bình,2016-12-01,108.1417,20.56447382226419,121.60762,20.56447382226419,124.92231,20.56447382226419,121.711205,20.56447382226419,120.05386,20.56447382226419,109.695465,20.56447382226419
squeezed_Ninh Bình,2017-01-01,121.60762,108.141702921069,124.92231,108.141702921069,121.711205,108.141702921069,120.05386,108.141702921069,109.695465,108.141702921069,117.8786,108.141702921069
squeezed_Ninh Bình,2017-02-01,124.92231,121.6076237828879,121.711205,121.6076237828879,120.05386,121.6076237828879,109.695465,121.6076237828879,117.8786,121.6076237828879,113.11374,121.6076237828879
squeezed_Ninh Bình,2017-03-01,121.711205,124.922311995028,120.05386,124.922311995028,109.695465,124.922311995028,117.8786,124.922311995028,113.11374,124.922311995028,110.93847,124.922311995028
squeezed_Ninh Bình,2017-04-01,120.05386,121.7112077895173,109.695465,121.7112077895173,117.8786,121.7112077895173,113.11374,121.7112077895173,110.93847,121.7112077895173,108.76321,121.7112077895173
squeezed_Ninh Bình,2017-05-01,109.695465,120.0538636834473,117.8786,120.0538636834473,113.11374,120.0538636834473,110.93847,120.0538636834473,108.76321,120.0538636834473,75.098404,120.0538636834473
squeezed_Ninh Bình,2017-06-01,117.8786,109.6954630205096,113.11374,109.6954630205096,110.93847,109.6954630205096,108.76321,109.6954630205096,75.098404,109.6954630205096,118.189354,109.6954630205096
squeezed_Ninh Bình,2017-07-01,113.11374,117.8785995442304,110.93847,117.8785995442304,108.76321,117.8785995442304,75.098404,117.8785995442304,118.189354,117.8785995442304,99.6204,117.8785995442304
squeezed_Ninh Bình,2017-08-01,110.93847,113.1137352392791,108.76321,113.1137352392791,75.098404,113.1137352392791,118.189354,113.1137352392791,99.6204,113.1137352392791,105.468346,113.1137352392791
squeezed_Ninh Bình,2017-09-01,108.76321,110.9384711000622,75.098404,110.9384711000622,118.189354,110.9384711000622,99.6204,110.9384711000622,105.468346,110.9384711000622,87.411514,110.9384711000622
squeezed_Ninh Bình,2017-10-01,75.098404,108.7632069608453,118.189354,108.7632069608453,99.6204,108.7632069608453,105.468346,108.7632069608453,87.411514,108.7632069608453,93.054276,108.7632069608453
squeezed_Ninh Bình,2017-11-01,118.189354,75.0984048062979,99.6204,75.0984048062979,105.468346,75.0984048062979,87.411514,75.0984048062979,93.054276,75.0984048062979,98.90223,75.0984048062979
squeezed_Ninh Bình,2017-12-01,99.6204,118.1893515641185,105.468346,118.1893515641185,87.411514,118.1893515641185,93.054276,118.1893515641185,98.90223,118.1893515641185,86.38555,118.1893515641185
squeezed_Ninh Thuận,2016-01-01,125.87296,116.7276355171267,173.59494,116.7276355171267,163.28566,116.7276355171267,189.72398,116.7276355171267,204.3565,116.7276355171267,167.94147,116.7276355171267
squeezed_Ninh Thuận,2016-02-01,173.59494,125.8729630861324,163.28566,125.8729630861324,189.72398,125.8729630861324,204.3565,125.8729630861324,167.94147,125.8729630861324,141.00432,125.8729630861324
squeezed_Ninh Thuận,2016-03-01,163.28566,173.5949451280346,189.72398,173.5949451280346,204.3565,173.5949451280346,167.94147,173.5949451280346,141.00432,173.5949451280346,155.13802,173.5949451280346
squeezed_Ninh Thuận,2016-04-01,189.72398,163.2856667775191,204.3565,163.2856667775191,167.94147,163.2856667775191,141.00432,163.2856667775191,155.13802,163.2856667775191,154.30663,163.2856667775191
squeezed_Ninh Thuận,2016-05-01,204.3565,189.7239773860991,167.94147,189.7239773860991,141.00432,189.7239773860991,155.13802,189.7239773860991,154.30663,189.7239773860991,170.93448,189.7239773860991
squeezed_Ninh Thuận,2016-06-01,167.94147,204.3565014965082,141.00432,204.3565014965082,155.13802,204.3565014965082,154.30663,204.3565014965082,170.93448,204.3565014965082,170.93448,204.3565014965082
squeezed_Ninh Thuận,2016-07-01,141.00432,167.9414699035584,155.13802,167.9414699035584,154.30663,167.9414699035584,170.93448,167.9414699035584,170.93448,167.9414699035584,123.33447,167.9414699035584
squeezed_Ninh Thuận,2016-08-01,155.13802,141.0043232457599,154.30663,141.0043232457599,170.93448,141.0043232457599,170.93448,141.0043232457599,123.33447,141.0043232457599,185.17253,141.0043232457599
squeezed_Ninh Thuận,2016-09-01,154.30663,155.1380113069505,170.93448,155.1380113069505,170.93448,155.1380113069505,123.33447,155.1380113069505,185.17253,155.1380113069505,147.93304,155.1380113069505
squeezed_Ninh Thuận,2016-10-01,170.93448,154.3066178915863,170.93448,154.3066178915863,123.33447,154.3066178915863,185.17253,154.3066178915863,147.93304,154.3066178915863,120.43047,154.3066178915863
squeezed_Ninh Thuận,2016-11-01,170.93448,170.9344861988693,123.33447,170.9344861988693,185.17253,170.9344861988693,147.93304,170.9344861988693,120.43047,170.9344861988693,111.54766,170.9344861988693
squeezed_Ninh Thuận,2016-12-01,123.33447,170.9344861988693,185.17253,170.9344861988693,147.93304,170.9344861988693,120.43047,170.9344861988693,111.54766,170.9344861988693,122.65118,170.9344861988693
squeezed_Ninh Thuận,2017-01-01,185.17253,123.3344721557909,147.93304,123.3344721557909,120.43047,123.3344721557909,111.54766,123.3344721557909,122.65118,123.3344721557909,127.60506,123.3344721557909
squeezed_Ninh Thuận,2017-02-01,147.93304,185.1725316023232,120.43047,185.1725316023232,111.54766,185.1725316023232,122.65118,185.1725316023232,127.60506,185.1725316023232,151.17868,185.1725316023232
squeezed_Ninh Thuận,2017-03-01,120.43047,147.9330372394944,111.54766,147.9330372394944,122.65118,147.9330372394944,127.60506,147.9330372394944,151.17868,147.9330372394944,170.3109,147.9330372394944
squeezed_Ninh Thuận,2017-04-01,111.54766,120.4304748889648,122.65118,120.4304748889648,127.60506,120.4304748889648,151.17868,120.4304748889648,170.3109,120.4304748889648,191.83464,120.4304748889648
squeezed_Ninh Thuận,2017-05-01,122.65118,111.5476597198497,127.60506,111.5476597198497,151.17868,111.5476597198497,170.3109,111.5476597198497,191.83464,111.5476597198497,217.97061,111.5476597198497
squeezed_Ninh Thuận,2017-06-01,127.60506,122.6511786812436,151.17868,122.6511786812436,170.3109,122.6511786812436,191.83464,122.6511786812436,217.97061,122.6511786812436,0.0,122.6511786812436
squeezed_Ninh Thuận,2017-07-01,151.17868,127.6050563717116,170.3109,127.6050563717116,191.83464,127.6050563717116,217.97061,127.6050563717116,0.0,127.6050563717116,181.18526,127.6050563717116
squeezed_Ninh Thuận,2017-08-01,170.3109,151.1786812435941,191.83464,151.1786812435941,217.97061,151.1786812435941,0.0,151.1786812435941,181.18526,151.1786812435941,116.14875,151.1786812435941
squeezed_Ninh Thuận,2017-09-01,191.83464,170.310898530919,217.97061,170.310898530919,0.0,170.310898530919,181.18526,170.310898530919,116.14875,170.310898530919,227.20326,170.310898530919
squeezed_Ninh Thuận,2017-10-01,217.97061,191.8346429791596,0.0,191.8346429791596,181.18526,191.8346429791596,116.14875,191.8346429791596,227.20326,191.8346429791596,134.82765,191.8346429791596
squeezed_Ninh Thuận,2017-11-01,0.0,217.9706183805945,181.18526,217.9706183805945,116.14875,217.9706183805945,227.20326,217.9706183805945,134.82765,217.9706183805945,130.58244,217.9706183805945
squeezed_Ninh Thuận,2017-12-01,181.18526,0.0,116.14875,0.0,227.20326,0.0,134.82765,0.0,130.58244,0.0,173.20428,0.0
squeezed_Phú Thọ,2016-01-01,107.114426,97.85047405370196,147.57184,97.85047405370196,135.63002,97.85047405370196,110.298904,97.85047405370196,98.71897,97.85047405370196,96.90961,97.85047405370196
squeezed_Phú Thọ,2016-02-01,147.57184,107.1144242599696,135.63002,107.1144242599696,110.298904,107.1144242599696,98.71897,107.1144242599696,96.90961,107.1144242599696,86.921906,107.1144242599696
squeezed_Phú Thọ,2016-03-01,135.63002,147.571831801404,110.298904,147.571831801404,98.71897,147.571831801404,96.90961,147.571831801404,86.921906,147.571831801404,86.921906,147.571831801404
squeezed_Phú Thọ,2016-04-01,110.298904,135.6300209886372,98.71897,135.6300209886372,96.90961,135.6300209886372,86.921906,135.6300209886372,86.921906,135.6300209886372,92.6395,135.6300209886372
squeezed_Phú Thọ,2016-05-01,98.71897,110.2989071433741,96.90961,110.2989071433741,86.921906,110.2989071433741,86.921906,110.2989071433741,92.6395,110.2989071433741,85.98104,110.2989071433741
squeezed_Phú Thọ,2016-06-01,96.90961,98.71896938553955,86.921906,98.71896938553955,86.921906,98.71896938553955,92.6395,98.71896938553955,85.98104,98.71896938553955,54.353333,98.71896938553955
squeezed_Phú Thọ,2016-07-01,86.921906,96.9096041108779,86.921906,96.9096041108779,92.6395,96.9096041108779,85.98104,96.9096041108779,54.353333,96.9096041108779,65.01223,96.9096041108779
squeezed_Phú Thọ,2016-08-01,86.921906,86.92190779474561,92.6395,86.92190779474561,85.98104,86.92190779474561,54.353333,86.92190779474561,65.01223,86.92190779474561,78.154495,86.92190779474561
squeezed_Phú Thọ,2016-09-01,92.6395,86.92190779474561,85.98104,86.92190779474561,54.353333,86.92190779474561,65.01223,86.92190779474561,78.154495,86.92190779474561,79.4827,86.92190779474561
squeezed_Phú Thọ,2016-10-01,85.98104,92.63950206267641,54.353333,92.63950206267641,65.01223,92.63950206267641,78.154495,92.63950206267641,79.4827,92.63950206267641,88.91996,92.63950206267641
squeezed_Phú Thọ,2016-11-01,54.353333,85.98103785192154,65.01223,85.98103785192154,78.154495,85.98103785192154,79.4827,85.98103785192154,88.91996,85.98103785192154,78.43411,85.98103785192154
squeezed_Phú Thọ,2016-12-01,65.01223,54.35333285083593,78.154495,54.35333285083593,79.4827,54.35333285083593,88.91996,54.35333285083593,78.43411,54.35333285083593,88.71024,54.35333285083593
squeezed_Phú Thọ,2017-01-01,78.154495,65.01223348479553,79.4827,65.01223348479553,88.91996,65.01223348479553,78.43411,65.01223348479553,88.71024,65.01223348479553,68.71723,65.01223348479553
squeezed_Phú Thọ,2017-02-01,79.4827,78.15449143656065,88.91996,78.15449143656065,78.43411,78.15449143656065,88.71024,78.15449143656065,68.71723,78.15449143656065,80.6711,78.15449143656065
squeezed_Phú Thọ,2017-03-01,88.91996,79.48269835721776,78.43411,79.48269835721776,88.71024,79.48269835721776,68.71723,79.48269835721776,80.6711,79.48269835721776,90.94722,79.48269835721776
squeezed_Phú Thọ,2017-04-01,78.43411,88.91995805662356,88.71024,88.91995805662356,68.71723,88.91995805662356,80.6711,88.91995805662356,90.94722,88.91995805662356,92.485146,88.91995805662356
squeezed_Phú Thọ,2017-05-01,88.71024,78.43411394617267,68.71723,78.43411394617267,80.6711,78.43411394617267,90.94722,78.43411394617267,92.485146,78.43411394617267,80.181755,78.43411394617267
squeezed_Phú Thọ,2017-06-01,68.71723,88.71024117441453,80.6711,88.71024117441453,90.94722,88.71024117441453,92.485146,88.71024117441453,80.181755,88.71024117441453,74.16987,88.71024117441453
squeezed_Phú Thọ,2017-07-01,80.6711,68.71723173715483,90.94722,68.71723173715483,92.485146,68.71723173715483,80.181755,68.71723173715483,74.16987,68.71723173715483,66.22517,68.71723173715483
squeezed_Phú Thọ,2017-08-01,90.94722,80.67109402306886,92.485146,80.67109402306886,80.181755,80.67109402306886,74.16987,80.67109402306886,66.22517,80.67109402306886,49.875828,80.67109402306886
squeezed_Phú Thọ,2017-09-01,92.485146,90.94722125131072,80.181755,90.94722125131072,74.16987,90.94722125131072,66.22517,90.94722125131072,49.875828,90.94722125131072,63.948677,90.94722125131072
squeezed_Phú Thọ,2017-10-01,80.181755,92.48514505417687,74.16987,92.48514505417687,66.22517,92.48514505417687,49.875828,92.48514505417687,63.948677,92.48514505417687,62.63797,92.48514505417687
squeezed_Phú Thọ,2017-11-01,74.16987,80.18175463124781,66.22517,80.18175463124781,49.875828,80.18175463124781,63.948677,80.18175463124781,62.63797,80.18175463124781,57.80905,80.18175463124781
squeezed_Phú Thọ,2017-12-01,66.22517,74.1698706745893,49.875828,74.1698706745893,63.948677,74.1698706745893,62.63797,74.1698706745893,57.80905,74.1698706745893,56.56733,74.1698706745893
squeezed_Phú Yên,2016-01-01,82.94418,78.83033133199912,99.17723,78.83033133199912,76.0507,78.83033133199912,71.38092,78.83033133199912,66.59995,78.83033133199912,49.588615,78.83033133199912
squeezed_Phú Yên,2016-02-01,99.17723,82.94418501223038,76.0507,82.94418501223038,71.38092,82.94418501223038,66.59995,82.94418501223038,49.588615,82.94418501223038,45.919502,82.94418501223038
squeezed_Phú Yên,2016-03-01,76.0507,99.17722926395375,71.38092,99.17722926395375,66.59995,99.17722926395375,49.588615,99.17722926395375,45.919502,99.17722926395375,70.38026,99.17722926395375
squeezed_Phú Yên,2016-04-01,71.38092,76.05070046697799,66.59995,76.05070046697799,49.588615,76.05070046697799,45.919502,76.05070046697799,70.38026,76.05070046697799,82.0547,76.05070046697799
squeezed_Phú Yên,2016-05-01,66.59995,71.38092061374249,49.588615,71.38092061374249,45.919502,71.38092061374249,70.38026,71.38092061374249,82.0547,71.38092061374249,57.038025,71.38092061374249
squeezed_Phú Yên,2016-06-01,49.588615,66.59995552590617,45.919502,66.59995552590617,70.38026,66.59995552590617,82.0547,66.59995552590617,57.038025,66.59995552590617,57.038025,66.59995552590617
squeezed_Phú Yên,2016-07-01,45.919502,49.58861463197687,70.38026,49.58861463197687,82.0547,49.58861463197687,57.038025,49.58861463197687,57.038025,49.58861463197687,0.0,49.58861463197687
squeezed_Phú Yên,2016-08-01,70.38026,45.91950189014899,82.0547,45.91950189014899,57.038025,45.91950189014899,57.038025,45.91950189014899,0.0,45.91950189014899,41.95402,45.91950189014899
squeezed_Phú Yên,2016-09-01,82.0547,70.3802535023349,57.038025,70.3802535023349,57.038025,70.3802535023349,0.0,70.3802535023349,41.95402,70.3802535023349,45.747128,70.3802535023349
squeezed_Phú Yên,2016-10-01,57.038025,82.05470313542361,57.038025,82.05470313542361,0.0,82.05470313542361,41.95402,82.05470313542361,45.747128,82.05470313542361,39.54023,82.05470313542361
squeezed_Phú Yên,2016-11-01,57.038025,57.03802535023349,0.0,57.03802535023349,41.95402,57.03802535023349,45.747128,57.03802535023349,39.54023,57.03802535023349,0.0,57.03802535023349
squeezed_Phú Yên,2016-12-01,0.0,57.03802535023349,41.95402,57.03802535023349,45.747128,57.03802535023349,39.54023,57.03802535023349,0.0,57.03802535023349,28.62069,57.03802535023349
squeezed_Phú Yên,2017-01-01,41.95402,0.0,45.747128,0.0,39.54023,0.0,0.0,0.0,28.62069,0.0,40.0,0.0
squeezed_Phú Yên,2017-02-01,45.747128,41.95402298850575,39.54023,41.95402298850575,0.0,41.95402298850575,28.62069,41.95402298850575,40.0,41.95402298850575,0.0,41.95402298850575
squeezed_Phú Yên,2017-03-01,39.54023,45.74712643678161,0.0,45.74712643678161,28.62069,45.74712643678161,40.0,45.74712643678161,0.0,45.74712643678161,34.022987,45.74712643678161
squeezed_Phú Yên,2017-04-01,0.0,39.54022988505747,28.62069,39.54022988505747,40.0,39.54022988505747,0.0,39.54022988505747,34.022987,39.54022988505747,31.609196,39.54022988505747
squeezed_Phú Yên,2017-05-01,28.62069,0.0,40.0,0.0,0.0,0.0,34.022987,0.0,31.609196,0.0,47.12644,0.0
squeezed_Phú Yên,2017-06-01,40.0,28.62068965517242,0.0,28.62068965517242,34.022987,28.62068965517242,31.609196,28.62068965517242,47.12644,28.62068965517242,41.49425,28.62068965517242
squeezed_Phú Yên,2017-07-01,0.0,40.0,34.022987,40.0,31.609196,40.0,47.12644,40.0,41.49425,40.0,0.0,40.0
squeezed_Phú Yên,2017-08-01,34.022987,0.0,31.609196,0.0,47.12644,0.0,41.49425,0.0,0.0,0.0,34.53815,0.0
squeezed_Phú Yên,2017-09-01,31.609196,34.02298850574713,47.12644,34.02298850574713,41.49425,34.02298850574713,0.0,34.02298850574713,34.53815,34.02298850574713,39.013195,34.02298850574713
squeezed_Phú Yên,2017-10-01,47.12644,31.60919540229885,41.49425,31.60919540229885,0.0,31.60919540229885,34.53815,31.60919540229885,39.013195,31.60919540229885,0.0,31.60919540229885
squeezed_Phú Yên,2017-11-01,41.49425,47.12643678160919,0.0,47.12643678160919,34.53815,47.12643678160919,39.013195,47.12643678160919,0.0,47.12643678160919,30.407343,47.12643678160919
squeezed_Phú Yên,2017-12-01,0.0,41.49425287356322,34.53815,41.49425287356322,39.013195,41.49425287356322,0.0,41.49425287356322,30.407343,41.49425287356322,23.752151,41.49425287356322
squeezed_Quảng Bình,2016-01-01,141.27834,116.3267631309103,170.21762,116.3267631309103,158.1406,116.3267631309103,150.507,116.3267631309103,139.68326,116.3267631309103,115.871025,116.3267631309103
squeezed_Quảng Bình,2016-02-01,170.21762,141.2783411188333,158.1406,141.2783411188333,150.507,141.2783411188333,139.68326,141.2783411188333,115.871025,141.2783411188333,133.98656,141.2783411188333
squeezed_Quảng Bình,2016-03-01,158.1406,170.2176142189814,150.507,170.2176142189814,139.68326,170.2176142189814,115.871025,170.2176142189814,133.98656,170.2176142189814,154.8365,170.2176142189814
squeezed_Quảng Bình,2016-04-01,150.507,158.1405947362424,139.68326,158.1405947362424,115.871025,158.1405947362424,133.98656,158.1405947362424,154.8365,158.1405947362424,170.21762,158.1405947362424
squeezed_Quảng Bình,2016-05-01,139.68326,150.5070069499829,115.871025,150.5070069499829,133.98656,150.5070069499829,154.8365,150.5070069499829,170.21762,150.5070069499829,164.40697,150.5070069499829
squeezed_Quảng Bình,2016-06-01,115.871025,139.6832630739433,133.98656,139.6832630739433,154.8365,139.6832630739433,170.21762,139.6832630739433,164.40697,139.6832630739433,65.853935,139.6832630739433
squeezed_Quảng Bình,2016-07-01,133.98656,115.871026546656,154.8365,115.871026546656,170.21762,115.871026546656,164.40697,115.871026546656,65.853935,115.871026546656,106.808174,115.871026546656
squeezed_Quảng Bình,2016-08-01,154.8365,133.9865557707645,170.21762,133.9865557707645,164.40697,133.9865557707645,65.853935,133.9865557707645,106.808174,133.9865557707645,139.66354,133.9865557707645
squeezed_Quảng Bình,2016-09-01,170.21762,154.8365045003988,164.40697,154.8365045003988,65.853935,154.8365045003988,106.808174,154.8365045003988,139.66354,154.8365045003988,0.0,154.8365045003988
squeezed_Quảng Bình,2016-10-01,164.40697,170.2176142189814,65.853935,170.2176142189814,106.808174,170.2176142189814,139.66354,170.2176142189814,0.0,170.2176142189814,0.0,170.2176142189814
squeezed_Quảng Bình,2016-11-01,65.853935,164.4069727697391,106.808174,164.4069727697391,139.66354,164.4069727697391,0.0,164.4069727697391,0.0,164.4069727697391,108.614655,164.4069727697391
squeezed_Quảng Bình,2016-12-01,106.808174,65.8539364247465,139.66354,65.8539364247465,0.0,65.8539364247465,0.0,65.8539364247465,108.614655,65.8539364247465,104.88879,65.8539364247465
squeezed_Quảng Bình,2017-01-01,139.66354,106.8081743253923,0.0,106.8081743253923,0.0,106.8081743253923,108.614655,106.8081743253923,104.88879,106.8081743253923,126.227844,106.8081743253923
squeezed_Quảng Bình,2017-02-01,0.0,139.6635429603703,0.0,139.6635429603703,108.614655,139.6635429603703,104.88879,139.6635429603703,126.227844,139.6635429603703,0.0,139.6635429603703
squeezed_Quảng Bình,2017-03-01,0.0,0.0,108.614655,0.0,104.88879,0.0,126.227844,0.0,0.0,0.0,0.0,0.0
squeezed_Quảng Bình,2017-04-01,108.614655,0.0,104.88879,0.0,126.227844,0.0,0.0,0.0,0.0,0.0,0.0,0.0
squeezed_Quảng Bình,2017-05-01,104.88879,108.6146550750819,126.227844,108.6146550750819,0.0,108.6146550750819,0.0,108.6146550750819,0.0,108.6146550750819,0.0,108.6146550750819
squeezed_Quảng Bình,2017-06-01,126.227844,104.8887885288472,0.0,104.8887885288472,0.0,104.8887885288472,0.0,104.8887885288472,0.0,104.8887885288472,0.0,104.8887885288472
squeezed_Quảng Bình,2017-07-01,0.0,126.2278423845546,0.0,126.2278423845546,0.0,126.2278423845546,0.0,126.2278423845546,0.0,126.2278423845546,0.0,126.2278423845546
squeezed_Quảng Bình,2017-08-01,0.0,0.0,0.0,0.0,0.0,0.0,0.0,0.0,0.0,0.0,0.0,0.0
squeezed_Quảng Bình,2017-09-01,0.0,0.0,0.0,0.0,0.0,0.0,0.0,0.0,0.0,0.0,0.0,0.0
squeezed_Quảng Bình,2017-10-01,0.0,0.0,0.0,0.0,0.0,0.0,0.0,0.0,0.0,0.0,0.0,0.0
squeezed_Quảng Bình,2017-11-01,0.0,0.0,0.0,0.0,0.0,0.0,0.0,0.0,0.0,0.0,0.0,0.0
squeezed_Quảng Bình,2017-12-01,0.0,0.0,0.0,0.0,0.0,0.0,0.0,0.0,0.0,0.0,0.0,0.0
squeezed_Quảng Nam,2016-01-01,187.73946,152.5845264502252,208.91309,152.5845264502252,172.68266,152.5845264502252,159.3063,152.5845264502252,157.62587,152.5845264502252,168.04463,152.5845264502252
squeezed_Quảng Nam,2016-02-01,208.91309,187.7394636015325,172.68266,187.7394636015325,159.3063,187.7394636015325,157.62587,187.7394636015325,168.04463,187.7394636015325,196.545,187.7394636015325
squeezed_Quảng Nam,2016-03-01,172.68266,208.9130873159911,159.3063,208.9130873159911,157.62587,208.9130873159911,168.04463,208.9130873159911,196.545,208.9130873159911,164.21321,208.9130873159911
squeezed_Quảng Nam,2016-04-01,159.3063,172.6826645156954,157.62587,172.6826645156954,168.04463,172.6826645156954,196.545,172.6826645156954,164.21321,172.6826645156954,132.62082,172.6826645156954
squeezed_Quảng Nam,2016-05-01,157.62587,159.3063117564025,168.04463,159.3063117564025,196.545,159.3063117564025,164.21321,159.3063117564025,132.62082,159.3063117564025,133.36021,159.3063117564025
squeezed_Quảng Nam,2016-06-01,168.04463,157.6258654298582,196.545,157.6258654298582,164.21321,157.6258654298582,132.62082,157.6258654298582,133.36021,157.6258654298582,11.830342,157.6258654298582
squeezed_Quảng Nam,2016-07-01,196.545,168.044632654433,164.21321,168.044632654433,132.62082,168.044632654433,133.36021,168.044632654433,11.830342,168.044632654433,157.35185,168.044632654433
squeezed_Quảng Nam,2016-08-01,164.21321,196.5450023526248,132.62082,196.5450023526248,133.36021,196.5450023526248,11.830342,196.5450023526248,157.35185,196.5450023526248,181.82431,196.5450023526248
squeezed_Quảng Nam,2016-09-01,132.62082,164.2132150299119,133.36021,164.2132150299119,11.830342,164.2132150299119,157.35185,164.2132150299119,181.82431,164.2132150299119,192.47624,164.2132150299119
squeezed_Quảng Nam,2016-10-01,133.36021,132.6208240908785,11.830342,132.6208240908785,157.35185,132.6208240908785,181.82431,132.6208240908785,192.47624,132.6208240908785,151.62138,132.6208240908785
squeezed_Quảng Nam,2016-11-01,11.830342,133.360220474558,157.35185,133.360220474558,181.82431,133.360220474558,192.47624,133.360220474558,151.62138,133.360220474558,126.137665,133.360220474558
squeezed_Quảng Nam,2016-12-01,157.35185,11.83034213887208,181.82431,11.83034213887208,192.47624,11.83034213887208,151.62138,11.83034213887208,126.137665,11.83034213887208,136.048,11.83034213887208
squeezed_Quảng Nam,2017-01-01,181.82431,157.3518506033843,192.47624,157.3518506033843,151.62138,157.3518506033843,126.137665,157.3518506033843,136.048,157.3518506033843,135.71092,157.3518506033843
squeezed_Quảng Nam,2017-02-01,192.47624,181.8243106586665,151.62138,181.8243106586665,126.137665,181.8243106586665,136.048,181.8243106586665,135.71092,181.8243106586665,145.95834,181.8243106586665
squeezed_Quảng Nam,2017-03-01,151.62138,192.4762354210207,126.137665,192.4762354210207,136.048,192.4762354210207,135.71092,192.4762354210207,145.95834,192.4762354210207,157.01477,192.4762354210207
squeezed_Quảng Nam,2017-04-01,126.137665,151.6213847502191,136.048,151.6213847502191,135.71092,151.6213847502191,145.95834,151.6213847502191,157.01477,151.6213847502191,156.34059,151.6213847502191
squeezed_Quảng Nam,2017-05-01,136.048,126.1376660149666,135.71092,126.1376660149666,145.95834,126.1376660149666,157.01477,126.1376660149666,156.34059,126.1376660149666,160.79013,126.1376660149666
squeezed_Quảng Nam,2017-06-01,135.71092,136.048001078676,145.95834,136.048001078676,157.01477,136.048001078676,156.34059,136.048001078676,160.79013,136.048001078676,174.54324,136.048001078676
squeezed_Quảng Nam,2017-07-01,145.95834,135.7109148520192,157.01477,135.7109148520192,156.34059,135.7109148520192,160.79013,135.7109148520192,174.54324,135.7109148520192,150.32198,135.7109148520192
squeezed_Quảng Nam,2017-08-01,157.01477,145.9583361423852,156.34059,145.9583361423852,160.79013,145.9583361423852,174.54324,145.9583361423852,150.32198,145.9583361423852,151.32814,145.9583361423852
squeezed_Quảng Nam,2017-09-01,156.34059,157.0147643767276,160.79013,157.0147643767276,174.54324,157.0147643767276,150.32198,157.0147643767276,151.32814,157.0147643767276,159.77998,157.0147643767276
squeezed_Quảng Nam,2017-10-01,160.79013,156.340591923414,174.54324,156.340591923414,150.32198,156.340591923414,151.32814,156.340591923414,159.77998,156.340591923414,145.49236,156.340591923414
squeezed_Quảng Nam,2017-11-01,174.54324,160.7901301152835,150.32198,160.7901301152835,151.32814,160.7901301152835,159.77998,160.7901301152835,145.49236,160.7901301152835,138.78455,160.7901301152835
squeezed_Quảng Nam,2017-12-01,150.32198,174.5432481628801,151.32814,174.5432481628801,159.77998,174.5432481628801,145.49236,174.5432481628801,138.78455,174.5432481628801,140.66273,174.5432481628801
squeezed_Quảng Ngãi,2016-01-01,38.194168,29.08509788254095,43.068317,29.08509788254095,40.19177,29.08509788254095,29.644426,29.08509788254095,32.76069,29.08509788254095,31.0827,29.08509788254095
squeezed_Quảng Ngãi,2016-02-01,43.068317,38.19416699960048,40.19177,38.19416699960048,29.644426,38.19416699960048,32.76069,38.19416699960048,31.0827,38.19416699960048,37.954456,38.19416699960048
squeezed_Quảng Ngãi,2016-03-01,40.19177,43.06831801837795,29.644426,43.06831801837795,32.76069,43.06831801837795,31.0827,43.06831801837795,37.954456,43.06831801837795,34.278866,43.06831801837795
squeezed_Quảng Ngãi,2016-04-01,29.644426,40.19176987614862,32.76069,40.19176987614862,31.0827,40.19176987614862,37.954456,40.19176987614862,34.278866,40.19176987614862,38.353973,40.19176987614862
squeezed_Quảng Ngãi,2016-05-01,32.76069,29.64442668797443,31.0827,29.64442668797443,37.954456,29.64442668797443,34.278866,29.64442668797443,38.353973,29.64442668797443,34.35877,29.64442668797443
squeezed_Quảng Ngãi,2016-06-01,31.0827,32.76068717538953,37.954456,32.76068717538953,34.278866,32.76068717538953,38.353973,32.76068717538953,34.35877,32.76068717538953,26.368359,32.76068717538953
squeezed_Quảng Ngãi,2016-07-01,37.954456,31.08270075908909,34.278866,31.08270075908909,38.353973,31.08270075908909,34.35877,31.08270075908909,26.368359,31.08270075908909,40.035805,31.08270075908909
squeezed_Quảng Ngãi,2016-08-01,34.278866,37.9544546544147,38.353973,37.9544546544147,34.35877,37.9544546544147,26.368359,37.9544546544147,40.035805,37.9544546544147,54.113434,37.9544546544147
squeezed_Quảng Ngãi,2016-09-01,38.353973,34.27886536156612,34.35877,34.27886536156612,26.368359,34.27886536156612,40.035805,34.27886536156612,54.113434,34.27886536156612,48.580032,34.27886536156612
squeezed_Quảng Ngãi,2016-10-01,34.35877,38.35397522972433,26.368359,38.35397522972433,40.035805,38.35397522972433,54.113434,38.35397522972433,48.580032,38.35397522972433,0.0,38.35397522972433
squeezed_Quảng Ngãi,2016-11-01,26.368359,34.35876947662805,40.035805,34.35876947662805,54.113434,34.35876947662805,48.580032,34.35876947662805,0.0,34.35876947662805,37.757343,34.35876947662805
squeezed_Quảng Ngãi,2016-12-01,40.035805,26.36835797043548,54.113434,26.36835797043548,48.580032,26.36835797043548,0.0,26.36835797043548,37.757343,26.36835797043548,45.731956,26.36835797043548
squeezed_Quảng Ngãi,2017-01-01,54.113434,40.03580437789893,48.580032,40.03580437789893,0.0,40.03580437789893,37.757343,40.03580437789893,45.731956,40.03580437789893,0.0,40.03580437789893
squeezed_Quảng Ngãi,2017-02-01,48.580032,54.11343477907072,0.0,54.11343477907072,37.757343,54.11343477907072,45.731956,54.11343477907072,0.0,54.11343477907072,0.0,54.11343477907072
squeezed_Quảng Ngãi,2017-03-01,0.0,48.58003092196272,37.757343,48.58003092196272,45.731956,48.58003092196272,0.0,48.58003092196272,0.0,48.58003092196272,64.61063,48.58003092196272
squeezed_Quảng Ngãi,2017-04-01,37.757343,0.0,45.731956,0.0,0.0,0.0,0.0,0.0,64.61063,0.0,22.052242,0.0
squeezed_Quảng Ngãi,2017-05-01,45.731956,37.75734396614859,0.0,37.75734396614859,0.0,37.75734396614859,64.61063,37.75734396614859,22.052242,37.75734396614859,33.607292,37.75734396614859
squeezed_Quảng Ngãi,2017-06-01,0.0,45.7319554072748,0.0,45.7319554072748,64.61063,45.7319554072748,22.052242,45.7319554072748,33.607292,45.7319554072748,29.864105,45.7319554072748
squeezed_Quảng Ngãi,2017-07-01,0.0,0.0,64.61063,0.0,22.052242,0.0,33.607292,0.0,29.864105,0.0,32.669647,0.0
squeezed_Quảng Ngãi,2017-08-01,64.61063,0.0,22.052242,0.0,33.607292,0.0,29.864105,0.0,32.669647,0.0,26.493296,0.0
squeezed_Quảng Ngãi,2017-09-01,22.052242,64.61062739034908,33.607292,64.61062739034908,29.864105,64.61062739034908,32.669647,64.61062739034908,26.493296,64.61062739034908,33.40106,64.61062739034908
squeezed_Quảng Ngãi,2017-10-01,33.607292,22.05224184229799,29.864105,22.05224184229799,32.669647,22.05224184229799,26.493296,22.05224184229799,33.40106,22.05224184229799,32.100773,22.05224184229799
squeezed_Quảng Ngãi,2017-11-01,29.864105,33.6072910733176,32.669647,33.6072910733176,26.493296,33.6072910733176,33.40106,33.6072910733176,32.100773,33.6072910733176,30.150345,33.6072910733176
squeezed_Quảng Ngãi,2017-12-01,32.669647,29.86410611115632,26.493296,29.86410611115632,33.40106,29.86410611115632,32.100773,29.86410611115632,30.150345,29.86410611115632,36.5705,29.86410611115632
squeezed_Quảng Ninh,2016-01-01,14.617018,15.76024824432468,166.9933,15.76024824432468,36.09342,15.76024824432468,22.78295,15.76024824432468,18.618324,15.76024824432468,21.394741,15.76024824432468
squeezed_Quảng Ninh,2016-02-01,166.9933,14.61701780173118,36.09342,14.61701780173118,22.78295,14.61701780173118,18.618324,14.61701780173118,21.394741,14.61701780173118,27.029234,14.61701780173118
squeezed_Quảng Ninh,2016-03-01,36.09342,166.9933039359791,22.78295,166.9933039359791,18.618324,166.9933039359791,21.394741,166.9933039359791,27.029234,166.9933039359791,28.172464,166.9933039359791
squeezed_Quảng Ninh,2016-04-01,22.78295,36.09341825902336,18.618324,36.09341825902336,21.394741,36.09341825902336,27.029234,36.09341825902336,28.172464,36.09341825902336,22.374653,36.09341825902336
squeezed_Quảng Ninh,2016-05-01,18.618324,22.78294953454189,21.394741,22.78294953454189,27.029234,22.78294953454189,28.172464,22.78294953454189,22.374653,22.78294953454189,15.351952,22.78294953454189
squeezed_Quảng Ninh,2016-06-01,21.394741,18.61832435080843,27.029234,18.61832435080843,28.172464,18.61832435080843,22.374653,18.61832435080843,15.351952,18.61832435080843,0.4899559,18.61832435080843
squeezed_Quảng Ninh,2016-07-01,27.029234,21.39474113996407,28.172464,21.39474113996407,22.374653,21.39474113996407,15.351952,21.39474113996407,0.4899559,21.39474113996407,19.296608,21.39474113996407
squeezed_Quảng Ninh,2016-08-01,28.172464,27.02923403560347,22.374653,27.02923403560347,15.351952,27.02923403560347,0.4899559,27.02923403560347,19.296608,27.02923403560347,16.651104,27.02923403560347
squeezed_Quảng Ninh,2016-09-01,22.374653,28.17246447819696,15.351952,28.17246447819696,0.4899559,28.17246447819696,19.296608,28.17246447819696,16.651104,28.17246447819696,33.84687,28.17246447819696
squeezed_Quảng Ninh,2016-10-01,15.351952,22.37465294790136,0.4899559,22.37465294790136,19.296608,22.37465294790136,16.651104,22.37465294790136,33.84687,22.37465294790136,45.98506,22.37465294790136
squeezed_Quảng Ninh,2016-11-01,0.4899559,15.35195165768414,19.296608,15.35195165768414,16.651104,15.35195165768414,33.84687,15.35195165768414,45.98506,15.35195165768414,29.411764,15.35195165768414
squeezed_Quảng Ninh,2016-12-01,19.296608,0.4899559039686429,16.651104,0.4899559039686429,33.84687,0.4899559039686429,45.98506,0.4899559039686429,29.411764,0.4899559039686429,28.633677,0.4899559039686429
squeezed_Quảng Ninh,2017-01-01,16.651104,19.29660753190165,33.84687,19.29660753190165,45.98506,19.29660753190165,29.411764,19.29660753190165,28.633677,19.29660753190165,36.10333,19.29660753190165
squeezed_Quảng Ninh,2017-02-01,33.84687,16.651104886399,45.98506,16.651104886399,29.411764,16.651104886399,28.633677,16.651104886399,36.10333,16.651104886399,29.489574,16.651104886399
squeezed_Quảng Ninh,2017-03-01,45.98506,33.84687208216619,29.411764,33.84687208216619,28.633677,33.84687208216619,36.10333,33.84687208216619,29.489574,33.84687208216619,24.354187,33.84687208216619
squeezed_Quảng Ninh,2017-04-01,29.411764,45.98506069094304,28.633677,45.98506069094304,36.10333,45.98506069094304,29.489574,45.98506069094304,24.354187,45.98506069094304,26.065983,45.98506069094304
squeezed_Quảng Ninh,2017-05-01,28.633677,29.41176470588236,36.10333,29.41176470588236,29.489574,29.41176470588236,24.354187,29.41176470588236,26.065983,29.41176470588236,22.798008,29.41176470588236
squeezed_Quảng Ninh,2017-06-01,36.10333,28.63367569249922,29.489574,28.63367569249922,24.354187,28.63367569249922,26.065983,28.63367569249922,22.798008,28.63367569249922,23.731714,28.63367569249922
squeezed_Quảng Ninh,2017-07-01,29.489574,36.10333022097728,24.354187,36.10333022097728,26.065983,36.10333022097728,22.798008,36.10333022097728,23.731714,36.10333022097728,0.0,36.10333022097728
squeezed_Quảng Ninh,2017-08-01,24.354187,29.48957360722066,26.065983,29.48957360722066,22.798008,29.48957360722066,23.731714,29.48957360722066,0.0,29.48957360722066,49.236904,29.48957360722066
squeezed_Quảng Ninh,2017-09-01,26.065983,24.354186118892,22.798008,24.354186118892,23.731714,24.354186118892,0.0,24.354186118892,49.236904,24.354186118892,36.88933,24.354186118892
squeezed_Quảng Ninh,2017-10-01,22.798008,26.06598194833489,23.731714,26.06598194833489,0.0,26.06598194833489,49.236904,26.06598194833489,36.88933,26.06598194833489,39.4202,26.06598194833489
squeezed_Quảng Ninh,2017-11-01,23.731714,22.79800809212574,0.0,22.79800809212574,49.236904,22.79800809212574,36.88933,22.79800809212574,39.4202,22.79800809212574,31.98098,22.79800809212574
squeezed_Quảng Ninh,2017-12-01,0.0,23.7317149081855,49.236904,23.7317149081855,36.88933,23.7317149081855,39.4202,23.7317149081855,31.98098,23.7317149081855,28.529795,23.7317149081855
squeezed_Quảng Trị,2016-01-01,228.8693,208.019246190858,291.74017,208.019246190858,283.40015,208.019246190858,230.15236,208.019246190858,204.65117,208.019246190858,187.1692,208.019246190858
squeezed_Quảng Trị,2016-02-01,291.74017,228.869286287089,283.40015,228.869286287089,230.15236,228.869286287089,204.65117,228.869286287089,187.1692,228.869286287089,185.0842,228.869286287089
squeezed_Quảng Trị,2016-03-01,283.40015,291.7401764234162,230.15236,291.7401764234162,204.65117,291.7401764234162,187.1692,291.7401764234162,185.0842,291.7401764234162,236.56776,291.7401764234162
squeezed_Quảng Trị,2016-04-01,230.15236,283.4001603849238,204.65117,283.4001603849238,187.1692,283.4001603849238,185.0842,283.4001603849238,236.56776,283.4001603849238,259.82358,283.4001603849238
squeezed_Quảng Trị,2016-05-01,204.65117,230.1523656776263,187.1692,230.1523656776263,185.0842,230.1523656776263,236.56776,230.1523656776263,259.82358,230.1523656776263,238.332,230.1523656776263
squeezed_Quảng Trị,2016-06-01,187.1692,204.6511627906977,185.0842,204.6511627906977,236.56776,204.6511627906977,259.82358,204.6511627906977,238.332,204.6511627906977,57.4178,204.6511627906977
squeezed_Quảng Trị,2016-07-01,185.0842,187.1692060946271,236.56776,187.1692060946271,259.82358,187.1692060946271,238.332,187.1692060946271,57.4178,187.1692060946271,205.9482,187.1692060946271
squeezed_Quảng Trị,2016-08-01,236.56776,185.084202085004,259.82358,185.084202085004,238.332,185.084202085004,57.4178,185.084202085004,205.9482,185.084202085004,197.63351,185.084202085004
squeezed_Quảng Trị,2016-09-01,259.82358,236.5677626303127,238.332,236.5677626303127,57.4178,236.5677626303127,205.9482,236.5677626303127,197.63351,236.5677626303127,235.84906,236.5677626303127
squeezed_Quảng Trị,2016-10-01,238.332,259.8235765838011,57.4178,259.8235765838011,205.9482,259.8235765838011,197.63351,259.8235765838011,235.84906,259.8235765838011,239.6866,259.8235765838011
squeezed_Quảng Trị,2016-11-01,57.4178,238.3319967923015,205.9482,238.3319967923015,197.63351,238.3319967923015,235.84906,238.3319967923015,239.6866,238.3319967923015,182.60313,238.3319967923015
squeezed_Quảng Trị,2016-12-01,205.9482,57.41780272654371,197.63351,57.41780272654371,235.84906,57.41780272654371,239.6866,57.41780272654371,182.60313,57.41780272654371,181.80365,57.41780272654371
squeezed_Quảng Trị,2017-01-01,197.63351,205.9481931563799,235.84906,205.9481931563799,239.6866,205.9481931563799,182.60313,205.9481931563799,181.80365,205.9481931563799,153.98145,205.9481931563799
squeezed_Quảng Trị,2017-02-01,235.84906,197.6335145506876,239.6866,197.6335145506876,182.60313,197.6335145506876,181.80365,197.6335145506876,153.98145,197.6335145506876,170.61081,197.6335145506876
squeezed_Quảng Trị,2017-03-01,239.6866,235.8490566037736,182.60313,235.8490566037736,181.80365,235.8490566037736,153.98145,235.8490566037736,170.61081,235.8490566037736,194.27567,235.8490566037736
squeezed_Quảng Trị,2017-04-01,182.60313,239.6866005756316,181.80365,239.6866005756316,153.98145,239.6866005756316,170.61081,239.6866005756316,194.27567,239.6866005756316,214.26288,239.6866005756316
squeezed_Quảng Trị,2017-05-01,181.80365,182.6031339942437,153.98145,182.6031339942437,170.61081,182.6031339942437,194.27567,182.6031339942437,214.26288,182.6031339942437,224.01663,182.6031339942437
squeezed_Quảng Trị,2017-06-01,153.98145,181.8036456667733,170.61081,181.8036456667733,194.27567,181.8036456667733,214.26288,181.8036456667733,224.01663,181.8036456667733,235.36937,181.8036456667733
squeezed_Quảng Trị,2017-07-01,170.61081,153.9814518708027,194.27567,153.9814518708027,214.26288,153.9814518708027,224.01663,153.9814518708027,235.36937,153.9814518708027,198.82484,153.9814518708027
squeezed_Quảng Trị,2017-08-01,194.27567,170.6108090821874,214.26288,170.6108090821874,224.01663,170.6108090821874,235.36937,170.6108090821874,198.82484,170.6108090821874,158.80579,170.6108090821874
squeezed_Quảng Trị,2017-09-01,214.26288,194.2756635753118,224.01663,194.2756635753118,235.36937,194.2756635753118,198.82484,194.2756635753118,158.80579,194.2756635753118,181.51501,194.2756635753118
squeezed_Quảng Trị,2017-10-01,224.01663,214.2628717620723,235.36937,214.2628717620723,198.82484,214.2628717620723,158.80579,214.2628717620723,181.51501,214.2628717620723,193.42545,214.2628717620723
squeezed_Quảng Trị,2017-11-01,235.36937,224.0166293572114,198.82484,224.0166293572114,158.80579,224.0166293572114,181.51501,224.0166293572114,193.42545,224.0166293572114,145.6249,224.0166293572114
squeezed_Quảng Trị,2017-12-01,198.82484,235.3693636072913,158.80579,235.3693636072913,181.51501,235.3693636072913,193.42545,235.3693636072913,145.6249,235.3693636072913,145.7837,235.3693636072913
squeezed_Sóc Trăng,2016-01-01,16.457144,9.980952380952381,19.27619,9.980952380952381,19.809525,9.980952380952381,17.066668,9.980952380952381,21.409523,9.980952380952381,23.619047,9.980952380952381
squeezed_Sóc Trăng,2016-02-01,19.27619,16.45714285714286,19.809525,16.45714285714286,17.066668,16.45714285714286,21.409523,16.45714285714286,23.619047,16.45714285714286,21.180952,16.45714285714286
squeezed_Sóc Trăng,2016-03-01,19.809525,19.27619047619048,17.066668,19.27619047619048,21.409523,19.27619047619048,23.619047,19.27619047619048,21.180952,19.27619047619048,20.952381,19.27619047619048
squeezed_Sóc Trăng,2016-04-01,17.066668,19.80952380952381,21.409523,19.80952380952381,23.619047,19.80952380952381,21.180952,19.80952380952381,20.952381,19.80952380952381,22.323809,19.80952380952381
squeezed_Sóc Trăng,2016-05-01,21.409523,17.06666666666667,23.619047,17.06666666666667,21.180952,17.06666666666667,20.952381,17.06666666666667,22.323809,17.06666666666667,24.304762,17.06666666666667
squeezed_Sóc Trăng,2016-06-01,23.619047,21.40952380952381,21.180952,21.40952380952381,20.952381,21.40952380952381,22.323809,21.40952380952381,24.304762,21.40952380952381,24.304762,21.40952380952381
squeezed_Sóc Trăng,2016-07-01,21.180952,23.61904761904762,20.952381,23.61904761904762,22.323809,23.61904761904762,24.304762,23.61904761904762,24.304762,23.61904761904762,13.625544,23.61904761904762
squeezed_Sóc Trăng,2016-08-01,20.952381,21.18095238095238,22.323809,21.18095238095238,24.304762,21.18095238095238,24.304762,21.18095238095238,13.625544,21.18095238095238,12.148075,21.18095238095238
squeezed_Sóc Trăng,2016-09-01,22.323809,20.95238095238095,24.304762,20.95238095238095,24.304762,20.95238095238095,13.625544,20.95238095238095,12.148075,20.95238095238095,16.252155,20.95238095238095
squeezed_Sóc Trăng,2016-10-01,24.304762,22.32380952380952,24.304762,22.32380952380952,13.625544,22.32380952380952,12.148075,22.32380952380952,16.252155,22.32380952380952,17.647541,22.32380952380952
squeezed_Sóc Trăng,2016-11-01,24.304762,24.3047619047619,13.625544,24.3047619047619,12.148075,24.3047619047619,16.252155,24.3047619047619,17.647541,24.3047619047619,16.744644,24.3047619047619
squeezed_Sóc Trăng,2016-12-01,13.625544,24.3047619047619,12.148075,24.3047619047619,16.252155,24.3047619047619,17.647541,24.3047619047619,16.744644,24.3047619047619,17.729624,24.3047619047619
squeezed_Sóc Trăng,2017-01-01,12.148075,13.62554379052779,16.252155,13.62554379052779,17.647541,13.62554379052779,16.744644,13.62554379052779,17.729624,13.62554379052779,19.371256,13.62554379052779
squeezed_Sóc Trăng,2017-02-01,16.252155,12.14807518673562,17.647541,12.14807518673562,16.744644,12.14807518673562,17.729624,12.14807518673562,19.371256,12.14807518673562,20.274153,12.14807518673562
squeezed_Sóc Trăng,2017-03-01,17.647541,16.25215464171387,16.744644,16.25215464171387,17.729624,16.25215464171387,19.371256,16.25215464171387,20.274153,16.25215464171387,17.237133,16.25215464171387
squeezed_Sóc Trăng,2017-04-01,16.744644,17.64754165640647,17.729624,17.64754165640647,19.371256,17.64754165640647,20.274153,17.64754165640647,17.237133,17.64754165640647,20.930805,17.64754165640647
squeezed_Sóc Trăng,2017-05-01,17.729624,16.74464417631125,19.371256,16.74464417631125,20.274153,16.74464417631125,17.237133,16.74464417631125,20.930805,16.74464417631125,17.072971,16.74464417631125
squeezed_Sóc Trăng,2017-06-01,19.371256,17.72962324550603,20.274153,17.72962324550603,17.237133,17.72962324550603,20.930805,17.72962324550603,17.072971,17.72962324550603,17.56546,17.72962324550603
squeezed_Sóc Trăng,2017-07-01,20.274153,19.37125502749733,17.237133,19.37125502749733,20.930805,19.37125502749733,17.072971,19.37125502749733,17.56546,19.37125502749733,17.703508,19.37125502749733
squeezed_Sóc Trăng,2017-08-01,17.237133,20.27415250759255,20.930805,20.27415250759255,17.072971,20.27415250759255,17.56546,20.27415250759255,17.703508,20.27415250759255,17.207148,20.27415250759255
squeezed_Sóc Trăng,2017-09-01,20.930805,17.23713371090864,17.072971,17.23713371090864,17.56546,17.23713371090864,17.703508,17.23713371090864,17.207148,17.23713371090864,14.063534,17.23713371090864
squeezed_Sóc Trăng,2017-10-01,17.072971,20.93080522038907,17.56546,20.93080522038907,17.703508,20.93080522038907,17.207148,20.93080522038907,14.063534,20.93080522038907,10.340834,20.93080522038907
squeezed_Sóc Trăng,2017-11-01,17.56546,17.07297053270952,17.703508,17.07297053270952,17.207148,17.07297053270952,14.063534,17.07297053270952,10.340834,17.07297053270952,14.394441,17.07297053270952
squeezed_Sóc Trăng,2017-12-01,17.703508,17.5654600673069,17.207148,17.5654600673069,14.063534,17.5654600673069,10.340834,17.5654600673069,14.394441,17.5654600673069,12.326274,17.5654600673069
squeezed_Sơn La,2016-01-01,144.95033,162.0033112582781,175.24834,162.0033112582781,213.49338,162.0033112582781,207.53311,162.0033112582781,171.93709,162.0033112582781,151.49007,162.0033112582781
squeezed_Sơn La,2016-02-01,175.24834,144.9503311258278,213.49338,144.9503311258278,207.53311,144.9503311258278,171.93709,144.9503311258278,151.49007,144.9503311258278,150.16556,144.9503311258278
squeezed_Sơn La,2016-03-01,213.49338,175.2483443708609,207.53311,175.2483443708609,171.93709,175.2483443708609,151.49007,175.2483443708609,150.16556,175.2483443708609,202.40067,175.2483443708609
squeezed_Sơn La,2016-04-01,207.53311,213.4933774834437,171.93709,213.4933774834437,151.49007,213.4933774834437,150.16556,213.4933774834437,202.40067,213.4933774834437,180.71191,213.4933774834437
squeezed_Sơn La,2016-05-01,171.93709,207.5331125827815,151.49007,207.5331125827815,150.16556,207.5331125827815,202.40067,207.5331125827815,180.71191,207.5331125827815,163.82451,207.5331125827815
squeezed_Sơn La,2016-06-01,151.49007,171.9370860927152,150.16556,171.9370860927152,202.40067,171.9370860927152,180.71191,171.9370860927152,163.82451,171.9370860927152,7.781457,171.9370860927152
squeezed_Sơn La,2016-07-01,150.16556,151.4900662251656,202.40067,151.4900662251656,180.71191,151.4900662251656,163.82451,151.4900662251656,7.781457,151.4900662251656,108.78523,151.4900662251656
squeezed_Sơn La,2016-08-01,202.40067,150.1655629139073,180.71191,150.1655629139073,163.82451,150.1655629139073,7.781457,150.1655629139073,108.78523,150.1655629139073,122.87786,150.1655629139073
squeezed_Sơn La,2016-09-01,180.71191,202.4006622516557,163.82451,202.4006622516557,7.781457,202.4006622516557,108.78523,202.4006622516557,122.87786,202.4006622516557,0.0,202.4006622516557
squeezed_Sơn La,2016-10-01,163.82451,180.7119205298013,7.781457,180.7119205298013,108.78523,180.7119205298013,122.87786,180.7119205298013,0.0,180.7119205298013,123.86682,180.7119205298013
squeezed_Sơn La,2016-11-01,7.781457,163.8245033112583,108.78523,163.8245033112583,122.87786,163.8245033112583,0.0,163.8245033112583,123.86682,163.8245033112583,118.26273,163.8245033112583
squeezed_Sơn La,2016-12-01,108.78523,7.781456953642383,122.87786,7.781456953642383,0.0,7.781456953642383,123.86682,7.781456953642383,118.26273,7.781456953642383,112.49382,7.781456953642383
squeezed_Sơn La,2017-01-01,122.87786,108.7852315806824,0.0,108.7852315806824,123.86682,108.7852315806824,118.26273,108.7852315806824,112.49382,108.7852315806824,139.03082,108.7852315806824
squeezed_Sơn La,2017-02-01,0.0,122.8778638536344,123.86682,122.8778638536344,118.26273,122.8778638536344,112.49382,122.8778638536344,139.03082,122.8778638536344,202.81853,122.8778638536344
squeezed_Sơn La,2017-03-01,123.86682,0.0,118.26273,0.0,112.49382,0.0,139.03082,0.0,202.81853,0.0,216.00461,0.0
squeezed_Sơn La,2017-04-01,118.26273,123.8668205043679,112.49382,123.8668205043679,139.03082,123.8668205043679,202.81853,123.8668205043679,216.00461,123.8668205043679,179.08357,123.8668205043679
squeezed_Sơn La,2017-05-01,112.49382,118.2627328168782,139.03082,118.2627328168782,202.81853,118.2627328168782,216.00461,118.2627328168782,179.08357,118.2627328168782,159.22202,118.2627328168782
squeezed_Sơn La,2017-06-01,139.03082,112.4938190209329,202.81853,112.4938190209329,216.00461,112.4938190209329,179.08357,112.4938190209329,159.22202,112.4938190209329,142.57458,112.4938190209329
squeezed_Sơn La,2017-07-01,202.81853,139.0308224822812,216.00461,139.0308224822812,179.08357,139.0308224822812,159.22202,139.0308224822812,142.57458,139.0308224822812,156.84048,139.0308224822812
squeezed_Sơn La,2017-08-01,216.00461,202.8185264545904,179.08357,202.8185264545904,159.22202,202.8185264545904,142.57458,202.8185264545904,156.84048,202.8185264545904,106.15522,202.8185264545904
squeezed_Sơn La,2017-09-01,179.08357,216.0046151310367,159.22202,216.0046151310367,142.57458,216.0046151310367,156.84048,216.0046151310367,106.15522,216.0046151310367,0.0,216.0046151310367
squeezed_Sơn La,2017-10-01,159.22202,179.083566836987,142.57458,179.083566836987,156.84048,179.083566836987,106.15522,179.083566836987,0.0,179.083566836987,104.046715,179.083566836987
squeezed_Sơn La,2017-11-01,142.57458,159.2220207680896,156.84048,159.2220207680896,106.15522,159.2220207680896,0.0,159.2220207680896,104.046715,159.2220207680896,94.23405,159.2220207680896
squeezed_Sơn La,2017-12-01,156.84048,142.5745838140761,106.15522,142.5745838140761,0.0,142.5745838140761,104.046715,142.5745838140761,94.23405,142.5745838140761,86.77317,142.5745838140761
squeezed_TT Huế,2016-01-01,146.19934,99.8434510349626,197.5126,99.8434510349626,150.46095,99.8434510349626,130.80536,99.8434510349626,121.32545,99.8434510349626,104.88781,99.8434510349626
squeezed_TT Huế,2016-02-01,197.5126,146.199339015481,150.46095,146.199339015481,130.80536,146.199339015481,121.32545,146.199339015481,104.88781,146.199339015481,119.58601,146.199339015481
squeezed_TT Huế,2016-03-01,150.46095,197.5126108888502,130.80536,197.5126108888502,121.32545,197.5126108888502,104.88781,197.5126108888502,119.58601,197.5126108888502,132.37085,197.5126108888502
squeezed_TT Huế,2016-04-01,130.80536,150.4609497303879,121.32545,150.4609497303879,104.88781,150.4609497303879,119.58601,150.4609497303879,132.37085,150.4609497303879,112.01948,150.4609497303879
squeezed_TT Huế,2016-05-01,121.32545,130.8053574534702,104.88781,130.8053574534702,119.58601,130.8053574534702,132.37085,130.8053574534702,112.01948,130.8053574534702,112.280396,130.8053574534702
squeezed_TT Huế,2016-06-01,104.88781,121.3254479039833,119.58601,121.3254479039833,132.37085,121.3254479039833,112.01948,121.3254479039833,112.280396,121.3254479039833,47.312576,121.3254479039833
squeezed_TT Huế,2016-07-01,119.58601,104.8878065750565,132.37085,104.8878065750565,112.01948,104.8878065750565,112.280396,104.8878065750565,47.312576,104.8878065750565,69.43208,104.8878065750565
squeezed_TT Huế,2016-08-01,132.37085,119.5860149591233,112.01948,119.5860149591233,112.280396,119.5860149591233,47.312576,119.5860149591233,69.43208,119.5860149591233,115.63112,119.5860149591233
squeezed_TT Huế,2016-09-01,112.01948,132.3708471038441,112.280396,132.3708471038441,47.312576,132.3708471038441,69.43208,132.3708471038441,115.63112,132.3708471038441,140.02136,132.3708471038441
squeezed_TT Huế,2016-10-01,112.280396,112.0194816489824,47.312576,112.0194816489824,69.43208,112.0194816489824,115.63112,112.0194816489824,140.02136,112.0194816489824,111.00231,112.0194816489824
squeezed_TT Huế,2016-11-01,47.312576,112.2803965907114,69.43208,112.2803965907114,115.63112,112.2803965907114,140.02136,112.2803965907114,111.00231,112.2803965907114,102.9019,112.2803965907114
squeezed_TT Huế,2016-12-01,69.43208,47.31257610019134,115.63112,47.31257610019134,140.02136,47.31257610019134,111.00231,47.31257610019134,102.9019,47.31257610019134,92.66512,47.31257610019134
squeezed_TT Huế,2017-01-01,115.63112,69.43208118212569,140.02136,69.43208118212569,111.00231,69.43208118212569,102.9019,69.43208118212569,92.66512,69.43208118212569,101.92274,69.43208118212569
squeezed_TT Huế,2017-02-01,140.02136,115.6311198148478,111.00231,115.6311198148478,102.9019,115.6311198148478,92.66512,115.6311198148478,101.92274,115.6311198148478,132.63307,115.6311198148478
squeezed_TT Huế,2017-03-01,111.00231,140.0213637172868,102.9019,140.0213637172868,92.66512,140.0213637172868,101.92274,140.0213637172868,132.63307,140.0213637172868,126.04593,140.0213637172868
squeezed_TT Huế,2017-04-01,102.9019,111.0023144027061,92.66512,111.0023144027061,101.92274,111.0023144027061,132.63307,111.0023144027061,126.04593,111.0023144027061,136.46074,111.0023144027061
squeezed_TT Huế,2017-05-01,92.66512,102.901904931458,101.92274,102.901904931458,132.63307,102.901904931458,126.04593,102.901904931458,136.46074,102.901904931458,127.64821,102.901904931458
squeezed_TT Huế,2017-06-01,101.92274,92.66512373152928,132.63307,92.66512373152928,126.04593,92.66512373152928,136.46074,92.66512373152928,127.64821,92.66512373152928,136.99484,92.66512373152928
squeezed_TT Huế,2017-07-01,132.63307,101.9227345558127,126.04593,101.9227345558127,136.46074,101.9227345558127,127.64821,101.9227345558127,136.99484,101.9227345558127,117.202774,101.9227345558127
squeezed_TT Huế,2017-08-01,126.04593,132.6330781555991,136.46074,132.6330781555991,127.64821,132.6330781555991,136.99484,132.6330781555991,117.202774,132.6330781555991,95.34388,132.6330781555991
squeezed_TT Huế,2017-09-01,136.46074,126.0459319921666,127.64821,126.0459319921666,136.99484,126.0459319921666,117.202774,126.0459319921666,95.34388,126.0459319921666,117.735916,126.0459319921666
squeezed_TT Huế,2017-10-01,127.64821,136.4607441694855,136.99484,136.4607441694855,117.202774,136.4607441694855,95.34388,136.4607441694855,117.735916,136.4607441694855,92.14501,136.4607441694855
squeezed_TT Huế,2017-11-01,136.99484,127.6482107886772,117.202774,127.6482107886772,95.34388,127.6482107886772,117.735916,127.6482107886772,92.14501,127.6482107886772,90.36787,127.6482107886772
squeezed_TT Huế,2017-12-01,117.202774,136.9948371016557,95.34388,136.9948371016557,117.735916,136.9948371016557,92.14501,136.9948371016557,90.36787,136.9948371016557,72.24098,136.9948371016557
squeezed_Thanh Hóa,2016-01-01,198.90599,198.0273786242666,209.93112,198.0273786242666,229.74237,198.0273786242666,219.22739,198.0273786242666,228.26857,198.0273786242666,193.66267,198.0273786242666
squeezed_Thanh Hóa,2016-02-01,209.93112,198.9059887197801,229.74237,198.9059887197801,219.22739,198.9059887197801,228.26857,198.9059887197801,193.66267,198.9059887197801,192.21721,198.9059887197801
squeezed_Thanh Hóa,2016-03-01,229.74237,209.9311283054162,219.22739,209.9311283054162,228.26857,209.9311283054162,193.66267,209.9311283054162,192.21721,209.9311283054162,194.73967,209.9311283054162
squeezed_Thanh Hóa,2016-04-01,219.22739,229.7423688461865,228.26857,229.7423688461865,193.66267,229.7423688461865,192.21721,229.7423688461865,194.73967,229.7423688461865,195.2215,229.7423688461865
squeezed_Thanh Hóa,2016-05-01,228.26857,219.2273899611711,193.66267,219.2273899611711,192.21721,219.2273899611711,194.73967,219.2273899611711,195.2215,219.2273899611711,193.69101,219.2273899611711
squeezed_Thanh Hóa,2016-06-01,193.66267,228.2685712666157,192.21721,228.2685712666157,194.73967,228.2685712666157,195.2215,228.2685712666157,193.69101,228.2685712666157,169.77014,228.2685712666157
squeezed_Thanh Hóa,2016-07-01,192.21721,193.6626704078451,194.73967,193.6626704078451,195.2215,193.6626704078451,193.69101,193.6626704078451,169.77014,193.6626704078451,176.40204,193.6626704078451
squeezed_Thanh Hóa,2016-08-01,194.73967,192.2172150894198,195.2215,192.2172150894198,193.69101,192.2172150894198,169.77014,192.2172150894198,176.40204,192.2172150894198,189.13895,192.2172150894198
squeezed_Thanh Hóa,2016-09-01,195.2215,194.7396763313777,193.69101,194.7396763313777,169.77014,194.7396763313777,176.40204,194.7396763313777,189.13895,194.7396763313777,204.0403,194.7396763313777
squeezed_Thanh Hóa,2016-10-01,193.69101,195.2214947708528,169.77014,195.2214947708528,176.40204,195.2214947708528,189.13895,195.2214947708528,204.0403,195.2214947708528,203.56856,195.2214947708528
squeezed_Thanh Hóa,2016-11-01,169.77014,193.6910126689907,176.40204,193.6910126689907,189.13895,193.6910126689907,204.0403,193.6910126689907,203.56856,193.6910126689907,197.87996,193.6910126689907
squeezed_Thanh Hóa,2016-12-01,176.40204,169.7701442621092,189.13895,169.7701442621092,204.0403,169.7701442621092,203.56856,169.7701442621092,197.87996,169.7701442621092,204.0403,169.7701442621092
squeezed_Thanh Hóa,2017-01-01,189.13895,176.4020312456642,204.0403,176.4020312456642,203.56856,176.4020312456642,197.87996,176.4020312456642,204.0403,176.4020312456642,189.0557,176.4020312456642
squeezed_Thanh Hóa,2017-02-01,204.0403,189.1389405333408,203.56856,189.1389405333408,197.87996,189.1389405333408,204.0403,189.1389405333408,189.0557,189.1389405333408,195.38252,189.1389405333408
squeezed_Thanh Hóa,2017-03-01,203.56856,204.0402919221911,197.87996,204.0402919221911,204.0403,204.0402919221911,189.0557,204.0402919221911,195.38252,204.0402919221911,226.48944,204.0402919221911
squeezed_Thanh Hóa,2017-04-01,197.87996,203.568554541166,204.0403,203.568554541166,189.0557,203.568554541166,195.38252,203.568554541166,226.48944,203.568554541166,219.49663,203.568554541166
squeezed_Thanh Hóa,2017-05-01,204.0403,197.879956711158,189.0557,197.879956711158,195.38252,197.879956711158,226.48944,197.879956711158,219.49663,197.879956711158,191.80287,197.879956711158
squeezed_Thanh Hóa,2017-06-01,189.0557,204.0402919221911,195.38252,204.0402919221911,226.48944,204.0402919221911,219.49663,204.0402919221911,191.80287,204.0402919221911,219.44113,204.0402919221911
squeezed_Thanh Hóa,2017-07-01,195.38252,189.0556927602187,226.48944,189.0556927602187,219.49663,189.0556927602187,191.80287,189.0556927602187,219.44113,189.0556927602187,200.17624,189.0556927602187
squeezed_Thanh Hóa,2017-08-01,226.48944,195.3825235174959,219.49663,195.3825235174959,191.80287,195.3825235174959,219.44113,195.3825235174959,200.17624,195.3825235174959,177.07158,195.3825235174959
squeezed_Thanh Hóa,2017-09-01,219.49663,226.4894414074424,191.80287,226.4894414074424,219.44113,226.4894414074424,200.17624,226.4894414074424,177.07158,226.4894414074424,201.4981,226.4894414074424
squeezed_Thanh Hóa,2017-10-01,191.80287,219.4966284651886,219.44113,219.4966284651886,200.17624,219.4966284651886,177.07158,219.4966284651886,201.4981,219.4966284651886,198.96455,219.4966284651886
squeezed_Thanh Hóa,2017-11-01,219.44113,191.802869273247,200.17624,191.802869273247,177.07158,191.802869273247,201.4981,191.802869273247,198.96455,191.802869273247,177.56726,191.802869273247
squeezed_Thanh Hóa,2017-12-01,200.17624,219.4411299497739,177.07158,219.4411299497739,201.4981,219.4411299497739,198.96455,219.4411299497739,177.56726,219.4411299497739,173.95973,219.4411299497739
squeezed_Thái Bình,2016-01-01,210.72626,200.5027932960894,233.07263,200.5027932960894,229.3296,200.5027932960894,210.05586,200.5027932960894,204.58101,200.5027932960894,208.32402,200.5027932960894
squeezed_Thái Bình,2016-02-01,233.07263,210.7262569832402,229.3296,210.7262569832402,210.05586,210.7262569832402,204.58101,210.7262569832402,208.32402,210.7262569832402,203.40782,210.7262569832402
squeezed_Thái Bình,2016-03-01,229.3296,233.072625698324,210.05586,233.072625698324,204.58101,233.072625698324,208.32402,233.072625698324,203.40782,233.072625698324,219.3296,233.072625698324
squeezed_Thái Bình,2016-04-01,210.05586,229.3296089385475,204.58101,229.3296089385475,208.32402,229.3296089385475,203.40782,229.3296089385475,219.3296,229.3296089385475,162.56984,229.3296089385475
squeezed_Thái Bình,2016-05-01,204.58101,210.0558659217877,208.32402,210.0558659217877,203.40782,210.0558659217877,219.3296,210.0558659217877,162.56984,210.0558659217877,147.43016,210.0558659217877
squeezed_Thái Bình,2016-06-01,208.32402,204.5810055865922,203.40782,204.5810055865922,219.3296,204.5810055865922,162.56984,204.5810055865922,147.43016,204.5810055865922,107.65363,204.5810055865922
squeezed_Thái Bình,2016-07-01,203.40782,208.3240223463687,219.3296,208.3240223463687,162.56984,208.3240223463687,147.43016,208.3240223463687,107.65363,208.3240223463687,179.51357,208.3240223463687
squeezed_Thái Bình,2016-08-01,219.3296,203.4078212290503,162.56984,203.4078212290503,147.43016,203.4078212290503,107.65363,203.4078212290503,179.51357,203.4078212290503,195.92654,203.4078212290503
squeezed_Thái Bình,2016-09-01,162.56984,219.3296089385475,147.43016,219.3296089385475,107.65363,219.3296089385475,179.51357,219.3296089385475,195.92654,219.3296089385475,219.3814,219.3296089385475
squeezed_Thái Bình,2016-10-01,147.43016,162.5698324022346,107.65363,162.5698324022346,179.51357,162.5698324022346,195.92654,162.5698324022346,219.3814,162.5698324022346,197.17242,162.5698324022346
squeezed_Thái Bình,2016-11-01,107.65363,147.4301675977654,179.51357,147.4301675977654,195.92654,147.4301675977654,219.3814,147.4301675977654,197.17242,147.4301675977654,215.75212,147.4301675977654
squeezed_Thái Bình,2016-12-01,179.51357,107.6536312849162,195.92654,107.6536312849162,219.3814,107.6536312849162,197.17242,107.6536312849162,215.75212,107.6536312849162,0.0,107.6536312849162
squeezed_Thái Bình,2017-01-01,195.92654,179.5135691457668,219.3814,179.5135691457668,197.17242,179.5135691457668,215.75212,179.5135691457668,0.0,179.5135691457668,199.88083,179.5135691457668
squeezed_Thái Bình,2017-02-01,219.3814,195.9265478576459,197.17242,195.9265478576459,215.75212,195.9265478576459,0.0,195.9265478576459,199.88083,195.9265478576459,0.0,195.9265478576459
squeezed_Thái Bình,2017-03-01,197.17242,219.3813986241265,215.75212,219.3813986241265,0.0,219.3813986241265,199.88083,219.3813986241265,0.0,219.3813986241265,200.15167,219.3813986241265
squeezed_Thái Bình,2017-04-01,215.75212,197.1724175288446,0.0,197.1724175288446,199.88083,197.1724175288446,0.0,197.1724175288446,200.15167,197.1724175288446,212.66454,197.1724175288446
squeezed_Thái Bình,2017-05-01,0.0,215.752126103678,199.88083,215.752126103678,0.0,215.752126103678,200.15167,215.752126103678,212.66454,215.752126103678,209.46861,215.752126103678
squeezed_Thái Bình,2017-06-01,199.88083,0.0,0.0,0.0,200.15167,0.0,212.66454,0.0,209.46861,0.0,205.08098,0.0
squeezed_Thái Bình,2017-07-01,0.0,199.8808298575375,200.15167,199.8808298575375,212.66454,199.8808298575375,209.46861,199.8808298575375,205.08098,199.8808298575375,202.84775,199.8808298575375
squeezed_Thái Bình,2017-08-01,200.15167,0.0,212.66454,0.0,209.46861,0.0,205.08098,0.0,202.84775,0.0,0.0,0.0
squeezed_Thái Bình,2017-09-01,212.66454,200.1516710904068,209.46861,200.1516710904068,205.08098,200.1516710904068,202.84775,200.1516710904068,0.0,200.1516710904068,212.82562,200.1516710904068
squeezed_Thái Bình,2017-10-01,209.46861,212.6645360489681,205.08098,212.6645360489681,202.84775,212.6645360489681,0.0,212.6645360489681,212.82562,212.6645360489681,199.18019,212.6645360489681
squeezed_Thái Bình,2017-11-01,205.08098,209.4686095011104,202.84775,209.4686095011104,0.0,209.4686095011104,212.82562,209.4686095011104,199.18019,209.4686095011104,194.59576,209.4686095011104
squeezed_Thái Bình,2017-12-01,202.84775,205.0809815286279,0.0,205.0809815286279,212.82562,205.0809815286279,199.18019,205.0809815286279,194.59576,205.0809815286279,191.5215,205.0809815286279
squeezed_Thái Nguyên,2016-01-01,42.12156,41.63271956982238,67.13378,41.63271956982238,60.45299,41.63271956982238,52.71305,41.63271956982238,62.57129,41.63271956982238,46.684048,41.63271956982238
squeezed_Thái Nguyên,2016-02-01,67.13378,42.12155776437999,60.45299,42.12155776437999,52.71305,42.12155776437999,62.57129,42.12155776437999,46.684048,42.12155776437999,66.319046,42.12155776437999
squeezed_Thái Nguyên,2016-03-01,60.45299,67.13377871924394,52.71305,67.13377871924394,62.57129,67.13377871924394,46.684048,67.13377871924394,66.319046,67.13377871924394,67.05231,67.13377871924394
squeezed_Thái Nguyên,2016-04-01,52.71305,60.45299006029003,62.57129,60.45299006029003,46.684048,60.45299006029003,66.319046,60.45299006029003,67.05231,60.45299006029003,53.038944,60.45299006029003
squeezed_Thái Nguyên,2016-05-01,62.57129,52.71305197979469,46.684048,52.71305197979469,66.319046,52.71305197979469,67.05231,52.71305197979469,53.038944,52.71305197979469,47.25436,52.71305197979469
squeezed_Thái Nguyên,2016-06-01,46.684048,62.57128890337298,66.319046,62.57128890337298,67.05231,62.57128890337298,53.038944,62.57128890337298,47.25436,62.57128890337298,26.8861,62.57128890337298
squeezed_Thái Nguyên,2016-07-01,66.319046,46.68404758025093,67.05231,46.68404758025093,53.038944,46.68404758025093,47.25436,46.68404758025093,26.8861,46.68404758025093,35.188282,46.68404758025093
squeezed_Thái Nguyên,2016-08-01,67.05231,66.31904839498127,53.038944,66.31904839498127,47.25436,66.31904839498127,26.8861,66.31904839498127,35.188282,66.31904839498127,45.37855,66.31904839498127
squeezed_Thái Nguyên,2016-09-01,53.038944,67.05230568681766,47.25436,67.05230568681766,26.8861,67.05230568681766,35.188282,67.05230568681766,45.37855,67.05230568681766,56.36494,67.05230568681766
squeezed_Thái Nguyên,2016-10-01,47.25436,53.03894410949975,26.8861,53.03894410949975,35.188282,53.03894410949975,45.37855,53.03894410949975,56.36494,53.03894410949975,43.786324,53.03894410949975
squeezed_Thái Nguyên,2016-11-01,26.8861,47.2543588072348,35.188282,47.2543588072348,45.37855,47.2543588072348,56.36494,47.2543588072348,43.786324,47.2543588072348,45.85622,47.2543588072348
squeezed_Thái Nguyên,2016-12-01,35.188282,26.88610070066807,45.37855,26.88610070066807,56.36494,26.88610070066807,43.786324,26.88610070066807,45.85622,26.88610070066807,43.308655,26.88610070066807
squeezed_Thái Nguyên,2017-01-01,45.37855,35.18828118780352,56.36494,35.18828118780352,43.786324,35.18828118780352,45.85622,35.18828118780352,43.308655,35.18828118780352,41.318367,35.18828118780352
squeezed_Thái Nguyên,2017-02-01,56.36494,45.37855266300454,43.786324,45.37855266300454,45.85622,45.37855266300454,43.308655,45.37855266300454,41.318367,45.37855266300454,39.168858,45.37855266300454
squeezed_Thái Nguyên,2017-03-01,43.786324,56.36493909720564,45.85622,56.36493909720564,43.308655,56.36493909720564,41.318367,56.36493909720564,39.168858,56.36493909720564,49.43874,56.36493909720564
squeezed_Thái Nguyên,2017-04-01,45.85622,43.78632274500438,43.308655,43.78632274500438,41.318367,43.78632274500438,39.168858,43.78632274500438,49.43874,43.78632274500438,56.84261,43.78632274500438
squeezed_Thái Nguyên,2017-05-01,43.308655,45.85622163840458,41.318367,45.85622163840458,39.168858,45.85622163840458,49.43874,45.85622163840458,56.84261,45.85622163840458,47.92612,45.85622163840458
squeezed_Thái Nguyên,2017-06-01,41.318367,43.30865376960433,39.168858,43.30865376960433,49.43874,43.30865376960433,56.84261,43.30865376960433,47.92612,43.30865376960433,49.91641,43.30865376960433
squeezed_Thái Nguyên,2017-07-01,39.168858,41.31836637210414,49.43874,41.31836637210414,56.84261,41.31836637210414,47.92612,41.31836637210414,49.91641,41.31836637210414,45.775753,41.31836637210414
squeezed_Thái Nguyên,2017-08-01,49.43874,39.16885598280392,56.84261,39.16885598280392,47.92612,39.16885598280392,49.91641,39.16885598280392,45.775753,39.16885598280392,35.17588,39.16885598280392
squeezed_Thái Nguyên,2017-09-01,56.84261,49.43873895390495,47.92612,49.43873895390495,49.91641,49.43873895390495,45.775753,49.43873895390495,35.17588,49.43873895390495,99.089195,49.43873895390495
squeezed_Thái Nguyên,2017-10-01,47.92612,56.84260807260569,49.91641,56.84260807260569,45.775753,56.84260807260569,35.17588,56.84260807260569,99.089195,56.84260807260569,48.2098,56.84260807260569
squeezed_Thái Nguyên,2017-11-01,49.91641,47.92612053180479,45.775753,47.92612053180479,35.17588,47.92612053180479,99.089195,47.92612053180479,48.2098,47.92612053180479,50.722363,47.92612053180479
squeezed_Thái Nguyên,2017-12-01,45.775753,49.916407929305,35.17588,49.916407929305,99.089195,49.916407929305,48.2098,49.916407929305,50.722363,49.916407929305,35.80402,49.916407929305
squeezed_Tiền Giang,2016-01-01,0.05746466,0.1149293184691415,0.0,0.1149293184691415,0.0,0.1149293184691415,0.0,0.1149293184691415,0.0,0.1149293184691415,0.0,0.1149293184691415
squeezed_Tiền Giang,2016-02-01,0.0,0.05746465923457074,0.0,0.05746465923457074,0.0,0.05746465923457074,0.0,0.05746465923457074,0.0,0.05746465923457074,0.0,0.05746465923457074
squeezed_Tiền Giang,2016-03-01,0.0,0.0,0.0,0.0,0.0,0.0,0.0,0.0,0.0,0.0,0.0,0.0
squeezed_Tiền Giang,2016-04-01,0.0,0.0,0.0,0.0,0.0,0.0,0.0,0.0,0.0,0.0,0.0,0.0
squeezed_Tiền Giang,2016-05-01,0.0,0.0,0.0,0.0,0.0,0.0,0.0,0.0,0.0,0.0,2.6433744,0.0
squeezed_Tiền Giang,2016-06-01,0.0,0.0,0.0,0.0,0.0,0.0,0.0,0.0,2.6433744,0.0,0.0,0.0
squeezed_Tiền Giang,2016-07-01,0.0,0.0,0.0,0.0,0.0,0.0,2.6433744,0.0,0.0,0.0,0.0,0.0
squeezed_Tiền Giang,2016-08-01,0.0,0.0,0.0,0.0,2.6433744,0.0,0.0,0.0,0.0,0.0,0.0,0.0
squeezed_Tiền Giang,2016-09-01,0.0,0.0,2.6433744,0.0,0.0,0.0,0.0,0.0,0.0,0.0,0.0,0.0
squeezed_Tiền Giang,2016-10-01,2.6433744,0.0,0.0,0.0,0.0,0.0,0.0,0.0,0.0,0.0,0.0,0.0
squeezed_Tiền Giang,2016-11-01,0.0,2.643374324790254,0.0,2.643374324790254,0.0,2.643374324790254,0.0,2.643374324790254,0.0,2.643374324790254,0.0,2.643374324790254
squeezed_Tiền Giang,2016-12-01,0.0,0.0,0.0,0.0,0.0,0.0,0.0,0.0,0.0,0.0,0.0,0.0
squeezed_Tiền Giang,2017-01-01,0.0,0.0,0.0,0.0,0.0,0.0,0.0,0.0,0.0,0.0,0.057084143,0.0
squeezed_Tiền Giang,2017-02-01,0.0,0.0,0.0,0.0,0.0,0.0,0.0,0.0,0.057084143,0.0,0.0,0.0
squeezed_Tiền Giang,2017-03-01,0.0,0.0,0.0,0.0,0.0,0.0,0.057084143,0.0,0.0,0.0,0.0,0.0
squeezed_Tiền Giang,2017-04-01,0.0,0.0,0.0,0.0,0.057084143,0.0,0.0,0.0,0.0,0.0,0.0,0.0
squeezed_Tiền Giang,2017-05-01,0.0,0.0,0.057084143,0.0,0.0,0.0,0.0,0.0,0.0,0.0,0.0,0.0
squeezed_Tiền Giang,2017-06-01,0.057084143,0.0,0.0,0.0,0.0,0.0,0.0,0.0,0.0,0.0,0.0,0.0
squeezed_Tiền Giang,2017-07-01,0.0,0.05708414202534536,0.0,0.05708414202534536,0.0,0.05708414202534536,0.0,0.05708414202534536,0.0,0.05708414202534536,0.0,0.05708414202534536
squeezed_Tiền Giang,2017-08-01,0.0,0.0,0.0,0.0,0.0,0.0,0.0,0.0,0.0,0.0,0.0,0.0
squeezed_Tiền Giang,2017-09-01,0.0,0.0,0.0,0.0,0.0,0.0,0.0,0.0,0.0,0.0,0.0,0.0
squeezed_Tiền Giang,2017-10-01,0.0,0.0,0.0,0.0,0.0,0.0,0.0,0.0,0.0,0.0,0.0,0.0
squeezed_Tiền Giang,2017-11-01,0.0,0.0,0.0,0.0,0.0,0.0,0.0,0.0,0.0,0.0,0.0,0.0
squeezed_Tiền Giang,2017-12-01,0.0,0.0,0.0,0.0,0.0,0.0,0.0,0.0,0.0,0.0,0.0,0.0
squeezed_Trà Vinh,2016-01-01,0.19221528,0.8649687650168189,0.0,0.8649687650168189,0.0,0.8649687650168189,0.4805382,0.8649687650168189,0.9610764,0.8649687650168189,1.2493993,0.8649687650168189
squeezed_Trà Vinh,2016-02-01,0.0,0.1922152811148486,0.0,0.1922152811148486,0.4805382,0.1922152811148486,0.9610764,0.1922152811148486,1.2493993,0.1922152811148486,0.0,0.1922152811148486
squeezed_Trà Vinh,2016-03-01,0.0,0.0,0.4805382,0.0,0.9610764,0.0,1.2493993,0.0,0.0,0.0,0.28832293,0.0
squeezed_Trà Vinh,2016-04-01,0.4805382,0.0,0.9610764,0.0,1.2493993,0.0,0.0,0.0,0.28832293,0.0,0.0,0.0
squeezed_Trà Vinh,2016-05-01,0.9610764,0.4805382027871216,1.2493993,0.4805382027871216,0.0,0.4805382027871216,0.28832293,0.4805382027871216,0.0,0.4805382027871216,0.0,0.4805382027871216
squeezed_Trà Vinh,2016-06-01,1.2493993,0.9610764055742432,0.0,0.9610764055742432,0.28832293,0.9610764055742432,0.0,0.9610764055742432,0.0,0.9610764055742432,0.0,0.9610764055742432
squeezed_Trà Vinh,2016-07-01,0.0,1.249399327246516,0.28832293,1.249399327246516,0.0,1.249399327246516,0.0,1.249399327246516,0.0,1.249399327246516,0.09919651,1.249399327246516
squeezed_Trà Vinh,2016-08-01,0.28832293,0.0,0.0,0.0,0.0,0.0,0.0,0.0,0.09919651,0.0,0.09919651,0.0
squeezed_Trà Vinh,2016-09-01,0.0,0.2883229216722729,0.0,0.2883229216722729,0.0,0.2883229216722729,0.09919651,0.2883229216722729,0.09919651,0.2883229216722729,0.0,0.2883229216722729
squeezed_Trà Vinh,2016-10-01,0.0,0.0,0.0,0.0,0.09919651,0.0,0.09919651,0.0,0.0,0.0,0.09919651,0.0
squeezed_Trà Vinh,2016-11-01,0.0,0.0,0.09919651,0.0,0.09919651,0.0,0.0,0.0,0.09919651,0.0,0.0,0.0
squeezed_Trà Vinh,2016-12-01,0.09919651,0.0,0.09919651,0.0,0.0,0.0,0.09919651,0.0,0.0,0.0,0.0,0.0
squeezed_Trà Vinh,2017-01-01,0.09919651,0.09919650828290844,0.0,0.09919650828290844,0.09919651,0.09919650828290844,0.0,0.09919650828290844,0.0,0.09919650828290844,0.0,0.09919650828290844
squeezed_Trà Vinh,2017-02-01,0.0,0.09919650828290844,0.09919651,0.09919650828290844,0.0,0.09919650828290844,0.0,0.09919650828290844,0.0,0.09919650828290844,0.19839302,0.09919650828290844
squeezed_Trà Vinh,2017-03-01,0.09919651,0.0,0.0,0.0,0.0,0.0,0.0,0.0,0.19839302,0.0,0.0,0.0
squeezed_Trà Vinh,2017-04-01,0.0,0.09919650828290844,0.0,0.09919650828290844,0.0,0.09919650828290844,0.19839302,0.09919650828290844,0.0,0.09919650828290844,0.0,0.09919650828290844
squeezed_Trà Vinh,2017-05-01,0.0,0.0,0.0,0.0,0.19839302,0.0,0.0,0.0,0.0,0.0,0.0,0.0
squeezed_Trà Vinh,2017-06-01,0.0,0.0,0.19839302,0.0,0.0,0.0,0.0,0.0,0.0,0.0,0.0,0.0
squeezed_Trà Vinh,2017-07-01,0.19839302,0.0,0.0,0.0,0.0,0.0,0.0,0.0,0.0,0.0,0.09912768,0.0
squeezed_Trà Vinh,2017-08-01,0.0,0.1983930165658169,0.0,0.1983930165658169,0.0,0.1983930165658169,0.0,0.1983930165658169,0.09912768,0.1983930165658169,0.29738304,0.1983930165658169
squeezed_Trà Vinh,2017-09-01,0.0,0.0,0.0,0.0,0.0,0.0,0.09912768,0.0,0.29738304,0.0,0.39651072,0.0
squeezed_Trà Vinh,2017-10-01,0.0,0.0,0.0,0.0,0.09912768,0.0,0.29738304,0.0,0.39651072,0.0,1.5860429,0.0
squeezed_Trà Vinh,2017-11-01,0.0,0.0,0.09912768,0.0,0.29738304,0.0,0.39651072,0.0,1.5860429,0.0,2.5773196,0.0
squeezed_Trà Vinh,2017-12-01,0.09912768,0.0,0.29738304,0.0,0.39651072,0.0,1.5860429,0.0,2.5773196,0.0,3.1720858,0.0
squeezed_Tuyên Quang,2016-01-01,121.91942,137.3060372929978,189.33368,137.3060372929978,132.7422,137.3060372929978,138.08841,137.3060372929978,134.17656,137.3060372929978,115.269264,137.3060372929978
squeezed_Tuyên Quang,2016-02-01,189.33368,121.9194158299648,132.7422,121.9194158299648,138.08841,121.9194158299648,134.17656,121.9194158299648,115.269264,121.9194158299648,140.9571,121.9194158299648
squeezed_Tuyên Quang,2016-03-01,132.7422,189.3336810535924,138.08841,189.3336810535924,134.17656,189.3336810535924,115.269264,189.3336810535924,140.9571,189.3336810535924,185.9434,189.3336810535924
squeezed_Tuyên Quang,2016-04-01,138.08841,132.7422088929456,134.17656,132.7422088929456,115.269264,132.7422088929456,140.9571,132.7422088929456,185.9434,132.7422088929456,148.38962,132.7422088929456
squeezed_Tuyên Quang,2016-05-01,134.17656,138.0884078758639,115.269264,138.0884078758639,140.9571,138.0884078758639,185.9434,138.0884078758639,148.38962,138.0884078758639,149.95436,138.0884078758639
squeezed_Tuyên Quang,2016-06-01,115.269264,134.1765549615334,140.9571,134.1765549615334,185.9434,134.1765549615334,148.38962,134.1765549615334,149.95436,134.1765549615334,107.44556,134.1765549615334
squeezed_Tuyên Quang,2016-07-01,140.9571,115.2692658756031,185.9434,115.2692658756031,148.38962,115.2692658756031,149.95436,115.2692658756031,107.44556,115.2692658756031,0.0,115.2692658756031
squeezed_Tuyên Quang,2016-08-01,185.9434,140.9571000130395,148.38962,140.9571000130395,149.95436,140.9571000130395,107.44556,140.9571000130395,0.0,140.9571000130395,0.0,140.9571000130395
squeezed_Tuyên Quang,2016-09-01,148.38962,185.9434085278394,149.95436,185.9434085278394,107.44556,185.9434085278394,0.0,185.9434085278394,0.0,185.9434085278394,0.0,185.9434085278394
squeezed_Tuyên Quang,2016-10-01,149.95436,148.3896205502673,107.44556,148.3896205502673,0.0,148.3896205502673,0.0,148.3896205502673,0.0,148.3896205502673,0.0,148.3896205502673
squeezed_Tuyên Quang,2016-11-01,107.44556,149.9543617159995,0.0,149.9543617159995,0.0,149.9543617159995,0.0,149.9543617159995,0.0,149.9543617159995,0.0,149.9543617159995
squeezed_Tuyên Quang,2016-12-01,0.0,107.4455600469422,0.0,107.4455600469422,0.0,107.4455600469422,0.0,107.4455600469422,0.0,107.4455600469422,0.0,107.4455600469422
squeezed_Tuyên Quang,2017-01-01,0.0,0.0,0.0,0.0,0.0,0.0,0.0,0.0,0.0,0.0,0.0,0.0
squeezed_Tuyên Quang,2017-02-01,0.0,0.0,0.0,0.0,0.0,0.0,0.0,0.0,0.0,0.0,0.0,0.0
squeezed_Tuyên Quang,2017-03-01,0.0,0.0,0.0,0.0,0.0,0.0,0.0,0.0,0.0,0.0,0.0,0.0
squeezed_Tuyên Quang,2017-04-01,0.0,0.0,0.0,0.0,0.0,0.0,0.0,0.0,0.0,0.0,0.0,0.0
squeezed_Tuyên Quang,2017-05-01,0.0,0.0,0.0,0.0,0.0,0.0,0.0,0.0,0.0,0.0,0.0,0.0
squeezed_Tuyên Quang,2017-06-01,0.0,0.0,0.0,0.0,0.0,0.0,0.0,0.0,0.0,0.0,0.0,0.0
squeezed_Tuyên Quang,2017-07-01,0.0,0.0,0.0,0.0,0.0,0.0,0.0,0.0,0.0,0.0,116.92149,0.0
squeezed_Tuyên Quang,2017-08-01,0.0,0.0,0.0,0.0,0.0,0.0,0.0,0.0,116.92149,0.0,144.28883,0.0
squeezed_Tuyên Quang,2017-09-01,0.0,0.0,0.0,0.0,0.0,0.0,116.92149,0.0,144.28883,0.0,119.10574,0.0
squeezed_Tuyên Quang,2017-10-01,0.0,0.0,0.0,0.0,116.92149,0.0,144.28883,0.0,119.10574,0.0,137.09366,0.0
squeezed_Tuyên Quang,2017-11-01,0.0,0.0,116.92149,0.0,144.28883,0.0,119.10574,0.0,137.09366,0.0,131.18335,0.0
squeezed_Tuyên Quang,2017-12-01,116.92149,0.0,144.28883,0.0,119.10574,0.0,137.09366,0.0,131.18335,0.0,145.4452,0.0
squeezed_Tây Ninh,2016-01-01,4.647837,5.899177690382553,4.2009296,5.899177690382553,5.362889,5.899177690382553,7.418663,5.899177690382553,3.7540221,5.899177690382553,6.882374,5.899177690382553
squeezed_Tây Ninh,2016-02-01,4.2009296,4.647836968180194,5.362889,4.647836968180194,7.418663,4.647836968180194,3.7540221,4.647836968180194,6.882374,4.647836968180194,4.9159813,4.647836968180194
squeezed_Tây Ninh,2016-03-01,5.362889,4.200929567393636,7.418663,4.200929567393636,3.7540221,4.200929567393636,6.882374,4.200929567393636,4.9159813,4.200929567393636,2.6814444,4.200929567393636
squeezed_Tây Ninh,2016-04-01,7.418663,5.362888809438685,3.7540221,5.362888809438685,6.882374,5.362888809438685,4.9159813,5.362888809438685,2.6814444,5.362888809438685,2.9495888,5.362888809438685
squeezed_Tây Ninh,2016-05-01,3.7540221,7.418662853056847,6.882374,7.418662853056847,4.9159813,7.418662853056847,2.6814444,7.418662853056847,2.9495888,7.418662853056847,3.3071148,7.418662853056847
squeezed_Tây Ninh,2016-06-01,6.882374,3.754022166607079,4.9159813,3.754022166607079,2.6814444,3.754022166607079,2.9495888,3.754022166607079,3.3071148,3.754022166607079,1.4301037,3.754022166607079
squeezed_Tây Ninh,2016-07-01,4.9159813,6.882373972112979,2.6814444,6.882373972112979,2.9495888,6.882373972112979,3.3071148,6.882373972112979,1.4301037,6.882373972112979,3.1274433,6.882373972112979
squeezed_Tây Ninh,2016-08-01,2.6814444,4.915981408652128,2.9495888,4.915981408652128,3.3071148,4.915981408652128,1.4301037,4.915981408652128,3.1274433,4.915981408652128,2.432456,4.915981408652128
squeezed_Tây Ninh,2016-09-01,2.9495888,2.681444404719342,3.3071148,2.681444404719342,1.4301037,2.681444404719342,3.1274433,2.681444404719342,2.432456,2.681444404719342,3.1274433,2.681444404719342
squeezed_Tây Ninh,2016-10-01,3.3071148,2.949588845191276,1.4301037,2.949588845191276,3.1274433,2.949588845191276,2.432456,2.949588845191276,3.1274433,2.949588845191276,5.0386586,2.949588845191276
squeezed_Tây Ninh,2016-11-01,1.4301037,3.307114765820522,3.1274433,3.307114765820522,2.432456,3.307114765820522,3.1274433,3.307114765820522,5.0386586,3.307114765820522,3.7355573,3.307114765820522
squeezed_Tây Ninh,2016-12-01,3.1274433,1.430103682516983,2.432456,1.430103682516983,3.1274433,1.430103682516983,5.0386586,1.430103682516983,3.7355573,1.430103682516983,6.168013,1.430103682516983
squeezed_Tây Ninh,2017-01-01,2.432456,3.127443315089915,3.1274433,3.127443315089915,5.0386586,3.127443315089915,3.7355573,3.127443315089915,6.168013,3.127443315089915,6.4286337,3.127443315089915
squeezed_Tây Ninh,2017-02-01,3.1274433,2.4324559117366,5.0386586,2.4324559117366,3.7355573,2.4324559117366,6.168013,2.4324559117366,6.4286337,2.4324559117366,8.3398485,2.4324559117366
squeezed_Tây Ninh,2017-03-01,5.0386586,3.127443315089915,3.7355573,3.127443315089915,6.168013,3.127443315089915,6.4286337,3.127443315089915,8.3398485,3.127443315089915,10.164191,3.127443315089915
squeezed_Tây Ninh,2017-04-01,3.7355573,5.038658674311528,6.168013,5.038658674311528,6.4286337,5.038658674311528,8.3398485,5.038658674311528,10.164191,5.038658674311528,8.86109,5.038658674311528
squeezed_Tây Ninh,2017-05-01,6.168013,3.735557293024065,6.4286337,3.735557293024065,8.3398485,3.735557293024065,10.164191,3.735557293024065,8.86109,3.735557293024065,6.7761273,3.735557293024065
squeezed_Tây Ninh,2017-06-01,6.4286337,6.168013204760664,8.3398485,6.168013204760664,10.164191,6.168013204760664,8.86109,6.168013204760664,6.7761273,6.168013204760664,5.5598993,6.168013204760664
squeezed_Tây Ninh,2017-07-01,8.3398485,6.428633481018157,10.164191,6.428633481018157,8.86109,6.428633481018157,6.7761273,6.428633481018157,5.5598993,6.428633481018157,7.6677866,6.428633481018157
squeezed_Tây Ninh,2017-08-01,10.164191,8.339848840239771,8.86109,8.339848840239771,6.7761273,8.339848840239771,5.5598993,8.339848840239771,7.6677866,8.339848840239771,5.772379,8.339848840239771
squeezed_Tây Ninh,2017-09-01,8.86109,10.16419077404222,6.7761273,10.16419077404222,5.5598993,10.16419077404222,7.6677866,10.16419077404222,5.772379,10.16419077404222,6.461618,10.16419077404222
squeezed_Tây Ninh,2017-10-01,6.7761273,8.861089392754758,5.5598993,8.861089392754758,7.6677866,8.861089392754758,5.772379,8.861089392754758,6.461618,8.861089392754758,6.461618,8.861089392754758
squeezed_Tây Ninh,2017-11-01,5.5598993,6.776127182694815,7.6677866,6.776127182694815,5.772379,6.776127182694815,6.461618,6.776127182694815,6.461618,6.776127182694815,5.9446883,6.776127182694815
squeezed_Tây Ninh,2017-12-01,7.6677866,5.559899226826514,5.772379,5.559899226826514,6.461618,5.559899226826514,6.461618,5.559899226826514,5.9446883,5.559899226826514,8.012406,5.559899226826514
squeezed_Vĩnh Phúc,2016-01-01,109.193245,118.2926829268293,154.5028,118.2926829268293,106.94184,118.2926829268293,112.945595,118.2926829268293,102.2514,118.2926829268293,105.34709,118.2926829268293
squeezed_Vĩnh Phúc,2016-02-01,154.5028,109.1932457786116,106.94184,109.1932457786116,112.945595,109.1932457786116,102.2514,109.1932457786116,105.34709,109.1932457786116,114.35272,109.1932457786116
squeezed_Vĩnh Phúc,2016-03-01,106.94184,154.5028142589118,112.945595,154.5028142589118,102.2514,154.5028142589118,105.34709,154.5028142589118,114.35272,154.5028142589118,109.756096,154.5028142589118
squeezed_Vĩnh Phúc,2016-04-01,112.945595,106.9418386491557,102.2514,106.9418386491557,105.34709,106.9418386491557,114.35272,106.9418386491557,109.756096,106.9418386491557,117.16698,106.9418386491557
squeezed_Vĩnh Phúc,2016-05-01,102.2514,112.9455909943715,105.34709,112.9455909943715,114.35272,112.9455909943715,109.756096,112.9455909943715,117.16698,112.9455909943715,98.9681,112.9455909943715
squeezed_Vĩnh Phúc,2016-06-01,105.34709,102.2514071294559,114.35272,102.2514071294559,109.756096,102.2514071294559,117.16698,102.2514071294559,98.9681,102.2514071294559,28.611631,102.2514071294559
squeezed_Vĩnh Phúc,2016-07-01,114.35272,105.3470919324578,109.756096,105.3470919324578,117.16698,105.3470919324578,98.9681,105.3470919324578,28.611631,105.3470919324578,86.36809,105.3470919324578
squeezed_Vĩnh Phúc,2016-08-01,109.756096,114.3527204502814,117.16698,114.3527204502814,98.9681,114.3527204502814,28.611631,114.3527204502814,86.36809,114.3527204502814,81.738045,114.3527204502814
squeezed_Vĩnh Phúc,2016-09-01,117.16698,109.7560975609756,98.9681,109.7560975609756,28.611631,109.7560975609756,86.36809,109.7560975609756,81.738045,109.7560975609756,0.0,109.7560975609756
squeezed_Vĩnh Phúc,2016-10-01,98.9681,117.1669793621013,28.611631,117.1669793621013,86.36809,117.1669793621013,81.738045,117.1669793621013,0.0,117.1669793621013,96.51856,117.1669793621013
squeezed_Vĩnh Phúc,2016-11-01,28.611631,98.96810506566605,86.36809,98.96810506566605,81.738045,98.96810506566605,0.0,98.96810506566605,96.51856,98.96810506566605,75.23818,98.96810506566605
squeezed_Vĩnh Phúc,2016-12-01,86.36809,28.61163227016886,81.738045,28.61163227016886,0.0,28.61163227016886,96.51856,28.61163227016886,75.23818,28.61163227016886,80.22438,28.61163227016886
squeezed_Vĩnh Phúc,2017-01-01,81.738045,86.3680883269522,0.0,86.3680883269522,96.51856,86.3680883269522,75.23818,86.3680883269522,80.22438,86.3680883269522,76.39569,86.3680883269522
squeezed_Vĩnh Phúc,2017-02-01,0.0,81.73804647849703,96.51856,81.73804647849703,75.23818,81.73804647849703,80.22438,81.73804647849703,76.39569,81.73804647849703,0.0,81.73804647849703
squeezed_Vĩnh Phúc,2017-03-01,96.51856,0.0,75.23818,0.0,80.22438,0.0,76.39569,0.0,0.0,0.0,77.64224,0.0
squeezed_Vĩnh Phúc,2017-04-01,75.23818,96.51856468702698,80.22438,96.51856468702698,76.39569,96.51856468702698,0.0,96.51856468702698,77.64224,96.51856468702698,86.813286,96.51856468702698
squeezed_Vĩnh Phúc,2017-05-01,80.22438,75.23818003739649,76.39569,75.23818003739649,0.0,75.23818003739649,77.64224,75.23818003739649,86.813286,75.23818003739649,77.82032,75.23818003739649
squeezed_Vĩnh Phúc,2017-06-01,76.39569,80.22437895111744,0.0,80.22437895111744,77.64224,80.22437895111744,86.813286,80.22437895111744,77.82032,80.22437895111744,0.0,80.22437895111744
squeezed_Vĩnh Phúc,2017-07-01,0.0,76.3956904995103,77.64224,76.3956904995103,86.813286,76.3956904995103,77.82032,76.3956904995103,0.0,76.3956904995103,0.0,76.3956904995103
squeezed_Vĩnh Phúc,2017-08-01,77.64224,0.0,86.813286,0.0,77.82032,0.0,0.0,0.0,0.0,0.0,0.0,0.0
squeezed_Vĩnh Phúc,2017-09-01,86.813286,77.64224022794053,77.82032,77.64224022794053,0.0,77.64224022794053,0.0,77.64224022794053,0.0,77.64224022794053,0.0,77.64224022794053
squeezed_Vĩnh Phúc,2017-10-01,77.82032,86.81328465853441,0.0,86.81328465853441,0.0,86.81328465853441,0.0,86.81328465853441,0.0,86.81328465853441,0.0,86.81328465853441
squeezed_Vĩnh Phúc,2017-11-01,0.0,77.82031876057341,0.0,77.82031876057341,0.0,77.82031876057341,0.0,77.82031876057341,0.0,77.82031876057341,0.0,77.82031876057341
squeezed_Vĩnh Phúc,2017-12-01,0.0,0.0,0.0,0.0,0.0,0.0,0.0,0.0,0.0,0.0,0.0,0.0
squeezed_Yên Bái,2016-01-01,45.869267,48.11898512685914,118.23522,48.11898512685914,131.60855,48.11898512685914,67.866516,48.11898512685914,50.993626,48.11898512685914,55.868015,48.11898512685914
squeezed_Yên Bái,2016-02-01,118.23522,45.86926634170729,131.60855,45.86926634170729,67.866516,45.86926634170729,50.993626,45.86926634170729,55.868015,45.86926634170729,101.86227,45.86926634170729
squeezed_Yên Bái,2016-03-01,131.60855,118.2352205974253,67.866516,118.2352205974253,50.993626,118.2352205974253,55.868015,118.2352205974253,101.86227,118.2352205974253,128.109,118.2352205974253
squeezed_Yên Bái,2016-04-01,67.866516,131.6085489313836,50.993626,131.6085489313836,55.868015,131.6085489313836,101.86227,131.6085489313836,128.109,131.6085489313836,94.363205,131.6085489313836
squeezed_Yên Bái,2016-05-01,50.993626,67.86651668541433,55.868015,67.86651668541433,101.86227,67.86651668541433,128.109,67.86651668541433,94.363205,67.86651668541433,81.6148,67.86651668541433
squeezed_Yên Bái,2016-06-01,55.868015,50.9936257967754,101.86227,50.9936257967754,128.109,50.9936257967754,94.363205,50.9936257967754,81.6148,50.9936257967754,3.624547,50.9936257967754
squeezed_Yên Bái,2016-07-01,101.86227,55.86801649793776,128.109,55.86801649793776,94.363205,55.86801649793776,81.6148,55.86801649793776,3.624547,55.86801649793776,48.804657,55.86801649793776
squeezed_Yên Bái,2016-08-01,128.109,101.8622672165979,94.363205,101.8622672165979,81.6148,101.8622672165979,3.624547,101.8622672165979,48.804657,101.8622672165979,88.6907,101.8622672165979
squeezed_Yên Bái,2016-09-01,94.363205,128.1089863767029,81.6148,128.1089863767029,3.624547,128.1089863767029,48.804657,128.1089863767029,88.6907,128.1089863767029,108.50985,128.1089863767029
squeezed_Yên Bái,2016-10-01,81.6148,94.36320459942506,3.624547,94.36320459942506,48.804657,94.36320459942506,88.6907,94.36320459942506,108.50985,94.36320459942506,118.54329,94.36320459942506
squeezed_Yên Bái,2016-11-01,3.624547,81.61479815023121,48.804657,81.61479815023121,88.6907,81.61479815023121,108.50985,81.61479815023121,118.54329,81.61479815023121,77.79016,81.61479815023121
squeezed_Yên Bái,2016-12-01,48.804657,3.624546931633546,88.6907,3.624546931633546,108.50985,3.624546931633546,118.54329,3.624546931633546,77.79016,3.624546931633546,63.04967,3.624546931633546
squeezed_Yên Bái,2017-01-01,88.6907,48.80465750030968,108.50985,48.80465750030968,118.54329,48.80465750030968,77.79016,48.80465750030968,63.04967,48.80465750030968,57.599407,48.80465750030968
squeezed_Yên Bái,2017-02-01,108.50985,88.69069738634957,118.54329,88.69069738634957,77.79016,88.69069738634957,63.04967,88.69069738634957,57.599407,88.69069738634957,80.63917,88.69069738634957
squeezed_Yên Bái,2017-03-01,118.54329,108.5098476402824,77.79016,108.5098476402824,63.04967,108.5098476402824,57.599407,108.5098476402824,80.63917,108.5098476402824,91.78744,108.5098476402824
squeezed_Yên Bái,2017-04-01,77.79016,118.5432924563359,63.04967,118.5432924563359,57.599407,118.5432924563359,80.63917,118.5432924563359,91.78744,118.5432924563359,85.09847,118.5432924563359
squeezed_Yên Bái,2017-05-01,63.04967,77.79016474668649,57.599407,77.79016474668649,80.63917,77.79016474668649,91.78744,77.79016474668649,85.09847,77.79016474668649,68.62381,77.79016474668649
squeezed_Yên Bái,2017-06-01,57.599407,63.04967174532392,80.63917,63.04967174532392,91.78744,63.04967174532392,85.09847,63.04967174532392,68.62381,63.04967174532392,70.85346,63.04967174532392
squeezed_Yên Bái,2017-07-01,80.63917,57.59940542549239,91.78744,57.59940542549239,85.09847,57.59940542549239,68.62381,57.59940542549239,70.85346,57.59940542549239,47.753498,57.59940542549239
squeezed_Yên Bái,2017-08-01,91.78744,80.63916759568934,85.09847,80.63916759568934,68.62381,80.63916759568934,70.85346,80.63916759568934,47.753498,80.63916759568934,34.495457,80.63916759568934
squeezed_Yên Bái,2017-09-01,85.09847,91.78743961352657,68.62381,91.78743961352657,70.85346,91.78743961352657,47.753498,91.78743961352657,34.495457,91.78743961352657,47.38522,91.78743961352657
squeezed_Yên Bái,2017-10-01,68.62381,85.09847640282423,70.85346,85.09847640282423,47.753498,85.09847640282423,34.495457,85.09847640282423,47.38522,85.09847640282423,41.00172,85.09847640282423
squeezed_Yên Bái,2017-11-01,70.85346,68.62380775424253,47.753498,68.62380775424253,34.495457,68.62380775424253,47.38522,68.62380775424253,41.00172,68.62380775424253,38.178246,68.62380775424253
squeezed_Yên Bái,2017-12-01,47.753498,70.85346215780999,34.495457,70.85346215780999,47.38522,70.85346215780999,41.00172,70.85346215780999,38.178246,70.85346215780999,30.812668,70.85346215780999
squeezed_Điện Biên,2016-01-01,189.80983,205.7768209544313,229.6376,205.7768209544313,214.02942,205.7768209544313,222.10262,205.7768209544313,183.17188,205.7768209544313,177.96915,205.7768209544313
squeezed_Điện Biên,2016-02-01,229.6376,189.8098313598852,214.02942,189.8098313598852,222.10262,189.8098313598852,183.17188,189.8098313598852,177.96915,189.8098313598852,228.74059,189.8098313598852
squeezed_Điện Biên,2016-03-01,214.02942,229.637603157517,222.10262,229.637603157517,183.17188,229.637603157517,177.96915,229.637603157517,228.74059,229.637603157517,205.77682,229.637603157517
squeezed_Điện Biên,2016-04-01,222.10262,214.0294223179046,183.17188,214.0294223179046,177.96915,214.0294223179046,228.74059,214.0294223179046,205.77682,214.0294223179046,188.0158,214.0294223179046
squeezed_Điện Biên,2016-05-01,183.17188,222.102619303911,177.96915,222.102619303911,228.74059,222.102619303911,205.77682,222.102619303911,188.0158,222.102619303911,232.68748,222.102619303911
squeezed_Điện Biên,2016-06-01,177.96915,183.1718693936132,228.74059,183.1718693936132,205.77682,183.1718693936132,188.0158,183.1718693936132,232.68748,183.1718693936132,0.0,183.1718693936132
squeezed_Điện Biên,2016-07-01,228.74059,177.9691424470757,205.77682,177.9691424470757,188.0158,177.9691424470757,232.68748,177.9691424470757,0.0,177.9691424470757,117.535385,177.9691424470757
squeezed_Điện Biên,2016-08-01,205.77682,228.740581270183,188.0158,228.740581270183,232.68748,228.740581270183,0.0,228.740581270183,117.535385,228.740581270183,0.0,228.740581270183
squeezed_Điện Biên,2016-09-01,188.0158,205.7768209544313,232.68748,205.7768209544313,0.0,205.7768209544313,117.535385,205.7768209544313,0.0,205.7768209544313,0.0,205.7768209544313
squeezed_Điện Biên,2016-10-01,232.68748,188.0157875852171,0.0,188.0157875852171,117.535385,188.0157875852171,0.0,188.0157875852171,0.0,188.0157875852171,163.96272,188.0157875852171
squeezed_Điện Biên,2016-11-01,0.0,232.6874775744528,117.535385,232.6874775744528,0.0,232.6874775744528,0.0,232.6874775744528,163.96272,232.6874775744528,181.91232,232.6874775744528
squeezed_Điện Biên,2016-12-01,117.535385,0.0,0.0,0.0,0.0,0.0,163.96272,0.0,181.91232,0.0,179.32344,0.0
squeezed_Điện Biên,2017-01-01,0.0,117.5353814290645,0.0,117.5353814290645,163.96272,117.5353814290645,181.91232,117.5353814290645,179.32344,117.5353814290645,0.0,117.5353814290645
squeezed_Điện Biên,2017-02-01,0.0,0.0,163.96272,0.0,181.91232,0.0,179.32344,0.0,0.0,0.0,205.38489,0.0
squeezed_Điện Biên,2017-03-01,163.96272,0.0,181.91232,0.0,179.32344,0.0,0.0,0.0,205.38489,0.0,283.05142,0.0
squeezed_Điện Biên,2017-04-01,181.91232,163.9627200552296,179.32344,163.9627200552296,0.0,163.9627200552296,205.38489,163.9627200552296,283.05142,163.9627200552296,0.0,163.9627200552296
squeezed_Điện Biên,2017-05-01,179.32344,181.9123230928547,0.0,181.9123230928547,205.38489,181.9123230928547,283.05142,181.9123230928547,0.0,181.9123230928547,202.10562,181.9123230928547
squeezed_Điện Biên,2017-06-01,0.0,179.3234380393511,205.38489,179.3234380393511,283.05142,179.3234380393511,0.0,179.3234380393511,202.10562,179.3234380393511,0.0,179.3234380393511
squeezed_Điện Biên,2017-07-01,205.38489,0.0,283.05142,0.0,0.0,0.0,202.10562,0.0,0.0,0.0,0.0,0.0
squeezed_Điện Biên,2017-08-01,283.05142,205.3848809112875,0.0,205.3848809112875,202.10562,205.3848809112875,0.0,205.3848809112875,0.0,205.3848809112875,159.35648,205.3848809112875
squeezed_Điện Biên,2017-09-01,0.0,283.0514325163963,202.10562,283.0514325163963,0.0,283.0514325163963,0.0,283.0514325163963,159.35648,283.0514325163963,0.0,283.0514325163963
squeezed_Điện Biên,2017-10-01,202.10562,0.0,0.0,0.0,0.0,0.0,159.35648,0.0,0.0,0.0,0.0,0.0
squeezed_Điện Biên,2017-11-01,0.0,202.105626510183,0.0,202.105626510183,159.35648,202.105626510183,0.0,202.105626510183,0.0,202.105626510183,0.0,202.105626510183
squeezed_Điện Biên,2017-12-01,0.0,0.0,159.35648,0.0,0.0,0.0,0.0,0.0,0.0,0.0,0.0,0.0
squeezed_Đà Nẵng,2016-01-01,49.034603,48.26992926782642,43.681896,48.26992926782642,52.857964,48.26992926782642,29.05754,48.26992926782642,53.71822,48.26992926782642,33.35882,48.26992926782642
squeezed_Đà Nẵng,2016-02-01,43.681896,49.03460141464347,52.857964,49.03460141464347,29.05754,49.03460141464347,53.71822,49.03460141464347,33.35882,49.03460141464347,51.424202,49.03460141464347
squeezed_Đà Nẵng,2016-03-01,52.857964,43.6818963869241,29.05754,43.6818963869241,53.71822,43.6818963869241,33.35882,43.6818963869241,51.424202,43.6818963869241,48.174347,43.6818963869241
squeezed_Đà Nẵng,2016-04-01,29.05754,52.85796214872873,53.71822,52.85796214872873,33.35882,52.85796214872873,51.424202,52.85796214872873,48.174347,52.85796214872873,35.270504,52.85796214872873
squeezed_Đà Nẵng,2016-05-01,53.71822,29.05754157904798,33.35882,29.05754157904798,51.424202,29.05754157904798,48.174347,29.05754157904798,35.270504,29.05754157904798,35.844006,29.05754157904798
squeezed_Đà Nẵng,2016-06-01,33.35882,53.71821831389791,51.424202,53.71821831389791,48.174347,53.71821831389791,35.270504,53.71821831389791,35.844006,53.71821831389791,35.844006,53.71821831389791
squeezed_Đà Nẵng,2016-07-01,51.424202,33.3588224048939,48.174347,33.3588224048939,35.270504,33.3588224048939,35.844006,33.3588224048939,35.844006,33.3588224048939,83.07524,33.3588224048939
squeezed_Đà Nẵng,2016-08-01,48.174347,51.42420187344676,35.270504,51.42420187344676,35.844006,51.42420187344676,35.844006,51.42420187344676,83.07524,51.42420187344676,27.23629,51.42420187344676
squeezed_Đà Nẵng,2016-09-01,35.270504,48.17434524947429,35.844006,48.17434524947429,35.844006,48.17434524947429,83.07524,48.17434524947429,27.23629,48.17434524947429,59.027145,48.17434524947429
squeezed_Đà Nẵng,2016-10-01,35.844006,35.27050277193653,35.844006,35.27050277193653,83.07524,35.27050277193653,27.23629,35.27050277193653,59.027145,35.27050277193653,38.167244,35.27050277193653
squeezed_Đà Nẵng,2016-11-01,35.844006,35.84400688204931,83.07524,35.84400688204931,27.23629,35.84400688204931,59.027145,35.84400688204931,38.167244,35.84400688204931,49.18929,35.84400688204931
squeezed_Đà Nẵng,2016-12-01,83.07524,35.84400688204931,27.23629,35.84400688204931,59.027145,35.84400688204931,38.167244,35.84400688204931,49.18929,35.84400688204931,16.760794,35.84400688204931
squeezed_Đà Nẵng,2017-01-01,27.23629,83.07524139187467,59.027145,83.07524139187467,38.167244,83.07524139187467,49.18929,83.07524139187467,16.760794,83.07524139187467,19.402441,83.07524139187467
squeezed_Đà Nẵng,2017-02-01,59.027145,27.23629076334487,38.167244,27.23629076334487,49.18929,27.23629076334487,16.760794,27.23629076334487,19.402441,27.23629076334487,0.0,27.23629076334487
squeezed_Đà Nẵng,2017-03-01,38.167244,59.02714519948989,49.18929,59.02714519948989,16.760794,59.02714519948989,19.402441,59.02714519948989,0.0,59.02714519948989,0.0,59.02714519948989
squeezed_Đà Nẵng,2017-04-01,49.18929,38.16724357806523,16.760794,38.16724357806523,19.402441,38.16724357806523,0.0,38.16724357806523,0.0,38.16724357806523,0.0,38.16724357806523
squeezed_Đà Nẵng,2017-05-01,16.760794,49.18928766624158,19.402441,49.18928766624158,0.0,49.18928766624158,0.0,49.18928766624158,0.0,49.18928766624158,0.0,49.18928766624158
squeezed_Đà Nẵng,2017-06-01,19.402441,16.76079431590454,0.0,16.76079431590454,0.0,16.76079431590454,0.0,16.76079431590454,0.0,16.76079431590454,0.0,16.76079431590454
squeezed_Đà Nẵng,2017-07-01,0.0,19.40244124612862,0.0,19.40244124612862,0.0,19.40244124612862,0.0,19.40244124612862,0.0,19.40244124612862,25.125628,19.40244124612862
squeezed_Đà Nẵng,2017-08-01,0.0,0.0,0.0,0.0,0.0,0.0,0.0,0.0,25.125628,0.0,23.241205,0.0
squeezed_Đà Nẵng,2017-09-01,0.0,0.0,0.0,0.0,0.0,0.0,25.125628,0.0,23.241205,0.0,25.753769,0.0
squeezed_Đà Nẵng,2017-10-01,0.0,0.0,0.0,0.0,25.125628,0.0,23.241205,0.0,25.753769,0.0,21.805456,0.0
squeezed_Đà Nẵng,2017-11-01,0.0,0.0,25.125628,0.0,23.241205,0.0,25.753769,0.0,21.805456,0.0,24.676956,0.0
squeezed_Đà Nẵng,2017-12-01,25.125628,0.0,23.241205,0.0,25.753769,0.0,21.805456,0.0,24.676956,0.0,0.0,0.0
squeezed_Đắk Lắk,2016-01-01,54.681248,64.81728460922913,64.81728,64.81728460922913,66.364365,64.81728460922913,68.49827,64.81728460922913,61.349693,64.81728460922913,52.28061,64.81728460922913
squeezed_Đắk Lắk,2016-02-01,64.81728,54.68124833288876,66.364365,54.68124833288876,68.49827,54.68124833288876,61.349693,54.68124833288876,52.28061,54.68124833288876,84.82262,54.68124833288876
squeezed_Đắk Lắk,2016-03-01,66.364365,64.81728460922913,68.49827,64.81728460922913,61.349693,64.81728460922913,52.28061,64.81728460922913,84.82262,64.81728460922913,83.32889,64.81728460922913
squeezed_Đắk Lắk,2016-04-01,68.49827,66.36436383035476,61.349693,66.36436383035476,52.28061,66.36436383035476,84.82262,66.36436383035476,83.32889,66.36436383035476,88.71699,66.36436383035476
squeezed_Đắk Lắk,2016-05-01,61.349693,68.49826620432115,52.28061,68.49826620432115,84.82262,68.49826620432115,83.32889,68.49826620432115,88.71699,68.49826620432115,61.136303,68.49826620432115
squeezed_Đắk Lắk,2016-06-01,52.28061,61.34969325153374,84.82262,61.34969325153374,83.32889,61.34969325153374,88.71699,61.34969325153374,61.136303,61.34969325153374,7.3086157,61.34969325153374
squeezed_Đắk Lắk,2016-07-01,84.82262,52.28060816217658,83.32889,52.28060816217658,88.71699,52.28060816217658,61.136303,52.28060816217658,7.3086157,52.28060816217658,48.640762,52.28060816217658
squeezed_Đắk Lắk,2016-08-01,83.32889,84.82261936516404,88.71699,84.82261936516404,61.136303,84.82261936516404,7.3086157,84.82261936516404,48.640762,84.82261936516404,51.88348,84.82261936516404
squeezed_Đắk Lắk,2016-09-01,88.71699,83.32888770338757,61.136303,83.32888770338757,7.3086157,83.32888770338757,48.640762,83.32888770338757,51.88348,83.32888770338757,67.61066,83.32888770338757
squeezed_Đắk Lắk,2016-10-01,61.136303,88.7169911976527,7.3086157,88.7169911976527,48.640762,88.7169911976527,51.88348,88.7169911976527,67.61066,88.7169911976527,46.641087,88.7169911976527
squeezed_Đắk Lắk,2016-11-01,7.3086157,61.13630301413711,48.640762,61.13630301413711,51.88348,61.13630301413711,67.61066,61.13630301413711,46.641087,61.13630301413711,54.801926,61.13630301413711
squeezed_Đắk Lắk,2016-12-01,48.640762,7.308615630834889,51.88348,7.308615630834889,67.61066,7.308615630834889,46.641087,7.308615630834889,54.801926,7.308615630834889,63.935577,7.308615630834889
squeezed_Đắk Lắk,2017-01-01,51.88348,48.64076095768254,67.61066,48.64076095768254,46.641087,48.64076095768254,54.801926,48.64076095768254,63.935577,48.64076095768254,64.746254,48.64076095768254
squeezed_Đắk Lắk,2017-02-01,67.61066,51.88347835486138,46.641087,51.88347835486138,54.801926,51.88347835486138,63.935577,51.88347835486138,64.746254,51.88347835486138,80.3113,51.88347835486138
squeezed_Đắk Lắk,2017-03-01,46.641087,67.61065773117872,54.801926,67.61065773117872,63.935577,67.61065773117872,64.746254,67.61065773117872,80.3113,67.61065773117872,82.74334,67.61065773117872
squeezed_Đắk Lắk,2017-04-01,54.801926,46.64108522942226,63.935577,46.64108522942226,64.746254,46.64108522942226,80.3113,46.64108522942226,82.74334,46.64108522942226,83.06761,46.64108522942226
squeezed_Đắk Lắk,2017-05-01,63.935577,54.80192401232232,64.746254,54.80192401232232,80.3113,54.80192401232232,82.74334,54.80192401232232,83.06761,54.80192401232232,84.68897,54.80192401232232
squeezed_Đắk Lắk,2017-06-01,64.746254,63.93557801437605,80.3113,63.93557801437605,82.74334,63.93557801437605,83.06761,63.93557801437605,84.68897,63.93557801437605,62.260174,63.93557801437605
squeezed_Đắk Lắk,2017-07-01,80.3113,64.74625736367075,82.74334,64.74625736367075,83.06761,64.74625736367075,84.68897,64.74625736367075,62.260174,64.74625736367075,115.713135,64.74625736367075
squeezed_Đắk Lắk,2017-08-01,82.74334,80.31130087012916,83.06761,80.31130087012916,84.68897,80.31130087012916,62.260174,80.31130087012916,115.713135,80.31130087012916,160.24712,80.31130087012916
squeezed_Đắk Lắk,2017-09-01,83.06761,82.7433389180133,84.68897,82.7433389180133,62.260174,82.7433389180133,115.713135,82.7433389180133,160.24712,82.7433389180133,48.401825,82.7433389180133
squeezed_Đắk Lắk,2017-10-01,84.68897,83.06761065773118,62.260174,83.06761065773118,115.713135,83.06761065773118,160.24712,83.06761065773118,48.401825,83.06761065773118,48.939026,83.06761065773118
squeezed_Đắk Lắk,2017-11-01,62.260174,84.6889693563206,115.713135,84.6889693563206,160.24712,84.6889693563206,48.401825,84.6889693563206,48.939026,84.6889693563206,58.82353,84.6889693563206
squeezed_Đắk Lắk,2017-12-01,115.713135,62.26017402583365,160.24712,62.26017402583365,48.401825,62.26017402583365,48.939026,62.26017402583365,58.82353,62.26017402583365,62.906258,62.26017402583365
squeezed_Đắk Nông,2016-01-01,12.553683,8.259002312520648,11.067063,8.259002312520648,8.589362,8.259002312520648,11.727783,8.259002312520648,13.709944,8.259002312520648,18.830524,8.259002312520648
squeezed_Đắk Nông,2016-02-01,11.067063,12.55368351503139,8.589362,12.55368351503139,11.727783,12.55368351503139,13.709944,12.55368351503139,18.830524,12.55368351503139,18.995705,12.55368351503139
squeezed_Đắk Nông,2016-03-01,8.589362,11.06706309877767,11.727783,11.06706309877767,13.709944,11.06706309877767,18.830524,11.06706309877767,18.995705,11.06706309877767,15.031384,11.06706309877767
squeezed_Đắk Nông,2016-04-01,11.727783,8.589362405021474,13.709944,8.589362405021474,18.830524,8.589362405021474,18.995705,8.589362405021474,15.031384,8.589362405021474,14.040304,8.589362405021474
squeezed_Đắk Nông,2016-05-01,13.709944,11.72778328377932,18.830524,11.72778328377932,18.995705,11.72778328377932,15.031384,11.72778328377932,14.040304,11.72778328377932,15.196565,11.72778328377932
squeezed_Đắk Nông,2016-06-01,18.830524,13.70994383878427,18.995705,13.70994383878427,15.031384,13.70994383878427,14.040304,13.70994383878427,15.196565,13.70994383878427,1.1562604,13.70994383878427
squeezed_Đắk Nông,2016-07-01,18.995705,18.83052527254708,15.031384,18.83052527254708,14.040304,18.83052527254708,15.196565,18.83052527254708,1.1562604,18.83052527254708,3.8022814,18.83052527254708
squeezed_Đắk Nông,2016-08-01,15.031384,18.99570531879749,14.040304,18.99570531879749,15.196565,18.99570531879749,1.1562604,18.99570531879749,3.8022814,18.99570531879749,10.0843115,18.99570531879749
squeezed_Đắk Nông,2016-09-01,14.040304,15.03138420878758,15.196565,15.03138420878758,1.1562604,15.03138420878758,3.8022814,15.03138420878758,10.0843115,15.03138420878758,9.588362,15.03138420878758
squeezed_Đắk Nông,2016-10-01,15.196565,14.0403039312851,1.1562604,14.0403039312851,3.8022814,14.0403039312851,10.0843115,14.0403039312851,9.588362,14.0403039312851,6.1167135,14.0403039312851
squeezed_Đắk Nông,2016-11-01,1.1562604,15.19656425503799,3.8022814,15.19656425503799,10.0843115,15.19656425503799,9.588362,15.19656425503799,6.1167135,15.19656425503799,7.439246,15.19656425503799
squeezed_Đắk Nông,2016-12-01,3.8022814,1.156260323752891,10.0843115,1.156260323752891,9.588362,1.156260323752891,6.1167135,1.156260323752891,7.439246,1.156260323752891,11.572161,1.156260323752891
squeezed_Đắk Nông,2017-01-01,10.0843115,3.802281368821293,9.588362,3.802281368821293,6.1167135,3.802281368821293,7.439246,3.802281368821293,11.572161,3.802281368821293,8.265829,3.802281368821293
squeezed_Đắk Nông,2017-02-01,9.588362,10.08431145643908,6.1167135,10.08431145643908,7.439246,10.08431145643908,11.572161,10.08431145643908,8.265829,10.08431145643908,9.092412,10.08431145643908
squeezed_Đắk Nông,2017-03-01,6.1167135,9.588361712679783,7.439246,9.588361712679783,11.572161,9.588361712679783,8.265829,9.588361712679783,9.092412,9.588361712679783,7.935196,9.588361712679783
squeezed_Đắk Nông,2017-04-01,7.439246,6.116713506364689,11.572161,6.116713506364689,8.265829,6.116713506364689,9.092412,6.116713506364689,7.935196,6.116713506364689,5.7860804,6.116713506364689
squeezed_Đắk Nông,2017-05-01,11.572161,7.439246156389487,8.265829,7.439246156389487,9.092412,7.439246156389487,7.935196,7.439246156389487,5.7860804,7.439246156389487,6.77798,7.439246156389487
squeezed_Đắk Nông,2017-06-01,8.265829,11.57216068771698,9.092412,11.57216068771698,7.935196,11.57216068771698,5.7860804,11.57216068771698,6.77798,11.57216068771698,4.1329145,11.57216068771698
squeezed_Đắk Nông,2017-07-01,9.092412,8.265829062654985,7.935196,8.265829062654985,5.7860804,8.265829062654985,6.77798,8.265829062654985,4.1329145,8.265829062654985,5.524862,8.265829062654985
squeezed_Đắk Nông,2017-08-01,7.935196,9.092411968920484,5.7860804,9.092411968920484,6.77798,9.092411968920484,4.1329145,9.092411968920484,5.524862,9.092411968920484,5.19987,9.092411968920484
squeezed_Đắk Nông,2017-09-01,5.7860804,7.935195900148785,6.77798,7.935195900148785,4.1329145,7.935195900148785,5.524862,7.935195900148785,5.19987,7.935195900148785,6.987325,7.935195900148785
squeezed_Đắk Nông,2017-10-01,6.77798,5.786080343858489,4.1329145,5.786080343858489,5.524862,5.786080343858489,5.19987,5.786080343858489,6.987325,5.786080343858489,5.3623657,5.786080343858489
squeezed_Đắk Nông,2017-11-01,4.1329145,6.777979831377087,5.524862,6.777979831377087,5.19987,6.777979831377087,6.987325,6.777979831377087,5.3623657,6.777979831377087,5.687358,6.777979831377087
squeezed_Đắk Nông,2017-12-01,5.524862,4.132914531327493,5.19987,4.132914531327493,6.987325,4.132914531327493,5.3623657,4.132914531327493,5.687358,4.132914531327493,6.8248296,4.132914531327493
squeezed_Đồng Tháp,2016-01-01,143.30588,163.1008119480827,182.12529,163.1008119480827,199.8459,163.1008119480827,198.77911,163.1008119480827,172.05002,163.1008119480827,204.64647,163.1008119480827
squeezed_Đồng Tháp,2016-02-01,182.12529,143.3058732886861,199.8459,143.3058732886861,198.77911,143.3058732886861,172.05002,143.3058732886861,204.64647,143.3058732886861,165.0566,143.3058732886861
squeezed_Đồng Tháp,2016-03-01,199.8459,182.1252889231316,198.77911,182.1252889231316,172.05002,182.1252889231316,204.64647,182.1252889231316,165.0566,182.1252889231316,159.12997,182.1252889231316
squeezed_Đồng Tháp,2016-04-01,198.77911,199.8459076631304,172.05002,199.8459076631304,204.64647,199.8459076631304,165.0566,199.8459076631304,159.12997,199.8459076631304,213.24008,199.8459076631304
squeezed_Đồng Tháp,2016-05-01,172.05002,198.7791145617258,204.64647,198.7791145617258,165.0566,198.7791145617258,159.12997,198.7791145617258,213.24008,198.7791145617258,191.19302,198.7791145617258
squeezed_Đồng Tháp,2016-06-01,204.64647,172.0500207431992,165.0566,172.0500207431992,159.12997,172.0500207431992,213.24008,172.0500207431992,191.19302,172.0500207431992,55.769573,172.0500207431992
squeezed_Đồng Tháp,2016-07-01,165.0566,204.6464766194512,159.12997,204.6464766194512,213.24008,204.6464766194512,191.19302,204.6464766194512,55.769573,204.6464766194512,118.387596,204.6464766194512
squeezed_Đồng Tháp,2016-08-01,159.12997,165.0565993006579,213.24008,165.0565993006579,191.19302,165.0565993006579,55.769573,165.0565993006579,118.387596,165.0565993006579,172.46512,165.0565993006579
squeezed_Đồng Tháp,2016-09-01,213.24008,159.1299709595211,191.19302,159.1299709595211,55.769573,159.1299709595211,118.387596,159.1299709595211,172.46512,159.1299709595211,149.95349,159.1299709595211
squeezed_Đồng Tháp,2016-10-01,191.19302,213.2400877140994,55.769573,213.2400877140994,118.387596,213.2400877140994,172.46512,213.2400877140994,149.95349,213.2400877140994,147.65892,213.2400877140994
squeezed_Đồng Tháp,2016-11-01,55.769573,191.1930302850708,118.387596,191.1930302850708,172.46512,191.1930302850708,149.95349,191.1930302850708,147.65892,191.1930302850708,155.41086,191.1930302850708
squeezed_Đồng Tháp,2016-12-01,118.387596,55.7695726900966,172.46512,55.7695726900966,149.95349,55.7695726900966,147.65892,55.7695726900966,155.41086,55.7695726900966,300.46512,55.7695726900966
squeezed_Đồng Tháp,2017-01-01,172.46512,118.3875968992248,149.95349,118.3875968992248,147.65892,118.3875968992248,155.41086,118.3875968992248,300.46512,118.3875968992248,215.56589,118.3875968992248
squeezed_Đồng Tháp,2017-02-01,149.95349,172.4651162790698,147.65892,172.4651162790698,155.41086,172.4651162790698,300.46512,172.4651162790698,215.56589,172.4651162790698,174.69768,172.4651162790698
squeezed_Đồng Tháp,2017-03-01,147.65892,149.953488372093,155.41086,149.953488372093,300.46512,149.953488372093,215.56589,149.953488372093,174.69768,149.953488372093,228.71318,149.953488372093
squeezed_Đồng Tháp,2017-04-01,155.41086,147.6589147286822,300.46512,147.6589147286822,215.56589,147.6589147286822,174.69768,147.6589147286822,228.71318,147.6589147286822,240.93024,147.6589147286822
squeezed_Đồng Tháp,2017-05-01,300.46512,155.4108527131783,215.56589,155.4108527131783,174.69768,155.4108527131783,228.71318,155.4108527131783,240.93024,155.4108527131783,171.28682,155.4108527131783
squeezed_Đồng Tháp,2017-06-01,215.56589,300.4651162790698,174.69768,300.4651162790698,228.71318,300.4651162790698,240.93024,300.4651162790698,171.28682,300.4651162790698,171.969,300.4651162790698
squeezed_Đồng Tháp,2017-07-01,174.69768,215.5658914728682,228.71318,215.5658914728682,240.93024,215.5658914728682,171.28682,215.5658914728682,171.969,215.5658914728682,168.23361,215.5658914728682
squeezed_Đồng Tháp,2017-08-01,228.71318,174.6976744186046,240.93024,174.6976744186046,171.28682,174.6976744186046,171.969,174.6976744186046,168.23361,174.6976744186046,157.83575,174.6976744186046
squeezed_Đồng Tháp,2017-09-01,240.93024,228.7131782945736,171.28682,228.7131782945736,171.969,228.7131782945736,168.23361,228.7131782945736,157.83575,228.7131782945736,225.63976,228.7131782945736
squeezed_Đồng Tháp,2017-10-01,171.28682,240.9302325581396,171.969,240.9302325581396,168.23361,240.9302325581396,157.83575,240.9302325581396,225.63976,240.9302325581396,161.82056,240.9302325581396
squeezed_Đồng Tháp,2017-11-01,171.969,171.2868217054263,168.23361,171.2868217054263,157.83575,171.2868217054263,225.63976,171.2868217054263,161.82056,171.2868217054263,177.32396,171.2868217054263
squeezed_Đồng Tháp,2017-12-01,168.23361,171.968992248062,157.83575,171.968992248062,225.63976,171.968992248062,161.82056,171.968992248062,177.32396,171.968992248062,145.32097,171.968992248062
